<?xml version="1.0" encoding="UTF-8"?>
<gpx creator="StravaGPX" version="1.1" xmlns="http://www.topografix.com/GPX/1/1" xmlns:xsi="http://www.w3.org/2001/XMLSchema-instance" xsi:schemaLocation="http://www.topografix.com/GPX/1/1 http://www.topografix.com/GPX/1/1/gpx.xsd">
 <metadata>
  <time>2021-10-02T08:22:37Z</time>
 </metadata>
 <trk>
  <name>Mt. Kusatsu Shirane</name>
  <type>hiking</type>
  <trkseg>
   <trkpt lat="36.6480890" lon="138.5256850">
    <ele>2068.6</ele>
    <time>2021-10-02T08:22:37Z</time>
   </trkpt>
   <trkpt lat="36.6480690" lon="138.5257010">
    <ele>2069.0</ele>
    <time>2021-10-02T08:22:38Z</time>
   </trkpt>
   <trkpt lat="36.6480640" lon="138.5257130">
    <ele>2069.1</ele>
    <time>2021-10-02T08:22:39Z</time>
   </trkpt>
   <trkpt lat="36.6480420" lon="138.5257520">
    <ele>2069.8</ele>
    <time>2021-10-02T08:22:40Z</time>
   </trkpt>
   <trkpt lat="36.6480310" lon="138.5257710">
    <ele>2070.1</ele>
    <time>2021-10-02T08:22:41Z</time>
   </trkpt>
   <trkpt lat="36.6480160" lon="138.5257900">
    <ele>2070.4</ele>
    <time>2021-10-02T08:22:42Z</time>
   </trkpt>
   <trkpt lat="36.6479950" lon="138.5258160">
    <ele>2070.9</ele>
    <time>2021-10-02T08:22:43Z</time>
   </trkpt>
   <trkpt lat="36.6479690" lon="138.5258510">
    <ele>2071.5</ele>
    <time>2021-10-02T08:22:44Z</time>
   </trkpt>
   <trkpt lat="36.6479460" lon="138.5258840">
    <ele>2072.0</ele>
    <time>2021-10-02T08:22:45Z</time>
   </trkpt>
   <trkpt lat="36.6479250" lon="138.5259160">
    <ele>2072.6</ele>
    <time>2021-10-02T08:22:46Z</time>
   </trkpt>
   <trkpt lat="36.6479070" lon="138.5259420">
    <ele>2073.0</ele>
    <time>2021-10-02T08:22:47Z</time>
   </trkpt>
   <trkpt lat="36.6478870" lon="138.5259710">
    <ele>2073.5</ele>
    <time>2021-10-02T08:22:48Z</time>
   </trkpt>
   <trkpt lat="36.6478790" lon="138.5259790">
    <ele>2073.7</ele>
    <time>2021-10-02T08:22:49Z</time>
   </trkpt>
   <trkpt lat="36.6478740" lon="138.5259820">
    <ele>2073.8</ele>
    <time>2021-10-02T08:22:50Z</time>
   </trkpt>
   <trkpt lat="36.6478640" lon="138.5259940">
    <ele>2074.0</ele>
    <time>2021-10-02T08:22:51Z</time>
   </trkpt>
   <trkpt lat="36.6478530" lon="138.5260070">
    <ele>2074.2</ele>
    <time>2021-10-02T08:22:52Z</time>
   </trkpt>
   <trkpt lat="36.6478440" lon="138.5260190">
    <ele>2074.4</ele>
    <time>2021-10-02T08:22:53Z</time>
   </trkpt>
   <trkpt lat="36.6478370" lon="138.5260300">
    <ele>2074.6</ele>
    <time>2021-10-02T08:22:54Z</time>
   </trkpt>
   <trkpt lat="36.6478310" lon="138.5260430">
    <ele>2074.8</ele>
    <time>2021-10-02T08:22:55Z</time>
   </trkpt>
   <trkpt lat="36.6478240" lon="138.5260560">
    <ele>2075.0</ele>
    <time>2021-10-02T08:22:56Z</time>
   </trkpt>
   <trkpt lat="36.6478140" lon="138.5260760">
    <ele>2075.3</ele>
    <time>2021-10-02T08:22:57Z</time>
   </trkpt>
   <trkpt lat="36.6478090" lon="138.5260850">
    <ele>2075.5</ele>
    <time>2021-10-02T08:22:58Z</time>
   </trkpt>
   <trkpt lat="36.6478040" lon="138.5260940">
    <ele>2075.6</ele>
    <time>2021-10-02T08:22:59Z</time>
   </trkpt>
   <trkpt lat="36.6477960" lon="138.5261100">
    <ele>2075.8</ele>
    <time>2021-10-02T08:23:00Z</time>
   </trkpt>
   <trkpt lat="36.6477890" lon="138.5261250">
    <ele>2076.1</ele>
    <time>2021-10-02T08:23:01Z</time>
   </trkpt>
   <trkpt lat="36.6477840" lon="138.5261340">
    <ele>2076.2</ele>
    <time>2021-10-02T08:23:02Z</time>
   </trkpt>
   <trkpt lat="36.6477800" lon="138.5261460">
    <ele>2076.4</ele>
    <time>2021-10-02T08:23:03Z</time>
   </trkpt>
   <trkpt lat="36.6477740" lon="138.5261590">
    <ele>2076.6</ele>
    <time>2021-10-02T08:23:04Z</time>
   </trkpt>
   <trkpt lat="36.6477670" lon="138.5261720">
    <ele>2076.8</ele>
    <time>2021-10-02T08:23:05Z</time>
   </trkpt>
   <trkpt lat="36.6477610" lon="138.5261820">
    <ele>2076.9</ele>
    <time>2021-10-02T08:23:06Z</time>
   </trkpt>
   <trkpt lat="36.6477520" lon="138.5261950">
    <ele>2077.2</ele>
    <time>2021-10-02T08:23:07Z</time>
   </trkpt>
   <trkpt lat="36.6477340" lon="138.5262470">
    <ele>2077.9</ele>
    <time>2021-10-02T08:23:08Z</time>
   </trkpt>
   <trkpt lat="36.6477250" lon="138.5262680">
    <ele>2078.2</ele>
    <time>2021-10-02T08:23:09Z</time>
   </trkpt>
   <trkpt lat="36.6477210" lon="138.5262770">
    <ele>2078.3</ele>
    <time>2021-10-02T08:23:10Z</time>
   </trkpt>
   <trkpt lat="36.6477170" lon="138.5262870">
    <ele>2078.5</ele>
    <time>2021-10-02T08:23:11Z</time>
   </trkpt>
   <trkpt lat="36.6477100" lon="138.5263040">
    <ele>2078.7</ele>
    <time>2021-10-02T08:23:12Z</time>
   </trkpt>
   <trkpt lat="36.6477030" lon="138.5263200">
    <ele>2078.9</ele>
    <time>2021-10-02T08:23:13Z</time>
   </trkpt>
   <trkpt lat="36.6476930" lon="138.5263330">
    <ele>2079.2</ele>
    <time>2021-10-02T08:23:14Z</time>
   </trkpt>
   <trkpt lat="36.6476840" lon="138.5263460">
    <ele>2079.4</ele>
    <time>2021-10-02T08:23:15Z</time>
   </trkpt>
   <trkpt lat="36.6476750" lon="138.5263590">
    <ele>2079.6</ele>
    <time>2021-10-02T08:23:16Z</time>
   </trkpt>
   <trkpt lat="36.6476640" lon="138.5263710">
    <ele>2079.9</ele>
    <time>2021-10-02T08:23:17Z</time>
   </trkpt>
   <trkpt lat="36.6476570" lon="138.5263820">
    <ele>2080.0</ele>
    <time>2021-10-02T08:23:18Z</time>
   </trkpt>
   <trkpt lat="36.6476470" lon="138.5263910">
    <ele>2080.2</ele>
    <time>2021-10-02T08:23:19Z</time>
   </trkpt>
   <trkpt lat="36.6476340" lon="138.5263930">
    <ele>2080.4</ele>
    <time>2021-10-02T08:23:20Z</time>
   </trkpt>
   <trkpt lat="36.6476250" lon="138.5263990">
    <ele>2080.6</ele>
    <time>2021-10-02T08:23:21Z</time>
   </trkpt>
   <trkpt lat="36.6476160" lon="138.5264050">
    <ele>2080.8</ele>
    <time>2021-10-02T08:23:22Z</time>
   </trkpt>
   <trkpt lat="36.6476040" lon="138.5264120">
    <ele>2081.0</ele>
    <time>2021-10-02T08:23:23Z</time>
   </trkpt>
   <trkpt lat="36.6475930" lon="138.5264220">
    <ele>2081.2</ele>
    <time>2021-10-02T08:23:24Z</time>
   </trkpt>
   <trkpt lat="36.6475840" lon="138.5264290">
    <ele>2081.4</ele>
    <time>2021-10-02T08:23:25Z</time>
   </trkpt>
   <trkpt lat="36.6475730" lon="138.5264340">
    <ele>2081.6</ele>
    <time>2021-10-02T08:23:26Z</time>
   </trkpt>
   <trkpt lat="36.6475560" lon="138.5264450">
    <ele>2081.9</ele>
    <time>2021-10-02T08:23:27Z</time>
   </trkpt>
   <trkpt lat="36.6475520" lon="138.5264500">
    <ele>2082.0</ele>
    <time>2021-10-02T08:23:28Z</time>
   </trkpt>
   <trkpt lat="36.6475470" lon="138.5264550">
    <ele>2082.1</ele>
    <time>2021-10-02T08:23:29Z</time>
   </trkpt>
   <trkpt lat="36.6475430" lon="138.5264600">
    <ele>2082.1</ele>
    <time>2021-10-02T08:23:30Z</time>
   </trkpt>
   <trkpt lat="36.6475280" lon="138.5264740">
    <ele>2082.4</ele>
    <time>2021-10-02T08:23:31Z</time>
   </trkpt>
   <trkpt lat="36.6475200" lon="138.5264860">
    <ele>2082.6</ele>
    <time>2021-10-02T08:23:32Z</time>
   </trkpt>
   <trkpt lat="36.6475030" lon="138.5265010">
    <ele>2083.0</ele>
    <time>2021-10-02T08:23:33Z</time>
   </trkpt>
   <trkpt lat="36.6474940" lon="138.5265060">
    <ele>2083.1</ele>
    <time>2021-10-02T08:23:34Z</time>
   </trkpt>
   <trkpt lat="36.6474860" lon="138.5265100">
    <ele>2083.3</ele>
    <time>2021-10-02T08:23:35Z</time>
   </trkpt>
   <trkpt lat="36.6474760" lon="138.5265190">
    <ele>2083.5</ele>
    <time>2021-10-02T08:23:36Z</time>
   </trkpt>
   <trkpt lat="36.6474660" lon="138.5265270">
    <ele>2083.7</ele>
    <time>2021-10-02T08:23:37Z</time>
   </trkpt>
   <trkpt lat="36.6474570" lon="138.5265340">
    <ele>2083.8</ele>
    <time>2021-10-02T08:23:38Z</time>
   </trkpt>
   <trkpt lat="36.6474390" lon="138.5265460">
    <ele>2084.2</ele>
    <time>2021-10-02T08:23:39Z</time>
   </trkpt>
   <trkpt lat="36.6474330" lon="138.5265520">
    <ele>2084.3</ele>
    <time>2021-10-02T08:23:40Z</time>
   </trkpt>
   <trkpt lat="36.6474270" lon="138.5265580">
    <ele>2084.4</ele>
    <time>2021-10-02T08:23:41Z</time>
   </trkpt>
   <trkpt lat="36.6474160" lon="138.5265640">
    <ele>2084.6</ele>
    <time>2021-10-02T08:23:42Z</time>
   </trkpt>
   <trkpt lat="36.6474060" lon="138.5265710">
    <ele>2084.8</ele>
    <time>2021-10-02T08:23:43Z</time>
   </trkpt>
   <trkpt lat="36.6473970" lon="138.5265770">
    <ele>2085.0</ele>
    <time>2021-10-02T08:23:44Z</time>
   </trkpt>
   <trkpt lat="36.6473880" lon="138.5265860">
    <ele>2085.1</ele>
    <time>2021-10-02T08:23:45Z</time>
   </trkpt>
   <trkpt lat="36.6473810" lon="138.5265920">
    <ele>2085.3</ele>
    <time>2021-10-02T08:23:46Z</time>
   </trkpt>
   <trkpt lat="36.6473670" lon="138.5265980">
    <ele>2085.5</ele>
    <time>2021-10-02T08:23:47Z</time>
   </trkpt>
   <trkpt lat="36.6473600" lon="138.5266100">
    <ele>2085.7</ele>
    <time>2021-10-02T08:23:48Z</time>
   </trkpt>
   <trkpt lat="36.6473540" lon="138.5266160">
    <ele>2085.8</ele>
    <time>2021-10-02T08:23:49Z</time>
   </trkpt>
   <trkpt lat="36.6473470" lon="138.5266260">
    <ele>2086.0</ele>
    <time>2021-10-02T08:23:50Z</time>
   </trkpt>
   <trkpt lat="36.6473420" lon="138.5266400">
    <ele>2086.2</ele>
    <time>2021-10-02T08:23:51Z</time>
   </trkpt>
   <trkpt lat="36.6473400" lon="138.5266570">
    <ele>2086.4</ele>
    <time>2021-10-02T08:23:52Z</time>
   </trkpt>
   <trkpt lat="36.6473370" lon="138.5266660">
    <ele>2086.5</ele>
    <time>2021-10-02T08:23:53Z</time>
   </trkpt>
   <trkpt lat="36.6473250" lon="138.5266760">
    <ele>2086.8</ele>
    <time>2021-10-02T08:23:54Z</time>
   </trkpt>
   <trkpt lat="36.6473210" lon="138.5266810">
    <ele>2086.9</ele>
    <time>2021-10-02T08:23:55Z</time>
   </trkpt>
   <trkpt lat="36.6473160" lon="138.5266870">
    <ele>2087.0</ele>
    <time>2021-10-02T08:23:56Z</time>
   </trkpt>
   <trkpt lat="36.6473120" lon="138.5266920">
    <ele>2087.1</ele>
    <time>2021-10-02T08:23:57Z</time>
   </trkpt>
   <trkpt lat="36.6473080" lon="138.5266970">
    <ele>2087.2</ele>
    <time>2021-10-02T08:23:58Z</time>
   </trkpt>
   <trkpt lat="36.6473030" lon="138.5267030">
    <ele>2087.3</ele>
    <time>2021-10-02T08:23:59Z</time>
   </trkpt>
   <trkpt lat="36.6473010" lon="138.5267030">
    <ele>2087.3</ele>
    <time>2021-10-02T08:24:00Z</time>
   </trkpt>
   <trkpt lat="36.6472930" lon="138.5267150">
    <ele>2087.5</ele>
    <time>2021-10-02T08:24:01Z</time>
   </trkpt>
   <trkpt lat="36.6472910" lon="138.5267140">
    <ele>2087.5</ele>
    <time>2021-10-02T08:24:02Z</time>
   </trkpt>
   <trkpt lat="36.6472800" lon="138.5267220">
    <ele>2087.7</ele>
    <time>2021-10-02T08:24:03Z</time>
   </trkpt>
   <trkpt lat="36.6472790" lon="138.5267290">
    <ele>2087.8</ele>
    <time>2021-10-02T08:24:04Z</time>
   </trkpt>
   <trkpt lat="36.6472720" lon="138.5267300">
    <ele>2087.9</ele>
    <time>2021-10-02T08:24:05Z</time>
   </trkpt>
   <trkpt lat="36.6472660" lon="138.5267350">
    <ele>2088.1</ele>
    <time>2021-10-02T08:24:06Z</time>
   </trkpt>
   <trkpt lat="36.6472550" lon="138.5267360">
    <ele>2088.2</ele>
    <time>2021-10-02T08:24:07Z</time>
   </trkpt>
   <trkpt lat="36.6472420" lon="138.5267430">
    <ele>2088.5</ele>
    <time>2021-10-02T08:24:08Z</time>
   </trkpt>
   <trkpt lat="36.6472310" lon="138.5267530">
    <ele>2088.7</ele>
    <time>2021-10-02T08:24:09Z</time>
   </trkpt>
   <trkpt lat="36.6472100" lon="138.5267530">
    <ele>2089.0</ele>
    <time>2021-10-02T08:24:10Z</time>
   </trkpt>
   <trkpt lat="36.6472020" lon="138.5267480">
    <ele>2089.2</ele>
    <time>2021-10-02T08:24:11Z</time>
   </trkpt>
   <trkpt lat="36.6471930" lon="138.5267440">
    <ele>2089.3</ele>
    <time>2021-10-02T08:24:12Z</time>
   </trkpt>
   <trkpt lat="36.6471710" lon="138.5267400">
    <ele>2089.7</ele>
    <time>2021-10-02T08:24:13Z</time>
   </trkpt>
   <trkpt lat="36.6471620" lon="138.5267380">
    <ele>2089.7</ele>
    <time>2021-10-02T08:24:14Z</time>
   </trkpt>
   <trkpt lat="36.6471540" lon="138.5267350">
    <ele>2089.7</ele>
    <time>2021-10-02T08:24:15Z</time>
   </trkpt>
   <trkpt lat="36.6471450" lon="138.5267290">
    <ele>2089.7</ele>
    <time>2021-10-02T08:24:16Z</time>
   </trkpt>
   <trkpt lat="36.6471370" lon="138.5267320">
    <ele>2090.1</ele>
    <time>2021-10-02T08:24:17Z</time>
   </trkpt>
   <trkpt lat="36.6471320" lon="138.5267390">
    <ele>2090.1</ele>
    <time>2021-10-02T08:24:18Z</time>
   </trkpt>
   <trkpt lat="36.6471200" lon="138.5267450">
    <ele>2090.7</ele>
    <time>2021-10-02T08:24:19Z</time>
   </trkpt>
   <trkpt lat="36.6471040" lon="138.5267590">
    <ele>2091.3</ele>
    <time>2021-10-02T08:24:20Z</time>
   </trkpt>
   <trkpt lat="36.6470960" lon="138.5267700">
    <ele>2091.3</ele>
    <time>2021-10-02T08:24:21Z</time>
   </trkpt>
   <trkpt lat="36.6470880" lon="138.5267800">
    <ele>2091.3</ele>
    <time>2021-10-02T08:24:22Z</time>
   </trkpt>
   <trkpt lat="36.6470790" lon="138.5268060">
    <ele>2091.9</ele>
    <time>2021-10-02T08:24:23Z</time>
   </trkpt>
   <trkpt lat="36.6470750" lon="138.5268130">
    <ele>2091.9</ele>
    <time>2021-10-02T08:24:24Z</time>
   </trkpt>
   <trkpt lat="36.6470700" lon="138.5268210">
    <ele>2092.8</ele>
    <time>2021-10-02T08:24:25Z</time>
   </trkpt>
   <trkpt lat="36.6470540" lon="138.5268370">
    <ele>2093.7</ele>
    <time>2021-10-02T08:24:26Z</time>
   </trkpt>
   <trkpt lat="36.6470490" lon="138.5268450">
    <ele>2093.7</ele>
    <time>2021-10-02T08:24:27Z</time>
   </trkpt>
   <trkpt lat="36.6470430" lon="138.5268520">
    <ele>2093.7</ele>
    <time>2021-10-02T08:24:28Z</time>
   </trkpt>
   <trkpt lat="36.6470340" lon="138.5268760">
    <ele>2095.8</ele>
    <time>2021-10-02T08:24:29Z</time>
   </trkpt>
   <trkpt lat="36.6470290" lon="138.5268840">
    <ele>2095.8</ele>
    <time>2021-10-02T08:24:30Z</time>
   </trkpt>
   <trkpt lat="36.6470250" lon="138.5268930">
    <ele>2095.8</ele>
    <time>2021-10-02T08:24:31Z</time>
   </trkpt>
   <trkpt lat="36.6470130" lon="138.5269020">
    <ele>2095.8</ele>
    <time>2021-10-02T08:24:32Z</time>
   </trkpt>
   <trkpt lat="36.6470020" lon="138.5269040">
    <ele>2096.8</ele>
    <time>2021-10-02T08:24:33Z</time>
   </trkpt>
   <trkpt lat="36.6469910" lon="138.5269050">
    <ele>2096.8</ele>
    <time>2021-10-02T08:24:34Z</time>
   </trkpt>
   <trkpt lat="36.6469840" lon="138.5269070">
    <ele>2096.8</ele>
    <time>2021-10-02T08:24:35Z</time>
   </trkpt>
   <trkpt lat="36.6469850" lon="138.5269080">
    <ele>2096.8</ele>
    <time>2021-10-02T08:24:36Z</time>
   </trkpt>
   <trkpt lat="36.6469780" lon="138.5269190">
    <ele>2097.9</ele>
    <time>2021-10-02T08:24:37Z</time>
   </trkpt>
   <trkpt lat="36.6469700" lon="138.5269300">
    <ele>2098.7</ele>
    <time>2021-10-02T08:24:38Z</time>
   </trkpt>
   <trkpt lat="36.6469620" lon="138.5269420">
    <ele>2098.7</ele>
    <time>2021-10-02T08:24:39Z</time>
   </trkpt>
   <trkpt lat="36.6469580" lon="138.5269520">
    <ele>2098.7</ele>
    <time>2021-10-02T08:24:40Z</time>
   </trkpt>
   <trkpt lat="36.6469530" lon="138.5269610">
    <ele>2099.8</ele>
    <time>2021-10-02T08:24:41Z</time>
   </trkpt>
   <trkpt lat="36.6469490" lon="138.5269690">
    <ele>2099.8</ele>
    <time>2021-10-02T08:24:42Z</time>
   </trkpt>
   <trkpt lat="36.6469410" lon="138.5269790">
    <ele>2099.8</ele>
    <time>2021-10-02T08:24:43Z</time>
   </trkpt>
   <trkpt lat="36.6469320" lon="138.5269870">
    <ele>2100.4</ele>
    <time>2021-10-02T08:24:44Z</time>
   </trkpt>
   <trkpt lat="36.6469280" lon="138.5269920">
    <ele>2100.4</ele>
    <time>2021-10-02T08:24:45Z</time>
   </trkpt>
   <trkpt lat="36.6469190" lon="138.5269960">
    <ele>2100.4</ele>
    <time>2021-10-02T08:24:47Z</time>
   </trkpt>
   <trkpt lat="36.6469130" lon="138.5270050">
    <ele>2101.4</ele>
    <time>2021-10-02T08:24:48Z</time>
   </trkpt>
   <trkpt lat="36.6469120" lon="138.5270190">
    <ele>2101.4</ele>
    <time>2021-10-02T08:24:49Z</time>
   </trkpt>
   <trkpt lat="36.6469160" lon="138.5270310">
    <ele>2101.4</ele>
    <time>2021-10-02T08:24:50Z</time>
   </trkpt>
   <trkpt lat="36.6469160" lon="138.5270470">
    <ele>2102.2</ele>
    <time>2021-10-02T08:24:51Z</time>
   </trkpt>
   <trkpt lat="36.6469110" lon="138.5270560">
    <ele>2102.2</ele>
    <time>2021-10-02T08:24:52Z</time>
   </trkpt>
   <trkpt lat="36.6469060" lon="138.5270630">
    <ele>2102.2</ele>
    <time>2021-10-02T08:24:53Z</time>
   </trkpt>
   <trkpt lat="36.6469010" lon="138.5270700">
    <ele>2102.8</ele>
    <time>2021-10-02T08:24:54Z</time>
   </trkpt>
   <trkpt lat="36.6468920" lon="138.5270760">
    <ele>2102.8</ele>
    <time>2021-10-02T08:24:55Z</time>
   </trkpt>
   <trkpt lat="36.6468870" lon="138.5270740">
    <ele>2102.8</ele>
    <time>2021-10-02T08:24:56Z</time>
   </trkpt>
   <trkpt lat="36.6468730" lon="138.5270750">
    <ele>2102.8</ele>
    <time>2021-10-02T08:24:57Z</time>
   </trkpt>
   <trkpt lat="36.6468670" lon="138.5270760">
    <ele>2103.4</ele>
    <time>2021-10-02T08:24:58Z</time>
   </trkpt>
   <trkpt lat="36.6468510" lon="138.5270800">
    <ele>2103.4</ele>
    <time>2021-10-02T08:24:59Z</time>
   </trkpt>
   <trkpt lat="36.6468390" lon="138.5270880">
    <ele>2104.4</ele>
    <time>2021-10-02T08:25:00Z</time>
   </trkpt>
   <trkpt lat="36.6468290" lon="138.5271000">
    <ele>2105.1</ele>
    <time>2021-10-02T08:25:01Z</time>
   </trkpt>
   <trkpt lat="36.6468130" lon="138.5271180">
    <ele>2105.1</ele>
    <time>2021-10-02T08:25:02Z</time>
   </trkpt>
   <trkpt lat="36.6468080" lon="138.5271250">
    <ele>2105.1</ele>
    <time>2021-10-02T08:25:03Z</time>
   </trkpt>
   <trkpt lat="36.6468020" lon="138.5271320">
    <ele>2106.3</ele>
    <time>2021-10-02T08:25:04Z</time>
   </trkpt>
   <trkpt lat="36.6467950" lon="138.5271440">
    <ele>2107.1</ele>
    <time>2021-10-02T08:25:05Z</time>
   </trkpt>
   <trkpt lat="36.6467920" lon="138.5271600">
    <ele>2107.1</ele>
    <time>2021-10-02T08:25:06Z</time>
   </trkpt>
   <trkpt lat="36.6467830" lon="138.5271690">
    <ele>2107.1</ele>
    <time>2021-10-02T08:25:07Z</time>
   </trkpt>
   <trkpt lat="36.6467740" lon="138.5271790">
    <ele>2108.6</ele>
    <time>2021-10-02T08:25:08Z</time>
   </trkpt>
   <trkpt lat="36.6467640" lon="138.5271810">
    <ele>2109.6</ele>
    <time>2021-10-02T08:25:09Z</time>
   </trkpt>
   <trkpt lat="36.6467540" lon="138.5271830">
    <ele>2109.6</ele>
    <time>2021-10-02T08:25:10Z</time>
   </trkpt>
   <trkpt lat="36.6467450" lon="138.5271860">
    <ele>2109.6</ele>
    <time>2021-10-02T08:25:11Z</time>
   </trkpt>
   <trkpt lat="36.6467420" lon="138.5271910">
    <ele>2109.6</ele>
    <time>2021-10-02T08:25:12Z</time>
   </trkpt>
   <trkpt lat="36.6467410" lon="138.5272000">
    <ele>2109.6</ele>
    <time>2021-10-02T08:25:13Z</time>
   </trkpt>
   <trkpt lat="36.6467380" lon="138.5272070">
    <ele>2109.6</ele>
    <time>2021-10-02T08:25:14Z</time>
   </trkpt>
   <trkpt lat="36.6467300" lon="138.5272150">
    <ele>2111.3</ele>
    <time>2021-10-02T08:25:15Z</time>
   </trkpt>
   <trkpt lat="36.6467260" lon="138.5272190">
    <ele>2112.2</ele>
    <time>2021-10-02T08:25:16Z</time>
   </trkpt>
   <trkpt lat="36.6467110" lon="138.5272450">
    <ele>2112.2</ele>
    <time>2021-10-02T08:25:17Z</time>
   </trkpt>
   <trkpt lat="36.6467070" lon="138.5272530">
    <ele>2112.2</ele>
    <time>2021-10-02T08:25:18Z</time>
   </trkpt>
   <trkpt lat="36.6467030" lon="138.5272600">
    <ele>2114.1</ele>
    <time>2021-10-02T08:25:19Z</time>
   </trkpt>
   <trkpt lat="36.6466990" lon="138.5272690">
    <ele>2114.1</ele>
    <time>2021-10-02T08:25:20Z</time>
   </trkpt>
   <trkpt lat="36.6466960" lon="138.5272750">
    <ele>2114.1</ele>
    <time>2021-10-02T08:25:21Z</time>
   </trkpt>
   <trkpt lat="36.6466890" lon="138.5272860">
    <ele>2114.9</ele>
    <time>2021-10-02T08:25:22Z</time>
   </trkpt>
   <trkpt lat="36.6466840" lon="138.5272900">
    <ele>2114.9</ele>
    <time>2021-10-02T08:25:23Z</time>
   </trkpt>
   <trkpt lat="36.6466790" lon="138.5272940">
    <ele>2114.9</ele>
    <time>2021-10-02T08:25:24Z</time>
   </trkpt>
   <trkpt lat="36.6466760" lon="138.5273000">
    <ele>2116.8</ele>
    <time>2021-10-02T08:25:25Z</time>
   </trkpt>
   <trkpt lat="36.6466720" lon="138.5273100">
    <ele>2116.8</ele>
    <time>2021-10-02T08:25:26Z</time>
   </trkpt>
   <trkpt lat="36.6466680" lon="138.5273190">
    <ele>2116.8</ele>
    <time>2021-10-02T08:25:27Z</time>
   </trkpt>
   <trkpt lat="36.6466640" lon="138.5273250">
    <ele>2116.8</ele>
    <time>2021-10-02T08:25:28Z</time>
   </trkpt>
   <trkpt lat="36.6466590" lon="138.5273310">
    <ele>2117.5</ele>
    <time>2021-10-02T08:25:29Z</time>
   </trkpt>
   <trkpt lat="36.6466550" lon="138.5273340">
    <ele>2117.5</ele>
    <time>2021-10-02T08:25:30Z</time>
   </trkpt>
   <trkpt lat="36.6466470" lon="138.5273410">
    <ele>2119.2</ele>
    <time>2021-10-02T08:25:31Z</time>
   </trkpt>
   <trkpt lat="36.6466390" lon="138.5273480">
    <ele>2119.2</ele>
    <time>2021-10-02T08:25:32Z</time>
   </trkpt>
   <trkpt lat="36.6466350" lon="138.5273530">
    <ele>2119.2</ele>
    <time>2021-10-02T08:25:33Z</time>
   </trkpt>
   <trkpt lat="36.6466260" lon="138.5273570">
    <ele>2119.7</ele>
    <time>2021-10-02T08:25:34Z</time>
   </trkpt>
   <trkpt lat="36.6466170" lon="138.5273630">
    <ele>2119.7</ele>
    <time>2021-10-02T08:25:35Z</time>
   </trkpt>
   <trkpt lat="36.6466090" lon="138.5273700">
    <ele>2119.7</ele>
    <time>2021-10-02T08:25:36Z</time>
   </trkpt>
   <trkpt lat="36.6466010" lon="138.5273790">
    <ele>2119.7</ele>
    <time>2021-10-02T08:25:37Z</time>
   </trkpt>
   <trkpt lat="36.6465980" lon="138.5273800">
    <ele>2119.7</ele>
    <time>2021-10-02T08:25:38Z</time>
   </trkpt>
   <trkpt lat="36.6465920" lon="138.5273840">
    <ele>2121.3</ele>
    <time>2021-10-02T08:25:39Z</time>
   </trkpt>
   <trkpt lat="36.6465880" lon="138.5273880">
    <ele>2121.8</ele>
    <time>2021-10-02T08:25:40Z</time>
   </trkpt>
   <trkpt lat="36.6465820" lon="138.5273910">
    <ele>2121.8</ele>
    <time>2021-10-02T08:25:41Z</time>
   </trkpt>
   <trkpt lat="36.6465740" lon="138.5274010">
    <ele>2121.8</ele>
    <time>2021-10-02T08:25:42Z</time>
   </trkpt>
   <trkpt lat="36.6465670" lon="138.5274090">
    <ele>2121.8</ele>
    <time>2021-10-02T08:25:43Z</time>
   </trkpt>
   <trkpt lat="36.6465610" lon="138.5274170">
    <ele>2121.8</ele>
    <time>2021-10-02T08:25:44Z</time>
   </trkpt>
   <trkpt lat="36.6465590" lon="138.5274240">
    <ele>2121.8</ele>
    <time>2021-10-02T08:25:45Z</time>
   </trkpt>
   <trkpt lat="36.6465530" lon="138.5274310">
    <ele>2123.8</ele>
    <time>2021-10-02T08:25:46Z</time>
   </trkpt>
   <trkpt lat="36.6465470" lon="138.5274360">
    <ele>2123.8</ele>
    <time>2021-10-02T08:25:47Z</time>
   </trkpt>
   <trkpt lat="36.6465410" lon="138.5274410">
    <ele>2123.8</ele>
    <time>2021-10-02T08:25:48Z</time>
   </trkpt>
   <trkpt lat="36.6465340" lon="138.5274490">
    <ele>2123.8</ele>
    <time>2021-10-02T08:25:49Z</time>
   </trkpt>
   <trkpt lat="36.6465280" lon="138.5274560">
    <ele>2123.8</ele>
    <time>2021-10-02T08:25:50Z</time>
   </trkpt>
   <trkpt lat="36.6465230" lon="138.5274640">
    <ele>2124.4</ele>
    <time>2021-10-02T08:25:51Z</time>
   </trkpt>
   <trkpt lat="36.6465170" lon="138.5274710">
    <ele>2125.8</ele>
    <time>2021-10-02T08:25:52Z</time>
   </trkpt>
   <trkpt lat="36.6465120" lon="138.5274780">
    <ele>2125.8</ele>
    <time>2021-10-02T08:25:53Z</time>
   </trkpt>
   <trkpt lat="36.6465070" lon="138.5274850">
    <ele>2125.8</ele>
    <time>2021-10-02T08:25:54Z</time>
   </trkpt>
   <trkpt lat="36.6465010" lon="138.5274930">
    <ele>2125.8</ele>
    <time>2021-10-02T08:25:55Z</time>
   </trkpt>
   <trkpt lat="36.6464970" lon="138.5274990">
    <ele>2125.8</ele>
    <time>2021-10-02T08:25:56Z</time>
   </trkpt>
   <trkpt lat="36.6464920" lon="138.5275070">
    <ele>2125.8</ele>
    <time>2021-10-02T08:25:57Z</time>
   </trkpt>
   <trkpt lat="36.6464900" lon="138.5275110">
    <ele>2125.8</ele>
    <time>2021-10-02T08:25:58Z</time>
   </trkpt>
   <trkpt lat="36.6464850" lon="138.5275210">
    <ele>2127.8</ele>
    <time>2021-10-02T08:25:59Z</time>
   </trkpt>
   <trkpt lat="36.6464810" lon="138.5275300">
    <ele>2127.8</ele>
    <time>2021-10-02T08:26:00Z</time>
   </trkpt>
   <trkpt lat="36.6464790" lon="138.5275370">
    <ele>2127.8</ele>
    <time>2021-10-02T08:26:01Z</time>
   </trkpt>
   <trkpt lat="36.6464760" lon="138.5275440">
    <ele>2127.8</ele>
    <time>2021-10-02T08:26:02Z</time>
   </trkpt>
   <trkpt lat="36.6464750" lon="138.5275460">
    <ele>2127.8</ele>
    <time>2021-10-02T08:26:03Z</time>
   </trkpt>
   <trkpt lat="36.6464690" lon="138.5275510">
    <ele>2127.8</ele>
    <time>2021-10-02T08:26:04Z</time>
   </trkpt>
   <trkpt lat="36.6464630" lon="138.5275600">
    <ele>2129.0</ele>
    <time>2021-10-02T08:26:05Z</time>
   </trkpt>
   <trkpt lat="36.6464570" lon="138.5275700">
    <ele>2129.0</ele>
    <time>2021-10-02T08:26:06Z</time>
   </trkpt>
   <trkpt lat="36.6464540" lon="138.5275780">
    <ele>2129.5</ele>
    <time>2021-10-02T08:26:07Z</time>
   </trkpt>
   <trkpt lat="36.6464490" lon="138.5275890">
    <ele>2129.5</ele>
    <time>2021-10-02T08:26:08Z</time>
   </trkpt>
   <trkpt lat="36.6464480" lon="138.5276030">
    <ele>2130.6</ele>
    <time>2021-10-02T08:26:09Z</time>
   </trkpt>
   <trkpt lat="36.6464470" lon="138.5276120">
    <ele>2130.6</ele>
    <time>2021-10-02T08:26:10Z</time>
   </trkpt>
   <trkpt lat="36.6464400" lon="138.5276170">
    <ele>2130.6</ele>
    <time>2021-10-02T08:26:11Z</time>
   </trkpt>
   <trkpt lat="36.6464310" lon="138.5276190">
    <ele>2130.6</ele>
    <time>2021-10-02T08:26:12Z</time>
   </trkpt>
   <trkpt lat="36.6464250" lon="138.5276210">
    <ele>2130.6</ele>
    <time>2021-10-02T08:26:13Z</time>
   </trkpt>
   <trkpt lat="36.6464110" lon="138.5276240">
    <ele>2131.1</ele>
    <time>2021-10-02T08:26:14Z</time>
   </trkpt>
   <trkpt lat="36.6464040" lon="138.5276220">
    <ele>2131.1</ele>
    <time>2021-10-02T08:26:15Z</time>
   </trkpt>
   <trkpt lat="36.6464000" lon="138.5276230">
    <ele>2131.1</ele>
    <time>2021-10-02T08:26:16Z</time>
   </trkpt>
   <trkpt lat="36.6464010" lon="138.5276230">
    <ele>2131.1</ele>
    <time>2021-10-02T08:26:17Z</time>
   </trkpt>
   <trkpt lat="36.6463930" lon="138.5276270">
    <ele>2131.1</ele>
    <time>2021-10-02T08:26:18Z</time>
   </trkpt>
   <trkpt lat="36.6463840" lon="138.5276280">
    <ele>2131.6</ele>
    <time>2021-10-02T08:26:19Z</time>
   </trkpt>
   <trkpt lat="36.6463760" lon="138.5276320">
    <ele>2131.6</ele>
    <time>2021-10-02T08:26:20Z</time>
   </trkpt>
   <trkpt lat="36.6463680" lon="138.5276370">
    <ele>2131.6</ele>
    <time>2021-10-02T08:26:21Z</time>
   </trkpt>
   <trkpt lat="36.6463650" lon="138.5276440">
    <ele>2132.6</ele>
    <time>2021-10-02T08:26:22Z</time>
   </trkpt>
   <trkpt lat="36.6463610" lon="138.5276510">
    <ele>2132.6</ele>
    <time>2021-10-02T08:26:23Z</time>
   </trkpt>
   <trkpt lat="36.6463550" lon="138.5276560">
    <ele>2132.6</ele>
    <time>2021-10-02T08:26:24Z</time>
   </trkpt>
   <trkpt lat="36.6463480" lon="138.5276620">
    <ele>2133.0</ele>
    <time>2021-10-02T08:26:25Z</time>
   </trkpt>
   <trkpt lat="36.6463400" lon="138.5276680">
    <ele>2133.0</ele>
    <time>2021-10-02T08:26:26Z</time>
   </trkpt>
   <trkpt lat="36.6463340" lon="138.5276720">
    <ele>2133.0</ele>
    <time>2021-10-02T08:26:27Z</time>
   </trkpt>
   <trkpt lat="36.6463310" lon="138.5276730">
    <ele>2133.0</ele>
    <time>2021-10-02T08:26:28Z</time>
   </trkpt>
   <trkpt lat="36.6463260" lon="138.5276730">
    <ele>2133.0</ele>
    <time>2021-10-02T08:26:29Z</time>
   </trkpt>
   <trkpt lat="36.6463170" lon="138.5276800">
    <ele>2133.0</ele>
    <time>2021-10-02T08:26:30Z</time>
   </trkpt>
   <trkpt lat="36.6463160" lon="138.5276850">
    <ele>2134.4</ele>
    <time>2021-10-02T08:26:31Z</time>
   </trkpt>
   <trkpt lat="36.6463120" lon="138.5276930">
    <ele>2134.4</ele>
    <time>2021-10-02T08:26:32Z</time>
   </trkpt>
   <trkpt lat="36.6463080" lon="138.5277050">
    <ele>2134.4</ele>
    <time>2021-10-02T08:26:33Z</time>
   </trkpt>
   <trkpt lat="36.6463040" lon="138.5277210">
    <ele>2134.4</ele>
    <time>2021-10-02T08:26:34Z</time>
   </trkpt>
   <trkpt lat="36.6463020" lon="138.5277360">
    <ele>2135.2</ele>
    <time>2021-10-02T08:26:35Z</time>
   </trkpt>
   <trkpt lat="36.6463010" lon="138.5277460">
    <ele>2135.2</ele>
    <time>2021-10-02T08:26:36Z</time>
   </trkpt>
   <trkpt lat="36.6463020" lon="138.5277610">
    <ele>2135.2</ele>
    <time>2021-10-02T08:26:37Z</time>
   </trkpt>
   <trkpt lat="36.6463020" lon="138.5277700">
    <ele>2135.2</ele>
    <time>2021-10-02T08:26:38Z</time>
   </trkpt>
   <trkpt lat="36.6463010" lon="138.5277790">
    <ele>2135.9</ele>
    <time>2021-10-02T08:26:39Z</time>
   </trkpt>
   <trkpt lat="36.6463010" lon="138.5277880">
    <ele>2135.9</ele>
    <time>2021-10-02T08:26:40Z</time>
   </trkpt>
   <trkpt lat="36.6463010" lon="138.5277970">
    <ele>2135.9</ele>
    <time>2021-10-02T08:26:41Z</time>
   </trkpt>
   <trkpt lat="36.6462920" lon="138.5277930">
    <ele>2135.9</ele>
    <time>2021-10-02T08:26:42Z</time>
   </trkpt>
   <trkpt lat="36.6462850" lon="138.5278000">
    <ele>2135.9</ele>
    <time>2021-10-02T08:26:43Z</time>
   </trkpt>
   <trkpt lat="36.6462790" lon="138.5278040">
    <ele>2136.3</ele>
    <time>2021-10-02T08:26:44Z</time>
   </trkpt>
   <trkpt lat="36.6462750" lon="138.5278080">
    <ele>2136.3</ele>
    <time>2021-10-02T08:26:45Z</time>
   </trkpt>
   <trkpt lat="36.6462710" lon="138.5278130">
    <ele>2137.1</ele>
    <time>2021-10-02T08:26:46Z</time>
   </trkpt>
   <trkpt lat="36.6462670" lon="138.5278190">
    <ele>2137.1</ele>
    <time>2021-10-02T08:26:47Z</time>
   </trkpt>
   <trkpt lat="36.6462610" lon="138.5278250">
    <ele>2137.1</ele>
    <time>2021-10-02T08:26:48Z</time>
   </trkpt>
   <trkpt lat="36.6462590" lon="138.5278260">
    <ele>2137.1</ele>
    <time>2021-10-02T08:26:49Z</time>
   </trkpt>
   <trkpt lat="36.6462540" lon="138.5278300">
    <ele>2137.1</ele>
    <time>2021-10-02T08:26:50Z</time>
   </trkpt>
   <trkpt lat="36.6462490" lon="138.5278360">
    <ele>2137.1</ele>
    <time>2021-10-02T08:26:51Z</time>
   </trkpt>
   <trkpt lat="36.6462480" lon="138.5278420">
    <ele>2137.1</ele>
    <time>2021-10-02T08:26:53Z</time>
   </trkpt>
   <trkpt lat="36.6462420" lon="138.5278440">
    <ele>2137.6</ele>
    <time>2021-10-02T08:26:54Z</time>
   </trkpt>
   <trkpt lat="36.6462360" lon="138.5278470">
    <ele>2137.6</ele>
    <time>2021-10-02T08:26:55Z</time>
   </trkpt>
   <trkpt lat="36.6462330" lon="138.5278540">
    <ele>2137.6</ele>
    <time>2021-10-02T08:26:56Z</time>
   </trkpt>
   <trkpt lat="36.6462310" lon="138.5278610">
    <ele>2138.4</ele>
    <time>2021-10-02T08:26:57Z</time>
   </trkpt>
   <trkpt lat="36.6462260" lon="138.5278670">
    <ele>2138.4</ele>
    <time>2021-10-02T08:26:58Z</time>
   </trkpt>
   <trkpt lat="36.6462240" lon="138.5278740">
    <ele>2138.4</ele>
    <time>2021-10-02T08:26:59Z</time>
   </trkpt>
   <trkpt lat="36.6462190" lon="138.5278820">
    <ele>2138.4</ele>
    <time>2021-10-02T08:27:00Z</time>
   </trkpt>
   <trkpt lat="36.6462160" lon="138.5278880">
    <ele>2138.4</ele>
    <time>2021-10-02T08:27:01Z</time>
   </trkpt>
   <trkpt lat="36.6462120" lon="138.5278950">
    <ele>2138.9</ele>
    <time>2021-10-02T08:27:02Z</time>
   </trkpt>
   <trkpt lat="36.6462070" lon="138.5278970">
    <ele>2138.9</ele>
    <time>2021-10-02T08:27:03Z</time>
   </trkpt>
   <trkpt lat="36.6462020" lon="138.5279010">
    <ele>2139.8</ele>
    <time>2021-10-02T08:27:04Z</time>
   </trkpt>
   <trkpt lat="36.6461970" lon="138.5279080">
    <ele>2139.8</ele>
    <time>2021-10-02T08:27:05Z</time>
   </trkpt>
   <trkpt lat="36.6461930" lon="138.5279120">
    <ele>2139.8</ele>
    <time>2021-10-02T08:27:06Z</time>
   </trkpt>
   <trkpt lat="36.6461870" lon="138.5279160">
    <ele>2139.8</ele>
    <time>2021-10-02T08:27:07Z</time>
   </trkpt>
   <trkpt lat="36.6461780" lon="138.5279200">
    <ele>2140.3</ele>
    <time>2021-10-02T08:27:08Z</time>
   </trkpt>
   <trkpt lat="36.6461710" lon="138.5279240">
    <ele>2140.3</ele>
    <time>2021-10-02T08:27:09Z</time>
   </trkpt>
   <trkpt lat="36.6461680" lon="138.5279260">
    <ele>2140.3</ele>
    <time>2021-10-02T08:27:10Z</time>
   </trkpt>
   <trkpt lat="36.6461650" lon="138.5279290">
    <ele>2140.3</ele>
    <time>2021-10-02T08:27:11Z</time>
   </trkpt>
   <trkpt lat="36.6461640" lon="138.5279350">
    <ele>2140.3</ele>
    <time>2021-10-02T08:27:12Z</time>
   </trkpt>
   <trkpt lat="36.6461590" lon="138.5279400">
    <ele>2140.3</ele>
    <time>2021-10-02T08:27:13Z</time>
   </trkpt>
   <trkpt lat="36.6461540" lon="138.5279470">
    <ele>2141.3</ele>
    <time>2021-10-02T08:27:14Z</time>
   </trkpt>
   <trkpt lat="36.6461490" lon="138.5279520">
    <ele>2141.3</ele>
    <time>2021-10-02T08:27:15Z</time>
   </trkpt>
   <trkpt lat="36.6461440" lon="138.5279570">
    <ele>2141.7</ele>
    <time>2021-10-02T08:27:16Z</time>
   </trkpt>
   <trkpt lat="36.6461380" lon="138.5279600">
    <ele>2141.7</ele>
    <time>2021-10-02T08:27:17Z</time>
   </trkpt>
   <trkpt lat="36.6461350" lon="138.5279650">
    <ele>2141.7</ele>
    <time>2021-10-02T08:27:18Z</time>
   </trkpt>
   <trkpt lat="36.6461300" lon="138.5279710">
    <ele>2141.7</ele>
    <time>2021-10-02T08:27:19Z</time>
   </trkpt>
   <trkpt lat="36.6461250" lon="138.5279750">
    <ele>2141.7</ele>
    <time>2021-10-02T08:27:20Z</time>
   </trkpt>
   <trkpt lat="36.6461170" lon="138.5279790">
    <ele>2141.7</ele>
    <time>2021-10-02T08:27:21Z</time>
   </trkpt>
   <trkpt lat="36.6461100" lon="138.5279800">
    <ele>2141.7</ele>
    <time>2021-10-02T08:27:22Z</time>
   </trkpt>
   <trkpt lat="36.6461040" lon="138.5279840">
    <ele>2142.2</ele>
    <time>2021-10-02T08:27:23Z</time>
   </trkpt>
   <trkpt lat="36.6460980" lon="138.5279890">
    <ele>2143.3</ele>
    <time>2021-10-02T08:27:24Z</time>
   </trkpt>
   <trkpt lat="36.6460950" lon="138.5279900">
    <ele>2143.3</ele>
    <time>2021-10-02T08:27:25Z</time>
   </trkpt>
   <trkpt lat="36.6460880" lon="138.5279920">
    <ele>2143.3</ele>
    <time>2021-10-02T08:27:26Z</time>
   </trkpt>
   <trkpt lat="36.6460810" lon="138.5279950">
    <ele>2143.3</ele>
    <time>2021-10-02T08:27:27Z</time>
   </trkpt>
   <trkpt lat="36.6460750" lon="138.5279980">
    <ele>2143.7</ele>
    <time>2021-10-02T08:27:28Z</time>
   </trkpt>
   <trkpt lat="36.6460690" lon="138.5279970">
    <ele>2143.7</ele>
    <time>2021-10-02T08:27:29Z</time>
   </trkpt>
   <trkpt lat="36.6460620" lon="138.5280000">
    <ele>2143.7</ele>
    <time>2021-10-02T08:27:30Z</time>
   </trkpt>
   <trkpt lat="36.6460550" lon="138.5280030">
    <ele>2143.7</ele>
    <time>2021-10-02T08:27:31Z</time>
   </trkpt>
   <trkpt lat="36.6460490" lon="138.5280040">
    <ele>2143.7</ele>
    <time>2021-10-02T08:27:32Z</time>
   </trkpt>
   <trkpt lat="36.6460410" lon="138.5280010">
    <ele>2143.7</ele>
    <time>2021-10-02T08:27:33Z</time>
   </trkpt>
   <trkpt lat="36.6460300" lon="138.5279990">
    <ele>2144.2</ele>
    <time>2021-10-02T08:27:34Z</time>
   </trkpt>
   <trkpt lat="36.6460230" lon="138.5280130">
    <ele>2144.2</ele>
    <time>2021-10-02T08:27:35Z</time>
   </trkpt>
   <trkpt lat="36.6460190" lon="138.5280270">
    <ele>2144.2</ele>
    <time>2021-10-02T08:27:36Z</time>
   </trkpt>
   <trkpt lat="36.6460190" lon="138.5280190">
    <ele>2144.2</ele>
    <time>2021-10-02T08:27:37Z</time>
   </trkpt>
   <trkpt lat="36.6460140" lon="138.5280270">
    <ele>2144.2</ele>
    <time>2021-10-02T08:27:38Z</time>
   </trkpt>
   <trkpt lat="36.6460100" lon="138.5280240">
    <ele>2144.2</ele>
    <time>2021-10-02T08:27:39Z</time>
   </trkpt>
   <trkpt lat="36.6460080" lon="138.5280230">
    <ele>2144.2</ele>
    <time>2021-10-02T08:27:40Z</time>
   </trkpt>
   <trkpt lat="36.6460110" lon="138.5280200">
    <ele>2144.2</ele>
    <time>2021-10-02T08:27:41Z</time>
   </trkpt>
   <trkpt lat="36.6459960" lon="138.5280390">
    <ele>2145.8</ele>
    <time>2021-10-02T08:27:42Z</time>
   </trkpt>
   <trkpt lat="36.6459920" lon="138.5280420">
    <ele>2145.8</ele>
    <time>2021-10-02T08:27:43Z</time>
   </trkpt>
   <trkpt lat="36.6459740" lon="138.5280570">
    <ele>2145.8</ele>
    <time>2021-10-02T08:27:44Z</time>
   </trkpt>
   <trkpt lat="36.6459670" lon="138.5280620">
    <ele>2146.3</ele>
    <time>2021-10-02T08:27:45Z</time>
   </trkpt>
   <trkpt lat="36.6459590" lon="138.5280660">
    <ele>2146.3</ele>
    <time>2021-10-02T08:27:46Z</time>
   </trkpt>
   <trkpt lat="36.6459440" lon="138.5280770">
    <ele>2147.2</ele>
    <time>2021-10-02T08:27:47Z</time>
   </trkpt>
   <trkpt lat="36.6459290" lon="138.5280880">
    <ele>2147.7</ele>
    <time>2021-10-02T08:27:48Z</time>
   </trkpt>
   <trkpt lat="36.6459190" lon="138.5281030">
    <ele>2147.7</ele>
    <time>2021-10-02T08:27:49Z</time>
   </trkpt>
   <trkpt lat="36.6459060" lon="138.5281190">
    <ele>2148.5</ele>
    <time>2021-10-02T08:27:50Z</time>
   </trkpt>
   <trkpt lat="36.6458940" lon="138.5281340">
    <ele>2148.8</ele>
    <time>2021-10-02T08:27:51Z</time>
   </trkpt>
   <trkpt lat="36.6458840" lon="138.5281440">
    <ele>2148.8</ele>
    <time>2021-10-02T08:27:52Z</time>
   </trkpt>
   <trkpt lat="36.6458760" lon="138.5281550">
    <ele>2148.8</ele>
    <time>2021-10-02T08:27:53Z</time>
   </trkpt>
   <trkpt lat="36.6458660" lon="138.5281610">
    <ele>2149.7</ele>
    <time>2021-10-02T08:27:54Z</time>
   </trkpt>
   <trkpt lat="36.6458580" lon="138.5281660">
    <ele>2149.7</ele>
    <time>2021-10-02T08:27:55Z</time>
   </trkpt>
   <trkpt lat="36.6458520" lon="138.5281740">
    <ele>2149.7</ele>
    <time>2021-10-02T08:27:56Z</time>
   </trkpt>
   <trkpt lat="36.6458480" lon="138.5281760">
    <ele>2149.7</ele>
    <time>2021-10-02T08:27:57Z</time>
   </trkpt>
   <trkpt lat="36.6458400" lon="138.5281860">
    <ele>2149.7</ele>
    <time>2021-10-02T08:27:58Z</time>
   </trkpt>
   <trkpt lat="36.6458310" lon="138.5281950">
    <ele>2149.9</ele>
    <time>2021-10-02T08:27:59Z</time>
   </trkpt>
   <trkpt lat="36.6458270" lon="138.5282060">
    <ele>2150.3</ele>
    <time>2021-10-02T08:28:00Z</time>
   </trkpt>
   <trkpt lat="36.6458210" lon="138.5282160">
    <ele>2150.3</ele>
    <time>2021-10-02T08:28:01Z</time>
   </trkpt>
   <trkpt lat="36.6458170" lon="138.5282200">
    <ele>2150.3</ele>
    <time>2021-10-02T08:28:02Z</time>
   </trkpt>
   <trkpt lat="36.6458090" lon="138.5282250">
    <ele>2150.3</ele>
    <time>2021-10-02T08:28:03Z</time>
   </trkpt>
   <trkpt lat="36.6458100" lon="138.5282290">
    <ele>2150.3</ele>
    <time>2021-10-02T08:28:04Z</time>
   </trkpt>
   <trkpt lat="36.6458100" lon="138.5282290">
    <ele>2150.3</ele>
    <time>2021-10-02T08:28:05Z</time>
   </trkpt>
   <trkpt lat="36.6458100" lon="138.5282280">
    <ele>2150.3</ele>
    <time>2021-10-02T08:28:06Z</time>
   </trkpt>
   <trkpt lat="36.6458100" lon="138.5282280">
    <ele>2150.3</ele>
    <time>2021-10-02T08:28:07Z</time>
   </trkpt>
   <trkpt lat="36.6458110" lon="138.5282280">
    <ele>2150.3</ele>
    <time>2021-10-02T08:28:08Z</time>
   </trkpt>
   <trkpt lat="36.6458110" lon="138.5282280">
    <ele>2150.3</ele>
    <time>2021-10-02T08:28:09Z</time>
   </trkpt>
   <trkpt lat="36.6458110" lon="138.5282280">
    <ele>2150.3</ele>
    <time>2021-10-02T08:28:10Z</time>
   </trkpt>
   <trkpt lat="36.6458110" lon="138.5282270">
    <ele>2150.3</ele>
    <time>2021-10-02T08:28:11Z</time>
   </trkpt>
   <trkpt lat="36.6458110" lon="138.5282270">
    <ele>2150.3</ele>
    <time>2021-10-02T08:28:12Z</time>
   </trkpt>
   <trkpt lat="36.6458110" lon="138.5282270">
    <ele>2150.3</ele>
    <time>2021-10-02T08:28:13Z</time>
   </trkpt>
   <trkpt lat="36.6458110" lon="138.5282270">
    <ele>2150.3</ele>
    <time>2021-10-02T08:28:14Z</time>
   </trkpt>
   <trkpt lat="36.6458110" lon="138.5282270">
    <ele>2150.3</ele>
    <time>2021-10-02T08:28:15Z</time>
   </trkpt>
   <trkpt lat="36.6458110" lon="138.5282260">
    <ele>2150.3</ele>
    <time>2021-10-02T08:28:16Z</time>
   </trkpt>
   <trkpt lat="36.6458120" lon="138.5282260">
    <ele>2150.3</ele>
    <time>2021-10-02T08:28:17Z</time>
   </trkpt>
   <trkpt lat="36.6458120" lon="138.5282260">
    <ele>2150.3</ele>
    <time>2021-10-02T08:28:18Z</time>
   </trkpt>
   <trkpt lat="36.6458120" lon="138.5282260">
    <ele>2150.3</ele>
    <time>2021-10-02T08:28:19Z</time>
   </trkpt>
   <trkpt lat="36.6458120" lon="138.5282260">
    <ele>2150.3</ele>
    <time>2021-10-02T08:28:20Z</time>
   </trkpt>
   <trkpt lat="36.6458120" lon="138.5282260">
    <ele>2150.3</ele>
    <time>2021-10-02T08:28:21Z</time>
   </trkpt>
   <trkpt lat="36.6458120" lon="138.5282250">
    <ele>2150.3</ele>
    <time>2021-10-02T08:28:22Z</time>
   </trkpt>
   <trkpt lat="36.6458120" lon="138.5282250">
    <ele>2150.3</ele>
    <time>2021-10-02T08:28:23Z</time>
   </trkpt>
   <trkpt lat="36.6458120" lon="138.5282250">
    <ele>2150.3</ele>
    <time>2021-10-02T08:28:24Z</time>
   </trkpt>
   <trkpt lat="36.6458120" lon="138.5282250">
    <ele>2150.3</ele>
    <time>2021-10-02T08:28:25Z</time>
   </trkpt>
   <trkpt lat="36.6458130" lon="138.5282250">
    <ele>2150.3</ele>
    <time>2021-10-02T08:28:26Z</time>
   </trkpt>
   <trkpt lat="36.6458130" lon="138.5282240">
    <ele>2150.3</ele>
    <time>2021-10-02T08:28:27Z</time>
   </trkpt>
   <trkpt lat="36.6458130" lon="138.5282240">
    <ele>2150.3</ele>
    <time>2021-10-02T08:28:28Z</time>
   </trkpt>
   <trkpt lat="36.6458130" lon="138.5282240">
    <ele>2150.3</ele>
    <time>2021-10-02T08:28:29Z</time>
   </trkpt>
   <trkpt lat="36.6458130" lon="138.5282240">
    <ele>2150.3</ele>
    <time>2021-10-02T08:28:30Z</time>
   </trkpt>
   <trkpt lat="36.6458130" lon="138.5282240">
    <ele>2150.3</ele>
    <time>2021-10-02T08:28:31Z</time>
   </trkpt>
   <trkpt lat="36.6458130" lon="138.5282230">
    <ele>2150.3</ele>
    <time>2021-10-02T08:28:32Z</time>
   </trkpt>
   <trkpt lat="36.6458130" lon="138.5282230">
    <ele>2150.3</ele>
    <time>2021-10-02T08:28:33Z</time>
   </trkpt>
   <trkpt lat="36.6458130" lon="138.5282230">
    <ele>2150.3</ele>
    <time>2021-10-02T08:28:34Z</time>
   </trkpt>
   <trkpt lat="36.6458140" lon="138.5282230">
    <ele>2150.3</ele>
    <time>2021-10-02T08:28:35Z</time>
   </trkpt>
   <trkpt lat="36.6458140" lon="138.5282230">
    <ele>2150.3</ele>
    <time>2021-10-02T08:28:36Z</time>
   </trkpt>
   <trkpt lat="36.6458140" lon="138.5282220">
    <ele>2150.3</ele>
    <time>2021-10-02T08:28:37Z</time>
   </trkpt>
   <trkpt lat="36.6458140" lon="138.5282220">
    <ele>2150.3</ele>
    <time>2021-10-02T08:28:38Z</time>
   </trkpt>
   <trkpt lat="36.6458140" lon="138.5282220">
    <ele>2150.3</ele>
    <time>2021-10-02T08:28:39Z</time>
   </trkpt>
   <trkpt lat="36.6458140" lon="138.5282220">
    <ele>2150.3</ele>
    <time>2021-10-02T08:28:40Z</time>
   </trkpt>
   <trkpt lat="36.6458140" lon="138.5282220">
    <ele>2150.3</ele>
    <time>2021-10-02T08:28:41Z</time>
   </trkpt>
   <trkpt lat="36.6458140" lon="138.5282210">
    <ele>2150.3</ele>
    <time>2021-10-02T08:28:42Z</time>
   </trkpt>
   <trkpt lat="36.6458140" lon="138.5282210">
    <ele>2150.3</ele>
    <time>2021-10-02T08:28:43Z</time>
   </trkpt>
   <trkpt lat="36.6458150" lon="138.5282210">
    <ele>2150.3</ele>
    <time>2021-10-02T08:28:44Z</time>
   </trkpt>
   <trkpt lat="36.6458150" lon="138.5282210">
    <ele>2150.3</ele>
    <time>2021-10-02T08:28:45Z</time>
   </trkpt>
   <trkpt lat="36.6458150" lon="138.5282210">
    <ele>2150.3</ele>
    <time>2021-10-02T08:28:46Z</time>
   </trkpt>
   <trkpt lat="36.6458150" lon="138.5282210">
    <ele>2150.3</ele>
    <time>2021-10-02T08:28:47Z</time>
   </trkpt>
   <trkpt lat="36.6458150" lon="138.5282200">
    <ele>2150.3</ele>
    <time>2021-10-02T08:28:48Z</time>
   </trkpt>
   <trkpt lat="36.6458150" lon="138.5282200">
    <ele>2150.3</ele>
    <time>2021-10-02T08:28:49Z</time>
   </trkpt>
   <trkpt lat="36.6458150" lon="138.5282200">
    <ele>2150.3</ele>
    <time>2021-10-02T08:28:50Z</time>
   </trkpt>
   <trkpt lat="36.6458150" lon="138.5282200">
    <ele>2150.3</ele>
    <time>2021-10-02T08:28:51Z</time>
   </trkpt>
   <trkpt lat="36.6458160" lon="138.5282200">
    <ele>2150.3</ele>
    <time>2021-10-02T08:28:52Z</time>
   </trkpt>
   <trkpt lat="36.6458160" lon="138.5282190">
    <ele>2150.3</ele>
    <time>2021-10-02T08:28:53Z</time>
   </trkpt>
   <trkpt lat="36.6458160" lon="138.5282190">
    <ele>2150.3</ele>
    <time>2021-10-02T08:28:54Z</time>
   </trkpt>
   <trkpt lat="36.6458160" lon="138.5282190">
    <ele>2150.3</ele>
    <time>2021-10-02T08:28:55Z</time>
   </trkpt>
   <trkpt lat="36.6458160" lon="138.5282190">
    <ele>2150.3</ele>
    <time>2021-10-02T08:28:56Z</time>
   </trkpt>
   <trkpt lat="36.6458160" lon="138.5282190">
    <ele>2150.3</ele>
    <time>2021-10-02T08:28:57Z</time>
   </trkpt>
   <trkpt lat="36.6458160" lon="138.5282180">
    <ele>2150.3</ele>
    <time>2021-10-02T08:28:59Z</time>
   </trkpt>
   <trkpt lat="36.6458160" lon="138.5282180">
    <ele>2150.3</ele>
    <time>2021-10-02T08:29:00Z</time>
   </trkpt>
   <trkpt lat="36.6458160" lon="138.5282180">
    <ele>2150.3</ele>
    <time>2021-10-02T08:29:01Z</time>
   </trkpt>
   <trkpt lat="36.6458170" lon="138.5282180">
    <ele>2150.3</ele>
    <time>2021-10-02T08:29:02Z</time>
   </trkpt>
   <trkpt lat="36.6458170" lon="138.5282180">
    <ele>2150.3</ele>
    <time>2021-10-02T08:29:03Z</time>
   </trkpt>
   <trkpt lat="36.6458170" lon="138.5282170">
    <ele>2150.3</ele>
    <time>2021-10-02T08:29:04Z</time>
   </trkpt>
   <trkpt lat="36.6458170" lon="138.5282170">
    <ele>2150.3</ele>
    <time>2021-10-02T08:29:05Z</time>
   </trkpt>
   <trkpt lat="36.6458170" lon="138.5282170">
    <ele>2150.3</ele>
    <time>2021-10-02T08:29:06Z</time>
   </trkpt>
   <trkpt lat="36.6458170" lon="138.5282170">
    <ele>2150.3</ele>
    <time>2021-10-02T08:29:07Z</time>
   </trkpt>
   <trkpt lat="36.6458170" lon="138.5282170">
    <ele>2150.3</ele>
    <time>2021-10-02T08:29:08Z</time>
   </trkpt>
   <trkpt lat="36.6458170" lon="138.5282160">
    <ele>2150.3</ele>
    <time>2021-10-02T08:29:09Z</time>
   </trkpt>
   <trkpt lat="36.6458170" lon="138.5282160">
    <ele>2150.3</ele>
    <time>2021-10-02T08:29:10Z</time>
   </trkpt>
   <trkpt lat="36.6458180" lon="138.5282160">
    <ele>2150.3</ele>
    <time>2021-10-02T08:29:11Z</time>
   </trkpt>
   <trkpt lat="36.6458180" lon="138.5282160">
    <ele>2150.3</ele>
    <time>2021-10-02T08:29:12Z</time>
   </trkpt>
   <trkpt lat="36.6458180" lon="138.5282160">
    <ele>2150.3</ele>
    <time>2021-10-02T08:29:13Z</time>
   </trkpt>
   <trkpt lat="36.6458180" lon="138.5282150">
    <ele>2150.3</ele>
    <time>2021-10-02T08:29:14Z</time>
   </trkpt>
   <trkpt lat="36.6458180" lon="138.5282150">
    <ele>2150.3</ele>
    <time>2021-10-02T08:29:15Z</time>
   </trkpt>
   <trkpt lat="36.6458180" lon="138.5282150">
    <ele>2150.3</ele>
    <time>2021-10-02T08:29:16Z</time>
   </trkpt>
   <trkpt lat="36.6458180" lon="138.5282150">
    <ele>2150.3</ele>
    <time>2021-10-02T08:29:17Z</time>
   </trkpt>
   <trkpt lat="36.6458180" lon="138.5282150">
    <ele>2150.3</ele>
    <time>2021-10-02T08:29:18Z</time>
   </trkpt>
   <trkpt lat="36.6458180" lon="138.5282150">
    <ele>2150.3</ele>
    <time>2021-10-02T08:29:19Z</time>
   </trkpt>
   <trkpt lat="36.6458190" lon="138.5282140">
    <ele>2150.3</ele>
    <time>2021-10-02T08:29:20Z</time>
   </trkpt>
   <trkpt lat="36.6458190" lon="138.5282140">
    <ele>2150.3</ele>
    <time>2021-10-02T08:29:21Z</time>
   </trkpt>
   <trkpt lat="36.6458190" lon="138.5282140">
    <ele>2150.3</ele>
    <time>2021-10-02T08:29:22Z</time>
   </trkpt>
   <trkpt lat="36.6458190" lon="138.5282140">
    <ele>2150.3</ele>
    <time>2021-10-02T08:29:23Z</time>
   </trkpt>
   <trkpt lat="36.6458190" lon="138.5282140">
    <ele>2150.3</ele>
    <time>2021-10-02T08:29:24Z</time>
   </trkpt>
   <trkpt lat="36.6458190" lon="138.5282130">
    <ele>2150.3</ele>
    <time>2021-10-02T08:29:25Z</time>
   </trkpt>
   <trkpt lat="36.6458190" lon="138.5282130">
    <ele>2150.3</ele>
    <time>2021-10-02T08:29:26Z</time>
   </trkpt>
   <trkpt lat="36.6458190" lon="138.5282130">
    <ele>2150.3</ele>
    <time>2021-10-02T08:29:27Z</time>
   </trkpt>
   <trkpt lat="36.6458190" lon="138.5282130">
    <ele>2150.3</ele>
    <time>2021-10-02T08:29:28Z</time>
   </trkpt>
   <trkpt lat="36.6458200" lon="138.5282130">
    <ele>2150.3</ele>
    <time>2021-10-02T08:29:29Z</time>
   </trkpt>
   <trkpt lat="36.6458200" lon="138.5282120">
    <ele>2150.3</ele>
    <time>2021-10-02T08:29:30Z</time>
   </trkpt>
   <trkpt lat="36.6458200" lon="138.5282120">
    <ele>2150.3</ele>
    <time>2021-10-02T08:29:31Z</time>
   </trkpt>
   <trkpt lat="36.6458200" lon="138.5282120">
    <ele>2150.3</ele>
    <time>2021-10-02T08:29:32Z</time>
   </trkpt>
   <trkpt lat="36.6458200" lon="138.5282120">
    <ele>2150.3</ele>
    <time>2021-10-02T08:29:33Z</time>
   </trkpt>
   <trkpt lat="36.6458200" lon="138.5282120">
    <ele>2150.3</ele>
    <time>2021-10-02T08:29:34Z</time>
   </trkpt>
   <trkpt lat="36.6458200" lon="138.5282110">
    <ele>2150.3</ele>
    <time>2021-10-02T08:29:35Z</time>
   </trkpt>
   <trkpt lat="36.6458200" lon="138.5282110">
    <ele>2150.3</ele>
    <time>2021-10-02T08:29:36Z</time>
   </trkpt>
   <trkpt lat="36.6458200" lon="138.5282110">
    <ele>2150.3</ele>
    <time>2021-10-02T08:29:37Z</time>
   </trkpt>
   <trkpt lat="36.6458210" lon="138.5282110">
    <ele>2150.3</ele>
    <time>2021-10-02T08:29:38Z</time>
   </trkpt>
   <trkpt lat="36.6458210" lon="138.5282110">
    <ele>2150.3</ele>
    <time>2021-10-02T08:29:39Z</time>
   </trkpt>
   <trkpt lat="36.6458210" lon="138.5282100">
    <ele>2150.3</ele>
    <time>2021-10-02T08:29:40Z</time>
   </trkpt>
   <trkpt lat="36.6458210" lon="138.5282100">
    <ele>2150.3</ele>
    <time>2021-10-02T08:29:41Z</time>
   </trkpt>
   <trkpt lat="36.6458210" lon="138.5282100">
    <ele>2150.3</ele>
    <time>2021-10-02T08:29:42Z</time>
   </trkpt>
   <trkpt lat="36.6458210" lon="138.5282100">
    <ele>2150.3</ele>
    <time>2021-10-02T08:29:43Z</time>
   </trkpt>
   <trkpt lat="36.6458210" lon="138.5282100">
    <ele>2150.3</ele>
    <time>2021-10-02T08:29:44Z</time>
   </trkpt>
   <trkpt lat="36.6458210" lon="138.5282100">
    <ele>2150.3</ele>
    <time>2021-10-02T08:29:45Z</time>
   </trkpt>
   <trkpt lat="36.6458210" lon="138.5282090">
    <ele>2150.3</ele>
    <time>2021-10-02T08:29:46Z</time>
   </trkpt>
   <trkpt lat="36.6458220" lon="138.5282090">
    <ele>2150.3</ele>
    <time>2021-10-02T08:29:47Z</time>
   </trkpt>
   <trkpt lat="36.6458220" lon="138.5282090">
    <ele>2150.3</ele>
    <time>2021-10-02T08:29:48Z</time>
   </trkpt>
   <trkpt lat="36.6458220" lon="138.5282090">
    <ele>2150.3</ele>
    <time>2021-10-02T08:29:49Z</time>
   </trkpt>
   <trkpt lat="36.6458220" lon="138.5282090">
    <ele>2150.3</ele>
    <time>2021-10-02T08:29:50Z</time>
   </trkpt>
   <trkpt lat="36.6458220" lon="138.5282080">
    <ele>2150.3</ele>
    <time>2021-10-02T08:29:51Z</time>
   </trkpt>
   <trkpt lat="36.6458220" lon="138.5282080">
    <ele>2150.3</ele>
    <time>2021-10-02T08:29:52Z</time>
   </trkpt>
   <trkpt lat="36.6458220" lon="138.5282080">
    <ele>2150.3</ele>
    <time>2021-10-02T08:29:53Z</time>
   </trkpt>
   <trkpt lat="36.6458220" lon="138.5282080">
    <ele>2150.3</ele>
    <time>2021-10-02T08:29:54Z</time>
   </trkpt>
   <trkpt lat="36.6458220" lon="138.5282080">
    <ele>2150.3</ele>
    <time>2021-10-02T08:29:55Z</time>
   </trkpt>
   <trkpt lat="36.6458230" lon="138.5282070">
    <ele>2150.3</ele>
    <time>2021-10-02T08:29:56Z</time>
   </trkpt>
   <trkpt lat="36.6458230" lon="138.5282070">
    <ele>2150.3</ele>
    <time>2021-10-02T08:29:57Z</time>
   </trkpt>
   <trkpt lat="36.6458230" lon="138.5282070">
    <ele>2150.3</ele>
    <time>2021-10-02T08:29:58Z</time>
   </trkpt>
   <trkpt lat="36.6458230" lon="138.5282070">
    <ele>2150.3</ele>
    <time>2021-10-02T08:29:59Z</time>
   </trkpt>
   <trkpt lat="36.6458230" lon="138.5282070">
    <ele>2150.3</ele>
    <time>2021-10-02T08:30:00Z</time>
   </trkpt>
   <trkpt lat="36.6458230" lon="138.5282060">
    <ele>2150.3</ele>
    <time>2021-10-02T08:30:01Z</time>
   </trkpt>
   <trkpt lat="36.6458230" lon="138.5282060">
    <ele>2150.3</ele>
    <time>2021-10-02T08:30:02Z</time>
   </trkpt>
   <trkpt lat="36.6458230" lon="138.5282060">
    <ele>2150.3</ele>
    <time>2021-10-02T08:30:03Z</time>
   </trkpt>
   <trkpt lat="36.6458230" lon="138.5282060">
    <ele>2150.3</ele>
    <time>2021-10-02T08:30:04Z</time>
   </trkpt>
   <trkpt lat="36.6458240" lon="138.5282060">
    <ele>2150.3</ele>
    <time>2021-10-02T08:30:05Z</time>
   </trkpt>
   <trkpt lat="36.6458240" lon="138.5282050">
    <ele>2150.3</ele>
    <time>2021-10-02T08:30:06Z</time>
   </trkpt>
   <trkpt lat="36.6458240" lon="138.5282050">
    <ele>2150.3</ele>
    <time>2021-10-02T08:30:07Z</time>
   </trkpt>
   <trkpt lat="36.6458240" lon="138.5282050">
    <ele>2150.3</ele>
    <time>2021-10-02T08:30:08Z</time>
   </trkpt>
   <trkpt lat="36.6458240" lon="138.5282050">
    <ele>2150.3</ele>
    <time>2021-10-02T08:30:09Z</time>
   </trkpt>
   <trkpt lat="36.6458240" lon="138.5282050">
    <ele>2150.3</ele>
    <time>2021-10-02T08:30:10Z</time>
   </trkpt>
   <trkpt lat="36.6458240" lon="138.5282040">
    <ele>2150.3</ele>
    <time>2021-10-02T08:30:11Z</time>
   </trkpt>
   <trkpt lat="36.6458240" lon="138.5282040">
    <ele>2150.3</ele>
    <time>2021-10-02T08:30:12Z</time>
   </trkpt>
   <trkpt lat="36.6458240" lon="138.5282040">
    <ele>2150.3</ele>
    <time>2021-10-02T08:30:13Z</time>
   </trkpt>
   <trkpt lat="36.6458250" lon="138.5282040">
    <ele>2150.3</ele>
    <time>2021-10-02T08:30:14Z</time>
   </trkpt>
   <trkpt lat="36.6458250" lon="138.5282040">
    <ele>2150.3</ele>
    <time>2021-10-02T08:30:15Z</time>
   </trkpt>
   <trkpt lat="36.6458250" lon="138.5282040">
    <ele>2150.3</ele>
    <time>2021-10-02T08:30:16Z</time>
   </trkpt>
   <trkpt lat="36.6458250" lon="138.5282030">
    <ele>2150.3</ele>
    <time>2021-10-02T08:30:17Z</time>
   </trkpt>
   <trkpt lat="36.6458250" lon="138.5282030">
    <ele>2150.3</ele>
    <time>2021-10-02T08:30:18Z</time>
   </trkpt>
   <trkpt lat="36.6458250" lon="138.5282030">
    <ele>2150.3</ele>
    <time>2021-10-02T08:30:19Z</time>
   </trkpt>
   <trkpt lat="36.6458250" lon="138.5282030">
    <ele>2150.3</ele>
    <time>2021-10-02T08:30:20Z</time>
   </trkpt>
   <trkpt lat="36.6458250" lon="138.5282030">
    <ele>2150.3</ele>
    <time>2021-10-02T08:30:21Z</time>
   </trkpt>
   <trkpt lat="36.6458250" lon="138.5282020">
    <ele>2150.3</ele>
    <time>2021-10-02T08:30:22Z</time>
   </trkpt>
   <trkpt lat="36.6458260" lon="138.5282020">
    <ele>2150.3</ele>
    <time>2021-10-02T08:30:23Z</time>
   </trkpt>
   <trkpt lat="36.6458260" lon="138.5282020">
    <ele>2150.3</ele>
    <time>2021-10-02T08:30:24Z</time>
   </trkpt>
   <trkpt lat="36.6458260" lon="138.5282020">
    <ele>2150.3</ele>
    <time>2021-10-02T08:30:25Z</time>
   </trkpt>
   <trkpt lat="36.6458260" lon="138.5282020">
    <ele>2150.3</ele>
    <time>2021-10-02T08:30:26Z</time>
   </trkpt>
   <trkpt lat="36.6458260" lon="138.5282010">
    <ele>2150.3</ele>
    <time>2021-10-02T08:30:27Z</time>
   </trkpt>
   <trkpt lat="36.6458260" lon="138.5282010">
    <ele>2150.3</ele>
    <time>2021-10-02T08:30:28Z</time>
   </trkpt>
   <trkpt lat="36.6458260" lon="138.5282010">
    <ele>2150.3</ele>
    <time>2021-10-02T08:30:29Z</time>
   </trkpt>
   <trkpt lat="36.6458260" lon="138.5282010">
    <ele>2150.3</ele>
    <time>2021-10-02T08:30:30Z</time>
   </trkpt>
   <trkpt lat="36.6458270" lon="138.5282010">
    <ele>2150.3</ele>
    <time>2021-10-02T08:30:31Z</time>
   </trkpt>
   <trkpt lat="36.6458270" lon="138.5282000">
    <ele>2150.3</ele>
    <time>2021-10-02T08:30:32Z</time>
   </trkpt>
   <trkpt lat="36.6458270" lon="138.5282000">
    <ele>2150.3</ele>
    <time>2021-10-02T08:30:33Z</time>
   </trkpt>
   <trkpt lat="36.6458270" lon="138.5282000">
    <ele>2150.3</ele>
    <time>2021-10-02T08:30:34Z</time>
   </trkpt>
   <trkpt lat="36.6458270" lon="138.5282000">
    <ele>2150.3</ele>
    <time>2021-10-02T08:30:35Z</time>
   </trkpt>
   <trkpt lat="36.6458270" lon="138.5282000">
    <ele>2150.3</ele>
    <time>2021-10-02T08:30:36Z</time>
   </trkpt>
   <trkpt lat="36.6458270" lon="138.5281990">
    <ele>2149.9</ele>
    <time>2021-10-02T08:30:37Z</time>
   </trkpt>
   <trkpt lat="36.6458270" lon="138.5281990">
    <ele>2149.9</ele>
    <time>2021-10-02T08:30:38Z</time>
   </trkpt>
   <trkpt lat="36.6458270" lon="138.5281990">
    <ele>2149.9</ele>
    <time>2021-10-02T08:30:39Z</time>
   </trkpt>
   <trkpt lat="36.6458280" lon="138.5281990">
    <ele>2149.9</ele>
    <time>2021-10-02T08:30:40Z</time>
   </trkpt>
   <trkpt lat="36.6458280" lon="138.5281990">
    <ele>2149.9</ele>
    <time>2021-10-02T08:30:41Z</time>
   </trkpt>
   <trkpt lat="36.6458280" lon="138.5281990">
    <ele>2149.9</ele>
    <time>2021-10-02T08:30:42Z</time>
   </trkpt>
   <trkpt lat="36.6458280" lon="138.5281980">
    <ele>2149.9</ele>
    <time>2021-10-02T08:30:43Z</time>
   </trkpt>
   <trkpt lat="36.6458280" lon="138.5281980">
    <ele>2149.9</ele>
    <time>2021-10-02T08:30:44Z</time>
   </trkpt>
   <trkpt lat="36.6458280" lon="138.5281980">
    <ele>2149.9</ele>
    <time>2021-10-02T08:30:45Z</time>
   </trkpt>
   <trkpt lat="36.6458280" lon="138.5281980">
    <ele>2149.9</ele>
    <time>2021-10-02T08:30:46Z</time>
   </trkpt>
   <trkpt lat="36.6458280" lon="138.5281980">
    <ele>2149.9</ele>
    <time>2021-10-02T08:30:47Z</time>
   </trkpt>
   <trkpt lat="36.6458280" lon="138.5281970">
    <ele>2149.9</ele>
    <time>2021-10-02T08:30:48Z</time>
   </trkpt>
   <trkpt lat="36.6458290" lon="138.5281970">
    <ele>2149.9</ele>
    <time>2021-10-02T08:30:49Z</time>
   </trkpt>
   <trkpt lat="36.6458290" lon="138.5281970">
    <ele>2149.9</ele>
    <time>2021-10-02T08:30:50Z</time>
   </trkpt>
   <trkpt lat="36.6458290" lon="138.5281970">
    <ele>2149.9</ele>
    <time>2021-10-02T08:30:51Z</time>
   </trkpt>
   <trkpt lat="36.6458290" lon="138.5281970">
    <ele>2149.9</ele>
    <time>2021-10-02T08:30:52Z</time>
   </trkpt>
   <trkpt lat="36.6458290" lon="138.5281960">
    <ele>2149.9</ele>
    <time>2021-10-02T08:30:53Z</time>
   </trkpt>
   <trkpt lat="36.6458290" lon="138.5281960">
    <ele>2149.9</ele>
    <time>2021-10-02T08:30:54Z</time>
   </trkpt>
   <trkpt lat="36.6458290" lon="138.5281960">
    <ele>2149.9</ele>
    <time>2021-10-02T08:30:55Z</time>
   </trkpt>
   <trkpt lat="36.6458290" lon="138.5281960">
    <ele>2149.9</ele>
    <time>2021-10-02T08:30:56Z</time>
   </trkpt>
   <trkpt lat="36.6458290" lon="138.5281960">
    <ele>2149.9</ele>
    <time>2021-10-02T08:30:57Z</time>
   </trkpt>
   <trkpt lat="36.6458300" lon="138.5281950">
    <ele>2149.9</ele>
    <time>2021-10-02T08:30:58Z</time>
   </trkpt>
   <trkpt lat="36.6458300" lon="138.5281950">
    <ele>2149.9</ele>
    <time>2021-10-02T08:30:59Z</time>
   </trkpt>
   <trkpt lat="36.6458300" lon="138.5281950">
    <ele>2149.9</ele>
    <time>2021-10-02T08:31:00Z</time>
   </trkpt>
   <trkpt lat="36.6458300" lon="138.5281950">
    <ele>2149.9</ele>
    <time>2021-10-02T08:31:01Z</time>
   </trkpt>
   <trkpt lat="36.6458300" lon="138.5281950">
    <ele>2149.9</ele>
    <time>2021-10-02T08:31:02Z</time>
   </trkpt>
   <trkpt lat="36.6458300" lon="138.5281940">
    <ele>2149.9</ele>
    <time>2021-10-02T08:31:03Z</time>
   </trkpt>
   <trkpt lat="36.6458300" lon="138.5281940">
    <ele>2149.9</ele>
    <time>2021-10-02T08:31:05Z</time>
   </trkpt>
   <trkpt lat="36.6458300" lon="138.5281940">
    <ele>2149.9</ele>
    <time>2021-10-02T08:31:06Z</time>
   </trkpt>
   <trkpt lat="36.6458300" lon="138.5281940">
    <ele>2149.9</ele>
    <time>2021-10-02T08:31:07Z</time>
   </trkpt>
   <trkpt lat="36.6458310" lon="138.5281940">
    <ele>2149.9</ele>
    <time>2021-10-02T08:31:08Z</time>
   </trkpt>
   <trkpt lat="36.6458310" lon="138.5281930">
    <ele>2149.9</ele>
    <time>2021-10-02T08:31:09Z</time>
   </trkpt>
   <trkpt lat="36.6458310" lon="138.5281930">
    <ele>2149.9</ele>
    <time>2021-10-02T08:31:10Z</time>
   </trkpt>
   <trkpt lat="36.6458310" lon="138.5281930">
    <ele>2149.9</ele>
    <time>2021-10-02T08:31:11Z</time>
   </trkpt>
   <trkpt lat="36.6458310" lon="138.5281930">
    <ele>2149.9</ele>
    <time>2021-10-02T08:31:12Z</time>
   </trkpt>
   <trkpt lat="36.6458310" lon="138.5281930">
    <ele>2149.9</ele>
    <time>2021-10-02T08:31:13Z</time>
   </trkpt>
   <trkpt lat="36.6458310" lon="138.5281930">
    <ele>2149.9</ele>
    <time>2021-10-02T08:31:14Z</time>
   </trkpt>
   <trkpt lat="36.6458310" lon="138.5281920">
    <ele>2149.9</ele>
    <time>2021-10-02T08:31:15Z</time>
   </trkpt>
   <trkpt lat="36.6458310" lon="138.5281920">
    <ele>2149.9</ele>
    <time>2021-10-02T08:31:16Z</time>
   </trkpt>
   <trkpt lat="36.6458320" lon="138.5281920">
    <ele>2149.9</ele>
    <time>2021-10-02T08:31:17Z</time>
   </trkpt>
   <trkpt lat="36.6458320" lon="138.5281920">
    <ele>2149.9</ele>
    <time>2021-10-02T08:31:18Z</time>
   </trkpt>
   <trkpt lat="36.6458320" lon="138.5281920">
    <ele>2149.9</ele>
    <time>2021-10-02T08:31:19Z</time>
   </trkpt>
   <trkpt lat="36.6458320" lon="138.5281910">
    <ele>2149.9</ele>
    <time>2021-10-02T08:31:20Z</time>
   </trkpt>
   <trkpt lat="36.6458320" lon="138.5281910">
    <ele>2149.9</ele>
    <time>2021-10-02T08:31:21Z</time>
   </trkpt>
   <trkpt lat="36.6458320" lon="138.5281910">
    <ele>2149.9</ele>
    <time>2021-10-02T08:31:22Z</time>
   </trkpt>
   <trkpt lat="36.6458320" lon="138.5281910">
    <ele>2149.9</ele>
    <time>2021-10-02T08:31:23Z</time>
   </trkpt>
   <trkpt lat="36.6458320" lon="138.5281910">
    <ele>2149.9</ele>
    <time>2021-10-02T08:31:24Z</time>
   </trkpt>
   <trkpt lat="36.6458320" lon="138.5281900">
    <ele>2149.9</ele>
    <time>2021-10-02T08:31:25Z</time>
   </trkpt>
   <trkpt lat="36.6458330" lon="138.5281900">
    <ele>2149.9</ele>
    <time>2021-10-02T08:31:26Z</time>
   </trkpt>
   <trkpt lat="36.6458330" lon="138.5281900">
    <ele>2149.9</ele>
    <time>2021-10-02T08:31:27Z</time>
   </trkpt>
   <trkpt lat="36.6458330" lon="138.5281900">
    <ele>2149.9</ele>
    <time>2021-10-02T08:31:28Z</time>
   </trkpt>
   <trkpt lat="36.6458330" lon="138.5281900">
    <ele>2149.9</ele>
    <time>2021-10-02T08:31:29Z</time>
   </trkpt>
   <trkpt lat="36.6458330" lon="138.5281890">
    <ele>2149.9</ele>
    <time>2021-10-02T08:31:30Z</time>
   </trkpt>
   <trkpt lat="36.6458330" lon="138.5281890">
    <ele>2149.9</ele>
    <time>2021-10-02T08:31:31Z</time>
   </trkpt>
   <trkpt lat="36.6458330" lon="138.5281890">
    <ele>2149.9</ele>
    <time>2021-10-02T08:31:32Z</time>
   </trkpt>
   <trkpt lat="36.6458330" lon="138.5281890">
    <ele>2149.9</ele>
    <time>2021-10-02T08:31:33Z</time>
   </trkpt>
   <trkpt lat="36.6458330" lon="138.5281890">
    <ele>2149.9</ele>
    <time>2021-10-02T08:31:34Z</time>
   </trkpt>
   <trkpt lat="36.6458340" lon="138.5281880">
    <ele>2149.9</ele>
    <time>2021-10-02T08:31:35Z</time>
   </trkpt>
   <trkpt lat="36.6458340" lon="138.5281880">
    <ele>2149.9</ele>
    <time>2021-10-02T08:31:36Z</time>
   </trkpt>
   <trkpt lat="36.6458340" lon="138.5281880">
    <ele>2149.9</ele>
    <time>2021-10-02T08:31:37Z</time>
   </trkpt>
   <trkpt lat="36.6458340" lon="138.5281880">
    <ele>2149.9</ele>
    <time>2021-10-02T08:31:38Z</time>
   </trkpt>
   <trkpt lat="36.6458340" lon="138.5281880">
    <ele>2149.9</ele>
    <time>2021-10-02T08:31:39Z</time>
   </trkpt>
   <trkpt lat="36.6458340" lon="138.5281880">
    <ele>2149.9</ele>
    <time>2021-10-02T08:31:40Z</time>
   </trkpt>
   <trkpt lat="36.6458340" lon="138.5281870">
    <ele>2149.9</ele>
    <time>2021-10-02T08:31:41Z</time>
   </trkpt>
   <trkpt lat="36.6458340" lon="138.5281870">
    <ele>2149.9</ele>
    <time>2021-10-02T08:31:42Z</time>
   </trkpt>
   <trkpt lat="36.6458340" lon="138.5281870">
    <ele>2149.9</ele>
    <time>2021-10-02T08:31:43Z</time>
   </trkpt>
   <trkpt lat="36.6458350" lon="138.5281870">
    <ele>2149.7</ele>
    <time>2021-10-02T08:31:44Z</time>
   </trkpt>
   <trkpt lat="36.6458350" lon="138.5281870">
    <ele>2149.7</ele>
    <time>2021-10-02T08:31:45Z</time>
   </trkpt>
   <trkpt lat="36.6458350" lon="138.5281860">
    <ele>2149.7</ele>
    <time>2021-10-02T08:31:46Z</time>
   </trkpt>
   <trkpt lat="36.6458350" lon="138.5281860">
    <ele>2149.7</ele>
    <time>2021-10-02T08:31:47Z</time>
   </trkpt>
   <trkpt lat="36.6458350" lon="138.5281860">
    <ele>2149.7</ele>
    <time>2021-10-02T08:31:48Z</time>
   </trkpt>
   <trkpt lat="36.6458350" lon="138.5281860">
    <ele>2149.7</ele>
    <time>2021-10-02T08:31:49Z</time>
   </trkpt>
   <trkpt lat="36.6458350" lon="138.5281860">
    <ele>2149.7</ele>
    <time>2021-10-02T08:31:50Z</time>
   </trkpt>
   <trkpt lat="36.6458350" lon="138.5281850">
    <ele>2149.7</ele>
    <time>2021-10-02T08:31:51Z</time>
   </trkpt>
   <trkpt lat="36.6458350" lon="138.5281850">
    <ele>2149.7</ele>
    <time>2021-10-02T08:31:52Z</time>
   </trkpt>
   <trkpt lat="36.6458360" lon="138.5281850">
    <ele>2149.7</ele>
    <time>2021-10-02T08:31:53Z</time>
   </trkpt>
   <trkpt lat="36.6458360" lon="138.5281850">
    <ele>2149.7</ele>
    <time>2021-10-02T08:31:54Z</time>
   </trkpt>
   <trkpt lat="36.6458360" lon="138.5281850">
    <ele>2149.7</ele>
    <time>2021-10-02T08:31:55Z</time>
   </trkpt>
   <trkpt lat="36.6458360" lon="138.5281840">
    <ele>2149.7</ele>
    <time>2021-10-02T08:31:56Z</time>
   </trkpt>
   <trkpt lat="36.6458360" lon="138.5281840">
    <ele>2149.7</ele>
    <time>2021-10-02T08:31:57Z</time>
   </trkpt>
   <trkpt lat="36.6458360" lon="138.5281840">
    <ele>2149.7</ele>
    <time>2021-10-02T08:31:58Z</time>
   </trkpt>
   <trkpt lat="36.6458360" lon="138.5281840">
    <ele>2149.7</ele>
    <time>2021-10-02T08:31:59Z</time>
   </trkpt>
   <trkpt lat="36.6458360" lon="138.5281840">
    <ele>2149.7</ele>
    <time>2021-10-02T08:32:00Z</time>
   </trkpt>
   <trkpt lat="36.6458360" lon="138.5281830">
    <ele>2149.7</ele>
    <time>2021-10-02T08:32:01Z</time>
   </trkpt>
   <trkpt lat="36.6458370" lon="138.5281830">
    <ele>2149.7</ele>
    <time>2021-10-02T08:32:02Z</time>
   </trkpt>
   <trkpt lat="36.6458370" lon="138.5281830">
    <ele>2149.7</ele>
    <time>2021-10-02T08:32:03Z</time>
   </trkpt>
   <trkpt lat="36.6458370" lon="138.5281830">
    <ele>2149.7</ele>
    <time>2021-10-02T08:32:04Z</time>
   </trkpt>
   <trkpt lat="36.6458370" lon="138.5281830">
    <ele>2149.7</ele>
    <time>2021-10-02T08:32:05Z</time>
   </trkpt>
   <trkpt lat="36.6458370" lon="138.5281820">
    <ele>2149.7</ele>
    <time>2021-10-02T08:32:06Z</time>
   </trkpt>
   <trkpt lat="36.6458370" lon="138.5281820">
    <ele>2149.7</ele>
    <time>2021-10-02T08:32:07Z</time>
   </trkpt>
   <trkpt lat="36.6458370" lon="138.5281820">
    <ele>2149.7</ele>
    <time>2021-10-02T08:32:08Z</time>
   </trkpt>
   <trkpt lat="36.6458370" lon="138.5281820">
    <ele>2149.7</ele>
    <time>2021-10-02T08:32:09Z</time>
   </trkpt>
   <trkpt lat="36.6458380" lon="138.5281820">
    <ele>2149.7</ele>
    <time>2021-10-02T08:32:10Z</time>
   </trkpt>
   <trkpt lat="36.6458380" lon="138.5281820">
    <ele>2149.7</ele>
    <time>2021-10-02T08:32:11Z</time>
   </trkpt>
   <trkpt lat="36.6458380" lon="138.5281810">
    <ele>2149.7</ele>
    <time>2021-10-02T08:32:12Z</time>
   </trkpt>
   <trkpt lat="36.6458380" lon="138.5281810">
    <ele>2149.7</ele>
    <time>2021-10-02T08:32:13Z</time>
   </trkpt>
   <trkpt lat="36.6458380" lon="138.5281810">
    <ele>2149.7</ele>
    <time>2021-10-02T08:32:14Z</time>
   </trkpt>
   <trkpt lat="36.6458380" lon="138.5281810">
    <ele>2149.7</ele>
    <time>2021-10-02T08:32:15Z</time>
   </trkpt>
   <trkpt lat="36.6458380" lon="138.5281810">
    <ele>2149.7</ele>
    <time>2021-10-02T08:32:16Z</time>
   </trkpt>
   <trkpt lat="36.6458380" lon="138.5281800">
    <ele>2149.7</ele>
    <time>2021-10-02T08:32:17Z</time>
   </trkpt>
   <trkpt lat="36.6458380" lon="138.5281800">
    <ele>2149.7</ele>
    <time>2021-10-02T08:32:18Z</time>
   </trkpt>
   <trkpt lat="36.6458390" lon="138.5281800">
    <ele>2149.7</ele>
    <time>2021-10-02T08:32:19Z</time>
   </trkpt>
   <trkpt lat="36.6458390" lon="138.5281800">
    <ele>2149.7</ele>
    <time>2021-10-02T08:32:20Z</time>
   </trkpt>
   <trkpt lat="36.6458390" lon="138.5281800">
    <ele>2149.7</ele>
    <time>2021-10-02T08:32:21Z</time>
   </trkpt>
   <trkpt lat="36.6458390" lon="138.5281790">
    <ele>2149.7</ele>
    <time>2021-10-02T08:32:22Z</time>
   </trkpt>
   <trkpt lat="36.6458390" lon="138.5281790">
    <ele>2149.7</ele>
    <time>2021-10-02T08:32:23Z</time>
   </trkpt>
   <trkpt lat="36.6458390" lon="138.5281790">
    <ele>2149.7</ele>
    <time>2021-10-02T08:32:24Z</time>
   </trkpt>
   <trkpt lat="36.6458390" lon="138.5281790">
    <ele>2149.7</ele>
    <time>2021-10-02T08:32:25Z</time>
   </trkpt>
   <trkpt lat="36.6458390" lon="138.5281790">
    <ele>2149.7</ele>
    <time>2021-10-02T08:32:26Z</time>
   </trkpt>
   <trkpt lat="36.6458390" lon="138.5281780">
    <ele>2149.7</ele>
    <time>2021-10-02T08:32:27Z</time>
   </trkpt>
   <trkpt lat="36.6458400" lon="138.5281780">
    <ele>2149.7</ele>
    <time>2021-10-02T08:32:28Z</time>
   </trkpt>
   <trkpt lat="36.6458400" lon="138.5281780">
    <ele>2149.7</ele>
    <time>2021-10-02T08:32:29Z</time>
   </trkpt>
   <trkpt lat="36.6458400" lon="138.5281780">
    <ele>2149.7</ele>
    <time>2021-10-02T08:32:30Z</time>
   </trkpt>
   <trkpt lat="36.6458400" lon="138.5281780">
    <ele>2149.7</ele>
    <time>2021-10-02T08:32:31Z</time>
   </trkpt>
   <trkpt lat="36.6458400" lon="138.5281770">
    <ele>2149.7</ele>
    <time>2021-10-02T08:32:32Z</time>
   </trkpt>
   <trkpt lat="36.6458400" lon="138.5281770">
    <ele>2149.7</ele>
    <time>2021-10-02T08:32:33Z</time>
   </trkpt>
   <trkpt lat="36.6458400" lon="138.5281770">
    <ele>2149.7</ele>
    <time>2021-10-02T08:32:34Z</time>
   </trkpt>
   <trkpt lat="36.6458400" lon="138.5281770">
    <ele>2149.7</ele>
    <time>2021-10-02T08:32:35Z</time>
   </trkpt>
   <trkpt lat="36.6458400" lon="138.5281770">
    <ele>2149.7</ele>
    <time>2021-10-02T08:32:36Z</time>
   </trkpt>
   <trkpt lat="36.6458410" lon="138.5281770">
    <ele>2149.7</ele>
    <time>2021-10-02T08:32:37Z</time>
   </trkpt>
   <trkpt lat="36.6458410" lon="138.5281760">
    <ele>2149.7</ele>
    <time>2021-10-02T08:32:38Z</time>
   </trkpt>
   <trkpt lat="36.6458410" lon="138.5281760">
    <ele>2149.7</ele>
    <time>2021-10-02T08:32:39Z</time>
   </trkpt>
   <trkpt lat="36.6458410" lon="138.5281760">
    <ele>2149.7</ele>
    <time>2021-10-02T08:32:40Z</time>
   </trkpt>
   <trkpt lat="36.6458410" lon="138.5281760">
    <ele>2149.7</ele>
    <time>2021-10-02T08:32:41Z</time>
   </trkpt>
   <trkpt lat="36.6458410" lon="138.5281760">
    <ele>2149.7</ele>
    <time>2021-10-02T08:32:42Z</time>
   </trkpt>
   <trkpt lat="36.6458410" lon="138.5281750">
    <ele>2149.7</ele>
    <time>2021-10-02T08:32:43Z</time>
   </trkpt>
   <trkpt lat="36.6458410" lon="138.5281750">
    <ele>2149.7</ele>
    <time>2021-10-02T08:32:44Z</time>
   </trkpt>
   <trkpt lat="36.6458410" lon="138.5281750">
    <ele>2149.7</ele>
    <time>2021-10-02T08:32:45Z</time>
   </trkpt>
   <trkpt lat="36.6458420" lon="138.5281750">
    <ele>2149.7</ele>
    <time>2021-10-02T08:32:46Z</time>
   </trkpt>
   <trkpt lat="36.6458420" lon="138.5281750">
    <ele>2149.7</ele>
    <time>2021-10-02T08:32:47Z</time>
   </trkpt>
   <trkpt lat="36.6458420" lon="138.5281740">
    <ele>2149.7</ele>
    <time>2021-10-02T08:32:48Z</time>
   </trkpt>
   <trkpt lat="36.6458420" lon="138.5281740">
    <ele>2149.7</ele>
    <time>2021-10-02T08:32:49Z</time>
   </trkpt>
   <trkpt lat="36.6458420" lon="138.5281740">
    <ele>2149.7</ele>
    <time>2021-10-02T08:32:50Z</time>
   </trkpt>
   <trkpt lat="36.6458440" lon="138.5281770">
    <ele>2149.7</ele>
    <time>2021-10-02T08:32:51Z</time>
   </trkpt>
   <trkpt lat="36.6458440" lon="138.5281770">
    <ele>2149.7</ele>
    <time>2021-10-02T08:32:52Z</time>
   </trkpt>
   <trkpt lat="36.6458440" lon="138.5281780">
    <ele>2149.7</ele>
    <time>2021-10-02T08:32:53Z</time>
   </trkpt>
   <trkpt lat="36.6458440" lon="138.5281790">
    <ele>2149.7</ele>
    <time>2021-10-02T08:32:54Z</time>
   </trkpt>
   <trkpt lat="36.6458440" lon="138.5281810">
    <ele>2149.7</ele>
    <time>2021-10-02T08:32:55Z</time>
   </trkpt>
   <trkpt lat="36.6458450" lon="138.5281800">
    <ele>2149.7</ele>
    <time>2021-10-02T08:32:56Z</time>
   </trkpt>
   <trkpt lat="36.6458440" lon="138.5281790">
    <ele>2149.7</ele>
    <time>2021-10-02T08:32:57Z</time>
   </trkpt>
   <trkpt lat="36.6458460" lon="138.5281770">
    <ele>2149.7</ele>
    <time>2021-10-02T08:32:58Z</time>
   </trkpt>
   <trkpt lat="36.6458460" lon="138.5281780">
    <ele>2149.7</ele>
    <time>2021-10-02T08:32:59Z</time>
   </trkpt>
   <trkpt lat="36.6458470" lon="138.5281740">
    <ele>2149.7</ele>
    <time>2021-10-02T08:33:00Z</time>
   </trkpt>
   <trkpt lat="36.6458460" lon="138.5281710">
    <ele>2149.7</ele>
    <time>2021-10-02T08:33:01Z</time>
   </trkpt>
   <trkpt lat="36.6458420" lon="138.5281520">
    <ele>2149.1</ele>
    <time>2021-10-02T08:33:02Z</time>
   </trkpt>
   <trkpt lat="36.6458490" lon="138.5281630">
    <ele>2149.7</ele>
    <time>2021-10-02T08:33:03Z</time>
   </trkpt>
   <trkpt lat="36.6458470" lon="138.5281610">
    <ele>2149.7</ele>
    <time>2021-10-02T08:33:04Z</time>
   </trkpt>
   <trkpt lat="36.6458480" lon="138.5281610">
    <ele>2149.7</ele>
    <time>2021-10-02T08:33:05Z</time>
   </trkpt>
   <trkpt lat="36.6458490" lon="138.5281590">
    <ele>2149.7</ele>
    <time>2021-10-02T08:33:06Z</time>
   </trkpt>
   <trkpt lat="36.6458510" lon="138.5281590">
    <ele>2149.7</ele>
    <time>2021-10-02T08:33:07Z</time>
   </trkpt>
   <trkpt lat="36.6458530" lon="138.5281600">
    <ele>2149.7</ele>
    <time>2021-10-02T08:33:08Z</time>
   </trkpt>
   <trkpt lat="36.6458520" lon="138.5281580">
    <ele>2149.7</ele>
    <time>2021-10-02T08:33:09Z</time>
   </trkpt>
   <trkpt lat="36.6458520" lon="138.5281610">
    <ele>2149.7</ele>
    <time>2021-10-02T08:33:11Z</time>
   </trkpt>
   <trkpt lat="36.6458510" lon="138.5281610">
    <ele>2149.7</ele>
    <time>2021-10-02T08:33:12Z</time>
   </trkpt>
   <trkpt lat="36.6458520" lon="138.5281610">
    <ele>2149.7</ele>
    <time>2021-10-02T08:33:13Z</time>
   </trkpt>
   <trkpt lat="36.6458520" lon="138.5281620">
    <ele>2149.7</ele>
    <time>2021-10-02T08:33:14Z</time>
   </trkpt>
   <trkpt lat="36.6458520" lon="138.5281620">
    <ele>2149.7</ele>
    <time>2021-10-02T08:33:15Z</time>
   </trkpt>
   <trkpt lat="36.6458520" lon="138.5281630">
    <ele>2149.7</ele>
    <time>2021-10-02T08:33:16Z</time>
   </trkpt>
   <trkpt lat="36.6458540" lon="138.5281630">
    <ele>2149.7</ele>
    <time>2021-10-02T08:33:17Z</time>
   </trkpt>
   <trkpt lat="36.6458570" lon="138.5281610">
    <ele>2149.7</ele>
    <time>2021-10-02T08:33:18Z</time>
   </trkpt>
   <trkpt lat="36.6458560" lon="138.5281620">
    <ele>2149.7</ele>
    <time>2021-10-02T08:33:19Z</time>
   </trkpt>
   <trkpt lat="36.6458550" lon="138.5281620">
    <ele>2149.7</ele>
    <time>2021-10-02T08:33:20Z</time>
   </trkpt>
   <trkpt lat="36.6458550" lon="138.5281620">
    <ele>2149.7</ele>
    <time>2021-10-02T08:33:21Z</time>
   </trkpt>
   <trkpt lat="36.6458570" lon="138.5281660">
    <ele>2149.7</ele>
    <time>2021-10-02T08:33:22Z</time>
   </trkpt>
   <trkpt lat="36.6458680" lon="138.5281600">
    <ele>2149.7</ele>
    <time>2021-10-02T08:33:23Z</time>
   </trkpt>
   <trkpt lat="36.6458670" lon="138.5281280">
    <ele>2149.1</ele>
    <time>2021-10-02T08:33:24Z</time>
   </trkpt>
   <trkpt lat="36.6458730" lon="138.5281220">
    <ele>2148.8</ele>
    <time>2021-10-02T08:33:25Z</time>
   </trkpt>
   <trkpt lat="36.6458790" lon="138.5281150">
    <ele>2148.8</ele>
    <time>2021-10-02T08:33:26Z</time>
   </trkpt>
   <trkpt lat="36.6458880" lon="138.5280980">
    <ele>2148.1</ele>
    <time>2021-10-02T08:33:27Z</time>
   </trkpt>
   <trkpt lat="36.6458940" lon="138.5280920">
    <ele>2148.1</ele>
    <time>2021-10-02T08:33:28Z</time>
   </trkpt>
   <trkpt lat="36.6459000" lon="138.5280830">
    <ele>2148.1</ele>
    <time>2021-10-02T08:33:29Z</time>
   </trkpt>
   <trkpt lat="36.6459060" lon="138.5280720">
    <ele>2147.6</ele>
    <time>2021-10-02T08:33:30Z</time>
   </trkpt>
   <trkpt lat="36.6459120" lon="138.5280600">
    <ele>2146.8</ele>
    <time>2021-10-02T08:33:31Z</time>
   </trkpt>
   <trkpt lat="36.6459100" lon="138.5280530">
    <ele>2146.8</ele>
    <time>2021-10-02T08:33:32Z</time>
   </trkpt>
   <trkpt lat="36.6459150" lon="138.5280430">
    <ele>2146.8</ele>
    <time>2021-10-02T08:33:33Z</time>
   </trkpt>
   <trkpt lat="36.6459200" lon="138.5280390">
    <ele>2146.8</ele>
    <time>2021-10-02T08:33:34Z</time>
   </trkpt>
   <trkpt lat="36.6459170" lon="138.5280420">
    <ele>2146.8</ele>
    <time>2021-10-02T08:33:35Z</time>
   </trkpt>
   <trkpt lat="36.6459190" lon="138.5280350">
    <ele>2146.8</ele>
    <time>2021-10-02T08:33:36Z</time>
   </trkpt>
   <trkpt lat="36.6459240" lon="138.5280280">
    <ele>2146.8</ele>
    <time>2021-10-02T08:33:37Z</time>
   </trkpt>
   <trkpt lat="36.6459260" lon="138.5280190">
    <ele>2146.0</ele>
    <time>2021-10-02T08:33:38Z</time>
   </trkpt>
   <trkpt lat="36.6459280" lon="138.5280110">
    <ele>2146.0</ele>
    <time>2021-10-02T08:33:39Z</time>
   </trkpt>
   <trkpt lat="36.6459280" lon="138.5280030">
    <ele>2146.0</ele>
    <time>2021-10-02T08:33:40Z</time>
   </trkpt>
   <trkpt lat="36.6459310" lon="138.5280010">
    <ele>2146.0</ele>
    <time>2021-10-02T08:33:41Z</time>
   </trkpt>
   <trkpt lat="36.6459360" lon="138.5280000">
    <ele>2146.0</ele>
    <time>2021-10-02T08:33:42Z</time>
   </trkpt>
   <trkpt lat="36.6459470" lon="138.5279950">
    <ele>2145.3</ele>
    <time>2021-10-02T08:33:43Z</time>
   </trkpt>
   <trkpt lat="36.6459510" lon="138.5279900">
    <ele>2145.3</ele>
    <time>2021-10-02T08:33:44Z</time>
   </trkpt>
   <trkpt lat="36.6459540" lon="138.5279860">
    <ele>2145.3</ele>
    <time>2021-10-02T08:33:45Z</time>
   </trkpt>
   <trkpt lat="36.6459600" lon="138.5279840">
    <ele>2144.4</ele>
    <time>2021-10-02T08:33:46Z</time>
   </trkpt>
   <trkpt lat="36.6459710" lon="138.5279810">
    <ele>2144.4</ele>
    <time>2021-10-02T08:33:47Z</time>
   </trkpt>
   <trkpt lat="36.6459770" lon="138.5279720">
    <ele>2143.8</ele>
    <time>2021-10-02T08:33:48Z</time>
   </trkpt>
   <trkpt lat="36.6459790" lon="138.5279620">
    <ele>2143.8</ele>
    <time>2021-10-02T08:33:49Z</time>
   </trkpt>
   <trkpt lat="36.6459850" lon="138.5279560">
    <ele>2143.8</ele>
    <time>2021-10-02T08:33:50Z</time>
   </trkpt>
   <trkpt lat="36.6459890" lon="138.5279520">
    <ele>2143.8</ele>
    <time>2021-10-02T08:33:51Z</time>
   </trkpt>
   <trkpt lat="36.6459940" lon="138.5279490">
    <ele>2143.8</ele>
    <time>2021-10-02T08:33:52Z</time>
   </trkpt>
   <trkpt lat="36.6460000" lon="138.5279430">
    <ele>2143.8</ele>
    <time>2021-10-02T08:33:53Z</time>
   </trkpt>
   <trkpt lat="36.6460050" lon="138.5279340">
    <ele>2142.9</ele>
    <time>2021-10-02T08:33:54Z</time>
   </trkpt>
   <trkpt lat="36.6460080" lon="138.5279260">
    <ele>2142.2</ele>
    <time>2021-10-02T08:33:55Z</time>
   </trkpt>
   <trkpt lat="36.6460150" lon="138.5279230">
    <ele>2142.2</ele>
    <time>2021-10-02T08:33:56Z</time>
   </trkpt>
   <trkpt lat="36.6460240" lon="138.5279170">
    <ele>2142.2</ele>
    <time>2021-10-02T08:33:57Z</time>
   </trkpt>
   <trkpt lat="36.6460320" lon="138.5279080">
    <ele>2142.2</ele>
    <time>2021-10-02T08:33:58Z</time>
   </trkpt>
   <trkpt lat="36.6460380" lon="138.5278970">
    <ele>2141.4</ele>
    <time>2021-10-02T08:33:59Z</time>
   </trkpt>
   <trkpt lat="36.6460390" lon="138.5278900">
    <ele>2141.4</ele>
    <time>2021-10-02T08:34:00Z</time>
   </trkpt>
   <trkpt lat="36.6460460" lon="138.5278830">
    <ele>2140.8</ele>
    <time>2021-10-02T08:34:01Z</time>
   </trkpt>
   <trkpt lat="36.6460530" lon="138.5278750">
    <ele>2140.8</ele>
    <time>2021-10-02T08:34:02Z</time>
   </trkpt>
   <trkpt lat="36.6460520" lon="138.5278670">
    <ele>2140.8</ele>
    <time>2021-10-02T08:34:03Z</time>
   </trkpt>
   <trkpt lat="36.6460550" lon="138.5278700">
    <ele>2140.8</ele>
    <time>2021-10-02T08:34:04Z</time>
   </trkpt>
   <trkpt lat="36.6460570" lon="138.5278680">
    <ele>2140.8</ele>
    <time>2021-10-02T08:34:05Z</time>
   </trkpt>
   <trkpt lat="36.6460640" lon="138.5278540">
    <ele>2140.0</ele>
    <time>2021-10-02T08:34:06Z</time>
   </trkpt>
   <trkpt lat="36.6460670" lon="138.5278450">
    <ele>2140.0</ele>
    <time>2021-10-02T08:34:07Z</time>
   </trkpt>
   <trkpt lat="36.6460630" lon="138.5278440">
    <ele>2140.0</ele>
    <time>2021-10-02T08:34:08Z</time>
   </trkpt>
   <trkpt lat="36.6460660" lon="138.5278470">
    <ele>2140.0</ele>
    <time>2021-10-02T08:34:09Z</time>
   </trkpt>
   <trkpt lat="36.6460710" lon="138.5278420">
    <ele>2140.0</ele>
    <time>2021-10-02T08:34:10Z</time>
   </trkpt>
   <trkpt lat="36.6460780" lon="138.5278350">
    <ele>2139.4</ele>
    <time>2021-10-02T08:34:11Z</time>
   </trkpt>
   <trkpt lat="36.6460830" lon="138.5278290">
    <ele>2139.4</ele>
    <time>2021-10-02T08:34:12Z</time>
   </trkpt>
   <trkpt lat="36.6460880" lon="138.5278240">
    <ele>2139.4</ele>
    <time>2021-10-02T08:34:13Z</time>
   </trkpt>
   <trkpt lat="36.6460920" lon="138.5278120">
    <ele>2138.6</ele>
    <time>2021-10-02T08:34:14Z</time>
   </trkpt>
   <trkpt lat="36.6460990" lon="138.5278030">
    <ele>2138.6</ele>
    <time>2021-10-02T08:34:15Z</time>
   </trkpt>
   <trkpt lat="36.6461050" lon="138.5277980">
    <ele>2138.6</ele>
    <time>2021-10-02T08:34:16Z</time>
   </trkpt>
   <trkpt lat="36.6461110" lon="138.5277970">
    <ele>2138.1</ele>
    <time>2021-10-02T08:34:17Z</time>
   </trkpt>
   <trkpt lat="36.6461170" lon="138.5277970">
    <ele>2138.1</ele>
    <time>2021-10-02T08:34:18Z</time>
   </trkpt>
   <trkpt lat="36.6461240" lon="138.5277960">
    <ele>2138.1</ele>
    <time>2021-10-02T08:34:19Z</time>
   </trkpt>
   <trkpt lat="36.6461270" lon="138.5277940">
    <ele>2138.1</ele>
    <time>2021-10-02T08:34:20Z</time>
   </trkpt>
   <trkpt lat="36.6461320" lon="138.5277850">
    <ele>2138.1</ele>
    <time>2021-10-02T08:34:21Z</time>
   </trkpt>
   <trkpt lat="36.6461380" lon="138.5277780">
    <ele>2138.1</ele>
    <time>2021-10-02T08:34:22Z</time>
   </trkpt>
   <trkpt lat="36.6461410" lon="138.5277700">
    <ele>2137.4</ele>
    <time>2021-10-02T08:34:23Z</time>
   </trkpt>
   <trkpt lat="36.6461430" lon="138.5277660">
    <ele>2137.4</ele>
    <time>2021-10-02T08:34:24Z</time>
   </trkpt>
   <trkpt lat="36.6461480" lon="138.5277590">
    <ele>2137.0</ele>
    <time>2021-10-02T08:34:25Z</time>
   </trkpt>
   <trkpt lat="36.6461560" lon="138.5277550">
    <ele>2137.0</ele>
    <time>2021-10-02T08:34:26Z</time>
   </trkpt>
   <trkpt lat="36.6461640" lon="138.5277550">
    <ele>2137.0</ele>
    <time>2021-10-02T08:34:27Z</time>
   </trkpt>
   <trkpt lat="36.6461690" lon="138.5277510">
    <ele>2137.0</ele>
    <time>2021-10-02T08:34:28Z</time>
   </trkpt>
   <trkpt lat="36.6461760" lon="138.5277470">
    <ele>2137.0</ele>
    <time>2021-10-02T08:34:29Z</time>
   </trkpt>
   <trkpt lat="36.6461770" lon="138.5277450">
    <ele>2137.0</ele>
    <time>2021-10-02T08:34:30Z</time>
   </trkpt>
   <trkpt lat="36.6461790" lon="138.5277400">
    <ele>2136.5</ele>
    <time>2021-10-02T08:34:31Z</time>
   </trkpt>
   <trkpt lat="36.6461800" lon="138.5277340">
    <ele>2136.5</ele>
    <time>2021-10-02T08:34:32Z</time>
   </trkpt>
   <trkpt lat="36.6461790" lon="138.5277290">
    <ele>2136.5</ele>
    <time>2021-10-02T08:34:33Z</time>
   </trkpt>
   <trkpt lat="36.6461760" lon="138.5277290">
    <ele>2137.0</ele>
    <time>2021-10-02T08:34:34Z</time>
   </trkpt>
   <trkpt lat="36.6461730" lon="138.5277300">
    <ele>2137.0</ele>
    <time>2021-10-02T08:34:35Z</time>
   </trkpt>
   <trkpt lat="36.6461730" lon="138.5277220">
    <ele>2136.4</ele>
    <time>2021-10-02T08:34:36Z</time>
   </trkpt>
   <trkpt lat="36.6461730" lon="138.5277090">
    <ele>2136.4</ele>
    <time>2021-10-02T08:34:37Z</time>
   </trkpt>
   <trkpt lat="36.6461760" lon="138.5277070">
    <ele>2136.4</ele>
    <time>2021-10-02T08:34:38Z</time>
   </trkpt>
   <trkpt lat="36.6461860" lon="138.5277050">
    <ele>2135.9</ele>
    <time>2021-10-02T08:34:39Z</time>
   </trkpt>
   <trkpt lat="36.6461960" lon="138.5277020">
    <ele>2135.9</ele>
    <time>2021-10-02T08:34:40Z</time>
   </trkpt>
   <trkpt lat="36.6462010" lon="138.5277010">
    <ele>2135.9</ele>
    <time>2021-10-02T08:34:41Z</time>
   </trkpt>
   <trkpt lat="36.6462080" lon="138.5277040">
    <ele>2135.9</ele>
    <time>2021-10-02T08:34:42Z</time>
   </trkpt>
   <trkpt lat="36.6462140" lon="138.5277080">
    <ele>2135.4</ele>
    <time>2021-10-02T08:34:43Z</time>
   </trkpt>
   <trkpt lat="36.6462180" lon="138.5277100">
    <ele>2135.4</ele>
    <time>2021-10-02T08:34:44Z</time>
   </trkpt>
   <trkpt lat="36.6462250" lon="138.5277100">
    <ele>2135.4</ele>
    <time>2021-10-02T08:34:45Z</time>
   </trkpt>
   <trkpt lat="36.6462310" lon="138.5277050">
    <ele>2135.4</ele>
    <time>2021-10-02T08:34:46Z</time>
   </trkpt>
   <trkpt lat="36.6462360" lon="138.5277000">
    <ele>2135.4</ele>
    <time>2021-10-02T08:34:47Z</time>
   </trkpt>
   <trkpt lat="36.6462390" lon="138.5276930">
    <ele>2135.4</ele>
    <time>2021-10-02T08:34:48Z</time>
   </trkpt>
   <trkpt lat="36.6462450" lon="138.5276890">
    <ele>2135.4</ele>
    <time>2021-10-02T08:34:49Z</time>
   </trkpt>
   <trkpt lat="36.6462520" lon="138.5276900">
    <ele>2134.8</ele>
    <time>2021-10-02T08:34:50Z</time>
   </trkpt>
   <trkpt lat="36.6462580" lon="138.5276860">
    <ele>2134.8</ele>
    <time>2021-10-02T08:34:51Z</time>
   </trkpt>
   <trkpt lat="36.6462610" lon="138.5276830">
    <ele>2134.1</ele>
    <time>2021-10-02T08:34:52Z</time>
   </trkpt>
   <trkpt lat="36.6462660" lon="138.5276780">
    <ele>2134.1</ele>
    <time>2021-10-02T08:34:53Z</time>
   </trkpt>
   <trkpt lat="36.6462710" lon="138.5276710">
    <ele>2134.1</ele>
    <time>2021-10-02T08:34:54Z</time>
   </trkpt>
   <trkpt lat="36.6462740" lon="138.5276640">
    <ele>2134.1</ele>
    <time>2021-10-02T08:34:55Z</time>
   </trkpt>
   <trkpt lat="36.6462790" lon="138.5276570">
    <ele>2134.1</ele>
    <time>2021-10-02T08:34:56Z</time>
   </trkpt>
   <trkpt lat="36.6462820" lon="138.5276490">
    <ele>2133.5</ele>
    <time>2021-10-02T08:34:57Z</time>
   </trkpt>
   <trkpt lat="36.6462880" lon="138.5276420">
    <ele>2133.5</ele>
    <time>2021-10-02T08:34:58Z</time>
   </trkpt>
   <trkpt lat="36.6462950" lon="138.5276340">
    <ele>2132.6</ele>
    <time>2021-10-02T08:34:59Z</time>
   </trkpt>
   <trkpt lat="36.6462990" lon="138.5276250">
    <ele>2132.6</ele>
    <time>2021-10-02T08:35:00Z</time>
   </trkpt>
   <trkpt lat="36.6463000" lon="138.5276250">
    <ele>2132.6</ele>
    <time>2021-10-02T08:35:01Z</time>
   </trkpt>
   <trkpt lat="36.6463050" lon="138.5276130">
    <ele>2132.6</ele>
    <time>2021-10-02T08:35:02Z</time>
   </trkpt>
   <trkpt lat="36.6463100" lon="138.5276020">
    <ele>2132.6</ele>
    <time>2021-10-02T08:35:03Z</time>
   </trkpt>
   <trkpt lat="36.6463140" lon="138.5276060">
    <ele>2132.6</ele>
    <time>2021-10-02T08:35:04Z</time>
   </trkpt>
   <trkpt lat="36.6463170" lon="138.5276050">
    <ele>2132.0</ele>
    <time>2021-10-02T08:35:05Z</time>
   </trkpt>
   <trkpt lat="36.6463190" lon="138.5276060">
    <ele>2132.0</ele>
    <time>2021-10-02T08:35:06Z</time>
   </trkpt>
   <trkpt lat="36.6463230" lon="138.5276040">
    <ele>2132.0</ele>
    <time>2021-10-02T08:35:07Z</time>
   </trkpt>
   <trkpt lat="36.6463290" lon="138.5275970">
    <ele>2130.9</ele>
    <time>2021-10-02T08:35:08Z</time>
   </trkpt>
   <trkpt lat="36.6463350" lon="138.5275850">
    <ele>2130.9</ele>
    <time>2021-10-02T08:35:09Z</time>
   </trkpt>
   <trkpt lat="36.6463390" lon="138.5275730">
    <ele>2130.9</ele>
    <time>2021-10-02T08:35:10Z</time>
   </trkpt>
   <trkpt lat="36.6463380" lon="138.5275700">
    <ele>2130.9</ele>
    <time>2021-10-02T08:35:11Z</time>
   </trkpt>
   <trkpt lat="36.6463460" lon="138.5275690">
    <ele>2130.9</ele>
    <time>2021-10-02T08:35:12Z</time>
   </trkpt>
   <trkpt lat="36.6463580" lon="138.5275600">
    <ele>2130.4</ele>
    <time>2021-10-02T08:35:13Z</time>
   </trkpt>
   <trkpt lat="36.6463650" lon="138.5275590">
    <ele>2130.4</ele>
    <time>2021-10-02T08:35:14Z</time>
   </trkpt>
   <trkpt lat="36.6463730" lon="138.5275610">
    <ele>2130.4</ele>
    <time>2021-10-02T08:35:15Z</time>
   </trkpt>
   <trkpt lat="36.6463830" lon="138.5275600">
    <ele>2130.4</ele>
    <time>2021-10-02T08:35:17Z</time>
   </trkpt>
   <trkpt lat="36.6463890" lon="138.5275580">
    <ele>2129.9</ele>
    <time>2021-10-02T08:35:18Z</time>
   </trkpt>
   <trkpt lat="36.6463960" lon="138.5275580">
    <ele>2129.9</ele>
    <time>2021-10-02T08:35:19Z</time>
   </trkpt>
   <trkpt lat="36.6464050" lon="138.5275560">
    <ele>2129.9</ele>
    <time>2021-10-02T08:35:20Z</time>
   </trkpt>
   <trkpt lat="36.6464080" lon="138.5275530">
    <ele>2128.7</ele>
    <time>2021-10-02T08:35:21Z</time>
   </trkpt>
   <trkpt lat="36.6464130" lon="138.5275490">
    <ele>2128.7</ele>
    <time>2021-10-02T08:35:22Z</time>
   </trkpt>
   <trkpt lat="36.6464180" lon="138.5275430">
    <ele>2128.7</ele>
    <time>2021-10-02T08:35:23Z</time>
   </trkpt>
   <trkpt lat="36.6464230" lon="138.5275410">
    <ele>2128.2</ele>
    <time>2021-10-02T08:35:24Z</time>
   </trkpt>
   <trkpt lat="36.6464250" lon="138.5275350">
    <ele>2128.2</ele>
    <time>2021-10-02T08:35:25Z</time>
   </trkpt>
   <trkpt lat="36.6464260" lon="138.5275300">
    <ele>2128.2</ele>
    <time>2021-10-02T08:35:26Z</time>
   </trkpt>
   <trkpt lat="36.6464250" lon="138.5275270">
    <ele>2128.2</ele>
    <time>2021-10-02T08:35:27Z</time>
   </trkpt>
   <trkpt lat="36.6464260" lon="138.5275200">
    <ele>2128.2</ele>
    <time>2021-10-02T08:35:28Z</time>
   </trkpt>
   <trkpt lat="36.6464210" lon="138.5275090">
    <ele>2126.8</ele>
    <time>2021-10-02T08:35:29Z</time>
   </trkpt>
   <trkpt lat="36.6464230" lon="138.5275020">
    <ele>2126.8</ele>
    <time>2021-10-02T08:35:30Z</time>
   </trkpt>
   <trkpt lat="36.6464250" lon="138.5275030">
    <ele>2126.8</ele>
    <time>2021-10-02T08:35:31Z</time>
   </trkpt>
   <trkpt lat="36.6464300" lon="138.5274990">
    <ele>2126.8</ele>
    <time>2021-10-02T08:35:32Z</time>
   </trkpt>
   <trkpt lat="36.6464360" lon="138.5274970">
    <ele>2126.8</ele>
    <time>2021-10-02T08:35:33Z</time>
   </trkpt>
   <trkpt lat="36.6464440" lon="138.5274980">
    <ele>2126.8</ele>
    <time>2021-10-02T08:35:34Z</time>
   </trkpt>
   <trkpt lat="36.6464510" lon="138.5274970">
    <ele>2126.8</ele>
    <time>2021-10-02T08:35:35Z</time>
   </trkpt>
   <trkpt lat="36.6464600" lon="138.5274950">
    <ele>2126.3</ele>
    <time>2021-10-02T08:35:36Z</time>
   </trkpt>
   <trkpt lat="36.6464700" lon="138.5274980">
    <ele>2126.3</ele>
    <time>2021-10-02T08:35:37Z</time>
   </trkpt>
   <trkpt lat="36.6464770" lon="138.5274950">
    <ele>2126.3</ele>
    <time>2021-10-02T08:35:38Z</time>
   </trkpt>
   <trkpt lat="36.6464790" lon="138.5274890">
    <ele>2126.3</ele>
    <time>2021-10-02T08:35:39Z</time>
   </trkpt>
   <trkpt lat="36.6464830" lon="138.5274840">
    <ele>2126.3</ele>
    <time>2021-10-02T08:35:40Z</time>
   </trkpt>
   <trkpt lat="36.6464880" lon="138.5274810">
    <ele>2126.3</ele>
    <time>2021-10-02T08:35:41Z</time>
   </trkpt>
   <trkpt lat="36.6465010" lon="138.5274750">
    <ele>2125.7</ele>
    <time>2021-10-02T08:35:42Z</time>
   </trkpt>
   <trkpt lat="36.6465060" lon="138.5274700">
    <ele>2125.7</ele>
    <time>2021-10-02T08:35:43Z</time>
   </trkpt>
   <trkpt lat="36.6465110" lon="138.5274680">
    <ele>2124.3</ele>
    <time>2021-10-02T08:35:44Z</time>
   </trkpt>
   <trkpt lat="36.6465170" lon="138.5274650">
    <ele>2124.3</ele>
    <time>2021-10-02T08:35:45Z</time>
   </trkpt>
   <trkpt lat="36.6465270" lon="138.5274600">
    <ele>2123.7</ele>
    <time>2021-10-02T08:35:46Z</time>
   </trkpt>
   <trkpt lat="36.6465380" lon="138.5274560">
    <ele>2123.7</ele>
    <time>2021-10-02T08:35:47Z</time>
   </trkpt>
   <trkpt lat="36.6465470" lon="138.5274540">
    <ele>2123.7</ele>
    <time>2021-10-02T08:35:48Z</time>
   </trkpt>
   <trkpt lat="36.6465560" lon="138.5274500">
    <ele>2123.7</ele>
    <time>2021-10-02T08:35:49Z</time>
   </trkpt>
   <trkpt lat="36.6465600" lon="138.5274440">
    <ele>2123.1</ele>
    <time>2021-10-02T08:35:50Z</time>
   </trkpt>
   <trkpt lat="36.6465620" lon="138.5274400">
    <ele>2123.1</ele>
    <time>2021-10-02T08:35:51Z</time>
   </trkpt>
   <trkpt lat="36.6465650" lon="138.5274370">
    <ele>2123.1</ele>
    <time>2021-10-02T08:35:52Z</time>
   </trkpt>
   <trkpt lat="36.6465710" lon="138.5274330">
    <ele>2123.1</ele>
    <time>2021-10-02T08:35:53Z</time>
   </trkpt>
   <trkpt lat="36.6465770" lon="138.5274300">
    <ele>2123.1</ele>
    <time>2021-10-02T08:35:54Z</time>
   </trkpt>
   <trkpt lat="36.6465780" lon="138.5274240">
    <ele>2121.7</ele>
    <time>2021-10-02T08:35:55Z</time>
   </trkpt>
   <trkpt lat="36.6465780" lon="138.5274160">
    <ele>2121.7</ele>
    <time>2021-10-02T08:35:56Z</time>
   </trkpt>
   <trkpt lat="36.6465780" lon="138.5274100">
    <ele>2121.7</ele>
    <time>2021-10-02T08:35:57Z</time>
   </trkpt>
   <trkpt lat="36.6465770" lon="138.5274000">
    <ele>2121.7</ele>
    <time>2021-10-02T08:35:58Z</time>
   </trkpt>
   <trkpt lat="36.6465770" lon="138.5273930">
    <ele>2121.7</ele>
    <time>2021-10-02T08:35:59Z</time>
   </trkpt>
   <trkpt lat="36.6465790" lon="138.5273860">
    <ele>2121.7</ele>
    <time>2021-10-02T08:36:00Z</time>
   </trkpt>
   <trkpt lat="36.6465840" lon="138.5273830">
    <ele>2120.2</ele>
    <time>2021-10-02T08:36:01Z</time>
   </trkpt>
   <trkpt lat="36.6465880" lon="138.5273810">
    <ele>2120.2</ele>
    <time>2021-10-02T08:36:02Z</time>
   </trkpt>
   <trkpt lat="36.6465900" lon="138.5273790">
    <ele>2120.2</ele>
    <time>2021-10-02T08:36:03Z</time>
   </trkpt>
   <trkpt lat="36.6465950" lon="138.5273740">
    <ele>2119.6</ele>
    <time>2021-10-02T08:36:04Z</time>
   </trkpt>
   <trkpt lat="36.6466010" lon="138.5273660">
    <ele>2119.6</ele>
    <time>2021-10-02T08:36:05Z</time>
   </trkpt>
   <trkpt lat="36.6466060" lon="138.5273610">
    <ele>2119.6</ele>
    <time>2021-10-02T08:36:06Z</time>
   </trkpt>
   <trkpt lat="36.6466110" lon="138.5273510">
    <ele>2119.6</ele>
    <time>2021-10-02T08:36:07Z</time>
   </trkpt>
   <trkpt lat="36.6466140" lon="138.5273450">
    <ele>2119.6</ele>
    <time>2021-10-02T08:36:08Z</time>
   </trkpt>
   <trkpt lat="36.6466200" lon="138.5273440">
    <ele>2119.6</ele>
    <time>2021-10-02T08:36:09Z</time>
   </trkpt>
   <trkpt lat="36.6466250" lon="138.5273430">
    <ele>2119.6</ele>
    <time>2021-10-02T08:36:10Z</time>
   </trkpt>
   <trkpt lat="36.6466330" lon="138.5273440">
    <ele>2119.1</ele>
    <time>2021-10-02T08:36:11Z</time>
   </trkpt>
   <trkpt lat="36.6466430" lon="138.5273430">
    <ele>2119.1</ele>
    <time>2021-10-02T08:36:12Z</time>
   </trkpt>
   <trkpt lat="36.6466510" lon="138.5273410">
    <ele>2119.1</ele>
    <time>2021-10-02T08:36:13Z</time>
   </trkpt>
   <trkpt lat="36.6466520" lon="138.5273440">
    <ele>2119.1</ele>
    <time>2021-10-02T08:36:14Z</time>
   </trkpt>
   <trkpt lat="36.6466530" lon="138.5273460">
    <ele>2119.1</ele>
    <time>2021-10-02T08:36:15Z</time>
   </trkpt>
   <trkpt lat="36.6466670" lon="138.5273450">
    <ele>2118.4</ele>
    <time>2021-10-02T08:36:16Z</time>
   </trkpt>
   <trkpt lat="36.6466740" lon="138.5273390">
    <ele>2116.7</ele>
    <time>2021-10-02T08:36:17Z</time>
   </trkpt>
   <trkpt lat="36.6466780" lon="138.5273350">
    <ele>2116.7</ele>
    <time>2021-10-02T08:36:18Z</time>
   </trkpt>
   <trkpt lat="36.6466830" lon="138.5273270">
    <ele>2116.7</ele>
    <time>2021-10-02T08:36:19Z</time>
   </trkpt>
   <trkpt lat="36.6466860" lon="138.5273230">
    <ele>2116.7</ele>
    <time>2021-10-02T08:36:20Z</time>
   </trkpt>
   <trkpt lat="36.6466910" lon="138.5273230">
    <ele>2116.7</ele>
    <time>2021-10-02T08:36:21Z</time>
   </trkpt>
   <trkpt lat="36.6466960" lon="138.5273140">
    <ele>2115.8</ele>
    <time>2021-10-02T08:36:22Z</time>
   </trkpt>
   <trkpt lat="36.6466920" lon="138.5273110">
    <ele>2116.7</ele>
    <time>2021-10-02T08:36:23Z</time>
   </trkpt>
   <trkpt lat="36.6466970" lon="138.5273060">
    <ele>2115.8</ele>
    <time>2021-10-02T08:36:24Z</time>
   </trkpt>
   <trkpt lat="36.6467020" lon="138.5272940">
    <ele>2114.0</ele>
    <time>2021-10-02T08:36:25Z</time>
   </trkpt>
   <trkpt lat="36.6466990" lon="138.5272860">
    <ele>2114.0</ele>
    <time>2021-10-02T08:36:26Z</time>
   </trkpt>
   <trkpt lat="36.6466970" lon="138.5272710">
    <ele>2114.0</ele>
    <time>2021-10-02T08:36:27Z</time>
   </trkpt>
   <trkpt lat="36.6466980" lon="138.5272560">
    <ele>2114.0</ele>
    <time>2021-10-02T08:36:28Z</time>
   </trkpt>
   <trkpt lat="36.6466970" lon="138.5272510">
    <ele>2112.1</ele>
    <time>2021-10-02T08:36:29Z</time>
   </trkpt>
   <trkpt lat="36.6467010" lon="138.5272470">
    <ele>2112.1</ele>
    <time>2021-10-02T08:36:30Z</time>
   </trkpt>
   <trkpt lat="36.6467050" lon="138.5272460">
    <ele>2112.1</ele>
    <time>2021-10-02T08:36:31Z</time>
   </trkpt>
   <trkpt lat="36.6467080" lon="138.5272430">
    <ele>2112.1</ele>
    <time>2021-10-02T08:36:32Z</time>
   </trkpt>
   <trkpt lat="36.6467140" lon="138.5272370">
    <ele>2112.1</ele>
    <time>2021-10-02T08:36:33Z</time>
   </trkpt>
   <trkpt lat="36.6467200" lon="138.5272300">
    <ele>2112.1</ele>
    <time>2021-10-02T08:36:34Z</time>
   </trkpt>
   <trkpt lat="36.6467210" lon="138.5272260">
    <ele>2112.1</ele>
    <time>2021-10-02T08:36:35Z</time>
   </trkpt>
   <trkpt lat="36.6467240" lon="138.5272220">
    <ele>2112.1</ele>
    <time>2021-10-02T08:36:36Z</time>
   </trkpt>
   <trkpt lat="36.6467270" lon="138.5272150">
    <ele>2112.1</ele>
    <time>2021-10-02T08:36:37Z</time>
   </trkpt>
   <trkpt lat="36.6467290" lon="138.5272090">
    <ele>2110.3</ele>
    <time>2021-10-02T08:36:38Z</time>
   </trkpt>
   <trkpt lat="36.6467310" lon="138.5272010">
    <ele>2109.5</ele>
    <time>2021-10-02T08:36:39Z</time>
   </trkpt>
   <trkpt lat="36.6467360" lon="138.5271970">
    <ele>2109.5</ele>
    <time>2021-10-02T08:36:40Z</time>
   </trkpt>
   <trkpt lat="36.6467410" lon="138.5271960">
    <ele>2109.5</ele>
    <time>2021-10-02T08:36:41Z</time>
   </trkpt>
   <trkpt lat="36.6467470" lon="138.5271920">
    <ele>2109.5</ele>
    <time>2021-10-02T08:36:42Z</time>
   </trkpt>
   <trkpt lat="36.6467520" lon="138.5271890">
    <ele>2109.5</ele>
    <time>2021-10-02T08:36:43Z</time>
   </trkpt>
   <trkpt lat="36.6467610" lon="138.5271860">
    <ele>2109.5</ele>
    <time>2021-10-02T08:36:44Z</time>
   </trkpt>
   <trkpt lat="36.6467680" lon="138.5271800">
    <ele>2108.5</ele>
    <time>2021-10-02T08:36:45Z</time>
   </trkpt>
   <trkpt lat="36.6467720" lon="138.5271720">
    <ele>2108.5</ele>
    <time>2021-10-02T08:36:46Z</time>
   </trkpt>
   <trkpt lat="36.6467750" lon="138.5271580">
    <ele>2107.0</ele>
    <time>2021-10-02T08:36:47Z</time>
   </trkpt>
   <trkpt lat="36.6467770" lon="138.5271480">
    <ele>2107.0</ele>
    <time>2021-10-02T08:36:48Z</time>
   </trkpt>
   <trkpt lat="36.6467860" lon="138.5271440">
    <ele>2107.0</ele>
    <time>2021-10-02T08:36:49Z</time>
   </trkpt>
   <trkpt lat="36.6467970" lon="138.5271360">
    <ele>2107.0</ele>
    <time>2021-10-02T08:36:50Z</time>
   </trkpt>
   <trkpt lat="36.6468040" lon="138.5271270">
    <ele>2106.2</ele>
    <time>2021-10-02T08:36:51Z</time>
   </trkpt>
   <trkpt lat="36.6468040" lon="138.5271230">
    <ele>2105.0</ele>
    <time>2021-10-02T08:36:52Z</time>
   </trkpt>
   <trkpt lat="36.6468050" lon="138.5271120">
    <ele>2105.0</ele>
    <time>2021-10-02T08:36:53Z</time>
   </trkpt>
   <trkpt lat="36.6468050" lon="138.5271050">
    <ele>2105.0</ele>
    <time>2021-10-02T08:36:54Z</time>
   </trkpt>
   <trkpt lat="36.6468060" lon="138.5270980">
    <ele>2105.0</ele>
    <time>2021-10-02T08:36:55Z</time>
   </trkpt>
   <trkpt lat="36.6468000" lon="138.5270850">
    <ele>2105.0</ele>
    <time>2021-10-02T08:36:56Z</time>
   </trkpt>
   <trkpt lat="36.6467970" lon="138.5270720">
    <ele>2104.4</ele>
    <time>2021-10-02T08:36:57Z</time>
   </trkpt>
   <trkpt lat="36.6468000" lon="138.5270700">
    <ele>2103.8</ele>
    <time>2021-10-02T08:36:58Z</time>
   </trkpt>
   <trkpt lat="36.6468050" lon="138.5270660">
    <ele>2103.8</ele>
    <time>2021-10-02T08:36:59Z</time>
   </trkpt>
   <trkpt lat="36.6468120" lon="138.5270610">
    <ele>2103.8</ele>
    <time>2021-10-02T08:37:00Z</time>
   </trkpt>
   <trkpt lat="36.6468190" lon="138.5270550">
    <ele>2103.8</ele>
    <time>2021-10-02T08:37:01Z</time>
   </trkpt>
   <trkpt lat="36.6468280" lon="138.5270450">
    <ele>2103.8</ele>
    <time>2021-10-02T08:37:02Z</time>
   </trkpt>
   <trkpt lat="36.6468370" lon="138.5270320">
    <ele>2102.3</ele>
    <time>2021-10-02T08:37:03Z</time>
   </trkpt>
   <trkpt lat="36.6468420" lon="138.5270200">
    <ele>2102.3</ele>
    <time>2021-10-02T08:37:04Z</time>
   </trkpt>
   <trkpt lat="36.6468480" lon="138.5270070">
    <ele>2102.3</ele>
    <time>2021-10-02T08:37:05Z</time>
   </trkpt>
   <trkpt lat="36.6468500" lon="138.5269960">
    <ele>2101.3</ele>
    <time>2021-10-02T08:37:06Z</time>
   </trkpt>
   <trkpt lat="36.6468510" lon="138.5269980">
    <ele>2102.3</ele>
    <time>2021-10-02T08:37:07Z</time>
   </trkpt>
   <trkpt lat="36.6468510" lon="138.5270060">
    <ele>2102.3</ele>
    <time>2021-10-02T08:37:08Z</time>
   </trkpt>
   <trkpt lat="36.6468610" lon="138.5270090">
    <ele>2102.3</ele>
    <time>2021-10-02T08:37:09Z</time>
   </trkpt>
   <trkpt lat="36.6468630" lon="138.5270020">
    <ele>2102.3</ele>
    <time>2021-10-02T08:37:10Z</time>
   </trkpt>
   <trkpt lat="36.6468650" lon="138.5269910">
    <ele>2101.3</ele>
    <time>2021-10-02T08:37:11Z</time>
   </trkpt>
   <trkpt lat="36.6468660" lon="138.5269840">
    <ele>2101.3</ele>
    <time>2021-10-02T08:37:12Z</time>
   </trkpt>
   <trkpt lat="36.6468710" lon="138.5269720">
    <ele>2100.9</ele>
    <time>2021-10-02T08:37:13Z</time>
   </trkpt>
   <trkpt lat="36.6468810" lon="138.5269670">
    <ele>2100.9</ele>
    <time>2021-10-02T08:37:14Z</time>
   </trkpt>
   <trkpt lat="36.6468910" lon="138.5269630">
    <ele>2100.9</ele>
    <time>2021-10-02T08:37:15Z</time>
   </trkpt>
   <trkpt lat="36.6469000" lon="138.5269560">
    <ele>2100.9</ele>
    <time>2021-10-02T08:37:16Z</time>
   </trkpt>
   <trkpt lat="36.6469040" lon="138.5269470">
    <ele>2099.3</ele>
    <time>2021-10-02T08:37:17Z</time>
   </trkpt>
   <trkpt lat="36.6468990" lon="138.5269340">
    <ele>2099.9</ele>
    <time>2021-10-02T08:37:18Z</time>
   </trkpt>
   <trkpt lat="36.6469110" lon="138.5269250">
    <ele>2099.3</ele>
    <time>2021-10-02T08:37:19Z</time>
   </trkpt>
   <trkpt lat="36.6469190" lon="138.5269130">
    <ele>2099.3</ele>
    <time>2021-10-02T08:37:20Z</time>
   </trkpt>
   <trkpt lat="36.6469310" lon="138.5269100">
    <ele>2098.2</ele>
    <time>2021-10-02T08:37:21Z</time>
   </trkpt>
   <trkpt lat="36.6469390" lon="138.5269040">
    <ele>2097.5</ele>
    <time>2021-10-02T08:37:22Z</time>
   </trkpt>
   <trkpt lat="36.6469460" lon="138.5268930">
    <ele>2097.5</ele>
    <time>2021-10-02T08:37:23Z</time>
   </trkpt>
   <trkpt lat="36.6469500" lon="138.5268830">
    <ele>2097.5</ele>
    <time>2021-10-02T08:37:24Z</time>
   </trkpt>
   <trkpt lat="36.6469550" lon="138.5268720">
    <ele>2097.5</ele>
    <time>2021-10-02T08:37:25Z</time>
   </trkpt>
   <trkpt lat="36.6469670" lon="138.5268560">
    <ele>2096.4</ele>
    <time>2021-10-02T08:37:26Z</time>
   </trkpt>
   <trkpt lat="36.6469810" lon="138.5268410">
    <ele>2095.5</ele>
    <time>2021-10-02T08:37:27Z</time>
   </trkpt>
   <trkpt lat="36.6469900" lon="138.5268300">
    <ele>2095.5</ele>
    <time>2021-10-02T08:37:28Z</time>
   </trkpt>
   <trkpt lat="36.6469940" lon="138.5268330">
    <ele>2095.5</ele>
    <time>2021-10-02T08:37:29Z</time>
   </trkpt>
   <trkpt lat="36.6469970" lon="138.5268360">
    <ele>2095.5</ele>
    <time>2021-10-02T08:37:30Z</time>
   </trkpt>
   <trkpt lat="36.6470000" lon="138.5268390">
    <ele>2095.5</ele>
    <time>2021-10-02T08:37:31Z</time>
   </trkpt>
   <trkpt lat="36.6470040" lon="138.5268430">
    <ele>2095.5</ele>
    <time>2021-10-02T08:37:32Z</time>
   </trkpt>
   <trkpt lat="36.6470070" lon="138.5268460">
    <ele>2094.6</ele>
    <time>2021-10-02T08:37:33Z</time>
   </trkpt>
   <trkpt lat="36.6470100" lon="138.5268490">
    <ele>2094.6</ele>
    <time>2021-10-02T08:37:34Z</time>
   </trkpt>
   <trkpt lat="36.6470140" lon="138.5268520">
    <ele>2094.6</ele>
    <time>2021-10-02T08:37:35Z</time>
   </trkpt>
   <trkpt lat="36.6470170" lon="138.5268550">
    <ele>2094.6</ele>
    <time>2021-10-02T08:37:36Z</time>
   </trkpt>
   <trkpt lat="36.6470320" lon="138.5268540">
    <ele>2094.6</ele>
    <time>2021-10-02T08:37:37Z</time>
   </trkpt>
   <trkpt lat="36.6470490" lon="138.5268480">
    <ele>2093.6</ele>
    <time>2021-10-02T08:37:38Z</time>
   </trkpt>
   <trkpt lat="36.6470730" lon="138.5268340">
    <ele>2093.6</ele>
    <time>2021-10-02T08:37:39Z</time>
   </trkpt>
   <trkpt lat="36.6470880" lon="138.5268240">
    <ele>2091.8</ele>
    <time>2021-10-02T08:37:40Z</time>
   </trkpt>
   <trkpt lat="36.6471060" lon="138.5267970">
    <ele>2091.8</ele>
    <time>2021-10-02T08:37:41Z</time>
   </trkpt>
   <trkpt lat="36.6471260" lon="138.5267760">
    <ele>2090.5</ele>
    <time>2021-10-02T08:37:42Z</time>
   </trkpt>
   <trkpt lat="36.6471380" lon="138.5267710">
    <ele>2090.5</ele>
    <time>2021-10-02T08:37:43Z</time>
   </trkpt>
   <trkpt lat="36.6471560" lon="138.5267580">
    <ele>2090.0</ele>
    <time>2021-10-02T08:37:44Z</time>
   </trkpt>
   <trkpt lat="36.6471610" lon="138.5267520">
    <ele>2089.9</ele>
    <time>2021-10-02T08:37:45Z</time>
   </trkpt>
   <trkpt lat="36.6471650" lon="138.5267450">
    <ele>2089.8</ele>
    <time>2021-10-02T08:37:46Z</time>
   </trkpt>
   <trkpt lat="36.6471690" lon="138.5267380">
    <ele>2089.7</ele>
    <time>2021-10-02T08:37:47Z</time>
   </trkpt>
   <trkpt lat="36.6471790" lon="138.5267330">
    <ele>2089.6</ele>
    <time>2021-10-02T08:37:48Z</time>
   </trkpt>
   <trkpt lat="36.6471870" lon="138.5267350">
    <ele>2089.5</ele>
    <time>2021-10-02T08:37:49Z</time>
   </trkpt>
   <trkpt lat="36.6471970" lon="138.5267360">
    <ele>2089.3</ele>
    <time>2021-10-02T08:37:50Z</time>
   </trkpt>
   <trkpt lat="36.6472080" lon="138.5267360">
    <ele>2089.2</ele>
    <time>2021-10-02T08:37:51Z</time>
   </trkpt>
   <trkpt lat="36.6472160" lon="138.5267380">
    <ele>2089.1</ele>
    <time>2021-10-02T08:37:52Z</time>
   </trkpt>
   <trkpt lat="36.6472230" lon="138.5267410">
    <ele>2089.0</ele>
    <time>2021-10-02T08:37:53Z</time>
   </trkpt>
   <trkpt lat="36.6472310" lon="138.5267430">
    <ele>2088.9</ele>
    <time>2021-10-02T08:37:54Z</time>
   </trkpt>
   <trkpt lat="36.6472380" lon="138.5267450">
    <ele>2088.8</ele>
    <time>2021-10-02T08:37:55Z</time>
   </trkpt>
   <trkpt lat="36.6472430" lon="138.5267410">
    <ele>2088.7</ele>
    <time>2021-10-02T08:37:56Z</time>
   </trkpt>
   <trkpt lat="36.6472500" lon="138.5267440">
    <ele>2088.6</ele>
    <time>2021-10-02T08:37:57Z</time>
   </trkpt>
   <trkpt lat="36.6472570" lon="138.5267430">
    <ele>2088.5</ele>
    <time>2021-10-02T08:37:58Z</time>
   </trkpt>
   <trkpt lat="36.6472730" lon="138.5267410">
    <ele>2088.3</ele>
    <time>2021-10-02T08:37:59Z</time>
   </trkpt>
   <trkpt lat="36.6472830" lon="138.5267310">
    <ele>2088.1</ele>
    <time>2021-10-02T08:38:00Z</time>
   </trkpt>
   <trkpt lat="36.6472910" lon="138.5267270">
    <ele>2088.0</ele>
    <time>2021-10-02T08:38:01Z</time>
   </trkpt>
   <trkpt lat="36.6472990" lon="138.5267240">
    <ele>2087.9</ele>
    <time>2021-10-02T08:38:02Z</time>
   </trkpt>
   <trkpt lat="36.6473070" lon="138.5267200">
    <ele>2087.7</ele>
    <time>2021-10-02T08:38:03Z</time>
   </trkpt>
   <trkpt lat="36.6473080" lon="138.5267190">
    <ele>2087.7</ele>
    <time>2021-10-02T08:38:04Z</time>
   </trkpt>
   <trkpt lat="36.6473110" lon="138.5267170">
    <ele>2087.7</ele>
    <time>2021-10-02T08:38:05Z</time>
   </trkpt>
   <trkpt lat="36.6473120" lon="138.5267150">
    <ele>2087.7</ele>
    <time>2021-10-02T08:38:06Z</time>
   </trkpt>
   <trkpt lat="36.6473160" lon="138.5267070">
    <ele>2087.5</ele>
    <time>2021-10-02T08:38:07Z</time>
   </trkpt>
   <trkpt lat="36.6473180" lon="138.5267000">
    <ele>2087.5</ele>
    <time>2021-10-02T08:38:08Z</time>
   </trkpt>
   <trkpt lat="36.6473240" lon="138.5266910">
    <ele>2087.3</ele>
    <time>2021-10-02T08:38:09Z</time>
   </trkpt>
   <trkpt lat="36.6473340" lon="138.5266810">
    <ele>2087.2</ele>
    <time>2021-10-02T08:38:10Z</time>
   </trkpt>
   <trkpt lat="36.6473480" lon="138.5266690">
    <ele>2086.9</ele>
    <time>2021-10-02T08:38:11Z</time>
   </trkpt>
   <trkpt lat="36.6473670" lon="138.5266490">
    <ele>2086.6</ele>
    <time>2021-10-02T08:38:12Z</time>
   </trkpt>
   <trkpt lat="36.6473770" lon="138.5266370">
    <ele>2086.4</ele>
    <time>2021-10-02T08:38:13Z</time>
   </trkpt>
   <trkpt lat="36.6473860" lon="138.5266240">
    <ele>2086.2</ele>
    <time>2021-10-02T08:38:14Z</time>
   </trkpt>
   <trkpt lat="36.6473880" lon="138.5266150">
    <ele>2086.1</ele>
    <time>2021-10-02T08:38:15Z</time>
   </trkpt>
   <trkpt lat="36.6473910" lon="138.5266040">
    <ele>2086.0</ele>
    <time>2021-10-02T08:38:16Z</time>
   </trkpt>
   <trkpt lat="36.6473920" lon="138.5265990">
    <ele>2085.9</ele>
    <time>2021-10-02T08:38:17Z</time>
   </trkpt>
   <trkpt lat="36.6473990" lon="138.5265890">
    <ele>2085.8</ele>
    <time>2021-10-02T08:38:18Z</time>
   </trkpt>
   <trkpt lat="36.6474170" lon="138.5265800">
    <ele>2085.5</ele>
    <time>2021-10-02T08:38:19Z</time>
   </trkpt>
   <trkpt lat="36.6474260" lon="138.5265760">
    <ele>2085.4</ele>
    <time>2021-10-02T08:38:20Z</time>
   </trkpt>
   <trkpt lat="36.6474340" lon="138.5265720">
    <ele>2085.3</ele>
    <time>2021-10-02T08:38:21Z</time>
   </trkpt>
   <trkpt lat="36.6474440" lon="138.5265700">
    <ele>2085.1</ele>
    <time>2021-10-02T08:38:22Z</time>
   </trkpt>
   <trkpt lat="36.6474510" lon="138.5265640">
    <ele>2085.0</ele>
    <time>2021-10-02T08:38:23Z</time>
   </trkpt>
   <trkpt lat="36.6474630" lon="138.5265600">
    <ele>2084.9</ele>
    <time>2021-10-02T08:38:24Z</time>
   </trkpt>
   <trkpt lat="36.6474850" lon="138.5265480">
    <ele>2084.5</ele>
    <time>2021-10-02T08:38:25Z</time>
   </trkpt>
   <trkpt lat="36.6474930" lon="138.5265430">
    <ele>2084.4</ele>
    <time>2021-10-02T08:38:26Z</time>
   </trkpt>
   <trkpt lat="36.6475000" lon="138.5265370">
    <ele>2084.3</ele>
    <time>2021-10-02T08:38:27Z</time>
   </trkpt>
   <trkpt lat="36.6475140" lon="138.5265290">
    <ele>2084.1</ele>
    <time>2021-10-02T08:38:28Z</time>
   </trkpt>
   <trkpt lat="36.6475220" lon="138.5265250">
    <ele>2084.0</ele>
    <time>2021-10-02T08:38:29Z</time>
   </trkpt>
   <trkpt lat="36.6475300" lon="138.5265210">
    <ele>2083.9</ele>
    <time>2021-10-02T08:38:30Z</time>
   </trkpt>
   <trkpt lat="36.6475380" lon="138.5265170">
    <ele>2083.7</ele>
    <time>2021-10-02T08:38:31Z</time>
   </trkpt>
   <trkpt lat="36.6475430" lon="138.5265120">
    <ele>2083.7</ele>
    <time>2021-10-02T08:38:32Z</time>
   </trkpt>
   <trkpt lat="36.6475490" lon="138.5265030">
    <ele>2083.5</ele>
    <time>2021-10-02T08:38:33Z</time>
   </trkpt>
   <trkpt lat="36.6475590" lon="138.5264940">
    <ele>2083.4</ele>
    <time>2021-10-02T08:38:34Z</time>
   </trkpt>
   <trkpt lat="36.6475670" lon="138.5264850">
    <ele>2083.2</ele>
    <time>2021-10-02T08:38:35Z</time>
   </trkpt>
   <trkpt lat="36.6475770" lon="138.5264810">
    <ele>2083.1</ele>
    <time>2021-10-02T08:38:36Z</time>
   </trkpt>
   <trkpt lat="36.6475850" lon="138.5264730">
    <ele>2082.9</ele>
    <time>2021-10-02T08:38:37Z</time>
   </trkpt>
   <trkpt lat="36.6475920" lon="138.5264640">
    <ele>2082.8</ele>
    <time>2021-10-02T08:38:38Z</time>
   </trkpt>
   <trkpt lat="36.6476050" lon="138.5264520">
    <ele>2082.6</ele>
    <time>2021-10-02T08:38:39Z</time>
   </trkpt>
   <trkpt lat="36.6476100" lon="138.5264460">
    <ele>2082.5</ele>
    <time>2021-10-02T08:38:40Z</time>
   </trkpt>
   <trkpt lat="36.6476150" lon="138.5264360">
    <ele>2082.4</ele>
    <time>2021-10-02T08:38:41Z</time>
   </trkpt>
   <trkpt lat="36.6476260" lon="138.5264240">
    <ele>2082.2</ele>
    <time>2021-10-02T08:38:42Z</time>
   </trkpt>
   <trkpt lat="36.6476360" lon="138.5264160">
    <ele>2082.0</ele>
    <time>2021-10-02T08:38:43Z</time>
   </trkpt>
   <trkpt lat="36.6476520" lon="138.5264070">
    <ele>2081.8</ele>
    <time>2021-10-02T08:38:44Z</time>
   </trkpt>
   <trkpt lat="36.6476640" lon="138.5264060">
    <ele>2081.6</ele>
    <time>2021-10-02T08:38:45Z</time>
   </trkpt>
   <trkpt lat="36.6476830" lon="138.5263950">
    <ele>2081.3</ele>
    <time>2021-10-02T08:38:46Z</time>
   </trkpt>
   <trkpt lat="36.6476880" lon="138.5263860">
    <ele>2081.2</ele>
    <time>2021-10-02T08:38:47Z</time>
   </trkpt>
   <trkpt lat="36.6476940" lon="138.5263780">
    <ele>2081.1</ele>
    <time>2021-10-02T08:38:48Z</time>
   </trkpt>
   <trkpt lat="36.6476990" lon="138.5263690">
    <ele>2080.9</ele>
    <time>2021-10-02T08:38:49Z</time>
   </trkpt>
   <trkpt lat="36.6477080" lon="138.5263570">
    <ele>2080.8</ele>
    <time>2021-10-02T08:38:50Z</time>
   </trkpt>
   <trkpt lat="36.6477160" lon="138.5263410">
    <ele>2080.6</ele>
    <time>2021-10-02T08:38:51Z</time>
   </trkpt>
   <trkpt lat="36.6477290" lon="138.5263190">
    <ele>2080.3</ele>
    <time>2021-10-02T08:38:52Z</time>
   </trkpt>
   <trkpt lat="36.6477340" lon="138.5263110">
    <ele>2080.2</ele>
    <time>2021-10-02T08:38:53Z</time>
   </trkpt>
   <trkpt lat="36.6477400" lon="138.5263020">
    <ele>2080.0</ele>
    <time>2021-10-02T08:38:54Z</time>
   </trkpt>
   <trkpt lat="36.6477510" lon="138.5262790">
    <ele>2079.7</ele>
    <time>2021-10-02T08:38:55Z</time>
   </trkpt>
   <trkpt lat="36.6477560" lon="138.5262700">
    <ele>2079.6</ele>
    <time>2021-10-02T08:38:56Z</time>
   </trkpt>
   <trkpt lat="36.6477610" lon="138.5262610">
    <ele>2079.5</ele>
    <time>2021-10-02T08:38:57Z</time>
   </trkpt>
   <trkpt lat="36.6477680" lon="138.5262360">
    <ele>2079.2</ele>
    <time>2021-10-02T08:38:58Z</time>
   </trkpt>
   <trkpt lat="36.6477710" lon="138.5262270">
    <ele>2079.1</ele>
    <time>2021-10-02T08:38:59Z</time>
   </trkpt>
   <trkpt lat="36.6477730" lon="138.5262180">
    <ele>2079.0</ele>
    <time>2021-10-02T08:39:00Z</time>
   </trkpt>
   <trkpt lat="36.6477800" lon="138.5262050">
    <ele>2078.8</ele>
    <time>2021-10-02T08:39:01Z</time>
   </trkpt>
   <trkpt lat="36.6477880" lon="138.5261880">
    <ele>2078.6</ele>
    <time>2021-10-02T08:39:02Z</time>
   </trkpt>
   <trkpt lat="36.6477940" lon="138.5261730">
    <ele>2078.4</ele>
    <time>2021-10-02T08:39:03Z</time>
   </trkpt>
   <trkpt lat="36.6478030" lon="138.5261570">
    <ele>2078.2</ele>
    <time>2021-10-02T08:39:04Z</time>
   </trkpt>
   <trkpt lat="36.6478110" lon="138.5261430">
    <ele>2078.0</ele>
    <time>2021-10-02T08:39:05Z</time>
   </trkpt>
   <trkpt lat="36.6478210" lon="138.5261290">
    <ele>2077.8</ele>
    <time>2021-10-02T08:39:06Z</time>
   </trkpt>
   <trkpt lat="36.6478330" lon="138.5261050">
    <ele>2077.5</ele>
    <time>2021-10-02T08:39:07Z</time>
   </trkpt>
   <trkpt lat="36.6478390" lon="138.5260960">
    <ele>2077.4</ele>
    <time>2021-10-02T08:39:08Z</time>
   </trkpt>
   <trkpt lat="36.6478450" lon="138.5260870">
    <ele>2077.3</ele>
    <time>2021-10-02T08:39:09Z</time>
   </trkpt>
   <trkpt lat="36.6478570" lon="138.5260640">
    <ele>2077.0</ele>
    <time>2021-10-02T08:39:10Z</time>
   </trkpt>
   <trkpt lat="36.6478610" lon="138.5260560">
    <ele>2076.9</ele>
    <time>2021-10-02T08:39:11Z</time>
   </trkpt>
   <trkpt lat="36.6478650" lon="138.5260470">
    <ele>2076.8</ele>
    <time>2021-10-02T08:39:12Z</time>
   </trkpt>
   <trkpt lat="36.6478740" lon="138.5260230">
    <ele>2076.5</ele>
    <time>2021-10-02T08:39:13Z</time>
   </trkpt>
   <trkpt lat="36.6478800" lon="138.5260140">
    <ele>2076.3</ele>
    <time>2021-10-02T08:39:14Z</time>
   </trkpt>
   <trkpt lat="36.6478850" lon="138.5260050">
    <ele>2076.2</ele>
    <time>2021-10-02T08:39:15Z</time>
   </trkpt>
   <trkpt lat="36.6478920" lon="138.5259910">
    <ele>2076.0</ele>
    <time>2021-10-02T08:39:16Z</time>
   </trkpt>
   <trkpt lat="36.6478980" lon="138.5259780">
    <ele>2075.9</ele>
    <time>2021-10-02T08:39:17Z</time>
   </trkpt>
   <trkpt lat="36.6479070" lon="138.5259700">
    <ele>2075.7</ele>
    <time>2021-10-02T08:39:18Z</time>
   </trkpt>
   <trkpt lat="36.6479130" lon="138.5259640">
    <ele>2075.6</ele>
    <time>2021-10-02T08:39:19Z</time>
   </trkpt>
   <trkpt lat="36.6479200" lon="138.5259590">
    <ele>2075.5</ele>
    <time>2021-10-02T08:39:20Z</time>
   </trkpt>
   <trkpt lat="36.6479330" lon="138.5259510">
    <ele>2075.3</ele>
    <time>2021-10-02T08:39:21Z</time>
   </trkpt>
   <trkpt lat="36.6479330" lon="138.5259380">
    <ele>2075.2</ele>
    <time>2021-10-02T08:39:22Z</time>
   </trkpt>
   <trkpt lat="36.6479400" lon="138.5259180">
    <ele>2074.9</ele>
    <time>2021-10-02T08:39:23Z</time>
   </trkpt>
   <trkpt lat="36.6479510" lon="138.5259020">
    <ele>2074.7</ele>
    <time>2021-10-02T08:39:24Z</time>
   </trkpt>
   <trkpt lat="36.6479640" lon="138.5258900">
    <ele>2074.5</ele>
    <time>2021-10-02T08:39:25Z</time>
   </trkpt>
   <trkpt lat="36.6479740" lon="138.5258780">
    <ele>2074.3</ele>
    <time>2021-10-02T08:39:26Z</time>
   </trkpt>
   <trkpt lat="36.6479820" lon="138.5258620">
    <ele>2074.1</ele>
    <time>2021-10-02T08:39:27Z</time>
   </trkpt>
   <trkpt lat="36.6479960" lon="138.5258410">
    <ele>2073.8</ele>
    <time>2021-10-02T08:39:28Z</time>
   </trkpt>
   <trkpt lat="36.6480010" lon="138.5258340">
    <ele>2073.7</ele>
    <time>2021-10-02T08:39:29Z</time>
   </trkpt>
   <trkpt lat="36.6480060" lon="138.5258270">
    <ele>2073.6</ele>
    <time>2021-10-02T08:39:30Z</time>
   </trkpt>
   <trkpt lat="36.6480150" lon="138.5258160">
    <ele>2073.4</ele>
    <time>2021-10-02T08:39:31Z</time>
   </trkpt>
   <trkpt lat="36.6480220" lon="138.5258090">
    <ele>2073.3</ele>
    <time>2021-10-02T08:39:32Z</time>
   </trkpt>
   <trkpt lat="36.6480310" lon="138.5257990">
    <ele>2073.1</ele>
    <time>2021-10-02T08:39:33Z</time>
   </trkpt>
   <trkpt lat="36.6480500" lon="138.5257840">
    <ele>2072.8</ele>
    <time>2021-10-02T08:39:34Z</time>
   </trkpt>
   <trkpt lat="36.6480570" lon="138.5257780">
    <ele>2072.7</ele>
    <time>2021-10-02T08:39:35Z</time>
   </trkpt>
   <trkpt lat="36.6480630" lon="138.5257710">
    <ele>2072.6</ele>
    <time>2021-10-02T08:39:36Z</time>
   </trkpt>
   <trkpt lat="36.6480720" lon="138.5257630">
    <ele>2072.5</ele>
    <time>2021-10-02T08:39:37Z</time>
   </trkpt>
   <trkpt lat="36.6480820" lon="138.5257560">
    <ele>2072.3</ele>
    <time>2021-10-02T08:39:38Z</time>
   </trkpt>
   <trkpt lat="36.6480910" lon="138.5257470">
    <ele>2072.1</ele>
    <time>2021-10-02T08:39:39Z</time>
   </trkpt>
   <trkpt lat="36.6480990" lon="138.5257360">
    <ele>2072.0</ele>
    <time>2021-10-02T08:39:40Z</time>
   </trkpt>
   <trkpt lat="36.6481090" lon="138.5257280">
    <ele>2071.8</ele>
    <time>2021-10-02T08:39:41Z</time>
   </trkpt>
   <trkpt lat="36.6481180" lon="138.5257180">
    <ele>2071.7</ele>
    <time>2021-10-02T08:39:42Z</time>
   </trkpt>
   <trkpt lat="36.6481330" lon="138.5257000">
    <ele>2071.4</ele>
    <time>2021-10-02T08:39:43Z</time>
   </trkpt>
   <trkpt lat="36.6481390" lon="138.5256930">
    <ele>2071.3</ele>
    <time>2021-10-02T08:39:44Z</time>
   </trkpt>
   <trkpt lat="36.6481440" lon="138.5256850">
    <ele>2071.2</ele>
    <time>2021-10-02T08:39:45Z</time>
   </trkpt>
   <trkpt lat="36.6481560" lon="138.5256640">
    <ele>2070.9</ele>
    <time>2021-10-02T08:39:46Z</time>
   </trkpt>
   <trkpt lat="36.6481620" lon="138.5256540">
    <ele>2070.7</ele>
    <time>2021-10-02T08:39:47Z</time>
   </trkpt>
   <trkpt lat="36.6481670" lon="138.5256450">
    <ele>2070.6</ele>
    <time>2021-10-02T08:39:48Z</time>
   </trkpt>
   <trkpt lat="36.6481730" lon="138.5256320">
    <ele>2070.5</ele>
    <time>2021-10-02T08:39:49Z</time>
   </trkpt>
   <trkpt lat="36.6481770" lon="138.5256200">
    <ele>2070.3</ele>
    <time>2021-10-02T08:39:50Z</time>
   </trkpt>
   <trkpt lat="36.6481800" lon="138.5256070">
    <ele>2070.2</ele>
    <time>2021-10-02T08:39:51Z</time>
   </trkpt>
   <trkpt lat="36.6481850" lon="138.5255930">
    <ele>2070.0</ele>
    <time>2021-10-02T08:39:52Z</time>
   </trkpt>
   <trkpt lat="36.6481890" lon="138.5255810">
    <ele>2069.9</ele>
    <time>2021-10-02T08:39:53Z</time>
   </trkpt>
   <trkpt lat="36.6481930" lon="138.5255700">
    <ele>2069.7</ele>
    <time>2021-10-02T08:39:54Z</time>
   </trkpt>
   <trkpt lat="36.6481940" lon="138.5255590">
    <ele>2069.6</ele>
    <time>2021-10-02T08:39:55Z</time>
   </trkpt>
   <trkpt lat="36.6481950" lon="138.5255440">
    <ele>2069.4</ele>
    <time>2021-10-02T08:39:56Z</time>
   </trkpt>
   <trkpt lat="36.6482020" lon="138.5255260">
    <ele>2069.2</ele>
    <time>2021-10-02T08:39:57Z</time>
   </trkpt>
   <trkpt lat="36.6482030" lon="138.5255130">
    <ele>2069.1</ele>
    <time>2021-10-02T08:39:58Z</time>
   </trkpt>
   <trkpt lat="36.6482070" lon="138.5255000">
    <ele>2068.9</ele>
    <time>2021-10-02T08:39:59Z</time>
   </trkpt>
   <trkpt lat="36.6482120" lon="138.5254880">
    <ele>2068.8</ele>
    <time>2021-10-02T08:40:00Z</time>
   </trkpt>
   <trkpt lat="36.6482200" lon="138.5254620">
    <ele>2068.5</ele>
    <time>2021-10-02T08:40:01Z</time>
   </trkpt>
   <trkpt lat="36.6482230" lon="138.5254520">
    <ele>2068.4</ele>
    <time>2021-10-02T08:40:02Z</time>
   </trkpt>
   <trkpt lat="36.6482260" lon="138.5254420">
    <ele>2068.2</ele>
    <time>2021-10-02T08:40:03Z</time>
   </trkpt>
   <trkpt lat="36.6482320" lon="138.5254230">
    <ele>2068.0</ele>
    <time>2021-10-02T08:40:04Z</time>
   </trkpt>
   <trkpt lat="36.6482310" lon="138.5254010">
    <ele>2067.8</ele>
    <time>2021-10-02T08:40:05Z</time>
   </trkpt>
   <trkpt lat="36.6482290" lon="138.5253810">
    <ele>2067.6</ele>
    <time>2021-10-02T08:40:06Z</time>
   </trkpt>
   <trkpt lat="36.6482330" lon="138.5253670">
    <ele>2067.4</ele>
    <time>2021-10-02T08:40:07Z</time>
   </trkpt>
   <trkpt lat="36.6482370" lon="138.5253480">
    <ele>2067.2</ele>
    <time>2021-10-02T08:40:08Z</time>
   </trkpt>
   <trkpt lat="36.6482340" lon="138.5253390">
    <ele>2067.1</ele>
    <time>2021-10-02T08:40:09Z</time>
   </trkpt>
   <trkpt lat="36.6482370" lon="138.5253330">
    <ele>2067.0</ele>
    <time>2021-10-02T08:40:10Z</time>
   </trkpt>
   <trkpt lat="36.6482440" lon="138.5253430">
    <ele>2066.9</ele>
    <time>2021-10-02T08:40:11Z</time>
   </trkpt>
   <trkpt lat="36.6482530" lon="138.5253420">
    <ele>2066.7</ele>
    <time>2021-10-02T08:40:12Z</time>
   </trkpt>
   <trkpt lat="36.6482720" lon="138.5253450">
    <ele>2066.5</ele>
    <time>2021-10-02T08:40:13Z</time>
   </trkpt>
   <trkpt lat="36.6482940" lon="138.5253490">
    <ele>2066.2</ele>
    <time>2021-10-02T08:40:14Z</time>
   </trkpt>
   <trkpt lat="36.6483010" lon="138.5253510">
    <ele>2066.1</ele>
    <time>2021-10-02T08:40:15Z</time>
   </trkpt>
   <trkpt lat="36.6483090" lon="138.5253540">
    <ele>2066.0</ele>
    <time>2021-10-02T08:40:16Z</time>
   </trkpt>
   <trkpt lat="36.6483180" lon="138.5253570">
    <ele>2065.8</ele>
    <time>2021-10-02T08:40:17Z</time>
   </trkpt>
   <trkpt lat="36.6483280" lon="138.5253600">
    <ele>2065.7</ele>
    <time>2021-10-02T08:40:18Z</time>
   </trkpt>
   <trkpt lat="36.6483320" lon="138.5253610">
    <ele>2065.6</ele>
    <time>2021-10-02T08:40:19Z</time>
   </trkpt>
   <trkpt lat="36.6483330" lon="138.5253650">
    <ele>2065.6</ele>
    <time>2021-10-02T08:40:20Z</time>
   </trkpt>
   <trkpt lat="36.6483330" lon="138.5253650">
    <ele>2065.6</ele>
    <time>2021-10-02T08:40:21Z</time>
   </trkpt>
   <trkpt lat="36.6483330" lon="138.5253640">
    <ele>2065.6</ele>
    <time>2021-10-02T08:40:22Z</time>
   </trkpt>
   <trkpt lat="36.6483300" lon="138.5253650">
    <ele>2065.5</ele>
    <time>2021-10-02T08:40:23Z</time>
   </trkpt>
   <trkpt lat="36.6483320" lon="138.5253620">
    <ele>2065.5</ele>
    <time>2021-10-02T08:40:24Z</time>
   </trkpt>
   <trkpt lat="36.6483350" lon="138.5253640">
    <ele>2065.5</ele>
    <time>2021-10-02T08:40:25Z</time>
   </trkpt>
   <trkpt lat="36.6483330" lon="138.5253620">
    <ele>2065.4</ele>
    <time>2021-10-02T08:40:26Z</time>
   </trkpt>
   <trkpt lat="36.6483300" lon="138.5253580">
    <ele>2065.4</ele>
    <time>2021-10-02T08:40:27Z</time>
   </trkpt>
   <trkpt lat="36.6483280" lon="138.5253560">
    <ele>2065.3</ele>
    <time>2021-10-02T08:40:28Z</time>
   </trkpt>
   <trkpt lat="36.6483260" lon="138.5253540">
    <ele>2065.3</ele>
    <time>2021-10-02T08:40:29Z</time>
   </trkpt>
   <trkpt lat="36.6483270" lon="138.5253620">
    <ele>2065.2</ele>
    <time>2021-10-02T08:40:30Z</time>
   </trkpt>
   <trkpt lat="36.6483250" lon="138.5253610">
    <ele>2065.2</ele>
    <time>2021-10-02T08:40:31Z</time>
   </trkpt>
   <trkpt lat="36.6483260" lon="138.5253590">
    <ele>2065.1</ele>
    <time>2021-10-02T08:40:32Z</time>
   </trkpt>
   <trkpt lat="36.6483220" lon="138.5253520">
    <ele>2065.1</ele>
    <time>2021-10-02T08:40:33Z</time>
   </trkpt>
   <trkpt lat="36.6483220" lon="138.5253550">
    <ele>2065.0</ele>
    <time>2021-10-02T08:40:34Z</time>
   </trkpt>
   <trkpt lat="36.6483210" lon="138.5253600">
    <ele>2065.0</ele>
    <time>2021-10-02T08:40:35Z</time>
   </trkpt>
   <trkpt lat="36.6483210" lon="138.5253620">
    <ele>2064.9</ele>
    <time>2021-10-02T08:40:36Z</time>
   </trkpt>
   <trkpt lat="36.6483180" lon="138.5253580">
    <ele>2064.9</ele>
    <time>2021-10-02T08:40:37Z</time>
   </trkpt>
   <trkpt lat="36.6483180" lon="138.5253590">
    <ele>2064.9</ele>
    <time>2021-10-02T08:40:38Z</time>
   </trkpt>
   <trkpt lat="36.6483170" lon="138.5253550">
    <ele>2064.8</ele>
    <time>2021-10-02T08:40:39Z</time>
   </trkpt>
   <trkpt lat="36.6483140" lon="138.5253580">
    <ele>2064.8</ele>
    <time>2021-10-02T08:40:40Z</time>
   </trkpt>
   <trkpt lat="36.6483180" lon="138.5253650">
    <ele>2064.7</ele>
    <time>2021-10-02T08:40:41Z</time>
   </trkpt>
   <trkpt lat="36.6483190" lon="138.5253640">
    <ele>2064.7</ele>
    <time>2021-10-02T08:40:42Z</time>
   </trkpt>
   <trkpt lat="36.6483190" lon="138.5253680">
    <ele>2064.6</ele>
    <time>2021-10-02T08:40:43Z</time>
   </trkpt>
   <trkpt lat="36.6483170" lon="138.5253640">
    <ele>2064.6</ele>
    <time>2021-10-02T08:40:44Z</time>
   </trkpt>
   <trkpt lat="36.6483180" lon="138.5253630">
    <ele>2064.6</ele>
    <time>2021-10-02T08:40:45Z</time>
   </trkpt>
   <trkpt lat="36.6483170" lon="138.5253650">
    <ele>2064.5</ele>
    <time>2021-10-02T08:40:46Z</time>
   </trkpt>
   <trkpt lat="36.6483180" lon="138.5253630">
    <ele>2064.5</ele>
    <time>2021-10-02T08:40:47Z</time>
   </trkpt>
   <trkpt lat="36.6483200" lon="138.5253610">
    <ele>2064.5</ele>
    <time>2021-10-02T08:40:48Z</time>
   </trkpt>
   <trkpt lat="36.6483220" lon="138.5253670">
    <ele>2064.4</ele>
    <time>2021-10-02T08:40:49Z</time>
   </trkpt>
   <trkpt lat="36.6483220" lon="138.5253710">
    <ele>2064.4</ele>
    <time>2021-10-02T08:40:50Z</time>
   </trkpt>
   <trkpt lat="36.6483220" lon="138.5253700">
    <ele>2064.3</ele>
    <time>2021-10-02T08:40:51Z</time>
   </trkpt>
   <trkpt lat="36.6483220" lon="138.5253690">
    <ele>2064.3</ele>
    <time>2021-10-02T08:40:52Z</time>
   </trkpt>
   <trkpt lat="36.6483230" lon="138.5253690">
    <ele>2064.3</ele>
    <time>2021-10-02T08:40:53Z</time>
   </trkpt>
   <trkpt lat="36.6483230" lon="138.5253720">
    <ele>2064.3</ele>
    <time>2021-10-02T08:40:54Z</time>
   </trkpt>
   <trkpt lat="36.6483230" lon="138.5253700">
    <ele>2064.3</ele>
    <time>2021-10-02T08:40:55Z</time>
   </trkpt>
   <trkpt lat="36.6483230" lon="138.5253670">
    <ele>2064.2</ele>
    <time>2021-10-02T08:40:56Z</time>
   </trkpt>
   <trkpt lat="36.6483180" lon="138.5253680">
    <ele>2064.2</ele>
    <time>2021-10-02T08:40:57Z</time>
   </trkpt>
   <trkpt lat="36.6483210" lon="138.5253650">
    <ele>2064.1</ele>
    <time>2021-10-02T08:40:58Z</time>
   </trkpt>
   <trkpt lat="36.6483210" lon="138.5253690">
    <ele>2064.1</ele>
    <time>2021-10-02T08:40:59Z</time>
   </trkpt>
   <trkpt lat="36.6483210" lon="138.5253710">
    <ele>2064.0</ele>
    <time>2021-10-02T08:41:00Z</time>
   </trkpt>
   <trkpt lat="36.6483270" lon="138.5253710">
    <ele>2064.0</ele>
    <time>2021-10-02T08:41:01Z</time>
   </trkpt>
   <trkpt lat="36.6483260" lon="138.5253720">
    <ele>2063.9</ele>
    <time>2021-10-02T08:41:02Z</time>
   </trkpt>
   <trkpt lat="36.6483270" lon="138.5253730">
    <ele>2063.9</ele>
    <time>2021-10-02T08:41:03Z</time>
   </trkpt>
   <trkpt lat="36.6483270" lon="138.5253730">
    <ele>2063.9</ele>
    <time>2021-10-02T08:41:04Z</time>
   </trkpt>
   <trkpt lat="36.6483270" lon="138.5253730">
    <ele>2063.9</ele>
    <time>2021-10-02T08:41:05Z</time>
   </trkpt>
   <trkpt lat="36.6483270" lon="138.5253720">
    <ele>2063.9</ele>
    <time>2021-10-02T08:41:06Z</time>
   </trkpt>
   <trkpt lat="36.6483280" lon="138.5253730">
    <ele>2063.9</ele>
    <time>2021-10-02T08:41:07Z</time>
   </trkpt>
   <trkpt lat="36.6483300" lon="138.5253730">
    <ele>2063.9</ele>
    <time>2021-10-02T08:41:08Z</time>
   </trkpt>
   <trkpt lat="36.6483310" lon="138.5253730">
    <ele>2063.9</ele>
    <time>2021-10-02T08:41:09Z</time>
   </trkpt>
   <trkpt lat="36.6483320" lon="138.5253730">
    <ele>2063.8</ele>
    <time>2021-10-02T08:41:10Z</time>
   </trkpt>
   <trkpt lat="36.6483310" lon="138.5253740">
    <ele>2063.8</ele>
    <time>2021-10-02T08:41:11Z</time>
   </trkpt>
   <trkpt lat="36.6483330" lon="138.5253760">
    <ele>2063.8</ele>
    <time>2021-10-02T08:41:12Z</time>
   </trkpt>
   <trkpt lat="36.6483320" lon="138.5253760">
    <ele>2063.8</ele>
    <time>2021-10-02T08:41:13Z</time>
   </trkpt>
   <trkpt lat="36.6483320" lon="138.5253760">
    <ele>2063.8</ele>
    <time>2021-10-02T08:41:14Z</time>
   </trkpt>
   <trkpt lat="36.6483320" lon="138.5253770">
    <ele>2063.8</ele>
    <time>2021-10-02T08:41:15Z</time>
   </trkpt>
   <trkpt lat="36.6483320" lon="138.5253780">
    <ele>2063.8</ele>
    <time>2021-10-02T08:41:16Z</time>
   </trkpt>
   <trkpt lat="36.6483310" lon="138.5253810">
    <ele>2063.7</ele>
    <time>2021-10-02T08:41:17Z</time>
   </trkpt>
   <trkpt lat="36.6483340" lon="138.5253830">
    <ele>2063.7</ele>
    <time>2021-10-02T08:41:18Z</time>
   </trkpt>
   <trkpt lat="36.6483340" lon="138.5253830">
    <ele>2063.7</ele>
    <time>2021-10-02T08:41:19Z</time>
   </trkpt>
  </trkseg>
 </trk>
</gpx>
