<?xml version="1.0" encoding="UTF-8"?>
<gpx creator="StravaGPX" version="1.1" xmlns="http://www.topografix.com/GPX/1/1" xmlns:xsi="http://www.w3.org/2001/XMLSchema-instance" xsi:schemaLocation="http://www.topografix.com/GPX/1/1 http://www.topografix.com/GPX/1/1/gpx.xsd">
 <metadata>
  <time>2022-04-10T22:28:51Z</time>
 </metadata>
 <trk>
  <name>Morning Run</name>
  <type>running</type>
  <trkseg>
   <trkpt lat="28.4125980" lon="129.6306330">
    <ele>6.0</ele>
    <time>2022-04-10T22:28:51Z</time>
   </trkpt>
   <trkpt lat="28.4125790" lon="129.6305240">
    <ele>6.1</ele>
    <time>2022-04-10T22:28:57Z</time>
   </trkpt>
   <trkpt lat="28.4125490" lon="129.6302980">
    <ele>6.3</ele>
    <time>2022-04-10T22:29:05Z</time>
   </trkpt>
   <trkpt lat="28.4125370" lon="129.6301270">
    <ele>6.5</ele>
    <time>2022-04-10T22:29:11Z</time>
   </trkpt>
   <trkpt lat="28.4125000" lon="129.6300490">
    <ele>6.5</ele>
    <time>2022-04-10T22:29:15Z</time>
   </trkpt>
   <trkpt lat="28.4124790" lon="129.6300320">
    <ele>6.6</ele>
    <time>2022-04-10T22:29:16Z</time>
   </trkpt>
   <trkpt lat="28.4123360" lon="129.6299630">
    <ele>6.6</ele>
    <time>2022-04-10T22:29:22Z</time>
   </trkpt>
   <trkpt lat="28.4122300" lon="129.6298910">
    <ele>6.6</ele>
    <time>2022-04-10T22:29:27Z</time>
   </trkpt>
   <trkpt lat="28.4121320" lon="129.6298920">
    <ele>6.5</ele>
    <time>2022-04-10T22:29:31Z</time>
   </trkpt>
   <trkpt lat="28.4119600" lon="129.6299020">
    <ele>6.4</ele>
    <time>2022-04-10T22:29:38Z</time>
   </trkpt>
   <trkpt lat="28.4117770" lon="129.6299320">
    <ele>6.4</ele>
    <time>2022-04-10T22:29:45Z</time>
   </trkpt>
   <trkpt lat="28.4116970" lon="129.6299640">
    <ele>6.4</ele>
    <time>2022-04-10T22:29:48Z</time>
   </trkpt>
   <trkpt lat="28.4116750" lon="129.6299730">
    <ele>6.4</ele>
    <time>2022-04-10T22:29:49Z</time>
   </trkpt>
   <trkpt lat="28.4116490" lon="129.6299850">
    <ele>6.3</ele>
    <time>2022-04-10T22:29:50Z</time>
   </trkpt>
   <trkpt lat="28.4116250" lon="129.6299930">
    <ele>6.3</ele>
    <time>2022-04-10T22:29:51Z</time>
   </trkpt>
   <trkpt lat="28.4116020" lon="129.6300070">
    <ele>6.3</ele>
    <time>2022-04-10T22:29:52Z</time>
   </trkpt>
   <trkpt lat="28.4115070" lon="129.6300510">
    <ele>6.3</ele>
    <time>2022-04-10T22:29:56Z</time>
   </trkpt>
   <trkpt lat="28.4113280" lon="129.6301190">
    <ele>6.3</ele>
    <time>2022-04-10T22:30:03Z</time>
   </trkpt>
   <trkpt lat="28.4111750" lon="129.6301890">
    <ele>6.5</ele>
    <time>2022-04-10T22:30:09Z</time>
   </trkpt>
   <trkpt lat="28.4110090" lon="129.6302830">
    <ele>6.8</ele>
    <time>2022-04-10T22:30:16Z</time>
   </trkpt>
   <trkpt lat="28.4109830" lon="129.6303030">
    <ele>6.8</ele>
    <time>2022-04-10T22:30:17Z</time>
   </trkpt>
   <trkpt lat="28.4109570" lon="129.6303190">
    <ele>6.8</ele>
    <time>2022-04-10T22:30:18Z</time>
   </trkpt>
   <trkpt lat="28.4108710" lon="129.6303590">
    <ele>7.0</ele>
    <time>2022-04-10T22:30:22Z</time>
   </trkpt>
   <trkpt lat="28.4108480" lon="129.6303720">
    <ele>7.0</ele>
    <time>2022-04-10T22:30:23Z</time>
   </trkpt>
   <trkpt lat="28.4107010" lon="129.6304200">
    <ele>7.4</ele>
    <time>2022-04-10T22:30:29Z</time>
   </trkpt>
   <trkpt lat="28.4105600" lon="129.6304840">
    <ele>7.8</ele>
    <time>2022-04-10T22:30:35Z</time>
   </trkpt>
   <trkpt lat="28.4103990" lon="129.6305410">
    <ele>8.2</ele>
    <time>2022-04-10T22:30:42Z</time>
   </trkpt>
   <trkpt lat="28.4102170" lon="129.6306190">
    <ele>8.7</ele>
    <time>2022-04-10T22:30:50Z</time>
   </trkpt>
   <trkpt lat="28.4101930" lon="129.6306280">
    <ele>8.8</ele>
    <time>2022-04-10T22:30:51Z</time>
   </trkpt>
   <trkpt lat="28.4100790" lon="129.6306820">
    <ele>9.0</ele>
    <time>2022-04-10T22:30:56Z</time>
   </trkpt>
   <trkpt lat="28.4099090" lon="129.6307870">
    <ele>9.3</ele>
    <time>2022-04-10T22:31:04Z</time>
   </trkpt>
   <trkpt lat="28.4097650" lon="129.6308420">
    <ele>9.7</ele>
    <time>2022-04-10T22:31:11Z</time>
   </trkpt>
   <trkpt lat="28.4095910" lon="129.6309370">
    <ele>10.1</ele>
    <time>2022-04-10T22:31:19Z</time>
   </trkpt>
   <trkpt lat="28.4094260" lon="129.6310480">
    <ele>10.6</ele>
    <time>2022-04-10T22:31:27Z</time>
   </trkpt>
   <trkpt lat="28.4093650" lon="129.6310920">
    <ele>10.8</ele>
    <time>2022-04-10T22:31:30Z</time>
   </trkpt>
   <trkpt lat="28.4092380" lon="129.6311830">
    <ele>11.2</ele>
    <time>2022-04-10T22:31:36Z</time>
   </trkpt>
   <trkpt lat="28.4091340" lon="129.6312700">
    <ele>11.5</ele>
    <time>2022-04-10T22:31:41Z</time>
   </trkpt>
   <trkpt lat="28.4089990" lon="129.6313860">
    <ele>11.9</ele>
    <time>2022-04-10T22:31:48Z</time>
   </trkpt>
   <trkpt lat="28.4088690" lon="129.6314660">
    <ele>12.2</ele>
    <time>2022-04-10T22:31:54Z</time>
   </trkpt>
   <trkpt lat="28.4088050" lon="129.6314980">
    <ele>12.4</ele>
    <time>2022-04-10T22:31:57Z</time>
   </trkpt>
   <trkpt lat="28.4087250" lon="129.6315600">
    <ele>12.7</ele>
    <time>2022-04-10T22:32:01Z</time>
   </trkpt>
   <trkpt lat="28.4086410" lon="129.6316160">
    <ele>12.9</ele>
    <time>2022-04-10T22:32:05Z</time>
   </trkpt>
   <trkpt lat="28.4086050" lon="129.6316470">
    <ele>13.0</ele>
    <time>2022-04-10T22:32:07Z</time>
   </trkpt>
   <trkpt lat="28.4085540" lon="129.6316980">
    <ele>13.2</ele>
    <time>2022-04-10T22:32:10Z</time>
   </trkpt>
   <trkpt lat="28.4084130" lon="129.6318160">
    <ele>13.7</ele>
    <time>2022-04-10T22:32:16Z</time>
   </trkpt>
   <trkpt lat="28.4082700" lon="129.6319510">
    <ele>14.3</ele>
    <time>2022-04-10T22:32:23Z</time>
   </trkpt>
   <trkpt lat="28.4082500" lon="129.6319630">
    <ele>14.4</ele>
    <time>2022-04-10T22:32:24Z</time>
   </trkpt>
   <trkpt lat="28.4081480" lon="129.6320340">
    <ele>14.8</ele>
    <time>2022-04-10T22:32:29Z</time>
   </trkpt>
   <trkpt lat="28.4080340" lon="129.6321400">
    <ele>15.2</ele>
    <time>2022-04-10T22:32:35Z</time>
   </trkpt>
   <trkpt lat="28.4078870" lon="129.6322490">
    <ele>15.5</ele>
    <time>2022-04-10T22:32:42Z</time>
   </trkpt>
   <trkpt lat="28.4077590" lon="129.6323450">
    <ele>15.7</ele>
    <time>2022-04-10T22:32:48Z</time>
   </trkpt>
   <trkpt lat="28.4076180" lon="129.6324610">
    <ele>15.8</ele>
    <time>2022-04-10T22:32:55Z</time>
   </trkpt>
   <trkpt lat="28.4075990" lon="129.6324810">
    <ele>15.8</ele>
    <time>2022-04-10T22:32:56Z</time>
   </trkpt>
   <trkpt lat="28.4074730" lon="129.6326320">
    <ele>15.7</ele>
    <time>2022-04-10T22:33:03Z</time>
   </trkpt>
   <trkpt lat="28.4074530" lon="129.6326490">
    <ele>15.6</ele>
    <time>2022-04-10T22:33:04Z</time>
   </trkpt>
   <trkpt lat="28.4073460" lon="129.6327950">
    <ele>15.4</ele>
    <time>2022-04-10T22:33:10Z</time>
   </trkpt>
   <trkpt lat="28.4072450" lon="129.6330000">
    <ele>14.8</ele>
    <time>2022-04-10T22:33:18Z</time>
   </trkpt>
   <trkpt lat="28.4072010" lon="129.6331020">
    <ele>14.5</ele>
    <time>2022-04-10T22:33:22Z</time>
   </trkpt>
   <trkpt lat="28.4071690" lon="129.6331840">
    <ele>14.2</ele>
    <time>2022-04-10T22:33:25Z</time>
   </trkpt>
   <trkpt lat="28.4071060" lon="129.6333660">
    <ele>13.5</ele>
    <time>2022-04-10T22:33:32Z</time>
   </trkpt>
   <trkpt lat="28.4070940" lon="129.6334160">
    <ele>13.4</ele>
    <time>2022-04-10T22:33:34Z</time>
   </trkpt>
   <trkpt lat="28.4070430" lon="129.6336220">
    <ele>12.6</ele>
    <time>2022-04-10T22:33:41Z</time>
   </trkpt>
   <trkpt lat="28.4070150" lon="129.6337180">
    <ele>12.5</ele>
    <time>2022-04-10T22:33:44Z</time>
   </trkpt>
   <trkpt lat="28.4069810" lon="129.6339210">
    <ele>12.2</ele>
    <time>2022-04-10T22:33:51Z</time>
   </trkpt>
   <trkpt lat="28.4069160" lon="129.6341250">
    <ele>11.9</ele>
    <time>2022-04-10T22:33:58Z</time>
   </trkpt>
   <trkpt lat="28.4069140" lon="129.6341500">
    <ele>11.8</ele>
    <time>2022-04-10T22:33:59Z</time>
   </trkpt>
   <trkpt lat="28.4068480" lon="129.6343160">
    <ele>11.4</ele>
    <time>2022-04-10T22:34:05Z</time>
   </trkpt>
   <trkpt lat="28.4067320" lon="129.6344920">
    <ele>11.0</ele>
    <time>2022-04-10T22:34:12Z</time>
   </trkpt>
   <trkpt lat="28.4066960" lon="129.6345410">
    <ele>10.9</ele>
    <time>2022-04-10T22:34:14Z</time>
   </trkpt>
   <trkpt lat="28.4065900" lon="129.6347150">
    <ele>10.7</ele>
    <time>2022-04-10T22:34:21Z</time>
   </trkpt>
   <trkpt lat="28.4064730" lon="129.6348720">
    <ele>10.4</ele>
    <time>2022-04-10T22:34:28Z</time>
   </trkpt>
   <trkpt lat="28.4064590" lon="129.6348940">
    <ele>10.4</ele>
    <time>2022-04-10T22:34:29Z</time>
   </trkpt>
   <trkpt lat="28.4063190" lon="129.6350230">
    <ele>10.4</ele>
    <time>2022-04-10T22:34:36Z</time>
   </trkpt>
   <trkpt lat="28.4062300" lon="129.6350870">
    <ele>10.4</ele>
    <time>2022-04-10T22:34:40Z</time>
   </trkpt>
   <trkpt lat="28.4062090" lon="129.6351060">
    <ele>10.4</ele>
    <time>2022-04-10T22:34:41Z</time>
   </trkpt>
   <trkpt lat="28.4060680" lon="129.6351870">
    <ele>10.3</ele>
    <time>2022-04-10T22:34:47Z</time>
   </trkpt>
   <trkpt lat="28.4059580" lon="129.6352780">
    <ele>10.3</ele>
    <time>2022-04-10T22:34:52Z</time>
   </trkpt>
   <trkpt lat="28.4059140" lon="129.6353080">
    <ele>10.2</ele>
    <time>2022-04-10T22:34:55Z</time>
   </trkpt>
   <trkpt lat="28.4057920" lon="129.6354000">
    <ele>10.2</ele>
    <time>2022-04-10T22:35:01Z</time>
   </trkpt>
   <trkpt lat="28.4056480" lon="129.6354990">
    <ele>10.2</ele>
    <time>2022-04-10T22:35:07Z</time>
   </trkpt>
   <trkpt lat="28.4055280" lon="129.6355870">
    <ele>10.1</ele>
    <time>2022-04-10T22:35:13Z</time>
   </trkpt>
   <trkpt lat="28.4054500" lon="129.6357010">
    <ele>10.1</ele>
    <time>2022-04-10T22:35:18Z</time>
   </trkpt>
   <trkpt lat="28.4053900" lon="129.6358390">
    <ele>10.1</ele>
    <time>2022-04-10T22:35:23Z</time>
   </trkpt>
   <trkpt lat="28.4052880" lon="129.6359800">
    <ele>10.1</ele>
    <time>2022-04-10T22:35:30Z</time>
   </trkpt>
   <trkpt lat="28.4052010" lon="129.6361690">
    <ele>10.0</ele>
    <time>2022-04-10T22:35:38Z</time>
   </trkpt>
   <trkpt lat="28.4051800" lon="129.6362260">
    <ele>10.0</ele>
    <time>2022-04-10T22:35:40Z</time>
   </trkpt>
   <trkpt lat="28.4051480" lon="129.6363330">
    <ele>9.9</ele>
    <time>2022-04-10T22:35:44Z</time>
   </trkpt>
   <trkpt lat="28.4051280" lon="129.6363970">
    <ele>9.9</ele>
    <time>2022-04-10T22:35:46Z</time>
   </trkpt>
   <trkpt lat="28.4051120" lon="129.6365060">
    <ele>9.9</ele>
    <time>2022-04-10T22:35:50Z</time>
   </trkpt>
   <trkpt lat="28.4051090" lon="129.6367110">
    <ele>9.8</ele>
    <time>2022-04-10T22:35:57Z</time>
   </trkpt>
   <trkpt lat="28.4051090" lon="129.6367710">
    <ele>9.8</ele>
    <time>2022-04-10T22:35:59Z</time>
   </trkpt>
   <trkpt lat="28.4051130" lon="129.6368570">
    <ele>9.8</ele>
    <time>2022-04-10T22:36:02Z</time>
   </trkpt>
   <trkpt lat="28.4051160" lon="129.6368840">
    <ele>9.8</ele>
    <time>2022-04-10T22:36:03Z</time>
   </trkpt>
   <trkpt lat="28.4051300" lon="129.6369980">
    <ele>9.7</ele>
    <time>2022-04-10T22:36:07Z</time>
   </trkpt>
   <trkpt lat="28.4051500" lon="129.6372080">
    <ele>9.6</ele>
    <time>2022-04-10T22:36:14Z</time>
   </trkpt>
   <trkpt lat="28.4051850" lon="129.6373870">
    <ele>9.5</ele>
    <time>2022-04-10T22:36:20Z</time>
   </trkpt>
   <trkpt lat="28.4051900" lon="129.6374150">
    <ele>9.5</ele>
    <time>2022-04-10T22:36:21Z</time>
   </trkpt>
   <trkpt lat="28.4051790" lon="129.6376150">
    <ele>9.5</ele>
    <time>2022-04-10T22:36:27Z</time>
   </trkpt>
   <trkpt lat="28.4051940" lon="129.6378400">
    <ele>9.3</ele>
    <time>2022-04-10T22:36:35Z</time>
   </trkpt>
   <trkpt lat="28.4052410" lon="129.6380450">
    <ele>9.2</ele>
    <time>2022-04-10T22:36:42Z</time>
   </trkpt>
   <trkpt lat="28.4052440" lon="129.6380770">
    <ele>9.2</ele>
    <time>2022-04-10T22:36:43Z</time>
   </trkpt>
   <trkpt lat="28.4052590" lon="129.6382580">
    <ele>9.2</ele>
    <time>2022-04-10T22:36:49Z</time>
   </trkpt>
   <trkpt lat="28.4052600" lon="129.6384320">
    <ele>9.2</ele>
    <time>2022-04-10T22:36:55Z</time>
   </trkpt>
   <trkpt lat="28.4052690" lon="129.6384900">
    <ele>9.2</ele>
    <time>2022-04-10T22:36:57Z</time>
   </trkpt>
   <trkpt lat="28.4053060" lon="129.6386030">
    <ele>9.2</ele>
    <time>2022-04-10T22:37:02Z</time>
   </trkpt>
   <trkpt lat="28.4052970" lon="129.6387990">
    <ele>9.3</ele>
    <time>2022-04-10T22:37:08Z</time>
   </trkpt>
   <trkpt lat="28.4052890" lon="129.6390010">
    <ele>9.2</ele>
    <time>2022-04-10T22:37:15Z</time>
   </trkpt>
   <trkpt lat="28.4052600" lon="129.6392090">
    <ele>9.1</ele>
    <time>2022-04-10T22:37:21Z</time>
   </trkpt>
   <trkpt lat="28.4052540" lon="129.6392430">
    <ele>9.1</ele>
    <time>2022-04-10T22:37:22Z</time>
   </trkpt>
   <trkpt lat="28.4052080" lon="129.6394490">
    <ele>9.1</ele>
    <time>2022-04-10T22:37:29Z</time>
   </trkpt>
   <trkpt lat="28.4051990" lon="129.6394750">
    <ele>9.1</ele>
    <time>2022-04-10T22:37:30Z</time>
   </trkpt>
   <trkpt lat="28.4051540" lon="129.6396220">
    <ele>9.1</ele>
    <time>2022-04-10T22:37:35Z</time>
   </trkpt>
   <trkpt lat="28.4051240" lon="129.6397170">
    <ele>9.0</ele>
    <time>2022-04-10T22:37:38Z</time>
   </trkpt>
   <trkpt lat="28.4050670" lon="129.6398870">
    <ele>9.0</ele>
    <time>2022-04-10T22:37:44Z</time>
   </trkpt>
   <trkpt lat="28.4050070" lon="129.6400960">
    <ele>8.9</ele>
    <time>2022-04-10T22:37:51Z</time>
   </trkpt>
   <trkpt lat="28.4050000" lon="129.6401310">
    <ele>8.9</ele>
    <time>2022-04-10T22:37:52Z</time>
   </trkpt>
   <trkpt lat="28.4049300" lon="129.6403280">
    <ele>8.7</ele>
    <time>2022-04-10T22:37:58Z</time>
   </trkpt>
   <trkpt lat="28.4049170" lon="129.6403550">
    <ele>8.7</ele>
    <time>2022-04-10T22:37:59Z</time>
   </trkpt>
   <trkpt lat="28.4048270" lon="129.6405040">
    <ele>8.7</ele>
    <time>2022-04-10T22:38:05Z</time>
   </trkpt>
   <trkpt lat="28.4047380" lon="129.6406550">
    <ele>8.6</ele>
    <time>2022-04-10T22:38:11Z</time>
   </trkpt>
   <trkpt lat="28.4046360" lon="129.6408420">
    <ele>8.4</ele>
    <time>2022-04-10T22:38:18Z</time>
   </trkpt>
   <trkpt lat="28.4046190" lon="129.6408650">
    <ele>8.4</ele>
    <time>2022-04-10T22:38:19Z</time>
   </trkpt>
   <trkpt lat="28.4044940" lon="129.6410340">
    <ele>8.4</ele>
    <time>2022-04-10T22:38:26Z</time>
   </trkpt>
   <trkpt lat="28.4044580" lon="129.6410710">
    <ele>8.3</ele>
    <time>2022-04-10T22:38:28Z</time>
   </trkpt>
   <trkpt lat="28.4043640" lon="129.6411970">
    <ele>8.3</ele>
    <time>2022-04-10T22:38:34Z</time>
   </trkpt>
   <trkpt lat="28.4042700" lon="129.6413730">
    <ele>8.3</ele>
    <time>2022-04-10T22:38:41Z</time>
   </trkpt>
   <trkpt lat="28.4041640" lon="129.6415280">
    <ele>8.3</ele>
    <time>2022-04-10T22:38:47Z</time>
   </trkpt>
   <trkpt lat="28.4040810" lon="129.6417010">
    <ele>8.3</ele>
    <time>2022-04-10T22:38:53Z</time>
   </trkpt>
   <trkpt lat="28.4040080" lon="129.6418350">
    <ele>8.3</ele>
    <time>2022-04-10T22:38:58Z</time>
   </trkpt>
   <trkpt lat="28.4039320" lon="129.6419940">
    <ele>8.3</ele>
    <time>2022-04-10T22:39:04Z</time>
   </trkpt>
   <trkpt lat="28.4038650" lon="129.6420730">
    <ele>8.2</ele>
    <time>2022-04-10T22:39:08Z</time>
   </trkpt>
   <trkpt lat="28.4037550" lon="129.6421810">
    <ele>8.2</ele>
    <time>2022-04-10T22:39:14Z</time>
   </trkpt>
   <trkpt lat="28.4036830" lon="129.6422950">
    <ele>8.2</ele>
    <time>2022-04-10T22:39:20Z</time>
   </trkpt>
   <trkpt lat="28.4036130" lon="129.6424970">
    <ele>8.1</ele>
    <time>2022-04-10T22:39:27Z</time>
   </trkpt>
   <trkpt lat="28.4035790" lon="129.6426710">
    <ele>8.0</ele>
    <time>2022-04-10T22:39:33Z</time>
   </trkpt>
   <trkpt lat="28.4035670" lon="129.6428440">
    <ele>8.0</ele>
    <time>2022-04-10T22:39:39Z</time>
   </trkpt>
   <trkpt lat="28.4035710" lon="129.6430030">
    <ele>7.9</ele>
    <time>2022-04-10T22:39:44Z</time>
   </trkpt>
   <trkpt lat="28.4035870" lon="129.6431010">
    <ele>7.9</ele>
    <time>2022-04-10T22:39:47Z</time>
   </trkpt>
   <trkpt lat="28.4036030" lon="129.6433230">
    <ele>8.0</ele>
    <time>2022-04-10T22:39:54Z</time>
   </trkpt>
   <trkpt lat="28.4036110" lon="129.6433740">
    <ele>8.0</ele>
    <time>2022-04-10T22:39:56Z</time>
   </trkpt>
   <trkpt lat="28.4037050" lon="129.6435370">
    <ele>8.0</ele>
    <time>2022-04-10T22:40:03Z</time>
   </trkpt>
   <trkpt lat="28.4037670" lon="129.6436770">
    <ele>7.9</ele>
    <time>2022-04-10T22:40:08Z</time>
   </trkpt>
   <trkpt lat="28.4038120" lon="129.6438260">
    <ele>8.0</ele>
    <time>2022-04-10T22:40:14Z</time>
   </trkpt>
   <trkpt lat="28.4038400" lon="129.6439420">
    <ele>7.9</ele>
    <time>2022-04-10T22:40:18Z</time>
   </trkpt>
   <trkpt lat="28.4038470" lon="129.6439680">
    <ele>7.9</ele>
    <time>2022-04-10T22:40:19Z</time>
   </trkpt>
   <trkpt lat="28.4038970" lon="129.6441370">
    <ele>7.9</ele>
    <time>2022-04-10T22:40:25Z</time>
   </trkpt>
   <trkpt lat="28.4039570" lon="129.6443190">
    <ele>7.9</ele>
    <time>2022-04-10T22:40:31Z</time>
   </trkpt>
   <trkpt lat="28.4040160" lon="129.6445480">
    <ele>8.0</ele>
    <time>2022-04-10T22:40:38Z</time>
   </trkpt>
   <trkpt lat="28.4040350" lon="129.6446220">
    <ele>8.1</ele>
    <time>2022-04-10T22:40:40Z</time>
   </trkpt>
   <trkpt lat="28.4040680" lon="129.6448440">
    <ele>8.2</ele>
    <time>2022-04-10T22:40:46Z</time>
   </trkpt>
   <trkpt lat="28.4040620" lon="129.6449030">
    <ele>8.2</ele>
    <time>2022-04-10T22:40:48Z</time>
   </trkpt>
   <trkpt lat="28.4039980" lon="129.6450790">
    <ele>8.3</ele>
    <time>2022-04-10T22:40:54Z</time>
   </trkpt>
   <trkpt lat="28.4039770" lon="129.6452430">
    <ele>8.3</ele>
    <time>2022-04-10T22:41:00Z</time>
   </trkpt>
   <trkpt lat="28.4039770" lon="129.6454220">
    <ele>8.3</ele>
    <time>2022-04-10T22:41:06Z</time>
   </trkpt>
   <trkpt lat="28.4039670" lon="129.6455840">
    <ele>8.3</ele>
    <time>2022-04-10T22:41:11Z</time>
   </trkpt>
   <trkpt lat="28.4039070" lon="129.6457560">
    <ele>8.4</ele>
    <time>2022-04-10T22:41:17Z</time>
   </trkpt>
   <trkpt lat="28.4038310" lon="129.6459040">
    <ele>8.5</ele>
    <time>2022-04-10T22:41:23Z</time>
   </trkpt>
   <trkpt lat="28.4037910" lon="129.6460710">
    <ele>8.6</ele>
    <time>2022-04-10T22:41:28Z</time>
   </trkpt>
   <trkpt lat="28.4037050" lon="129.6462740">
    <ele>8.6</ele>
    <time>2022-04-10T22:41:34Z</time>
   </trkpt>
   <trkpt lat="28.4036790" lon="129.6463320">
    <ele>8.6</ele>
    <time>2022-04-10T22:41:36Z</time>
   </trkpt>
   <trkpt lat="28.4036200" lon="129.6465320">
    <ele>8.7</ele>
    <time>2022-04-10T22:41:43Z</time>
   </trkpt>
   <trkpt lat="28.4035940" lon="129.6467570">
    <ele>8.7</ele>
    <time>2022-04-10T22:41:50Z</time>
   </trkpt>
   <trkpt lat="28.4035960" lon="129.6467930">
    <ele>8.7</ele>
    <time>2022-04-10T22:41:51Z</time>
   </trkpt>
   <trkpt lat="28.4035810" lon="129.6469290">
    <ele>8.6</ele>
    <time>2022-04-10T22:41:55Z</time>
   </trkpt>
   <trkpt lat="28.4035770" lon="129.6470430">
    <ele>8.5</ele>
    <time>2022-04-10T22:41:59Z</time>
   </trkpt>
   <trkpt lat="28.4035950" lon="129.6471930">
    <ele>8.4</ele>
    <time>2022-04-10T22:42:04Z</time>
   </trkpt>
   <trkpt lat="28.4036300" lon="129.6474150">
    <ele>8.3</ele>
    <time>2022-04-10T22:42:12Z</time>
   </trkpt>
   <trkpt lat="28.4036600" lon="129.6476180">
    <ele>8.2</ele>
    <time>2022-04-10T22:42:19Z</time>
   </trkpt>
   <trkpt lat="28.4036650" lon="129.6477670">
    <ele>8.2</ele>
    <time>2022-04-10T22:42:24Z</time>
   </trkpt>
   <trkpt lat="28.4036940" lon="129.6479230">
    <ele>8.2</ele>
    <time>2022-04-10T22:42:30Z</time>
   </trkpt>
   <trkpt lat="28.4037280" lon="129.6480190">
    <ele>8.2</ele>
    <time>2022-04-10T22:42:34Z</time>
   </trkpt>
   <trkpt lat="28.4037360" lon="129.6480460">
    <ele>8.1</ele>
    <time>2022-04-10T22:42:35Z</time>
   </trkpt>
   <trkpt lat="28.4037720" lon="129.6482320">
    <ele>8.1</ele>
    <time>2022-04-10T22:42:41Z</time>
   </trkpt>
   <trkpt lat="28.4037750" lon="129.6484530">
    <ele>8.0</ele>
    <time>2022-04-10T22:42:48Z</time>
   </trkpt>
   <trkpt lat="28.4037750" lon="129.6484760">
    <ele>8.0</ele>
    <time>2022-04-10T22:42:49Z</time>
   </trkpt>
   <trkpt lat="28.4037750" lon="129.6486520">
    <ele>7.9</ele>
    <time>2022-04-10T22:42:55Z</time>
   </trkpt>
   <trkpt lat="28.4037890" lon="129.6488310">
    <ele>7.8</ele>
    <time>2022-04-10T22:43:01Z</time>
   </trkpt>
   <trkpt lat="28.4038410" lon="129.6490340">
    <ele>7.6</ele>
    <time>2022-04-10T22:43:08Z</time>
   </trkpt>
   <trkpt lat="28.4038450" lon="129.6492370">
    <ele>7.3</ele>
    <time>2022-04-10T22:43:14Z</time>
   </trkpt>
   <trkpt lat="28.4038740" lon="129.6494490">
    <ele>7.1</ele>
    <time>2022-04-10T22:43:21Z</time>
   </trkpt>
   <trkpt lat="28.4038780" lon="129.6494700">
    <ele>7.1</ele>
    <time>2022-04-10T22:43:22Z</time>
   </trkpt>
   <trkpt lat="28.4039110" lon="129.6496900">
    <ele>6.9</ele>
    <time>2022-04-10T22:43:29Z</time>
   </trkpt>
   <trkpt lat="28.4039520" lon="129.6499240">
    <ele>6.8</ele>
    <time>2022-04-10T22:43:36Z</time>
   </trkpt>
   <trkpt lat="28.4039920" lon="129.6501440">
    <ele>6.7</ele>
    <time>2022-04-10T22:43:43Z</time>
   </trkpt>
   <trkpt lat="28.4040380" lon="129.6503280">
    <ele>6.5</ele>
    <time>2022-04-10T22:43:49Z</time>
   </trkpt>
   <trkpt lat="28.4040570" lon="129.6505520">
    <ele>6.4</ele>
    <time>2022-04-10T22:43:56Z</time>
   </trkpt>
   <trkpt lat="28.4040570" lon="129.6507150">
    <ele>6.1</ele>
    <time>2022-04-10T22:44:01Z</time>
   </trkpt>
   <trkpt lat="28.4040760" lon="129.6508300">
    <ele>5.9</ele>
    <time>2022-04-10T22:44:05Z</time>
   </trkpt>
   <trkpt lat="28.4040970" lon="129.6509990">
    <ele>5.7</ele>
    <time>2022-04-10T22:44:11Z</time>
   </trkpt>
   <trkpt lat="28.4041070" lon="129.6510270">
    <ele>5.6</ele>
    <time>2022-04-10T22:44:12Z</time>
   </trkpt>
   <trkpt lat="28.4041180" lon="129.6512590">
    <ele>5.4</ele>
    <time>2022-04-10T22:44:20Z</time>
   </trkpt>
   <trkpt lat="28.4041220" lon="129.6512920">
    <ele>5.4</ele>
    <time>2022-04-10T22:44:21Z</time>
   </trkpt>
   <trkpt lat="28.4041610" lon="129.6515150">
    <ele>5.5</ele>
    <time>2022-04-10T22:44:28Z</time>
   </trkpt>
   <trkpt lat="28.4041670" lon="129.6515440">
    <ele>5.5</ele>
    <time>2022-04-10T22:44:29Z</time>
   </trkpt>
   <trkpt lat="28.4041900" lon="129.6517560">
    <ele>5.7</ele>
    <time>2022-04-10T22:44:36Z</time>
   </trkpt>
   <trkpt lat="28.4042040" lon="129.6518390">
    <ele>5.8</ele>
    <time>2022-04-10T22:44:39Z</time>
   </trkpt>
   <trkpt lat="28.4042340" lon="129.6520430">
    <ele>6.5</ele>
    <time>2022-04-10T22:44:46Z</time>
   </trkpt>
   <trkpt lat="28.4042420" lon="129.6521020">
    <ele>6.8</ele>
    <time>2022-04-10T22:44:48Z</time>
   </trkpt>
   <trkpt lat="28.4042870" lon="129.6523220">
    <ele>7.9</ele>
    <time>2022-04-10T22:44:56Z</time>
   </trkpt>
   <trkpt lat="28.4043240" lon="129.6525050">
    <ele>8.5</ele>
    <time>2022-04-10T22:45:02Z</time>
   </trkpt>
   <trkpt lat="28.4043450" lon="129.6527080">
    <ele>9.4</ele>
    <time>2022-04-10T22:45:09Z</time>
   </trkpt>
   <trkpt lat="28.4043700" lon="129.6529250">
    <ele>10.7</ele>
    <time>2022-04-10T22:45:17Z</time>
   </trkpt>
   <trkpt lat="28.4043760" lon="129.6529530">
    <ele>10.8</ele>
    <time>2022-04-10T22:45:18Z</time>
   </trkpt>
   <trkpt lat="28.4044060" lon="129.6531640">
    <ele>12.1</ele>
    <time>2022-04-10T22:45:26Z</time>
   </trkpt>
   <trkpt lat="28.4044280" lon="129.6533740">
    <ele>13.5</ele>
    <time>2022-04-10T22:45:34Z</time>
   </trkpt>
   <trkpt lat="28.4044320" lon="129.6533990">
    <ele>13.6</ele>
    <time>2022-04-10T22:45:35Z</time>
   </trkpt>
   <trkpt lat="28.4044420" lon="129.6536020">
    <ele>14.8</ele>
    <time>2022-04-10T22:45:43Z</time>
   </trkpt>
   <trkpt lat="28.4044340" lon="129.6538120">
    <ele>16.0</ele>
    <time>2022-04-10T22:45:50Z</time>
   </trkpt>
   <trkpt lat="28.4043970" lon="129.6540200">
    <ele>17.3</ele>
    <time>2022-04-10T22:45:58Z</time>
   </trkpt>
   <trkpt lat="28.4043970" lon="129.6540500">
    <ele>17.5</ele>
    <time>2022-04-10T22:45:59Z</time>
   </trkpt>
   <trkpt lat="28.4043680" lon="129.6542620">
    <ele>18.7</ele>
    <time>2022-04-10T22:46:06Z</time>
   </trkpt>
   <trkpt lat="28.4043250" lon="129.6544670">
    <ele>19.8</ele>
    <time>2022-04-10T22:46:13Z</time>
   </trkpt>
   <trkpt lat="28.4042800" lon="129.6545830">
    <ele>20.5</ele>
    <time>2022-04-10T22:46:18Z</time>
   </trkpt>
   <trkpt lat="28.4042000" lon="129.6547890">
    <ele>21.7</ele>
    <time>2022-04-10T22:46:26Z</time>
   </trkpt>
   <trkpt lat="28.4041930" lon="129.6548140">
    <ele>21.8</ele>
    <time>2022-04-10T22:46:27Z</time>
   </trkpt>
   <trkpt lat="28.4041390" lon="129.6550100">
    <ele>23.0</ele>
    <time>2022-04-10T22:46:34Z</time>
   </trkpt>
   <trkpt lat="28.4040720" lon="129.6551660">
    <ele>24.0</ele>
    <time>2022-04-10T22:46:40Z</time>
   </trkpt>
   <trkpt lat="28.4040070" lon="129.6553110">
    <ele>24.9</ele>
    <time>2022-04-10T22:46:45Z</time>
   </trkpt>
   <trkpt lat="28.4039420" lon="129.6554960">
    <ele>26.2</ele>
    <time>2022-04-10T22:46:51Z</time>
   </trkpt>
   <trkpt lat="28.4038890" lon="129.6556290">
    <ele>27.1</ele>
    <time>2022-04-10T22:46:56Z</time>
   </trkpt>
   <trkpt lat="28.4038100" lon="129.6557610">
    <ele>28.1</ele>
    <time>2022-04-10T22:47:02Z</time>
   </trkpt>
   <trkpt lat="28.4037480" lon="129.6558240">
    <ele>28.7</ele>
    <time>2022-04-10T22:47:06Z</time>
   </trkpt>
   <trkpt lat="28.4036800" lon="129.6559990">
    <ele>29.9</ele>
    <time>2022-04-10T22:47:14Z</time>
   </trkpt>
   <trkpt lat="28.4036420" lon="129.6561310">
    <ele>30.7</ele>
    <time>2022-04-10T22:47:20Z</time>
   </trkpt>
   <trkpt lat="28.4036240" lon="129.6563050">
    <ele>31.7</ele>
    <time>2022-04-10T22:47:26Z</time>
   </trkpt>
   <trkpt lat="28.4036230" lon="129.6564540">
    <ele>32.6</ele>
    <time>2022-04-10T22:47:32Z</time>
   </trkpt>
   <trkpt lat="28.4036260" lon="129.6566480">
    <ele>33.7</ele>
    <time>2022-04-10T22:47:39Z</time>
   </trkpt>
   <trkpt lat="28.4036480" lon="129.6568570">
    <ele>35.0</ele>
    <time>2022-04-10T22:47:47Z</time>
   </trkpt>
   <trkpt lat="28.4036610" lon="129.6569370">
    <ele>35.5</ele>
    <time>2022-04-10T22:47:50Z</time>
   </trkpt>
   <trkpt lat="28.4036810" lon="129.6571480">
    <ele>36.8</ele>
    <time>2022-04-10T22:47:58Z</time>
   </trkpt>
   <trkpt lat="28.4037620" lon="129.6573330">
    <ele>38.1</ele>
    <time>2022-04-10T22:48:06Z</time>
   </trkpt>
   <trkpt lat="28.4037840" lon="129.6573860">
    <ele>38.5</ele>
    <time>2022-04-10T22:48:08Z</time>
   </trkpt>
   <trkpt lat="28.4039010" lon="129.6575650">
    <ele>39.8</ele>
    <time>2022-04-10T22:48:16Z</time>
   </trkpt>
   <trkpt lat="28.4039170" lon="129.6575880">
    <ele>39.9</ele>
    <time>2022-04-10T22:48:17Z</time>
   </trkpt>
   <trkpt lat="28.4040230" lon="129.6577200">
    <ele>41.0</ele>
    <time>2022-04-10T22:48:24Z</time>
   </trkpt>
   <trkpt lat="28.4041170" lon="129.6578480">
    <ele>42.1</ele>
    <time>2022-04-10T22:48:30Z</time>
   </trkpt>
   <trkpt lat="28.4042150" lon="129.6580280">
    <ele>43.5</ele>
    <time>2022-04-10T22:48:38Z</time>
   </trkpt>
   <trkpt lat="28.4042610" lon="129.6580910">
    <ele>44.0</ele>
    <time>2022-04-10T22:48:41Z</time>
   </trkpt>
   <trkpt lat="28.4043700" lon="129.6582610">
    <ele>45.1</ele>
    <time>2022-04-10T22:48:48Z</time>
   </trkpt>
   <trkpt lat="28.4043970" lon="129.6583040">
    <ele>45.4</ele>
    <time>2022-04-10T22:48:50Z</time>
   </trkpt>
   <trkpt lat="28.4044930" lon="129.6584780">
    <ele>46.5</ele>
    <time>2022-04-10T22:48:57Z</time>
   </trkpt>
   <trkpt lat="28.4045060" lon="129.6584970">
    <ele>46.6</ele>
    <time>2022-04-10T22:48:58Z</time>
   </trkpt>
   <trkpt lat="28.4046130" lon="129.6586800">
    <ele>47.7</ele>
    <time>2022-04-10T22:49:05Z</time>
   </trkpt>
   <trkpt lat="28.4046260" lon="129.6587060">
    <ele>47.8</ele>
    <time>2022-04-10T22:49:06Z</time>
   </trkpt>
   <trkpt lat="28.4047040" lon="129.6588800">
    <ele>48.6</ele>
    <time>2022-04-10T22:49:13Z</time>
   </trkpt>
   <trkpt lat="28.4047730" lon="129.6590320">
    <ele>49.3</ele>
    <time>2022-04-10T22:49:19Z</time>
   </trkpt>
   <trkpt lat="28.4048390" lon="129.6592530">
    <ele>50.2</ele>
    <time>2022-04-10T22:49:27Z</time>
   </trkpt>
   <trkpt lat="28.4048650" lon="129.6594680">
    <ele>50.9</ele>
    <time>2022-04-10T22:49:34Z</time>
   </trkpt>
   <trkpt lat="28.4048780" lon="129.6596770">
    <ele>51.6</ele>
    <time>2022-04-10T22:49:41Z</time>
   </trkpt>
   <trkpt lat="28.4048830" lon="129.6598690">
    <ele>52.1</ele>
    <time>2022-04-10T22:49:48Z</time>
   </trkpt>
   <trkpt lat="28.4048560" lon="129.6600770">
    <ele>52.8</ele>
    <time>2022-04-10T22:49:55Z</time>
   </trkpt>
   <trkpt lat="28.4048320" lon="129.6602820">
    <ele>53.5</ele>
    <time>2022-04-10T22:50:02Z</time>
   </trkpt>
   <trkpt lat="28.4048200" lon="129.6603690">
    <ele>53.8</ele>
    <time>2022-04-10T22:50:05Z</time>
   </trkpt>
   <trkpt lat="28.4047960" lon="129.6605940">
    <ele>54.6</ele>
    <time>2022-04-10T22:50:13Z</time>
   </trkpt>
   <trkpt lat="28.4047790" lon="129.6607820">
    <ele>55.3</ele>
    <time>2022-04-10T22:50:19Z</time>
   </trkpt>
   <trkpt lat="28.4047610" lon="129.6609890">
    <ele>56.1</ele>
    <time>2022-04-10T22:50:26Z</time>
   </trkpt>
   <trkpt lat="28.4047320" lon="129.6611600">
    <ele>56.7</ele>
    <time>2022-04-10T22:50:32Z</time>
   </trkpt>
   <trkpt lat="28.4046840" lon="129.6613360">
    <ele>57.3</ele>
    <time>2022-04-10T22:50:38Z</time>
   </trkpt>
   <trkpt lat="28.4046860" lon="129.6615440">
    <ele>58.0</ele>
    <time>2022-04-10T22:50:45Z</time>
   </trkpt>
   <trkpt lat="28.4047090" lon="129.6617120">
    <ele>58.5</ele>
    <time>2022-04-10T22:50:51Z</time>
   </trkpt>
   <trkpt lat="28.4047190" lon="129.6619160">
    <ele>59.2</ele>
    <time>2022-04-10T22:50:58Z</time>
   </trkpt>
   <trkpt lat="28.4047190" lon="129.6619440">
    <ele>59.3</ele>
    <time>2022-04-10T22:50:59Z</time>
   </trkpt>
   <trkpt lat="28.4047040" lon="129.6621480">
    <ele>60.0</ele>
    <time>2022-04-10T22:51:06Z</time>
   </trkpt>
   <trkpt lat="28.4047060" lon="129.6623270">
    <ele>60.5</ele>
    <time>2022-04-10T22:51:12Z</time>
   </trkpt>
   <trkpt lat="28.4047030" lon="129.6625040">
    <ele>60.9</ele>
    <time>2022-04-10T22:51:17Z</time>
   </trkpt>
   <trkpt lat="28.4047370" lon="129.6626770">
    <ele>61.1</ele>
    <time>2022-04-10T22:51:23Z</time>
   </trkpt>
   <trkpt lat="28.4047750" lon="129.6628950">
    <ele>60.9</ele>
    <time>2022-04-10T22:51:30Z</time>
   </trkpt>
   <trkpt lat="28.4047870" lon="129.6629530">
    <ele>60.8</ele>
    <time>2022-04-10T22:51:32Z</time>
   </trkpt>
   <trkpt lat="28.4048330" lon="129.6631650">
    <ele>60.0</ele>
    <time>2022-04-10T22:51:39Z</time>
   </trkpt>
   <trkpt lat="28.4048390" lon="129.6631940">
    <ele>59.9</ele>
    <time>2022-04-10T22:51:40Z</time>
   </trkpt>
   <trkpt lat="28.4048690" lon="129.6633530">
    <ele>59.1</ele>
    <time>2022-04-10T22:51:45Z</time>
   </trkpt>
   <trkpt lat="28.4048730" lon="129.6633840">
    <ele>59.0</ele>
    <time>2022-04-10T22:51:46Z</time>
   </trkpt>
   <trkpt lat="28.4049060" lon="129.6635740">
    <ele>58.0</ele>
    <time>2022-04-10T22:51:52Z</time>
   </trkpt>
   <trkpt lat="28.4049460" lon="129.6637860">
    <ele>56.6</ele>
    <time>2022-04-10T22:51:59Z</time>
   </trkpt>
   <trkpt lat="28.4049580" lon="129.6638430">
    <ele>56.2</ele>
    <time>2022-04-10T22:52:01Z</time>
   </trkpt>
   <trkpt lat="28.4049980" lon="129.6640520">
    <ele>54.5</ele>
    <time>2022-04-10T22:52:07Z</time>
   </trkpt>
   <trkpt lat="28.4050040" lon="129.6640890">
    <ele>54.3</ele>
    <time>2022-04-10T22:52:08Z</time>
   </trkpt>
   <trkpt lat="28.4050370" lon="129.6642310">
    <ele>53.1</ele>
    <time>2022-04-10T22:52:12Z</time>
   </trkpt>
   <trkpt lat="28.4050500" lon="129.6642980">
    <ele>52.6</ele>
    <time>2022-04-10T22:52:14Z</time>
   </trkpt>
   <trkpt lat="28.4050840" lon="129.6645010">
    <ele>51.0</ele>
    <time>2022-04-10T22:52:20Z</time>
   </trkpt>
   <trkpt lat="28.4050900" lon="129.6645350">
    <ele>50.7</ele>
    <time>2022-04-10T22:52:21Z</time>
   </trkpt>
   <trkpt lat="28.4051290" lon="129.6647660">
    <ele>48.9</ele>
    <time>2022-04-10T22:52:28Z</time>
   </trkpt>
   <trkpt lat="28.4051710" lon="129.6649730">
    <ele>47.3</ele>
    <time>2022-04-10T22:52:34Z</time>
   </trkpt>
   <trkpt lat="28.4051870" lon="129.6650370">
    <ele>46.8</ele>
    <time>2022-04-10T22:52:36Z</time>
   </trkpt>
   <trkpt lat="28.4052370" lon="129.6652440">
    <ele>45.4</ele>
    <time>2022-04-10T22:52:42Z</time>
   </trkpt>
   <trkpt lat="28.4052450" lon="129.6652740">
    <ele>45.2</ele>
    <time>2022-04-10T22:52:43Z</time>
   </trkpt>
   <trkpt lat="28.4053130" lon="129.6654710">
    <ele>43.5</ele>
    <time>2022-04-10T22:52:49Z</time>
   </trkpt>
   <trkpt lat="28.4053960" lon="129.6656770">
    <ele>42.0</ele>
    <time>2022-04-10T22:52:56Z</time>
   </trkpt>
   <trkpt lat="28.4054730" lon="129.6658050">
    <ele>40.7</ele>
    <time>2022-04-10T22:53:01Z</time>
   </trkpt>
   <trkpt lat="28.4055900" lon="129.6659350">
    <ele>39.5</ele>
    <time>2022-04-10T22:53:07Z</time>
   </trkpt>
   <trkpt lat="28.4057070" lon="129.6660670">
    <ele>38.1</ele>
    <time>2022-04-10T22:53:13Z</time>
   </trkpt>
   <trkpt lat="28.4058630" lon="129.6661770">
    <ele>36.6</ele>
    <time>2022-04-10T22:53:20Z</time>
   </trkpt>
   <trkpt lat="28.4060290" lon="129.6662250">
    <ele>35.1</ele>
    <time>2022-04-10T22:53:26Z</time>
   </trkpt>
   <trkpt lat="28.4062340" lon="129.6662240">
    <ele>33.4</ele>
    <time>2022-04-10T22:53:33Z</time>
   </trkpt>
   <trkpt lat="28.4064300" lon="129.6662590">
    <ele>31.7</ele>
    <time>2022-04-10T22:53:40Z</time>
   </trkpt>
   <trkpt lat="28.4066210" lon="129.6662560">
    <ele>30.0</ele>
    <time>2022-04-10T22:53:47Z</time>
   </trkpt>
   <trkpt lat="28.4066520" lon="129.6662610">
    <ele>29.7</ele>
    <time>2022-04-10T22:53:48Z</time>
   </trkpt>
   <trkpt lat="28.4068360" lon="129.6662700">
    <ele>28.2</ele>
    <time>2022-04-10T22:53:54Z</time>
   </trkpt>
   <trkpt lat="28.4068660" lon="129.6662700">
    <ele>28.0</ele>
    <time>2022-04-10T22:53:55Z</time>
   </trkpt>
   <trkpt lat="28.4070640" lon="129.6662630">
    <ele>26.3</ele>
    <time>2022-04-10T22:54:02Z</time>
   </trkpt>
   <trkpt lat="28.4072760" lon="129.6662620">
    <ele>24.5</ele>
    <time>2022-04-10T22:54:09Z</time>
   </trkpt>
   <trkpt lat="28.4074750" lon="129.6662900">
    <ele>22.8</ele>
    <time>2022-04-10T22:54:16Z</time>
   </trkpt>
   <trkpt lat="28.4075370" lon="129.6662950">
    <ele>22.2</ele>
    <time>2022-04-10T22:54:18Z</time>
   </trkpt>
   <trkpt lat="28.4077430" lon="129.6663380">
    <ele>20.1</ele>
    <time>2022-04-10T22:54:25Z</time>
   </trkpt>
   <trkpt lat="28.4078050" lon="129.6663610">
    <ele>19.4</ele>
    <time>2022-04-10T22:54:27Z</time>
   </trkpt>
   <trkpt lat="28.4079530" lon="129.6664550">
    <ele>18.1</ele>
    <time>2022-04-10T22:54:33Z</time>
   </trkpt>
   <trkpt lat="28.4081030" lon="129.6665750">
    <ele>16.7</ele>
    <time>2022-04-10T22:54:39Z</time>
   </trkpt>
   <trkpt lat="28.4081250" lon="129.6665970">
    <ele>16.6</ele>
    <time>2022-04-10T22:54:40Z</time>
   </trkpt>
   <trkpt lat="28.4082450" lon="129.6667580">
    <ele>16.2</ele>
    <time>2022-04-10T22:54:46Z</time>
   </trkpt>
   <trkpt lat="28.4082620" lon="129.6667870">
    <ele>16.2</ele>
    <time>2022-04-10T22:54:47Z</time>
   </trkpt>
   <trkpt lat="28.4083440" lon="129.6669200">
    <ele>16.3</ele>
    <time>2022-04-10T22:54:52Z</time>
   </trkpt>
   <trkpt lat="28.4083760" lon="129.6669820">
    <ele>16.4</ele>
    <time>2022-04-10T22:54:54Z</time>
   </trkpt>
   <trkpt lat="28.4084470" lon="129.6671940">
    <ele>17.0</ele>
    <time>2022-04-10T22:55:01Z</time>
   </trkpt>
   <trkpt lat="28.4084580" lon="129.6672200">
    <ele>17.1</ele>
    <time>2022-04-10T22:55:02Z</time>
   </trkpt>
   <trkpt lat="28.4085210" lon="129.6674280">
    <ele>18.4</ele>
    <time>2022-04-10T22:55:09Z</time>
   </trkpt>
   <trkpt lat="28.4085720" lon="129.6676120">
    <ele>20.1</ele>
    <time>2022-04-10T22:55:15Z</time>
   </trkpt>
   <trkpt lat="28.4086090" lon="129.6677740">
    <ele>21.2</ele>
    <time>2022-04-10T22:55:21Z</time>
   </trkpt>
   <trkpt lat="28.4086280" lon="129.6678240">
    <ele>21.6</ele>
    <time>2022-04-10T22:55:23Z</time>
   </trkpt>
   <trkpt lat="28.4086960" lon="129.6680050">
    <ele>23.1</ele>
    <time>2022-04-10T22:55:30Z</time>
   </trkpt>
   <trkpt lat="28.4087180" lon="129.6680350">
    <ele>23.3</ele>
    <time>2022-04-10T22:55:31Z</time>
   </trkpt>
   <trkpt lat="28.4088220" lon="129.6681960">
    <ele>24.5</ele>
    <time>2022-04-10T22:55:38Z</time>
   </trkpt>
   <trkpt lat="28.4089640" lon="129.6683400">
    <ele>25.3</ele>
    <time>2022-04-10T22:55:45Z</time>
   </trkpt>
   <trkpt lat="28.4090880" lon="129.6684340">
    <ele>25.3</ele>
    <time>2022-04-10T22:55:51Z</time>
   </trkpt>
   <trkpt lat="28.4092320" lon="129.6684950">
    <ele>24.8</ele>
    <time>2022-04-10T22:55:57Z</time>
   </trkpt>
   <trkpt lat="28.4093560" lon="129.6685190">
    <ele>24.2</ele>
    <time>2022-04-10T22:56:02Z</time>
   </trkpt>
   <trkpt lat="28.4095430" lon="129.6685440">
    <ele>22.9</ele>
    <time>2022-04-10T22:56:09Z</time>
   </trkpt>
   <trkpt lat="28.4097180" lon="129.6685620">
    <ele>21.4</ele>
    <time>2022-04-10T22:56:15Z</time>
   </trkpt>
   <trkpt lat="28.4098990" lon="129.6685870">
    <ele>19.8</ele>
    <time>2022-04-10T22:56:21Z</time>
   </trkpt>
   <trkpt lat="28.4101040" lon="129.6686180">
    <ele>17.9</ele>
    <time>2022-04-10T22:56:28Z</time>
   </trkpt>
   <trkpt lat="28.4102440" lon="129.6686560">
    <ele>16.9</ele>
    <time>2022-04-10T22:56:33Z</time>
   </trkpt>
   <trkpt lat="28.4103300" lon="129.6686710">
    <ele>16.4</ele>
    <time>2022-04-10T22:56:36Z</time>
   </trkpt>
   <trkpt lat="28.4105030" lon="129.6687460">
    <ele>15.3</ele>
    <time>2022-04-10T22:56:42Z</time>
   </trkpt>
   <trkpt lat="28.4106810" lon="129.6688670">
    <ele>14.1</ele>
    <time>2022-04-10T22:56:49Z</time>
   </trkpt>
   <trkpt lat="28.4108300" lon="129.6689780">
    <ele>13.5</ele>
    <time>2022-04-10T22:56:55Z</time>
   </trkpt>
   <trkpt lat="28.4109560" lon="129.6690860">
    <ele>13.4</ele>
    <time>2022-04-10T22:57:00Z</time>
   </trkpt>
   <trkpt lat="28.4110950" lon="129.6692320">
    <ele>13.8</ele>
    <time>2022-04-10T22:57:06Z</time>
   </trkpt>
   <trkpt lat="28.4111950" lon="129.6693860">
    <ele>14.2</ele>
    <time>2022-04-10T22:57:12Z</time>
   </trkpt>
   <trkpt lat="28.4113180" lon="129.6695690">
    <ele>15.1</ele>
    <time>2022-04-10T22:57:19Z</time>
   </trkpt>
   <trkpt lat="28.4113320" lon="129.6696010">
    <ele>15.2</ele>
    <time>2022-04-10T22:57:20Z</time>
   </trkpt>
   <trkpt lat="28.4114350" lon="129.6697620">
    <ele>16.0</ele>
    <time>2022-04-10T22:57:26Z</time>
   </trkpt>
   <trkpt lat="28.4115210" lon="129.6699360">
    <ele>16.9</ele>
    <time>2022-04-10T22:57:32Z</time>
   </trkpt>
   <trkpt lat="28.4116010" lon="129.6700970">
    <ele>17.6</ele>
    <time>2022-04-10T22:57:38Z</time>
   </trkpt>
   <trkpt lat="28.4116790" lon="129.6702750">
    <ele>18.3</ele>
    <time>2022-04-10T22:57:44Z</time>
   </trkpt>
   <trkpt lat="28.4117650" lon="129.6704500">
    <ele>18.6</ele>
    <time>2022-04-10T22:57:50Z</time>
   </trkpt>
   <trkpt lat="28.4118680" lon="129.6706500">
    <ele>18.7</ele>
    <time>2022-04-10T22:57:58Z</time>
   </trkpt>
   <trkpt lat="28.4119740" lon="129.6708340">
    <ele>18.5</ele>
    <time>2022-04-10T22:58:05Z</time>
   </trkpt>
   <trkpt lat="28.4120400" lon="129.6709590">
    <ele>18.3</ele>
    <time>2022-04-10T22:58:10Z</time>
   </trkpt>
   <trkpt lat="28.4121210" lon="129.6711530">
    <ele>17.6</ele>
    <time>2022-04-10T22:58:17Z</time>
   </trkpt>
   <trkpt lat="28.4122270" lon="129.6713470">
    <ele>16.6</ele>
    <time>2022-04-10T22:58:24Z</time>
   </trkpt>
   <trkpt lat="28.4122420" lon="129.6713790">
    <ele>16.4</ele>
    <time>2022-04-10T22:58:25Z</time>
   </trkpt>
   <trkpt lat="28.4123410" lon="129.6715840">
    <ele>15.3</ele>
    <time>2022-04-10T22:58:32Z</time>
   </trkpt>
   <trkpt lat="28.4123520" lon="129.6716130">
    <ele>15.2</ele>
    <time>2022-04-10T22:58:33Z</time>
   </trkpt>
   <trkpt lat="28.4124330" lon="129.6718030">
    <ele>14.4</ele>
    <time>2022-04-10T22:58:39Z</time>
   </trkpt>
   <trkpt lat="28.4124740" lon="129.6719280">
    <ele>14.3</ele>
    <time>2022-04-10T22:58:43Z</time>
   </trkpt>
   <trkpt lat="28.4125360" lon="129.6721110">
    <ele>14.3</ele>
    <time>2022-04-10T22:58:49Z</time>
   </trkpt>
   <trkpt lat="28.4125490" lon="129.6721750">
    <ele>14.4</ele>
    <time>2022-04-10T22:58:51Z</time>
   </trkpt>
   <trkpt lat="28.4126140" lon="129.6723770">
    <ele>14.1</ele>
    <time>2022-04-10T22:58:58Z</time>
   </trkpt>
   <trkpt lat="28.4126750" lon="129.6725920">
    <ele>14.2</ele>
    <time>2022-04-10T22:59:05Z</time>
   </trkpt>
   <trkpt lat="28.4126950" lon="129.6726520">
    <ele>14.3</ele>
    <time>2022-04-10T22:59:07Z</time>
   </trkpt>
   <trkpt lat="28.4127570" lon="129.6728600">
    <ele>14.8</ele>
    <time>2022-04-10T22:59:14Z</time>
   </trkpt>
   <trkpt lat="28.4127670" lon="129.6728890">
    <ele>14.9</ele>
    <time>2022-04-10T22:59:15Z</time>
   </trkpt>
   <trkpt lat="28.4128130" lon="129.6730870">
    <ele>15.4</ele>
    <time>2022-04-10T22:59:21Z</time>
   </trkpt>
   <trkpt lat="28.4128140" lon="129.6731500">
    <ele>15.6</ele>
    <time>2022-04-10T22:59:23Z</time>
   </trkpt>
   <trkpt lat="28.4128270" lon="129.6733040">
    <ele>16.2</ele>
    <time>2022-04-10T22:59:28Z</time>
   </trkpt>
   <trkpt lat="28.4128410" lon="129.6734880">
    <ele>17.0</ele>
    <time>2022-04-10T22:59:34Z</time>
   </trkpt>
   <trkpt lat="28.4128420" lon="129.6735140">
    <ele>17.1</ele>
    <time>2022-04-10T22:59:35Z</time>
   </trkpt>
   <trkpt lat="28.4128480" lon="129.6737350">
    <ele>17.8</ele>
    <time>2022-04-10T22:59:42Z</time>
   </trkpt>
   <trkpt lat="28.4128500" lon="129.6739500">
    <ele>18.2</ele>
    <time>2022-04-10T22:59:49Z</time>
   </trkpt>
   <trkpt lat="28.4128520" lon="129.6739800">
    <ele>18.2</ele>
    <time>2022-04-10T22:59:50Z</time>
   </trkpt>
   <trkpt lat="28.4128490" lon="129.6742100">
    <ele>18.1</ele>
    <time>2022-04-10T22:59:57Z</time>
   </trkpt>
   <trkpt lat="28.4128460" lon="129.6742450">
    <ele>18.0</ele>
    <time>2022-04-10T22:59:58Z</time>
   </trkpt>
   <trkpt lat="28.4128460" lon="129.6744690">
    <ele>17.4</ele>
    <time>2022-04-10T23:00:05Z</time>
   </trkpt>
   <trkpt lat="28.4128480" lon="129.6744960">
    <ele>17.3</ele>
    <time>2022-04-10T23:00:06Z</time>
   </trkpt>
   <trkpt lat="28.4128460" lon="129.6747080">
    <ele>16.4</ele>
    <time>2022-04-10T23:00:13Z</time>
   </trkpt>
   <trkpt lat="28.4128250" lon="129.6749260">
    <ele>15.5</ele>
    <time>2022-04-10T23:00:20Z</time>
   </trkpt>
   <trkpt lat="28.4128240" lon="129.6751470">
    <ele>14.6</ele>
    <time>2022-04-10T23:00:27Z</time>
   </trkpt>
   <trkpt lat="28.4128230" lon="129.6752410">
    <ele>14.2</ele>
    <time>2022-04-10T23:00:30Z</time>
   </trkpt>
   <trkpt lat="28.4127960" lon="129.6754290">
    <ele>13.6</ele>
    <time>2022-04-10T23:00:36Z</time>
   </trkpt>
   <trkpt lat="28.4127710" lon="129.6756470">
    <ele>13.0</ele>
    <time>2022-04-10T23:00:43Z</time>
   </trkpt>
   <trkpt lat="28.4127660" lon="129.6757370">
    <ele>12.8</ele>
    <time>2022-04-10T23:00:46Z</time>
   </trkpt>
   <trkpt lat="28.4127740" lon="129.6759600">
    <ele>12.5</ele>
    <time>2022-04-10T23:00:53Z</time>
   </trkpt>
   <trkpt lat="28.4127650" lon="129.6761570">
    <ele>12.4</ele>
    <time>2022-04-10T23:00:59Z</time>
   </trkpt>
   <trkpt lat="28.4127530" lon="129.6763850">
    <ele>12.6</ele>
    <time>2022-04-10T23:01:06Z</time>
   </trkpt>
   <trkpt lat="28.4127580" lon="129.6766140">
    <ele>12.8</ele>
    <time>2022-04-10T23:01:13Z</time>
   </trkpt>
   <trkpt lat="28.4127540" lon="129.6768360">
    <ele>12.9</ele>
    <time>2022-04-10T23:01:20Z</time>
   </trkpt>
   <trkpt lat="28.4127500" lon="129.6769050">
    <ele>12.9</ele>
    <time>2022-04-10T23:01:22Z</time>
   </trkpt>
   <trkpt lat="28.4127510" lon="129.6771190">
    <ele>12.9</ele>
    <time>2022-04-10T23:01:29Z</time>
   </trkpt>
   <trkpt lat="28.4127500" lon="129.6773000">
    <ele>12.8</ele>
    <time>2022-04-10T23:01:35Z</time>
   </trkpt>
   <trkpt lat="28.4127800" lon="129.6775100">
    <ele>12.6</ele>
    <time>2022-04-10T23:01:42Z</time>
   </trkpt>
   <trkpt lat="28.4127830" lon="129.6775450">
    <ele>12.5</ele>
    <time>2022-04-10T23:01:43Z</time>
   </trkpt>
   <trkpt lat="28.4128330" lon="129.6777590">
    <ele>11.8</ele>
    <time>2022-04-10T23:01:50Z</time>
   </trkpt>
   <trkpt lat="28.4129080" lon="129.6779290">
    <ele>11.0</ele>
    <time>2022-04-10T23:01:56Z</time>
   </trkpt>
   <trkpt lat="28.4130090" lon="129.6781230">
    <ele>10.0</ele>
    <time>2022-04-10T23:02:03Z</time>
   </trkpt>
   <trkpt lat="28.4131030" lon="129.6782870">
    <ele>9.1</ele>
    <time>2022-04-10T23:02:09Z</time>
   </trkpt>
   <trkpt lat="28.4131840" lon="129.6784180">
    <ele>8.5</ele>
    <time>2022-04-10T23:02:14Z</time>
   </trkpt>
   <trkpt lat="28.4132920" lon="129.6785960">
    <ele>7.8</ele>
    <time>2022-04-10T23:02:21Z</time>
   </trkpt>
   <trkpt lat="28.4133090" lon="129.6786190">
    <ele>7.7</ele>
    <time>2022-04-10T23:02:22Z</time>
   </trkpt>
   <trkpt lat="28.4133450" lon="129.6786680">
    <ele>7.5</ele>
    <time>2022-04-10T23:02:24Z</time>
   </trkpt>
   <trkpt lat="28.4134010" lon="129.6787390">
    <ele>7.4</ele>
    <time>2022-04-10T23:02:27Z</time>
   </trkpt>
   <trkpt lat="28.4135120" lon="129.6788870">
    <ele>7.3</ele>
    <time>2022-04-10T23:02:33Z</time>
   </trkpt>
   <trkpt lat="28.4136080" lon="129.6790770">
    <ele>7.5</ele>
    <time>2022-04-10T23:02:40Z</time>
   </trkpt>
   <trkpt lat="28.4136220" lon="129.6791030">
    <ele>7.5</ele>
    <time>2022-04-10T23:02:41Z</time>
   </trkpt>
   <trkpt lat="28.4136900" lon="129.6793170">
    <ele>8.0</ele>
    <time>2022-04-10T23:02:48Z</time>
   </trkpt>
   <trkpt lat="28.4136970" lon="129.6793440">
    <ele>8.1</ele>
    <time>2022-04-10T23:02:49Z</time>
   </trkpt>
   <trkpt lat="28.4137290" lon="129.6795020">
    <ele>8.5</ele>
    <time>2022-04-10T23:02:54Z</time>
   </trkpt>
   <trkpt lat="28.4137440" lon="129.6797140">
    <ele>9.1</ele>
    <time>2022-04-10T23:03:01Z</time>
   </trkpt>
   <trkpt lat="28.4137460" lon="129.6797430">
    <ele>9.1</ele>
    <time>2022-04-10T23:03:02Z</time>
   </trkpt>
   <trkpt lat="28.4137580" lon="129.6799640">
    <ele>9.7</ele>
    <time>2022-04-10T23:03:09Z</time>
   </trkpt>
   <trkpt lat="28.4137590" lon="129.6799920">
    <ele>9.8</ele>
    <time>2022-04-10T23:03:10Z</time>
   </trkpt>
   <trkpt lat="28.4137760" lon="129.6801960">
    <ele>10.3</ele>
    <time>2022-04-10T23:03:17Z</time>
   </trkpt>
   <trkpt lat="28.4137790" lon="129.6802260">
    <ele>10.4</ele>
    <time>2022-04-10T23:03:18Z</time>
   </trkpt>
   <trkpt lat="28.4137900" lon="129.6804380">
    <ele>11.0</ele>
    <time>2022-04-10T23:03:25Z</time>
   </trkpt>
   <trkpt lat="28.4137920" lon="129.6804650">
    <ele>11.1</ele>
    <time>2022-04-10T23:03:26Z</time>
   </trkpt>
   <trkpt lat="28.4138220" lon="129.6806670">
    <ele>11.9</ele>
    <time>2022-04-10T23:03:33Z</time>
   </trkpt>
   <trkpt lat="28.4138440" lon="129.6808760">
    <ele>12.8</ele>
    <time>2022-04-10T23:03:40Z</time>
   </trkpt>
   <trkpt lat="28.4138600" lon="129.6810670">
    <ele>13.7</ele>
    <time>2022-04-10T23:03:47Z</time>
   </trkpt>
   <trkpt lat="28.4138890" lon="129.6812970">
    <ele>14.9</ele>
    <time>2022-04-10T23:03:55Z</time>
   </trkpt>
   <trkpt lat="28.4138960" lon="129.6815150">
    <ele>15.9</ele>
    <time>2022-04-10T23:04:02Z</time>
   </trkpt>
   <trkpt lat="28.4139000" lon="129.6815480">
    <ele>16.1</ele>
    <time>2022-04-10T23:04:03Z</time>
   </trkpt>
   <trkpt lat="28.4139100" lon="129.6817240">
    <ele>16.9</ele>
    <time>2022-04-10T23:04:09Z</time>
   </trkpt>
   <trkpt lat="28.4139280" lon="129.6819290">
    <ele>17.8</ele>
    <time>2022-04-10T23:04:16Z</time>
   </trkpt>
   <trkpt lat="28.4139360" lon="129.6819790">
    <ele>18.0</ele>
    <time>2022-04-10T23:04:18Z</time>
   </trkpt>
   <trkpt lat="28.4139780" lon="129.6821600">
    <ele>18.5</ele>
    <time>2022-04-10T23:04:24Z</time>
   </trkpt>
   <trkpt lat="28.4140040" lon="129.6823450">
    <ele>18.9</ele>
    <time>2022-04-10T23:04:30Z</time>
   </trkpt>
   <trkpt lat="28.4140430" lon="129.6825210">
    <ele>19.2</ele>
    <time>2022-04-10T23:04:36Z</time>
   </trkpt>
   <trkpt lat="28.4141160" lon="129.6827230">
    <ele>19.2</ele>
    <time>2022-04-10T23:04:43Z</time>
   </trkpt>
   <trkpt lat="28.4141230" lon="129.6827520">
    <ele>19.2</ele>
    <time>2022-04-10T23:04:44Z</time>
   </trkpt>
   <trkpt lat="28.4141360" lon="129.6828520">
    <ele>19.1</ele>
    <time>2022-04-10T23:04:48Z</time>
   </trkpt>
   <trkpt lat="28.4141330" lon="129.6828840">
    <ele>19.1</ele>
    <time>2022-04-10T23:05:28Z</time>
   </trkpt>
   <trkpt lat="28.4141320" lon="129.6828840">
    <ele>19.1</ele>
    <time>2022-04-10T23:05:29Z</time>
   </trkpt>
   <trkpt lat="28.4141430" lon="129.6829530">
    <ele>19.1</ele>
    <time>2022-04-10T23:05:33Z</time>
   </trkpt>
   <trkpt lat="28.4141620" lon="129.6830520">
    <ele>19.1</ele>
    <time>2022-04-10T23:05:36Z</time>
   </trkpt>
   <trkpt lat="28.4142040" lon="129.6831920">
    <ele>19.0</ele>
    <time>2022-04-10T23:05:40Z</time>
   </trkpt>
   <trkpt lat="28.4142240" lon="129.6832850">
    <ele>19.0</ele>
    <time>2022-04-10T23:05:43Z</time>
   </trkpt>
   <trkpt lat="28.4142610" lon="129.6834450">
    <ele>19.0</ele>
    <time>2022-04-10T23:05:48Z</time>
   </trkpt>
   <trkpt lat="28.4142970" lon="129.6835650">
    <ele>18.9</ele>
    <time>2022-04-10T23:05:52Z</time>
   </trkpt>
   <trkpt lat="28.4143480" lon="129.6837160">
    <ele>18.7</ele>
    <time>2022-04-10T23:05:57Z</time>
   </trkpt>
   <trkpt lat="28.4143970" lon="129.6838930">
    <ele>18.5</ele>
    <time>2022-04-10T23:06:03Z</time>
   </trkpt>
   <trkpt lat="28.4144600" lon="129.6841000">
    <ele>18.4</ele>
    <time>2022-04-10T23:06:10Z</time>
   </trkpt>
   <trkpt lat="28.4144680" lon="129.6841320">
    <ele>18.3</ele>
    <time>2022-04-10T23:06:11Z</time>
   </trkpt>
   <trkpt lat="28.4145340" lon="129.6843300">
    <ele>18.1</ele>
    <time>2022-04-10T23:06:18Z</time>
   </trkpt>
   <trkpt lat="28.4145840" lon="129.6845350">
    <ele>17.9</ele>
    <time>2022-04-10T23:06:25Z</time>
   </trkpt>
   <trkpt lat="28.4145920" lon="129.6845630">
    <ele>17.8</ele>
    <time>2022-04-10T23:06:26Z</time>
   </trkpt>
   <trkpt lat="28.4146600" lon="129.6847670">
    <ele>17.3</ele>
    <time>2022-04-10T23:06:33Z</time>
   </trkpt>
   <trkpt lat="28.4146680" lon="129.6848010">
    <ele>17.2</ele>
    <time>2022-04-10T23:06:34Z</time>
   </trkpt>
   <trkpt lat="28.4147330" lon="129.6850090">
    <ele>16.6</ele>
    <time>2022-04-10T23:06:41Z</time>
   </trkpt>
   <trkpt lat="28.4147760" lon="129.6851390">
    <ele>15.9</ele>
    <time>2022-04-10T23:06:46Z</time>
   </trkpt>
   <trkpt lat="28.4148060" lon="129.6853280">
    <ele>14.6</ele>
    <time>2022-04-10T23:06:52Z</time>
   </trkpt>
   <trkpt lat="28.4148400" lon="129.6855160">
    <ele>13.3</ele>
    <time>2022-04-10T23:06:58Z</time>
   </trkpt>
   <trkpt lat="28.4148440" lon="129.6855480">
    <ele>13.1</ele>
    <time>2022-04-10T23:06:59Z</time>
   </trkpt>
   <trkpt lat="28.4148700" lon="129.6857700">
    <ele>11.4</ele>
    <time>2022-04-10T23:07:06Z</time>
   </trkpt>
   <trkpt lat="28.4148760" lon="129.6858020">
    <ele>11.1</ele>
    <time>2022-04-10T23:07:07Z</time>
   </trkpt>
   <trkpt lat="28.4149120" lon="129.6860030">
    <ele>10.2</ele>
    <time>2022-04-10T23:07:13Z</time>
   </trkpt>
   <trkpt lat="28.4149200" lon="129.6860700">
    <ele>9.8</ele>
    <time>2022-04-10T23:07:15Z</time>
   </trkpt>
   <trkpt lat="28.4149420" lon="129.6862740">
    <ele>8.8</ele>
    <time>2022-04-10T23:07:21Z</time>
   </trkpt>
   <trkpt lat="28.4149460" lon="129.6863080">
    <ele>8.7</ele>
    <time>2022-04-10T23:07:22Z</time>
   </trkpt>
   <trkpt lat="28.4149770" lon="129.6864670">
    <ele>8.2</ele>
    <time>2022-04-10T23:07:27Z</time>
   </trkpt>
   <trkpt lat="28.4150000" lon="129.6865980">
    <ele>7.8</ele>
    <time>2022-04-10T23:07:31Z</time>
   </trkpt>
   <trkpt lat="28.4150410" lon="129.6867730">
    <ele>7.5</ele>
    <time>2022-04-10T23:07:37Z</time>
   </trkpt>
   <trkpt lat="28.4150630" lon="129.6869570">
    <ele>7.4</ele>
    <time>2022-04-10T23:07:43Z</time>
   </trkpt>
   <trkpt lat="28.4151050" lon="129.6871670">
    <ele>7.4</ele>
    <time>2022-04-10T23:07:50Z</time>
   </trkpt>
   <trkpt lat="28.4151440" lon="129.6873840">
    <ele>7.4</ele>
    <time>2022-04-10T23:07:57Z</time>
   </trkpt>
   <trkpt lat="28.4151590" lon="129.6874430">
    <ele>7.4</ele>
    <time>2022-04-10T23:07:59Z</time>
   </trkpt>
   <trkpt lat="28.4151790" lon="129.6876320">
    <ele>7.4</ele>
    <time>2022-04-10T23:08:05Z</time>
   </trkpt>
   <trkpt lat="28.4151990" lon="129.6878420">
    <ele>7.2</ele>
    <time>2022-04-10T23:08:12Z</time>
   </trkpt>
   <trkpt lat="28.4152240" lon="129.6880250">
    <ele>7.0</ele>
    <time>2022-04-10T23:08:18Z</time>
   </trkpt>
   <trkpt lat="28.4152500" lon="129.6882370">
    <ele>6.8</ele>
    <time>2022-04-10T23:08:25Z</time>
   </trkpt>
   <trkpt lat="28.4152490" lon="129.6884510">
    <ele>6.7</ele>
    <time>2022-04-10T23:08:32Z</time>
   </trkpt>
   <trkpt lat="28.4152430" lon="129.6886490">
    <ele>6.7</ele>
    <time>2022-04-10T23:08:38Z</time>
   </trkpt>
   <trkpt lat="28.4151920" lon="129.6888530">
    <ele>6.6</ele>
    <time>2022-04-10T23:08:45Z</time>
   </trkpt>
   <trkpt lat="28.4151740" lon="129.6889240">
    <ele>6.6</ele>
    <time>2022-04-10T23:08:47Z</time>
   </trkpt>
   <trkpt lat="28.4151210" lon="129.6891460">
    <ele>6.5</ele>
    <time>2022-04-10T23:08:54Z</time>
   </trkpt>
   <trkpt lat="28.4151090" lon="129.6892130">
    <ele>6.4</ele>
    <time>2022-04-10T23:08:56Z</time>
   </trkpt>
   <trkpt lat="28.4151030" lon="129.6892330">
    <ele>6.4</ele>
    <time>2022-04-10T23:08:57Z</time>
   </trkpt>
   <trkpt lat="28.4150720" lon="129.6892740">
    <ele>6.4</ele>
    <time>2022-04-10T23:11:40Z</time>
   </trkpt>
   <trkpt lat="28.4150760" lon="129.6892750">
    <ele>6.4</ele>
    <time>2022-04-10T23:11:41Z</time>
   </trkpt>
   <trkpt lat="28.4152310" lon="129.6893000">
    <ele>5.7</ele>
    <time>2022-04-10T23:11:47Z</time>
   </trkpt>
   <trkpt lat="28.4152610" lon="129.6892970">
    <ele>5.5</ele>
    <time>2022-04-10T23:11:48Z</time>
   </trkpt>
   <trkpt lat="28.4153260" lon="129.6892960">
    <ele>5.3</ele>
    <time>2022-04-10T23:11:50Z</time>
   </trkpt>
   <trkpt lat="28.4153870" lon="129.6892890">
    <ele>5.4</ele>
    <time>2022-04-10T23:11:52Z</time>
   </trkpt>
   <trkpt lat="28.4154630" lon="129.6892920">
    <ele>5.4</ele>
    <time>2022-04-10T23:11:55Z</time>
   </trkpt>
   <trkpt lat="28.4155460" lon="129.6892960">
    <ele>5.5</ele>
    <time>2022-04-10T23:11:58Z</time>
   </trkpt>
   <trkpt lat="28.4156260" lon="129.6892910">
    <ele>5.6</ele>
    <time>2022-04-10T23:12:01Z</time>
   </trkpt>
   <trkpt lat="28.4157350" lon="129.6892970">
    <ele>5.7</ele>
    <time>2022-04-10T23:12:05Z</time>
   </trkpt>
   <trkpt lat="28.4158730" lon="129.6893120">
    <ele>5.8</ele>
    <time>2022-04-10T23:12:10Z</time>
   </trkpt>
   <trkpt lat="28.4159250" lon="129.6893130">
    <ele>5.8</ele>
    <time>2022-04-10T23:12:12Z</time>
   </trkpt>
   <trkpt lat="28.4161220" lon="129.6893130">
    <ele>6.0</ele>
    <time>2022-04-10T23:12:19Z</time>
   </trkpt>
   <trkpt lat="28.4161490" lon="129.6893160">
    <ele>6.0</ele>
    <time>2022-04-10T23:12:20Z</time>
   </trkpt>
   <trkpt lat="28.4163200" lon="129.6893330">
    <ele>6.4</ele>
    <time>2022-04-10T23:12:26Z</time>
   </trkpt>
   <trkpt lat="28.4163440" lon="129.6893320">
    <ele>6.4</ele>
    <time>2022-04-10T23:12:27Z</time>
   </trkpt>
   <trkpt lat="28.4165380" lon="129.6893310">
    <ele>6.8</ele>
    <time>2022-04-10T23:12:34Z</time>
   </trkpt>
   <trkpt lat="28.4165630" lon="129.6893300">
    <ele>6.8</ele>
    <time>2022-04-10T23:12:35Z</time>
   </trkpt>
   <trkpt lat="28.4167540" lon="129.6893580">
    <ele>6.7</ele>
    <time>2022-04-10T23:12:42Z</time>
   </trkpt>
   <trkpt lat="28.4169440" lon="129.6893700">
    <ele>6.3</ele>
    <time>2022-04-10T23:12:49Z</time>
   </trkpt>
   <trkpt lat="28.4171480" lon="129.6893860">
    <ele>5.8</ele>
    <time>2022-04-10T23:12:56Z</time>
   </trkpt>
   <trkpt lat="28.4171770" lon="129.6893880">
    <ele>5.7</ele>
    <time>2022-04-10T23:12:57Z</time>
   </trkpt>
   <trkpt lat="28.4173440" lon="129.6893820">
    <ele>5.4</ele>
    <time>2022-04-10T23:13:03Z</time>
   </trkpt>
   <trkpt lat="28.4175250" lon="129.6893470">
    <ele>5.0</ele>
    <time>2022-04-10T23:13:10Z</time>
   </trkpt>
   <trkpt lat="28.4177010" lon="129.6892600">
    <ele>5.0</ele>
    <time>2022-04-10T23:13:17Z</time>
   </trkpt>
   <trkpt lat="28.4178590" lon="129.6891200">
    <ele>5.0</ele>
    <time>2022-04-10T23:13:24Z</time>
   </trkpt>
   <trkpt lat="28.4179800" lon="129.6889960">
    <ele>5.0</ele>
    <time>2022-04-10T23:13:30Z</time>
   </trkpt>
   <trkpt lat="28.4181230" lon="129.6888540">
    <ele>5.0</ele>
    <time>2022-04-10T23:13:37Z</time>
   </trkpt>
   <trkpt lat="28.4182550" lon="129.6887210">
    <ele>5.0</ele>
    <time>2022-04-10T23:13:44Z</time>
   </trkpt>
   <trkpt lat="28.4184120" lon="129.6885910">
    <ele>5.0</ele>
    <time>2022-04-10T23:13:51Z</time>
   </trkpt>
   <trkpt lat="28.4184730" lon="129.6885330">
    <ele>5.0</ele>
    <time>2022-04-10T23:13:54Z</time>
   </trkpt>
   <trkpt lat="28.4185910" lon="129.6884720">
    <ele>5.0</ele>
    <time>2022-04-10T23:13:59Z</time>
   </trkpt>
   <trkpt lat="28.4186770" lon="129.6884710">
    <ele>5.6</ele>
    <time>2022-04-10T23:14:04Z</time>
   </trkpt>
   <trkpt lat="28.4186800" lon="129.6884530">
    <ele>5.7</ele>
    <time>2022-04-10T23:14:06Z</time>
   </trkpt>
   <trkpt lat="28.4186990" lon="129.6884460">
    <ele>5.8</ele>
    <time>2022-04-10T23:14:08Z</time>
   </trkpt>
   <trkpt lat="28.4187210" lon="129.6884540">
    <ele>5.9</ele>
    <time>2022-04-10T23:14:10Z</time>
   </trkpt>
   <trkpt lat="28.4187740" lon="129.6884690">
    <ele>6.2</ele>
    <time>2022-04-10T23:14:13Z</time>
   </trkpt>
   <trkpt lat="28.4188650" lon="129.6884930">
    <ele>6.7</ele>
    <time>2022-04-10T23:14:17Z</time>
   </trkpt>
   <trkpt lat="28.4188950" lon="129.6885140">
    <ele>6.9</ele>
    <time>2022-04-10T23:14:19Z</time>
   </trkpt>
   <trkpt lat="28.4189440" lon="129.6885540">
    <ele>7.2</ele>
    <time>2022-04-10T23:14:22Z</time>
   </trkpt>
   <trkpt lat="28.4189960" lon="129.6886100">
    <ele>7.6</ele>
    <time>2022-04-10T23:14:25Z</time>
   </trkpt>
   <trkpt lat="28.4191090" lon="129.6887110">
    <ele>8.3</ele>
    <time>2022-04-10T23:14:32Z</time>
   </trkpt>
   <trkpt lat="28.4191180" lon="129.6887170">
    <ele>8.4</ele>
    <time>2022-04-10T23:14:33Z</time>
   </trkpt>
   <trkpt lat="28.4191050" lon="129.6887400">
    <ele>8.3</ele>
    <time>2022-04-10T23:15:00Z</time>
   </trkpt>
   <trkpt lat="28.4190650" lon="129.6887290">
    <ele>8.2</ele>
    <time>2022-04-10T23:15:02Z</time>
   </trkpt>
   <trkpt lat="28.4189850" lon="129.6887030">
    <ele>8.0</ele>
    <time>2022-04-10T23:15:05Z</time>
   </trkpt>
   <trkpt lat="28.4189190" lon="129.6886810">
    <ele>7.8</ele>
    <time>2022-04-10T23:15:08Z</time>
   </trkpt>
   <trkpt lat="28.4188690" lon="129.6886460">
    <ele>7.7</ele>
    <time>2022-04-10T23:15:11Z</time>
   </trkpt>
   <trkpt lat="28.4188080" lon="129.6886080">
    <ele>7.5</ele>
    <time>2022-04-10T23:15:14Z</time>
   </trkpt>
   <trkpt lat="28.4187640" lon="129.6885930">
    <ele>7.4</ele>
    <time>2022-04-10T23:15:17Z</time>
   </trkpt>
   <trkpt lat="28.4187710" lon="129.6886330">
    <ele>7.3</ele>
    <time>2022-04-10T23:15:20Z</time>
   </trkpt>
   <trkpt lat="28.4188960" lon="129.6887130">
    <ele>6.9</ele>
    <time>2022-04-10T23:15:26Z</time>
   </trkpt>
   <trkpt lat="28.4188910" lon="129.6887230">
    <ele>6.9</ele>
    <time>2022-04-10T23:15:30Z</time>
   </trkpt>
   <trkpt lat="28.4187900" lon="129.6886420">
    <ele>6.6</ele>
    <time>2022-04-10T23:15:35Z</time>
   </trkpt>
   <trkpt lat="28.4186800" lon="129.6885440">
    <ele>5.5</ele>
    <time>2022-04-10T23:15:40Z</time>
   </trkpt>
   <trkpt lat="28.4186700" lon="129.6885200">
    <ele>5.6</ele>
    <time>2022-04-10T23:15:41Z</time>
   </trkpt>
   <trkpt lat="28.4186700" lon="129.6884950">
    <ele>5.8</ele>
    <time>2022-04-10T23:15:42Z</time>
   </trkpt>
   <trkpt lat="28.4187090" lon="129.6884480">
    <ele>6.2</ele>
    <time>2022-04-10T23:15:44Z</time>
   </trkpt>
   <trkpt lat="28.4188650" lon="129.6884050">
    <ele>7.2</ele>
    <time>2022-04-10T23:15:50Z</time>
   </trkpt>
   <trkpt lat="28.4189620" lon="129.6883830">
    <ele>7.9</ele>
    <time>2022-04-10T23:15:54Z</time>
   </trkpt>
   <trkpt lat="28.4190640" lon="129.6883680">
    <ele>8.6</ele>
    <time>2022-04-10T23:15:58Z</time>
   </trkpt>
   <trkpt lat="28.4192410" lon="129.6883290">
    <ele>9.8</ele>
    <time>2022-04-10T23:16:05Z</time>
   </trkpt>
   <trkpt lat="28.4194240" lon="129.6882850">
    <ele>11.1</ele>
    <time>2022-04-10T23:16:12Z</time>
   </trkpt>
   <trkpt lat="28.4194750" lon="129.6882700">
    <ele>11.4</ele>
    <time>2022-04-10T23:16:14Z</time>
   </trkpt>
   <trkpt lat="28.4196530" lon="129.6881930">
    <ele>12.7</ele>
    <time>2022-04-10T23:16:21Z</time>
   </trkpt>
   <trkpt lat="28.4197010" lon="129.6881780">
    <ele>13.1</ele>
    <time>2022-04-10T23:16:23Z</time>
   </trkpt>
   <trkpt lat="28.4198740" lon="129.6880740">
    <ele>14.4</ele>
    <time>2022-04-10T23:16:31Z</time>
   </trkpt>
   <trkpt lat="28.4198960" lon="129.6880630">
    <ele>14.6</ele>
    <time>2022-04-10T23:16:32Z</time>
   </trkpt>
   <trkpt lat="28.4200610" lon="129.6879640">
    <ele>15.8</ele>
    <time>2022-04-10T23:16:39Z</time>
   </trkpt>
   <trkpt lat="28.4200770" lon="129.6879560">
    <ele>15.9</ele>
    <time>2022-04-10T23:16:40Z</time>
   </trkpt>
   <trkpt lat="28.4202350" lon="129.6878710">
    <ele>17.1</ele>
    <time>2022-04-10T23:16:47Z</time>
   </trkpt>
   <trkpt lat="28.4203660" lon="129.6878050">
    <ele>18.1</ele>
    <time>2022-04-10T23:16:53Z</time>
   </trkpt>
   <trkpt lat="28.4204150" lon="129.6877780">
    <ele>18.5</ele>
    <time>2022-04-10T23:16:55Z</time>
   </trkpt>
   <trkpt lat="28.4205510" lon="129.6877100">
    <ele>19.5</ele>
    <time>2022-04-10T23:17:01Z</time>
   </trkpt>
   <trkpt lat="28.4207310" lon="129.6876510">
    <ele>20.7</ele>
    <time>2022-04-10T23:17:09Z</time>
   </trkpt>
   <trkpt lat="28.4208900" lon="129.6876190">
    <ele>21.8</ele>
    <time>2022-04-10T23:17:16Z</time>
   </trkpt>
   <trkpt lat="28.4210570" lon="129.6876070">
    <ele>22.9</ele>
    <time>2022-04-10T23:17:23Z</time>
   </trkpt>
   <trkpt lat="28.4212350" lon="129.6875800">
    <ele>24.2</ele>
    <time>2022-04-10T23:17:31Z</time>
   </trkpt>
   <trkpt lat="28.4214350" lon="129.6875490">
    <ele>25.5</ele>
    <time>2022-04-10T23:17:40Z</time>
   </trkpt>
   <trkpt lat="28.4214810" lon="129.6875400">
    <ele>25.8</ele>
    <time>2022-04-10T23:17:42Z</time>
   </trkpt>
   <trkpt lat="28.4215910" lon="129.6875220">
    <ele>26.6</ele>
    <time>2022-04-10T23:17:47Z</time>
   </trkpt>
   <trkpt lat="28.4217420" lon="129.6874830">
    <ele>27.6</ele>
    <time>2022-04-10T23:17:54Z</time>
   </trkpt>
   <trkpt lat="28.4218880" lon="129.6874280">
    <ele>28.6</ele>
    <time>2022-04-10T23:18:01Z</time>
   </trkpt>
   <trkpt lat="28.4219330" lon="129.6874140">
    <ele>28.9</ele>
    <time>2022-04-10T23:18:03Z</time>
   </trkpt>
   <trkpt lat="28.4220540" lon="129.6873500">
    <ele>29.7</ele>
    <time>2022-04-10T23:18:09Z</time>
   </trkpt>
   <trkpt lat="28.4221950" lon="129.6872540">
    <ele>30.6</ele>
    <time>2022-04-10T23:18:16Z</time>
   </trkpt>
   <trkpt lat="28.4223410" lon="129.6871340">
    <ele>31.7</ele>
    <time>2022-04-10T23:18:24Z</time>
   </trkpt>
   <trkpt lat="28.4224730" lon="129.6869900">
    <ele>32.8</ele>
    <time>2022-04-10T23:18:32Z</time>
   </trkpt>
   <trkpt lat="28.4225890" lon="129.6868650">
    <ele>33.7</ele>
    <time>2022-04-10T23:18:39Z</time>
   </trkpt>
   <trkpt lat="28.4227240" lon="129.6867260">
    <ele>34.8</ele>
    <time>2022-04-10T23:18:47Z</time>
   </trkpt>
   <trkpt lat="28.4228400" lon="129.6866060">
    <ele>35.7</ele>
    <time>2022-04-10T23:18:54Z</time>
   </trkpt>
   <trkpt lat="28.4229790" lon="129.6864570">
    <ele>36.9</ele>
    <time>2022-04-10T23:19:02Z</time>
   </trkpt>
   <trkpt lat="28.4231140" lon="129.6863070">
    <ele>38.0</ele>
    <time>2022-04-10T23:19:10Z</time>
   </trkpt>
   <trkpt lat="28.4231450" lon="129.6862720">
    <ele>38.2</ele>
    <time>2022-04-10T23:19:12Z</time>
   </trkpt>
   <trkpt lat="28.4232920" lon="129.6861250">
    <ele>39.4</ele>
    <time>2022-04-10T23:19:20Z</time>
   </trkpt>
   <trkpt lat="28.4234320" lon="129.6859750">
    <ele>40.7</ele>
    <time>2022-04-10T23:19:28Z</time>
   </trkpt>
   <trkpt lat="28.4235580" lon="129.6858400">
    <ele>42.2</ele>
    <time>2022-04-10T23:19:36Z</time>
   </trkpt>
   <trkpt lat="28.4236760" lon="129.6857170">
    <ele>43.5</ele>
    <time>2022-04-10T23:19:45Z</time>
   </trkpt>
   <trkpt lat="28.4237540" lon="129.6856610">
    <ele>44.3</ele>
    <time>2022-04-10T23:19:50Z</time>
   </trkpt>
   <trkpt lat="28.4237990" lon="129.6856230">
    <ele>44.8</ele>
    <time>2022-04-10T23:19:52Z</time>
   </trkpt>
   <trkpt lat="28.4239290" lon="129.6855400">
    <ele>46.0</ele>
    <time>2022-04-10T23:19:58Z</time>
   </trkpt>
   <trkpt lat="28.4239520" lon="129.6855280">
    <ele>46.2</ele>
    <time>2022-04-10T23:19:59Z</time>
   </trkpt>
   <trkpt lat="28.4241320" lon="129.6854360">
    <ele>47.9</ele>
    <time>2022-04-10T23:20:07Z</time>
   </trkpt>
   <trkpt lat="28.4242830" lon="129.6854060">
    <ele>49.1</ele>
    <time>2022-04-10T23:20:13Z</time>
   </trkpt>
   <trkpt lat="28.4244030" lon="129.6853710">
    <ele>49.8</ele>
    <time>2022-04-10T23:20:18Z</time>
   </trkpt>
   <trkpt lat="28.4246040" lon="129.6853270">
    <ele>50.9</ele>
    <time>2022-04-10T23:20:26Z</time>
   </trkpt>
   <trkpt lat="28.4248040" lon="129.6852770">
    <ele>52.0</ele>
    <time>2022-04-10T23:20:34Z</time>
   </trkpt>
   <trkpt lat="28.4248320" lon="129.6852710">
    <ele>52.1</ele>
    <time>2022-04-10T23:20:35Z</time>
   </trkpt>
   <trkpt lat="28.4250130" lon="129.6852470">
    <ele>53.1</ele>
    <time>2022-04-10T23:20:42Z</time>
   </trkpt>
   <trkpt lat="28.4251780" lon="129.6852160">
    <ele>54.0</ele>
    <time>2022-04-10T23:20:48Z</time>
   </trkpt>
   <trkpt lat="28.4253450" lon="129.6851840">
    <ele>54.9</ele>
    <time>2022-04-10T23:20:54Z</time>
   </trkpt>
   <trkpt lat="28.4255120" lon="129.6851480">
    <ele>55.9</ele>
    <time>2022-04-10T23:21:00Z</time>
   </trkpt>
   <trkpt lat="28.4256310" lon="129.6851210">
    <ele>55.6</ele>
    <time>2022-04-10T23:21:05Z</time>
   </trkpt>
   <trkpt lat="28.4256740" lon="129.6851080">
    <ele>55.4</ele>
    <time>2022-04-10T23:21:37Z</time>
   </trkpt>
   <trkpt lat="28.4256830" lon="129.6851010">
    <ele>55.4</ele>
    <time>2022-04-10T23:21:38Z</time>
   </trkpt>
   <trkpt lat="28.4257130" lon="129.6850830">
    <ele>55.2</ele>
    <time>2022-04-10T23:21:40Z</time>
   </trkpt>
   <trkpt lat="28.4257830" lon="129.6850430">
    <ele>54.9</ele>
    <time>2022-04-10T23:21:43Z</time>
   </trkpt>
   <trkpt lat="28.4258550" lon="129.6850030">
    <ele>54.6</ele>
    <time>2022-04-10T23:21:46Z</time>
   </trkpt>
   <trkpt lat="28.4259220" lon="129.6849560">
    <ele>54.3</ele>
    <time>2022-04-10T23:21:49Z</time>
   </trkpt>
   <trkpt lat="28.4259620" lon="129.6849210">
    <ele>54.1</ele>
    <time>2022-04-10T23:21:51Z</time>
   </trkpt>
   <trkpt lat="28.4260690" lon="129.6848450">
    <ele>53.6</ele>
    <time>2022-04-10T23:21:56Z</time>
   </trkpt>
   <trkpt lat="28.4261400" lon="129.6847990">
    <ele>53.3</ele>
    <time>2022-04-10T23:21:59Z</time>
   </trkpt>
   <trkpt lat="28.4261890" lon="129.6847700">
    <ele>53.1</ele>
    <time>2022-04-10T23:22:01Z</time>
   </trkpt>
   <trkpt lat="28.4261580" lon="129.6848020">
    <ele>53.0</ele>
    <time>2022-04-10T23:22:44Z</time>
   </trkpt>
   <trkpt lat="28.4261580" lon="129.6848020">
    <ele>53.0</ele>
    <time>2022-04-10T23:22:45Z</time>
   </trkpt>
   <trkpt lat="28.4262060" lon="129.6847620">
    <ele>52.7</ele>
    <time>2022-04-10T23:22:49Z</time>
   </trkpt>
   <trkpt lat="28.4262500" lon="129.6847180">
    <ele>52.5</ele>
    <time>2022-04-10T23:22:51Z</time>
   </trkpt>
   <trkpt lat="28.4262730" lon="129.6846940">
    <ele>52.4</ele>
    <time>2022-04-10T23:22:52Z</time>
   </trkpt>
   <trkpt lat="28.4263120" lon="129.6846320">
    <ele>52.1</ele>
    <time>2022-04-10T23:22:54Z</time>
   </trkpt>
   <trkpt lat="28.4263260" lon="129.6846040">
    <ele>52.0</ele>
    <time>2022-04-10T23:22:55Z</time>
   </trkpt>
   <trkpt lat="28.4263810" lon="129.6844090">
    <ele>51.6</ele>
    <time>2022-04-10T23:23:01Z</time>
   </trkpt>
   <trkpt lat="28.4264360" lon="129.6841810">
    <ele>51.1</ele>
    <time>2022-04-10T23:23:09Z</time>
   </trkpt>
   <trkpt lat="28.4264590" lon="129.6840000">
    <ele>50.7</ele>
    <time>2022-04-10T23:23:15Z</time>
   </trkpt>
   <trkpt lat="28.4264600" lon="129.6839660">
    <ele>50.6</ele>
    <time>2022-04-10T23:23:16Z</time>
   </trkpt>
   <trkpt lat="28.4264590" lon="129.6837840">
    <ele>50.2</ele>
    <time>2022-04-10T23:23:21Z</time>
   </trkpt>
   <trkpt lat="28.4264470" lon="129.6835580">
    <ele>49.7</ele>
    <time>2022-04-10T23:23:28Z</time>
   </trkpt>
   <trkpt lat="28.4264440" lon="129.6835220">
    <ele>49.7</ele>
    <time>2022-04-10T23:23:29Z</time>
   </trkpt>
   <trkpt lat="28.4264250" lon="129.6832900">
    <ele>49.2</ele>
    <time>2022-04-10T23:23:36Z</time>
   </trkpt>
   <trkpt lat="28.4264160" lon="129.6830640">
    <ele>49.7</ele>
    <time>2022-04-10T23:23:43Z</time>
   </trkpt>
   <trkpt lat="28.4264140" lon="129.6830310">
    <ele>49.8</ele>
    <time>2022-04-10T23:23:44Z</time>
   </trkpt>
   <trkpt lat="28.4264140" lon="129.6828360">
    <ele>50.4</ele>
    <time>2022-04-10T23:23:50Z</time>
   </trkpt>
   <trkpt lat="28.4264080" lon="129.6827160">
    <ele>50.6</ele>
    <time>2022-04-10T23:23:54Z</time>
   </trkpt>
   <trkpt lat="28.4263940" lon="129.6825550">
    <ele>50.7</ele>
    <time>2022-04-10T23:23:59Z</time>
   </trkpt>
   <trkpt lat="28.4263980" lon="129.6824970">
    <ele>50.7</ele>
    <time>2022-04-10T23:24:01Z</time>
   </trkpt>
   <trkpt lat="28.4264090" lon="129.6822770">
    <ele>50.1</ele>
    <time>2022-04-10T23:24:08Z</time>
   </trkpt>
   <trkpt lat="28.4264170" lon="129.6822100">
    <ele>49.8</ele>
    <time>2022-04-10T23:24:10Z</time>
   </trkpt>
   <trkpt lat="28.4264490" lon="129.6820360">
    <ele>49.0</ele>
    <time>2022-04-10T23:24:16Z</time>
   </trkpt>
   <trkpt lat="28.4264690" lon="129.6819450">
    <ele>48.6</ele>
    <time>2022-04-10T23:24:19Z</time>
   </trkpt>
   <trkpt lat="28.4264920" lon="129.6818950">
    <ele>48.3</ele>
    <time>2022-04-10T23:24:21Z</time>
   </trkpt>
   <trkpt lat="28.4265660" lon="129.6816800">
    <ele>47.3</ele>
    <time>2022-04-10T23:24:28Z</time>
   </trkpt>
   <trkpt lat="28.4265780" lon="129.6816480">
    <ele>47.1</ele>
    <time>2022-04-10T23:24:29Z</time>
   </trkpt>
   <trkpt lat="28.4266430" lon="129.6814650">
    <ele>46.3</ele>
    <time>2022-04-10T23:24:35Z</time>
   </trkpt>
   <trkpt lat="28.4266840" lon="129.6813550">
    <ele>46.2</ele>
    <time>2022-04-10T23:24:39Z</time>
   </trkpt>
   <trkpt lat="28.4267440" lon="129.6811970">
    <ele>46.5</ele>
    <time>2022-04-10T23:24:45Z</time>
   </trkpt>
   <trkpt lat="28.4268050" lon="129.6809970">
    <ele>46.8</ele>
    <time>2022-04-10T23:24:52Z</time>
   </trkpt>
   <trkpt lat="28.4268150" lon="129.6809670">
    <ele>46.9</ele>
    <time>2022-04-10T23:24:53Z</time>
   </trkpt>
   <trkpt lat="28.4268800" lon="129.6807600">
    <ele>47.3</ele>
    <time>2022-04-10T23:25:00Z</time>
   </trkpt>
   <trkpt lat="28.4269440" lon="129.6805560">
    <ele>47.7</ele>
    <time>2022-04-10T23:25:07Z</time>
   </trkpt>
   <trkpt lat="28.4269640" lon="129.6803610">
    <ele>48.0</ele>
    <time>2022-04-10T23:25:13Z</time>
   </trkpt>
   <trkpt lat="28.4269440" lon="129.6801700">
    <ele>48.2</ele>
    <time>2022-04-10T23:25:19Z</time>
   </trkpt>
   <trkpt lat="28.4269120" lon="129.6799460">
    <ele>48.4</ele>
    <time>2022-04-10T23:25:26Z</time>
   </trkpt>
   <trkpt lat="28.4269050" lon="129.6799130">
    <ele>48.4</ele>
    <time>2022-04-10T23:25:27Z</time>
   </trkpt>
   <trkpt lat="28.4268530" lon="129.6797010">
    <ele>48.6</ele>
    <time>2022-04-10T23:25:34Z</time>
   </trkpt>
   <trkpt lat="28.4268460" lon="129.6796660">
    <ele>48.7</ele>
    <time>2022-04-10T23:25:35Z</time>
   </trkpt>
   <trkpt lat="28.4268280" lon="129.6794410">
    <ele>48.9</ele>
    <time>2022-04-10T23:25:42Z</time>
   </trkpt>
   <trkpt lat="28.4268380" lon="129.6792510">
    <ele>50.3</ele>
    <time>2022-04-10T23:25:49Z</time>
   </trkpt>
   <trkpt lat="28.4268820" lon="129.6790320">
    <ele>51.9</ele>
    <time>2022-04-10T23:25:57Z</time>
   </trkpt>
   <trkpt lat="28.4269250" lon="129.6788330">
    <ele>52.9</ele>
    <time>2022-04-10T23:26:04Z</time>
   </trkpt>
   <trkpt lat="28.4269900" lon="129.6786210">
    <ele>53.9</ele>
    <time>2022-04-10T23:26:12Z</time>
   </trkpt>
   <trkpt lat="28.4270410" lon="129.6784910">
    <ele>54.7</ele>
    <time>2022-04-10T23:26:17Z</time>
   </trkpt>
   <trkpt lat="28.4270950" lon="129.6783050">
    <ele>55.7</ele>
    <time>2022-04-10T23:26:24Z</time>
   </trkpt>
   <trkpt lat="28.4271710" lon="129.6781130">
    <ele>56.9</ele>
    <time>2022-04-10T23:26:31Z</time>
   </trkpt>
   <trkpt lat="28.4272520" lon="129.6779130">
    <ele>57.7</ele>
    <time>2022-04-10T23:26:38Z</time>
   </trkpt>
   <trkpt lat="28.4272860" lon="129.6778610">
    <ele>58.0</ele>
    <time>2022-04-10T23:26:40Z</time>
   </trkpt>
   <trkpt lat="28.4274050" lon="129.6777050">
    <ele>58.5</ele>
    <time>2022-04-10T23:26:47Z</time>
   </trkpt>
   <trkpt lat="28.4274440" lon="129.6776610">
    <ele>58.5</ele>
    <time>2022-04-10T23:26:49Z</time>
   </trkpt>
   <trkpt lat="28.4275720" lon="129.6775150">
    <ele>58.0</ele>
    <time>2022-04-10T23:26:56Z</time>
   </trkpt>
   <trkpt lat="28.4277130" lon="129.6773690">
    <ele>59.0</ele>
    <time>2022-04-10T23:27:03Z</time>
   </trkpt>
   <trkpt lat="28.4277570" lon="129.6773350">
    <ele>59.3</ele>
    <time>2022-04-10T23:27:05Z</time>
   </trkpt>
   <trkpt lat="28.4279180" lon="129.6772190">
    <ele>60.7</ele>
    <time>2022-04-10T23:27:12Z</time>
   </trkpt>
   <trkpt lat="28.4279420" lon="129.6772050">
    <ele>60.8</ele>
    <time>2022-04-10T23:27:13Z</time>
   </trkpt>
   <trkpt lat="28.4281140" lon="129.6771000">
    <ele>61.2</ele>
    <time>2022-04-10T23:27:20Z</time>
   </trkpt>
   <trkpt lat="28.4281420" lon="129.6770800">
    <ele>61.3</ele>
    <time>2022-04-10T23:27:21Z</time>
   </trkpt>
   <trkpt lat="28.4282940" lon="129.6769670">
    <ele>61.7</ele>
    <time>2022-04-10T23:27:28Z</time>
   </trkpt>
   <trkpt lat="28.4284360" lon="129.6768170">
    <ele>62.3</ele>
    <time>2022-04-10T23:27:35Z</time>
   </trkpt>
   <trkpt lat="28.4285820" lon="129.6766740">
    <ele>62.0</ele>
    <time>2022-04-10T23:27:42Z</time>
   </trkpt>
   <trkpt lat="28.4287520" lon="129.6765800">
    <ele>60.6</ele>
    <time>2022-04-10T23:27:49Z</time>
   </trkpt>
   <trkpt lat="28.4288550" lon="129.6765890">
    <ele>59.5</ele>
    <time>2022-04-10T23:27:53Z</time>
   </trkpt>
   <trkpt lat="28.4289400" lon="129.6766240">
    <ele>58.4</ele>
    <time>2022-04-10T23:27:56Z</time>
   </trkpt>
   <trkpt lat="28.4290580" lon="129.6767140">
    <ele>56.8</ele>
    <time>2022-04-10T23:28:01Z</time>
   </trkpt>
   <trkpt lat="28.4291080" lon="129.6767510">
    <ele>56.2</ele>
    <time>2022-04-10T23:28:03Z</time>
   </trkpt>
   <trkpt lat="28.4292770" lon="129.6768320">
    <ele>54.4</ele>
    <time>2022-04-10T23:28:09Z</time>
   </trkpt>
   <trkpt lat="28.4294140" lon="129.6768740">
    <ele>53.0</ele>
    <time>2022-04-10T23:28:14Z</time>
   </trkpt>
   <trkpt lat="28.4295060" lon="129.6768900">
    <ele>52.1</ele>
    <time>2022-04-10T23:28:17Z</time>
   </trkpt>
   <trkpt lat="28.4296660" lon="129.6768950">
    <ele>50.4</ele>
    <time>2022-04-10T23:28:23Z</time>
   </trkpt>
   <trkpt lat="28.4298370" lon="129.6768090">
    <ele>48.6</ele>
    <time>2022-04-10T23:28:30Z</time>
   </trkpt>
   <trkpt lat="28.4299240" lon="129.6766320">
    <ele>47.1</ele>
    <time>2022-04-10T23:28:36Z</time>
   </trkpt>
   <trkpt lat="28.4299970" lon="129.6764450">
    <ele>45.1</ele>
    <time>2022-04-10T23:28:42Z</time>
   </trkpt>
   <trkpt lat="28.4300190" lon="129.6764200">
    <ele>44.8</ele>
    <time>2022-04-10T23:28:43Z</time>
   </trkpt>
   <trkpt lat="28.4301430" lon="129.6763300">
    <ele>43.1</ele>
    <time>2022-04-10T23:28:48Z</time>
   </trkpt>
   <trkpt lat="28.4303010" lon="129.6761940">
    <ele>40.8</ele>
    <time>2022-04-10T23:28:55Z</time>
   </trkpt>
   <trkpt lat="28.4303460" lon="129.6760110">
    <ele>39.3</ele>
    <time>2022-04-10T23:29:01Z</time>
   </trkpt>
   <trkpt lat="28.4304160" lon="129.6758140">
    <ele>37.8</ele>
    <time>2022-04-10T23:29:07Z</time>
   </trkpt>
   <trkpt lat="28.4305380" lon="129.6756890">
    <ele>36.1</ele>
    <time>2022-04-10T23:29:13Z</time>
   </trkpt>
   <trkpt lat="28.4306890" lon="129.6755600">
    <ele>34.5</ele>
    <time>2022-04-10T23:29:19Z</time>
   </trkpt>
   <trkpt lat="28.4307080" lon="129.6755330">
    <ele>34.3</ele>
    <time>2022-04-10T23:29:20Z</time>
   </trkpt>
   <trkpt lat="28.4307390" lon="129.6753740">
    <ele>33.2</ele>
    <time>2022-04-10T23:29:25Z</time>
   </trkpt>
   <trkpt lat="28.4306660" lon="129.6752190">
    <ele>31.9</ele>
    <time>2022-04-10T23:29:31Z</time>
   </trkpt>
   <trkpt lat="28.4305460" lon="129.6750850">
    <ele>30.5</ele>
    <time>2022-04-10T23:29:37Z</time>
   </trkpt>
   <trkpt lat="28.4304670" lon="129.6748960">
    <ele>28.2</ele>
    <time>2022-04-10T23:29:43Z</time>
   </trkpt>
   <trkpt lat="28.4304760" lon="129.6747610">
    <ele>26.1</ele>
    <time>2022-04-10T23:29:47Z</time>
   </trkpt>
   <trkpt lat="28.4305070" lon="129.6747030">
    <ele>25.1</ele>
    <time>2022-04-10T23:29:49Z</time>
   </trkpt>
   <trkpt lat="28.4306340" lon="129.6746200">
    <ele>24.0</ele>
    <time>2022-04-10T23:29:54Z</time>
   </trkpt>
   <trkpt lat="28.4308280" lon="129.6746550">
    <ele>23.7</ele>
    <time>2022-04-10T23:30:00Z</time>
   </trkpt>
   <trkpt lat="28.4310040" lon="129.6747070">
    <ele>23.2</ele>
    <time>2022-04-10T23:30:06Z</time>
   </trkpt>
   <trkpt lat="28.4310340" lon="129.6747110">
    <ele>23.1</ele>
    <time>2022-04-10T23:30:07Z</time>
   </trkpt>
   <trkpt lat="28.4312280" lon="129.6747430">
    <ele>22.5</ele>
    <time>2022-04-10T23:30:14Z</time>
   </trkpt>
   <trkpt lat="28.4312900" lon="129.6747470">
    <ele>22.3</ele>
    <time>2022-04-10T23:30:16Z</time>
   </trkpt>
   <trkpt lat="28.4314830" lon="129.6746990">
    <ele>21.5</ele>
    <time>2022-04-10T23:30:23Z</time>
   </trkpt>
   <trkpt lat="28.4316730" lon="129.6746340">
    <ele>20.4</ele>
    <time>2022-04-10T23:30:29Z</time>
   </trkpt>
   <trkpt lat="28.4318720" lon="129.6745770">
    <ele>18.6</ele>
    <time>2022-04-10T23:30:36Z</time>
   </trkpt>
   <trkpt lat="28.4319300" lon="129.6745570">
    <ele>17.7</ele>
    <time>2022-04-10T23:30:38Z</time>
   </trkpt>
   <trkpt lat="28.4321160" lon="129.6744850">
    <ele>14.8</ele>
    <time>2022-04-10T23:30:45Z</time>
   </trkpt>
   <trkpt lat="28.4322820" lon="129.6743700">
    <ele>12.2</ele>
    <time>2022-04-10T23:30:52Z</time>
   </trkpt>
   <trkpt lat="28.4323040" lon="129.6743530">
    <ele>11.8</ele>
    <time>2022-04-10T23:30:53Z</time>
   </trkpt>
   <trkpt lat="28.4324670" lon="129.6742390">
    <ele>9.4</ele>
    <time>2022-04-10T23:31:00Z</time>
   </trkpt>
   <trkpt lat="28.4326040" lon="129.6740900">
    <ele>7.2</ele>
    <time>2022-04-10T23:31:07Z</time>
   </trkpt>
   <trkpt lat="28.4326170" lon="129.6740740">
    <ele>7.0</ele>
    <time>2022-04-10T23:31:08Z</time>
   </trkpt>
   <trkpt lat="28.4327430" lon="129.6739110">
    <ele>5.0</ele>
    <time>2022-04-10T23:31:15Z</time>
   </trkpt>
   <trkpt lat="28.4328700" lon="129.6737650">
    <ele>5.3</ele>
    <time>2022-04-10T23:31:22Z</time>
   </trkpt>
   <trkpt lat="28.4329610" lon="129.6736510">
    <ele>5.4</ele>
    <time>2022-04-10T23:31:27Z</time>
   </trkpt>
   <trkpt lat="28.4330860" lon="129.6735000">
    <ele>5.6</ele>
    <time>2022-04-10T23:31:34Z</time>
   </trkpt>
   <trkpt lat="28.4332170" lon="129.6733430">
    <ele>6.3</ele>
    <time>2022-04-10T23:31:41Z</time>
   </trkpt>
   <trkpt lat="28.4333460" lon="129.6731720">
    <ele>6.8</ele>
    <time>2022-04-10T23:31:48Z</time>
   </trkpt>
   <trkpt lat="28.4333780" lon="129.6731340">
    <ele>7.0</ele>
    <time>2022-04-10T23:31:50Z</time>
   </trkpt>
   <trkpt lat="28.4335090" lon="129.6729780">
    <ele>7.6</ele>
    <time>2022-04-10T23:31:57Z</time>
   </trkpt>
   <trkpt lat="28.4335430" lon="129.6729380">
    <ele>7.8</ele>
    <time>2022-04-10T23:31:59Z</time>
   </trkpt>
   <trkpt lat="28.4336820" lon="129.6727900">
    <ele>8.2</ele>
    <time>2022-04-10T23:32:06Z</time>
   </trkpt>
   <trkpt lat="28.4337040" lon="129.6727690">
    <ele>8.2</ele>
    <time>2022-04-10T23:32:07Z</time>
   </trkpt>
   <trkpt lat="28.4338680" lon="129.6726560">
    <ele>8.3</ele>
    <time>2022-04-10T23:32:14Z</time>
   </trkpt>
   <trkpt lat="28.4338940" lon="129.6726420">
    <ele>8.3</ele>
    <time>2022-04-10T23:32:15Z</time>
   </trkpt>
   <trkpt lat="28.4340670" lon="129.6725420">
    <ele>8.1</ele>
    <time>2022-04-10T23:32:22Z</time>
   </trkpt>
   <trkpt lat="28.4341400" lon="129.6724900">
    <ele>7.9</ele>
    <time>2022-04-10T23:32:25Z</time>
   </trkpt>
   <trkpt lat="28.4343150" lon="129.6723890">
    <ele>7.0</ele>
    <time>2022-04-10T23:32:33Z</time>
   </trkpt>
   <trkpt lat="28.4343470" lon="129.6723680">
    <ele>6.9</ele>
    <time>2022-04-10T23:32:35Z</time>
   </trkpt>
   <trkpt lat="28.4344650" lon="129.6723050">
    <ele>6.3</ele>
    <time>2022-04-10T23:32:40Z</time>
   </trkpt>
   <trkpt lat="28.4345340" lon="129.6722580">
    <ele>6.2</ele>
    <time>2022-04-10T23:32:43Z</time>
   </trkpt>
   <trkpt lat="28.4347000" lon="129.6721520">
    <ele>5.7</ele>
    <time>2022-04-10T23:32:50Z</time>
   </trkpt>
   <trkpt lat="28.4347680" lon="129.6721140">
    <ele>5.5</ele>
    <time>2022-04-10T23:32:53Z</time>
   </trkpt>
   <trkpt lat="28.4349290" lon="129.6720100">
    <ele>5.0</ele>
    <time>2022-04-10T23:33:00Z</time>
   </trkpt>
   <trkpt lat="28.4349530" lon="129.6719950">
    <ele>5.0</ele>
    <time>2022-04-10T23:33:01Z</time>
   </trkpt>
   <trkpt lat="28.4350820" lon="129.6719170">
    <ele>4.5</ele>
    <time>2022-04-10T23:33:07Z</time>
   </trkpt>
   <trkpt lat="28.4352160" lon="129.6718310">
    <ele>4.0</ele>
    <time>2022-04-10T23:33:13Z</time>
   </trkpt>
   <trkpt lat="28.4353980" lon="129.6717260">
    <ele>3.3</ele>
    <time>2022-04-10T23:33:20Z</time>
   </trkpt>
   <trkpt lat="28.4354230" lon="129.6717130">
    <ele>3.2</ele>
    <time>2022-04-10T23:33:21Z</time>
   </trkpt>
   <trkpt lat="28.4355610" lon="129.6716230">
    <ele>2.8</ele>
    <time>2022-04-10T23:33:27Z</time>
   </trkpt>
   <trkpt lat="28.4357430" lon="129.6715150">
    <ele>2.9</ele>
    <time>2022-04-10T23:33:35Z</time>
   </trkpt>
   <trkpt lat="28.4357670" lon="129.6715050">
    <ele>3.0</ele>
    <time>2022-04-10T23:33:36Z</time>
   </trkpt>
   <trkpt lat="28.4359500" lon="129.6714090">
    <ele>2.8</ele>
    <time>2022-04-10T23:33:43Z</time>
   </trkpt>
   <trkpt lat="28.4360220" lon="129.6713650">
    <ele>2.6</ele>
    <time>2022-04-10T23:33:46Z</time>
   </trkpt>
   <trkpt lat="28.4361740" lon="129.6712670">
    <ele>2.5</ele>
    <time>2022-04-10T23:33:53Z</time>
   </trkpt>
   <trkpt lat="28.4363480" lon="129.6711710">
    <ele>2.3</ele>
    <time>2022-04-10T23:34:00Z</time>
   </trkpt>
   <trkpt lat="28.4364790" lon="129.6710680">
    <ele>2.0</ele>
    <time>2022-04-10T23:34:06Z</time>
   </trkpt>
   <trkpt lat="28.4366540" lon="129.6709730">
    <ele>1.8</ele>
    <time>2022-04-10T23:34:13Z</time>
   </trkpt>
   <trkpt lat="28.4368250" lon="129.6708690">
    <ele>1.9</ele>
    <time>2022-04-10T23:34:20Z</time>
   </trkpt>
   <trkpt lat="28.4368430" lon="129.6708590">
    <ele>1.9</ele>
    <time>2022-04-10T23:34:21Z</time>
   </trkpt>
   <trkpt lat="28.4369680" lon="129.6707920">
    <ele>2.0</ele>
    <time>2022-04-10T23:34:26Z</time>
   </trkpt>
   <trkpt lat="28.4371280" lon="129.6706950">
    <ele>2.1</ele>
    <time>2022-04-10T23:34:33Z</time>
   </trkpt>
   <trkpt lat="28.4371750" lon="129.6706640">
    <ele>2.2</ele>
    <time>2022-04-10T23:34:35Z</time>
   </trkpt>
   <trkpt lat="28.4373400" lon="129.6705560">
    <ele>2.3</ele>
    <time>2022-04-10T23:34:42Z</time>
   </trkpt>
   <trkpt lat="28.4374100" lon="129.6705160">
    <ele>2.1</ele>
    <time>2022-04-10T23:34:45Z</time>
   </trkpt>
   <trkpt lat="28.4375730" lon="129.6704050">
    <ele>2.0</ele>
    <time>2022-04-10T23:34:52Z</time>
   </trkpt>
   <trkpt lat="28.4376210" lon="129.6703770">
    <ele>2.0</ele>
    <time>2022-04-10T23:34:54Z</time>
   </trkpt>
   <trkpt lat="28.4377900" lon="129.6702930">
    <ele>2.1</ele>
    <time>2022-04-10T23:35:01Z</time>
   </trkpt>
   <trkpt lat="28.4378380" lon="129.6702610">
    <ele>2.1</ele>
    <time>2022-04-10T23:35:03Z</time>
   </trkpt>
   <trkpt lat="28.4380030" lon="129.6701630">
    <ele>2.2</ele>
    <time>2022-04-10T23:35:10Z</time>
   </trkpt>
   <trkpt lat="28.4380280" lon="129.6701480">
    <ele>2.2</ele>
    <time>2022-04-10T23:35:11Z</time>
   </trkpt>
   <trkpt lat="28.4382000" lon="129.6700580">
    <ele>2.5</ele>
    <time>2022-04-10T23:35:18Z</time>
   </trkpt>
   <trkpt lat="28.4382930" lon="129.6699990">
    <ele>2.6</ele>
    <time>2022-04-10T23:35:22Z</time>
   </trkpt>
   <trkpt lat="28.4383870" lon="129.6699390">
    <ele>2.8</ele>
    <time>2022-04-10T23:35:26Z</time>
   </trkpt>
   <trkpt lat="28.4384110" lon="129.6699260">
    <ele>2.9</ele>
    <time>2022-04-10T23:35:27Z</time>
   </trkpt>
   <trkpt lat="28.4385300" lon="129.6698590">
    <ele>2.8</ele>
    <time>2022-04-10T23:35:32Z</time>
   </trkpt>
   <trkpt lat="28.4386940" lon="129.6697550">
    <ele>2.7</ele>
    <time>2022-04-10T23:35:39Z</time>
   </trkpt>
   <trkpt lat="28.4387170" lon="129.6697420">
    <ele>2.7</ele>
    <time>2022-04-10T23:35:40Z</time>
   </trkpt>
   <trkpt lat="28.4388860" lon="129.6696450">
    <ele>2.8</ele>
    <time>2022-04-10T23:35:47Z</time>
   </trkpt>
   <trkpt lat="28.4389290" lon="129.6696160">
    <ele>2.9</ele>
    <time>2022-04-10T23:35:49Z</time>
   </trkpt>
   <trkpt lat="28.4390240" lon="129.6695530">
    <ele>3.2</ele>
    <time>2022-04-10T23:35:53Z</time>
   </trkpt>
   <trkpt lat="28.4390490" lon="129.6695360">
    <ele>3.2</ele>
    <time>2022-04-10T23:35:54Z</time>
   </trkpt>
   <trkpt lat="28.4392010" lon="129.6694480">
    <ele>3.8</ele>
    <time>2022-04-10T23:36:00Z</time>
   </trkpt>
   <trkpt lat="28.4393570" lon="129.6693500">
    <ele>5.0</ele>
    <time>2022-04-10T23:36:07Z</time>
   </trkpt>
   <trkpt lat="28.4393300" lon="129.6693120">
    <ele>5.0</ele>
    <time>2022-04-10T23:36:28Z</time>
   </trkpt>
   <trkpt lat="28.4393380" lon="129.6693000">
    <ele>5.0</ele>
    <time>2022-04-10T23:36:29Z</time>
   </trkpt>
   <trkpt lat="28.4393390" lon="129.6692610">
    <ele>5.0</ele>
    <time>2022-04-10T23:36:31Z</time>
   </trkpt>
   <trkpt lat="28.4393230" lon="129.6692130">
    <ele>5.0</ele>
    <time>2022-04-10T23:36:33Z</time>
   </trkpt>
   <trkpt lat="28.4392550" lon="129.6690980">
    <ele>4.9</ele>
    <time>2022-04-10T23:36:38Z</time>
   </trkpt>
   <trkpt lat="28.4391780" lon="129.6689060">
    <ele>4.9</ele>
    <time>2022-04-10T23:36:45Z</time>
   </trkpt>
   <trkpt lat="28.4391590" lon="129.6688510">
    <ele>4.9</ele>
    <time>2022-04-10T23:36:47Z</time>
   </trkpt>
   <trkpt lat="28.4390950" lon="129.6686770">
    <ele>5.0</ele>
    <time>2022-04-10T23:36:53Z</time>
   </trkpt>
   <trkpt lat="28.4390810" lon="129.6686490">
    <ele>5.0</ele>
    <time>2022-04-10T23:36:54Z</time>
   </trkpt>
   <trkpt lat="28.4389810" lon="129.6684620">
    <ele>5.0</ele>
    <time>2022-04-10T23:37:01Z</time>
   </trkpt>
   <trkpt lat="28.4388870" lon="129.6682820">
    <ele>5.2</ele>
    <time>2022-04-10T23:37:08Z</time>
   </trkpt>
   <trkpt lat="28.4388080" lon="129.6680770">
    <ele>5.3</ele>
    <time>2022-04-10T23:37:15Z</time>
   </trkpt>
   <trkpt lat="28.4387830" lon="129.6680190">
    <ele>5.3</ele>
    <time>2022-04-10T23:37:17Z</time>
   </trkpt>
   <trkpt lat="28.4387390" lon="129.6678490">
    <ele>5.3</ele>
    <time>2022-04-10T23:37:23Z</time>
   </trkpt>
   <trkpt lat="28.4387250" lon="129.6677890">
    <ele>5.3</ele>
    <time>2022-04-10T23:37:25Z</time>
   </trkpt>
   <trkpt lat="28.4386610" lon="129.6675900">
    <ele>5.3</ele>
    <time>2022-04-10T23:37:32Z</time>
   </trkpt>
   <trkpt lat="28.4386490" lon="129.6675590">
    <ele>5.3</ele>
    <time>2022-04-10T23:37:33Z</time>
   </trkpt>
   <trkpt lat="28.4386000" lon="129.6673530">
    <ele>5.4</ele>
    <time>2022-04-10T23:37:40Z</time>
   </trkpt>
   <trkpt lat="28.4385920" lon="129.6673230">
    <ele>5.4</ele>
    <time>2022-04-10T23:37:41Z</time>
   </trkpt>
   <trkpt lat="28.4385760" lon="129.6671030">
    <ele>5.4</ele>
    <time>2022-04-10T23:37:49Z</time>
   </trkpt>
   <trkpt lat="28.4385630" lon="129.6669850">
    <ele>5.3</ele>
    <time>2022-04-10T23:37:54Z</time>
   </trkpt>
   <trkpt lat="28.4385580" lon="129.6669270">
    <ele>5.3</ele>
    <time>2022-04-10T23:37:56Z</time>
   </trkpt>
   <trkpt lat="28.4385860" lon="129.6667080">
    <ele>5.1</ele>
    <time>2022-04-10T23:38:03Z</time>
   </trkpt>
   <trkpt lat="28.4385940" lon="129.6666790">
    <ele>5.1</ele>
    <time>2022-04-10T23:38:04Z</time>
   </trkpt>
   <trkpt lat="28.4386530" lon="129.6664680">
    <ele>4.9</ele>
    <time>2022-04-10T23:38:11Z</time>
   </trkpt>
   <trkpt lat="28.4386620" lon="129.6664370">
    <ele>4.9</ele>
    <time>2022-04-10T23:38:12Z</time>
   </trkpt>
   <trkpt lat="28.4387190" lon="129.6662330">
    <ele>4.6</ele>
    <time>2022-04-10T23:38:19Z</time>
   </trkpt>
   <trkpt lat="28.4387670" lon="129.6660320">
    <ele>4.3</ele>
    <time>2022-04-10T23:38:26Z</time>
   </trkpt>
   <trkpt lat="28.4387710" lon="129.6660040">
    <ele>4.3</ele>
    <time>2022-04-10T23:38:27Z</time>
   </trkpt>
   <trkpt lat="28.4387560" lon="129.6657890">
    <ele>4.2</ele>
    <time>2022-04-10T23:38:34Z</time>
   </trkpt>
   <trkpt lat="28.4387010" lon="129.6655920">
    <ele>4.7</ele>
    <time>2022-04-10T23:38:41Z</time>
   </trkpt>
   <trkpt lat="28.4387000" lon="129.6655660">
    <ele>4.7</ele>
    <time>2022-04-10T23:38:42Z</time>
   </trkpt>
   <trkpt lat="28.4387150" lon="129.6653970">
    <ele>4.9</ele>
    <time>2022-04-10T23:38:48Z</time>
   </trkpt>
   <trkpt lat="28.4386320" lon="129.6652030">
    <ele>4.9</ele>
    <time>2022-04-10T23:38:55Z</time>
   </trkpt>
   <trkpt lat="28.4386070" lon="129.6651410">
    <ele>4.9</ele>
    <time>2022-04-10T23:38:57Z</time>
   </trkpt>
   <trkpt lat="28.4385200" lon="129.6649360">
    <ele>4.8</ele>
    <time>2022-04-10T23:39:05Z</time>
   </trkpt>
   <trkpt lat="28.4385130" lon="129.6649140">
    <ele>4.8</ele>
    <time>2022-04-10T23:39:06Z</time>
   </trkpt>
   <trkpt lat="28.4384350" lon="129.6647300">
    <ele>4.5</ele>
    <time>2022-04-10T23:39:13Z</time>
   </trkpt>
   <trkpt lat="28.4383530" lon="129.6645380">
    <ele>4.5</ele>
    <time>2022-04-10T23:39:20Z</time>
   </trkpt>
   <trkpt lat="28.4383380" lon="129.6645080">
    <ele>4.5</ele>
    <time>2022-04-10T23:39:21Z</time>
   </trkpt>
   <trkpt lat="28.4382540" lon="129.6643260">
    <ele>4.6</ele>
    <time>2022-04-10T23:39:28Z</time>
   </trkpt>
   <trkpt lat="28.4381240" lon="129.6641590">
    <ele>5.4</ele>
    <time>2022-04-10T23:39:36Z</time>
   </trkpt>
   <trkpt lat="28.4379720" lon="129.6640220">
    <ele>6.5</ele>
    <time>2022-04-10T23:39:44Z</time>
   </trkpt>
   <trkpt lat="28.4378100" lon="129.6639580">
    <ele>7.6</ele>
    <time>2022-04-10T23:39:51Z</time>
   </trkpt>
   <trkpt lat="28.4376600" lon="129.6638970">
    <ele>8.9</ele>
    <time>2022-04-10T23:39:58Z</time>
   </trkpt>
   <trkpt lat="28.4375420" lon="129.6638680">
    <ele>9.9</ele>
    <time>2022-04-10T23:40:04Z</time>
   </trkpt>
   <trkpt lat="28.4374040" lon="129.6637860">
    <ele>11.2</ele>
    <time>2022-04-10T23:40:10Z</time>
   </trkpt>
   <trkpt lat="28.4372800" lon="129.6637270">
    <ele>12.4</ele>
    <time>2022-04-10T23:40:16Z</time>
   </trkpt>
   <trkpt lat="28.4372380" lon="129.6637000">
    <ele>12.8</ele>
    <time>2022-04-10T23:40:18Z</time>
   </trkpt>
   <trkpt lat="28.4370980" lon="129.6636060">
    <ele>14.4</ele>
    <time>2022-04-10T23:40:25Z</time>
   </trkpt>
   <trkpt lat="28.4369440" lon="129.6634700">
    <ele>16.3</ele>
    <time>2022-04-10T23:40:33Z</time>
   </trkpt>
   <trkpt lat="28.4369250" lon="129.6634500">
    <ele>16.6</ele>
    <time>2022-04-10T23:40:34Z</time>
   </trkpt>
   <trkpt lat="28.4367850" lon="129.6632890">
    <ele>18.9</ele>
    <time>2022-04-10T23:40:43Z</time>
   </trkpt>
   <trkpt lat="28.4367690" lon="129.6632680">
    <ele>19.2</ele>
    <time>2022-04-10T23:40:44Z</time>
   </trkpt>
   <trkpt lat="28.4366680" lon="129.6631290">
    <ele>20.9</ele>
    <time>2022-04-10T23:40:51Z</time>
   </trkpt>
   <trkpt lat="28.4365880" lon="129.6629640">
    <ele>22.6</ele>
    <time>2022-04-10T23:40:58Z</time>
   </trkpt>
   <trkpt lat="28.4365060" lon="129.6627740">
    <ele>24.5</ele>
    <time>2022-04-10T23:41:06Z</time>
   </trkpt>
   <trkpt lat="28.4364160" lon="129.6625720">
    <ele>26.6</ele>
    <time>2022-04-10T23:41:14Z</time>
   </trkpt>
   <trkpt lat="28.4363490" lon="129.6624260">
    <ele>28.3</ele>
    <time>2022-04-10T23:41:20Z</time>
   </trkpt>
   <trkpt lat="28.4362530" lon="129.6622860">
    <ele>30.0</ele>
    <time>2022-04-10T23:41:27Z</time>
   </trkpt>
   <trkpt lat="28.4361240" lon="129.6621270">
    <ele>32.2</ele>
    <time>2022-04-10T23:41:35Z</time>
   </trkpt>
   <trkpt lat="28.4361080" lon="129.6621110">
    <ele>32.4</ele>
    <time>2022-04-10T23:41:36Z</time>
   </trkpt>
   <trkpt lat="28.4359590" lon="129.6619830">
    <ele>34.4</ele>
    <time>2022-04-10T23:41:44Z</time>
   </trkpt>
   <trkpt lat="28.4357910" lon="129.6618920">
    <ele>36.5</ele>
    <time>2022-04-10T23:41:52Z</time>
   </trkpt>
   <trkpt lat="28.4356730" lon="129.6618660">
    <ele>37.8</ele>
    <time>2022-04-10T23:41:57Z</time>
   </trkpt>
   <trkpt lat="28.4356030" lon="129.6618450">
    <ele>38.6</ele>
    <time>2022-04-10T23:42:00Z</time>
   </trkpt>
   <trkpt lat="28.4355340" lon="129.6618390">
    <ele>39.3</ele>
    <time>2022-04-10T23:42:03Z</time>
   </trkpt>
   <trkpt lat="28.4353990" lon="129.6618220">
    <ele>40.4</ele>
    <time>2022-04-10T23:42:09Z</time>
   </trkpt>
   <trkpt lat="28.4352320" lon="129.6618170">
    <ele>41.5</ele>
    <time>2022-04-10T23:42:16Z</time>
   </trkpt>
   <trkpt lat="28.4351170" lon="129.6617990">
    <ele>41.9</ele>
    <time>2022-04-10T23:42:21Z</time>
   </trkpt>
   <trkpt lat="28.4349840" lon="129.6617920">
    <ele>42.1</ele>
    <time>2022-04-10T23:42:26Z</time>
   </trkpt>
   <trkpt lat="28.4348380" lon="129.6617720">
    <ele>41.8</ele>
    <time>2022-04-10T23:42:32Z</time>
   </trkpt>
   <trkpt lat="28.4347920" lon="129.6617730">
    <ele>41.7</ele>
    <time>2022-04-10T23:42:34Z</time>
   </trkpt>
   <trkpt lat="28.4346930" lon="129.6617750">
    <ele>41.2</ele>
    <time>2022-04-10T23:42:38Z</time>
   </trkpt>
   <trkpt lat="28.4346180" lon="129.6617690">
    <ele>40.7</ele>
    <time>2022-04-10T23:42:41Z</time>
   </trkpt>
   <trkpt lat="28.4344610" lon="129.6617340">
    <ele>39.4</ele>
    <time>2022-04-10T23:42:47Z</time>
   </trkpt>
   <trkpt lat="28.4344360" lon="129.6617260">
    <ele>39.2</ele>
    <time>2022-04-10T23:42:48Z</time>
   </trkpt>
   <trkpt lat="28.4343410" lon="129.6616880">
    <ele>38.2</ele>
    <time>2022-04-10T23:42:52Z</time>
   </trkpt>
   <trkpt lat="28.4342890" lon="129.6616710">
    <ele>37.6</ele>
    <time>2022-04-10T23:42:54Z</time>
   </trkpt>
   <trkpt lat="28.4341980" lon="129.6616310">
    <ele>36.6</ele>
    <time>2022-04-10T23:42:58Z</time>
   </trkpt>
   <trkpt lat="28.4341300" lon="129.6615910">
    <ele>35.8</ele>
    <time>2022-04-10T23:43:01Z</time>
   </trkpt>
   <trkpt lat="28.4340320" lon="129.6615310">
    <ele>34.5</ele>
    <time>2022-04-10T23:43:05Z</time>
   </trkpt>
   <trkpt lat="28.4339360" lon="129.6614610">
    <ele>33.3</ele>
    <time>2022-04-10T23:43:09Z</time>
   </trkpt>
   <trkpt lat="28.4337900" lon="129.6613210">
    <ele>31.2</ele>
    <time>2022-04-10T23:43:16Z</time>
   </trkpt>
   <trkpt lat="28.4337340" lon="129.6612660">
    <ele>30.4</ele>
    <time>2022-04-10T23:43:19Z</time>
   </trkpt>
   <trkpt lat="28.4336090" lon="129.6610810">
    <ele>28.2</ele>
    <time>2022-04-10T23:43:26Z</time>
   </trkpt>
   <trkpt lat="28.4335260" lon="129.6608800">
    <ele>26.3</ele>
    <time>2022-04-10T23:43:32Z</time>
   </trkpt>
   <trkpt lat="28.4334910" lon="129.6607530">
    <ele>25.1</ele>
    <time>2022-04-10T23:43:36Z</time>
   </trkpt>
   <trkpt lat="28.4334420" lon="129.6605320">
    <ele>23.0</ele>
    <time>2022-04-10T23:43:42Z</time>
   </trkpt>
   <trkpt lat="28.4334250" lon="129.6603970">
    <ele>21.8</ele>
    <time>2022-04-10T23:43:46Z</time>
   </trkpt>
   <trkpt lat="28.4334200" lon="129.6602140">
    <ele>20.2</ele>
    <time>2022-04-10T23:43:51Z</time>
   </trkpt>
   <trkpt lat="28.4334290" lon="129.6601330">
    <ele>19.5</ele>
    <time>2022-04-10T23:43:53Z</time>
   </trkpt>
   <trkpt lat="28.4334460" lon="129.6599470">
    <ele>17.8</ele>
    <time>2022-04-10T23:43:58Z</time>
   </trkpt>
   <trkpt lat="28.4334500" lon="129.6599100">
    <ele>17.5</ele>
    <time>2022-04-10T23:43:59Z</time>
   </trkpt>
   <trkpt lat="28.4334640" lon="129.6596870">
    <ele>15.8</ele>
    <time>2022-04-10T23:44:05Z</time>
   </trkpt>
   <trkpt lat="28.4334600" lon="129.6595890">
    <ele>15.0</ele>
    <time>2022-04-10T23:44:08Z</time>
   </trkpt>
   <trkpt lat="28.4333970" lon="129.6593760">
    <ele>13.1</ele>
    <time>2022-04-10T23:44:15Z</time>
   </trkpt>
   <trkpt lat="28.4332710" lon="129.6592080">
    <ele>11.3</ele>
    <time>2022-04-10T23:44:22Z</time>
   </trkpt>
   <trkpt lat="28.4332380" lon="129.6591850">
    <ele>10.9</ele>
    <time>2022-04-10T23:44:23Z</time>
   </trkpt>
   <trkpt lat="28.4330390" lon="129.6591230">
    <ele>8.8</ele>
    <time>2022-04-10T23:44:30Z</time>
   </trkpt>
   <trkpt lat="28.4330100" lon="129.6591240">
    <ele>8.5</ele>
    <time>2022-04-10T23:44:31Z</time>
   </trkpt>
   <trkpt lat="28.4328120" lon="129.6591440">
    <ele>6.5</ele>
    <time>2022-04-10T23:44:38Z</time>
   </trkpt>
   <trkpt lat="28.4327650" lon="129.6591520">
    <ele>6.0</ele>
    <time>2022-04-10T23:44:40Z</time>
   </trkpt>
   <trkpt lat="28.4326640" lon="129.6591690">
    <ele>5.2</ele>
    <time>2022-04-10T23:44:44Z</time>
   </trkpt>
   <trkpt lat="28.4326130" lon="129.6591690">
    <ele>4.9</ele>
    <time>2022-04-10T23:44:46Z</time>
   </trkpt>
   <trkpt lat="28.4324470" lon="129.6591680">
    <ele>4.2</ele>
    <time>2022-04-10T23:44:52Z</time>
   </trkpt>
   <trkpt lat="28.4322710" lon="129.6591860">
    <ele>3.7</ele>
    <time>2022-04-10T23:44:59Z</time>
   </trkpt>
   <trkpt lat="28.4321200" lon="129.6591360">
    <ele>3.5</ele>
    <time>2022-04-10T23:45:05Z</time>
   </trkpt>
   <trkpt lat="28.4320960" lon="129.6591220">
    <ele>3.5</ele>
    <time>2022-04-10T23:45:06Z</time>
   </trkpt>
   <trkpt lat="28.4319670" lon="129.6590570">
    <ele>3.5</ele>
    <time>2022-04-10T23:45:11Z</time>
   </trkpt>
   <trkpt lat="28.4318950" lon="129.6590210">
    <ele>3.5</ele>
    <time>2022-04-10T23:45:14Z</time>
   </trkpt>
   <trkpt lat="28.4317110" lon="129.6589170">
    <ele>3.4</ele>
    <time>2022-04-10T23:45:21Z</time>
   </trkpt>
   <trkpt lat="28.4316350" lon="129.6588750">
    <ele>3.4</ele>
    <time>2022-04-10T23:45:24Z</time>
   </trkpt>
   <trkpt lat="28.4315180" lon="129.6587930">
    <ele>3.5</ele>
    <time>2022-04-10T23:45:29Z</time>
   </trkpt>
   <trkpt lat="28.4313680" lon="129.6587010">
    <ele>3.6</ele>
    <time>2022-04-10T23:45:35Z</time>
   </trkpt>
   <trkpt lat="28.4311820" lon="129.6586030">
    <ele>3.7</ele>
    <time>2022-04-10T23:45:42Z</time>
   </trkpt>
   <trkpt lat="28.4310140" lon="129.6585070">
    <ele>3.8</ele>
    <time>2022-04-10T23:45:49Z</time>
   </trkpt>
   <trkpt lat="28.4309920" lon="129.6584920">
    <ele>3.7</ele>
    <time>2022-04-10T23:45:50Z</time>
   </trkpt>
   <trkpt lat="28.4308240" lon="129.6583990">
    <ele>3.6</ele>
    <time>2022-04-10T23:45:57Z</time>
   </trkpt>
   <trkpt lat="28.4307990" lon="129.6583850">
    <ele>3.6</ele>
    <time>2022-04-10T23:45:58Z</time>
   </trkpt>
   <trkpt lat="28.4306430" lon="129.6582780">
    <ele>3.5</ele>
    <time>2022-04-10T23:46:05Z</time>
   </trkpt>
   <trkpt lat="28.4305920" lon="129.6582500">
    <ele>3.4</ele>
    <time>2022-04-10T23:46:07Z</time>
   </trkpt>
   <trkpt lat="28.4304270" lon="129.6581500">
    <ele>5.6</ele>
    <time>2022-04-10T23:46:14Z</time>
   </trkpt>
   <trkpt lat="28.4304010" lon="129.6581350">
    <ele>5.5</ele>
    <time>2022-04-10T23:46:15Z</time>
   </trkpt>
   <trkpt lat="28.4302410" lon="129.6580270">
    <ele>7.6</ele>
    <time>2022-04-10T23:46:22Z</time>
   </trkpt>
   <trkpt lat="28.4302180" lon="129.6580120">
    <ele>8.0</ele>
    <time>2022-04-10T23:46:23Z</time>
   </trkpt>
   <trkpt lat="28.4300640" lon="129.6578890">
    <ele>7.8</ele>
    <time>2022-04-10T23:46:30Z</time>
   </trkpt>
   <trkpt lat="28.4299930" lon="129.6578590">
    <ele>7.0</ele>
    <time>2022-04-10T23:46:33Z</time>
   </trkpt>
   <trkpt lat="28.4299050" lon="129.6579040">
    <ele>6.5</ele>
    <time>2022-04-10T23:46:37Z</time>
   </trkpt>
   <trkpt lat="28.4297660" lon="129.6580580">
    <ele>5.4</ele>
    <time>2022-04-10T23:46:44Z</time>
   </trkpt>
   <trkpt lat="28.4296300" lon="129.6582080">
    <ele>5.1</ele>
    <time>2022-04-10T23:46:51Z</time>
   </trkpt>
   <trkpt lat="28.4295740" lon="129.6582750">
    <ele>5.3</ele>
    <time>2022-04-10T23:46:54Z</time>
   </trkpt>
   <trkpt lat="28.4294290" lon="129.6583930">
    <ele>5.6</ele>
    <time>2022-04-10T23:47:01Z</time>
   </trkpt>
   <trkpt lat="28.4293890" lon="129.6584010">
    <ele>5.6</ele>
    <time>2022-04-10T23:47:03Z</time>
   </trkpt>
   <trkpt lat="28.4293550" lon="129.6583720">
    <ele>5.7</ele>
    <time>2022-04-10T23:47:05Z</time>
   </trkpt>
   <trkpt lat="28.4293820" lon="129.6583030">
    <ele>5.4</ele>
    <time>2022-04-10T23:47:08Z</time>
   </trkpt>
   <trkpt lat="28.4295370" lon="129.6581850">
    <ele>4.5</ele>
    <time>2022-04-10T23:47:15Z</time>
   </trkpt>
   <trkpt lat="28.4295560" lon="129.6581630">
    <ele>4.4</ele>
    <time>2022-04-10T23:47:16Z</time>
   </trkpt>
   <trkpt lat="28.4296860" lon="129.6580090">
    <ele>4.3</ele>
    <time>2022-04-10T23:47:23Z</time>
   </trkpt>
   <trkpt lat="28.4298090" lon="129.6578360">
    <ele>5.0</ele>
    <time>2022-04-10T23:47:31Z</time>
   </trkpt>
   <trkpt lat="28.4298230" lon="129.6577910">
    <ele>4.8</ele>
    <time>2022-04-10T23:47:33Z</time>
   </trkpt>
   <trkpt lat="28.4298050" lon="129.6577130">
    <ele>4.3</ele>
    <time>2022-04-10T23:47:36Z</time>
   </trkpt>
   <trkpt lat="28.4296860" lon="129.6575650">
    <ele>4.0</ele>
    <time>2022-04-10T23:47:43Z</time>
   </trkpt>
   <trkpt lat="28.4295580" lon="129.6574780">
    <ele>3.9</ele>
    <time>2022-04-10T23:47:49Z</time>
   </trkpt>
   <trkpt lat="28.4293970" lon="129.6573780">
    <ele>3.8</ele>
    <time>2022-04-10T23:47:56Z</time>
   </trkpt>
   <trkpt lat="28.4293750" lon="129.6573670">
    <ele>3.7</ele>
    <time>2022-04-10T23:47:57Z</time>
   </trkpt>
   <trkpt lat="28.4292400" lon="129.6572810">
    <ele>3.5</ele>
    <time>2022-04-10T23:48:03Z</time>
   </trkpt>
   <trkpt lat="28.4290790" lon="129.6571720">
    <ele>2.0</ele>
    <time>2022-04-10T23:48:10Z</time>
   </trkpt>
   <trkpt lat="28.4290530" lon="129.6571510">
    <ele>1.6</ele>
    <time>2022-04-10T23:48:11Z</time>
   </trkpt>
   <trkpt lat="28.4289000" lon="129.6570190">
    <ele>0.6</ele>
    <time>2022-04-10T23:48:18Z</time>
   </trkpt>
   <trkpt lat="28.4288810" lon="129.6570060">
    <ele>0.3</ele>
    <time>2022-04-10T23:48:19Z</time>
   </trkpt>
   <trkpt lat="28.4287620" lon="129.6570220">
    <ele>-0.3</ele>
    <time>2022-04-10T23:48:24Z</time>
   </trkpt>
   <trkpt lat="28.4286130" lon="129.6571520">
    <ele>0.6</ele>
    <time>2022-04-10T23:48:31Z</time>
   </trkpt>
   <trkpt lat="28.4284880" lon="129.6572570">
    <ele>2.8</ele>
    <time>2022-04-10T23:48:37Z</time>
   </trkpt>
   <trkpt lat="28.4283380" lon="129.6573780">
    <ele>5.6</ele>
    <time>2022-04-10T23:48:44Z</time>
   </trkpt>
   <trkpt lat="28.4283100" lon="129.6573850">
    <ele>5.6</ele>
    <time>2022-04-10T23:48:45Z</time>
   </trkpt>
   <trkpt lat="28.4281530" lon="129.6573490">
    <ele>5.6</ele>
    <time>2022-04-10T23:48:51Z</time>
   </trkpt>
   <trkpt lat="28.4280130" lon="129.6573370">
    <ele>5.5</ele>
    <time>2022-04-10T23:48:56Z</time>
   </trkpt>
   <trkpt lat="28.4278190" lon="129.6573130">
    <ele>5.4</ele>
    <time>2022-04-10T23:49:03Z</time>
   </trkpt>
   <trkpt lat="28.4276750" lon="129.6572490">
    <ele>5.4</ele>
    <time>2022-04-10T23:49:09Z</time>
   </trkpt>
   <trkpt lat="28.4276220" lon="129.6570780">
    <ele>5.2</ele>
    <time>2022-04-10T23:49:15Z</time>
   </trkpt>
   <trkpt lat="28.4275290" lon="129.6569820">
    <ele>5.2</ele>
    <time>2022-04-10T23:49:20Z</time>
   </trkpt>
   <trkpt lat="28.4273810" lon="129.6569360">
    <ele>5.2</ele>
    <time>2022-04-10T23:49:26Z</time>
   </trkpt>
   <trkpt lat="28.4272160" lon="129.6568520">
    <ele>5.2</ele>
    <time>2022-04-10T23:49:33Z</time>
   </trkpt>
   <trkpt lat="28.4270750" lon="129.6567820">
    <ele>5.2</ele>
    <time>2022-04-10T23:49:39Z</time>
   </trkpt>
   <trkpt lat="28.4269300" lon="129.6567040">
    <ele>5.1</ele>
    <time>2022-04-10T23:49:45Z</time>
   </trkpt>
   <trkpt lat="28.4267680" lon="129.6566200">
    <ele>5.2</ele>
    <time>2022-04-10T23:49:52Z</time>
   </trkpt>
   <trkpt lat="28.4266530" lon="129.6565720">
    <ele>5.2</ele>
    <time>2022-04-10T23:49:57Z</time>
   </trkpt>
   <trkpt lat="28.4266370" lon="129.6565760">
    <ele>5.2</ele>
    <time>2022-04-10T23:49:58Z</time>
   </trkpt>
   <trkpt lat="28.4265780" lon="129.6566210">
    <ele>5.2</ele>
    <time>2022-04-10T23:50:02Z</time>
   </trkpt>
   <trkpt lat="28.4265730" lon="129.6566320">
    <ele>5.2</ele>
    <time>2022-04-10T23:50:03Z</time>
   </trkpt>
   <trkpt lat="28.4264940" lon="129.6567660">
    <ele>5.4</ele>
    <time>2022-04-10T23:50:09Z</time>
   </trkpt>
   <trkpt lat="28.4264760" lon="129.6567880">
    <ele>5.4</ele>
    <time>2022-04-10T23:50:10Z</time>
   </trkpt>
   <trkpt lat="28.4264510" lon="129.6568020">
    <ele>5.4</ele>
    <time>2022-04-10T23:50:11Z</time>
   </trkpt>
   <trkpt lat="28.4264030" lon="129.6567980">
    <ele>5.5</ele>
    <time>2022-04-10T23:50:13Z</time>
   </trkpt>
   <trkpt lat="28.4262850" lon="129.6567100">
    <ele>5.7</ele>
    <time>2022-04-10T23:50:18Z</time>
   </trkpt>
   <trkpt lat="28.4262410" lon="129.6566740">
    <ele>5.8</ele>
    <time>2022-04-10T23:50:20Z</time>
   </trkpt>
   <trkpt lat="28.4261090" lon="129.6565740">
    <ele>6.0</ele>
    <time>2022-04-10T23:50:26Z</time>
   </trkpt>
   <trkpt lat="28.4259580" lon="129.6564530">
    <ele>6.2</ele>
    <time>2022-04-10T23:50:33Z</time>
   </trkpt>
   <trkpt lat="28.4259370" lon="129.6564350">
    <ele>6.2</ele>
    <time>2022-04-10T23:50:34Z</time>
   </trkpt>
   <trkpt lat="28.4257760" lon="129.6563320">
    <ele>6.2</ele>
    <time>2022-04-10T23:50:41Z</time>
   </trkpt>
   <trkpt lat="28.4257270" lon="129.6563090">
    <ele>6.2</ele>
    <time>2022-04-10T23:50:43Z</time>
   </trkpt>
   <trkpt lat="28.4255460" lon="129.6562060">
    <ele>6.2</ele>
    <time>2022-04-10T23:50:50Z</time>
   </trkpt>
   <trkpt lat="28.4253790" lon="129.6561170">
    <ele>6.2</ele>
    <time>2022-04-10T23:50:57Z</time>
   </trkpt>
   <trkpt lat="28.4253240" lon="129.6560880">
    <ele>6.1</ele>
    <time>2022-04-10T23:50:59Z</time>
   </trkpt>
   <trkpt lat="28.4251190" lon="129.6560280">
    <ele>6.1</ele>
    <time>2022-04-10T23:51:07Z</time>
   </trkpt>
   <trkpt lat="28.4249320" lon="129.6559900">
    <ele>6.0</ele>
    <time>2022-04-10T23:51:14Z</time>
   </trkpt>
   <trkpt lat="28.4248810" lon="129.6559780">
    <ele>6.0</ele>
    <time>2022-04-10T23:51:16Z</time>
   </trkpt>
   <trkpt lat="28.4247500" lon="129.6559440">
    <ele>5.8</ele>
    <time>2022-04-10T23:51:21Z</time>
   </trkpt>
   <trkpt lat="28.4246210" lon="129.6558840">
    <ele>5.6</ele>
    <time>2022-04-10T23:51:26Z</time>
   </trkpt>
   <trkpt lat="28.4244280" lon="129.6558260">
    <ele>5.4</ele>
    <time>2022-04-10T23:51:33Z</time>
   </trkpt>
   <trkpt lat="28.4243810" lon="129.6558070">
    <ele>5.4</ele>
    <time>2022-04-10T23:51:35Z</time>
   </trkpt>
   <trkpt lat="28.4243670" lon="129.6557890">
    <ele>5.0</ele>
    <time>2022-04-10T23:51:36Z</time>
   </trkpt>
   <trkpt lat="28.4243860" lon="129.6557550">
    <ele>5.0</ele>
    <time>2022-04-10T23:51:38Z</time>
   </trkpt>
   <trkpt lat="28.4245160" lon="129.6557080">
    <ele>4.0</ele>
    <time>2022-04-10T23:51:44Z</time>
   </trkpt>
   <trkpt lat="28.4245240" lon="129.6556320">
    <ele>3.5</ele>
    <time>2022-04-10T23:51:47Z</time>
   </trkpt>
   <trkpt lat="28.4244190" lon="129.6554550">
    <ele>2.2</ele>
    <time>2022-04-10T23:51:54Z</time>
   </trkpt>
   <trkpt lat="28.4244030" lon="129.6554300">
    <ele>2.0</ele>
    <time>2022-04-10T23:51:55Z</time>
   </trkpt>
   <trkpt lat="28.4242920" lon="129.6552520">
    <ele>1.3</ele>
    <time>2022-04-10T23:52:02Z</time>
   </trkpt>
   <trkpt lat="28.4242720" lon="129.6552230">
    <ele>0.8</ele>
    <time>2022-04-10T23:52:03Z</time>
   </trkpt>
   <trkpt lat="28.4241690" lon="129.6550470">
    <ele>-1.0</ele>
    <time>2022-04-10T23:52:10Z</time>
   </trkpt>
   <trkpt lat="28.4240620" lon="129.6548730">
    <ele>0.2</ele>
    <time>2022-04-10T23:52:17Z</time>
   </trkpt>
   <trkpt lat="28.4240430" lon="129.6548410">
    <ele>0.8</ele>
    <time>2022-04-10T23:52:18Z</time>
   </trkpt>
   <trkpt lat="28.4239360" lon="129.6546500">
    <ele>1.4</ele>
    <time>2022-04-10T23:52:26Z</time>
   </trkpt>
   <trkpt lat="28.4239250" lon="129.6546320">
    <ele>1.7</ele>
    <time>2022-04-10T23:52:27Z</time>
   </trkpt>
   <trkpt lat="28.4238250" lon="129.6544500">
    <ele>3.5</ele>
    <time>2022-04-10T23:52:34Z</time>
   </trkpt>
   <trkpt lat="28.4237880" lon="129.6543760">
    <ele>4.0</ele>
    <time>2022-04-10T23:52:37Z</time>
   </trkpt>
   <trkpt lat="28.4236790" lon="129.6541690">
    <ele>5.6</ele>
    <time>2022-04-10T23:52:45Z</time>
   </trkpt>
   <trkpt lat="28.4235770" lon="129.6539770">
    <ele>5.8</ele>
    <time>2022-04-10T23:52:53Z</time>
   </trkpt>
   <trkpt lat="28.4234830" lon="129.6537970">
    <ele>5.7</ele>
    <time>2022-04-10T23:53:00Z</time>
   </trkpt>
   <trkpt lat="28.4234570" lon="129.6537410">
    <ele>5.5</ele>
    <time>2022-04-10T23:53:02Z</time>
   </trkpt>
   <trkpt lat="28.4233640" lon="129.6535550">
    <ele>4.3</ele>
    <time>2022-04-10T23:53:09Z</time>
   </trkpt>
   <trkpt lat="28.4232680" lon="129.6533790">
    <ele>3.6</ele>
    <time>2022-04-10T23:53:16Z</time>
   </trkpt>
   <trkpt lat="28.4231670" lon="129.6532660">
    <ele>3.5</ele>
    <time>2022-04-10T23:53:22Z</time>
   </trkpt>
   <trkpt lat="28.4231500" lon="129.6532670">
    <ele>3.5</ele>
    <time>2022-04-10T23:53:23Z</time>
   </trkpt>
   <trkpt lat="28.4230390" lon="129.6533290">
    <ele>4.1</ele>
    <time>2022-04-10T23:53:28Z</time>
   </trkpt>
   <trkpt lat="28.4229240" lon="129.6534140">
    <ele>4.6</ele>
    <time>2022-04-10T23:53:33Z</time>
   </trkpt>
   <trkpt lat="28.4227880" lon="129.6535020">
    <ele>5.2</ele>
    <time>2022-04-10T23:53:39Z</time>
   </trkpt>
   <trkpt lat="28.4226260" lon="129.6536120">
    <ele>4.7</ele>
    <time>2022-04-10T23:53:46Z</time>
   </trkpt>
   <trkpt lat="28.4226030" lon="129.6536220">
    <ele>4.5</ele>
    <time>2022-04-10T23:53:47Z</time>
   </trkpt>
   <trkpt lat="28.4224850" lon="129.6536500">
    <ele>4.3</ele>
    <time>2022-04-10T23:53:52Z</time>
   </trkpt>
   <trkpt lat="28.4224740" lon="129.6536320">
    <ele>4.3</ele>
    <time>2022-04-10T23:53:53Z</time>
   </trkpt>
   <trkpt lat="28.4224540" lon="129.6534990">
    <ele>4.4</ele>
    <time>2022-04-10T23:53:58Z</time>
   </trkpt>
   <trkpt lat="28.4224140" lon="129.6532730">
    <ele>4.4</ele>
    <time>2022-04-10T23:54:05Z</time>
   </trkpt>
   <trkpt lat="28.4224120" lon="129.6532510">
    <ele>4.4</ele>
    <time>2022-04-10T23:54:06Z</time>
   </trkpt>
   <trkpt lat="28.4223870" lon="129.6530820">
    <ele>4.0</ele>
    <time>2022-04-10T23:54:12Z</time>
   </trkpt>
   <trkpt lat="28.4223680" lon="129.6528700">
    <ele>3.8</ele>
    <time>2022-04-10T23:54:19Z</time>
   </trkpt>
   <trkpt lat="28.4223440" lon="129.6526500">
    <ele>4.6</ele>
    <time>2022-04-10T23:54:26Z</time>
   </trkpt>
   <trkpt lat="28.4223380" lon="129.6525880">
    <ele>4.8</ele>
    <time>2022-04-10T23:54:28Z</time>
   </trkpt>
   <trkpt lat="28.4223120" lon="129.6524140">
    <ele>5.8</ele>
    <time>2022-04-10T23:54:34Z</time>
   </trkpt>
   <trkpt lat="28.4222470" lon="129.6522450">
    <ele>6.8</ele>
    <time>2022-04-10T23:54:40Z</time>
   </trkpt>
   <trkpt lat="28.4221200" lon="129.6520820">
    <ele>6.8</ele>
    <time>2022-04-10T23:54:47Z</time>
   </trkpt>
   <trkpt lat="28.4220760" lon="129.6520430">
    <ele>6.6</ele>
    <time>2022-04-10T23:54:49Z</time>
   </trkpt>
   <trkpt lat="28.4219690" lon="129.6518850">
    <ele>5.6</ele>
    <time>2022-04-10T23:54:56Z</time>
   </trkpt>
   <trkpt lat="28.4219170" lon="129.6518180">
    <ele>5.6</ele>
    <time>2022-04-10T23:55:00Z</time>
   </trkpt>
   <trkpt lat="28.4219070" lon="129.6517950">
    <ele>5.6</ele>
    <time>2022-04-10T23:55:33Z</time>
   </trkpt>
   <trkpt lat="28.4219060" lon="129.6517950">
    <ele>5.6</ele>
    <time>2022-04-10T23:55:34Z</time>
   </trkpt>
   <trkpt lat="28.4219370" lon="129.6517440">
    <ele>5.6</ele>
    <time>2022-04-10T23:55:38Z</time>
   </trkpt>
   <trkpt lat="28.4220800" lon="129.6515860">
    <ele>5.7</ele>
    <time>2022-04-10T23:55:44Z</time>
   </trkpt>
   <trkpt lat="28.4221280" lon="129.6515400">
    <ele>5.7</ele>
    <time>2022-04-10T23:55:46Z</time>
   </trkpt>
   <trkpt lat="28.4221960" lon="129.6514890">
    <ele>5.7</ele>
    <time>2022-04-10T23:55:49Z</time>
   </trkpt>
   <trkpt lat="28.4222220" lon="129.6514690">
    <ele>5.7</ele>
    <time>2022-04-10T23:55:50Z</time>
   </trkpt>
   <trkpt lat="28.4223590" lon="129.6514130">
    <ele>5.7</ele>
    <time>2022-04-10T23:55:55Z</time>
   </trkpt>
   <trkpt lat="28.4224200" lon="129.6514100">
    <ele>5.7</ele>
    <time>2022-04-10T23:55:57Z</time>
   </trkpt>
   <trkpt lat="28.4224780" lon="129.6514140">
    <ele>5.7</ele>
    <time>2022-04-10T23:55:59Z</time>
   </trkpt>
   <trkpt lat="28.4225920" lon="129.6514300">
    <ele>5.6</ele>
    <time>2022-04-10T23:56:03Z</time>
   </trkpt>
   <trkpt lat="28.4226200" lon="129.6514360">
    <ele>5.6</ele>
    <time>2022-04-10T23:56:04Z</time>
   </trkpt>
   <trkpt lat="28.4228150" lon="129.6514640">
    <ele>5.6</ele>
    <time>2022-04-10T23:56:11Z</time>
   </trkpt>
   <trkpt lat="28.4230240" lon="129.6514830">
    <ele>5.7</ele>
    <time>2022-04-10T23:56:18Z</time>
   </trkpt>
   <trkpt lat="28.4230520" lon="129.6514830">
    <ele>5.7</ele>
    <time>2022-04-10T23:56:19Z</time>
   </trkpt>
   <trkpt lat="28.4232490" lon="129.6514770">
    <ele>5.7</ele>
    <time>2022-04-10T23:56:26Z</time>
   </trkpt>
   <trkpt lat="28.4232760" lon="129.6514730">
    <ele>5.7</ele>
    <time>2022-04-10T23:56:27Z</time>
   </trkpt>
   <trkpt lat="28.4234530" lon="129.6513870">
    <ele>5.7</ele>
    <time>2022-04-10T23:56:34Z</time>
   </trkpt>
   <trkpt lat="28.4235750" lon="129.6512870">
    <ele>5.7</ele>
    <time>2022-04-10T23:56:39Z</time>
   </trkpt>
   <trkpt lat="28.4237200" lon="129.6511620">
    <ele>5.8</ele>
    <time>2022-04-10T23:56:45Z</time>
   </trkpt>
   <trkpt lat="28.4237680" lon="129.6511210">
    <ele>5.9</ele>
    <time>2022-04-10T23:56:47Z</time>
   </trkpt>
   <trkpt lat="28.4239160" lon="129.6509800">
    <ele>6.2</ele>
    <time>2022-04-10T23:56:54Z</time>
   </trkpt>
   <trkpt lat="28.4240560" lon="129.6509070">
    <ele>6.4</ele>
    <time>2022-04-10T23:57:00Z</time>
   </trkpt>
   <trkpt lat="28.4241800" lon="129.6508250">
    <ele>6.5</ele>
    <time>2022-04-10T23:57:05Z</time>
   </trkpt>
   <trkpt lat="28.4243360" lon="129.6507230">
    <ele>6.6</ele>
    <time>2022-04-10T23:57:11Z</time>
   </trkpt>
   <trkpt lat="28.4244890" lon="129.6506150">
    <ele>6.7</ele>
    <time>2022-04-10T23:57:17Z</time>
   </trkpt>
   <trkpt lat="28.4246670" lon="129.6504940">
    <ele>6.6</ele>
    <time>2022-04-10T23:57:24Z</time>
   </trkpt>
   <trkpt lat="28.4248100" lon="129.6503580">
    <ele>6.5</ele>
    <time>2022-04-10T23:57:30Z</time>
   </trkpt>
   <trkpt lat="28.4249320" lon="129.6502020">
    <ele>6.3</ele>
    <time>2022-04-10T23:57:36Z</time>
   </trkpt>
   <trkpt lat="28.4250510" lon="129.6500490">
    <ele>6.2</ele>
    <time>2022-04-10T23:57:42Z</time>
   </trkpt>
   <trkpt lat="28.4251260" lon="129.6499780">
    <ele>6.2</ele>
    <time>2022-04-10T23:57:45Z</time>
   </trkpt>
   <trkpt lat="28.4253010" lon="129.6499090">
    <ele>6.3</ele>
    <time>2022-04-10T23:57:51Z</time>
   </trkpt>
   <trkpt lat="28.4254650" lon="129.6498900">
    <ele>6.4</ele>
    <time>2022-04-10T23:57:56Z</time>
   </trkpt>
   <trkpt lat="28.4254930" lon="129.6499120">
    <ele>6.4</ele>
    <time>2022-04-10T23:57:57Z</time>
   </trkpt>
   <trkpt lat="28.4255540" lon="129.6499470">
    <ele>6.4</ele>
    <time>2022-04-10T23:57:59Z</time>
   </trkpt>
   <trkpt lat="28.4256390" lon="129.6500030">
    <ele>6.5</ele>
    <time>2022-04-10T23:58:02Z</time>
   </trkpt>
   <trkpt lat="28.4256970" lon="129.6499960">
    <ele>6.5</ele>
    <time>2022-04-10T23:58:04Z</time>
   </trkpt>
   <trkpt lat="28.4258300" lon="129.6499780">
    <ele>6.5</ele>
    <time>2022-04-10T23:58:08Z</time>
   </trkpt>
   <trkpt lat="28.4258600" lon="129.6499790">
    <ele>6.5</ele>
    <time>2022-04-10T23:58:09Z</time>
   </trkpt>
   <trkpt lat="28.4259210" lon="129.6499600">
    <ele>6.6</ele>
    <time>2022-04-10T23:58:11Z</time>
   </trkpt>
   <trkpt lat="28.4259780" lon="129.6499580">
    <ele>6.6</ele>
    <time>2022-04-10T23:58:13Z</time>
   </trkpt>
   <trkpt lat="28.4261020" lon="129.6499880">
    <ele>6.6</ele>
    <time>2022-04-10T23:58:17Z</time>
   </trkpt>
   <trkpt lat="28.4261880" lon="129.6500010">
    <ele>6.7</ele>
    <time>2022-04-10T23:58:20Z</time>
   </trkpt>
   <trkpt lat="28.4263800" lon="129.6500340">
    <ele>6.7</ele>
    <time>2022-04-10T23:58:26Z</time>
   </trkpt>
   <trkpt lat="28.4265260" lon="129.6500540">
    <ele>6.7</ele>
    <time>2022-04-10T23:58:31Z</time>
   </trkpt>
   <trkpt lat="28.4267070" lon="129.6501170">
    <ele>6.8</ele>
    <time>2022-04-10T23:58:37Z</time>
   </trkpt>
   <trkpt lat="28.4269030" lon="129.6501380">
    <ele>6.7</ele>
    <time>2022-04-10T23:58:43Z</time>
   </trkpt>
   <trkpt lat="28.4269320" lon="129.6501420">
    <ele>6.7</ele>
    <time>2022-04-10T23:58:44Z</time>
   </trkpt>
   <trkpt lat="28.4270740" lon="129.6500750">
    <ele>6.6</ele>
    <time>2022-04-10T23:58:49Z</time>
   </trkpt>
   <trkpt lat="28.4271910" lon="129.6499020">
    <ele>6.4</ele>
    <time>2022-04-10T23:58:55Z</time>
   </trkpt>
   <trkpt lat="28.4272330" lon="129.6497030">
    <ele>6.2</ele>
    <time>2022-04-10T23:59:01Z</time>
   </trkpt>
   <trkpt lat="28.4272630" lon="129.6494790">
    <ele>5.9</ele>
    <time>2022-04-10T23:59:07Z</time>
   </trkpt>
   <trkpt lat="28.4272810" lon="129.6494000">
    <ele>5.8</ele>
    <time>2022-04-10T23:59:09Z</time>
   </trkpt>
   <trkpt lat="28.4272870" lon="129.6493620">
    <ele>5.7</ele>
    <time>2022-04-10T23:59:10Z</time>
   </trkpt>
   <trkpt lat="28.4272750" lon="129.6492370">
    <ele>5.7</ele>
    <time>2022-04-10T23:59:14Z</time>
   </trkpt>
   <trkpt lat="28.4272510" lon="129.6490410">
    <ele>5.5</ele>
    <time>2022-04-10T23:59:20Z</time>
   </trkpt>
   <trkpt lat="28.4272490" lon="129.6490080">
    <ele>5.5</ele>
    <time>2022-04-10T23:59:21Z</time>
   </trkpt>
   <trkpt lat="28.4272540" lon="129.6489020">
    <ele>5.4</ele>
    <time>2022-04-10T23:59:24Z</time>
   </trkpt>
   <trkpt lat="28.4272470" lon="129.6487400">
    <ele>5.4</ele>
    <time>2022-04-10T23:59:29Z</time>
   </trkpt>
   <trkpt lat="28.4272220" lon="129.6485700">
    <ele>5.4</ele>
    <time>2022-04-10T23:59:34Z</time>
   </trkpt>
   <trkpt lat="28.4271820" lon="129.6483360">
    <ele>5.1</ele>
    <time>2022-04-10T23:59:41Z</time>
   </trkpt>
   <trkpt lat="28.4271680" lon="129.6482390">
    <ele>5.1</ele>
    <time>2022-04-10T23:59:44Z</time>
   </trkpt>
   <trkpt lat="28.4271580" lon="129.6480100">
    <ele>5.0</ele>
    <time>2022-04-10T23:59:51Z</time>
   </trkpt>
   <trkpt lat="28.4271480" lon="129.6479090">
    <ele>4.9</ele>
    <time>2022-04-10T23:59:54Z</time>
   </trkpt>
   <trkpt lat="28.4271460" lon="129.6476810">
    <ele>4.7</ele>
    <time>2022-04-11T00:00:00Z</time>
   </trkpt>
   <trkpt lat="28.4271440" lon="129.6476080">
    <ele>4.7</ele>
    <time>2022-04-11T00:00:02Z</time>
   </trkpt>
   <trkpt lat="28.4271170" lon="129.6473860">
    <ele>4.9</ele>
    <time>2022-04-11T00:00:08Z</time>
   </trkpt>
   <trkpt lat="28.4271110" lon="129.6473140">
    <ele>5.0</ele>
    <time>2022-04-11T00:00:10Z</time>
   </trkpt>
   <trkpt lat="28.4271120" lon="129.6471050">
    <ele>5.2</ele>
    <time>2022-04-11T00:00:16Z</time>
   </trkpt>
   <trkpt lat="28.4271260" lon="129.6470050">
    <ele>5.3</ele>
    <time>2022-04-11T00:00:19Z</time>
   </trkpt>
   <trkpt lat="28.4271480" lon="129.6468470">
    <ele>5.6</ele>
    <time>2022-04-11T00:00:24Z</time>
   </trkpt>
   <trkpt lat="28.4272190" lon="129.6466470">
    <ele>6.1</ele>
    <time>2022-04-11T00:00:31Z</time>
   </trkpt>
   <trkpt lat="28.4272860" lon="129.6464440">
    <ele>6.8</ele>
    <time>2022-04-11T00:00:38Z</time>
   </trkpt>
   <trkpt lat="28.4272950" lon="129.6464160">
    <ele>7.0</ele>
    <time>2022-04-11T00:00:39Z</time>
   </trkpt>
   <trkpt lat="28.4273660" lon="129.6462230">
    <ele>8.2</ele>
    <time>2022-04-11T00:00:45Z</time>
   </trkpt>
   <trkpt lat="28.4274210" lon="129.6460220">
    <ele>9.7</ele>
    <time>2022-04-11T00:00:52Z</time>
   </trkpt>
   <trkpt lat="28.4274290" lon="129.6459890">
    <ele>10.0</ele>
    <time>2022-04-11T00:00:53Z</time>
   </trkpt>
   <trkpt lat="28.4274130" lon="129.6458290">
    <ele>11.1</ele>
    <time>2022-04-11T00:00:58Z</time>
   </trkpt>
   <trkpt lat="28.4273910" lon="129.6457970">
    <ele>11.4</ele>
    <time>2022-04-11T00:00:59Z</time>
   </trkpt>
   <trkpt lat="28.4272690" lon="129.6457370">
    <ele>12.5</ele>
    <time>2022-04-11T00:01:04Z</time>
   </trkpt>
   <trkpt lat="28.4271110" lon="129.6457610">
    <ele>13.5</ele>
    <time>2022-04-11T00:01:10Z</time>
   </trkpt>
   <trkpt lat="28.4269000" lon="129.6457460">
    <ele>14.7</ele>
    <time>2022-04-11T00:01:17Z</time>
   </trkpt>
   <trkpt lat="28.4267460" lon="129.6456930">
    <ele>15.7</ele>
    <time>2022-04-11T00:01:23Z</time>
   </trkpt>
   <trkpt lat="28.4265800" lon="129.6456250">
    <ele>17.1</ele>
    <time>2022-04-11T00:01:30Z</time>
   </trkpt>
   <trkpt lat="28.4263950" lon="129.6455530">
    <ele>18.8</ele>
    <time>2022-04-11T00:01:37Z</time>
   </trkpt>
   <trkpt lat="28.4262420" lon="129.6455050">
    <ele>20.3</ele>
    <time>2022-04-11T00:01:43Z</time>
   </trkpt>
   <trkpt lat="28.4261040" lon="129.6455030">
    <ele>21.6</ele>
    <time>2022-04-11T00:01:48Z</time>
   </trkpt>
   <trkpt lat="28.4259200" lon="129.6454900">
    <ele>23.4</ele>
    <time>2022-04-11T00:01:55Z</time>
   </trkpt>
   <trkpt lat="28.4258920" lon="129.6454880">
    <ele>23.7</ele>
    <time>2022-04-11T00:01:56Z</time>
   </trkpt>
   <trkpt lat="28.4257040" lon="129.6454620">
    <ele>25.4</ele>
    <time>2022-04-11T00:02:03Z</time>
   </trkpt>
   <trkpt lat="28.4256780" lon="129.6454570">
    <ele>25.6</ele>
    <time>2022-04-11T00:02:04Z</time>
   </trkpt>
   <trkpt lat="28.4254940" lon="129.6453980">
    <ele>26.8</ele>
    <time>2022-04-11T00:02:11Z</time>
   </trkpt>
   <trkpt lat="28.4254530" lon="129.6453770">
    <ele>26.8</ele>
    <time>2022-04-11T00:02:13Z</time>
   </trkpt>
   <trkpt lat="28.4253250" lon="129.6453000">
    <ele>26.9</ele>
    <time>2022-04-11T00:02:19Z</time>
   </trkpt>
   <trkpt lat="28.4251540" lon="129.6451780">
    <ele>26.9</ele>
    <time>2022-04-11T00:02:26Z</time>
   </trkpt>
   <trkpt lat="28.4251340" lon="129.6451630">
    <ele>26.9</ele>
    <time>2022-04-11T00:02:27Z</time>
   </trkpt>
   <trkpt lat="28.4249930" lon="129.6450750">
    <ele>26.5</ele>
    <time>2022-04-11T00:02:33Z</time>
   </trkpt>
   <trkpt lat="28.4249660" lon="129.6450570">
    <ele>26.3</ele>
    <time>2022-04-11T00:02:34Z</time>
   </trkpt>
   <trkpt lat="28.4248860" lon="129.6450150">
    <ele>25.8</ele>
    <time>2022-04-11T00:02:37Z</time>
   </trkpt>
   <trkpt lat="28.4247770" lon="129.6449410">
    <ele>24.9</ele>
    <time>2022-04-11T00:02:41Z</time>
   </trkpt>
   <trkpt lat="28.4246840" lon="129.6448630">
    <ele>23.9</ele>
    <time>2022-04-11T00:02:45Z</time>
   </trkpt>
   <trkpt lat="28.4246320" lon="129.6448260">
    <ele>23.4</ele>
    <time>2022-04-11T00:02:47Z</time>
   </trkpt>
   <trkpt lat="28.4244740" lon="129.6447470">
    <ele>21.9</ele>
    <time>2022-04-11T00:02:53Z</time>
   </trkpt>
   <trkpt lat="28.4243930" lon="129.6446910">
    <ele>21.0</ele>
    <time>2022-04-11T00:02:56Z</time>
   </trkpt>
   <trkpt lat="28.4243100" lon="129.6446390">
    <ele>20.2</ele>
    <time>2022-04-11T00:02:59Z</time>
   </trkpt>
   <trkpt lat="28.4241570" lon="129.6445390">
    <ele>18.6</ele>
    <time>2022-04-11T00:03:05Z</time>
   </trkpt>
   <trkpt lat="28.4239800" lon="129.6444190">
    <ele>16.8</ele>
    <time>2022-04-11T00:03:12Z</time>
   </trkpt>
   <trkpt lat="28.4239590" lon="129.6444040">
    <ele>16.6</ele>
    <time>2022-04-11T00:03:13Z</time>
   </trkpt>
   <trkpt lat="28.4238060" lon="129.6442830">
    <ele>15.1</ele>
    <time>2022-04-11T00:03:19Z</time>
   </trkpt>
   <trkpt lat="28.4237800" lon="129.6442620">
    <ele>14.8</ele>
    <time>2022-04-11T00:03:20Z</time>
   </trkpt>
   <trkpt lat="28.4236050" lon="129.6441410">
    <ele>13.0</ele>
    <time>2022-04-11T00:03:27Z</time>
   </trkpt>
   <trkpt lat="28.4235570" lon="129.6441060">
    <ele>12.6</ele>
    <time>2022-04-11T00:03:29Z</time>
   </trkpt>
   <trkpt lat="28.4233860" lon="129.6439830">
    <ele>11.0</ele>
    <time>2022-04-11T00:03:36Z</time>
   </trkpt>
   <trkpt lat="28.4233610" lon="129.6439630">
    <ele>10.8</ele>
    <time>2022-04-11T00:03:37Z</time>
   </trkpt>
   <trkpt lat="28.4232130" lon="129.6438200">
    <ele>9.7</ele>
    <time>2022-04-11T00:03:44Z</time>
   </trkpt>
   <trkpt lat="28.4231900" lon="129.6437980">
    <ele>9.6</ele>
    <time>2022-04-11T00:03:45Z</time>
   </trkpt>
   <trkpt lat="28.4230810" lon="129.6436530">
    <ele>9.2</ele>
    <time>2022-04-11T00:03:51Z</time>
   </trkpt>
   <trkpt lat="28.4229760" lon="129.6434740">
    <ele>9.0</ele>
    <time>2022-04-11T00:03:58Z</time>
   </trkpt>
   <trkpt lat="28.4229360" lon="129.6433960">
    <ele>8.9</ele>
    <time>2022-04-11T00:04:01Z</time>
   </trkpt>
   <trkpt lat="28.4228480" lon="129.6432150">
    <ele>9.0</ele>
    <time>2022-04-11T00:04:08Z</time>
   </trkpt>
   <trkpt lat="28.4227560" lon="129.6430350">
    <ele>8.6</ele>
    <time>2022-04-11T00:04:15Z</time>
   </trkpt>
   <trkpt lat="28.4227300" lon="129.6429840">
    <ele>8.4</ele>
    <time>2022-04-11T00:04:17Z</time>
   </trkpt>
   <trkpt lat="28.4226480" lon="129.6428560">
    <ele>8.0</ele>
    <time>2022-04-11T00:04:22Z</time>
   </trkpt>
   <trkpt lat="28.4226100" lon="129.6427800">
    <ele>7.9</ele>
    <time>2022-04-11T00:04:25Z</time>
   </trkpt>
   <trkpt lat="28.4225300" lon="129.6426260">
    <ele>7.7</ele>
    <time>2022-04-11T00:04:31Z</time>
   </trkpt>
   <trkpt lat="28.4225280" lon="129.6425970">
    <ele>7.7</ele>
    <time>2022-04-11T00:04:32Z</time>
   </trkpt>
   <trkpt lat="28.4225150" lon="129.6425720">
    <ele>7.7</ele>
    <time>2022-04-11T00:04:33Z</time>
   </trkpt>
   <trkpt lat="28.4224660" lon="129.6425100">
    <ele>7.6</ele>
    <time>2022-04-11T00:04:36Z</time>
   </trkpt>
   <trkpt lat="28.4223620" lon="129.6423850">
    <ele>7.5</ele>
    <time>2022-04-11T00:04:42Z</time>
   </trkpt>
   <trkpt lat="28.4222310" lon="129.6422240">
    <ele>7.5</ele>
    <time>2022-04-11T00:04:49Z</time>
   </trkpt>
   <trkpt lat="28.4221510" lon="129.6420330">
    <ele>7.3</ele>
    <time>2022-04-11T00:04:56Z</time>
   </trkpt>
   <trkpt lat="28.4220750" lon="129.6419160">
    <ele>7.2</ele>
    <time>2022-04-11T00:05:01Z</time>
   </trkpt>
   <trkpt lat="28.4220420" lon="129.6418820">
    <ele>7.2</ele>
    <time>2022-04-11T00:05:03Z</time>
   </trkpt>
   <trkpt lat="28.4220300" lon="129.6418630">
    <ele>7.1</ele>
    <time>2022-04-11T00:05:30Z</time>
   </trkpt>
   <trkpt lat="28.4220300" lon="129.6418630">
    <ele>7.1</ele>
    <time>2022-04-11T00:05:31Z</time>
   </trkpt>
   <trkpt lat="28.4220240" lon="129.6418600">
    <ele>7.1</ele>
    <time>2022-04-11T00:05:32Z</time>
   </trkpt>
   <trkpt lat="28.4218940" lon="129.6417640">
    <ele>7.1</ele>
    <time>2022-04-11T00:05:37Z</time>
   </trkpt>
   <trkpt lat="28.4217330" lon="129.6416950">
    <ele>6.9</ele>
    <time>2022-04-11T00:05:43Z</time>
   </trkpt>
   <trkpt lat="28.4217030" lon="129.6416860">
    <ele>6.9</ele>
    <time>2022-04-11T00:05:44Z</time>
   </trkpt>
   <trkpt lat="28.4215220" lon="129.6416570">
    <ele>6.7</ele>
    <time>2022-04-11T00:05:51Z</time>
   </trkpt>
   <trkpt lat="28.4213430" lon="129.6416770">
    <ele>6.7</ele>
    <time>2022-04-11T00:05:58Z</time>
   </trkpt>
   <trkpt lat="28.4212090" lon="129.6417100">
    <ele>6.7</ele>
    <time>2022-04-11T00:06:04Z</time>
   </trkpt>
   <trkpt lat="28.4210560" lon="129.6417680">
    <ele>6.8</ele>
    <time>2022-04-11T00:06:10Z</time>
   </trkpt>
   <trkpt lat="28.4209310" lon="129.6418350">
    <ele>7.0</ele>
    <time>2022-04-11T00:06:15Z</time>
   </trkpt>
   <trkpt lat="28.4208760" lon="129.6418630">
    <ele>7.0</ele>
    <time>2022-04-11T00:06:17Z</time>
   </trkpt>
   <trkpt lat="28.4207370" lon="129.6419350">
    <ele>7.1</ele>
    <time>2022-04-11T00:06:23Z</time>
   </trkpt>
   <trkpt lat="28.4207060" lon="129.6419480">
    <ele>7.1</ele>
    <time>2022-04-11T00:06:24Z</time>
   </trkpt>
   <trkpt lat="28.4205580" lon="129.6419910">
    <ele>7.3</ele>
    <time>2022-04-11T00:06:30Z</time>
   </trkpt>
   <trkpt lat="28.4204490" lon="129.6420560">
    <ele>7.4</ele>
    <time>2022-04-11T00:06:35Z</time>
   </trkpt>
   <trkpt lat="28.4203100" lon="129.6421190">
    <ele>7.5</ele>
    <time>2022-04-11T00:06:41Z</time>
   </trkpt>
   <trkpt lat="28.4201530" lon="129.6421830">
    <ele>7.6</ele>
    <time>2022-04-11T00:06:47Z</time>
   </trkpt>
   <trkpt lat="28.4200320" lon="129.6422200">
    <ele>7.8</ele>
    <time>2022-04-11T00:06:52Z</time>
   </trkpt>
   <trkpt lat="28.4199290" lon="129.6422430">
    <ele>7.9</ele>
    <time>2022-04-11T00:06:56Z</time>
   </trkpt>
   <trkpt lat="28.4197640" lon="129.6422570">
    <ele>8.0</ele>
    <time>2022-04-11T00:07:02Z</time>
   </trkpt>
   <trkpt lat="28.4195930" lon="129.6422430">
    <ele>8.2</ele>
    <time>2022-04-11T00:07:08Z</time>
   </trkpt>
   <trkpt lat="28.4193950" lon="129.6422030">
    <ele>8.3</ele>
    <time>2022-04-11T00:07:15Z</time>
   </trkpt>
   <trkpt lat="28.4192210" lon="129.6421330">
    <ele>8.5</ele>
    <time>2022-04-11T00:07:21Z</time>
   </trkpt>
   <trkpt lat="28.4190590" lon="129.6420410">
    <ele>8.5</ele>
    <time>2022-04-11T00:07:27Z</time>
   </trkpt>
   <trkpt lat="28.4189850" lon="129.6419900">
    <ele>8.5</ele>
    <time>2022-04-11T00:07:30Z</time>
   </trkpt>
   <trkpt lat="28.4188240" lon="129.6418550">
    <ele>8.6</ele>
    <time>2022-04-11T00:07:37Z</time>
   </trkpt>
   <trkpt lat="28.4187760" lon="129.6418190">
    <ele>8.6</ele>
    <time>2022-04-11T00:07:39Z</time>
   </trkpt>
   <trkpt lat="28.4186340" lon="129.6416590">
    <ele>8.6</ele>
    <time>2022-04-11T00:07:46Z</time>
   </trkpt>
   <trkpt lat="28.4185080" lon="129.6414700">
    <ele>8.6</ele>
    <time>2022-04-11T00:07:53Z</time>
   </trkpt>
   <trkpt lat="28.4184200" lon="129.6412900">
    <ele>8.7</ele>
    <time>2022-04-11T00:07:59Z</time>
   </trkpt>
   <trkpt lat="28.4183880" lon="129.6412130">
    <ele>8.8</ele>
    <time>2022-04-11T00:08:02Z</time>
   </trkpt>
   <trkpt lat="28.4183060" lon="129.6410040">
    <ele>8.8</ele>
    <time>2022-04-11T00:08:10Z</time>
   </trkpt>
   <trkpt lat="28.4182880" lon="129.6409510">
    <ele>8.8</ele>
    <time>2022-04-11T00:08:12Z</time>
   </trkpt>
   <trkpt lat="28.4182010" lon="129.6407690">
    <ele>8.9</ele>
    <time>2022-04-11T00:08:19Z</time>
   </trkpt>
   <trkpt lat="28.4181740" lon="129.6407130">
    <ele>8.9</ele>
    <time>2022-04-11T00:08:21Z</time>
   </trkpt>
   <trkpt lat="28.4180470" lon="129.6405320">
    <ele>8.8</ele>
    <time>2022-04-11T00:08:29Z</time>
   </trkpt>
   <trkpt lat="28.4180120" lon="129.6403940">
    <ele>8.7</ele>
    <time>2022-04-11T00:08:34Z</time>
   </trkpt>
   <trkpt lat="28.4180520" lon="129.6403690">
    <ele>8.7</ele>
    <time>2022-04-11T00:08:36Z</time>
   </trkpt>
   <trkpt lat="28.4180720" lon="129.6403840">
    <ele>8.7</ele>
    <time>2022-04-11T00:08:37Z</time>
   </trkpt>
   <trkpt lat="28.4180750" lon="129.6404250">
    <ele>8.7</ele>
    <time>2022-04-11T00:08:39Z</time>
   </trkpt>
   <trkpt lat="28.4180630" lon="129.6404220">
    <ele>8.6</ele>
    <time>2022-04-11T00:08:40Z</time>
   </trkpt>
   <trkpt lat="28.4180010" lon="129.6403570">
    <ele>8.5</ele>
    <time>2022-04-11T00:08:44Z</time>
   </trkpt>
   <trkpt lat="28.4178360" lon="129.6402210">
    <ele>8.2</ele>
    <time>2022-04-11T00:08:52Z</time>
   </trkpt>
   <trkpt lat="28.4178090" lon="129.6402020">
    <ele>8.2</ele>
    <time>2022-04-11T00:08:53Z</time>
   </trkpt>
   <trkpt lat="28.4177100" lon="129.6401400">
    <ele>8.0</ele>
    <time>2022-04-11T00:08:58Z</time>
   </trkpt>
   <trkpt lat="28.4176500" lon="129.6400870">
    <ele>7.9</ele>
    <time>2022-04-11T00:10:52Z</time>
   </trkpt>
   <trkpt lat="28.4176500" lon="129.6400870">
    <ele>7.9</ele>
    <time>2022-04-11T00:10:53Z</time>
   </trkpt>
   <trkpt lat="28.4175990" lon="129.6400820">
    <ele>7.8</ele>
    <time>2022-04-11T00:10:57Z</time>
   </trkpt>
   <trkpt lat="28.4174970" lon="129.6400500">
    <ele>7.7</ele>
    <time>2022-04-11T00:11:01Z</time>
   </trkpt>
   <trkpt lat="28.4174430" lon="129.6400320">
    <ele>7.6</ele>
    <time>2022-04-11T00:11:03Z</time>
   </trkpt>
   <trkpt lat="28.4173480" lon="129.6399980">
    <ele>7.5</ele>
    <time>2022-04-11T00:11:07Z</time>
   </trkpt>
   <trkpt lat="28.4172740" lon="129.6399710">
    <ele>7.5</ele>
    <time>2022-04-11T00:11:10Z</time>
   </trkpt>
   <trkpt lat="28.4171440" lon="129.6399320">
    <ele>7.4</ele>
    <time>2022-04-11T00:11:15Z</time>
   </trkpt>
   <trkpt lat="28.4170910" lon="129.6399170">
    <ele>7.3</ele>
    <time>2022-04-11T00:11:17Z</time>
   </trkpt>
   <trkpt lat="28.4169620" lon="129.6398760">
    <ele>7.2</ele>
    <time>2022-04-11T00:11:22Z</time>
   </trkpt>
   <trkpt lat="28.4167900" lon="129.6398170">
    <ele>7.1</ele>
    <time>2022-04-11T00:11:29Z</time>
   </trkpt>
   <trkpt lat="28.4167650" lon="129.6398040">
    <ele>7.1</ele>
    <time>2022-04-11T00:11:30Z</time>
   </trkpt>
   <trkpt lat="28.4165960" lon="129.6397040">
    <ele>7.0</ele>
    <time>2022-04-11T00:11:37Z</time>
   </trkpt>
   <trkpt lat="28.4165500" lon="129.6396700">
    <ele>7.0</ele>
    <time>2022-04-11T00:11:39Z</time>
   </trkpt>
   <trkpt lat="28.4164050" lon="129.6395330">
    <ele>6.8</ele>
    <time>2022-04-11T00:11:46Z</time>
   </trkpt>
   <trkpt lat="28.4163860" lon="129.6395130">
    <ele>6.8</ele>
    <time>2022-04-11T00:11:47Z</time>
   </trkpt>
   <trkpt lat="28.4162600" lon="129.6393640">
    <ele>6.5</ele>
    <time>2022-04-11T00:11:54Z</time>
   </trkpt>
   <trkpt lat="28.4161770" lon="129.6392280">
    <ele>6.3</ele>
    <time>2022-04-11T00:11:59Z</time>
   </trkpt>
   <trkpt lat="28.4160800" lon="129.6390420">
    <ele>6.0</ele>
    <time>2022-04-11T00:12:06Z</time>
   </trkpt>
   <trkpt lat="28.4160570" lon="129.6389920">
    <ele>5.9</ele>
    <time>2022-04-11T00:12:08Z</time>
   </trkpt>
   <trkpt lat="28.4159900" lon="129.6387980">
    <ele>5.7</ele>
    <time>2022-04-11T00:12:15Z</time>
   </trkpt>
   <trkpt lat="28.4159810" lon="129.6387710">
    <ele>5.7</ele>
    <time>2022-04-11T00:12:16Z</time>
   </trkpt>
   <trkpt lat="28.4159470" lon="129.6385640">
    <ele>5.5</ele>
    <time>2022-04-11T00:12:23Z</time>
   </trkpt>
   <trkpt lat="28.4159430" lon="129.6385340">
    <ele>5.5</ele>
    <time>2022-04-11T00:12:24Z</time>
   </trkpt>
   <trkpt lat="28.4159150" lon="129.6383170">
    <ele>5.3</ele>
    <time>2022-04-11T00:12:31Z</time>
   </trkpt>
   <trkpt lat="28.4159080" lon="129.6382340">
    <ele>5.3</ele>
    <time>2022-04-11T00:12:34Z</time>
   </trkpt>
   <trkpt lat="28.4158890" lon="129.6380260">
    <ele>5.4</ele>
    <time>2022-04-11T00:12:41Z</time>
   </trkpt>
   <trkpt lat="28.4158720" lon="129.6379020">
    <ele>5.7</ele>
    <time>2022-04-11T00:12:45Z</time>
   </trkpt>
   <trkpt lat="28.4158530" lon="129.6376960">
    <ele>6.0</ele>
    <time>2022-04-11T00:12:52Z</time>
   </trkpt>
   <trkpt lat="28.4158370" lon="129.6375760">
    <ele>6.3</ele>
    <time>2022-04-11T00:12:56Z</time>
   </trkpt>
   <trkpt lat="28.4158060" lon="129.6373750">
    <ele>6.7</ele>
    <time>2022-04-11T00:13:03Z</time>
   </trkpt>
   <trkpt lat="28.4157620" lon="129.6371510">
    <ele>7.2</ele>
    <time>2022-04-11T00:13:11Z</time>
   </trkpt>
   <trkpt lat="28.4157550" lon="129.6371250">
    <ele>7.3</ele>
    <time>2022-04-11T00:13:12Z</time>
   </trkpt>
   <trkpt lat="28.4156970" lon="129.6369260">
    <ele>7.6</ele>
    <time>2022-04-11T00:13:19Z</time>
   </trkpt>
   <trkpt lat="28.4156220" lon="129.6367280">
    <ele>8.0</ele>
    <time>2022-04-11T00:13:26Z</time>
   </trkpt>
   <trkpt lat="28.4156080" lon="129.6367020">
    <ele>8.0</ele>
    <time>2022-04-11T00:13:27Z</time>
   </trkpt>
   <trkpt lat="28.4155260" lon="129.6365410">
    <ele>8.4</ele>
    <time>2022-04-11T00:13:33Z</time>
   </trkpt>
   <trkpt lat="28.4154380" lon="129.6363980">
    <ele>8.6</ele>
    <time>2022-04-11T00:13:39Z</time>
   </trkpt>
   <trkpt lat="28.4153290" lon="129.6362260">
    <ele>8.7</ele>
    <time>2022-04-11T00:13:46Z</time>
   </trkpt>
   <trkpt lat="28.4152810" lon="129.6361540">
    <ele>8.7</ele>
    <time>2022-04-11T00:13:49Z</time>
   </trkpt>
   <trkpt lat="28.4151730" lon="129.6360210">
    <ele>8.6</ele>
    <time>2022-04-11T00:13:55Z</time>
   </trkpt>
   <trkpt lat="28.4150350" lon="129.6358720">
    <ele>8.1</ele>
    <time>2022-04-11T00:14:02Z</time>
   </trkpt>
   <trkpt lat="28.4150140" lon="129.6358540">
    <ele>8.0</ele>
    <time>2022-04-11T00:14:03Z</time>
   </trkpt>
   <trkpt lat="28.4148730" lon="129.6357390">
    <ele>7.6</ele>
    <time>2022-04-11T00:14:09Z</time>
   </trkpt>
   <trkpt lat="28.4148530" lon="129.6357200">
    <ele>7.5</ele>
    <time>2022-04-11T00:14:10Z</time>
   </trkpt>
   <trkpt lat="28.4147610" lon="129.6356460">
    <ele>7.2</ele>
    <time>2022-04-11T00:14:14Z</time>
   </trkpt>
   <trkpt lat="28.4146910" lon="129.6355900">
    <ele>7.0</ele>
    <time>2022-04-11T00:14:17Z</time>
   </trkpt>
   <trkpt lat="28.4145400" lon="129.6354670">
    <ele>6.5</ele>
    <time>2022-04-11T00:14:24Z</time>
   </trkpt>
   <trkpt lat="28.4144990" lon="129.6354330">
    <ele>6.4</ele>
    <time>2022-04-11T00:14:26Z</time>
   </trkpt>
   <trkpt lat="28.4143720" lon="129.6353360">
    <ele>6.2</ele>
    <time>2022-04-11T00:14:32Z</time>
   </trkpt>
   <trkpt lat="28.4143290" lon="129.6353030">
    <ele>6.1</ele>
    <time>2022-04-11T00:14:34Z</time>
   </trkpt>
   <trkpt lat="28.4141780" lon="129.6351770">
    <ele>6.1</ele>
    <time>2022-04-11T00:14:41Z</time>
   </trkpt>
   <trkpt lat="28.4140420" lon="129.6350640">
    <ele>6.0</ele>
    <time>2022-04-11T00:14:48Z</time>
   </trkpt>
   <trkpt lat="28.4139920" lon="129.6350130">
    <ele>6.0</ele>
    <time>2022-04-11T00:14:53Z</time>
   </trkpt>
   <trkpt lat="28.4139400" lon="129.6349730">
    <ele>5.9</ele>
    <time>2022-04-11T00:14:58Z</time>
   </trkpt>
   <trkpt lat="28.4139190" lon="129.6349520">
    <ele>5.9</ele>
    <time>2022-04-11T00:14:59Z</time>
   </trkpt>
   <trkpt lat="28.4137670" lon="129.6348190">
    <ele>5.8</ele>
    <time>2022-04-11T00:15:05Z</time>
   </trkpt>
   <trkpt lat="28.4136700" lon="129.6346940">
    <ele>5.6</ele>
    <time>2022-04-11T00:15:10Z</time>
   </trkpt>
   <trkpt lat="28.4136040" lon="129.6346140">
    <ele>5.6</ele>
    <time>2022-04-11T00:15:13Z</time>
   </trkpt>
   <trkpt lat="28.4134820" lon="129.6344290">
    <ele>5.5</ele>
    <time>2022-04-11T00:15:20Z</time>
   </trkpt>
   <trkpt lat="28.4134470" lon="129.6343730">
    <ele>5.5</ele>
    <time>2022-04-11T00:15:22Z</time>
   </trkpt>
   <trkpt lat="28.4133540" lon="129.6342080">
    <ele>5.5</ele>
    <time>2022-04-11T00:15:28Z</time>
   </trkpt>
   <trkpt lat="28.4133150" lon="129.6341220">
    <ele>5.5</ele>
    <time>2022-04-11T00:15:31Z</time>
   </trkpt>
   <trkpt lat="28.4132560" lon="129.6339530">
    <ele>5.4</ele>
    <time>2022-04-11T00:15:37Z</time>
   </trkpt>
   <trkpt lat="28.4131600" lon="129.6337990">
    <ele>5.4</ele>
    <time>2022-04-11T00:15:43Z</time>
   </trkpt>
   <trkpt lat="28.4131080" lon="129.6336440">
    <ele>5.4</ele>
    <time>2022-04-11T00:15:49Z</time>
   </trkpt>
   <trkpt lat="28.4130600" lon="129.6334830">
    <ele>5.4</ele>
    <time>2022-04-11T00:15:55Z</time>
   </trkpt>
   <trkpt lat="28.4130180" lon="129.6332800">
    <ele>5.4</ele>
    <time>2022-04-11T00:16:02Z</time>
   </trkpt>
   <trkpt lat="28.4129750" lon="129.6330770">
    <ele>5.4</ele>
    <time>2022-04-11T00:16:09Z</time>
   </trkpt>
   <trkpt lat="28.4129690" lon="129.6330180">
    <ele>5.4</ele>
    <time>2022-04-11T00:16:11Z</time>
   </trkpt>
   <trkpt lat="28.4129340" lon="129.6328220">
    <ele>5.4</ele>
    <time>2022-04-11T00:16:18Z</time>
   </trkpt>
   <trkpt lat="28.4129050" lon="129.6326120">
    <ele>5.3</ele>
    <time>2022-04-11T00:16:25Z</time>
   </trkpt>
   <trkpt lat="28.4129020" lon="129.6325810">
    <ele>5.3</ele>
    <time>2022-04-11T00:16:26Z</time>
   </trkpt>
   <trkpt lat="28.4128860" lon="129.6323650">
    <ele>5.3</ele>
    <time>2022-04-11T00:16:33Z</time>
   </trkpt>
   <trkpt lat="28.4128530" lon="129.6321450">
    <ele>5.4</ele>
    <time>2022-04-11T00:16:40Z</time>
   </trkpt>
   <trkpt lat="28.4128450" lon="129.6320650">
    <ele>5.5</ele>
    <time>2022-04-11T00:16:42Z</time>
   </trkpt>
   <trkpt lat="28.4128020" lon="129.6318450">
    <ele>5.5</ele>
    <time>2022-04-11T00:16:46Z</time>
   </trkpt>
   <trkpt lat="28.4127910" lon="129.6316720">
    <ele>5.7</ele>
    <time>2022-04-11T00:16:49Z</time>
   </trkpt>
   <trkpt lat="28.4127870" lon="129.6314740">
    <ele>5.8</ele>
    <time>2022-04-11T00:16:52Z</time>
   </trkpt>
   <trkpt lat="28.4127830" lon="129.6312040">
    <ele>5.9</ele>
    <time>2022-04-11T00:16:56Z</time>
   </trkpt>
   <trkpt lat="28.4127860" lon="129.6309950">
    <ele>5.9</ele>
    <time>2022-04-11T00:16:59Z</time>
   </trkpt>
   <trkpt lat="28.4127860" lon="129.6309270">
    <ele>5.9</ele>
    <time>2022-04-11T00:17:00Z</time>
   </trkpt>
   <trkpt lat="28.4127780" lon="129.6307940">
    <ele>6.0</ele>
    <time>2022-04-11T00:17:02Z</time>
   </trkpt>
   <trkpt lat="28.4127650" lon="129.6306420">
    <ele>6.0</ele>
    <time>2022-04-11T00:17:05Z</time>
   </trkpt>
   <trkpt lat="28.4127590" lon="129.6305820">
    <ele>5.9</ele>
    <time>2022-04-11T00:17:07Z</time>
   </trkpt>
   <trkpt lat="28.4127610" lon="129.6305630">
    <ele>5.9</ele>
    <time>2022-04-11T00:17:08Z</time>
   </trkpt>
   <trkpt lat="28.4127610" lon="129.6305500">
    <ele>5.9</ele>
    <time>2022-04-11T00:17:09Z</time>
   </trkpt>
   <trkpt lat="28.4127840" lon="129.6304620">
    <ele>5.9</ele>
    <time>2022-04-11T00:17:22Z</time>
   </trkpt>
   <trkpt lat="28.4128230" lon="129.6304700">
    <ele>5.8</ele>
    <time>2022-04-11T00:17:24Z</time>
   </trkpt>
   <trkpt lat="28.4129510" lon="129.6304700">
    <ele>5.8</ele>
    <time>2022-04-11T00:17:29Z</time>
   </trkpt>
   <trkpt lat="28.4130640" lon="129.6304790">
    <ele>5.7</ele>
    <time>2022-04-11T00:17:33Z</time>
   </trkpt>
   <trkpt lat="28.4130860" lon="129.6304700">
    <ele>5.7</ele>
    <time>2022-04-11T00:17:34Z</time>
   </trkpt>
   <trkpt lat="28.4130980" lon="129.6304530">
    <ele>5.7</ele>
    <time>2022-04-11T00:17:35Z</time>
   </trkpt>
   <trkpt lat="28.4131040" lon="129.6304270">
    <ele>5.7</ele>
    <time>2022-04-11T00:17:36Z</time>
   </trkpt>
   <trkpt lat="28.4131050" lon="129.6303090">
    <ele>5.6</ele>
    <time>2022-04-11T00:17:40Z</time>
   </trkpt>
   <trkpt lat="28.4131220" lon="129.6301770">
    <ele>5.6</ele>
    <time>2022-04-11T00:17:45Z</time>
   </trkpt>
   <trkpt lat="28.4131380" lon="129.6301860">
    <ele>5.6</ele>
    <time>2022-04-11T00:17:46Z</time>
   </trkpt>
   <trkpt lat="28.4131520" lon="129.6302190">
    <ele>5.6</ele>
    <time>2022-04-11T00:17:48Z</time>
   </trkpt>
   <trkpt lat="28.4131500" lon="129.6302710">
    <ele>5.7</ele>
    <time>2022-04-11T00:17:50Z</time>
   </trkpt>
   <trkpt lat="28.4130750" lon="129.6304430">
    <ele>5.7</ele>
    <time>2022-04-11T00:17:57Z</time>
   </trkpt>
   <trkpt lat="28.4130490" lon="129.6304490">
    <ele>5.8</ele>
    <time>2022-04-11T00:17:58Z</time>
   </trkpt>
   <trkpt lat="28.4129690" lon="129.6304550">
    <ele>5.8</ele>
    <time>2022-04-11T00:18:01Z</time>
   </trkpt>
   <trkpt lat="28.4128260" lon="129.6304670">
    <ele>5.9</ele>
    <time>2022-04-11T00:18:07Z</time>
   </trkpt>
   <trkpt lat="28.4127680" lon="129.6304810">
    <ele>6.1</ele>
    <time>2022-04-11T00:18:10Z</time>
   </trkpt>
   <trkpt lat="28.4127580" lon="129.6305290">
    <ele>6.1</ele>
    <time>2022-04-11T00:18:12Z</time>
   </trkpt>
   <trkpt lat="28.4127740" lon="129.6306860">
    <ele>6.1</ele>
    <time>2022-04-11T00:18:18Z</time>
   </trkpt>
   <trkpt lat="28.4127950" lon="129.6307210">
    <ele>6.1</ele>
    <time>2022-04-11T00:18:20Z</time>
   </trkpt>
   <trkpt lat="28.4128080" lon="129.6307200">
    <ele>6.1</ele>
    <time>2022-04-11T00:18:22Z</time>
   </trkpt>
   <trkpt lat="28.4127450" lon="129.6306150">
    <ele>6.1</ele>
    <time>2022-04-11T00:18:27Z</time>
   </trkpt>
   <trkpt lat="28.4127460" lon="129.6305180">
    <ele>6.1</ele>
    <time>2022-04-11T00:18:30Z</time>
   </trkpt>
   <trkpt lat="28.4127590" lon="129.6304940">
    <ele>6.1</ele>
    <time>2022-04-11T00:18:31Z</time>
   </trkpt>
   <trkpt lat="28.4127750" lon="129.6304800">
    <ele>6.1</ele>
    <time>2022-04-11T00:18:32Z</time>
   </trkpt>
  </trkseg>
 </trk>
</gpx>
