<?xml version="1.0" encoding="UTF-8"?>
<gpx creator="StravaGPX" version="1.1" xmlns="http://www.topografix.com/GPX/1/1" xmlns:xsi="http://www.w3.org/2001/XMLSchema-instance" xsi:schemaLocation="http://www.topografix.com/GPX/1/1 http://www.topografix.com/GPX/1/1/gpx.xsd">
 <metadata>
  <time>2023-10-28T23:02:18Z</time>
 </metadata>
 <trk>
  <name>Morning Run</name>
  <type>running</type>
  <trkseg>
   <trkpt lat="35.5448440" lon="139.5060820">
    <ele>50.3</ele>
    <time>2023-10-28T23:02:18Z</time>
   </trkpt>
   <trkpt lat="35.5448800" lon="139.5060110">
    <ele>50.3</ele>
    <time>2023-10-28T23:02:21Z</time>
   </trkpt>
   <trkpt lat="35.5448910" lon="139.5060000">
    <ele>50.3</ele>
    <time>2023-10-28T23:02:22Z</time>
   </trkpt>
   <trkpt lat="35.5449010" lon="139.5059890">
    <ele>50.4</ele>
    <time>2023-10-28T23:02:23Z</time>
   </trkpt>
   <trkpt lat="35.5449310" lon="139.5059350">
    <ele>50.4</ele>
    <time>2023-10-28T23:02:24Z</time>
   </trkpt>
   <trkpt lat="35.5449440" lon="139.5059130">
    <ele>50.4</ele>
    <time>2023-10-28T23:02:25Z</time>
   </trkpt>
   <trkpt lat="35.5449780" lon="139.5058970">
    <ele>50.5</ele>
    <time>2023-10-28T23:02:26Z</time>
   </trkpt>
   <trkpt lat="35.5450060" lon="139.5058680">
    <ele>50.5</ele>
    <time>2023-10-28T23:02:27Z</time>
   </trkpt>
   <trkpt lat="35.5450140" lon="139.5058610">
    <ele>50.5</ele>
    <time>2023-10-28T23:02:28Z</time>
   </trkpt>
   <trkpt lat="35.5450320" lon="139.5058250">
    <ele>50.6</ele>
    <time>2023-10-28T23:02:29Z</time>
   </trkpt>
   <trkpt lat="35.5450390" lon="139.5058150">
    <ele>50.6</ele>
    <time>2023-10-28T23:02:30Z</time>
   </trkpt>
   <trkpt lat="35.5450660" lon="139.5057820">
    <ele>50.6</ele>
    <time>2023-10-28T23:02:31Z</time>
   </trkpt>
   <trkpt lat="35.5451020" lon="139.5057580">
    <ele>50.6</ele>
    <time>2023-10-28T23:02:32Z</time>
   </trkpt>
   <trkpt lat="35.5451230" lon="139.5057260">
    <ele>50.7</ele>
    <time>2023-10-28T23:02:33Z</time>
   </trkpt>
   <trkpt lat="35.5451290" lon="139.5057150">
    <ele>50.7</ele>
    <time>2023-10-28T23:02:34Z</time>
   </trkpt>
   <trkpt lat="35.5451500" lon="139.5056750">
    <ele>50.7</ele>
    <time>2023-10-28T23:02:35Z</time>
   </trkpt>
   <trkpt lat="35.5451580" lon="139.5056630">
    <ele>50.7</ele>
    <time>2023-10-28T23:02:36Z</time>
   </trkpt>
   <trkpt lat="35.5451780" lon="139.5056370">
    <ele>50.8</ele>
    <time>2023-10-28T23:02:37Z</time>
   </trkpt>
   <trkpt lat="35.5451950" lon="139.5056090">
    <ele>50.8</ele>
    <time>2023-10-28T23:02:38Z</time>
   </trkpt>
   <trkpt lat="35.5452100" lon="139.5055850">
    <ele>50.8</ele>
    <time>2023-10-28T23:02:39Z</time>
   </trkpt>
   <trkpt lat="35.5452160" lon="139.5055730">
    <ele>50.8</ele>
    <time>2023-10-28T23:02:40Z</time>
   </trkpt>
   <trkpt lat="35.5452400" lon="139.5055540">
    <ele>50.9</ele>
    <time>2023-10-28T23:02:41Z</time>
   </trkpt>
   <trkpt lat="35.5452690" lon="139.5055410">
    <ele>50.9</ele>
    <time>2023-10-28T23:02:42Z</time>
   </trkpt>
   <trkpt lat="35.5452880" lon="139.5055070">
    <ele>50.9</ele>
    <time>2023-10-28T23:02:43Z</time>
   </trkpt>
   <trkpt lat="35.5453110" lon="139.5054860">
    <ele>51.0</ele>
    <time>2023-10-28T23:02:44Z</time>
   </trkpt>
   <trkpt lat="35.5453400" lon="139.5054720">
    <ele>51.1</ele>
    <time>2023-10-28T23:02:45Z</time>
   </trkpt>
   <trkpt lat="35.5453490" lon="139.5054660">
    <ele>51.1</ele>
    <time>2023-10-28T23:02:46Z</time>
   </trkpt>
   <trkpt lat="35.5453800" lon="139.5054700">
    <ele>51.1</ele>
    <time>2023-10-28T23:02:47Z</time>
   </trkpt>
   <trkpt lat="35.5453890" lon="139.5054730">
    <ele>51.1</ele>
    <time>2023-10-28T23:02:48Z</time>
   </trkpt>
   <trkpt lat="35.5454130" lon="139.5055070">
    <ele>51.1</ele>
    <time>2023-10-28T23:02:49Z</time>
   </trkpt>
   <trkpt lat="35.5454190" lon="139.5055200">
    <ele>51.1</ele>
    <time>2023-10-28T23:02:50Z</time>
   </trkpt>
   <trkpt lat="35.5454410" lon="139.5055520">
    <ele>51.1</ele>
    <time>2023-10-28T23:02:51Z</time>
   </trkpt>
   <trkpt lat="35.5454500" lon="139.5055620">
    <ele>51.1</ele>
    <time>2023-10-28T23:02:52Z</time>
   </trkpt>
   <trkpt lat="35.5454650" lon="139.5056030">
    <ele>51.1</ele>
    <time>2023-10-28T23:02:53Z</time>
   </trkpt>
   <trkpt lat="35.5454680" lon="139.5056180">
    <ele>51.1</ele>
    <time>2023-10-28T23:02:54Z</time>
   </trkpt>
   <trkpt lat="35.5454850" lon="139.5056440">
    <ele>51.0</ele>
    <time>2023-10-28T23:02:55Z</time>
   </trkpt>
   <trkpt lat="35.5455050" lon="139.5056820">
    <ele>51.0</ele>
    <time>2023-10-28T23:02:56Z</time>
   </trkpt>
   <trkpt lat="35.5455120" lon="139.5056940">
    <ele>51.0</ele>
    <time>2023-10-28T23:02:57Z</time>
   </trkpt>
   <trkpt lat="35.5455380" lon="139.5057390">
    <ele>51.2</ele>
    <time>2023-10-28T23:02:58Z</time>
   </trkpt>
   <trkpt lat="35.5455540" lon="139.5057690">
    <ele>51.3</ele>
    <time>2023-10-28T23:02:59Z</time>
   </trkpt>
   <trkpt lat="35.5455610" lon="139.5057800">
    <ele>51.4</ele>
    <time>2023-10-28T23:03:00Z</time>
   </trkpt>
   <trkpt lat="35.5455730" lon="139.5058240">
    <ele>51.5</ele>
    <time>2023-10-28T23:03:01Z</time>
   </trkpt>
   <trkpt lat="35.5455750" lon="139.5058380">
    <ele>51.6</ele>
    <time>2023-10-28T23:03:02Z</time>
   </trkpt>
   <trkpt lat="35.5455810" lon="139.5058760">
    <ele>51.7</ele>
    <time>2023-10-28T23:03:03Z</time>
   </trkpt>
   <trkpt lat="35.5455830" lon="139.5058890">
    <ele>51.7</ele>
    <time>2023-10-28T23:03:04Z</time>
   </trkpt>
   <trkpt lat="35.5455940" lon="139.5059250">
    <ele>51.8</ele>
    <time>2023-10-28T23:03:05Z</time>
   </trkpt>
   <trkpt lat="35.5455940" lon="139.5059750">
    <ele>51.9</ele>
    <time>2023-10-28T23:03:06Z</time>
   </trkpt>
   <trkpt lat="35.5455940" lon="139.5059920">
    <ele>52.0</ele>
    <time>2023-10-28T23:03:07Z</time>
   </trkpt>
   <trkpt lat="35.5456170" lon="139.5060230">
    <ele>52.1</ele>
    <time>2023-10-28T23:03:08Z</time>
   </trkpt>
   <trkpt lat="35.5456160" lon="139.5060600">
    <ele>52.2</ele>
    <time>2023-10-28T23:03:09Z</time>
   </trkpt>
   <trkpt lat="35.5456220" lon="139.5061100">
    <ele>52.3</ele>
    <time>2023-10-28T23:03:10Z</time>
   </trkpt>
   <trkpt lat="35.5456250" lon="139.5061280">
    <ele>52.3</ele>
    <time>2023-10-28T23:03:11Z</time>
   </trkpt>
   <trkpt lat="35.5456390" lon="139.5061630">
    <ele>52.4</ele>
    <time>2023-10-28T23:03:12Z</time>
   </trkpt>
   <trkpt lat="35.5456440" lon="139.5061970">
    <ele>52.5</ele>
    <time>2023-10-28T23:03:13Z</time>
   </trkpt>
   <trkpt lat="35.5456460" lon="139.5062300">
    <ele>52.6</ele>
    <time>2023-10-28T23:03:14Z</time>
   </trkpt>
   <trkpt lat="35.5456470" lon="139.5062650">
    <ele>52.7</ele>
    <time>2023-10-28T23:03:15Z</time>
   </trkpt>
   <trkpt lat="35.5456520" lon="139.5063100">
    <ele>52.9</ele>
    <time>2023-10-28T23:03:16Z</time>
   </trkpt>
   <trkpt lat="35.5456520" lon="139.5063250">
    <ele>52.9</ele>
    <time>2023-10-28T23:03:17Z</time>
   </trkpt>
   <trkpt lat="35.5456560" lon="139.5063590">
    <ele>53.1</ele>
    <time>2023-10-28T23:03:18Z</time>
   </trkpt>
   <trkpt lat="35.5456680" lon="139.5063990">
    <ele>53.3</ele>
    <time>2023-10-28T23:03:19Z</time>
   </trkpt>
   <trkpt lat="35.5456680" lon="139.5064170">
    <ele>53.4</ele>
    <time>2023-10-28T23:03:20Z</time>
   </trkpt>
   <trkpt lat="35.5456700" lon="139.5064500">
    <ele>53.5</ele>
    <time>2023-10-28T23:03:21Z</time>
   </trkpt>
   <trkpt lat="35.5456820" lon="139.5064810">
    <ele>53.6</ele>
    <time>2023-10-28T23:03:22Z</time>
   </trkpt>
   <trkpt lat="35.5456920" lon="139.5065240">
    <ele>53.4</ele>
    <time>2023-10-28T23:03:23Z</time>
   </trkpt>
   <trkpt lat="35.5456990" lon="139.5065420">
    <ele>53.3</ele>
    <time>2023-10-28T23:03:24Z</time>
   </trkpt>
   <trkpt lat="35.5457070" lon="139.5065760">
    <ele>53.2</ele>
    <time>2023-10-28T23:03:25Z</time>
   </trkpt>
   <trkpt lat="35.5457060" lon="139.5066220">
    <ele>53.0</ele>
    <time>2023-10-28T23:03:26Z</time>
   </trkpt>
   <trkpt lat="35.5457080" lon="139.5066400">
    <ele>52.9</ele>
    <time>2023-10-28T23:03:27Z</time>
   </trkpt>
   <trkpt lat="35.5457180" lon="139.5066810">
    <ele>52.8</ele>
    <time>2023-10-28T23:03:28Z</time>
   </trkpt>
   <trkpt lat="35.5457200" lon="139.5066970">
    <ele>52.8</ele>
    <time>2023-10-28T23:03:29Z</time>
   </trkpt>
   <trkpt lat="35.5457280" lon="139.5067450">
    <ele>52.6</ele>
    <time>2023-10-28T23:03:30Z</time>
   </trkpt>
   <trkpt lat="35.5457300" lon="139.5067620">
    <ele>52.6</ele>
    <time>2023-10-28T23:03:31Z</time>
   </trkpt>
   <trkpt lat="35.5457340" lon="139.5068060">
    <ele>52.5</ele>
    <time>2023-10-28T23:03:32Z</time>
   </trkpt>
   <trkpt lat="35.5457360" lon="139.5068250">
    <ele>52.4</ele>
    <time>2023-10-28T23:03:33Z</time>
   </trkpt>
   <trkpt lat="35.5457430" lon="139.5068650">
    <ele>52.3</ele>
    <time>2023-10-28T23:03:34Z</time>
   </trkpt>
   <trkpt lat="35.5457590" lon="139.5068960">
    <ele>52.3</ele>
    <time>2023-10-28T23:03:35Z</time>
   </trkpt>
   <trkpt lat="35.5457690" lon="139.5069330">
    <ele>52.2</ele>
    <time>2023-10-28T23:03:36Z</time>
   </trkpt>
   <trkpt lat="35.5457720" lon="139.5069470">
    <ele>52.2</ele>
    <time>2023-10-28T23:03:37Z</time>
   </trkpt>
   <trkpt lat="35.5457790" lon="139.5069830">
    <ele>52.1</ele>
    <time>2023-10-28T23:03:38Z</time>
   </trkpt>
   <trkpt lat="35.5457790" lon="139.5069970">
    <ele>52.1</ele>
    <time>2023-10-28T23:03:39Z</time>
   </trkpt>
   <trkpt lat="35.5457820" lon="139.5070310">
    <ele>52.0</ele>
    <time>2023-10-28T23:03:40Z</time>
   </trkpt>
   <trkpt lat="35.5457940" lon="139.5070710">
    <ele>52.0</ele>
    <time>2023-10-28T23:03:41Z</time>
   </trkpt>
   <trkpt lat="35.5457980" lon="139.5070820">
    <ele>51.9</ele>
    <time>2023-10-28T23:03:42Z</time>
   </trkpt>
   <trkpt lat="35.5458000" lon="139.5071270">
    <ele>51.9</ele>
    <time>2023-10-28T23:03:43Z</time>
   </trkpt>
   <trkpt lat="35.5457990" lon="139.5071440">
    <ele>51.8</ele>
    <time>2023-10-28T23:03:44Z</time>
   </trkpt>
   <trkpt lat="35.5458090" lon="139.5071860">
    <ele>51.8</ele>
    <time>2023-10-28T23:03:45Z</time>
   </trkpt>
   <trkpt lat="35.5458090" lon="139.5072030">
    <ele>51.8</ele>
    <time>2023-10-28T23:03:46Z</time>
   </trkpt>
   <trkpt lat="35.5458120" lon="139.5072380">
    <ele>51.7</ele>
    <time>2023-10-28T23:03:47Z</time>
   </trkpt>
   <trkpt lat="35.5458250" lon="139.5072800">
    <ele>51.6</ele>
    <time>2023-10-28T23:03:48Z</time>
   </trkpt>
   <trkpt lat="35.5458290" lon="139.5072930">
    <ele>51.6</ele>
    <time>2023-10-28T23:03:49Z</time>
   </trkpt>
   <trkpt lat="35.5458400" lon="139.5073250">
    <ele>51.6</ele>
    <time>2023-10-28T23:03:50Z</time>
   </trkpt>
   <trkpt lat="35.5458610" lon="139.5073780">
    <ele>51.5</ele>
    <time>2023-10-28T23:03:51Z</time>
   </trkpt>
   <trkpt lat="35.5458720" lon="139.5074030">
    <ele>51.4</ele>
    <time>2023-10-28T23:03:52Z</time>
   </trkpt>
   <trkpt lat="35.5458920" lon="139.5074340">
    <ele>51.4</ele>
    <time>2023-10-28T23:03:53Z</time>
   </trkpt>
   <trkpt lat="35.5459130" lon="139.5074770">
    <ele>51.3</ele>
    <time>2023-10-28T23:03:54Z</time>
   </trkpt>
   <trkpt lat="35.5459170" lon="139.5074950">
    <ele>51.3</ele>
    <time>2023-10-28T23:03:55Z</time>
   </trkpt>
   <trkpt lat="35.5459260" lon="139.5075280">
    <ele>51.2</ele>
    <time>2023-10-28T23:03:56Z</time>
   </trkpt>
   <trkpt lat="35.5459340" lon="139.5075660">
    <ele>51.1</ele>
    <time>2023-10-28T23:03:57Z</time>
   </trkpt>
   <trkpt lat="35.5459370" lon="139.5075780">
    <ele>51.1</ele>
    <time>2023-10-28T23:03:58Z</time>
   </trkpt>
   <trkpt lat="35.5459450" lon="139.5076120">
    <ele>50.9</ele>
    <time>2023-10-28T23:03:59Z</time>
   </trkpt>
   <trkpt lat="35.5459470" lon="139.5076540">
    <ele>50.7</ele>
    <time>2023-10-28T23:04:00Z</time>
   </trkpt>
   <trkpt lat="35.5459540" lon="139.5076970">
    <ele>50.5</ele>
    <time>2023-10-28T23:04:01Z</time>
   </trkpt>
   <trkpt lat="35.5459570" lon="139.5077140">
    <ele>50.4</ele>
    <time>2023-10-28T23:04:02Z</time>
   </trkpt>
   <trkpt lat="35.5459640" lon="139.5077490">
    <ele>50.3</ele>
    <time>2023-10-28T23:04:03Z</time>
   </trkpt>
   <trkpt lat="35.5459850" lon="139.5077780">
    <ele>50.1</ele>
    <time>2023-10-28T23:04:04Z</time>
   </trkpt>
   <trkpt lat="35.5459930" lon="139.5078200">
    <ele>49.9</ele>
    <time>2023-10-28T23:04:05Z</time>
   </trkpt>
   <trkpt lat="35.5459970" lon="139.5078360">
    <ele>49.8</ele>
    <time>2023-10-28T23:04:06Z</time>
   </trkpt>
   <trkpt lat="35.5459860" lon="139.5078770">
    <ele>49.6</ele>
    <time>2023-10-28T23:04:07Z</time>
   </trkpt>
   <trkpt lat="35.5459950" lon="139.5079130">
    <ele>49.4</ele>
    <time>2023-10-28T23:04:08Z</time>
   </trkpt>
   <trkpt lat="35.5459980" lon="139.5079250">
    <ele>49.4</ele>
    <time>2023-10-28T23:04:09Z</time>
   </trkpt>
   <trkpt lat="35.5460070" lon="139.5079560">
    <ele>49.2</ele>
    <time>2023-10-28T23:04:10Z</time>
   </trkpt>
   <trkpt lat="35.5460150" lon="139.5080050">
    <ele>49.0</ele>
    <time>2023-10-28T23:04:11Z</time>
   </trkpt>
   <trkpt lat="35.5460160" lon="139.5080230">
    <ele>48.9</ele>
    <time>2023-10-28T23:04:12Z</time>
   </trkpt>
   <trkpt lat="35.5460210" lon="139.5080700">
    <ele>48.7</ele>
    <time>2023-10-28T23:04:13Z</time>
   </trkpt>
   <trkpt lat="35.5460230" lon="139.5080860">
    <ele>48.6</ele>
    <time>2023-10-28T23:04:14Z</time>
   </trkpt>
   <trkpt lat="35.5460260" lon="139.5081270">
    <ele>48.4</ele>
    <time>2023-10-28T23:04:15Z</time>
   </trkpt>
   <trkpt lat="35.5460340" lon="139.5081640">
    <ele>48.2</ele>
    <time>2023-10-28T23:04:16Z</time>
   </trkpt>
   <trkpt lat="35.5460370" lon="139.5081740">
    <ele>48.2</ele>
    <time>2023-10-28T23:04:17Z</time>
   </trkpt>
   <trkpt lat="35.5460740" lon="139.5082140">
    <ele>47.5</ele>
    <time>2023-10-28T23:04:19Z</time>
   </trkpt>
   <trkpt lat="35.5461160" lon="139.5082280">
    <ele>47.1</ele>
    <time>2023-10-28T23:04:20Z</time>
   </trkpt>
   <trkpt lat="35.5461330" lon="139.5082320">
    <ele>47.0</ele>
    <time>2023-10-28T23:04:21Z</time>
   </trkpt>
   <trkpt lat="35.5461610" lon="139.5082450">
    <ele>46.7</ele>
    <time>2023-10-28T23:04:22Z</time>
   </trkpt>
   <trkpt lat="35.5461950" lon="139.5082480">
    <ele>46.3</ele>
    <time>2023-10-28T23:04:23Z</time>
   </trkpt>
   <trkpt lat="35.5462090" lon="139.5082480">
    <ele>46.2</ele>
    <time>2023-10-28T23:04:24Z</time>
   </trkpt>
   <trkpt lat="35.5462390" lon="139.5082500">
    <ele>45.9</ele>
    <time>2023-10-28T23:04:25Z</time>
   </trkpt>
   <trkpt lat="35.5462700" lon="139.5082650">
    <ele>45.6</ele>
    <time>2023-10-28T23:04:26Z</time>
   </trkpt>
   <trkpt lat="35.5462980" lon="139.5082670">
    <ele>45.3</ele>
    <time>2023-10-28T23:04:27Z</time>
   </trkpt>
   <trkpt lat="35.5463300" lon="139.5082840">
    <ele>44.9</ele>
    <time>2023-10-28T23:04:28Z</time>
   </trkpt>
   <trkpt lat="35.5463600" lon="139.5083050">
    <ele>44.4</ele>
    <time>2023-10-28T23:04:29Z</time>
   </trkpt>
   <trkpt lat="35.5463710" lon="139.5083060">
    <ele>44.3</ele>
    <time>2023-10-28T23:04:30Z</time>
   </trkpt>
   <trkpt lat="35.5464070" lon="139.5083000">
    <ele>43.8</ele>
    <time>2023-10-28T23:04:31Z</time>
   </trkpt>
   <trkpt lat="35.5464190" lon="139.5083010">
    <ele>43.7</ele>
    <time>2023-10-28T23:04:32Z</time>
   </trkpt>
   <trkpt lat="35.5464500" lon="139.5083150">
    <ele>43.3</ele>
    <time>2023-10-28T23:04:33Z</time>
   </trkpt>
   <trkpt lat="35.5464780" lon="139.5083270">
    <ele>43.0</ele>
    <time>2023-10-28T23:04:34Z</time>
   </trkpt>
   <trkpt lat="35.5465040" lon="139.5083360">
    <ele>42.7</ele>
    <time>2023-10-28T23:04:35Z</time>
   </trkpt>
   <trkpt lat="35.5465350" lon="139.5083470">
    <ele>42.3</ele>
    <time>2023-10-28T23:04:36Z</time>
   </trkpt>
   <trkpt lat="35.5465630" lon="139.5083630">
    <ele>42.0</ele>
    <time>2023-10-28T23:04:37Z</time>
   </trkpt>
   <trkpt lat="35.5465990" lon="139.5083760">
    <ele>41.7</ele>
    <time>2023-10-28T23:04:38Z</time>
   </trkpt>
   <trkpt lat="35.5466090" lon="139.5083790">
    <ele>41.6</ele>
    <time>2023-10-28T23:04:39Z</time>
   </trkpt>
   <trkpt lat="35.5466390" lon="139.5084020">
    <ele>41.2</ele>
    <time>2023-10-28T23:04:40Z</time>
   </trkpt>
   <trkpt lat="35.5466630" lon="139.5084210">
    <ele>40.9</ele>
    <time>2023-10-28T23:04:41Z</time>
   </trkpt>
   <trkpt lat="35.5466710" lon="139.5084290">
    <ele>40.8</ele>
    <time>2023-10-28T23:04:42Z</time>
   </trkpt>
   <trkpt lat="35.5466870" lon="139.5084580">
    <ele>40.7</ele>
    <time>2023-10-28T23:04:43Z</time>
   </trkpt>
   <trkpt lat="35.5466900" lon="139.5084670">
    <ele>40.6</ele>
    <time>2023-10-28T23:04:44Z</time>
   </trkpt>
   <trkpt lat="35.5466940" lon="139.5085010">
    <ele>40.4</ele>
    <time>2023-10-28T23:04:45Z</time>
   </trkpt>
   <trkpt lat="35.5466920" lon="139.5085500">
    <ele>40.2</ele>
    <time>2023-10-28T23:04:46Z</time>
   </trkpt>
   <trkpt lat="35.5466910" lon="139.5085680">
    <ele>40.1</ele>
    <time>2023-10-28T23:04:47Z</time>
   </trkpt>
   <trkpt lat="35.5466980" lon="139.5086080">
    <ele>39.9</ele>
    <time>2023-10-28T23:04:48Z</time>
   </trkpt>
   <trkpt lat="35.5467010" lon="139.5086250">
    <ele>39.8</ele>
    <time>2023-10-28T23:04:49Z</time>
   </trkpt>
   <trkpt lat="35.5467030" lon="139.5086670">
    <ele>39.6</ele>
    <time>2023-10-28T23:04:50Z</time>
   </trkpt>
   <trkpt lat="35.5467040" lon="139.5086810">
    <ele>39.5</ele>
    <time>2023-10-28T23:04:51Z</time>
   </trkpt>
   <trkpt lat="35.5467050" lon="139.5087250">
    <ele>39.3</ele>
    <time>2023-10-28T23:04:52Z</time>
   </trkpt>
   <trkpt lat="35.5467050" lon="139.5087410">
    <ele>39.2</ele>
    <time>2023-10-28T23:04:53Z</time>
   </trkpt>
   <trkpt lat="35.5467180" lon="139.5087860">
    <ele>39.0</ele>
    <time>2023-10-28T23:04:54Z</time>
   </trkpt>
   <trkpt lat="35.5467230" lon="139.5088040">
    <ele>39.0</ele>
    <time>2023-10-28T23:04:55Z</time>
   </trkpt>
   <trkpt lat="35.5467260" lon="139.5088490">
    <ele>38.8</ele>
    <time>2023-10-28T23:04:56Z</time>
   </trkpt>
   <trkpt lat="35.5467290" lon="139.5088640">
    <ele>38.7</ele>
    <time>2023-10-28T23:04:57Z</time>
   </trkpt>
   <trkpt lat="35.5467390" lon="139.5089040">
    <ele>38.5</ele>
    <time>2023-10-28T23:04:58Z</time>
   </trkpt>
   <trkpt lat="35.5467460" lon="139.5089180">
    <ele>38.5</ele>
    <time>2023-10-28T23:04:59Z</time>
   </trkpt>
   <trkpt lat="35.5467570" lon="139.5089530">
    <ele>38.3</ele>
    <time>2023-10-28T23:05:00Z</time>
   </trkpt>
   <trkpt lat="35.5467570" lon="139.5089680">
    <ele>38.3</ele>
    <time>2023-10-28T23:05:01Z</time>
   </trkpt>
   <trkpt lat="35.5467610" lon="139.5089930">
    <ele>38.2</ele>
    <time>2023-10-28T23:05:02Z</time>
   </trkpt>
   <trkpt lat="35.5467960" lon="139.5090090">
    <ele>38.1</ele>
    <time>2023-10-28T23:05:03Z</time>
   </trkpt>
   <trkpt lat="35.5468300" lon="139.5090250">
    <ele>37.9</ele>
    <time>2023-10-28T23:05:04Z</time>
   </trkpt>
   <trkpt lat="35.5468410" lon="139.5090320">
    <ele>37.7</ele>
    <time>2023-10-28T23:05:05Z</time>
   </trkpt>
   <trkpt lat="35.5468610" lon="139.5090560">
    <ele>37.5</ele>
    <time>2023-10-28T23:05:06Z</time>
   </trkpt>
   <trkpt lat="35.5468930" lon="139.5090820">
    <ele>37.3</ele>
    <time>2023-10-28T23:05:07Z</time>
   </trkpt>
   <trkpt lat="35.5469040" lon="139.5090930">
    <ele>37.2</ele>
    <time>2023-10-28T23:05:08Z</time>
   </trkpt>
   <trkpt lat="35.5469220" lon="139.5091200">
    <ele>37.0</ele>
    <time>2023-10-28T23:05:09Z</time>
   </trkpt>
   <trkpt lat="35.5469510" lon="139.5091400">
    <ele>36.8</ele>
    <time>2023-10-28T23:05:10Z</time>
   </trkpt>
   <trkpt lat="35.5469830" lon="139.5091510">
    <ele>36.6</ele>
    <time>2023-10-28T23:05:11Z</time>
   </trkpt>
   <trkpt lat="35.5469960" lon="139.5091890">
    <ele>36.4</ele>
    <time>2023-10-28T23:05:12Z</time>
   </trkpt>
   <trkpt lat="35.5470040" lon="139.5092100">
    <ele>36.3</ele>
    <time>2023-10-28T23:05:13Z</time>
   </trkpt>
   <trkpt lat="35.5470240" lon="139.5092440">
    <ele>36.5</ele>
    <time>2023-10-28T23:05:14Z</time>
   </trkpt>
   <trkpt lat="35.5470290" lon="139.5092560">
    <ele>36.5</ele>
    <time>2023-10-28T23:05:15Z</time>
   </trkpt>
   <trkpt lat="35.5470450" lon="139.5092940">
    <ele>36.8</ele>
    <time>2023-10-28T23:05:16Z</time>
   </trkpt>
   <trkpt lat="35.5470660" lon="139.5093190">
    <ele>37.0</ele>
    <time>2023-10-28T23:05:17Z</time>
   </trkpt>
   <trkpt lat="35.5470800" lon="139.5093490">
    <ele>37.2</ele>
    <time>2023-10-28T23:05:18Z</time>
   </trkpt>
   <trkpt lat="35.5471080" lon="139.5093860">
    <ele>37.4</ele>
    <time>2023-10-28T23:05:19Z</time>
   </trkpt>
   <trkpt lat="35.5471190" lon="139.5093980">
    <ele>37.5</ele>
    <time>2023-10-28T23:05:20Z</time>
   </trkpt>
   <trkpt lat="35.5471390" lon="139.5094270">
    <ele>37.7</ele>
    <time>2023-10-28T23:05:21Z</time>
   </trkpt>
   <trkpt lat="35.5471480" lon="139.5094340">
    <ele>37.8</ele>
    <time>2023-10-28T23:05:22Z</time>
   </trkpt>
   <trkpt lat="35.5471780" lon="139.5094580">
    <ele>38.1</ele>
    <time>2023-10-28T23:05:23Z</time>
   </trkpt>
   <trkpt lat="35.5471890" lon="139.5094680">
    <ele>38.2</ele>
    <time>2023-10-28T23:05:24Z</time>
   </trkpt>
   <trkpt lat="35.5472120" lon="139.5094990">
    <ele>38.4</ele>
    <time>2023-10-28T23:05:25Z</time>
   </trkpt>
   <trkpt lat="35.5472230" lon="139.5095080">
    <ele>38.5</ele>
    <time>2023-10-28T23:05:26Z</time>
   </trkpt>
   <trkpt lat="35.5472530" lon="139.5095350">
    <ele>38.8</ele>
    <time>2023-10-28T23:05:27Z</time>
   </trkpt>
   <trkpt lat="35.5472650" lon="139.5095430">
    <ele>38.9</ele>
    <time>2023-10-28T23:05:28Z</time>
   </trkpt>
   <trkpt lat="35.5472780" lon="139.5095720">
    <ele>39.1</ele>
    <time>2023-10-28T23:05:29Z</time>
   </trkpt>
   <trkpt lat="35.5472810" lon="139.5095860">
    <ele>39.2</ele>
    <time>2023-10-28T23:05:30Z</time>
   </trkpt>
   <trkpt lat="35.5472940" lon="139.5096300">
    <ele>38.9</ele>
    <time>2023-10-28T23:05:31Z</time>
   </trkpt>
   <trkpt lat="35.5473020" lon="139.5096480">
    <ele>38.8</ele>
    <time>2023-10-28T23:05:32Z</time>
   </trkpt>
   <trkpt lat="35.5473160" lon="139.5096800">
    <ele>38.5</ele>
    <time>2023-10-28T23:05:33Z</time>
   </trkpt>
   <trkpt lat="35.5473210" lon="139.5096930">
    <ele>38.4</ele>
    <time>2023-10-28T23:05:34Z</time>
   </trkpt>
   <trkpt lat="35.5473120" lon="139.5097310">
    <ele>38.2</ele>
    <time>2023-10-28T23:05:35Z</time>
   </trkpt>
   <trkpt lat="35.5473510" lon="139.5097510">
    <ele>37.9</ele>
    <time>2023-10-28T23:05:36Z</time>
   </trkpt>
   <trkpt lat="35.5473610" lon="139.5097700">
    <ele>37.8</ele>
    <time>2023-10-28T23:05:37Z</time>
   </trkpt>
   <trkpt lat="35.5473690" lon="139.5097880">
    <ele>37.7</ele>
    <time>2023-10-28T23:05:38Z</time>
   </trkpt>
   <trkpt lat="35.5475040" lon="139.5099310">
    <ele>36.8</ele>
    <time>2023-10-28T23:05:46Z</time>
   </trkpt>
   <trkpt lat="35.5475110" lon="139.5099390">
    <ele>36.7</ele>
    <time>2023-10-28T23:05:47Z</time>
   </trkpt>
   <trkpt lat="35.5475250" lon="139.5099550">
    <ele>36.6</ele>
    <time>2023-10-28T23:05:48Z</time>
   </trkpt>
   <trkpt lat="35.5475350" lon="139.5099670">
    <ele>36.6</ele>
    <time>2023-10-28T23:05:49Z</time>
   </trkpt>
   <trkpt lat="35.5475460" lon="139.5099840">
    <ele>36.5</ele>
    <time>2023-10-28T23:05:50Z</time>
   </trkpt>
   <trkpt lat="35.5475580" lon="139.5099980">
    <ele>36.4</ele>
    <time>2023-10-28T23:05:51Z</time>
   </trkpt>
   <trkpt lat="35.5475790" lon="139.5100160">
    <ele>36.3</ele>
    <time>2023-10-28T23:05:52Z</time>
   </trkpt>
   <trkpt lat="35.5475870" lon="139.5100260">
    <ele>36.2</ele>
    <time>2023-10-28T23:05:53Z</time>
   </trkpt>
   <trkpt lat="35.5475930" lon="139.5100440">
    <ele>36.3</ele>
    <time>2023-10-28T23:05:54Z</time>
   </trkpt>
   <trkpt lat="35.5476010" lon="139.5100630">
    <ele>36.3</ele>
    <time>2023-10-28T23:05:55Z</time>
   </trkpt>
   <trkpt lat="35.5476100" lon="139.5100910">
    <ele>36.3</ele>
    <time>2023-10-28T23:05:56Z</time>
   </trkpt>
   <trkpt lat="35.5476340" lon="139.5100810">
    <ele>36.4</ele>
    <time>2023-10-28T23:05:57Z</time>
   </trkpt>
   <trkpt lat="35.5476430" lon="139.5100370">
    <ele>36.5</ele>
    <time>2023-10-28T23:05:58Z</time>
   </trkpt>
   <trkpt lat="35.5476480" lon="139.5100220">
    <ele>36.5</ele>
    <time>2023-10-28T23:05:59Z</time>
   </trkpt>
   <trkpt lat="35.5476690" lon="139.5099970">
    <ele>36.5</ele>
    <time>2023-10-28T23:06:00Z</time>
   </trkpt>
   <trkpt lat="35.5476760" lon="139.5099900">
    <ele>36.5</ele>
    <time>2023-10-28T23:06:01Z</time>
   </trkpt>
   <trkpt lat="35.5476900" lon="139.5099760">
    <ele>36.6</ele>
    <time>2023-10-28T23:06:02Z</time>
   </trkpt>
   <trkpt lat="35.5476970" lon="139.5099610">
    <ele>36.6</ele>
    <time>2023-10-28T23:06:03Z</time>
   </trkpt>
   <trkpt lat="35.5477200" lon="139.5099370">
    <ele>36.7</ele>
    <time>2023-10-28T23:06:04Z</time>
   </trkpt>
   <trkpt lat="35.5477250" lon="139.5099340">
    <ele>36.7</ele>
    <time>2023-10-28T23:06:05Z</time>
   </trkpt>
   <trkpt lat="35.5477530" lon="139.5099050">
    <ele>36.7</ele>
    <time>2023-10-28T23:06:06Z</time>
   </trkpt>
   <trkpt lat="35.5477580" lon="139.5099010">
    <ele>36.7</ele>
    <time>2023-10-28T23:06:07Z</time>
   </trkpt>
   <trkpt lat="35.5477830" lon="139.5098810">
    <ele>36.8</ele>
    <time>2023-10-28T23:06:08Z</time>
   </trkpt>
   <trkpt lat="35.5477900" lon="139.5098700">
    <ele>36.8</ele>
    <time>2023-10-28T23:06:09Z</time>
   </trkpt>
   <trkpt lat="35.5478050" lon="139.5098520">
    <ele>36.8</ele>
    <time>2023-10-28T23:06:10Z</time>
   </trkpt>
   <trkpt lat="35.5478290" lon="139.5098310">
    <ele>36.9</ele>
    <time>2023-10-28T23:06:12Z</time>
   </trkpt>
   <trkpt lat="35.5478390" lon="139.5098260">
    <ele>37.0</ele>
    <time>2023-10-28T23:06:13Z</time>
   </trkpt>
   <trkpt lat="35.5478660" lon="139.5098010">
    <ele>37.2</ele>
    <time>2023-10-28T23:06:14Z</time>
   </trkpt>
   <trkpt lat="35.5478920" lon="139.5097740">
    <ele>37.4</ele>
    <time>2023-10-28T23:06:15Z</time>
   </trkpt>
   <trkpt lat="35.5479020" lon="139.5097630">
    <ele>37.5</ele>
    <time>2023-10-28T23:06:16Z</time>
   </trkpt>
   <trkpt lat="35.5479340" lon="139.5097500">
    <ele>37.7</ele>
    <time>2023-10-28T23:06:17Z</time>
   </trkpt>
   <trkpt lat="35.5479420" lon="139.5097470">
    <ele>37.7</ele>
    <time>2023-10-28T23:06:18Z</time>
   </trkpt>
   <trkpt lat="35.5479530" lon="139.5097010">
    <ele>37.9</ele>
    <time>2023-10-28T23:06:19Z</time>
   </trkpt>
   <trkpt lat="35.5479530" lon="139.5096840">
    <ele>38.0</ele>
    <time>2023-10-28T23:06:20Z</time>
   </trkpt>
   <trkpt lat="35.5479390" lon="139.5096400">
    <ele>38.2</ele>
    <time>2023-10-28T23:06:21Z</time>
   </trkpt>
   <trkpt lat="35.5479350" lon="139.5096210">
    <ele>38.3</ele>
    <time>2023-10-28T23:06:22Z</time>
   </trkpt>
   <trkpt lat="35.5479150" lon="139.5095910">
    <ele>38.5</ele>
    <time>2023-10-28T23:06:23Z</time>
   </trkpt>
   <trkpt lat="35.5478980" lon="139.5095670">
    <ele>38.6</ele>
    <time>2023-10-28T23:06:24Z</time>
   </trkpt>
   <trkpt lat="35.5478880" lon="139.5095490">
    <ele>38.7</ele>
    <time>2023-10-28T23:06:25Z</time>
   </trkpt>
   <trkpt lat="35.5478790" lon="139.5095200">
    <ele>38.8</ele>
    <time>2023-10-28T23:06:26Z</time>
   </trkpt>
   <trkpt lat="35.5478740" lon="139.5095050">
    <ele>38.9</ele>
    <time>2023-10-28T23:06:27Z</time>
   </trkpt>
   <trkpt lat="35.5478650" lon="139.5094650">
    <ele>39.0</ele>
    <time>2023-10-28T23:06:28Z</time>
   </trkpt>
   <trkpt lat="35.5478610" lon="139.5094420">
    <ele>39.1</ele>
    <time>2023-10-28T23:06:29Z</time>
   </trkpt>
   <trkpt lat="35.5478520" lon="139.5094260">
    <ele>39.2</ele>
    <time>2023-10-28T23:06:30Z</time>
   </trkpt>
   <trkpt lat="35.5478520" lon="139.5093890">
    <ele>39.3</ele>
    <time>2023-10-28T23:06:31Z</time>
   </trkpt>
   <trkpt lat="35.5478550" lon="139.5093800">
    <ele>39.3</ele>
    <time>2023-10-28T23:06:32Z</time>
   </trkpt>
   <trkpt lat="35.5478650" lon="139.5093490">
    <ele>39.4</ele>
    <time>2023-10-28T23:06:33Z</time>
   </trkpt>
   <trkpt lat="35.5478710" lon="139.5093380">
    <ele>39.4</ele>
    <time>2023-10-28T23:06:34Z</time>
   </trkpt>
   <trkpt lat="35.5479040" lon="139.5092990">
    <ele>39.5</ele>
    <time>2023-10-28T23:06:35Z</time>
   </trkpt>
   <trkpt lat="35.5479240" lon="139.5092790">
    <ele>39.9</ele>
    <time>2023-10-28T23:06:36Z</time>
   </trkpt>
   <trkpt lat="35.5479450" lon="139.5092590">
    <ele>39.9</ele>
    <time>2023-10-28T23:06:37Z</time>
   </trkpt>
   <trkpt lat="35.5479760" lon="139.5092410">
    <ele>39.9</ele>
    <time>2023-10-28T23:06:38Z</time>
   </trkpt>
   <trkpt lat="35.5480050" lon="139.5092240">
    <ele>39.9</ele>
    <time>2023-10-28T23:06:39Z</time>
   </trkpt>
   <trkpt lat="35.5480280" lon="139.5092030">
    <ele>39.9</ele>
    <time>2023-10-28T23:06:40Z</time>
   </trkpt>
   <trkpt lat="35.5480600" lon="139.5091910">
    <ele>39.9</ele>
    <time>2023-10-28T23:06:41Z</time>
   </trkpt>
   <trkpt lat="35.5480710" lon="139.5091860">
    <ele>39.9</ele>
    <time>2023-10-28T23:06:42Z</time>
   </trkpt>
   <trkpt lat="35.5480970" lon="139.5091700">
    <ele>39.9</ele>
    <time>2023-10-28T23:06:43Z</time>
   </trkpt>
   <trkpt lat="35.5481220" lon="139.5091540">
    <ele>39.9</ele>
    <time>2023-10-28T23:06:44Z</time>
   </trkpt>
   <trkpt lat="35.5481490" lon="139.5091270">
    <ele>39.9</ele>
    <time>2023-10-28T23:06:45Z</time>
   </trkpt>
   <trkpt lat="35.5481550" lon="139.5091180">
    <ele>39.9</ele>
    <time>2023-10-28T23:06:46Z</time>
   </trkpt>
   <trkpt lat="35.5481810" lon="139.5091010">
    <ele>39.9</ele>
    <time>2023-10-28T23:06:47Z</time>
   </trkpt>
   <trkpt lat="35.5481950" lon="139.5090850">
    <ele>39.9</ele>
    <time>2023-10-28T23:06:48Z</time>
   </trkpt>
   <trkpt lat="35.5482100" lon="139.5090700">
    <ele>39.9</ele>
    <time>2023-10-28T23:07:02Z</time>
   </trkpt>
   <trkpt lat="35.5482250" lon="139.5090550">
    <ele>39.9</ele>
    <time>2023-10-28T23:07:03Z</time>
   </trkpt>
   <trkpt lat="35.5482460" lon="139.5090310">
    <ele>40.0</ele>
    <time>2023-10-28T23:07:04Z</time>
   </trkpt>
   <trkpt lat="35.5482650" lon="139.5090250">
    <ele>40.0</ele>
    <time>2023-10-28T23:07:05Z</time>
   </trkpt>
   <trkpt lat="35.5483020" lon="139.5090000">
    <ele>40.1</ele>
    <time>2023-10-28T23:07:06Z</time>
   </trkpt>
   <trkpt lat="35.5483330" lon="139.5089800">
    <ele>40.1</ele>
    <time>2023-10-28T23:07:07Z</time>
   </trkpt>
   <trkpt lat="35.5483650" lon="139.5089540">
    <ele>40.2</ele>
    <time>2023-10-28T23:07:08Z</time>
   </trkpt>
   <trkpt lat="35.5483840" lon="139.5089420">
    <ele>40.2</ele>
    <time>2023-10-28T23:07:09Z</time>
   </trkpt>
   <trkpt lat="35.5484090" lon="139.5089290">
    <ele>40.2</ele>
    <time>2023-10-28T23:07:10Z</time>
   </trkpt>
   <trkpt lat="35.5484400" lon="139.5089060">
    <ele>40.2</ele>
    <time>2023-10-28T23:07:11Z</time>
   </trkpt>
   <trkpt lat="35.5484560" lon="139.5088960">
    <ele>40.2</ele>
    <time>2023-10-28T23:07:12Z</time>
   </trkpt>
   <trkpt lat="35.5484800" lon="139.5088770">
    <ele>40.3</ele>
    <time>2023-10-28T23:07:13Z</time>
   </trkpt>
   <trkpt lat="35.5484960" lon="139.5088690">
    <ele>40.3</ele>
    <time>2023-10-28T23:07:14Z</time>
   </trkpt>
   <trkpt lat="35.5485120" lon="139.5088650">
    <ele>40.3</ele>
    <time>2023-10-28T23:07:15Z</time>
   </trkpt>
   <trkpt lat="35.5485420" lon="139.5088560">
    <ele>40.3</ele>
    <time>2023-10-28T23:07:16Z</time>
   </trkpt>
   <trkpt lat="35.5485760" lon="139.5088440">
    <ele>40.3</ele>
    <time>2023-10-28T23:07:17Z</time>
   </trkpt>
   <trkpt lat="35.5485970" lon="139.5088180">
    <ele>40.3</ele>
    <time>2023-10-28T23:07:18Z</time>
   </trkpt>
   <trkpt lat="35.5486220" lon="139.5088040">
    <ele>40.3</ele>
    <time>2023-10-28T23:07:19Z</time>
   </trkpt>
   <trkpt lat="35.5486520" lon="139.5087770">
    <ele>40.4</ele>
    <time>2023-10-28T23:07:20Z</time>
   </trkpt>
   <trkpt lat="35.5486630" lon="139.5087680">
    <ele>40.4</ele>
    <time>2023-10-28T23:07:21Z</time>
   </trkpt>
   <trkpt lat="35.5486910" lon="139.5087360">
    <ele>40.4</ele>
    <time>2023-10-28T23:07:22Z</time>
   </trkpt>
   <trkpt lat="35.5487020" lon="139.5087260">
    <ele>40.4</ele>
    <time>2023-10-28T23:07:23Z</time>
   </trkpt>
   <trkpt lat="35.5487320" lon="139.5087130">
    <ele>40.4</ele>
    <time>2023-10-28T23:07:24Z</time>
   </trkpt>
   <trkpt lat="35.5487450" lon="139.5087130">
    <ele>40.4</ele>
    <time>2023-10-28T23:07:25Z</time>
   </trkpt>
   <trkpt lat="35.5487700" lon="139.5086990">
    <ele>40.5</ele>
    <time>2023-10-28T23:07:26Z</time>
   </trkpt>
   <trkpt lat="35.5488040" lon="139.5086790">
    <ele>40.5</ele>
    <time>2023-10-28T23:07:27Z</time>
   </trkpt>
   <trkpt lat="35.5488130" lon="139.5086670">
    <ele>40.5</ele>
    <time>2023-10-28T23:07:28Z</time>
   </trkpt>
   <trkpt lat="35.5488360" lon="139.5086430">
    <ele>40.5</ele>
    <time>2023-10-28T23:07:29Z</time>
   </trkpt>
   <trkpt lat="35.5488610" lon="139.5086290">
    <ele>40.6</ele>
    <time>2023-10-28T23:07:30Z</time>
   </trkpt>
   <trkpt lat="35.5488940" lon="139.5086090">
    <ele>40.6</ele>
    <time>2023-10-28T23:07:31Z</time>
   </trkpt>
   <trkpt lat="35.5489080" lon="139.5086050">
    <ele>40.6</ele>
    <time>2023-10-28T23:07:32Z</time>
   </trkpt>
   <trkpt lat="35.5489380" lon="139.5085860">
    <ele>40.6</ele>
    <time>2023-10-28T23:07:33Z</time>
   </trkpt>
   <trkpt lat="35.5489480" lon="139.5085850">
    <ele>40.7</ele>
    <time>2023-10-28T23:07:34Z</time>
   </trkpt>
   <trkpt lat="35.5489740" lon="139.5085590">
    <ele>40.7</ele>
    <time>2023-10-28T23:07:35Z</time>
   </trkpt>
   <trkpt lat="35.5489970" lon="139.5085370">
    <ele>40.7</ele>
    <time>2023-10-28T23:07:36Z</time>
   </trkpt>
   <trkpt lat="35.5490240" lon="139.5085310">
    <ele>40.8</ele>
    <time>2023-10-28T23:07:37Z</time>
   </trkpt>
   <trkpt lat="35.5490440" lon="139.5085070">
    <ele>40.8</ele>
    <time>2023-10-28T23:07:38Z</time>
   </trkpt>
   <trkpt lat="35.5490640" lon="139.5084820">
    <ele>40.8</ele>
    <time>2023-10-28T23:07:39Z</time>
   </trkpt>
   <trkpt lat="35.5490940" lon="139.5084610">
    <ele>40.8</ele>
    <time>2023-10-28T23:07:40Z</time>
   </trkpt>
   <trkpt lat="35.5491040" lon="139.5084510">
    <ele>40.8</ele>
    <time>2023-10-28T23:07:41Z</time>
   </trkpt>
   <trkpt lat="35.5491240" lon="139.5084270">
    <ele>40.8</ele>
    <time>2023-10-28T23:07:42Z</time>
   </trkpt>
   <trkpt lat="35.5491580" lon="139.5083920">
    <ele>40.9</ele>
    <time>2023-10-28T23:07:43Z</time>
   </trkpt>
   <trkpt lat="35.5491760" lon="139.5083830">
    <ele>40.9</ele>
    <time>2023-10-28T23:07:44Z</time>
   </trkpt>
   <trkpt lat="35.5492050" lon="139.5083620">
    <ele>40.9</ele>
    <time>2023-10-28T23:07:45Z</time>
   </trkpt>
   <trkpt lat="35.5492310" lon="139.5083400">
    <ele>40.9</ele>
    <time>2023-10-28T23:07:46Z</time>
   </trkpt>
   <trkpt lat="35.5492560" lon="139.5083280">
    <ele>41.0</ele>
    <time>2023-10-28T23:07:47Z</time>
   </trkpt>
   <trkpt lat="35.5492810" lon="139.5083140">
    <ele>41.0</ele>
    <time>2023-10-28T23:07:48Z</time>
   </trkpt>
   <trkpt lat="35.5493100" lon="139.5082850">
    <ele>41.0</ele>
    <time>2023-10-28T23:07:49Z</time>
   </trkpt>
   <trkpt lat="35.5493310" lon="139.5082600">
    <ele>41.0</ele>
    <time>2023-10-28T23:07:50Z</time>
   </trkpt>
   <trkpt lat="35.5493530" lon="139.5082380">
    <ele>41.0</ele>
    <time>2023-10-28T23:07:51Z</time>
   </trkpt>
   <trkpt lat="35.5493910" lon="139.5082330">
    <ele>41.0</ele>
    <time>2023-10-28T23:07:52Z</time>
   </trkpt>
   <trkpt lat="35.5494220" lon="139.5082120">
    <ele>41.0</ele>
    <time>2023-10-28T23:07:53Z</time>
   </trkpt>
   <trkpt lat="35.5494330" lon="139.5082070">
    <ele>41.0</ele>
    <time>2023-10-28T23:07:54Z</time>
   </trkpt>
   <trkpt lat="35.5494710" lon="139.5081830">
    <ele>41.0</ele>
    <time>2023-10-28T23:07:55Z</time>
   </trkpt>
   <trkpt lat="35.5494870" lon="139.5081750">
    <ele>41.0</ele>
    <time>2023-10-28T23:07:56Z</time>
   </trkpt>
   <trkpt lat="35.5495270" lon="139.5081500">
    <ele>41.0</ele>
    <time>2023-10-28T23:07:57Z</time>
   </trkpt>
   <trkpt lat="35.5495440" lon="139.5081390">
    <ele>41.0</ele>
    <time>2023-10-28T23:07:58Z</time>
   </trkpt>
   <trkpt lat="35.5495720" lon="139.5081050">
    <ele>41.0</ele>
    <time>2023-10-28T23:07:59Z</time>
   </trkpt>
   <trkpt lat="35.5495770" lon="139.5080880">
    <ele>41.0</ele>
    <time>2023-10-28T23:08:00Z</time>
   </trkpt>
   <trkpt lat="35.5496100" lon="139.5080700">
    <ele>41.0</ele>
    <time>2023-10-28T23:08:01Z</time>
   </trkpt>
   <trkpt lat="35.5496380" lon="139.5080600">
    <ele>41.0</ele>
    <time>2023-10-28T23:08:02Z</time>
   </trkpt>
   <trkpt lat="35.5496720" lon="139.5080500">
    <ele>41.0</ele>
    <time>2023-10-28T23:08:03Z</time>
   </trkpt>
   <trkpt lat="35.5496850" lon="139.5080440">
    <ele>41.0</ele>
    <time>2023-10-28T23:08:04Z</time>
   </trkpt>
   <trkpt lat="35.5497030" lon="139.5080180">
    <ele>41.0</ele>
    <time>2023-10-28T23:08:05Z</time>
   </trkpt>
   <trkpt lat="35.5497350" lon="139.5080000">
    <ele>41.0</ele>
    <time>2023-10-28T23:08:06Z</time>
   </trkpt>
   <trkpt lat="35.5497440" lon="139.5079940">
    <ele>41.0</ele>
    <time>2023-10-28T23:08:07Z</time>
   </trkpt>
   <trkpt lat="35.5497650" lon="139.5079720">
    <ele>41.0</ele>
    <time>2023-10-28T23:08:08Z</time>
   </trkpt>
   <trkpt lat="35.5497750" lon="139.5079660">
    <ele>41.0</ele>
    <time>2023-10-28T23:08:09Z</time>
   </trkpt>
   <trkpt lat="35.5498050" lon="139.5079480">
    <ele>41.0</ele>
    <time>2023-10-28T23:08:10Z</time>
   </trkpt>
   <trkpt lat="35.5498160" lon="139.5079420">
    <ele>41.0</ele>
    <time>2023-10-28T23:08:11Z</time>
   </trkpt>
   <trkpt lat="35.5498500" lon="139.5079380">
    <ele>41.0</ele>
    <time>2023-10-28T23:08:12Z</time>
   </trkpt>
   <trkpt lat="35.5498760" lon="139.5079250">
    <ele>41.0</ele>
    <time>2023-10-28T23:08:13Z</time>
   </trkpt>
   <trkpt lat="35.5499130" lon="139.5079090">
    <ele>41.0</ele>
    <time>2023-10-28T23:08:14Z</time>
   </trkpt>
   <trkpt lat="35.5499240" lon="139.5079030">
    <ele>41.0</ele>
    <time>2023-10-28T23:08:15Z</time>
   </trkpt>
   <trkpt lat="35.5499460" lon="139.5078850">
    <ele>41.0</ele>
    <time>2023-10-28T23:08:16Z</time>
   </trkpt>
   <trkpt lat="35.5499710" lon="139.5078720">
    <ele>41.0</ele>
    <time>2023-10-28T23:08:18Z</time>
   </trkpt>
   <trkpt lat="35.5500020" lon="139.5078520">
    <ele>41.0</ele>
    <time>2023-10-28T23:08:19Z</time>
   </trkpt>
   <trkpt lat="35.5500310" lon="139.5078410">
    <ele>41.0</ele>
    <time>2023-10-28T23:08:20Z</time>
   </trkpt>
   <trkpt lat="35.5500630" lon="139.5078210">
    <ele>41.1</ele>
    <time>2023-10-28T23:08:21Z</time>
   </trkpt>
   <trkpt lat="35.5500710" lon="139.5078070">
    <ele>41.1</ele>
    <time>2023-10-28T23:08:22Z</time>
   </trkpt>
   <trkpt lat="35.5500940" lon="139.5077800">
    <ele>41.1</ele>
    <time>2023-10-28T23:08:23Z</time>
   </trkpt>
   <trkpt lat="35.5501040" lon="139.5077730">
    <ele>41.1</ele>
    <time>2023-10-28T23:08:24Z</time>
   </trkpt>
   <trkpt lat="35.5501300" lon="139.5077600">
    <ele>41.1</ele>
    <time>2023-10-28T23:08:25Z</time>
   </trkpt>
   <trkpt lat="35.5501650" lon="139.5077480">
    <ele>41.2</ele>
    <time>2023-10-28T23:08:26Z</time>
   </trkpt>
   <trkpt lat="35.5501770" lon="139.5077440">
    <ele>41.2</ele>
    <time>2023-10-28T23:08:27Z</time>
   </trkpt>
   <trkpt lat="35.5502080" lon="139.5077130">
    <ele>41.2</ele>
    <time>2023-10-28T23:08:28Z</time>
   </trkpt>
   <trkpt lat="35.5502180" lon="139.5077000">
    <ele>41.3</ele>
    <time>2023-10-28T23:08:29Z</time>
   </trkpt>
   <trkpt lat="35.5502510" lon="139.5076890">
    <ele>41.3</ele>
    <time>2023-10-28T23:08:30Z</time>
   </trkpt>
   <trkpt lat="35.5502620" lon="139.5076770">
    <ele>41.3</ele>
    <time>2023-10-28T23:08:31Z</time>
   </trkpt>
   <trkpt lat="35.5502950" lon="139.5076670">
    <ele>41.3</ele>
    <time>2023-10-28T23:08:32Z</time>
   </trkpt>
   <trkpt lat="35.5503300" lon="139.5076680">
    <ele>41.4</ele>
    <time>2023-10-28T23:08:33Z</time>
   </trkpt>
   <trkpt lat="35.5503560" lon="139.5076390">
    <ele>41.4</ele>
    <time>2023-10-28T23:08:34Z</time>
   </trkpt>
   <trkpt lat="35.5503680" lon="139.5076330">
    <ele>41.5</ele>
    <time>2023-10-28T23:08:35Z</time>
   </trkpt>
   <trkpt lat="35.5503890" lon="139.5076060">
    <ele>41.5</ele>
    <time>2023-10-28T23:08:36Z</time>
   </trkpt>
   <trkpt lat="35.5504120" lon="139.5075860">
    <ele>41.6</ele>
    <time>2023-10-28T23:08:37Z</time>
   </trkpt>
   <trkpt lat="35.5504430" lon="139.5075670">
    <ele>41.6</ele>
    <time>2023-10-28T23:08:38Z</time>
   </trkpt>
   <trkpt lat="35.5504510" lon="139.5075620">
    <ele>41.6</ele>
    <time>2023-10-28T23:08:39Z</time>
   </trkpt>
   <trkpt lat="35.5504850" lon="139.5075600">
    <ele>41.7</ele>
    <time>2023-10-28T23:08:40Z</time>
   </trkpt>
   <trkpt lat="35.5505000" lon="139.5075560">
    <ele>41.7</ele>
    <time>2023-10-28T23:08:41Z</time>
   </trkpt>
   <trkpt lat="35.5505310" lon="139.5075560">
    <ele>41.8</ele>
    <time>2023-10-28T23:08:42Z</time>
   </trkpt>
   <trkpt lat="35.5505410" lon="139.5075580">
    <ele>41.8</ele>
    <time>2023-10-28T23:08:43Z</time>
   </trkpt>
   <trkpt lat="35.5505540" lon="139.5075520">
    <ele>41.8</ele>
    <time>2023-10-28T23:08:44Z</time>
   </trkpt>
   <trkpt lat="35.5505630" lon="139.5075380">
    <ele>41.9</ele>
    <time>2023-10-28T23:08:45Z</time>
   </trkpt>
   <trkpt lat="35.5505710" lon="139.5075240">
    <ele>41.9</ele>
    <time>2023-10-28T23:08:46Z</time>
   </trkpt>
   <trkpt lat="35.5506000" lon="139.5074980">
    <ele>42.0</ele>
    <time>2023-10-28T23:08:47Z</time>
   </trkpt>
   <trkpt lat="35.5506310" lon="139.5074870">
    <ele>42.1</ele>
    <time>2023-10-28T23:08:48Z</time>
   </trkpt>
   <trkpt lat="35.5506610" lon="139.5074820">
    <ele>42.2</ele>
    <time>2023-10-28T23:08:49Z</time>
   </trkpt>
   <trkpt lat="35.5506770" lon="139.5074550">
    <ele>42.3</ele>
    <time>2023-10-28T23:08:50Z</time>
   </trkpt>
   <trkpt lat="35.5506860" lon="139.5074460">
    <ele>42.3</ele>
    <time>2023-10-28T23:08:51Z</time>
   </trkpt>
   <trkpt lat="35.5507170" lon="139.5074230">
    <ele>42.4</ele>
    <time>2023-10-28T23:08:52Z</time>
   </trkpt>
   <trkpt lat="35.5507300" lon="139.5074240">
    <ele>42.5</ele>
    <time>2023-10-28T23:08:53Z</time>
   </trkpt>
   <trkpt lat="35.5507610" lon="139.5074050">
    <ele>42.6</ele>
    <time>2023-10-28T23:08:54Z</time>
   </trkpt>
   <trkpt lat="35.5507710" lon="139.5073960">
    <ele>42.7</ele>
    <time>2023-10-28T23:08:55Z</time>
   </trkpt>
   <trkpt lat="35.5508050" lon="139.5073840">
    <ele>42.8</ele>
    <time>2023-10-28T23:08:56Z</time>
   </trkpt>
   <trkpt lat="35.5508160" lon="139.5073820">
    <ele>42.9</ele>
    <time>2023-10-28T23:08:57Z</time>
   </trkpt>
   <trkpt lat="35.5508500" lon="139.5073620">
    <ele>43.1</ele>
    <time>2023-10-28T23:08:58Z</time>
   </trkpt>
   <trkpt lat="35.5508610" lon="139.5073560">
    <ele>43.2</ele>
    <time>2023-10-28T23:08:59Z</time>
   </trkpt>
   <trkpt lat="35.5508860" lon="139.5073340">
    <ele>43.3</ele>
    <time>2023-10-28T23:09:00Z</time>
   </trkpt>
   <trkpt lat="35.5509120" lon="139.5073130">
    <ele>43.5</ele>
    <time>2023-10-28T23:09:01Z</time>
   </trkpt>
   <trkpt lat="35.5509370" lon="139.5072890">
    <ele>43.7</ele>
    <time>2023-10-28T23:09:02Z</time>
   </trkpt>
   <trkpt lat="35.5509440" lon="139.5072850">
    <ele>43.8</ele>
    <time>2023-10-28T23:09:03Z</time>
   </trkpt>
   <trkpt lat="35.5509690" lon="139.5072660">
    <ele>43.9</ele>
    <time>2023-10-28T23:09:04Z</time>
   </trkpt>
   <trkpt lat="35.5509770" lon="139.5072610">
    <ele>44.0</ele>
    <time>2023-10-28T23:09:05Z</time>
   </trkpt>
   <trkpt lat="35.5510050" lon="139.5072520">
    <ele>44.2</ele>
    <time>2023-10-28T23:09:06Z</time>
   </trkpt>
   <trkpt lat="35.5510160" lon="139.5072500">
    <ele>44.3</ele>
    <time>2023-10-28T23:09:07Z</time>
   </trkpt>
   <trkpt lat="35.5510490" lon="139.5072220">
    <ele>44.5</ele>
    <time>2023-10-28T23:09:08Z</time>
   </trkpt>
   <trkpt lat="35.5510620" lon="139.5072100">
    <ele>44.6</ele>
    <time>2023-10-28T23:09:09Z</time>
   </trkpt>
   <trkpt lat="35.5510850" lon="139.5071820">
    <ele>44.8</ele>
    <time>2023-10-28T23:09:10Z</time>
   </trkpt>
   <trkpt lat="35.5511140" lon="139.5071530">
    <ele>45.0</ele>
    <time>2023-10-28T23:09:11Z</time>
   </trkpt>
   <trkpt lat="35.5511230" lon="139.5071450">
    <ele>45.1</ele>
    <time>2023-10-28T23:09:12Z</time>
   </trkpt>
   <trkpt lat="35.5511520" lon="139.5071210">
    <ele>45.3</ele>
    <time>2023-10-28T23:09:13Z</time>
   </trkpt>
   <trkpt lat="35.5511620" lon="139.5071120">
    <ele>45.4</ele>
    <time>2023-10-28T23:09:14Z</time>
   </trkpt>
   <trkpt lat="35.5511890" lon="139.5070890">
    <ele>45.6</ele>
    <time>2023-10-28T23:09:15Z</time>
   </trkpt>
   <trkpt lat="35.5511970" lon="139.5070810">
    <ele>45.6</ele>
    <time>2023-10-28T23:09:16Z</time>
   </trkpt>
   <trkpt lat="35.5512310" lon="139.5070570">
    <ele>45.9</ele>
    <time>2023-10-28T23:09:17Z</time>
   </trkpt>
   <trkpt lat="35.5512440" lon="139.5070510">
    <ele>46.0</ele>
    <time>2023-10-28T23:09:18Z</time>
   </trkpt>
   <trkpt lat="35.5512710" lon="139.5070270">
    <ele>46.2</ele>
    <time>2023-10-28T23:09:19Z</time>
   </trkpt>
   <trkpt lat="35.5512970" lon="139.5070090">
    <ele>46.3</ele>
    <time>2023-10-28T23:09:20Z</time>
   </trkpt>
   <trkpt lat="35.5513060" lon="139.5070040">
    <ele>46.4</ele>
    <time>2023-10-28T23:09:21Z</time>
   </trkpt>
   <trkpt lat="35.5513320" lon="139.5069900">
    <ele>46.5</ele>
    <time>2023-10-28T23:09:22Z</time>
   </trkpt>
   <trkpt lat="35.5513630" lon="139.5069680">
    <ele>46.7</ele>
    <time>2023-10-28T23:09:23Z</time>
   </trkpt>
   <trkpt lat="35.5513700" lon="139.5069620">
    <ele>46.8</ele>
    <time>2023-10-28T23:09:24Z</time>
   </trkpt>
   <trkpt lat="35.5514040" lon="139.5069620">
    <ele>47.0</ele>
    <time>2023-10-28T23:09:25Z</time>
   </trkpt>
   <trkpt lat="35.5514140" lon="139.5069600">
    <ele>47.1</ele>
    <time>2023-10-28T23:09:26Z</time>
   </trkpt>
   <trkpt lat="35.5514470" lon="139.5069510">
    <ele>47.3</ele>
    <time>2023-10-28T23:09:27Z</time>
   </trkpt>
   <trkpt lat="35.5514580" lon="139.5069480">
    <ele>47.4</ele>
    <time>2023-10-28T23:09:28Z</time>
   </trkpt>
   <trkpt lat="35.5514830" lon="139.5069250">
    <ele>47.6</ele>
    <time>2023-10-28T23:09:29Z</time>
   </trkpt>
   <trkpt lat="35.5514920" lon="139.5069190">
    <ele>47.6</ele>
    <time>2023-10-28T23:09:30Z</time>
   </trkpt>
   <trkpt lat="35.5515110" lon="139.5068920">
    <ele>47.8</ele>
    <time>2023-10-28T23:09:31Z</time>
   </trkpt>
   <trkpt lat="35.5515390" lon="139.5068700">
    <ele>48.0</ele>
    <time>2023-10-28T23:09:32Z</time>
   </trkpt>
   <trkpt lat="35.5515510" lon="139.5068680">
    <ele>48.1</ele>
    <time>2023-10-28T23:09:33Z</time>
   </trkpt>
   <trkpt lat="35.5515710" lon="139.5068370">
    <ele>48.3</ele>
    <time>2023-10-28T23:09:34Z</time>
   </trkpt>
   <trkpt lat="35.5515840" lon="139.5068340">
    <ele>48.4</ele>
    <time>2023-10-28T23:09:35Z</time>
   </trkpt>
   <trkpt lat="35.5516120" lon="139.5068220">
    <ele>48.6</ele>
    <time>2023-10-28T23:09:36Z</time>
   </trkpt>
   <trkpt lat="35.5516230" lon="139.5068150">
    <ele>48.7</ele>
    <time>2023-10-28T23:09:37Z</time>
   </trkpt>
   <trkpt lat="35.5516470" lon="139.5067830">
    <ele>48.9</ele>
    <time>2023-10-28T23:09:38Z</time>
   </trkpt>
   <trkpt lat="35.5516570" lon="139.5067750">
    <ele>49.0</ele>
    <time>2023-10-28T23:09:39Z</time>
   </trkpt>
   <trkpt lat="35.5516930" lon="139.5067710">
    <ele>49.2</ele>
    <time>2023-10-28T23:09:40Z</time>
   </trkpt>
   <trkpt lat="35.5517040" lon="139.5067620">
    <ele>49.3</ele>
    <time>2023-10-28T23:09:41Z</time>
   </trkpt>
   <trkpt lat="35.5517330" lon="139.5067400">
    <ele>49.5</ele>
    <time>2023-10-28T23:09:42Z</time>
   </trkpt>
   <trkpt lat="35.5517440" lon="139.5067360">
    <ele>49.6</ele>
    <time>2023-10-28T23:09:43Z</time>
   </trkpt>
   <trkpt lat="35.5517760" lon="139.5067300">
    <ele>49.8</ele>
    <time>2023-10-28T23:09:44Z</time>
   </trkpt>
   <trkpt lat="35.5517870" lon="139.5067290">
    <ele>49.9</ele>
    <time>2023-10-28T23:09:45Z</time>
   </trkpt>
   <trkpt lat="35.5518140" lon="139.5067040">
    <ele>50.1</ele>
    <time>2023-10-28T23:09:46Z</time>
   </trkpt>
   <trkpt lat="35.5518270" lon="139.5066990">
    <ele>50.2</ele>
    <time>2023-10-28T23:09:47Z</time>
   </trkpt>
   <trkpt lat="35.5518600" lon="139.5066770">
    <ele>50.4</ele>
    <time>2023-10-28T23:09:48Z</time>
   </trkpt>
   <trkpt lat="35.5518710" lon="139.5066690">
    <ele>50.5</ele>
    <time>2023-10-28T23:09:49Z</time>
   </trkpt>
   <trkpt lat="35.5519000" lon="139.5066510">
    <ele>50.6</ele>
    <time>2023-10-28T23:09:50Z</time>
   </trkpt>
   <trkpt lat="35.5519290" lon="139.5066260">
    <ele>50.8</ele>
    <time>2023-10-28T23:09:51Z</time>
   </trkpt>
   <trkpt lat="35.5519390" lon="139.5066200">
    <ele>50.9</ele>
    <time>2023-10-28T23:09:52Z</time>
   </trkpt>
   <trkpt lat="35.5519650" lon="139.5066090">
    <ele>51.1</ele>
    <time>2023-10-28T23:09:53Z</time>
   </trkpt>
   <trkpt lat="35.5519980" lon="139.5065880">
    <ele>51.3</ele>
    <time>2023-10-28T23:09:54Z</time>
   </trkpt>
   <trkpt lat="35.5520110" lon="139.5065820">
    <ele>51.3</ele>
    <time>2023-10-28T23:09:55Z</time>
   </trkpt>
   <trkpt lat="35.5520360" lon="139.5065610">
    <ele>51.5</ele>
    <time>2023-10-28T23:09:56Z</time>
   </trkpt>
   <trkpt lat="35.5520690" lon="139.5065480">
    <ele>51.6</ele>
    <time>2023-10-28T23:09:57Z</time>
   </trkpt>
   <trkpt lat="35.5520780" lon="139.5065420">
    <ele>51.7</ele>
    <time>2023-10-28T23:09:58Z</time>
   </trkpt>
   <trkpt lat="35.5521120" lon="139.5065240">
    <ele>51.9</ele>
    <time>2023-10-28T23:09:59Z</time>
   </trkpt>
   <trkpt lat="35.5521240" lon="139.5065190">
    <ele>51.9</ele>
    <time>2023-10-28T23:10:00Z</time>
   </trkpt>
   <trkpt lat="35.5521460" lon="139.5064990">
    <ele>52.1</ele>
    <time>2023-10-28T23:10:01Z</time>
   </trkpt>
   <trkpt lat="35.5521530" lon="139.5064870">
    <ele>52.1</ele>
    <time>2023-10-28T23:10:02Z</time>
   </trkpt>
   <trkpt lat="35.5521860" lon="139.5064650">
    <ele>52.3</ele>
    <time>2023-10-28T23:10:03Z</time>
   </trkpt>
   <trkpt lat="35.5521990" lon="139.5064580">
    <ele>52.3</ele>
    <time>2023-10-28T23:10:04Z</time>
   </trkpt>
   <trkpt lat="35.5522330" lon="139.5064380">
    <ele>52.5</ele>
    <time>2023-10-28T23:10:05Z</time>
   </trkpt>
   <trkpt lat="35.5522440" lon="139.5064270">
    <ele>52.5</ele>
    <time>2023-10-28T23:10:06Z</time>
   </trkpt>
   <trkpt lat="35.5522790" lon="139.5064090">
    <ele>52.6</ele>
    <time>2023-10-28T23:10:07Z</time>
   </trkpt>
   <trkpt lat="35.5522880" lon="139.5064010">
    <ele>52.7</ele>
    <time>2023-10-28T23:10:08Z</time>
   </trkpt>
   <trkpt lat="35.5523180" lon="139.5063790">
    <ele>52.8</ele>
    <time>2023-10-28T23:10:09Z</time>
   </trkpt>
   <trkpt lat="35.5523260" lon="139.5063630">
    <ele>52.8</ele>
    <time>2023-10-28T23:10:10Z</time>
   </trkpt>
   <trkpt lat="35.5523570" lon="139.5063340">
    <ele>53.0</ele>
    <time>2023-10-28T23:10:11Z</time>
   </trkpt>
   <trkpt lat="35.5523710" lon="139.5063280">
    <ele>53.0</ele>
    <time>2023-10-28T23:10:12Z</time>
   </trkpt>
   <trkpt lat="35.5524000" lon="139.5063000">
    <ele>53.1</ele>
    <time>2023-10-28T23:10:13Z</time>
   </trkpt>
   <trkpt lat="35.5524100" lon="139.5062920">
    <ele>53.2</ele>
    <time>2023-10-28T23:10:14Z</time>
   </trkpt>
   <trkpt lat="35.5524450" lon="139.5062770">
    <ele>53.3</ele>
    <time>2023-10-28T23:10:15Z</time>
   </trkpt>
   <trkpt lat="35.5524560" lon="139.5062660">
    <ele>53.4</ele>
    <time>2023-10-28T23:10:16Z</time>
   </trkpt>
   <trkpt lat="35.5524760" lon="139.5062380">
    <ele>53.5</ele>
    <time>2023-10-28T23:10:17Z</time>
   </trkpt>
   <trkpt lat="35.5525060" lon="139.5062220">
    <ele>53.6</ele>
    <time>2023-10-28T23:10:18Z</time>
   </trkpt>
   <trkpt lat="35.5525370" lon="139.5061950">
    <ele>53.7</ele>
    <time>2023-10-28T23:10:19Z</time>
   </trkpt>
   <trkpt lat="35.5525470" lon="139.5061880">
    <ele>53.8</ele>
    <time>2023-10-28T23:10:20Z</time>
   </trkpt>
   <trkpt lat="35.5525710" lon="139.5061660">
    <ele>53.9</ele>
    <time>2023-10-28T23:10:21Z</time>
   </trkpt>
   <trkpt lat="35.5525800" lon="139.5061510">
    <ele>54.0</ele>
    <time>2023-10-28T23:10:22Z</time>
   </trkpt>
   <trkpt lat="35.5526110" lon="139.5061220">
    <ele>54.1</ele>
    <time>2023-10-28T23:10:24Z</time>
   </trkpt>
   <trkpt lat="35.5526220" lon="139.5061110">
    <ele>54.2</ele>
    <time>2023-10-28T23:10:25Z</time>
   </trkpt>
   <trkpt lat="35.5526440" lon="139.5060820">
    <ele>54.3</ele>
    <time>2023-10-28T23:10:26Z</time>
   </trkpt>
   <trkpt lat="35.5526500" lon="139.5060690">
    <ele>54.3</ele>
    <time>2023-10-28T23:10:27Z</time>
   </trkpt>
   <trkpt lat="35.5526750" lon="139.5060350">
    <ele>54.5</ele>
    <time>2023-10-28T23:10:28Z</time>
   </trkpt>
   <trkpt lat="35.5526870" lon="139.5060240">
    <ele>54.5</ele>
    <time>2023-10-28T23:10:29Z</time>
   </trkpt>
   <trkpt lat="35.5527160" lon="139.5059980">
    <ele>54.6</ele>
    <time>2023-10-28T23:10:30Z</time>
   </trkpt>
   <trkpt lat="35.5527310" lon="139.5059680">
    <ele>54.7</ele>
    <time>2023-10-28T23:10:31Z</time>
   </trkpt>
   <trkpt lat="35.5527600" lon="139.5059370">
    <ele>54.8</ele>
    <time>2023-10-28T23:10:32Z</time>
   </trkpt>
   <trkpt lat="35.5527660" lon="139.5059210">
    <ele>54.9</ele>
    <time>2023-10-28T23:10:33Z</time>
   </trkpt>
   <trkpt lat="35.5527930" lon="139.5058940">
    <ele>54.9</ele>
    <time>2023-10-28T23:10:34Z</time>
   </trkpt>
   <trkpt lat="35.5528050" lon="139.5058880">
    <ele>55.0</ele>
    <time>2023-10-28T23:10:35Z</time>
   </trkpt>
   <trkpt lat="35.5528350" lon="139.5058620">
    <ele>55.1</ele>
    <time>2023-10-28T23:10:36Z</time>
   </trkpt>
   <trkpt lat="35.5528430" lon="139.5058490">
    <ele>55.1</ele>
    <time>2023-10-28T23:10:37Z</time>
   </trkpt>
   <trkpt lat="35.5528680" lon="139.5058160">
    <ele>55.1</ele>
    <time>2023-10-28T23:10:38Z</time>
   </trkpt>
   <trkpt lat="35.5528780" lon="139.5058060">
    <ele>55.2</ele>
    <time>2023-10-28T23:10:39Z</time>
   </trkpt>
   <trkpt lat="35.5529000" lon="139.5057790">
    <ele>55.2</ele>
    <time>2023-10-28T23:10:40Z</time>
   </trkpt>
   <trkpt lat="35.5529170" lon="139.5057510">
    <ele>55.3</ele>
    <time>2023-10-28T23:10:41Z</time>
   </trkpt>
   <trkpt lat="35.5529440" lon="139.5057190">
    <ele>55.4</ele>
    <time>2023-10-28T23:10:42Z</time>
   </trkpt>
   <trkpt lat="35.5529510" lon="139.5057090">
    <ele>55.4</ele>
    <time>2023-10-28T23:10:43Z</time>
   </trkpt>
   <trkpt lat="35.5529850" lon="139.5056760">
    <ele>55.5</ele>
    <time>2023-10-28T23:10:44Z</time>
   </trkpt>
   <trkpt lat="35.5530020" lon="139.5056620">
    <ele>55.5</ele>
    <time>2023-10-28T23:10:45Z</time>
   </trkpt>
   <trkpt lat="35.5530300" lon="139.5056320">
    <ele>55.6</ele>
    <time>2023-10-28T23:10:46Z</time>
   </trkpt>
   <trkpt lat="35.5530450" lon="139.5055950">
    <ele>55.7</ele>
    <time>2023-10-28T23:10:47Z</time>
   </trkpt>
   <trkpt lat="35.5530470" lon="139.5055780">
    <ele>55.7</ele>
    <time>2023-10-28T23:10:48Z</time>
   </trkpt>
   <trkpt lat="35.5530650" lon="139.5055400">
    <ele>55.7</ele>
    <time>2023-10-28T23:10:49Z</time>
   </trkpt>
   <trkpt lat="35.5530700" lon="139.5055300">
    <ele>55.8</ele>
    <time>2023-10-28T23:10:50Z</time>
   </trkpt>
   <trkpt lat="35.5530940" lon="139.5055120">
    <ele>55.8</ele>
    <time>2023-10-28T23:10:51Z</time>
   </trkpt>
   <trkpt lat="35.5531210" lon="139.5054880">
    <ele>55.8</ele>
    <time>2023-10-28T23:10:52Z</time>
   </trkpt>
   <trkpt lat="35.5531510" lon="139.5054510">
    <ele>55.9</ele>
    <time>2023-10-28T23:10:53Z</time>
   </trkpt>
   <trkpt lat="35.5531640" lon="139.5054370">
    <ele>55.9</ele>
    <time>2023-10-28T23:10:54Z</time>
   </trkpt>
   <trkpt lat="35.5531900" lon="139.5054150">
    <ele>56.0</ele>
    <time>2023-10-28T23:10:55Z</time>
   </trkpt>
   <trkpt lat="35.5532210" lon="139.5053700">
    <ele>56.0</ele>
    <time>2023-10-28T23:10:56Z</time>
   </trkpt>
   <trkpt lat="35.5532430" lon="139.5053470">
    <ele>56.1</ele>
    <time>2023-10-28T23:10:57Z</time>
   </trkpt>
   <trkpt lat="35.5532630" lon="139.5053170">
    <ele>56.1</ele>
    <time>2023-10-28T23:10:58Z</time>
   </trkpt>
   <trkpt lat="35.5532710" lon="139.5052990">
    <ele>56.1</ele>
    <time>2023-10-28T23:10:59Z</time>
   </trkpt>
   <trkpt lat="35.5532900" lon="139.5052690">
    <ele>56.2</ele>
    <time>2023-10-28T23:11:00Z</time>
   </trkpt>
   <trkpt lat="35.5533160" lon="139.5052350">
    <ele>56.3</ele>
    <time>2023-10-28T23:11:01Z</time>
   </trkpt>
   <trkpt lat="35.5533280" lon="139.5052220">
    <ele>56.3</ele>
    <time>2023-10-28T23:11:02Z</time>
   </trkpt>
   <trkpt lat="35.5533580" lon="139.5051940">
    <ele>56.4</ele>
    <time>2023-10-28T23:11:03Z</time>
   </trkpt>
   <trkpt lat="35.5533670" lon="139.5051810">
    <ele>56.4</ele>
    <time>2023-10-28T23:11:04Z</time>
   </trkpt>
   <trkpt lat="35.5533750" lon="139.5051430">
    <ele>56.4</ele>
    <time>2023-10-28T23:11:05Z</time>
   </trkpt>
   <trkpt lat="35.5533950" lon="139.5051050">
    <ele>56.5</ele>
    <time>2023-10-28T23:11:06Z</time>
   </trkpt>
   <trkpt lat="35.5534090" lon="139.5050710">
    <ele>56.5</ele>
    <time>2023-10-28T23:11:07Z</time>
   </trkpt>
   <trkpt lat="35.5534260" lon="139.5050330">
    <ele>56.6</ele>
    <time>2023-10-28T23:11:08Z</time>
   </trkpt>
   <trkpt lat="35.5534290" lon="139.5050190">
    <ele>56.6</ele>
    <time>2023-10-28T23:11:09Z</time>
   </trkpt>
   <trkpt lat="35.5534390" lon="139.5049740">
    <ele>56.6</ele>
    <time>2023-10-28T23:11:10Z</time>
   </trkpt>
   <trkpt lat="35.5534440" lon="139.5049570">
    <ele>56.6</ele>
    <time>2023-10-28T23:11:11Z</time>
   </trkpt>
   <trkpt lat="35.5534510" lon="139.5049160">
    <ele>56.7</ele>
    <time>2023-10-28T23:11:12Z</time>
   </trkpt>
   <trkpt lat="35.5534530" lon="139.5049000">
    <ele>56.7</ele>
    <time>2023-10-28T23:11:13Z</time>
   </trkpt>
   <trkpt lat="35.5534820" lon="139.5048570">
    <ele>56.9</ele>
    <time>2023-10-28T23:11:14Z</time>
   </trkpt>
   <trkpt lat="35.5534990" lon="139.5048420">
    <ele>57.1</ele>
    <time>2023-10-28T23:11:15Z</time>
   </trkpt>
   <trkpt lat="35.5535380" lon="139.5048070">
    <ele>57.1</ele>
    <time>2023-10-28T23:11:16Z</time>
   </trkpt>
   <trkpt lat="35.5535550" lon="139.5047770">
    <ele>57.2</ele>
    <time>2023-10-28T23:11:17Z</time>
   </trkpt>
   <trkpt lat="35.5535610" lon="139.5047660">
    <ele>57.3</ele>
    <time>2023-10-28T23:11:18Z</time>
   </trkpt>
   <trkpt lat="35.5535760" lon="139.5047370">
    <ele>57.3</ele>
    <time>2023-10-28T23:11:19Z</time>
   </trkpt>
   <trkpt lat="35.5535810" lon="139.5046970">
    <ele>57.4</ele>
    <time>2023-10-28T23:11:20Z</time>
   </trkpt>
   <trkpt lat="35.5535900" lon="139.5046570">
    <ele>57.4</ele>
    <time>2023-10-28T23:11:21Z</time>
   </trkpt>
   <trkpt lat="35.5535940" lon="139.5046410">
    <ele>57.4</ele>
    <time>2023-10-28T23:11:22Z</time>
   </trkpt>
   <trkpt lat="35.5536100" lon="139.5046070">
    <ele>57.5</ele>
    <time>2023-10-28T23:11:23Z</time>
   </trkpt>
   <trkpt lat="35.5536140" lon="139.5045920">
    <ele>57.5</ele>
    <time>2023-10-28T23:11:24Z</time>
   </trkpt>
   <trkpt lat="35.5536330" lon="139.5045640">
    <ele>57.5</ele>
    <time>2023-10-28T23:11:25Z</time>
   </trkpt>
   <trkpt lat="35.5536500" lon="139.5045340">
    <ele>57.6</ele>
    <time>2023-10-28T23:11:26Z</time>
   </trkpt>
   <trkpt lat="35.5536620" lon="139.5044920">
    <ele>57.6</ele>
    <time>2023-10-28T23:11:27Z</time>
   </trkpt>
   <trkpt lat="35.5536640" lon="139.5044800">
    <ele>57.6</ele>
    <time>2023-10-28T23:11:28Z</time>
   </trkpt>
   <trkpt lat="35.5536750" lon="139.5044470">
    <ele>57.7</ele>
    <time>2023-10-28T23:11:29Z</time>
   </trkpt>
   <trkpt lat="35.5536680" lon="139.5044120">
    <ele>57.7</ele>
    <time>2023-10-28T23:11:30Z</time>
   </trkpt>
   <trkpt lat="35.5536840" lon="139.5043800">
    <ele>57.8</ele>
    <time>2023-10-28T23:11:31Z</time>
   </trkpt>
   <trkpt lat="35.5536930" lon="139.5043470">
    <ele>57.8</ele>
    <time>2023-10-28T23:11:32Z</time>
   </trkpt>
   <trkpt lat="35.5537150" lon="139.5043180">
    <ele>57.9</ele>
    <time>2023-10-28T23:11:33Z</time>
   </trkpt>
   <trkpt lat="35.5537240" lon="139.5042780">
    <ele>57.9</ele>
    <time>2023-10-28T23:11:34Z</time>
   </trkpt>
   <trkpt lat="35.5537290" lon="139.5042640">
    <ele>58.0</ele>
    <time>2023-10-28T23:11:35Z</time>
   </trkpt>
   <trkpt lat="35.5537430" lon="139.5042350">
    <ele>58.0</ele>
    <time>2023-10-28T23:11:36Z</time>
   </trkpt>
   <trkpt lat="35.5537500" lon="139.5042010">
    <ele>58.1</ele>
    <time>2023-10-28T23:11:37Z</time>
   </trkpt>
   <trkpt lat="35.5537420" lon="139.5041550">
    <ele>58.1</ele>
    <time>2023-10-28T23:11:38Z</time>
   </trkpt>
   <trkpt lat="35.5537390" lon="139.5041380">
    <ele>58.1</ele>
    <time>2023-10-28T23:11:39Z</time>
   </trkpt>
   <trkpt lat="35.5537480" lon="139.5040990">
    <ele>58.2</ele>
    <time>2023-10-28T23:11:40Z</time>
   </trkpt>
   <trkpt lat="35.5537470" lon="139.5040650">
    <ele>58.2</ele>
    <time>2023-10-28T23:11:41Z</time>
   </trkpt>
   <trkpt lat="35.5537710" lon="139.5040350">
    <ele>58.3</ele>
    <time>2023-10-28T23:11:42Z</time>
   </trkpt>
   <trkpt lat="35.5537910" lon="139.5039990">
    <ele>58.4</ele>
    <time>2023-10-28T23:11:43Z</time>
   </trkpt>
   <trkpt lat="35.5538100" lon="139.5039640">
    <ele>58.4</ele>
    <time>2023-10-28T23:11:44Z</time>
   </trkpt>
   <trkpt lat="35.5538260" lon="139.5039160">
    <ele>58.4</ele>
    <time>2023-10-28T23:11:45Z</time>
   </trkpt>
   <trkpt lat="35.5538330" lon="139.5038950">
    <ele>58.4</ele>
    <time>2023-10-28T23:11:46Z</time>
   </trkpt>
   <trkpt lat="35.5538420" lon="139.5038500">
    <ele>58.4</ele>
    <time>2023-10-28T23:11:47Z</time>
   </trkpt>
   <trkpt lat="35.5538480" lon="139.5038370">
    <ele>58.5</ele>
    <time>2023-10-28T23:11:48Z</time>
   </trkpt>
   <trkpt lat="35.5538430" lon="139.5038040">
    <ele>58.5</ele>
    <time>2023-10-28T23:11:49Z</time>
   </trkpt>
   <trkpt lat="35.5538550" lon="139.5037700">
    <ele>58.5</ele>
    <time>2023-10-28T23:11:50Z</time>
   </trkpt>
   <trkpt lat="35.5538610" lon="139.5037560">
    <ele>58.6</ele>
    <time>2023-10-28T23:11:51Z</time>
   </trkpt>
   <trkpt lat="35.5538600" lon="139.5037140">
    <ele>58.6</ele>
    <time>2023-10-28T23:11:52Z</time>
   </trkpt>
   <trkpt lat="35.5538650" lon="139.5036720">
    <ele>58.7</ele>
    <time>2023-10-28T23:11:53Z</time>
   </trkpt>
   <trkpt lat="35.5538770" lon="139.5036340">
    <ele>58.7</ele>
    <time>2023-10-28T23:11:54Z</time>
   </trkpt>
   <trkpt lat="35.5538900" lon="139.5036020">
    <ele>58.7</ele>
    <time>2023-10-28T23:11:55Z</time>
   </trkpt>
   <trkpt lat="35.5539060" lon="139.5035560">
    <ele>58.8</ele>
    <time>2023-10-28T23:11:56Z</time>
   </trkpt>
   <trkpt lat="35.5539110" lon="139.5035390">
    <ele>58.8</ele>
    <time>2023-10-28T23:11:57Z</time>
   </trkpt>
   <trkpt lat="35.5539120" lon="139.5035000">
    <ele>58.8</ele>
    <time>2023-10-28T23:11:58Z</time>
   </trkpt>
   <trkpt lat="35.5539300" lon="139.5034640">
    <ele>58.9</ele>
    <time>2023-10-28T23:11:59Z</time>
   </trkpt>
   <trkpt lat="35.5539460" lon="139.5034230">
    <ele>58.9</ele>
    <time>2023-10-28T23:12:00Z</time>
   </trkpt>
   <trkpt lat="35.5539510" lon="139.5034090">
    <ele>58.9</ele>
    <time>2023-10-28T23:12:01Z</time>
   </trkpt>
   <trkpt lat="35.5539580" lon="139.5033700">
    <ele>59.0</ele>
    <time>2023-10-28T23:12:02Z</time>
   </trkpt>
   <trkpt lat="35.5539610" lon="139.5033570">
    <ele>59.0</ele>
    <time>2023-10-28T23:12:03Z</time>
   </trkpt>
   <trkpt lat="35.5539780" lon="139.5033160">
    <ele>59.0</ele>
    <time>2023-10-28T23:12:04Z</time>
   </trkpt>
   <trkpt lat="35.5539770" lon="139.5032790">
    <ele>59.0</ele>
    <time>2023-10-28T23:12:05Z</time>
   </trkpt>
   <trkpt lat="35.5539850" lon="139.5032390">
    <ele>59.0</ele>
    <time>2023-10-28T23:12:06Z</time>
   </trkpt>
   <trkpt lat="35.5539880" lon="139.5032260">
    <ele>59.0</ele>
    <time>2023-10-28T23:12:07Z</time>
   </trkpt>
   <trkpt lat="35.5539900" lon="139.5031870">
    <ele>59.0</ele>
    <time>2023-10-28T23:12:08Z</time>
   </trkpt>
   <trkpt lat="35.5539950" lon="139.5031730">
    <ele>59.0</ele>
    <time>2023-10-28T23:12:09Z</time>
   </trkpt>
   <trkpt lat="35.5539990" lon="139.5031350">
    <ele>59.0</ele>
    <time>2023-10-28T23:12:10Z</time>
   </trkpt>
   <trkpt lat="35.5539960" lon="139.5031210">
    <ele>59.0</ele>
    <time>2023-10-28T23:12:11Z</time>
   </trkpt>
   <trkpt lat="35.5539980" lon="139.5030860">
    <ele>59.0</ele>
    <time>2023-10-28T23:12:12Z</time>
   </trkpt>
   <trkpt lat="35.5539980" lon="139.5030630">
    <ele>59.0</ele>
    <time>2023-10-28T23:12:13Z</time>
   </trkpt>
   <trkpt lat="35.5540010" lon="139.5030500">
    <ele>59.0</ele>
    <time>2023-10-28T23:12:14Z</time>
   </trkpt>
   <trkpt lat="35.5540070" lon="139.5029850">
    <ele>59.0</ele>
    <time>2023-10-28T23:12:15Z</time>
   </trkpt>
   <trkpt lat="35.5540140" lon="139.5029300">
    <ele>59.0</ele>
    <time>2023-10-28T23:12:22Z</time>
   </trkpt>
   <trkpt lat="35.5540210" lon="139.5028750">
    <ele>59.0</ele>
    <time>2023-10-28T23:12:23Z</time>
   </trkpt>
   <trkpt lat="35.5540260" lon="139.5028260">
    <ele>59.0</ele>
    <time>2023-10-28T23:12:24Z</time>
   </trkpt>
   <trkpt lat="35.5540270" lon="139.5028100">
    <ele>58.9</ele>
    <time>2023-10-28T23:12:25Z</time>
   </trkpt>
   <trkpt lat="35.5540220" lon="139.5027730">
    <ele>58.9</ele>
    <time>2023-10-28T23:12:26Z</time>
   </trkpt>
   <trkpt lat="35.5540420" lon="139.5027370">
    <ele>58.9</ele>
    <time>2023-10-28T23:12:27Z</time>
   </trkpt>
   <trkpt lat="35.5540530" lon="139.5027080">
    <ele>58.8</ele>
    <time>2023-10-28T23:12:28Z</time>
   </trkpt>
   <trkpt lat="35.5540570" lon="139.5026760">
    <ele>58.8</ele>
    <time>2023-10-28T23:12:30Z</time>
   </trkpt>
   <trkpt lat="35.5540580" lon="139.5026370">
    <ele>58.7</ele>
    <time>2023-10-28T23:12:31Z</time>
   </trkpt>
   <trkpt lat="35.5540630" lon="139.5026030">
    <ele>58.7</ele>
    <time>2023-10-28T23:12:32Z</time>
   </trkpt>
   <trkpt lat="35.5540740" lon="139.5025600">
    <ele>58.6</ele>
    <time>2023-10-28T23:12:33Z</time>
   </trkpt>
   <trkpt lat="35.5540780" lon="139.5025440">
    <ele>58.6</ele>
    <time>2023-10-28T23:12:34Z</time>
   </trkpt>
   <trkpt lat="35.5540800" lon="139.5025090">
    <ele>58.6</ele>
    <time>2023-10-28T23:12:35Z</time>
   </trkpt>
   <trkpt lat="35.5540860" lon="139.5024630">
    <ele>58.5</ele>
    <time>2023-10-28T23:12:36Z</time>
   </trkpt>
   <trkpt lat="35.5540890" lon="139.5024490">
    <ele>58.5</ele>
    <time>2023-10-28T23:12:37Z</time>
   </trkpt>
   <trkpt lat="35.5540970" lon="139.5024160">
    <ele>58.5</ele>
    <time>2023-10-28T23:12:38Z</time>
   </trkpt>
   <trkpt lat="35.5541010" lon="139.5023820">
    <ele>58.4</ele>
    <time>2023-10-28T23:12:39Z</time>
   </trkpt>
   <trkpt lat="35.5540980" lon="139.5023480">
    <ele>58.4</ele>
    <time>2023-10-28T23:12:40Z</time>
   </trkpt>
   <trkpt lat="35.5541020" lon="139.5023140">
    <ele>58.3</ele>
    <time>2023-10-28T23:12:41Z</time>
   </trkpt>
   <trkpt lat="35.5541130" lon="139.5022720">
    <ele>58.2</ele>
    <time>2023-10-28T23:12:42Z</time>
   </trkpt>
   <trkpt lat="35.5541150" lon="139.5022600">
    <ele>58.2</ele>
    <time>2023-10-28T23:12:43Z</time>
   </trkpt>
   <trkpt lat="35.5541260" lon="139.5022280">
    <ele>58.2</ele>
    <time>2023-10-28T23:12:44Z</time>
   </trkpt>
   <trkpt lat="35.5541370" lon="139.5021950">
    <ele>58.1</ele>
    <time>2023-10-28T23:12:45Z</time>
   </trkpt>
   <trkpt lat="35.5541430" lon="139.5021620">
    <ele>58.1</ele>
    <time>2023-10-28T23:12:46Z</time>
   </trkpt>
   <trkpt lat="35.5541480" lon="139.5021180">
    <ele>58.0</ele>
    <time>2023-10-28T23:12:47Z</time>
   </trkpt>
   <trkpt lat="35.5541510" lon="139.5020990">
    <ele>58.0</ele>
    <time>2023-10-28T23:12:48Z</time>
   </trkpt>
   <trkpt lat="35.5541600" lon="139.5020500">
    <ele>57.9</ele>
    <time>2023-10-28T23:12:49Z</time>
   </trkpt>
   <trkpt lat="35.5541620" lon="139.5020330">
    <ele>57.9</ele>
    <time>2023-10-28T23:12:50Z</time>
   </trkpt>
   <trkpt lat="35.5541690" lon="139.5020010">
    <ele>57.9</ele>
    <time>2023-10-28T23:12:51Z</time>
   </trkpt>
   <trkpt lat="35.5541740" lon="139.5019670">
    <ele>57.8</ele>
    <time>2023-10-28T23:12:52Z</time>
   </trkpt>
   <trkpt lat="35.5541600" lon="139.5019260">
    <ele>57.8</ele>
    <time>2023-10-28T23:12:53Z</time>
   </trkpt>
   <trkpt lat="35.5541650" lon="139.5018790">
    <ele>57.7</ele>
    <time>2023-10-28T23:12:54Z</time>
   </trkpt>
   <trkpt lat="35.5541720" lon="139.5018590">
    <ele>57.7</ele>
    <time>2023-10-28T23:12:55Z</time>
   </trkpt>
   <trkpt lat="35.5541890" lon="139.5018240">
    <ele>57.6</ele>
    <time>2023-10-28T23:12:56Z</time>
   </trkpt>
   <trkpt lat="35.5542050" lon="139.5017910">
    <ele>57.6</ele>
    <time>2023-10-28T23:12:57Z</time>
   </trkpt>
   <trkpt lat="35.5542070" lon="139.5017450">
    <ele>57.5</ele>
    <time>2023-10-28T23:12:58Z</time>
   </trkpt>
   <trkpt lat="35.5542140" lon="139.5017070">
    <ele>57.4</ele>
    <time>2023-10-28T23:12:59Z</time>
   </trkpt>
   <trkpt lat="35.5542310" lon="139.5016620">
    <ele>57.3</ele>
    <time>2023-10-28T23:13:00Z</time>
   </trkpt>
   <trkpt lat="35.5542390" lon="139.5016490">
    <ele>57.3</ele>
    <time>2023-10-28T23:13:01Z</time>
   </trkpt>
   <trkpt lat="35.5542520" lon="139.5016120">
    <ele>57.3</ele>
    <time>2023-10-28T23:13:02Z</time>
   </trkpt>
   <trkpt lat="35.5542650" lon="139.5015810">
    <ele>57.2</ele>
    <time>2023-10-28T23:13:03Z</time>
   </trkpt>
   <trkpt lat="35.5542530" lon="139.5015330">
    <ele>57.1</ele>
    <time>2023-10-28T23:13:04Z</time>
   </trkpt>
   <trkpt lat="35.5542530" lon="139.5015110">
    <ele>57.1</ele>
    <time>2023-10-28T23:13:05Z</time>
   </trkpt>
   <trkpt lat="35.5542660" lon="139.5014690">
    <ele>57.0</ele>
    <time>2023-10-28T23:13:06Z</time>
   </trkpt>
   <trkpt lat="35.5542740" lon="139.5014560">
    <ele>57.0</ele>
    <time>2023-10-28T23:13:07Z</time>
   </trkpt>
   <trkpt lat="35.5542710" lon="139.5014080">
    <ele>57.0</ele>
    <time>2023-10-28T23:13:08Z</time>
   </trkpt>
   <trkpt lat="35.5542710" lon="139.5013640">
    <ele>56.9</ele>
    <time>2023-10-28T23:13:09Z</time>
   </trkpt>
   <trkpt lat="35.5542790" lon="139.5013270">
    <ele>56.9</ele>
    <time>2023-10-28T23:13:10Z</time>
   </trkpt>
   <trkpt lat="35.5542860" lon="139.5012770">
    <ele>56.8</ele>
    <time>2023-10-28T23:13:11Z</time>
   </trkpt>
   <trkpt lat="35.5542900" lon="139.5012590">
    <ele>56.8</ele>
    <time>2023-10-28T23:13:12Z</time>
   </trkpt>
   <trkpt lat="35.5542950" lon="139.5012270">
    <ele>56.7</ele>
    <time>2023-10-28T23:13:13Z</time>
   </trkpt>
   <trkpt lat="35.5543060" lon="139.5011820">
    <ele>56.7</ele>
    <time>2023-10-28T23:13:14Z</time>
   </trkpt>
   <trkpt lat="35.5543100" lon="139.5011640">
    <ele>56.6</ele>
    <time>2023-10-28T23:13:15Z</time>
   </trkpt>
   <trkpt lat="35.5543180" lon="139.5011320">
    <ele>56.6</ele>
    <time>2023-10-28T23:13:16Z</time>
   </trkpt>
   <trkpt lat="35.5543190" lon="139.5010940">
    <ele>56.5</ele>
    <time>2023-10-28T23:13:17Z</time>
   </trkpt>
   <trkpt lat="35.5543220" lon="139.5010580">
    <ele>56.5</ele>
    <time>2023-10-28T23:13:18Z</time>
   </trkpt>
   <trkpt lat="35.5543330" lon="139.5010240">
    <ele>56.4</ele>
    <time>2023-10-28T23:13:19Z</time>
   </trkpt>
   <trkpt lat="35.5543350" lon="139.5009880">
    <ele>56.4</ele>
    <time>2023-10-28T23:13:20Z</time>
   </trkpt>
   <trkpt lat="35.5543400" lon="139.5009400">
    <ele>56.3</ele>
    <time>2023-10-28T23:13:21Z</time>
   </trkpt>
   <trkpt lat="35.5543440" lon="139.5009240">
    <ele>56.2</ele>
    <time>2023-10-28T23:13:22Z</time>
   </trkpt>
   <trkpt lat="35.5543470" lon="139.5008780">
    <ele>56.2</ele>
    <time>2023-10-28T23:13:23Z</time>
   </trkpt>
   <trkpt lat="35.5543460" lon="139.5008590">
    <ele>56.1</ele>
    <time>2023-10-28T23:13:24Z</time>
   </trkpt>
   <trkpt lat="35.5543490" lon="139.5008230">
    <ele>56.1</ele>
    <time>2023-10-28T23:13:25Z</time>
   </trkpt>
   <trkpt lat="35.5543490" lon="139.5007880">
    <ele>56.0</ele>
    <time>2023-10-28T23:13:26Z</time>
   </trkpt>
   <trkpt lat="35.5543580" lon="139.5007430">
    <ele>56.0</ele>
    <time>2023-10-28T23:13:27Z</time>
   </trkpt>
   <trkpt lat="35.5543620" lon="139.5007270">
    <ele>56.0</ele>
    <time>2023-10-28T23:13:28Z</time>
   </trkpt>
   <trkpt lat="35.5543630" lon="139.5006900">
    <ele>55.9</ele>
    <time>2023-10-28T23:13:29Z</time>
   </trkpt>
   <trkpt lat="35.5543690" lon="139.5006490">
    <ele>55.9</ele>
    <time>2023-10-28T23:13:30Z</time>
   </trkpt>
   <trkpt lat="35.5543680" lon="139.5006320">
    <ele>55.8</ele>
    <time>2023-10-28T23:13:31Z</time>
   </trkpt>
   <trkpt lat="35.5543670" lon="139.5005930">
    <ele>55.8</ele>
    <time>2023-10-28T23:13:32Z</time>
   </trkpt>
   <trkpt lat="35.5543770" lon="139.5005600">
    <ele>55.8</ele>
    <time>2023-10-28T23:13:33Z</time>
   </trkpt>
   <trkpt lat="35.5543900" lon="139.5005290">
    <ele>55.7</ele>
    <time>2023-10-28T23:13:34Z</time>
   </trkpt>
   <trkpt lat="35.5543950" lon="139.5004910">
    <ele>55.7</ele>
    <time>2023-10-28T23:13:35Z</time>
   </trkpt>
   <trkpt lat="35.5544070" lon="139.5004440">
    <ele>55.6</ele>
    <time>2023-10-28T23:13:36Z</time>
   </trkpt>
   <trkpt lat="35.5544100" lon="139.5004280">
    <ele>55.6</ele>
    <time>2023-10-28T23:13:37Z</time>
   </trkpt>
   <trkpt lat="35.5544130" lon="139.5003890">
    <ele>55.6</ele>
    <time>2023-10-28T23:13:38Z</time>
   </trkpt>
   <trkpt lat="35.5544160" lon="139.5003750">
    <ele>55.6</ele>
    <time>2023-10-28T23:13:39Z</time>
   </trkpt>
   <trkpt lat="35.5544320" lon="139.5003280">
    <ele>55.5</ele>
    <time>2023-10-28T23:13:40Z</time>
   </trkpt>
   <trkpt lat="35.5544370" lon="139.5003100">
    <ele>55.5</ele>
    <time>2023-10-28T23:13:41Z</time>
   </trkpt>
   <trkpt lat="35.5544340" lon="139.5002660">
    <ele>55.5</ele>
    <time>2023-10-28T23:13:42Z</time>
   </trkpt>
   <trkpt lat="35.5544310" lon="139.5002530">
    <ele>55.5</ele>
    <time>2023-10-28T23:13:43Z</time>
   </trkpt>
   <trkpt lat="35.5544160" lon="139.5002250">
    <ele>55.5</ele>
    <time>2023-10-28T23:13:44Z</time>
   </trkpt>
   <trkpt lat="35.5544330" lon="139.5001840">
    <ele>55.4</ele>
    <time>2023-10-28T23:13:45Z</time>
   </trkpt>
   <trkpt lat="35.5544520" lon="139.5001350">
    <ele>55.4</ele>
    <time>2023-10-28T23:13:46Z</time>
   </trkpt>
   <trkpt lat="35.5544610" lon="139.5001170">
    <ele>55.4</ele>
    <time>2023-10-28T23:13:47Z</time>
   </trkpt>
   <trkpt lat="35.5544630" lon="139.5000700">
    <ele>55.3</ele>
    <time>2023-10-28T23:13:48Z</time>
   </trkpt>
   <trkpt lat="35.5544810" lon="139.5000300">
    <ele>55.3</ele>
    <time>2023-10-28T23:13:49Z</time>
   </trkpt>
   <trkpt lat="35.5544890" lon="139.5000160">
    <ele>55.3</ele>
    <time>2023-10-28T23:13:50Z</time>
   </trkpt>
   <trkpt lat="35.5544850" lon="139.4999820">
    <ele>55.2</ele>
    <time>2023-10-28T23:13:51Z</time>
   </trkpt>
   <trkpt lat="35.5544880" lon="139.4999360">
    <ele>55.1</ele>
    <time>2023-10-28T23:13:52Z</time>
   </trkpt>
   <trkpt lat="35.5544910" lon="139.4999190">
    <ele>55.1</ele>
    <time>2023-10-28T23:13:53Z</time>
   </trkpt>
   <trkpt lat="35.5544980" lon="139.4998830">
    <ele>55.1</ele>
    <time>2023-10-28T23:13:54Z</time>
   </trkpt>
   <trkpt lat="35.5544980" lon="139.4998470">
    <ele>55.0</ele>
    <time>2023-10-28T23:13:55Z</time>
   </trkpt>
   <trkpt lat="35.5545060" lon="139.4997960">
    <ele>54.9</ele>
    <time>2023-10-28T23:13:56Z</time>
   </trkpt>
   <trkpt lat="35.5545080" lon="139.4997780">
    <ele>54.9</ele>
    <time>2023-10-28T23:13:57Z</time>
   </trkpt>
   <trkpt lat="35.5545050" lon="139.4997380">
    <ele>54.8</ele>
    <time>2023-10-28T23:13:58Z</time>
   </trkpt>
   <trkpt lat="35.5545140" lon="139.4997040">
    <ele>54.8</ele>
    <time>2023-10-28T23:13:59Z</time>
   </trkpt>
   <trkpt lat="35.5545220" lon="139.4996710">
    <ele>54.7</ele>
    <time>2023-10-28T23:14:00Z</time>
   </trkpt>
   <trkpt lat="35.5545430" lon="139.4996230">
    <ele>54.7</ele>
    <time>2023-10-28T23:14:01Z</time>
   </trkpt>
   <trkpt lat="35.5545570" lon="139.4996080">
    <ele>54.6</ele>
    <time>2023-10-28T23:14:02Z</time>
   </trkpt>
   <trkpt lat="35.5545670" lon="139.4995790">
    <ele>54.6</ele>
    <time>2023-10-28T23:14:03Z</time>
   </trkpt>
   <trkpt lat="35.5545910" lon="139.4992220">
    <ele>54.2</ele>
    <time>2023-10-28T23:14:20Z</time>
   </trkpt>
   <trkpt lat="35.5545970" lon="139.4991880">
    <ele>54.2</ele>
    <time>2023-10-28T23:14:21Z</time>
   </trkpt>
   <trkpt lat="35.5545960" lon="139.4991650">
    <ele>54.2</ele>
    <time>2023-10-28T23:14:22Z</time>
   </trkpt>
   <trkpt lat="35.5546000" lon="139.4991470">
    <ele>54.2</ele>
    <time>2023-10-28T23:14:23Z</time>
   </trkpt>
   <trkpt lat="35.5546120" lon="139.4991150">
    <ele>54.1</ele>
    <time>2023-10-28T23:14:24Z</time>
   </trkpt>
   <trkpt lat="35.5546170" lon="139.4991040">
    <ele>54.1</ele>
    <time>2023-10-28T23:14:25Z</time>
   </trkpt>
   <trkpt lat="35.5546140" lon="139.4990610">
    <ele>54.1</ele>
    <time>2023-10-28T23:14:26Z</time>
   </trkpt>
   <trkpt lat="35.5546130" lon="139.4990490">
    <ele>54.1</ele>
    <time>2023-10-28T23:14:27Z</time>
   </trkpt>
   <trkpt lat="35.5546250" lon="139.4990090">
    <ele>54.0</ele>
    <time>2023-10-28T23:14:28Z</time>
   </trkpt>
   <trkpt lat="35.5546260" lon="139.4989950">
    <ele>54.0</ele>
    <time>2023-10-28T23:14:29Z</time>
   </trkpt>
   <trkpt lat="35.5546350" lon="139.4989510">
    <ele>54.0</ele>
    <time>2023-10-28T23:14:30Z</time>
   </trkpt>
   <trkpt lat="35.5546390" lon="139.4989360">
    <ele>54.0</ele>
    <time>2023-10-28T23:14:31Z</time>
   </trkpt>
   <trkpt lat="35.5546330" lon="139.4989170">
    <ele>54.0</ele>
    <time>2023-10-28T23:14:32Z</time>
   </trkpt>
   <trkpt lat="35.5546290" lon="139.4989010">
    <ele>54.0</ele>
    <time>2023-10-28T23:14:33Z</time>
   </trkpt>
   <trkpt lat="35.5546250" lon="139.4988850">
    <ele>53.9</ele>
    <time>2023-10-28T23:14:34Z</time>
   </trkpt>
   <trkpt lat="35.5546470" lon="139.4988410">
    <ele>53.9</ele>
    <time>2023-10-28T23:14:36Z</time>
   </trkpt>
   <trkpt lat="35.5546490" lon="139.4988260">
    <ele>53.9</ele>
    <time>2023-10-28T23:14:37Z</time>
   </trkpt>
   <trkpt lat="35.5546510" lon="139.4988110">
    <ele>53.9</ele>
    <time>2023-10-28T23:14:38Z</time>
   </trkpt>
   <trkpt lat="35.5546570" lon="139.4987720">
    <ele>53.8</ele>
    <time>2023-10-28T23:14:39Z</time>
   </trkpt>
   <trkpt lat="35.5546580" lon="139.4987630">
    <ele>53.8</ele>
    <time>2023-10-28T23:14:40Z</time>
   </trkpt>
   <trkpt lat="35.5546660" lon="139.4987210">
    <ele>53.8</ele>
    <time>2023-10-28T23:14:41Z</time>
   </trkpt>
   <trkpt lat="35.5546670" lon="139.4987070">
    <ele>53.8</ele>
    <time>2023-10-28T23:14:42Z</time>
   </trkpt>
   <trkpt lat="35.5546780" lon="139.4986680">
    <ele>53.7</ele>
    <time>2023-10-28T23:14:43Z</time>
   </trkpt>
   <trkpt lat="35.5546790" lon="139.4986450">
    <ele>53.7</ele>
    <time>2023-10-28T23:14:44Z</time>
   </trkpt>
   <trkpt lat="35.5546760" lon="139.4986360">
    <ele>53.7</ele>
    <time>2023-10-28T23:14:45Z</time>
   </trkpt>
   <trkpt lat="35.5546820" lon="139.4986070">
    <ele>53.7</ele>
    <time>2023-10-28T23:14:46Z</time>
   </trkpt>
   <trkpt lat="35.5546860" lon="139.4985710">
    <ele>53.6</ele>
    <time>2023-10-28T23:14:47Z</time>
   </trkpt>
   <trkpt lat="35.5546860" lon="139.4985580">
    <ele>53.6</ele>
    <time>2023-10-28T23:14:48Z</time>
   </trkpt>
   <trkpt lat="35.5546960" lon="139.4985270">
    <ele>53.6</ele>
    <time>2023-10-28T23:14:49Z</time>
   </trkpt>
   <trkpt lat="35.5547130" lon="139.4984980">
    <ele>53.5</ele>
    <time>2023-10-28T23:14:50Z</time>
   </trkpt>
   <trkpt lat="35.5547230" lon="139.4984230">
    <ele>53.5</ele>
    <time>2023-10-28T23:14:51Z</time>
   </trkpt>
   <trkpt lat="35.5547380" lon="139.4983800">
    <ele>53.4</ele>
    <time>2023-10-28T23:14:52Z</time>
   </trkpt>
   <trkpt lat="35.5547360" lon="139.4983470">
    <ele>53.4</ele>
    <time>2023-10-28T23:14:53Z</time>
   </trkpt>
   <trkpt lat="35.5547410" lon="139.4983040">
    <ele>53.3</ele>
    <time>2023-10-28T23:14:54Z</time>
   </trkpt>
   <trkpt lat="35.5547560" lon="139.4982700">
    <ele>53.3</ele>
    <time>2023-10-28T23:14:55Z</time>
   </trkpt>
   <trkpt lat="35.5547530" lon="139.4982220">
    <ele>53.2</ele>
    <time>2023-10-28T23:14:56Z</time>
   </trkpt>
   <trkpt lat="35.5547530" lon="139.4982040">
    <ele>53.2</ele>
    <time>2023-10-28T23:14:57Z</time>
   </trkpt>
   <trkpt lat="35.5547600" lon="139.4981710">
    <ele>53.2</ele>
    <time>2023-10-28T23:14:58Z</time>
   </trkpt>
   <trkpt lat="35.5547650" lon="139.4981370">
    <ele>53.1</ele>
    <time>2023-10-28T23:14:59Z</time>
   </trkpt>
   <trkpt lat="35.5547680" lon="139.4981010">
    <ele>53.1</ele>
    <time>2023-10-28T23:15:00Z</time>
   </trkpt>
   <trkpt lat="35.5547530" lon="139.4980480">
    <ele>53.1</ele>
    <time>2023-10-28T23:15:01Z</time>
   </trkpt>
   <trkpt lat="35.5547550" lon="139.4980040">
    <ele>53.0</ele>
    <time>2023-10-28T23:15:02Z</time>
   </trkpt>
   <trkpt lat="35.5547620" lon="139.4979550">
    <ele>53.0</ele>
    <time>2023-10-28T23:15:03Z</time>
   </trkpt>
   <trkpt lat="35.5547700" lon="139.4979320">
    <ele>53.0</ele>
    <time>2023-10-28T23:15:04Z</time>
   </trkpt>
   <trkpt lat="35.5547790" lon="139.4979100">
    <ele>52.9</ele>
    <time>2023-10-28T23:15:09Z</time>
   </trkpt>
   <trkpt lat="35.5547880" lon="139.4978880">
    <ele>52.9</ele>
    <time>2023-10-28T23:15:10Z</time>
   </trkpt>
   <trkpt lat="35.5547960" lon="139.4978650">
    <ele>52.9</ele>
    <time>2023-10-28T23:15:11Z</time>
   </trkpt>
   <trkpt lat="35.5547930" lon="139.4978320">
    <ele>52.8</ele>
    <time>2023-10-28T23:15:12Z</time>
   </trkpt>
   <trkpt lat="35.5547960" lon="139.4977860">
    <ele>52.8</ele>
    <time>2023-10-28T23:15:13Z</time>
   </trkpt>
   <trkpt lat="35.5548000" lon="139.4977710">
    <ele>52.8</ele>
    <time>2023-10-28T23:15:14Z</time>
   </trkpt>
   <trkpt lat="35.5548180" lon="139.4977380">
    <ele>52.7</ele>
    <time>2023-10-28T23:15:15Z</time>
   </trkpt>
   <trkpt lat="35.5548270" lon="139.4976920">
    <ele>52.7</ele>
    <time>2023-10-28T23:15:16Z</time>
   </trkpt>
   <trkpt lat="35.5548310" lon="139.4976730">
    <ele>52.6</ele>
    <time>2023-10-28T23:15:17Z</time>
   </trkpt>
   <trkpt lat="35.5548320" lon="139.4976310">
    <ele>52.6</ele>
    <time>2023-10-28T23:15:18Z</time>
   </trkpt>
   <trkpt lat="35.5548460" lon="139.4975940">
    <ele>52.5</ele>
    <time>2023-10-28T23:15:19Z</time>
   </trkpt>
   <trkpt lat="35.5548450" lon="139.4975480">
    <ele>52.5</ele>
    <time>2023-10-28T23:15:20Z</time>
   </trkpt>
   <trkpt lat="35.5548440" lon="139.4975290">
    <ele>52.5</ele>
    <time>2023-10-28T23:15:21Z</time>
   </trkpt>
   <trkpt lat="35.5548580" lon="139.4974830">
    <ele>52.4</ele>
    <time>2023-10-28T23:15:22Z</time>
   </trkpt>
   <trkpt lat="35.5548620" lon="139.4974680">
    <ele>52.4</ele>
    <time>2023-10-28T23:15:23Z</time>
   </trkpt>
   <trkpt lat="35.5548700" lon="139.4974320">
    <ele>52.3</ele>
    <time>2023-10-28T23:15:24Z</time>
   </trkpt>
   <trkpt lat="35.5548850" lon="139.4973900">
    <ele>52.3</ele>
    <time>2023-10-28T23:15:25Z</time>
   </trkpt>
   <trkpt lat="35.5548900" lon="139.4973730">
    <ele>52.3</ele>
    <time>2023-10-28T23:15:26Z</time>
   </trkpt>
   <trkpt lat="35.5549050" lon="139.4973340">
    <ele>52.3</ele>
    <time>2023-10-28T23:15:27Z</time>
   </trkpt>
   <trkpt lat="35.5549080" lon="139.4973220">
    <ele>52.3</ele>
    <time>2023-10-28T23:15:28Z</time>
   </trkpt>
   <trkpt lat="35.5549210" lon="139.4972820">
    <ele>52.4</ele>
    <time>2023-10-28T23:15:29Z</time>
   </trkpt>
   <trkpt lat="35.5549220" lon="139.4972370">
    <ele>52.4</ele>
    <time>2023-10-28T23:15:30Z</time>
   </trkpt>
   <trkpt lat="35.5549270" lon="139.4972200">
    <ele>52.4</ele>
    <time>2023-10-28T23:15:31Z</time>
   </trkpt>
   <trkpt lat="35.5549310" lon="139.4971820">
    <ele>52.5</ele>
    <time>2023-10-28T23:15:32Z</time>
   </trkpt>
   <trkpt lat="35.5549320" lon="139.4971340">
    <ele>52.7</ele>
    <time>2023-10-28T23:15:33Z</time>
   </trkpt>
   <trkpt lat="35.5549330" lon="139.4971180">
    <ele>52.7</ele>
    <time>2023-10-28T23:15:34Z</time>
   </trkpt>
   <trkpt lat="35.5549370" lon="139.4970810">
    <ele>52.8</ele>
    <time>2023-10-28T23:15:35Z</time>
   </trkpt>
   <trkpt lat="35.5549490" lon="139.4970450">
    <ele>53.0</ele>
    <time>2023-10-28T23:15:36Z</time>
   </trkpt>
   <trkpt lat="35.5549500" lon="139.4969980">
    <ele>53.2</ele>
    <time>2023-10-28T23:15:37Z</time>
   </trkpt>
   <trkpt lat="35.5549480" lon="139.4969820">
    <ele>53.2</ele>
    <time>2023-10-28T23:15:38Z</time>
   </trkpt>
   <trkpt lat="35.5549590" lon="139.4969370">
    <ele>53.4</ele>
    <time>2023-10-28T23:15:39Z</time>
   </trkpt>
   <trkpt lat="35.5549630" lon="139.4969210">
    <ele>53.5</ele>
    <time>2023-10-28T23:15:40Z</time>
   </trkpt>
   <trkpt lat="35.5549630" lon="139.4968840">
    <ele>53.7</ele>
    <time>2023-10-28T23:15:41Z</time>
   </trkpt>
   <trkpt lat="35.5549660" lon="139.4968430">
    <ele>53.9</ele>
    <time>2023-10-28T23:15:42Z</time>
   </trkpt>
   <trkpt lat="35.5549660" lon="139.4968330">
    <ele>53.9</ele>
    <time>2023-10-28T23:15:43Z</time>
   </trkpt>
   <trkpt lat="35.5549730" lon="139.4968000">
    <ele>54.1</ele>
    <time>2023-10-28T23:15:44Z</time>
   </trkpt>
   <trkpt lat="35.5549790" lon="139.4967650">
    <ele>54.3</ele>
    <time>2023-10-28T23:15:45Z</time>
   </trkpt>
   <trkpt lat="35.5549800" lon="139.4967210">
    <ele>54.5</ele>
    <time>2023-10-28T23:15:46Z</time>
   </trkpt>
   <trkpt lat="35.5549810" lon="139.4967060">
    <ele>54.6</ele>
    <time>2023-10-28T23:15:47Z</time>
   </trkpt>
   <trkpt lat="35.5549900" lon="139.4966730">
    <ele>54.7</ele>
    <time>2023-10-28T23:15:48Z</time>
   </trkpt>
   <trkpt lat="35.5549940" lon="139.4966240">
    <ele>55.0</ele>
    <time>2023-10-28T23:15:49Z</time>
   </trkpt>
   <trkpt lat="35.5549960" lon="139.4966080">
    <ele>55.1</ele>
    <time>2023-10-28T23:15:50Z</time>
   </trkpt>
   <trkpt lat="35.5550020" lon="139.4965650">
    <ele>55.3</ele>
    <time>2023-10-28T23:15:51Z</time>
   </trkpt>
   <trkpt lat="35.5550010" lon="139.4965500">
    <ele>55.4</ele>
    <time>2023-10-28T23:15:52Z</time>
   </trkpt>
   <trkpt lat="35.5550130" lon="139.4965160">
    <ele>55.6</ele>
    <time>2023-10-28T23:15:53Z</time>
   </trkpt>
   <trkpt lat="35.5550200" lon="139.4964800">
    <ele>55.8</ele>
    <time>2023-10-28T23:15:54Z</time>
   </trkpt>
   <trkpt lat="35.5550240" lon="139.4964350">
    <ele>56.0</ele>
    <time>2023-10-28T23:15:55Z</time>
   </trkpt>
   <trkpt lat="35.5550260" lon="139.4964200">
    <ele>56.1</ele>
    <time>2023-10-28T23:15:56Z</time>
   </trkpt>
   <trkpt lat="35.5550300" lon="139.4963800">
    <ele>56.3</ele>
    <time>2023-10-28T23:15:57Z</time>
   </trkpt>
   <trkpt lat="35.5550310" lon="139.4963660">
    <ele>56.4</ele>
    <time>2023-10-28T23:15:58Z</time>
   </trkpt>
   <trkpt lat="35.5550340" lon="139.4963300">
    <ele>56.5</ele>
    <time>2023-10-28T23:15:59Z</time>
   </trkpt>
   <trkpt lat="35.5550330" lon="139.4962820">
    <ele>56.8</ele>
    <time>2023-10-28T23:16:00Z</time>
   </trkpt>
   <trkpt lat="35.5550340" lon="139.4962630">
    <ele>56.8</ele>
    <time>2023-10-28T23:16:01Z</time>
   </trkpt>
   <trkpt lat="35.5550360" lon="139.4962210">
    <ele>57.0</ele>
    <time>2023-10-28T23:16:02Z</time>
   </trkpt>
   <trkpt lat="35.5550440" lon="139.4961850">
    <ele>57.2</ele>
    <time>2023-10-28T23:16:03Z</time>
   </trkpt>
   <trkpt lat="35.5550620" lon="139.4961570">
    <ele>57.3</ele>
    <time>2023-10-28T23:16:04Z</time>
   </trkpt>
   <trkpt lat="35.5550770" lon="139.4961180">
    <ele>57.5</ele>
    <time>2023-10-28T23:16:05Z</time>
   </trkpt>
   <trkpt lat="35.5550950" lon="139.4960870">
    <ele>57.6</ele>
    <time>2023-10-28T23:16:06Z</time>
   </trkpt>
   <trkpt lat="35.5551220" lon="139.4960590">
    <ele>57.7</ele>
    <time>2023-10-28T23:16:07Z</time>
   </trkpt>
   <trkpt lat="35.5551260" lon="139.4960450">
    <ele>57.8</ele>
    <time>2023-10-28T23:16:08Z</time>
   </trkpt>
   <trkpt lat="35.5551460" lon="139.4960190">
    <ele>57.9</ele>
    <time>2023-10-28T23:16:09Z</time>
   </trkpt>
   <trkpt lat="35.5551650" lon="139.4959840">
    <ele>58.0</ele>
    <time>2023-10-28T23:16:10Z</time>
   </trkpt>
   <trkpt lat="35.5551800" lon="139.4959440">
    <ele>58.2</ele>
    <time>2023-10-28T23:16:11Z</time>
   </trkpt>
   <trkpt lat="35.5551980" lon="139.4959120">
    <ele>57.0</ele>
    <time>2023-10-28T23:16:12Z</time>
   </trkpt>
   <trkpt lat="35.5552020" lon="139.4959030">
    <ele>57.0</ele>
    <time>2023-10-28T23:16:13Z</time>
   </trkpt>
   <trkpt lat="35.5552220" lon="139.4958680">
    <ele>57.1</ele>
    <time>2023-10-28T23:16:14Z</time>
   </trkpt>
   <trkpt lat="35.5552960" lon="139.4957910">
    <ele>57.4</ele>
    <time>2023-10-28T23:16:15Z</time>
   </trkpt>
   <trkpt lat="35.5553490" lon="139.4957300">
    <ele>57.4</ele>
    <time>2023-10-28T23:16:45Z</time>
   </trkpt>
   <trkpt lat="35.5554010" lon="139.4956680">
    <ele>57.4</ele>
    <time>2023-10-28T23:16:46Z</time>
   </trkpt>
   <trkpt lat="35.5554270" lon="139.4956390">
    <ele>57.3</ele>
    <time>2023-10-28T23:16:47Z</time>
   </trkpt>
   <trkpt lat="35.5554560" lon="139.4956250">
    <ele>57.2</ele>
    <time>2023-10-28T23:16:48Z</time>
   </trkpt>
   <trkpt lat="35.5554650" lon="139.4956210">
    <ele>57.2</ele>
    <time>2023-10-28T23:16:49Z</time>
   </trkpt>
   <trkpt lat="35.5554870" lon="139.4955790">
    <ele>57.1</ele>
    <time>2023-10-28T23:16:50Z</time>
   </trkpt>
   <trkpt lat="35.5554950" lon="139.4955610">
    <ele>57.1</ele>
    <time>2023-10-28T23:16:51Z</time>
   </trkpt>
   <trkpt lat="35.5555020" lon="139.4955340">
    <ele>57.0</ele>
    <time>2023-10-28T23:16:52Z</time>
   </trkpt>
   <trkpt lat="35.5555160" lon="139.4955300">
    <ele>57.0</ele>
    <time>2023-10-28T23:16:53Z</time>
   </trkpt>
   <trkpt lat="35.5555430" lon="139.4955030">
    <ele>56.9</ele>
    <time>2023-10-28T23:16:54Z</time>
   </trkpt>
   <trkpt lat="35.5555710" lon="139.4954820">
    <ele>56.8</ele>
    <time>2023-10-28T23:16:55Z</time>
   </trkpt>
   <trkpt lat="35.5556040" lon="139.4954550">
    <ele>56.6</ele>
    <time>2023-10-28T23:16:56Z</time>
   </trkpt>
   <trkpt lat="35.5556170" lon="139.4954480">
    <ele>56.6</ele>
    <time>2023-10-28T23:16:57Z</time>
   </trkpt>
   <trkpt lat="35.5556480" lon="139.4954250">
    <ele>56.5</ele>
    <time>2023-10-28T23:16:58Z</time>
   </trkpt>
   <trkpt lat="35.5556670" lon="139.4953800">
    <ele>56.4</ele>
    <time>2023-10-28T23:16:59Z</time>
   </trkpt>
   <trkpt lat="35.5556960" lon="139.4953620">
    <ele>56.2</ele>
    <time>2023-10-28T23:17:00Z</time>
   </trkpt>
   <trkpt lat="35.5557040" lon="139.4953560">
    <ele>56.2</ele>
    <time>2023-10-28T23:17:01Z</time>
   </trkpt>
   <trkpt lat="35.5557300" lon="139.4953390">
    <ele>56.1</ele>
    <time>2023-10-28T23:17:02Z</time>
   </trkpt>
   <trkpt lat="35.5557510" lon="139.4953130">
    <ele>56.0</ele>
    <time>2023-10-28T23:17:03Z</time>
   </trkpt>
   <trkpt lat="35.5557670" lon="139.4952840">
    <ele>55.9</ele>
    <time>2023-10-28T23:17:04Z</time>
   </trkpt>
   <trkpt lat="35.5557940" lon="139.4952620">
    <ele>55.8</ele>
    <time>2023-10-28T23:17:05Z</time>
   </trkpt>
   <trkpt lat="35.5558260" lon="139.4952380">
    <ele>55.7</ele>
    <time>2023-10-28T23:17:06Z</time>
   </trkpt>
   <trkpt lat="35.5558390" lon="139.4952280">
    <ele>55.7</ele>
    <time>2023-10-28T23:17:07Z</time>
   </trkpt>
   <trkpt lat="35.5558600" lon="139.4951960">
    <ele>55.6</ele>
    <time>2023-10-28T23:17:08Z</time>
   </trkpt>
   <trkpt lat="35.5558980" lon="139.4951790">
    <ele>55.4</ele>
    <time>2023-10-28T23:17:09Z</time>
   </trkpt>
   <trkpt lat="35.5559260" lon="139.4951490">
    <ele>55.3</ele>
    <time>2023-10-28T23:17:10Z</time>
   </trkpt>
   <trkpt lat="35.5559370" lon="139.4951410">
    <ele>55.3</ele>
    <time>2023-10-28T23:17:11Z</time>
   </trkpt>
   <trkpt lat="35.5559560" lon="139.4951140">
    <ele>55.2</ele>
    <time>2023-10-28T23:17:12Z</time>
   </trkpt>
   <trkpt lat="35.5559840" lon="139.4950860">
    <ele>55.1</ele>
    <time>2023-10-28T23:17:13Z</time>
   </trkpt>
   <trkpt lat="35.5559940" lon="139.4950780">
    <ele>55.0</ele>
    <time>2023-10-28T23:17:14Z</time>
   </trkpt>
   <trkpt lat="35.5560270" lon="139.4950720">
    <ele>54.9</ele>
    <time>2023-10-28T23:17:15Z</time>
   </trkpt>
   <trkpt lat="35.5560540" lon="139.4950440">
    <ele>54.8</ele>
    <time>2023-10-28T23:17:16Z</time>
   </trkpt>
   <trkpt lat="35.5560830" lon="139.4950230">
    <ele>54.7</ele>
    <time>2023-10-28T23:17:17Z</time>
   </trkpt>
   <trkpt lat="35.5560900" lon="139.4950170">
    <ele>54.6</ele>
    <time>2023-10-28T23:17:18Z</time>
   </trkpt>
   <trkpt lat="35.5561230" lon="139.4949900">
    <ele>54.5</ele>
    <time>2023-10-28T23:17:19Z</time>
   </trkpt>
   <trkpt lat="35.5561370" lon="139.4949850">
    <ele>54.4</ele>
    <time>2023-10-28T23:17:20Z</time>
   </trkpt>
   <trkpt lat="35.5561640" lon="139.4949650">
    <ele>54.3</ele>
    <time>2023-10-28T23:17:21Z</time>
   </trkpt>
   <trkpt lat="35.5561900" lon="139.4949420">
    <ele>54.2</ele>
    <time>2023-10-28T23:17:22Z</time>
   </trkpt>
   <trkpt lat="35.5562120" lon="139.4949180">
    <ele>54.1</ele>
    <time>2023-10-28T23:17:23Z</time>
   </trkpt>
   <trkpt lat="35.5562220" lon="139.4949080">
    <ele>54.0</ele>
    <time>2023-10-28T23:17:24Z</time>
   </trkpt>
   <trkpt lat="35.5562530" lon="139.4948790">
    <ele>53.9</ele>
    <time>2023-10-28T23:17:25Z</time>
   </trkpt>
   <trkpt lat="35.5562640" lon="139.4948700">
    <ele>53.8</ele>
    <time>2023-10-28T23:17:26Z</time>
   </trkpt>
   <trkpt lat="35.5562930" lon="139.4948400">
    <ele>53.7</ele>
    <time>2023-10-28T23:17:27Z</time>
   </trkpt>
   <trkpt lat="35.5563160" lon="139.4948190">
    <ele>53.6</ele>
    <time>2023-10-28T23:17:28Z</time>
   </trkpt>
   <trkpt lat="35.5563430" lon="139.4947960">
    <ele>53.5</ele>
    <time>2023-10-28T23:17:29Z</time>
   </trkpt>
   <trkpt lat="35.5563710" lon="139.4947690">
    <ele>53.3</ele>
    <time>2023-10-28T23:17:30Z</time>
   </trkpt>
   <trkpt lat="35.5563790" lon="139.4947520">
    <ele>53.3</ele>
    <time>2023-10-28T23:17:31Z</time>
   </trkpt>
   <trkpt lat="35.5564100" lon="139.4947220">
    <ele>53.1</ele>
    <time>2023-10-28T23:17:32Z</time>
   </trkpt>
   <trkpt lat="35.5564250" lon="139.4947160">
    <ele>53.0</ele>
    <time>2023-10-28T23:17:33Z</time>
   </trkpt>
   <trkpt lat="35.5564420" lon="139.4946890">
    <ele>52.9</ele>
    <time>2023-10-28T23:17:34Z</time>
   </trkpt>
   <trkpt lat="35.5564500" lon="139.4946550">
    <ele>52.8</ele>
    <time>2023-10-28T23:17:35Z</time>
   </trkpt>
   <trkpt lat="35.5564880" lon="139.4946340">
    <ele>52.6</ele>
    <time>2023-10-28T23:17:36Z</time>
   </trkpt>
   <trkpt lat="35.5565050" lon="139.4946280">
    <ele>52.6</ele>
    <time>2023-10-28T23:17:37Z</time>
   </trkpt>
   <trkpt lat="35.5565240" lon="139.4945920">
    <ele>52.5</ele>
    <time>2023-10-28T23:17:38Z</time>
   </trkpt>
   <trkpt lat="35.5565560" lon="139.4945810">
    <ele>52.4</ele>
    <time>2023-10-28T23:17:39Z</time>
   </trkpt>
   <trkpt lat="35.5565850" lon="139.4945620">
    <ele>52.2</ele>
    <time>2023-10-28T23:17:40Z</time>
   </trkpt>
   <trkpt lat="35.5565930" lon="139.4945540">
    <ele>52.2</ele>
    <time>2023-10-28T23:17:41Z</time>
   </trkpt>
   <trkpt lat="35.5566130" lon="139.4945270">
    <ele>52.1</ele>
    <time>2023-10-28T23:17:42Z</time>
   </trkpt>
   <trkpt lat="35.5566420" lon="139.4944930">
    <ele>51.9</ele>
    <time>2023-10-28T23:17:43Z</time>
   </trkpt>
   <trkpt lat="35.5566500" lon="139.4944780">
    <ele>51.9</ele>
    <time>2023-10-28T23:17:44Z</time>
   </trkpt>
   <trkpt lat="35.5566720" lon="139.4944530">
    <ele>51.8</ele>
    <time>2023-10-28T23:17:45Z</time>
   </trkpt>
   <trkpt lat="35.5566960" lon="139.4944250">
    <ele>51.6</ele>
    <time>2023-10-28T23:17:46Z</time>
   </trkpt>
   <trkpt lat="35.5567040" lon="139.4944110">
    <ele>51.6</ele>
    <time>2023-10-28T23:17:47Z</time>
   </trkpt>
   <trkpt lat="35.5567290" lon="139.4943960">
    <ele>51.5</ele>
    <time>2023-10-28T23:17:48Z</time>
   </trkpt>
   <trkpt lat="35.5567540" lon="139.4943610">
    <ele>51.2</ele>
    <time>2023-10-28T23:17:49Z</time>
   </trkpt>
   <trkpt lat="35.5567650" lon="139.4943480">
    <ele>51.1</ele>
    <time>2023-10-28T23:17:50Z</time>
   </trkpt>
   <trkpt lat="35.5567930" lon="139.4943300">
    <ele>50.9</ele>
    <time>2023-10-28T23:17:51Z</time>
   </trkpt>
   <trkpt lat="35.5568250" lon="139.4943080">
    <ele>50.6</ele>
    <time>2023-10-28T23:17:52Z</time>
   </trkpt>
   <trkpt lat="35.5568480" lon="139.4942770">
    <ele>50.4</ele>
    <time>2023-10-28T23:17:53Z</time>
   </trkpt>
   <trkpt lat="35.5568700" lon="139.4942570">
    <ele>50.2</ele>
    <time>2023-10-28T23:17:54Z</time>
   </trkpt>
   <trkpt lat="35.5568950" lon="139.4942370">
    <ele>50.0</ele>
    <time>2023-10-28T23:17:55Z</time>
   </trkpt>
   <trkpt lat="35.5569190" lon="139.4942130">
    <ele>49.7</ele>
    <time>2023-10-28T23:17:56Z</time>
   </trkpt>
   <trkpt lat="35.5569530" lon="139.4941900">
    <ele>49.4</ele>
    <time>2023-10-28T23:17:57Z</time>
   </trkpt>
   <trkpt lat="35.5569660" lon="139.4941850">
    <ele>49.3</ele>
    <time>2023-10-28T23:17:58Z</time>
   </trkpt>
   <trkpt lat="35.5569820" lon="139.4941570">
    <ele>49.1</ele>
    <time>2023-10-28T23:17:59Z</time>
   </trkpt>
   <trkpt lat="35.5570030" lon="139.4941340">
    <ele>48.9</ele>
    <time>2023-10-28T23:18:00Z</time>
   </trkpt>
   <trkpt lat="35.5570180" lon="139.4940970">
    <ele>48.6</ele>
    <time>2023-10-28T23:18:01Z</time>
   </trkpt>
   <trkpt lat="35.5570310" lon="139.4940650">
    <ele>48.3</ele>
    <time>2023-10-28T23:18:02Z</time>
   </trkpt>
   <trkpt lat="35.5570480" lon="139.4940380">
    <ele>48.1</ele>
    <time>2023-10-28T23:18:03Z</time>
   </trkpt>
   <trkpt lat="35.5570660" lon="139.4940030">
    <ele>47.8</ele>
    <time>2023-10-28T23:18:04Z</time>
   </trkpt>
   <trkpt lat="35.5570740" lon="139.4939930">
    <ele>47.7</ele>
    <time>2023-10-28T23:18:05Z</time>
   </trkpt>
   <trkpt lat="35.5571000" lon="139.4939760">
    <ele>47.5</ele>
    <time>2023-10-28T23:18:06Z</time>
   </trkpt>
   <trkpt lat="35.5571210" lon="139.4939410">
    <ele>47.1</ele>
    <time>2023-10-28T23:18:07Z</time>
   </trkpt>
   <trkpt lat="35.5571380" lon="139.4939110">
    <ele>46.9</ele>
    <time>2023-10-28T23:18:08Z</time>
   </trkpt>
   <trkpt lat="35.5571550" lon="139.4938840">
    <ele>46.6</ele>
    <time>2023-10-28T23:18:09Z</time>
   </trkpt>
   <trkpt lat="35.5571610" lon="139.4938450">
    <ele>46.5</ele>
    <time>2023-10-28T23:18:10Z</time>
   </trkpt>
   <trkpt lat="35.5571760" lon="139.4938090">
    <ele>46.3</ele>
    <time>2023-10-28T23:18:11Z</time>
   </trkpt>
   <trkpt lat="35.5571960" lon="139.4937860">
    <ele>46.1</ele>
    <time>2023-10-28T23:18:12Z</time>
   </trkpt>
   <trkpt lat="35.5572080" lon="139.4937550">
    <ele>46.0</ele>
    <time>2023-10-28T23:18:13Z</time>
   </trkpt>
   <trkpt lat="35.5572180" lon="139.4937230">
    <ele>45.8</ele>
    <time>2023-10-28T23:18:14Z</time>
   </trkpt>
   <trkpt lat="35.5572280" lon="139.4936750">
    <ele>45.6</ele>
    <time>2023-10-28T23:18:15Z</time>
   </trkpt>
   <trkpt lat="35.5572320" lon="139.4936580">
    <ele>45.5</ele>
    <time>2023-10-28T23:18:16Z</time>
   </trkpt>
   <trkpt lat="35.5572470" lon="139.4936180">
    <ele>45.3</ele>
    <time>2023-10-28T23:18:17Z</time>
   </trkpt>
   <trkpt lat="35.5572460" lon="139.4936050">
    <ele>45.2</ele>
    <time>2023-10-28T23:18:18Z</time>
   </trkpt>
   <trkpt lat="35.5572690" lon="139.4935740">
    <ele>45.0</ele>
    <time>2023-10-28T23:18:19Z</time>
   </trkpt>
   <trkpt lat="35.5572860" lon="139.4935610">
    <ele>44.9</ele>
    <time>2023-10-28T23:18:20Z</time>
   </trkpt>
   <trkpt lat="35.5573070" lon="139.4935300">
    <ele>44.7</ele>
    <time>2023-10-28T23:18:21Z</time>
   </trkpt>
   <trkpt lat="35.5573290" lon="139.4934940">
    <ele>44.5</ele>
    <time>2023-10-28T23:18:22Z</time>
   </trkpt>
   <trkpt lat="35.5573370" lon="139.4934770">
    <ele>44.4</ele>
    <time>2023-10-28T23:18:23Z</time>
   </trkpt>
   <trkpt lat="35.5573460" lon="139.4934460">
    <ele>44.2</ele>
    <time>2023-10-28T23:18:24Z</time>
   </trkpt>
   <trkpt lat="35.5573520" lon="139.4934070">
    <ele>44.1</ele>
    <time>2023-10-28T23:18:25Z</time>
   </trkpt>
   <trkpt lat="35.5573580" lon="139.4933940">
    <ele>44.0</ele>
    <time>2023-10-28T23:18:26Z</time>
   </trkpt>
   <trkpt lat="35.5573740" lon="139.4933480">
    <ele>43.8</ele>
    <time>2023-10-28T23:18:27Z</time>
   </trkpt>
   <trkpt lat="35.5573770" lon="139.4933290">
    <ele>43.7</ele>
    <time>2023-10-28T23:18:28Z</time>
   </trkpt>
   <trkpt lat="35.5573970" lon="139.4932890">
    <ele>43.5</ele>
    <time>2023-10-28T23:18:29Z</time>
   </trkpt>
   <trkpt lat="35.5574070" lon="139.4932770">
    <ele>43.4</ele>
    <time>2023-10-28T23:18:30Z</time>
   </trkpt>
   <trkpt lat="35.5574160" lon="139.4932400">
    <ele>43.3</ele>
    <time>2023-10-28T23:18:31Z</time>
   </trkpt>
   <trkpt lat="35.5574250" lon="139.4932070">
    <ele>43.2</ele>
    <time>2023-10-28T23:18:32Z</time>
   </trkpt>
   <trkpt lat="35.5574380" lon="139.4931630">
    <ele>43.0</ele>
    <time>2023-10-28T23:18:33Z</time>
   </trkpt>
   <trkpt lat="35.5574470" lon="139.4931510">
    <ele>42.9</ele>
    <time>2023-10-28T23:18:34Z</time>
   </trkpt>
   <trkpt lat="35.5574550" lon="139.4931190">
    <ele>42.8</ele>
    <time>2023-10-28T23:18:35Z</time>
   </trkpt>
   <trkpt lat="35.5574660" lon="139.4930850">
    <ele>42.7</ele>
    <time>2023-10-28T23:18:36Z</time>
   </trkpt>
   <trkpt lat="35.5574690" lon="139.4930450">
    <ele>42.6</ele>
    <time>2023-10-28T23:18:37Z</time>
   </trkpt>
   <trkpt lat="35.5574700" lon="139.4930310">
    <ele>42.6</ele>
    <time>2023-10-28T23:18:38Z</time>
   </trkpt>
   <trkpt lat="35.5574840" lon="139.4929850">
    <ele>42.5</ele>
    <time>2023-10-28T23:18:39Z</time>
   </trkpt>
   <trkpt lat="35.5574880" lon="139.4929690">
    <ele>42.4</ele>
    <time>2023-10-28T23:18:40Z</time>
   </trkpt>
   <trkpt lat="35.5574870" lon="139.4929300">
    <ele>42.3</ele>
    <time>2023-10-28T23:18:41Z</time>
   </trkpt>
   <trkpt lat="35.5574890" lon="139.4929180">
    <ele>42.3</ele>
    <time>2023-10-28T23:18:42Z</time>
   </trkpt>
   <trkpt lat="35.5574890" lon="139.4928850">
    <ele>42.3</ele>
    <time>2023-10-28T23:18:43Z</time>
   </trkpt>
   <trkpt lat="35.5574770" lon="139.4928540">
    <ele>42.2</ele>
    <time>2023-10-28T23:18:44Z</time>
   </trkpt>
   <trkpt lat="35.5574580" lon="139.4928120">
    <ele>42.1</ele>
    <time>2023-10-28T23:18:45Z</time>
   </trkpt>
   <trkpt lat="35.5574510" lon="139.4927960">
    <ele>42.1</ele>
    <time>2023-10-28T23:18:46Z</time>
   </trkpt>
   <trkpt lat="35.5574440" lon="139.4927520">
    <ele>42.0</ele>
    <time>2023-10-28T23:18:47Z</time>
   </trkpt>
   <trkpt lat="35.5574430" lon="139.4927370">
    <ele>42.0</ele>
    <time>2023-10-28T23:18:48Z</time>
   </trkpt>
   <trkpt lat="35.5574310" lon="139.4927060">
    <ele>42.0</ele>
    <time>2023-10-28T23:18:49Z</time>
   </trkpt>
   <trkpt lat="35.5574060" lon="139.4926870">
    <ele>41.9</ele>
    <time>2023-10-28T23:18:50Z</time>
   </trkpt>
   <trkpt lat="35.5573920" lon="139.4926560">
    <ele>41.9</ele>
    <time>2023-10-28T23:18:51Z</time>
   </trkpt>
   <trkpt lat="35.5573640" lon="139.4926270">
    <ele>41.8</ele>
    <time>2023-10-28T23:18:52Z</time>
   </trkpt>
   <trkpt lat="35.5573530" lon="139.4926200">
    <ele>41.8</ele>
    <time>2023-10-28T23:18:53Z</time>
   </trkpt>
   <trkpt lat="35.5573300" lon="139.4926000">
    <ele>41.8</ele>
    <time>2023-10-28T23:18:54Z</time>
   </trkpt>
   <trkpt lat="35.5573030" lon="139.4925740">
    <ele>41.7</ele>
    <time>2023-10-28T23:18:55Z</time>
   </trkpt>
   <trkpt lat="35.5572960" lon="139.4925650">
    <ele>41.7</ele>
    <time>2023-10-28T23:18:56Z</time>
   </trkpt>
   <trkpt lat="35.5572710" lon="139.4925470">
    <ele>41.7</ele>
    <time>2023-10-28T23:18:57Z</time>
   </trkpt>
   <trkpt lat="35.5572450" lon="139.4925300">
    <ele>41.6</ele>
    <time>2023-10-28T23:18:58Z</time>
   </trkpt>
   <trkpt lat="35.5572110" lon="139.4925160">
    <ele>41.6</ele>
    <time>2023-10-28T23:18:59Z</time>
   </trkpt>
   <trkpt lat="35.5572020" lon="139.4925100">
    <ele>41.6</ele>
    <time>2023-10-28T23:19:00Z</time>
   </trkpt>
   <trkpt lat="35.5571670" lon="139.4924880">
    <ele>41.5</ele>
    <time>2023-10-28T23:19:01Z</time>
   </trkpt>
   <trkpt lat="35.5571540" lon="139.4924850">
    <ele>41.5</ele>
    <time>2023-10-28T23:19:02Z</time>
   </trkpt>
   <trkpt lat="35.5571300" lon="139.4924720">
    <ele>41.5</ele>
    <time>2023-10-28T23:19:03Z</time>
   </trkpt>
   <trkpt lat="35.5571190" lon="139.4924700">
    <ele>41.5</ele>
    <time>2023-10-28T23:19:04Z</time>
   </trkpt>
   <trkpt lat="35.5570880" lon="139.4924560">
    <ele>41.4</ele>
    <time>2023-10-28T23:19:05Z</time>
   </trkpt>
   <trkpt lat="35.5570600" lon="139.4924480">
    <ele>41.4</ele>
    <time>2023-10-28T23:19:06Z</time>
   </trkpt>
   <trkpt lat="35.5570330" lon="139.4924260">
    <ele>41.4</ele>
    <time>2023-10-28T23:19:07Z</time>
   </trkpt>
   <trkpt lat="35.5570000" lon="139.4924080">
    <ele>41.4</ele>
    <time>2023-10-28T23:19:08Z</time>
   </trkpt>
   <trkpt lat="35.5569880" lon="139.4924030">
    <ele>41.4</ele>
    <time>2023-10-28T23:19:09Z</time>
   </trkpt>
   <trkpt lat="35.5569460" lon="139.4923880">
    <ele>41.3</ele>
    <time>2023-10-28T23:19:10Z</time>
   </trkpt>
   <trkpt lat="35.5569290" lon="139.4923820">
    <ele>41.3</ele>
    <time>2023-10-28T23:19:11Z</time>
   </trkpt>
   <trkpt lat="35.5569030" lon="139.4923730">
    <ele>41.3</ele>
    <time>2023-10-28T23:19:12Z</time>
   </trkpt>
   <trkpt lat="35.5568790" lon="139.4923500">
    <ele>41.3</ele>
    <time>2023-10-28T23:19:13Z</time>
   </trkpt>
   <trkpt lat="35.5568430" lon="139.4923330">
    <ele>41.2</ele>
    <time>2023-10-28T23:19:14Z</time>
   </trkpt>
   <trkpt lat="35.5568290" lon="139.4923300">
    <ele>41.2</ele>
    <time>2023-10-28T23:19:15Z</time>
   </trkpt>
   <trkpt lat="35.5568000" lon="139.4923360">
    <ele>41.2</ele>
    <time>2023-10-28T23:19:16Z</time>
   </trkpt>
   <trkpt lat="35.5567700" lon="139.4923190">
    <ele>41.2</ele>
    <time>2023-10-28T23:19:17Z</time>
   </trkpt>
   <trkpt lat="35.5567450" lon="139.4923010">
    <ele>41.1</ele>
    <time>2023-10-28T23:19:18Z</time>
   </trkpt>
   <trkpt lat="35.5567150" lon="139.4922850">
    <ele>41.1</ele>
    <time>2023-10-28T23:19:19Z</time>
   </trkpt>
   <trkpt lat="35.5566790" lon="139.4922770">
    <ele>41.0</ele>
    <time>2023-10-28T23:19:20Z</time>
   </trkpt>
   <trkpt lat="35.5566660" lon="139.4922730">
    <ele>41.0</ele>
    <time>2023-10-28T23:19:21Z</time>
   </trkpt>
   <trkpt lat="35.5566360" lon="139.4922500">
    <ele>41.0</ele>
    <time>2023-10-28T23:19:22Z</time>
   </trkpt>
   <trkpt lat="35.5566220" lon="139.4922410">
    <ele>41.0</ele>
    <time>2023-10-28T23:19:23Z</time>
   </trkpt>
   <trkpt lat="35.5565960" lon="139.4922210">
    <ele>40.9</ele>
    <time>2023-10-28T23:19:24Z</time>
   </trkpt>
   <trkpt lat="35.5565580" lon="139.4922070">
    <ele>40.9</ele>
    <time>2023-10-28T23:19:25Z</time>
   </trkpt>
   <trkpt lat="35.5565430" lon="139.4921990">
    <ele>40.8</ele>
    <time>2023-10-28T23:19:26Z</time>
   </trkpt>
   <trkpt lat="35.5565180" lon="139.4921760">
    <ele>40.8</ele>
    <time>2023-10-28T23:19:27Z</time>
   </trkpt>
   <trkpt lat="35.5564830" lon="139.4921700">
    <ele>40.8</ele>
    <time>2023-10-28T23:19:28Z</time>
   </trkpt>
   <trkpt lat="35.5564690" lon="139.4921680">
    <ele>40.7</ele>
    <time>2023-10-28T23:19:29Z</time>
   </trkpt>
   <trkpt lat="35.5564420" lon="139.4921600">
    <ele>40.7</ele>
    <time>2023-10-28T23:19:30Z</time>
   </trkpt>
   <trkpt lat="35.5564170" lon="139.4921410">
    <ele>40.6</ele>
    <time>2023-10-28T23:19:31Z</time>
   </trkpt>
   <trkpt lat="35.5563890" lon="139.4921270">
    <ele>40.6</ele>
    <time>2023-10-28T23:19:32Z</time>
   </trkpt>
   <trkpt lat="35.5563610" lon="139.4921160">
    <ele>40.6</ele>
    <time>2023-10-28T23:19:33Z</time>
   </trkpt>
   <trkpt lat="35.5563260" lon="139.4920890">
    <ele>40.5</ele>
    <time>2023-10-28T23:19:34Z</time>
   </trkpt>
   <trkpt lat="35.5563130" lon="139.4920820">
    <ele>40.5</ele>
    <time>2023-10-28T23:19:35Z</time>
   </trkpt>
   <trkpt lat="35.5562770" lon="139.4920590">
    <ele>40.4</ele>
    <time>2023-10-28T23:19:36Z</time>
   </trkpt>
   <trkpt lat="35.5562650" lon="139.4920540">
    <ele>40.4</ele>
    <time>2023-10-28T23:19:37Z</time>
   </trkpt>
   <trkpt lat="35.5562060" lon="139.4920150">
    <ele>40.3</ele>
    <time>2023-10-28T23:19:38Z</time>
   </trkpt>
   <trkpt lat="35.5561730" lon="139.4919860">
    <ele>40.2</ele>
    <time>2023-10-28T23:19:39Z</time>
   </trkpt>
   <trkpt lat="35.5561390" lon="139.4919570">
    <ele>40.2</ele>
    <time>2023-10-28T23:19:46Z</time>
   </trkpt>
   <trkpt lat="35.5561060" lon="139.4919280">
    <ele>40.1</ele>
    <time>2023-10-28T23:19:47Z</time>
   </trkpt>
   <trkpt lat="35.5561140" lon="139.4918790">
    <ele>40.0</ele>
    <time>2023-10-28T23:19:48Z</time>
   </trkpt>
   <trkpt lat="35.5561160" lon="139.4918610">
    <ele>40.0</ele>
    <time>2023-10-28T23:19:49Z</time>
   </trkpt>
   <trkpt lat="35.5561190" lon="139.4918270">
    <ele>40.0</ele>
    <time>2023-10-28T23:19:50Z</time>
   </trkpt>
   <trkpt lat="35.5561220" lon="139.4918130">
    <ele>40.0</ele>
    <time>2023-10-28T23:19:51Z</time>
   </trkpt>
   <trkpt lat="35.5561270" lon="139.4917850">
    <ele>40.0</ele>
    <time>2023-10-28T23:19:52Z</time>
   </trkpt>
   <trkpt lat="35.5561420" lon="139.4917540">
    <ele>40.0</ele>
    <time>2023-10-28T23:19:53Z</time>
   </trkpt>
   <trkpt lat="35.5561490" lon="139.4917380">
    <ele>40.0</ele>
    <time>2023-10-28T23:19:54Z</time>
   </trkpt>
   <trkpt lat="35.5561540" lon="139.4917240">
    <ele>40.0</ele>
    <time>2023-10-28T23:19:55Z</time>
   </trkpt>
   <trkpt lat="35.5561640" lon="139.4917040">
    <ele>40.1</ele>
    <time>2023-10-28T23:19:56Z</time>
   </trkpt>
   <trkpt lat="35.5561750" lon="139.4916680">
    <ele>40.1</ele>
    <time>2023-10-28T23:19:57Z</time>
   </trkpt>
   <trkpt lat="35.5561800" lon="139.4916580">
    <ele>40.1</ele>
    <time>2023-10-28T23:19:58Z</time>
   </trkpt>
   <trkpt lat="35.5561930" lon="139.4916210">
    <ele>40.2</ele>
    <time>2023-10-28T23:19:59Z</time>
   </trkpt>
   <trkpt lat="35.5561940" lon="139.4916110">
    <ele>40.2</ele>
    <time>2023-10-28T23:20:00Z</time>
   </trkpt>
   <trkpt lat="35.5562050" lon="139.4915860">
    <ele>40.3</ele>
    <time>2023-10-28T23:20:01Z</time>
   </trkpt>
   <trkpt lat="35.5562150" lon="139.4915770">
    <ele>40.3</ele>
    <time>2023-10-28T23:20:02Z</time>
   </trkpt>
   <trkpt lat="35.5562410" lon="139.4915580">
    <ele>40.3</ele>
    <time>2023-10-28T23:20:03Z</time>
   </trkpt>
   <trkpt lat="35.5562470" lon="139.4915540">
    <ele>40.3</ele>
    <time>2023-10-28T23:20:04Z</time>
   </trkpt>
   <trkpt lat="35.5562720" lon="139.4915520">
    <ele>40.3</ele>
    <time>2023-10-28T23:20:05Z</time>
   </trkpt>
   <trkpt lat="35.5562610" lon="139.4915340">
    <ele>40.3</ele>
    <time>2023-10-28T23:20:06Z</time>
   </trkpt>
   <trkpt lat="35.5562450" lon="139.4915270">
    <ele>40.3</ele>
    <time>2023-10-28T23:20:07Z</time>
   </trkpt>
   <trkpt lat="35.5562290" lon="139.4915200">
    <ele>40.3</ele>
    <time>2023-10-28T23:20:08Z</time>
   </trkpt>
   <trkpt lat="35.5562170" lon="139.4915230">
    <ele>40.3</ele>
    <time>2023-10-28T23:20:09Z</time>
   </trkpt>
   <trkpt lat="35.5561970" lon="139.4915180">
    <ele>40.3</ele>
    <time>2023-10-28T23:20:10Z</time>
   </trkpt>
   <trkpt lat="35.5561680" lon="139.4915050">
    <ele>40.3</ele>
    <time>2023-10-28T23:20:11Z</time>
   </trkpt>
   <trkpt lat="35.5561600" lon="139.4915040">
    <ele>40.3</ele>
    <time>2023-10-28T23:20:12Z</time>
   </trkpt>
   <trkpt lat="35.5561420" lon="139.4914960">
    <ele>40.2</ele>
    <time>2023-10-28T23:20:13Z</time>
   </trkpt>
   <trkpt lat="35.5561250" lon="139.4914960">
    <ele>40.2</ele>
    <time>2023-10-28T23:20:14Z</time>
   </trkpt>
   <trkpt lat="35.5560930" lon="139.4914860">
    <ele>40.2</ele>
    <time>2023-10-28T23:20:15Z</time>
   </trkpt>
   <trkpt lat="35.5560810" lon="139.4914820">
    <ele>40.2</ele>
    <time>2023-10-28T23:20:16Z</time>
   </trkpt>
   <trkpt lat="35.5560550" lon="139.4914740">
    <ele>40.2</ele>
    <time>2023-10-28T23:20:17Z</time>
   </trkpt>
   <trkpt lat="35.5560450" lon="139.4914710">
    <ele>40.2</ele>
    <time>2023-10-28T23:20:18Z</time>
   </trkpt>
   <trkpt lat="35.5560160" lon="139.4914630">
    <ele>40.2</ele>
    <time>2023-10-28T23:20:19Z</time>
   </trkpt>
   <trkpt lat="35.5560080" lon="139.4914600">
    <ele>40.2</ele>
    <time>2023-10-28T23:20:20Z</time>
   </trkpt>
   <trkpt lat="35.5559800" lon="139.4914420">
    <ele>40.1</ele>
    <time>2023-10-28T23:20:21Z</time>
   </trkpt>
   <trkpt lat="35.5559760" lon="139.4914390">
    <ele>40.1</ele>
    <time>2023-10-28T23:20:22Z</time>
   </trkpt>
   <trkpt lat="35.5559420" lon="139.4914370">
    <ele>40.1</ele>
    <time>2023-10-28T23:20:23Z</time>
   </trkpt>
   <trkpt lat="35.5559280" lon="139.4914360">
    <ele>40.1</ele>
    <time>2023-10-28T23:20:24Z</time>
   </trkpt>
   <trkpt lat="35.5559010" lon="139.4914330">
    <ele>40.1</ele>
    <time>2023-10-28T23:20:25Z</time>
   </trkpt>
   <trkpt lat="35.5558890" lon="139.4914300">
    <ele>40.1</ele>
    <time>2023-10-28T23:20:26Z</time>
   </trkpt>
   <trkpt lat="35.5558600" lon="139.4914270">
    <ele>40.1</ele>
    <time>2023-10-28T23:20:27Z</time>
   </trkpt>
   <trkpt lat="35.5558480" lon="139.4914240">
    <ele>40.1</ele>
    <time>2023-10-28T23:20:28Z</time>
   </trkpt>
   <trkpt lat="35.5558160" lon="139.4914140">
    <ele>40.1</ele>
    <time>2023-10-28T23:20:29Z</time>
   </trkpt>
   <trkpt lat="35.5558090" lon="139.4914090">
    <ele>40.1</ele>
    <time>2023-10-28T23:20:30Z</time>
   </trkpt>
   <trkpt lat="35.5557860" lon="139.4913830">
    <ele>40.1</ele>
    <time>2023-10-28T23:20:31Z</time>
   </trkpt>
   <trkpt lat="35.5557820" lon="139.4913780">
    <ele>40.0</ele>
    <time>2023-10-28T23:20:32Z</time>
   </trkpt>
   <trkpt lat="35.5557710" lon="139.4913760">
    <ele>40.0</ele>
    <time>2023-10-28T23:20:33Z</time>
   </trkpt>
   <trkpt lat="35.5557540" lon="139.4913610">
    <ele>40.0</ele>
    <time>2023-10-28T23:20:34Z</time>
   </trkpt>
   <trkpt lat="35.5557340" lon="139.4913600">
    <ele>40.0</ele>
    <time>2023-10-28T23:20:35Z</time>
   </trkpt>
   <trkpt lat="35.5557200" lon="139.4913640">
    <ele>40.0</ele>
    <time>2023-10-28T23:20:36Z</time>
   </trkpt>
   <trkpt lat="35.5556920" lon="139.4913390">
    <ele>40.0</ele>
    <time>2023-10-28T23:20:37Z</time>
   </trkpt>
   <trkpt lat="35.5556810" lon="139.4913350">
    <ele>40.0</ele>
    <time>2023-10-28T23:20:38Z</time>
   </trkpt>
   <trkpt lat="35.5556540" lon="139.4913180">
    <ele>40.0</ele>
    <time>2023-10-28T23:20:39Z</time>
   </trkpt>
   <trkpt lat="35.5556430" lon="139.4913080">
    <ele>40.0</ele>
    <time>2023-10-28T23:20:40Z</time>
   </trkpt>
   <trkpt lat="35.5556080" lon="139.4912820">
    <ele>40.0</ele>
    <time>2023-10-28T23:20:41Z</time>
   </trkpt>
   <trkpt lat="35.5555830" lon="139.4912700">
    <ele>39.9</ele>
    <time>2023-10-28T23:20:42Z</time>
   </trkpt>
   <trkpt lat="35.5555730" lon="139.4912610">
    <ele>39.9</ele>
    <time>2023-10-28T23:20:43Z</time>
   </trkpt>
   <trkpt lat="35.5555370" lon="139.4912490">
    <ele>39.9</ele>
    <time>2023-10-28T23:20:44Z</time>
   </trkpt>
   <trkpt lat="35.5555230" lon="139.4912420">
    <ele>39.9</ele>
    <time>2023-10-28T23:20:45Z</time>
   </trkpt>
   <trkpt lat="35.5554960" lon="139.4912180">
    <ele>39.9</ele>
    <time>2023-10-28T23:20:46Z</time>
   </trkpt>
   <trkpt lat="35.5554540" lon="139.4911970">
    <ele>39.8</ele>
    <time>2023-10-28T23:20:47Z</time>
   </trkpt>
   <trkpt lat="35.5554260" lon="139.4911690">
    <ele>39.8</ele>
    <time>2023-10-28T23:20:48Z</time>
   </trkpt>
   <trkpt lat="35.5553940" lon="139.4911350">
    <ele>39.8</ele>
    <time>2023-10-28T23:20:49Z</time>
   </trkpt>
   <trkpt lat="35.5553820" lon="139.4911210">
    <ele>39.8</ele>
    <time>2023-10-28T23:20:50Z</time>
   </trkpt>
   <trkpt lat="35.5553670" lon="139.4910960">
    <ele>39.7</ele>
    <time>2023-10-28T23:20:51Z</time>
   </trkpt>
   <trkpt lat="35.5553440" lon="139.4910770">
    <ele>39.7</ele>
    <time>2023-10-28T23:20:53Z</time>
   </trkpt>
   <trkpt lat="35.5553130" lon="139.4910600">
    <ele>39.6</ele>
    <time>2023-10-28T23:20:54Z</time>
   </trkpt>
   <trkpt lat="35.5552870" lon="139.4910320">
    <ele>39.5</ele>
    <time>2023-10-28T23:20:55Z</time>
   </trkpt>
   <trkpt lat="35.5552630" lon="139.4910040">
    <ele>39.4</ele>
    <time>2023-10-28T23:20:56Z</time>
   </trkpt>
   <trkpt lat="35.5552380" lon="139.4909880">
    <ele>39.4</ele>
    <time>2023-10-28T23:20:57Z</time>
   </trkpt>
   <trkpt lat="35.5552150" lon="139.4909650">
    <ele>39.3</ele>
    <time>2023-10-28T23:20:58Z</time>
   </trkpt>
   <trkpt lat="35.5551910" lon="139.4909430">
    <ele>39.2</ele>
    <time>2023-10-28T23:20:59Z</time>
   </trkpt>
   <trkpt lat="35.5551600" lon="139.4909240">
    <ele>39.1</ele>
    <time>2023-10-28T23:21:00Z</time>
   </trkpt>
   <trkpt lat="35.5551290" lon="139.4909070">
    <ele>39.1</ele>
    <time>2023-10-28T23:21:01Z</time>
   </trkpt>
   <trkpt lat="35.5551160" lon="139.4908980">
    <ele>39.0</ele>
    <time>2023-10-28T23:21:02Z</time>
   </trkpt>
   <trkpt lat="35.5550930" lon="139.4908800">
    <ele>39.0</ele>
    <time>2023-10-28T23:21:03Z</time>
   </trkpt>
   <trkpt lat="35.5550660" lon="139.4908700">
    <ele>38.9</ele>
    <time>2023-10-28T23:21:04Z</time>
   </trkpt>
   <trkpt lat="35.5550420" lon="139.4908540">
    <ele>38.9</ele>
    <time>2023-10-28T23:21:05Z</time>
   </trkpt>
   <trkpt lat="35.5550200" lon="139.4908280">
    <ele>38.8</ele>
    <time>2023-10-28T23:21:06Z</time>
   </trkpt>
   <trkpt lat="35.5549910" lon="139.4908050">
    <ele>38.8</ele>
    <time>2023-10-28T23:21:07Z</time>
   </trkpt>
   <trkpt lat="35.5549820" lon="139.4907980">
    <ele>38.8</ele>
    <time>2023-10-28T23:21:08Z</time>
   </trkpt>
   <trkpt lat="35.5549580" lon="139.4907710">
    <ele>38.7</ele>
    <time>2023-10-28T23:21:09Z</time>
   </trkpt>
   <trkpt lat="35.5549170" lon="139.4907350">
    <ele>38.6</ele>
    <time>2023-10-28T23:21:10Z</time>
   </trkpt>
   <trkpt lat="35.5548870" lon="139.4907130">
    <ele>38.5</ele>
    <time>2023-10-28T23:21:11Z</time>
   </trkpt>
   <trkpt lat="35.5548770" lon="139.4907050">
    <ele>38.4</ele>
    <time>2023-10-28T23:21:12Z</time>
   </trkpt>
   <trkpt lat="35.5548480" lon="139.4906820">
    <ele>38.3</ele>
    <time>2023-10-28T23:21:13Z</time>
   </trkpt>
   <trkpt lat="35.5548390" lon="139.4906760">
    <ele>38.3</ele>
    <time>2023-10-28T23:21:14Z</time>
   </trkpt>
   <trkpt lat="35.5548210" lon="139.4906460">
    <ele>38.2</ele>
    <time>2023-10-28T23:21:15Z</time>
   </trkpt>
   <trkpt lat="35.5548150" lon="139.4906350">
    <ele>38.1</ele>
    <time>2023-10-28T23:21:16Z</time>
   </trkpt>
   <trkpt lat="35.5547830" lon="139.4906130">
    <ele>38.0</ele>
    <time>2023-10-28T23:21:17Z</time>
   </trkpt>
   <trkpt lat="35.5547700" lon="139.4906060">
    <ele>38.0</ele>
    <time>2023-10-28T23:21:18Z</time>
   </trkpt>
   <trkpt lat="35.5547440" lon="139.4905920">
    <ele>37.9</ele>
    <time>2023-10-28T23:21:19Z</time>
   </trkpt>
   <trkpt lat="35.5547200" lon="139.4905750">
    <ele>37.8</ele>
    <time>2023-10-28T23:21:20Z</time>
   </trkpt>
   <trkpt lat="35.5547090" lon="139.4905730">
    <ele>37.8</ele>
    <time>2023-10-28T23:21:21Z</time>
   </trkpt>
   <trkpt lat="35.5546740" lon="139.4905500">
    <ele>37.7</ele>
    <time>2023-10-28T23:21:22Z</time>
   </trkpt>
   <trkpt lat="35.5546610" lon="139.4905390">
    <ele>37.6</ele>
    <time>2023-10-28T23:21:23Z</time>
   </trkpt>
   <trkpt lat="35.5546360" lon="139.4905230">
    <ele>37.5</ele>
    <time>2023-10-28T23:21:24Z</time>
   </trkpt>
   <trkpt lat="35.5546100" lon="139.4905000">
    <ele>37.4</ele>
    <time>2023-10-28T23:21:25Z</time>
   </trkpt>
   <trkpt lat="35.5545920" lon="139.4904750">
    <ele>37.3</ele>
    <time>2023-10-28T23:21:26Z</time>
   </trkpt>
   <trkpt lat="35.5545710" lon="139.4904620">
    <ele>37.2</ele>
    <time>2023-10-28T23:21:27Z</time>
   </trkpt>
   <trkpt lat="35.5545450" lon="139.4904460">
    <ele>37.1</ele>
    <time>2023-10-28T23:21:28Z</time>
   </trkpt>
   <trkpt lat="35.5543560" lon="139.4902910">
    <ele>36.5</ele>
    <time>2023-10-28T23:21:40Z</time>
   </trkpt>
   <trkpt lat="35.5543530" lon="139.4902550">
    <ele>36.5</ele>
    <time>2023-10-28T23:21:41Z</time>
   </trkpt>
   <trkpt lat="35.5543420" lon="139.4902100">
    <ele>36.4</ele>
    <time>2023-10-28T23:21:42Z</time>
   </trkpt>
   <trkpt lat="35.5543370" lon="139.4901940">
    <ele>36.4</ele>
    <time>2023-10-28T23:21:43Z</time>
   </trkpt>
   <trkpt lat="35.5543260" lon="139.4901500">
    <ele>36.4</ele>
    <time>2023-10-28T23:21:44Z</time>
   </trkpt>
   <trkpt lat="35.5543240" lon="139.4901330">
    <ele>36.4</ele>
    <time>2023-10-28T23:21:45Z</time>
   </trkpt>
   <trkpt lat="35.5543210" lon="139.4900970">
    <ele>36.4</ele>
    <time>2023-10-28T23:21:46Z</time>
   </trkpt>
   <trkpt lat="35.5543150" lon="139.4900610">
    <ele>36.4</ele>
    <time>2023-10-28T23:21:47Z</time>
   </trkpt>
   <trkpt lat="35.5543000" lon="139.4900240">
    <ele>36.4</ele>
    <time>2023-10-28T23:21:48Z</time>
   </trkpt>
   <trkpt lat="35.5542970" lon="139.4900150">
    <ele>36.4</ele>
    <time>2023-10-28T23:21:49Z</time>
   </trkpt>
   <trkpt lat="35.5542920" lon="139.4899640">
    <ele>36.4</ele>
    <time>2023-10-28T23:21:50Z</time>
   </trkpt>
   <trkpt lat="35.5542960" lon="139.4899440">
    <ele>36.4</ele>
    <time>2023-10-28T23:21:51Z</time>
   </trkpt>
   <trkpt lat="35.5542990" lon="139.4899080">
    <ele>36.4</ele>
    <time>2023-10-28T23:21:52Z</time>
   </trkpt>
   <trkpt lat="35.5542930" lon="139.4898650">
    <ele>36.4</ele>
    <time>2023-10-28T23:21:53Z</time>
   </trkpt>
   <trkpt lat="35.5542940" lon="139.4898470">
    <ele>36.4</ele>
    <time>2023-10-28T23:21:54Z</time>
   </trkpt>
   <trkpt lat="35.5542890" lon="139.4898060">
    <ele>36.3</ele>
    <time>2023-10-28T23:21:55Z</time>
   </trkpt>
   <trkpt lat="35.5542940" lon="139.4897900">
    <ele>36.4</ele>
    <time>2023-10-28T23:21:56Z</time>
   </trkpt>
   <trkpt lat="35.5543030" lon="139.4897580">
    <ele>37.2</ele>
    <time>2023-10-28T23:21:57Z</time>
   </trkpt>
   <trkpt lat="35.5543160" lon="139.4897220">
    <ele>38.2</ele>
    <time>2023-10-28T23:21:58Z</time>
   </trkpt>
   <trkpt lat="35.5543490" lon="139.4897130">
    <ele>39.2</ele>
    <time>2023-10-28T23:21:59Z</time>
   </trkpt>
   <trkpt lat="35.5543600" lon="139.4896680">
    <ele>40.3</ele>
    <time>2023-10-28T23:22:00Z</time>
   </trkpt>
   <trkpt lat="35.5543640" lon="139.4896540">
    <ele>40.7</ele>
    <time>2023-10-28T23:22:01Z</time>
   </trkpt>
   <trkpt lat="35.5543780" lon="139.4896210">
    <ele>41.2</ele>
    <time>2023-10-28T23:22:02Z</time>
   </trkpt>
   <trkpt lat="35.5543800" lon="139.4896130">
    <ele>41.2</ele>
    <time>2023-10-28T23:22:03Z</time>
   </trkpt>
   <trkpt lat="35.5543930" lon="139.4895740">
    <ele>41.3</ele>
    <time>2023-10-28T23:22:04Z</time>
   </trkpt>
   <trkpt lat="35.5544000" lon="139.4895630">
    <ele>41.3</ele>
    <time>2023-10-28T23:22:05Z</time>
   </trkpt>
   <trkpt lat="35.5544150" lon="139.4895530">
    <ele>41.4</ele>
    <time>2023-10-28T23:22:06Z</time>
   </trkpt>
   <trkpt lat="35.5544250" lon="139.4895330">
    <ele>41.5</ele>
    <time>2023-10-28T23:22:07Z</time>
   </trkpt>
   <trkpt lat="35.5544490" lon="139.4895070">
    <ele>41.6</ele>
    <time>2023-10-28T23:22:08Z</time>
   </trkpt>
   <trkpt lat="35.5544560" lon="139.4895020">
    <ele>41.6</ele>
    <time>2023-10-28T23:22:09Z</time>
   </trkpt>
   <trkpt lat="35.5544790" lon="139.4894780">
    <ele>41.7</ele>
    <time>2023-10-28T23:22:10Z</time>
   </trkpt>
   <trkpt lat="35.5544870" lon="139.4894680">
    <ele>41.8</ele>
    <time>2023-10-28T23:22:11Z</time>
   </trkpt>
   <trkpt lat="35.5545060" lon="139.4894430">
    <ele>41.9</ele>
    <time>2023-10-28T23:22:12Z</time>
   </trkpt>
   <trkpt lat="35.5545130" lon="139.4894300">
    <ele>41.9</ele>
    <time>2023-10-28T23:22:13Z</time>
   </trkpt>
   <trkpt lat="35.5545390" lon="139.4894070">
    <ele>42.1</ele>
    <time>2023-10-28T23:22:14Z</time>
   </trkpt>
   <trkpt lat="35.5545460" lon="139.4894010">
    <ele>42.1</ele>
    <time>2023-10-28T23:22:15Z</time>
   </trkpt>
   <trkpt lat="35.5545660" lon="139.4893740">
    <ele>41.4</ele>
    <time>2023-10-28T23:22:16Z</time>
   </trkpt>
   <trkpt lat="35.5545730" lon="139.4893660">
    <ele>41.3</ele>
    <time>2023-10-28T23:22:17Z</time>
   </trkpt>
   <trkpt lat="35.5545910" lon="139.4893580">
    <ele>41.7</ele>
    <time>2023-10-28T23:22:18Z</time>
   </trkpt>
   <trkpt lat="35.5546000" lon="139.4893570">
    <ele>41.7</ele>
    <time>2023-10-28T23:22:19Z</time>
   </trkpt>
   <trkpt lat="35.5546090" lon="139.4893560">
    <ele>41.6</ele>
    <time>2023-10-28T23:22:20Z</time>
   </trkpt>
   <trkpt lat="35.5546090" lon="139.4893520">
    <ele>41.6</ele>
    <time>2023-10-28T23:22:21Z</time>
   </trkpt>
   <trkpt lat="35.5546050" lon="139.4893820">
    <ele>42.3</ele>
    <time>2023-10-28T23:22:22Z</time>
   </trkpt>
   <trkpt lat="35.5546050" lon="139.4894000">
    <ele>42.2</ele>
    <time>2023-10-28T23:22:23Z</time>
   </trkpt>
   <trkpt lat="35.5546030" lon="139.4894480">
    <ele>42.8</ele>
    <time>2023-10-28T23:22:24Z</time>
   </trkpt>
   <trkpt lat="35.5546080" lon="139.4894680">
    <ele>43.3</ele>
    <time>2023-10-28T23:22:25Z</time>
   </trkpt>
   <trkpt lat="35.5546190" lon="139.4895040">
    <ele>44.6</ele>
    <time>2023-10-28T23:22:26Z</time>
   </trkpt>
   <trkpt lat="35.5546340" lon="139.4895440">
    <ele>44.6</ele>
    <time>2023-10-28T23:22:27Z</time>
   </trkpt>
   <trkpt lat="35.5546440" lon="139.4895530">
    <ele>45.3</ele>
    <time>2023-10-28T23:22:28Z</time>
   </trkpt>
   <trkpt lat="35.5546470" lon="139.4895900">
    <ele>46.7</ele>
    <time>2023-10-28T23:22:29Z</time>
   </trkpt>
   <trkpt lat="35.5546500" lon="139.4896010">
    <ele>46.7</ele>
    <time>2023-10-28T23:22:30Z</time>
   </trkpt>
   <trkpt lat="35.5546420" lon="139.4896110">
    <ele>45.9</ele>
    <time>2023-10-28T23:22:31Z</time>
   </trkpt>
   <trkpt lat="35.5546320" lon="139.4896300">
    <ele>45.9</ele>
    <time>2023-10-28T23:22:32Z</time>
   </trkpt>
   <trkpt lat="35.5546180" lon="139.4896580">
    <ele>46.6</ele>
    <time>2023-10-28T23:22:33Z</time>
   </trkpt>
   <trkpt lat="35.5546110" lon="139.4896660">
    <ele>46.6</ele>
    <time>2023-10-28T23:22:34Z</time>
   </trkpt>
   <trkpt lat="35.5545820" lon="139.4896820">
    <ele>46.3</ele>
    <time>2023-10-28T23:22:35Z</time>
   </trkpt>
   <trkpt lat="35.5545630" lon="139.4897160">
    <ele>45.2</ele>
    <time>2023-10-28T23:22:36Z</time>
   </trkpt>
   <trkpt lat="35.5545560" lon="139.4897260">
    <ele>45.6</ele>
    <time>2023-10-28T23:22:37Z</time>
   </trkpt>
   <trkpt lat="35.5545580" lon="139.4897470">
    <ele>45.5</ele>
    <time>2023-10-28T23:22:38Z</time>
   </trkpt>
   <trkpt lat="35.5545610" lon="139.4897680">
    <ele>45.7</ele>
    <time>2023-10-28T23:22:39Z</time>
   </trkpt>
   <trkpt lat="35.5545680" lon="139.4898060">
    <ele>45.7</ele>
    <time>2023-10-28T23:22:40Z</time>
   </trkpt>
   <trkpt lat="35.5545680" lon="139.4898160">
    <ele>45.6</ele>
    <time>2023-10-28T23:22:41Z</time>
   </trkpt>
   <trkpt lat="35.5545700" lon="139.4898520">
    <ele>45.4</ele>
    <time>2023-10-28T23:22:42Z</time>
   </trkpt>
   <trkpt lat="35.5545710" lon="139.4898640">
    <ele>45.3</ele>
    <time>2023-10-28T23:22:43Z</time>
   </trkpt>
   <trkpt lat="35.5545780" lon="139.4898880">
    <ele>46.3</ele>
    <time>2023-10-28T23:22:44Z</time>
   </trkpt>
   <trkpt lat="35.5545840" lon="139.4898960">
    <ele>45.9</ele>
    <time>2023-10-28T23:22:45Z</time>
   </trkpt>
   <trkpt lat="35.5545890" lon="139.4899050">
    <ele>45.9</ele>
    <time>2023-10-28T23:22:46Z</time>
   </trkpt>
   <trkpt lat="35.5545810" lon="139.4899210">
    <ele>45.8</ele>
    <time>2023-10-28T23:22:47Z</time>
   </trkpt>
   <trkpt lat="35.5545740" lon="139.4899230">
    <ele>44.8</ele>
    <time>2023-10-28T23:22:48Z</time>
   </trkpt>
   <trkpt lat="35.5545660" lon="139.4899250">
    <ele>44.7</ele>
    <time>2023-10-28T23:22:49Z</time>
   </trkpt>
   <trkpt lat="35.5545590" lon="139.4899280">
    <ele>44.7</ele>
    <time>2023-10-28T23:22:50Z</time>
   </trkpt>
   <trkpt lat="35.5545510" lon="139.4899300">
    <ele>44.6</ele>
    <time>2023-10-28T23:23:18Z</time>
   </trkpt>
   <trkpt lat="35.5545440" lon="139.4899320">
    <ele>44.6</ele>
    <time>2023-10-28T23:23:19Z</time>
   </trkpt>
   <trkpt lat="35.5545190" lon="139.4899510">
    <ele>43.0</ele>
    <time>2023-10-28T23:23:20Z</time>
   </trkpt>
   <trkpt lat="35.5544990" lon="139.4899400">
    <ele>41.8</ele>
    <time>2023-10-28T23:23:21Z</time>
   </trkpt>
   <trkpt lat="35.5544940" lon="139.4899430">
    <ele>41.7</ele>
    <time>2023-10-28T23:23:22Z</time>
   </trkpt>
   <trkpt lat="35.5544850" lon="139.4899370">
    <ele>41.7</ele>
    <time>2023-10-28T23:23:23Z</time>
   </trkpt>
   <trkpt lat="35.5544800" lon="139.4899350">
    <ele>41.6</ele>
    <time>2023-10-28T23:23:24Z</time>
   </trkpt>
   <trkpt lat="35.5544700" lon="139.4899350">
    <ele>41.6</ele>
    <time>2023-10-28T23:23:25Z</time>
   </trkpt>
   <trkpt lat="35.5544700" lon="139.4899310">
    <ele>41.9</ele>
    <time>2023-10-28T23:23:26Z</time>
   </trkpt>
   <trkpt lat="35.5544610" lon="139.4899270">
    <ele>40.6</ele>
    <time>2023-10-28T23:23:27Z</time>
   </trkpt>
   <trkpt lat="35.5544620" lon="139.4899190">
    <ele>40.5</ele>
    <time>2023-10-28T23:23:28Z</time>
   </trkpt>
   <trkpt lat="35.5544580" lon="139.4899240">
    <ele>40.4</ele>
    <time>2023-10-28T23:23:29Z</time>
   </trkpt>
   <trkpt lat="35.5544510" lon="139.4899100">
    <ele>40.4</ele>
    <time>2023-10-28T23:23:30Z</time>
   </trkpt>
   <trkpt lat="35.5544480" lon="139.4899130">
    <ele>40.3</ele>
    <time>2023-10-28T23:23:31Z</time>
   </trkpt>
   <trkpt lat="35.5544430" lon="139.4899120">
    <ele>40.3</ele>
    <time>2023-10-28T23:23:32Z</time>
   </trkpt>
   <trkpt lat="35.5544350" lon="139.4899040">
    <ele>40.2</ele>
    <time>2023-10-28T23:23:33Z</time>
   </trkpt>
   <trkpt lat="35.5544270" lon="139.4899070">
    <ele>38.9</ele>
    <time>2023-10-28T23:23:34Z</time>
   </trkpt>
   <trkpt lat="35.5544210" lon="139.4899110">
    <ele>38.8</ele>
    <time>2023-10-28T23:23:35Z</time>
   </trkpt>
   <trkpt lat="35.5544190" lon="139.4899110">
    <ele>38.8</ele>
    <time>2023-10-28T23:23:36Z</time>
   </trkpt>
   <trkpt lat="35.5544130" lon="139.4899120">
    <ele>38.7</ele>
    <time>2023-10-28T23:23:37Z</time>
   </trkpt>
   <trkpt lat="35.5544070" lon="139.4899140">
    <ele>38.7</ele>
    <time>2023-10-28T23:23:38Z</time>
   </trkpt>
   <trkpt lat="35.5543910" lon="139.4899110">
    <ele>37.4</ele>
    <time>2023-10-28T23:23:39Z</time>
   </trkpt>
   <trkpt lat="35.5543890" lon="139.4899180">
    <ele>37.3</ele>
    <time>2023-10-28T23:23:40Z</time>
   </trkpt>
   <trkpt lat="35.5543860" lon="139.4899170">
    <ele>37.3</ele>
    <time>2023-10-28T23:23:41Z</time>
   </trkpt>
   <trkpt lat="35.5543710" lon="139.4899170">
    <ele>37.2</ele>
    <time>2023-10-28T23:23:42Z</time>
   </trkpt>
   <trkpt lat="35.5543570" lon="139.4899110">
    <ele>36.1</ele>
    <time>2023-10-28T23:23:43Z</time>
   </trkpt>
   <trkpt lat="35.5543430" lon="139.4898990">
    <ele>36.1</ele>
    <time>2023-10-28T23:23:44Z</time>
   </trkpt>
   <trkpt lat="35.5543200" lon="139.4898640">
    <ele>35.4</ele>
    <time>2023-10-28T23:23:45Z</time>
   </trkpt>
   <trkpt lat="35.5543110" lon="139.4898500">
    <ele>35.4</ele>
    <time>2023-10-28T23:23:46Z</time>
   </trkpt>
   <trkpt lat="35.5543190" lon="139.4898370">
    <ele>35.6</ele>
    <time>2023-10-28T23:23:47Z</time>
   </trkpt>
   <trkpt lat="35.5543250" lon="139.4898100">
    <ele>35.6</ele>
    <time>2023-10-28T23:23:48Z</time>
   </trkpt>
   <trkpt lat="35.5543240" lon="139.4897880">
    <ele>35.8</ele>
    <time>2023-10-28T23:23:49Z</time>
   </trkpt>
   <trkpt lat="35.5543260" lon="139.4897720">
    <ele>35.8</ele>
    <time>2023-10-28T23:23:50Z</time>
   </trkpt>
   <trkpt lat="35.5543270" lon="139.4897530">
    <ele>36.0</ele>
    <time>2023-10-28T23:23:51Z</time>
   </trkpt>
   <trkpt lat="35.5543440" lon="139.4897410">
    <ele>36.7</ele>
    <time>2023-10-28T23:23:52Z</time>
   </trkpt>
   <trkpt lat="35.5543570" lon="139.4897080">
    <ele>36.9</ele>
    <time>2023-10-28T23:23:53Z</time>
   </trkpt>
   <trkpt lat="35.5543620" lon="139.4896690">
    <ele>37.0</ele>
    <time>2023-10-28T23:23:54Z</time>
   </trkpt>
   <trkpt lat="35.5543620" lon="139.4896590">
    <ele>37.0</ele>
    <time>2023-10-28T23:23:55Z</time>
   </trkpt>
   <trkpt lat="35.5543570" lon="139.4896480">
    <ele>36.9</ele>
    <time>2023-10-28T23:23:56Z</time>
   </trkpt>
   <trkpt lat="35.5543470" lon="139.4896420">
    <ele>36.8</ele>
    <time>2023-10-28T23:23:57Z</time>
   </trkpt>
   <trkpt lat="35.5543440" lon="139.4896230">
    <ele>36.8</ele>
    <time>2023-10-28T23:23:58Z</time>
   </trkpt>
   <trkpt lat="35.5543290" lon="139.4895800">
    <ele>36.0</ele>
    <time>2023-10-28T23:23:59Z</time>
   </trkpt>
   <trkpt lat="35.5543250" lon="139.4895640">
    <ele>35.9</ele>
    <time>2023-10-28T23:24:00Z</time>
   </trkpt>
   <trkpt lat="35.5543380" lon="139.4895290">
    <ele>35.9</ele>
    <time>2023-10-28T23:24:01Z</time>
   </trkpt>
   <trkpt lat="35.5543450" lon="139.4895200">
    <ele>35.9</ele>
    <time>2023-10-28T23:24:02Z</time>
   </trkpt>
   <trkpt lat="35.5543610" lon="139.4894820">
    <ele>35.9</ele>
    <time>2023-10-28T23:24:03Z</time>
   </trkpt>
   <trkpt lat="35.5543850" lon="139.4894600">
    <ele>35.9</ele>
    <time>2023-10-28T23:24:04Z</time>
   </trkpt>
   <trkpt lat="35.5544140" lon="139.4894540">
    <ele>35.9</ele>
    <time>2023-10-28T23:24:05Z</time>
   </trkpt>
   <trkpt lat="35.5544330" lon="139.4894240">
    <ele>35.9</ele>
    <time>2023-10-28T23:24:06Z</time>
   </trkpt>
   <trkpt lat="35.5544320" lon="139.4894090">
    <ele>35.9</ele>
    <time>2023-10-28T23:24:07Z</time>
   </trkpt>
   <trkpt lat="35.5544510" lon="139.4893700">
    <ele>36.0</ele>
    <time>2023-10-28T23:24:08Z</time>
   </trkpt>
   <trkpt lat="35.5544620" lon="139.4893610">
    <ele>36.0</ele>
    <time>2023-10-28T23:24:09Z</time>
   </trkpt>
   <trkpt lat="35.5544940" lon="139.4893400">
    <ele>36.1</ele>
    <time>2023-10-28T23:24:10Z</time>
   </trkpt>
   <trkpt lat="35.5545020" lon="139.4893280">
    <ele>36.1</ele>
    <time>2023-10-28T23:24:11Z</time>
   </trkpt>
   <trkpt lat="35.5545260" lon="139.4892930">
    <ele>36.2</ele>
    <time>2023-10-28T23:24:12Z</time>
   </trkpt>
   <trkpt lat="35.5545330" lon="139.4892820">
    <ele>36.2</ele>
    <time>2023-10-28T23:24:13Z</time>
   </trkpt>
   <trkpt lat="35.5545480" lon="139.4892480">
    <ele>36.3</ele>
    <time>2023-10-28T23:24:14Z</time>
   </trkpt>
   <trkpt lat="35.5545520" lon="139.4892300">
    <ele>36.3</ele>
    <time>2023-10-28T23:24:15Z</time>
   </trkpt>
   <trkpt lat="35.5545830" lon="139.4892110">
    <ele>36.4</ele>
    <time>2023-10-28T23:24:16Z</time>
   </trkpt>
   <trkpt lat="35.5546160" lon="139.4891830">
    <ele>36.5</ele>
    <time>2023-10-28T23:24:17Z</time>
   </trkpt>
   <trkpt lat="35.5546270" lon="139.4891670">
    <ele>36.5</ele>
    <time>2023-10-28T23:24:18Z</time>
   </trkpt>
   <trkpt lat="35.5546520" lon="139.4891470">
    <ele>36.6</ele>
    <time>2023-10-28T23:24:19Z</time>
   </trkpt>
   <trkpt lat="35.5546670" lon="139.4891120">
    <ele>36.7</ele>
    <time>2023-10-28T23:24:20Z</time>
   </trkpt>
   <trkpt lat="35.5546960" lon="139.4890870">
    <ele>36.8</ele>
    <time>2023-10-28T23:24:21Z</time>
   </trkpt>
   <trkpt lat="35.5547060" lon="139.4890820">
    <ele>36.8</ele>
    <time>2023-10-28T23:24:22Z</time>
   </trkpt>
   <trkpt lat="35.5547300" lon="139.4890630">
    <ele>36.9</ele>
    <time>2023-10-28T23:24:23Z</time>
   </trkpt>
   <trkpt lat="35.5547560" lon="139.4890290">
    <ele>37.0</ele>
    <time>2023-10-28T23:24:24Z</time>
   </trkpt>
   <trkpt lat="35.5547650" lon="139.4890170">
    <ele>37.0</ele>
    <time>2023-10-28T23:24:25Z</time>
   </trkpt>
   <trkpt lat="35.5547850" lon="139.4889930">
    <ele>37.1</ele>
    <time>2023-10-28T23:24:26Z</time>
   </trkpt>
   <trkpt lat="35.5547960" lon="139.4889860">
    <ele>37.2</ele>
    <time>2023-10-28T23:24:27Z</time>
   </trkpt>
   <trkpt lat="35.5548180" lon="139.4889650">
    <ele>37.3</ele>
    <time>2023-10-28T23:24:28Z</time>
   </trkpt>
   <trkpt lat="35.5548540" lon="139.4889490">
    <ele>37.4</ele>
    <time>2023-10-28T23:24:29Z</time>
   </trkpt>
   <trkpt lat="35.5548690" lon="139.4889440">
    <ele>37.5</ele>
    <time>2023-10-28T23:24:30Z</time>
   </trkpt>
   <trkpt lat="35.5549000" lon="139.4889100">
    <ele>37.6</ele>
    <time>2023-10-28T23:24:31Z</time>
   </trkpt>
   <trkpt lat="35.5549130" lon="139.4888980">
    <ele>37.7</ele>
    <time>2023-10-28T23:24:32Z</time>
   </trkpt>
   <trkpt lat="35.5549430" lon="139.4888780">
    <ele>37.8</ele>
    <time>2023-10-28T23:24:33Z</time>
   </trkpt>
   <trkpt lat="35.5549520" lon="139.4888720">
    <ele>37.8</ele>
    <time>2023-10-28T23:24:34Z</time>
   </trkpt>
   <trkpt lat="35.5549890" lon="139.4888490">
    <ele>37.9</ele>
    <time>2023-10-28T23:24:35Z</time>
   </trkpt>
   <trkpt lat="35.5550030" lon="139.4888430">
    <ele>38.0</ele>
    <time>2023-10-28T23:24:36Z</time>
   </trkpt>
   <trkpt lat="35.5550300" lon="139.4888220">
    <ele>38.0</ele>
    <time>2023-10-28T23:24:37Z</time>
   </trkpt>
   <trkpt lat="35.5550390" lon="139.4888160">
    <ele>38.0</ele>
    <time>2023-10-28T23:24:38Z</time>
   </trkpt>
   <trkpt lat="35.5550620" lon="139.4887900">
    <ele>38.1</ele>
    <time>2023-10-28T23:24:39Z</time>
   </trkpt>
   <trkpt lat="35.5550680" lon="139.4887790">
    <ele>38.1</ele>
    <time>2023-10-28T23:24:40Z</time>
   </trkpt>
   <trkpt lat="35.5550990" lon="139.4887470">
    <ele>38.2</ele>
    <time>2023-10-28T23:24:41Z</time>
   </trkpt>
   <trkpt lat="35.5551100" lon="139.4887370">
    <ele>38.2</ele>
    <time>2023-10-28T23:24:42Z</time>
   </trkpt>
   <trkpt lat="35.5551390" lon="139.4887210">
    <ele>38.2</ele>
    <time>2023-10-28T23:24:43Z</time>
   </trkpt>
   <trkpt lat="35.5551500" lon="139.4887170">
    <ele>38.2</ele>
    <time>2023-10-28T23:24:44Z</time>
   </trkpt>
   <trkpt lat="35.5551880" lon="139.4886940">
    <ele>38.3</ele>
    <time>2023-10-28T23:24:45Z</time>
   </trkpt>
   <trkpt lat="35.5552030" lon="139.4886860">
    <ele>38.3</ele>
    <time>2023-10-28T23:24:46Z</time>
   </trkpt>
   <trkpt lat="35.5552250" lon="139.4886610">
    <ele>38.3</ele>
    <time>2023-10-28T23:24:47Z</time>
   </trkpt>
   <trkpt lat="35.5553060" lon="139.4885720">
    <ele>38.5</ele>
    <time>2023-10-28T23:24:58Z</time>
   </trkpt>
   <trkpt lat="35.5553010" lon="139.4885290">
    <ele>38.5</ele>
    <time>2023-10-28T23:24:59Z</time>
   </trkpt>
   <trkpt lat="35.5553360" lon="139.4885240">
    <ele>38.6</ele>
    <time>2023-10-28T23:25:00Z</time>
   </trkpt>
   <trkpt lat="35.5553510" lon="139.4885300">
    <ele>38.6</ele>
    <time>2023-10-28T23:25:01Z</time>
   </trkpt>
   <trkpt lat="35.5553870" lon="139.4885210">
    <ele>38.7</ele>
    <time>2023-10-28T23:25:02Z</time>
   </trkpt>
   <trkpt lat="35.5554110" lon="139.4885050">
    <ele>38.7</ele>
    <time>2023-10-28T23:25:04Z</time>
   </trkpt>
   <trkpt lat="35.5554390" lon="139.4884830">
    <ele>38.8</ele>
    <time>2023-10-28T23:25:05Z</time>
   </trkpt>
   <trkpt lat="35.5554670" lon="139.4884890">
    <ele>38.8</ele>
    <time>2023-10-28T23:25:06Z</time>
   </trkpt>
   <trkpt lat="35.5554960" lon="139.4884850">
    <ele>38.9</ele>
    <time>2023-10-28T23:25:07Z</time>
   </trkpt>
   <trkpt lat="35.5555080" lon="139.4884840">
    <ele>38.9</ele>
    <time>2023-10-28T23:25:08Z</time>
   </trkpt>
   <trkpt lat="35.5555210" lon="139.4884830">
    <ele>38.9</ele>
    <time>2023-10-28T23:25:09Z</time>
   </trkpt>
   <trkpt lat="35.5555430" lon="139.4884900">
    <ele>39.0</ele>
    <time>2023-10-28T23:25:10Z</time>
   </trkpt>
   <trkpt lat="35.5555700" lon="139.4884830">
    <ele>39.0</ele>
    <time>2023-10-28T23:25:11Z</time>
   </trkpt>
   <trkpt lat="35.5556030" lon="139.4884760">
    <ele>39.1</ele>
    <time>2023-10-28T23:25:12Z</time>
   </trkpt>
   <trkpt lat="35.5556160" lon="139.4884730">
    <ele>39.1</ele>
    <time>2023-10-28T23:25:13Z</time>
   </trkpt>
   <trkpt lat="35.5556530" lon="139.4884740">
    <ele>39.2</ele>
    <time>2023-10-28T23:25:14Z</time>
   </trkpt>
   <trkpt lat="35.5556690" lon="139.4884740">
    <ele>39.3</ele>
    <time>2023-10-28T23:25:15Z</time>
   </trkpt>
   <trkpt lat="35.5557040" lon="139.4884640">
    <ele>39.3</ele>
    <time>2023-10-28T23:25:16Z</time>
   </trkpt>
   <trkpt lat="35.5557380" lon="139.4884570">
    <ele>39.4</ele>
    <time>2023-10-28T23:25:17Z</time>
   </trkpt>
   <trkpt lat="35.5557520" lon="139.4884540">
    <ele>39.4</ele>
    <time>2023-10-28T23:25:18Z</time>
   </trkpt>
   <trkpt lat="35.5557880" lon="139.4884440">
    <ele>39.5</ele>
    <time>2023-10-28T23:25:19Z</time>
   </trkpt>
   <trkpt lat="35.5558010" lon="139.4884420">
    <ele>39.5</ele>
    <time>2023-10-28T23:25:20Z</time>
   </trkpt>
   <trkpt lat="35.5558350" lon="139.4884390">
    <ele>39.6</ele>
    <time>2023-10-28T23:25:21Z</time>
   </trkpt>
   <trkpt lat="35.5558680" lon="139.4884310">
    <ele>39.7</ele>
    <time>2023-10-28T23:25:22Z</time>
   </trkpt>
   <trkpt lat="35.5559060" lon="139.4884310">
    <ele>39.7</ele>
    <time>2023-10-28T23:25:23Z</time>
   </trkpt>
   <trkpt lat="35.5559350" lon="139.4884280">
    <ele>39.7</ele>
    <time>2023-10-28T23:25:24Z</time>
   </trkpt>
   <trkpt lat="35.5559670" lon="139.4884180">
    <ele>39.8</ele>
    <time>2023-10-28T23:25:25Z</time>
   </trkpt>
   <trkpt lat="35.5559780" lon="139.4884190">
    <ele>39.8</ele>
    <time>2023-10-28T23:25:26Z</time>
   </trkpt>
   <trkpt lat="35.5560140" lon="139.4884140">
    <ele>39.8</ele>
    <time>2023-10-28T23:25:27Z</time>
   </trkpt>
   <trkpt lat="35.5560290" lon="139.4884100">
    <ele>39.9</ele>
    <time>2023-10-28T23:25:28Z</time>
   </trkpt>
   <trkpt lat="35.5560580" lon="139.4884140">
    <ele>39.9</ele>
    <time>2023-10-28T23:25:29Z</time>
   </trkpt>
   <trkpt lat="35.5560870" lon="139.4884150">
    <ele>39.9</ele>
    <time>2023-10-28T23:25:30Z</time>
   </trkpt>
   <trkpt lat="35.5561130" lon="139.4884000">
    <ele>39.9</ele>
    <time>2023-10-28T23:25:31Z</time>
   </trkpt>
   <trkpt lat="35.5561490" lon="139.4883920">
    <ele>40.0</ele>
    <time>2023-10-28T23:25:32Z</time>
   </trkpt>
   <trkpt lat="35.5561810" lon="139.4883830">
    <ele>40.0</ele>
    <time>2023-10-28T23:25:33Z</time>
   </trkpt>
   <trkpt lat="35.5562060" lon="139.4883660">
    <ele>40.0</ele>
    <time>2023-10-28T23:25:34Z</time>
   </trkpt>
   <trkpt lat="35.5562430" lon="139.4883510">
    <ele>40.1</ele>
    <time>2023-10-28T23:25:35Z</time>
   </trkpt>
   <trkpt lat="35.5562580" lon="139.4883520">
    <ele>40.1</ele>
    <time>2023-10-28T23:25:36Z</time>
   </trkpt>
   <trkpt lat="35.5562840" lon="139.4883350">
    <ele>40.1</ele>
    <time>2023-10-28T23:25:37Z</time>
   </trkpt>
   <trkpt lat="35.5563080" lon="139.4883200">
    <ele>40.1</ele>
    <time>2023-10-28T23:25:38Z</time>
   </trkpt>
   <trkpt lat="35.5563350" lon="139.4883210">
    <ele>40.1</ele>
    <time>2023-10-28T23:25:39Z</time>
   </trkpt>
   <trkpt lat="35.5563630" lon="139.4883000">
    <ele>40.2</ele>
    <time>2023-10-28T23:25:40Z</time>
   </trkpt>
   <trkpt lat="35.5563750" lon="139.4882990">
    <ele>40.2</ele>
    <time>2023-10-28T23:25:41Z</time>
   </trkpt>
   <trkpt lat="35.5564110" lon="139.4882880">
    <ele>40.2</ele>
    <time>2023-10-28T23:25:42Z</time>
   </trkpt>
   <trkpt lat="35.5564230" lon="139.4882850">
    <ele>40.2</ele>
    <time>2023-10-28T23:25:43Z</time>
   </trkpt>
   <trkpt lat="35.5564540" lon="139.4882660">
    <ele>40.2</ele>
    <time>2023-10-28T23:25:44Z</time>
   </trkpt>
   <trkpt lat="35.5564670" lon="139.4882620">
    <ele>40.2</ele>
    <time>2023-10-28T23:25:45Z</time>
   </trkpt>
   <trkpt lat="35.5564970" lon="139.4882540">
    <ele>40.2</ele>
    <time>2023-10-28T23:25:46Z</time>
   </trkpt>
   <trkpt lat="35.5565260" lon="139.4882440">
    <ele>40.2</ele>
    <time>2023-10-28T23:25:47Z</time>
   </trkpt>
   <trkpt lat="35.5565570" lon="139.4882280">
    <ele>40.3</ele>
    <time>2023-10-28T23:25:48Z</time>
   </trkpt>
   <trkpt lat="35.5565850" lon="139.4882110">
    <ele>40.3</ele>
    <time>2023-10-28T23:25:49Z</time>
   </trkpt>
   <trkpt lat="35.5566210" lon="139.4882120">
    <ele>40.3</ele>
    <time>2023-10-28T23:25:50Z</time>
   </trkpt>
   <trkpt lat="35.5566460" lon="139.4881910">
    <ele>40.3</ele>
    <time>2023-10-28T23:25:51Z</time>
   </trkpt>
   <trkpt lat="35.5566650" lon="139.4881860">
    <ele>40.3</ele>
    <time>2023-10-28T23:25:52Z</time>
   </trkpt>
   <trkpt lat="35.5566790" lon="139.4881910">
    <ele>40.3</ele>
    <time>2023-10-28T23:25:53Z</time>
   </trkpt>
   <trkpt lat="35.5567070" lon="139.4881740">
    <ele>40.3</ele>
    <time>2023-10-28T23:25:54Z</time>
   </trkpt>
   <trkpt lat="35.5567360" lon="139.4881530">
    <ele>40.3</ele>
    <time>2023-10-28T23:25:55Z</time>
   </trkpt>
   <trkpt lat="35.5567780" lon="139.4881440">
    <ele>40.3</ele>
    <time>2023-10-28T23:25:56Z</time>
   </trkpt>
   <trkpt lat="35.5567960" lon="139.4881400">
    <ele>40.3</ele>
    <time>2023-10-28T23:25:57Z</time>
   </trkpt>
   <trkpt lat="35.5568200" lon="139.4881210">
    <ele>40.4</ele>
    <time>2023-10-28T23:25:58Z</time>
   </trkpt>
   <trkpt lat="35.5568250" lon="139.4881130">
    <ele>40.4</ele>
    <time>2023-10-28T23:25:59Z</time>
   </trkpt>
   <trkpt lat="35.5568490" lon="139.4880960">
    <ele>40.4</ele>
    <time>2023-10-28T23:26:00Z</time>
   </trkpt>
   <trkpt lat="35.5568650" lon="139.4880910">
    <ele>40.4</ele>
    <time>2023-10-28T23:26:01Z</time>
   </trkpt>
   <trkpt lat="35.5569130" lon="139.4880950">
    <ele>40.4</ele>
    <time>2023-10-28T23:26:02Z</time>
   </trkpt>
   <trkpt lat="35.5569480" lon="139.4880880">
    <ele>40.5</ele>
    <time>2023-10-28T23:26:03Z</time>
   </trkpt>
   <trkpt lat="35.5569800" lon="139.4880960">
    <ele>40.5</ele>
    <time>2023-10-28T23:26:04Z</time>
   </trkpt>
   <trkpt lat="35.5570090" lon="139.4880980">
    <ele>40.5</ele>
    <time>2023-10-28T23:26:05Z</time>
   </trkpt>
   <trkpt lat="35.5570400" lon="139.4880920">
    <ele>40.5</ele>
    <time>2023-10-28T23:26:06Z</time>
   </trkpt>
   <trkpt lat="35.5570690" lon="139.4880690">
    <ele>40.5</ele>
    <time>2023-10-28T23:26:07Z</time>
   </trkpt>
   <trkpt lat="35.5570950" lon="139.4880550">
    <ele>40.6</ele>
    <time>2023-10-28T23:26:08Z</time>
   </trkpt>
   <trkpt lat="35.5571290" lon="139.4880470">
    <ele>40.6</ele>
    <time>2023-10-28T23:26:09Z</time>
   </trkpt>
   <trkpt lat="35.5571620" lon="139.4880410">
    <ele>40.6</ele>
    <time>2023-10-28T23:26:10Z</time>
   </trkpt>
   <trkpt lat="35.5571960" lon="139.4880250">
    <ele>40.6</ele>
    <time>2023-10-28T23:26:11Z</time>
   </trkpt>
   <trkpt lat="35.5572100" lon="139.4880230">
    <ele>40.6</ele>
    <time>2023-10-28T23:26:12Z</time>
   </trkpt>
   <trkpt lat="35.5572400" lon="139.4880250">
    <ele>40.7</ele>
    <time>2023-10-28T23:26:13Z</time>
   </trkpt>
   <trkpt lat="35.5572760" lon="139.4880220">
    <ele>40.7</ele>
    <time>2023-10-28T23:26:14Z</time>
   </trkpt>
   <trkpt lat="35.5572920" lon="139.4880260">
    <ele>40.7</ele>
    <time>2023-10-28T23:26:15Z</time>
   </trkpt>
   <trkpt lat="35.5573200" lon="139.4880220">
    <ele>40.7</ele>
    <time>2023-10-28T23:26:16Z</time>
   </trkpt>
   <trkpt lat="35.5573250" lon="139.4880150">
    <ele>40.7</ele>
    <time>2023-10-28T23:26:17Z</time>
   </trkpt>
   <trkpt lat="35.5573510" lon="139.4880150">
    <ele>40.7</ele>
    <time>2023-10-28T23:26:18Z</time>
   </trkpt>
   <trkpt lat="35.5573840" lon="139.4880200">
    <ele>40.7</ele>
    <time>2023-10-28T23:26:19Z</time>
   </trkpt>
   <trkpt lat="35.5574150" lon="139.4880150">
    <ele>40.7</ele>
    <time>2023-10-28T23:26:20Z</time>
   </trkpt>
   <trkpt lat="35.5574470" lon="139.4880260">
    <ele>40.8</ele>
    <time>2023-10-28T23:26:21Z</time>
   </trkpt>
   <trkpt lat="35.5574780" lon="139.4880230">
    <ele>40.8</ele>
    <time>2023-10-28T23:26:22Z</time>
   </trkpt>
   <trkpt lat="35.5575120" lon="139.4880080">
    <ele>40.8</ele>
    <time>2023-10-28T23:26:23Z</time>
   </trkpt>
   <trkpt lat="35.5575260" lon="139.4880050">
    <ele>40.8</ele>
    <time>2023-10-28T23:26:24Z</time>
   </trkpt>
   <trkpt lat="35.5575540" lon="139.4880010">
    <ele>40.8</ele>
    <time>2023-10-28T23:26:25Z</time>
   </trkpt>
   <trkpt lat="35.5575830" lon="139.4880000">
    <ele>40.8</ele>
    <time>2023-10-28T23:26:26Z</time>
   </trkpt>
   <trkpt lat="35.5576230" lon="139.4880110">
    <ele>40.8</ele>
    <time>2023-10-28T23:26:27Z</time>
   </trkpt>
   <trkpt lat="35.5576630" lon="139.4879950">
    <ele>40.8</ele>
    <time>2023-10-28T23:26:28Z</time>
   </trkpt>
   <trkpt lat="35.5576770" lon="139.4879910">
    <ele>40.8</ele>
    <time>2023-10-28T23:26:29Z</time>
   </trkpt>
   <trkpt lat="35.5577060" lon="139.4879810">
    <ele>40.8</ele>
    <time>2023-10-28T23:26:30Z</time>
   </trkpt>
   <trkpt lat="35.5577280" lon="139.4879540">
    <ele>40.8</ele>
    <time>2023-10-28T23:26:31Z</time>
   </trkpt>
   <trkpt lat="35.5577630" lon="139.4879340">
    <ele>40.8</ele>
    <time>2023-10-28T23:26:32Z</time>
   </trkpt>
   <trkpt lat="35.5577780" lon="139.4879230">
    <ele>40.8</ele>
    <time>2023-10-28T23:26:33Z</time>
   </trkpt>
   <trkpt lat="35.5577990" lon="139.4879020">
    <ele>40.8</ele>
    <time>2023-10-28T23:26:34Z</time>
   </trkpt>
   <trkpt lat="35.5578220" lon="139.4878730">
    <ele>40.8</ele>
    <time>2023-10-28T23:26:35Z</time>
   </trkpt>
   <trkpt lat="35.5578450" lon="139.4878470">
    <ele>40.8</ele>
    <time>2023-10-28T23:26:36Z</time>
   </trkpt>
   <trkpt lat="35.5578600" lon="139.4878170">
    <ele>40.8</ele>
    <time>2023-10-28T23:26:37Z</time>
   </trkpt>
   <trkpt lat="35.5578750" lon="139.4877860">
    <ele>40.8</ele>
    <time>2023-10-28T23:26:38Z</time>
   </trkpt>
   <trkpt lat="35.5578770" lon="139.4877740">
    <ele>40.8</ele>
    <time>2023-10-28T23:26:39Z</time>
   </trkpt>
   <trkpt lat="35.5578890" lon="139.4877400">
    <ele>40.8</ele>
    <time>2023-10-28T23:26:40Z</time>
   </trkpt>
   <trkpt lat="35.5579140" lon="139.4877030">
    <ele>40.8</ele>
    <time>2023-10-28T23:26:41Z</time>
   </trkpt>
   <trkpt lat="35.5579210" lon="139.4876910">
    <ele>40.8</ele>
    <time>2023-10-28T23:26:42Z</time>
   </trkpt>
   <trkpt lat="35.5579440" lon="139.4876720">
    <ele>40.8</ele>
    <time>2023-10-28T23:26:43Z</time>
   </trkpt>
   <trkpt lat="35.5579730" lon="139.4876580">
    <ele>40.8</ele>
    <time>2023-10-28T23:26:44Z</time>
   </trkpt>
   <trkpt lat="35.5579990" lon="139.4876320">
    <ele>40.8</ele>
    <time>2023-10-28T23:26:45Z</time>
   </trkpt>
   <trkpt lat="35.5580100" lon="139.4876260">
    <ele>40.8</ele>
    <time>2023-10-28T23:26:46Z</time>
   </trkpt>
   <trkpt lat="35.5580270" lon="139.4875970">
    <ele>40.8</ele>
    <time>2023-10-28T23:26:47Z</time>
   </trkpt>
   <trkpt lat="35.5580580" lon="139.4875760">
    <ele>40.8</ele>
    <time>2023-10-28T23:26:48Z</time>
   </trkpt>
   <trkpt lat="35.5580670" lon="139.4875670">
    <ele>40.8</ele>
    <time>2023-10-28T23:26:49Z</time>
   </trkpt>
   <trkpt lat="35.5581100" lon="139.4875570">
    <ele>40.8</ele>
    <time>2023-10-28T23:26:50Z</time>
   </trkpt>
   <trkpt lat="35.5581440" lon="139.4875350">
    <ele>40.8</ele>
    <time>2023-10-28T23:26:51Z</time>
   </trkpt>
   <trkpt lat="35.5581770" lon="139.4875160">
    <ele>40.8</ele>
    <time>2023-10-28T23:26:52Z</time>
   </trkpt>
   <trkpt lat="35.5581980" lon="139.4874750">
    <ele>40.8</ele>
    <time>2023-10-28T23:26:53Z</time>
   </trkpt>
   <trkpt lat="35.5582070" lon="139.4874630">
    <ele>40.8</ele>
    <time>2023-10-28T23:26:54Z</time>
   </trkpt>
   <trkpt lat="35.5582390" lon="139.4874610">
    <ele>40.8</ele>
    <time>2023-10-28T23:26:55Z</time>
   </trkpt>
   <trkpt lat="35.5582670" lon="139.4874490">
    <ele>40.8</ele>
    <time>2023-10-28T23:26:56Z</time>
   </trkpt>
   <trkpt lat="35.5582990" lon="139.4874410">
    <ele>40.8</ele>
    <time>2023-10-28T23:26:57Z</time>
   </trkpt>
   <trkpt lat="35.5583250" lon="139.4874180">
    <ele>40.8</ele>
    <time>2023-10-28T23:26:58Z</time>
   </trkpt>
   <trkpt lat="35.5583580" lon="139.4873910">
    <ele>40.8</ele>
    <time>2023-10-28T23:26:59Z</time>
   </trkpt>
   <trkpt lat="35.5583730" lon="139.4873820">
    <ele>40.8</ele>
    <time>2023-10-28T23:27:00Z</time>
   </trkpt>
   <trkpt lat="35.5584080" lon="139.4873640">
    <ele>40.8</ele>
    <time>2023-10-28T23:27:01Z</time>
   </trkpt>
   <trkpt lat="35.5584320" lon="139.4873390">
    <ele>40.8</ele>
    <time>2023-10-28T23:27:02Z</time>
   </trkpt>
   <trkpt lat="35.5584420" lon="139.4873320">
    <ele>40.8</ele>
    <time>2023-10-28T23:27:03Z</time>
   </trkpt>
   <trkpt lat="35.5584770" lon="139.4873350">
    <ele>40.8</ele>
    <time>2023-10-28T23:27:04Z</time>
   </trkpt>
   <trkpt lat="35.5584880" lon="139.4873260">
    <ele>40.8</ele>
    <time>2023-10-28T23:27:05Z</time>
   </trkpt>
   <trkpt lat="35.5585230" lon="139.4873200">
    <ele>40.8</ele>
    <time>2023-10-28T23:27:06Z</time>
   </trkpt>
   <trkpt lat="35.5585530" lon="139.4873140">
    <ele>40.8</ele>
    <time>2023-10-28T23:27:07Z</time>
   </trkpt>
   <trkpt lat="35.5585960" lon="139.4873190">
    <ele>40.8</ele>
    <time>2023-10-28T23:27:08Z</time>
   </trkpt>
   <trkpt lat="35.5586320" lon="139.4873200">
    <ele>40.8</ele>
    <time>2023-10-28T23:27:10Z</time>
   </trkpt>
   <trkpt lat="35.5586460" lon="139.4873130">
    <ele>40.7</ele>
    <time>2023-10-28T23:27:11Z</time>
   </trkpt>
   <trkpt lat="35.5586750" lon="139.4873070">
    <ele>40.7</ele>
    <time>2023-10-28T23:27:12Z</time>
   </trkpt>
   <trkpt lat="35.5587140" lon="139.4873060">
    <ele>40.7</ele>
    <time>2023-10-28T23:27:13Z</time>
   </trkpt>
   <trkpt lat="35.5587280" lon="139.4873100">
    <ele>40.7</ele>
    <time>2023-10-28T23:27:14Z</time>
   </trkpt>
   <trkpt lat="35.5587570" lon="139.4873050">
    <ele>40.7</ele>
    <time>2023-10-28T23:27:15Z</time>
   </trkpt>
   <trkpt lat="35.5587650" lon="139.4873060">
    <ele>40.7</ele>
    <time>2023-10-28T23:27:16Z</time>
   </trkpt>
   <trkpt lat="35.5587970" lon="139.4873050">
    <ele>40.7</ele>
    <time>2023-10-28T23:27:17Z</time>
   </trkpt>
   <trkpt lat="35.5588060" lon="139.4873020">
    <ele>40.7</ele>
    <time>2023-10-28T23:27:18Z</time>
   </trkpt>
   <trkpt lat="35.5588410" lon="139.4873000">
    <ele>40.7</ele>
    <time>2023-10-28T23:27:19Z</time>
   </trkpt>
   <trkpt lat="35.5588540" lon="139.4872980">
    <ele>40.7</ele>
    <time>2023-10-28T23:27:20Z</time>
   </trkpt>
   <trkpt lat="35.5588810" lon="139.4872920">
    <ele>40.7</ele>
    <time>2023-10-28T23:27:21Z</time>
   </trkpt>
   <trkpt lat="35.5589170" lon="139.4872950">
    <ele>40.7</ele>
    <time>2023-10-28T23:27:22Z</time>
   </trkpt>
   <trkpt lat="35.5589280" lon="139.4872980">
    <ele>40.7</ele>
    <time>2023-10-28T23:27:23Z</time>
   </trkpt>
   <trkpt lat="35.5589660" lon="139.4873080">
    <ele>40.8</ele>
    <time>2023-10-28T23:27:24Z</time>
   </trkpt>
   <trkpt lat="35.5589780" lon="139.4873130">
    <ele>40.8</ele>
    <time>2023-10-28T23:27:25Z</time>
   </trkpt>
   <trkpt lat="35.5590110" lon="139.4873060">
    <ele>40.8</ele>
    <time>2023-10-28T23:27:26Z</time>
   </trkpt>
   <trkpt lat="35.5590230" lon="139.4873020">
    <ele>40.8</ele>
    <time>2023-10-28T23:27:27Z</time>
   </trkpt>
   <trkpt lat="35.5591520" lon="139.4872620">
    <ele>40.7</ele>
    <time>2023-10-28T23:27:34Z</time>
   </trkpt>
   <trkpt lat="35.5591610" lon="139.4872580">
    <ele>40.7</ele>
    <time>2023-10-28T23:27:35Z</time>
   </trkpt>
   <trkpt lat="35.5591700" lon="139.4872540">
    <ele>40.7</ele>
    <time>2023-10-28T23:27:36Z</time>
   </trkpt>
   <trkpt lat="35.5591900" lon="139.4872410">
    <ele>40.7</ele>
    <time>2023-10-28T23:27:37Z</time>
   </trkpt>
   <trkpt lat="35.5591970" lon="139.4872260">
    <ele>40.7</ele>
    <time>2023-10-28T23:27:38Z</time>
   </trkpt>
   <trkpt lat="35.5592330" lon="139.4872020">
    <ele>40.7</ele>
    <time>2023-10-28T23:27:39Z</time>
   </trkpt>
   <trkpt lat="35.5592470" lon="139.4871920">
    <ele>40.7</ele>
    <time>2023-10-28T23:27:40Z</time>
   </trkpt>
   <trkpt lat="35.5592910" lon="139.4871840">
    <ele>40.7</ele>
    <time>2023-10-28T23:27:41Z</time>
   </trkpt>
   <trkpt lat="35.5593140" lon="139.4871590">
    <ele>40.7</ele>
    <time>2023-10-28T23:27:42Z</time>
   </trkpt>
   <trkpt lat="35.5593370" lon="139.4871340">
    <ele>40.7</ele>
    <time>2023-10-28T23:27:43Z</time>
   </trkpt>
   <trkpt lat="35.5593480" lon="139.4871240">
    <ele>40.7</ele>
    <time>2023-10-28T23:27:44Z</time>
   </trkpt>
   <trkpt lat="35.5593880" lon="139.4871120">
    <ele>40.7</ele>
    <time>2023-10-28T23:27:45Z</time>
   </trkpt>
   <trkpt lat="35.5594060" lon="139.4871120">
    <ele>40.7</ele>
    <time>2023-10-28T23:27:46Z</time>
   </trkpt>
   <trkpt lat="35.5594360" lon="139.4871040">
    <ele>40.7</ele>
    <time>2023-10-28T23:27:47Z</time>
   </trkpt>
   <trkpt lat="35.5594570" lon="139.4870770">
    <ele>40.7</ele>
    <time>2023-10-28T23:27:48Z</time>
   </trkpt>
   <trkpt lat="35.5594670" lon="139.4870370">
    <ele>40.7</ele>
    <time>2023-10-28T23:27:49Z</time>
   </trkpt>
   <trkpt lat="35.5594940" lon="139.4870020">
    <ele>40.7</ele>
    <time>2023-10-28T23:27:50Z</time>
   </trkpt>
   <trkpt lat="35.5595050" lon="139.4869920">
    <ele>40.7</ele>
    <time>2023-10-28T23:27:51Z</time>
   </trkpt>
   <trkpt lat="35.5595240" lon="139.4869650">
    <ele>40.7</ele>
    <time>2023-10-28T23:27:52Z</time>
   </trkpt>
   <trkpt lat="35.5595500" lon="139.4869410">
    <ele>40.7</ele>
    <time>2023-10-28T23:27:53Z</time>
   </trkpt>
   <trkpt lat="35.5595800" lon="139.4869320">
    <ele>40.7</ele>
    <time>2023-10-28T23:27:54Z</time>
   </trkpt>
   <trkpt lat="35.5595980" lon="139.4869020">
    <ele>40.7</ele>
    <time>2023-10-28T23:27:55Z</time>
   </trkpt>
   <trkpt lat="35.5596160" lon="139.4868670">
    <ele>40.7</ele>
    <time>2023-10-28T23:27:56Z</time>
   </trkpt>
   <trkpt lat="35.5596180" lon="139.4868560">
    <ele>40.7</ele>
    <time>2023-10-28T23:27:57Z</time>
   </trkpt>
   <trkpt lat="35.5596500" lon="139.4868310">
    <ele>40.7</ele>
    <time>2023-10-28T23:27:58Z</time>
   </trkpt>
   <trkpt lat="35.5596570" lon="139.4868200">
    <ele>40.7</ele>
    <time>2023-10-28T23:27:59Z</time>
   </trkpt>
   <trkpt lat="35.5596600" lon="139.4867790">
    <ele>40.7</ele>
    <time>2023-10-28T23:28:00Z</time>
   </trkpt>
   <trkpt lat="35.5596890" lon="139.4867520">
    <ele>40.7</ele>
    <time>2023-10-28T23:28:01Z</time>
   </trkpt>
   <trkpt lat="35.5596980" lon="139.4867410">
    <ele>40.7</ele>
    <time>2023-10-28T23:28:02Z</time>
   </trkpt>
   <trkpt lat="35.5597250" lon="139.4867080">
    <ele>40.7</ele>
    <time>2023-10-28T23:28:03Z</time>
   </trkpt>
   <trkpt lat="35.5597350" lon="139.4867000">
    <ele>40.7</ele>
    <time>2023-10-28T23:28:04Z</time>
   </trkpt>
   <trkpt lat="35.5597420" lon="139.4866840">
    <ele>40.7</ele>
    <time>2023-10-28T23:28:05Z</time>
   </trkpt>
   <trkpt lat="35.5597520" lon="139.4866680">
    <ele>40.7</ele>
    <time>2023-10-28T23:28:06Z</time>
   </trkpt>
   <trkpt lat="35.5597640" lon="139.4866540">
    <ele>40.7</ele>
    <time>2023-10-28T23:28:07Z</time>
   </trkpt>
   <trkpt lat="35.5597690" lon="139.4866370">
    <ele>40.7</ele>
    <time>2023-10-28T23:28:08Z</time>
   </trkpt>
   <trkpt lat="35.5597910" lon="139.4866040">
    <ele>40.7</ele>
    <time>2023-10-28T23:28:09Z</time>
   </trkpt>
   <trkpt lat="35.5597990" lon="139.4865920">
    <ele>40.7</ele>
    <time>2023-10-28T23:28:10Z</time>
   </trkpt>
   <trkpt lat="35.5597730" lon="139.4865560">
    <ele>40.7</ele>
    <time>2023-10-28T23:28:11Z</time>
   </trkpt>
   <trkpt lat="35.5597620" lon="139.4865440">
    <ele>40.7</ele>
    <time>2023-10-28T23:28:12Z</time>
   </trkpt>
   <trkpt lat="35.5597480" lon="139.4865580">
    <ele>40.7</ele>
    <time>2023-10-28T23:28:13Z</time>
   </trkpt>
   <trkpt lat="35.5597370" lon="139.4865650">
    <ele>40.7</ele>
    <time>2023-10-28T23:28:14Z</time>
   </trkpt>
   <trkpt lat="35.5597350" lon="139.4865500">
    <ele>40.7</ele>
    <time>2023-10-28T23:28:15Z</time>
   </trkpt>
   <trkpt lat="35.5597270" lon="139.4865420">
    <ele>40.7</ele>
    <time>2023-10-28T23:28:16Z</time>
   </trkpt>
   <trkpt lat="35.5597170" lon="139.4865410">
    <ele>40.7</ele>
    <time>2023-10-28T23:28:17Z</time>
   </trkpt>
   <trkpt lat="35.5597200" lon="139.4865530">
    <ele>40.7</ele>
    <time>2023-10-28T23:28:18Z</time>
   </trkpt>
   <trkpt lat="35.5597240" lon="139.4865660">
    <ele>40.7</ele>
    <time>2023-10-28T23:28:19Z</time>
   </trkpt>
   <trkpt lat="35.5597270" lon="139.4865710">
    <ele>40.7</ele>
    <time>2023-10-28T23:28:20Z</time>
   </trkpt>
   <trkpt lat="35.5597340" lon="139.4865790">
    <ele>40.7</ele>
    <time>2023-10-28T23:28:21Z</time>
   </trkpt>
   <trkpt lat="35.5597390" lon="139.4865830">
    <ele>40.7</ele>
    <time>2023-10-28T23:28:22Z</time>
   </trkpt>
   <trkpt lat="35.5597470" lon="139.4865830">
    <ele>40.7</ele>
    <time>2023-10-28T23:28:23Z</time>
   </trkpt>
   <trkpt lat="35.5597500" lon="139.4865870">
    <ele>40.7</ele>
    <time>2023-10-28T23:28:24Z</time>
   </trkpt>
   <trkpt lat="35.5597510" lon="139.4865890">
    <ele>40.7</ele>
    <time>2023-10-28T23:28:25Z</time>
   </trkpt>
   <trkpt lat="35.5597650" lon="139.4866000">
    <ele>40.7</ele>
    <time>2023-10-28T23:28:26Z</time>
   </trkpt>
   <trkpt lat="35.5597770" lon="139.4866130">
    <ele>40.7</ele>
    <time>2023-10-28T23:28:27Z</time>
   </trkpt>
   <trkpt lat="35.5597920" lon="139.4866270">
    <ele>40.7</ele>
    <time>2023-10-28T23:28:28Z</time>
   </trkpt>
   <trkpt lat="35.5598170" lon="139.4866520">
    <ele>40.7</ele>
    <time>2023-10-28T23:28:29Z</time>
   </trkpt>
   <trkpt lat="35.5598250" lon="139.4866610">
    <ele>40.7</ele>
    <time>2023-10-28T23:28:30Z</time>
   </trkpt>
   <trkpt lat="35.5598380" lon="139.4866760">
    <ele>40.7</ele>
    <time>2023-10-28T23:28:31Z</time>
   </trkpt>
   <trkpt lat="35.5598530" lon="139.4866850">
    <ele>40.7</ele>
    <time>2023-10-28T23:28:32Z</time>
   </trkpt>
   <trkpt lat="35.5598640" lon="139.4866910">
    <ele>40.7</ele>
    <time>2023-10-28T23:28:33Z</time>
   </trkpt>
   <trkpt lat="35.5598660" lon="139.4867020">
    <ele>40.7</ele>
    <time>2023-10-28T23:28:34Z</time>
   </trkpt>
   <trkpt lat="35.5598640" lon="139.4867250">
    <ele>40.7</ele>
    <time>2023-10-28T23:28:35Z</time>
   </trkpt>
   <trkpt lat="35.5598580" lon="139.4867460">
    <ele>40.7</ele>
    <time>2023-10-28T23:28:36Z</time>
   </trkpt>
   <trkpt lat="35.5598510" lon="139.4867590">
    <ele>40.7</ele>
    <time>2023-10-28T23:28:37Z</time>
   </trkpt>
   <trkpt lat="35.5598500" lon="139.4867670">
    <ele>40.7</ele>
    <time>2023-10-28T23:28:38Z</time>
   </trkpt>
   <trkpt lat="35.5598520" lon="139.4867680">
    <ele>40.7</ele>
    <time>2023-10-28T23:28:39Z</time>
   </trkpt>
   <trkpt lat="35.5598480" lon="139.4867700">
    <ele>40.7</ele>
    <time>2023-10-28T23:28:40Z</time>
   </trkpt>
   <trkpt lat="35.5598380" lon="139.4867760">
    <ele>40.7</ele>
    <time>2023-10-28T23:28:41Z</time>
   </trkpt>
   <trkpt lat="35.5598300" lon="139.4867860">
    <ele>40.7</ele>
    <time>2023-10-28T23:28:42Z</time>
   </trkpt>
   <trkpt lat="35.5598280" lon="139.4868000">
    <ele>40.7</ele>
    <time>2023-10-28T23:28:43Z</time>
   </trkpt>
   <trkpt lat="35.5598260" lon="139.4868050">
    <ele>40.7</ele>
    <time>2023-10-28T23:28:44Z</time>
   </trkpt>
   <trkpt lat="35.5598300" lon="139.4868040">
    <ele>40.7</ele>
    <time>2023-10-28T23:28:45Z</time>
   </trkpt>
   <trkpt lat="35.5598250" lon="139.4868080">
    <ele>40.6</ele>
    <time>2023-10-28T23:28:46Z</time>
   </trkpt>
   <trkpt lat="35.5598200" lon="139.4868170">
    <ele>40.6</ele>
    <time>2023-10-28T23:28:47Z</time>
   </trkpt>
   <trkpt lat="35.5598210" lon="139.4868210">
    <ele>40.6</ele>
    <time>2023-10-28T23:28:48Z</time>
   </trkpt>
   <trkpt lat="35.5598200" lon="139.4868310">
    <ele>40.6</ele>
    <time>2023-10-28T23:28:49Z</time>
   </trkpt>
   <trkpt lat="35.5598170" lon="139.4868300">
    <ele>40.6</ele>
    <time>2023-10-28T23:28:50Z</time>
   </trkpt>
   <trkpt lat="35.5598110" lon="139.4868320">
    <ele>40.6</ele>
    <time>2023-10-28T23:28:51Z</time>
   </trkpt>
   <trkpt lat="35.5598130" lon="139.4868340">
    <ele>40.6</ele>
    <time>2023-10-28T23:28:52Z</time>
   </trkpt>
   <trkpt lat="35.5598240" lon="139.4868400">
    <ele>40.6</ele>
    <time>2023-10-28T23:28:53Z</time>
   </trkpt>
   <trkpt lat="35.5598350" lon="139.4868570">
    <ele>40.6</ele>
    <time>2023-10-28T23:28:54Z</time>
   </trkpt>
   <trkpt lat="35.5598480" lon="139.4868620">
    <ele>40.6</ele>
    <time>2023-10-28T23:28:55Z</time>
   </trkpt>
   <trkpt lat="35.5598510" lon="139.4868590">
    <ele>40.6</ele>
    <time>2023-10-28T23:28:56Z</time>
   </trkpt>
   <trkpt lat="35.5598650" lon="139.4868590">
    <ele>40.6</ele>
    <time>2023-10-28T23:28:57Z</time>
   </trkpt>
   <trkpt lat="35.5598150" lon="139.4868630">
    <ele>40.6</ele>
    <time>2023-10-28T23:29:05Z</time>
   </trkpt>
   <trkpt lat="35.5597870" lon="139.4868630">
    <ele>40.6</ele>
    <time>2023-10-28T23:29:06Z</time>
   </trkpt>
   <trkpt lat="35.5597710" lon="139.4868580">
    <ele>40.6</ele>
    <time>2023-10-28T23:29:07Z</time>
   </trkpt>
   <trkpt lat="35.5597720" lon="139.4868430">
    <ele>40.6</ele>
    <time>2023-10-28T23:29:08Z</time>
   </trkpt>
   <trkpt lat="35.5597680" lon="139.4868370">
    <ele>40.6</ele>
    <time>2023-10-28T23:29:09Z</time>
   </trkpt>
   <trkpt lat="35.5597670" lon="139.4868150">
    <ele>40.6</ele>
    <time>2023-10-28T23:29:10Z</time>
   </trkpt>
   <trkpt lat="35.5597680" lon="139.4868070">
    <ele>40.6</ele>
    <time>2023-10-28T23:29:11Z</time>
   </trkpt>
   <trkpt lat="35.5597690" lon="139.4868000">
    <ele>40.6</ele>
    <time>2023-10-28T23:29:12Z</time>
   </trkpt>
   <trkpt lat="35.5597710" lon="139.4867930">
    <ele>40.6</ele>
    <time>2023-10-28T23:29:13Z</time>
   </trkpt>
   <trkpt lat="35.5597890" lon="139.4867530">
    <ele>40.6</ele>
    <time>2023-10-28T23:29:14Z</time>
   </trkpt>
   <trkpt lat="35.5597980" lon="139.4867400">
    <ele>40.6</ele>
    <time>2023-10-28T23:29:15Z</time>
   </trkpt>
   <trkpt lat="35.5598230" lon="139.4867170">
    <ele>40.5</ele>
    <time>2023-10-28T23:29:16Z</time>
   </trkpt>
   <trkpt lat="35.5598300" lon="139.4867100">
    <ele>40.5</ele>
    <time>2023-10-28T23:29:17Z</time>
   </trkpt>
   <trkpt lat="35.5598490" lon="139.4866810">
    <ele>40.5</ele>
    <time>2023-10-28T23:29:18Z</time>
   </trkpt>
   <trkpt lat="35.5598590" lon="139.4866750">
    <ele>40.5</ele>
    <time>2023-10-28T23:29:19Z</time>
   </trkpt>
   <trkpt lat="35.5598740" lon="139.4866450">
    <ele>40.5</ele>
    <time>2023-10-28T23:29:20Z</time>
   </trkpt>
   <trkpt lat="35.5598920" lon="139.4866200">
    <ele>40.5</ele>
    <time>2023-10-28T23:29:21Z</time>
   </trkpt>
   <trkpt lat="35.5599000" lon="139.4866050">
    <ele>40.5</ele>
    <time>2023-10-28T23:29:22Z</time>
   </trkpt>
   <trkpt lat="35.5599210" lon="139.4865750">
    <ele>40.5</ele>
    <time>2023-10-28T23:29:23Z</time>
   </trkpt>
   <trkpt lat="35.5599470" lon="139.4865470">
    <ele>40.5</ele>
    <time>2023-10-28T23:29:24Z</time>
   </trkpt>
   <trkpt lat="35.5599560" lon="139.4865370">
    <ele>40.5</ele>
    <time>2023-10-28T23:29:25Z</time>
   </trkpt>
   <trkpt lat="35.5599750" lon="139.4864790">
    <ele>40.4</ele>
    <time>2023-10-28T23:29:26Z</time>
   </trkpt>
   <trkpt lat="35.5599930" lon="139.4864380">
    <ele>40.4</ele>
    <time>2023-10-28T23:29:27Z</time>
   </trkpt>
   <trkpt lat="35.5600140" lon="139.4864010">
    <ele>40.4</ele>
    <time>2023-10-28T23:29:28Z</time>
   </trkpt>
   <trkpt lat="35.5600190" lon="139.4863900">
    <ele>40.4</ele>
    <time>2023-10-28T23:29:29Z</time>
   </trkpt>
   <trkpt lat="35.5600510" lon="139.4863640">
    <ele>40.3</ele>
    <time>2023-10-28T23:29:30Z</time>
   </trkpt>
   <trkpt lat="35.5600680" lon="139.4863330">
    <ele>40.3</ele>
    <time>2023-10-28T23:29:31Z</time>
   </trkpt>
   <trkpt lat="35.5600750" lon="139.4862980">
    <ele>40.2</ele>
    <time>2023-10-28T23:29:32Z</time>
   </trkpt>
   <trkpt lat="35.5600820" lon="139.4862810">
    <ele>40.2</ele>
    <time>2023-10-28T23:29:33Z</time>
   </trkpt>
   <trkpt lat="35.5600910" lon="139.4862480">
    <ele>40.2</ele>
    <time>2023-10-28T23:29:34Z</time>
   </trkpt>
   <trkpt lat="35.5601070" lon="139.4862180">
    <ele>40.2</ele>
    <time>2023-10-28T23:29:35Z</time>
   </trkpt>
   <trkpt lat="35.5601210" lon="139.4861820">
    <ele>40.1</ele>
    <time>2023-10-28T23:29:36Z</time>
   </trkpt>
   <trkpt lat="35.5601440" lon="139.4861360">
    <ele>40.1</ele>
    <time>2023-10-28T23:29:37Z</time>
   </trkpt>
   <trkpt lat="35.5601520" lon="139.4861170">
    <ele>40.1</ele>
    <time>2023-10-28T23:29:38Z</time>
   </trkpt>
   <trkpt lat="35.5601640" lon="139.4860720">
    <ele>40.1</ele>
    <time>2023-10-28T23:29:39Z</time>
   </trkpt>
   <trkpt lat="35.5601650" lon="139.4860540">
    <ele>40.1</ele>
    <time>2023-10-28T23:29:40Z</time>
   </trkpt>
   <trkpt lat="35.5601860" lon="139.4860040">
    <ele>40.0</ele>
    <time>2023-10-28T23:29:41Z</time>
   </trkpt>
   <trkpt lat="35.5601940" lon="139.4859820">
    <ele>40.0</ele>
    <time>2023-10-28T23:29:42Z</time>
   </trkpt>
   <trkpt lat="35.5602110" lon="139.4859340">
    <ele>40.0</ele>
    <time>2023-10-28T23:29:43Z</time>
   </trkpt>
   <trkpt lat="35.5602190" lon="139.4859170">
    <ele>40.0</ele>
    <time>2023-10-28T23:29:44Z</time>
   </trkpt>
   <trkpt lat="35.5602310" lon="139.4858860">
    <ele>40.0</ele>
    <time>2023-10-28T23:29:45Z</time>
   </trkpt>
   <trkpt lat="35.5602310" lon="139.4858520">
    <ele>40.0</ele>
    <time>2023-10-28T23:29:46Z</time>
   </trkpt>
   <trkpt lat="35.5602470" lon="139.4858090">
    <ele>40.0</ele>
    <time>2023-10-28T23:29:47Z</time>
   </trkpt>
   <trkpt lat="35.5602520" lon="139.4857910">
    <ele>40.0</ele>
    <time>2023-10-28T23:29:48Z</time>
   </trkpt>
   <trkpt lat="35.5602650" lon="139.4857580">
    <ele>40.0</ele>
    <time>2023-10-28T23:29:49Z</time>
   </trkpt>
   <trkpt lat="35.5602740" lon="139.4857200">
    <ele>40.0</ele>
    <time>2023-10-28T23:29:50Z</time>
   </trkpt>
   <trkpt lat="35.5602850" lon="139.4856850">
    <ele>40.0</ele>
    <time>2023-10-28T23:29:51Z</time>
   </trkpt>
   <trkpt lat="35.5603030" lon="139.4856490">
    <ele>40.0</ele>
    <time>2023-10-28T23:29:52Z</time>
   </trkpt>
   <trkpt lat="35.5603160" lon="139.4856180">
    <ele>40.0</ele>
    <time>2023-10-28T23:29:53Z</time>
   </trkpt>
   <trkpt lat="35.5603350" lon="139.4855820">
    <ele>40.0</ele>
    <time>2023-10-28T23:29:54Z</time>
   </trkpt>
   <trkpt lat="35.5603440" lon="139.4855480">
    <ele>40.1</ele>
    <time>2023-10-28T23:29:55Z</time>
   </trkpt>
   <trkpt lat="35.5603640" lon="139.4855100">
    <ele>40.1</ele>
    <time>2023-10-28T23:29:56Z</time>
   </trkpt>
   <trkpt lat="35.5603660" lon="139.4854950">
    <ele>40.1</ele>
    <time>2023-10-28T23:29:57Z</time>
   </trkpt>
   <trkpt lat="35.5603850" lon="139.4854630">
    <ele>40.2</ele>
    <time>2023-10-28T23:29:58Z</time>
   </trkpt>
   <trkpt lat="35.5604000" lon="139.4854320">
    <ele>40.2</ele>
    <time>2023-10-28T23:29:59Z</time>
   </trkpt>
   <trkpt lat="35.5604100" lon="139.4853950">
    <ele>40.3</ele>
    <time>2023-10-28T23:30:00Z</time>
   </trkpt>
   <trkpt lat="35.5604210" lon="139.4853540">
    <ele>40.3</ele>
    <time>2023-10-28T23:30:01Z</time>
   </trkpt>
   <trkpt lat="35.5604270" lon="139.4853390">
    <ele>40.3</ele>
    <time>2023-10-28T23:30:02Z</time>
   </trkpt>
   <trkpt lat="35.5604470" lon="139.4853110">
    <ele>40.4</ele>
    <time>2023-10-28T23:30:03Z</time>
   </trkpt>
   <trkpt lat="35.5604540" lon="139.4852660">
    <ele>40.4</ele>
    <time>2023-10-28T23:30:04Z</time>
   </trkpt>
   <trkpt lat="35.5604580" lon="139.4852500">
    <ele>40.5</ele>
    <time>2023-10-28T23:30:05Z</time>
   </trkpt>
   <trkpt lat="35.5604530" lon="139.4851980">
    <ele>40.5</ele>
    <time>2023-10-28T23:30:06Z</time>
   </trkpt>
   <trkpt lat="35.5604780" lon="139.4851680">
    <ele>40.6</ele>
    <time>2023-10-28T23:30:07Z</time>
   </trkpt>
   <trkpt lat="35.5604850" lon="139.4851590">
    <ele>40.6</ele>
    <time>2023-10-28T23:30:08Z</time>
   </trkpt>
   <trkpt lat="35.5604990" lon="139.4851180">
    <ele>40.7</ele>
    <time>2023-10-28T23:30:09Z</time>
   </trkpt>
   <trkpt lat="35.5605070" lon="139.4851030">
    <ele>40.7</ele>
    <time>2023-10-28T23:30:10Z</time>
   </trkpt>
   <trkpt lat="35.5605320" lon="139.4850700">
    <ele>40.8</ele>
    <time>2023-10-28T23:30:11Z</time>
   </trkpt>
   <trkpt lat="35.5605390" lon="139.4850570">
    <ele>40.8</ele>
    <time>2023-10-28T23:30:12Z</time>
   </trkpt>
   <trkpt lat="35.5605490" lon="139.4850240">
    <ele>40.8</ele>
    <time>2023-10-28T23:30:13Z</time>
   </trkpt>
   <trkpt lat="35.5605660" lon="139.4849810">
    <ele>40.9</ele>
    <time>2023-10-28T23:30:14Z</time>
   </trkpt>
   <trkpt lat="35.5605710" lon="139.4849680">
    <ele>40.9</ele>
    <time>2023-10-28T23:30:15Z</time>
   </trkpt>
   <trkpt lat="35.5605850" lon="139.4849370">
    <ele>40.9</ele>
    <time>2023-10-28T23:30:16Z</time>
   </trkpt>
   <trkpt lat="35.5605910" lon="139.4849240">
    <ele>41.0</ele>
    <time>2023-10-28T23:30:17Z</time>
   </trkpt>
   <trkpt lat="35.5606180" lon="139.4848870">
    <ele>41.0</ele>
    <time>2023-10-28T23:30:18Z</time>
   </trkpt>
   <trkpt lat="35.5606290" lon="139.4848730">
    <ele>41.0</ele>
    <time>2023-10-28T23:30:19Z</time>
   </trkpt>
   <trkpt lat="35.5606520" lon="139.4848430">
    <ele>41.1</ele>
    <time>2023-10-28T23:30:20Z</time>
   </trkpt>
   <trkpt lat="35.5606730" lon="139.4847980">
    <ele>41.1</ele>
    <time>2023-10-28T23:30:21Z</time>
   </trkpt>
   <trkpt lat="35.5606800" lon="139.4847800">
    <ele>41.1</ele>
    <time>2023-10-28T23:30:22Z</time>
   </trkpt>
   <trkpt lat="35.5606960" lon="139.4847360">
    <ele>41.2</ele>
    <time>2023-10-28T23:30:23Z</time>
   </trkpt>
   <trkpt lat="35.5606980" lon="139.4847190">
    <ele>41.2</ele>
    <time>2023-10-28T23:30:24Z</time>
   </trkpt>
   <trkpt lat="35.5607200" lon="139.4846920">
    <ele>41.3</ele>
    <time>2023-10-28T23:30:25Z</time>
   </trkpt>
   <trkpt lat="35.5607250" lon="139.4846790">
    <ele>41.4</ele>
    <time>2023-10-28T23:30:26Z</time>
   </trkpt>
   <trkpt lat="35.5607480" lon="139.4846480">
    <ele>41.5</ele>
    <time>2023-10-28T23:30:27Z</time>
   </trkpt>
   <trkpt lat="35.5607540" lon="139.4846380">
    <ele>41.5</ele>
    <time>2023-10-28T23:30:28Z</time>
   </trkpt>
   <trkpt lat="35.5607770" lon="139.4846060">
    <ele>41.7</ele>
    <time>2023-10-28T23:30:29Z</time>
   </trkpt>
   <trkpt lat="35.5607860" lon="139.4845980">
    <ele>41.7</ele>
    <time>2023-10-28T23:30:30Z</time>
   </trkpt>
   <trkpt lat="35.5608140" lon="139.4845630">
    <ele>41.9</ele>
    <time>2023-10-28T23:30:31Z</time>
   </trkpt>
   <trkpt lat="35.5608260" lon="139.4845550">
    <ele>42.0</ele>
    <time>2023-10-28T23:30:32Z</time>
   </trkpt>
   <trkpt lat="35.5608440" lon="139.4845250">
    <ele>42.1</ele>
    <time>2023-10-28T23:30:33Z</time>
   </trkpt>
   <trkpt lat="35.5608720" lon="139.4845020">
    <ele>42.3</ele>
    <time>2023-10-28T23:30:34Z</time>
   </trkpt>
   <trkpt lat="35.5609030" lon="139.4844720">
    <ele>42.4</ele>
    <time>2023-10-28T23:30:35Z</time>
   </trkpt>
   <trkpt lat="35.5609150" lon="139.4844640">
    <ele>42.5</ele>
    <time>2023-10-28T23:30:36Z</time>
   </trkpt>
   <trkpt lat="35.5609400" lon="139.4844430">
    <ele>42.7</ele>
    <time>2023-10-28T23:30:37Z</time>
   </trkpt>
   <trkpt lat="35.5609660" lon="139.4844300">
    <ele>42.8</ele>
    <time>2023-10-28T23:30:38Z</time>
   </trkpt>
   <trkpt lat="35.5609910" lon="139.4844040">
    <ele>43.0</ele>
    <time>2023-10-28T23:30:39Z</time>
   </trkpt>
   <trkpt lat="35.5610300" lon="139.4843880">
    <ele>43.2</ele>
    <time>2023-10-28T23:30:40Z</time>
   </trkpt>
   <trkpt lat="35.5610440" lon="139.4843800">
    <ele>43.3</ele>
    <time>2023-10-28T23:30:41Z</time>
   </trkpt>
   <trkpt lat="35.5610720" lon="139.4843550">
    <ele>43.6</ele>
    <time>2023-10-28T23:30:42Z</time>
   </trkpt>
   <trkpt lat="35.5610810" lon="139.4843450">
    <ele>43.6</ele>
    <time>2023-10-28T23:30:43Z</time>
   </trkpt>
   <trkpt lat="35.5611100" lon="139.4843320">
    <ele>43.9</ele>
    <time>2023-10-28T23:30:44Z</time>
   </trkpt>
   <trkpt lat="35.5611200" lon="139.4843260">
    <ele>43.9</ele>
    <time>2023-10-28T23:30:45Z</time>
   </trkpt>
   <trkpt lat="35.5611530" lon="139.4843140">
    <ele>44.2</ele>
    <time>2023-10-28T23:30:46Z</time>
   </trkpt>
   <trkpt lat="35.5611640" lon="139.4843120">
    <ele>44.2</ele>
    <time>2023-10-28T23:30:47Z</time>
   </trkpt>
   <trkpt lat="35.5611960" lon="139.4842910">
    <ele>44.7</ele>
    <time>2023-10-28T23:30:48Z</time>
   </trkpt>
   <trkpt lat="35.5612020" lon="139.4842810">
    <ele>44.8</ele>
    <time>2023-10-28T23:30:49Z</time>
   </trkpt>
   <trkpt lat="35.5612400" lon="139.4842650">
    <ele>45.2</ele>
    <time>2023-10-28T23:30:50Z</time>
   </trkpt>
   <trkpt lat="35.5612540" lon="139.4842590">
    <ele>45.3</ele>
    <time>2023-10-28T23:30:51Z</time>
   </trkpt>
   <trkpt lat="35.5612750" lon="139.4842460">
    <ele>45.5</ele>
    <time>2023-10-28T23:30:52Z</time>
   </trkpt>
   <trkpt lat="35.5612820" lon="139.4842380">
    <ele>45.6</ele>
    <time>2023-10-28T23:30:53Z</time>
   </trkpt>
   <trkpt lat="35.5613060" lon="139.4842080">
    <ele>46.0</ele>
    <time>2023-10-28T23:30:54Z</time>
   </trkpt>
   <trkpt lat="35.5613190" lon="139.4841890">
    <ele>46.1</ele>
    <time>2023-10-28T23:30:55Z</time>
   </trkpt>
   <trkpt lat="35.5613310" lon="139.4841690">
    <ele>46.3</ele>
    <time>2023-10-28T23:30:57Z</time>
   </trkpt>
   <trkpt lat="35.5613440" lon="139.4841500">
    <ele>46.5</ele>
    <time>2023-10-28T23:30:58Z</time>
   </trkpt>
   <trkpt lat="35.5614020" lon="139.4841360">
    <ele>47.1</ele>
    <time>2023-10-28T23:30:59Z</time>
   </trkpt>
   <trkpt lat="35.5614480" lon="139.4841360">
    <ele>47.6</ele>
    <time>2023-10-28T23:31:00Z</time>
   </trkpt>
   <trkpt lat="35.5614930" lon="139.4841350">
    <ele>48.0</ele>
    <time>2023-10-28T23:31:13Z</time>
   </trkpt>
   <trkpt lat="35.5615380" lon="139.4841350">
    <ele>48.5</ele>
    <time>2023-10-28T23:31:14Z</time>
   </trkpt>
   <trkpt lat="35.5615700" lon="139.4841420">
    <ele>48.8</ele>
    <time>2023-10-28T23:31:15Z</time>
   </trkpt>
   <trkpt lat="35.5615810" lon="139.4841510">
    <ele>48.9</ele>
    <time>2023-10-28T23:31:16Z</time>
   </trkpt>
   <trkpt lat="35.5615950" lon="139.4841610">
    <ele>49.1</ele>
    <time>2023-10-28T23:31:17Z</time>
   </trkpt>
   <trkpt lat="35.5616070" lon="139.4841690">
    <ele>49.2</ele>
    <time>2023-10-28T23:31:18Z</time>
   </trkpt>
   <trkpt lat="35.5616290" lon="139.4841740">
    <ele>49.4</ele>
    <time>2023-10-28T23:31:19Z</time>
   </trkpt>
   <trkpt lat="35.5616560" lon="139.4841990">
    <ele>49.7</ele>
    <time>2023-10-28T23:31:20Z</time>
   </trkpt>
   <trkpt lat="35.5616670" lon="139.4842070">
    <ele>49.8</ele>
    <time>2023-10-28T23:31:21Z</time>
   </trkpt>
   <trkpt lat="35.5616920" lon="139.4842190">
    <ele>50.1</ele>
    <time>2023-10-28T23:31:22Z</time>
   </trkpt>
   <trkpt lat="35.5617020" lon="139.4842210">
    <ele>50.2</ele>
    <time>2023-10-28T23:31:23Z</time>
   </trkpt>
   <trkpt lat="35.5617320" lon="139.4842380">
    <ele>50.5</ele>
    <time>2023-10-28T23:31:24Z</time>
   </trkpt>
   <trkpt lat="35.5617410" lon="139.4842390">
    <ele>50.6</ele>
    <time>2023-10-28T23:31:25Z</time>
   </trkpt>
   <trkpt lat="35.5617630" lon="139.4842630">
    <ele>50.9</ele>
    <time>2023-10-28T23:31:26Z</time>
   </trkpt>
   <trkpt lat="35.5617690" lon="139.4842710">
    <ele>51.0</ele>
    <time>2023-10-28T23:31:27Z</time>
   </trkpt>
   <trkpt lat="35.5617920" lon="139.4843000">
    <ele>51.3</ele>
    <time>2023-10-28T23:31:28Z</time>
   </trkpt>
   <trkpt lat="35.5617970" lon="139.4843110">
    <ele>51.4</ele>
    <time>2023-10-28T23:31:29Z</time>
   </trkpt>
   <trkpt lat="35.5618080" lon="139.4843250">
    <ele>51.5</ele>
    <time>2023-10-28T23:31:30Z</time>
   </trkpt>
   <trkpt lat="35.5618190" lon="139.4843450">
    <ele>51.7</ele>
    <time>2023-10-28T23:31:31Z</time>
   </trkpt>
   <trkpt lat="35.5618200" lon="139.4843650">
    <ele>51.9</ele>
    <time>2023-10-28T23:31:32Z</time>
   </trkpt>
   <trkpt lat="35.5618320" lon="139.4843860">
    <ele>52.1</ele>
    <time>2023-10-28T23:31:33Z</time>
   </trkpt>
   <trkpt lat="35.5618600" lon="139.4844070">
    <ele>52.5</ele>
    <time>2023-10-28T23:31:34Z</time>
   </trkpt>
   <trkpt lat="35.5618690" lon="139.4844150">
    <ele>52.6</ele>
    <time>2023-10-28T23:31:35Z</time>
   </trkpt>
   <trkpt lat="35.5618880" lon="139.4844430">
    <ele>52.9</ele>
    <time>2023-10-28T23:31:36Z</time>
   </trkpt>
   <trkpt lat="35.5618930" lon="139.4844530">
    <ele>53.0</ele>
    <time>2023-10-28T23:31:37Z</time>
   </trkpt>
   <trkpt lat="35.5619050" lon="139.4844640">
    <ele>53.2</ele>
    <time>2023-10-28T23:31:38Z</time>
   </trkpt>
   <trkpt lat="35.5619230" lon="139.4844740">
    <ele>53.4</ele>
    <time>2023-10-28T23:31:39Z</time>
   </trkpt>
   <trkpt lat="35.5619340" lon="139.4844930">
    <ele>53.6</ele>
    <time>2023-10-28T23:31:40Z</time>
   </trkpt>
   <trkpt lat="35.5619400" lon="139.4845110">
    <ele>53.8</ele>
    <time>2023-10-28T23:31:41Z</time>
   </trkpt>
   <trkpt lat="35.5619600" lon="139.4845380">
    <ele>54.1</ele>
    <time>2023-10-28T23:31:42Z</time>
   </trkpt>
   <trkpt lat="35.5619660" lon="139.4845490">
    <ele>54.2</ele>
    <time>2023-10-28T23:31:43Z</time>
   </trkpt>
   <trkpt lat="35.5619770" lon="139.4845640">
    <ele>54.4</ele>
    <time>2023-10-28T23:31:44Z</time>
   </trkpt>
   <trkpt lat="35.5619860" lon="139.4845850">
    <ele>54.6</ele>
    <time>2023-10-28T23:31:45Z</time>
   </trkpt>
   <trkpt lat="35.5620000" lon="139.4846010">
    <ele>54.8</ele>
    <time>2023-10-28T23:31:46Z</time>
   </trkpt>
   <trkpt lat="35.5620090" lon="139.4846160">
    <ele>55.0</ele>
    <time>2023-10-28T23:31:47Z</time>
   </trkpt>
   <trkpt lat="35.5620210" lon="139.4846340">
    <ele>55.2</ele>
    <time>2023-10-28T23:31:48Z</time>
   </trkpt>
   <trkpt lat="35.5620360" lon="139.4846440">
    <ele>55.4</ele>
    <time>2023-10-28T23:31:49Z</time>
   </trkpt>
   <trkpt lat="35.5620590" lon="139.4846670">
    <ele>55.7</ele>
    <time>2023-10-28T23:31:50Z</time>
   </trkpt>
   <trkpt lat="35.5620680" lon="139.4846720">
    <ele>55.8</ele>
    <time>2023-10-28T23:31:51Z</time>
   </trkpt>
   <trkpt lat="35.5620930" lon="139.4846920">
    <ele>56.1</ele>
    <time>2023-10-28T23:31:52Z</time>
   </trkpt>
   <trkpt lat="35.5621010" lon="139.4847010">
    <ele>56.2</ele>
    <time>2023-10-28T23:31:53Z</time>
   </trkpt>
   <trkpt lat="35.5621210" lon="139.4847200">
    <ele>56.5</ele>
    <time>2023-10-28T23:31:54Z</time>
   </trkpt>
   <trkpt lat="35.5621310" lon="139.4847280">
    <ele>56.6</ele>
    <time>2023-10-28T23:31:55Z</time>
   </trkpt>
   <trkpt lat="35.5621470" lon="139.4847400">
    <ele>56.8</ele>
    <time>2023-10-28T23:31:56Z</time>
   </trkpt>
   <trkpt lat="35.5621620" lon="139.4847500">
    <ele>57.0</ele>
    <time>2023-10-28T23:31:57Z</time>
   </trkpt>
   <trkpt lat="35.5621890" lon="139.4847660">
    <ele>57.3</ele>
    <time>2023-10-28T23:31:58Z</time>
   </trkpt>
   <trkpt lat="35.5621980" lon="139.4847690">
    <ele>57.4</ele>
    <time>2023-10-28T23:31:59Z</time>
   </trkpt>
   <trkpt lat="35.5622250" lon="139.4847850">
    <ele>57.7</ele>
    <time>2023-10-28T23:32:00Z</time>
   </trkpt>
   <trkpt lat="35.5622330" lon="139.4847910">
    <ele>57.8</ele>
    <time>2023-10-28T23:32:01Z</time>
   </trkpt>
   <trkpt lat="35.5622570" lon="139.4848110">
    <ele>58.1</ele>
    <time>2023-10-28T23:32:02Z</time>
   </trkpt>
   <trkpt lat="35.5622650" lon="139.4848160">
    <ele>58.2</ele>
    <time>2023-10-28T23:32:03Z</time>
   </trkpt>
   <trkpt lat="35.5622950" lon="139.4848210">
    <ele>58.6</ele>
    <time>2023-10-28T23:32:04Z</time>
   </trkpt>
   <trkpt lat="35.5623070" lon="139.4848220">
    <ele>58.7</ele>
    <time>2023-10-28T23:32:05Z</time>
   </trkpt>
   <trkpt lat="35.5623230" lon="139.4848360">
    <ele>58.9</ele>
    <time>2023-10-28T23:32:06Z</time>
   </trkpt>
   <trkpt lat="35.5623390" lon="139.4848370">
    <ele>59.1</ele>
    <time>2023-10-28T23:32:07Z</time>
   </trkpt>
   <trkpt lat="35.5623670" lon="139.4848480">
    <ele>59.4</ele>
    <time>2023-10-28T23:32:08Z</time>
   </trkpt>
   <trkpt lat="35.5623750" lon="139.4848560">
    <ele>59.5</ele>
    <time>2023-10-28T23:32:09Z</time>
   </trkpt>
   <trkpt lat="35.5623890" lon="139.4848560">
    <ele>59.7</ele>
    <time>2023-10-28T23:32:10Z</time>
   </trkpt>
   <trkpt lat="35.5624080" lon="139.4848610">
    <ele>59.9</ele>
    <time>2023-10-28T23:32:11Z</time>
   </trkpt>
   <trkpt lat="35.5624370" lon="139.4848630">
    <ele>60.2</ele>
    <time>2023-10-28T23:32:12Z</time>
   </trkpt>
   <trkpt lat="35.5624460" lon="139.4848660">
    <ele>60.3</ele>
    <time>2023-10-28T23:32:13Z</time>
   </trkpt>
   <trkpt lat="35.5624740" lon="139.4848800">
    <ele>60.6</ele>
    <time>2023-10-28T23:32:14Z</time>
   </trkpt>
   <trkpt lat="35.5624840" lon="139.4848860">
    <ele>60.7</ele>
    <time>2023-10-28T23:32:15Z</time>
   </trkpt>
   <trkpt lat="35.5625200" lon="139.4848920">
    <ele>61.1</ele>
    <time>2023-10-28T23:32:16Z</time>
   </trkpt>
   <trkpt lat="35.5625330" lon="139.4848940">
    <ele>61.2</ele>
    <time>2023-10-28T23:32:17Z</time>
   </trkpt>
   <trkpt lat="35.5625500" lon="139.4848970">
    <ele>61.4</ele>
    <time>2023-10-28T23:32:18Z</time>
   </trkpt>
   <trkpt lat="35.5625660" lon="139.4849050">
    <ele>61.6</ele>
    <time>2023-10-28T23:32:19Z</time>
   </trkpt>
   <trkpt lat="35.5626010" lon="139.4849050">
    <ele>61.9</ele>
    <time>2023-10-28T23:32:20Z</time>
   </trkpt>
   <trkpt lat="35.5626110" lon="139.4849100">
    <ele>62.1</ele>
    <time>2023-10-28T23:32:21Z</time>
   </trkpt>
   <trkpt lat="35.5626400" lon="139.4849060">
    <ele>62.3</ele>
    <time>2023-10-28T23:32:22Z</time>
   </trkpt>
   <trkpt lat="35.5626520" lon="139.4848990">
    <ele>62.5</ele>
    <time>2023-10-28T23:32:23Z</time>
   </trkpt>
   <trkpt lat="35.5626780" lon="139.4849090">
    <ele>62.7</ele>
    <time>2023-10-28T23:32:24Z</time>
   </trkpt>
   <trkpt lat="35.5626860" lon="139.4849110">
    <ele>62.8</ele>
    <time>2023-10-28T23:32:25Z</time>
   </trkpt>
   <trkpt lat="35.5627110" lon="139.4849100">
    <ele>63.0</ele>
    <time>2023-10-28T23:32:26Z</time>
   </trkpt>
   <trkpt lat="35.5627230" lon="139.4849080">
    <ele>63.2</ele>
    <time>2023-10-28T23:32:27Z</time>
   </trkpt>
   <trkpt lat="35.5627540" lon="139.4849130">
    <ele>63.4</ele>
    <time>2023-10-28T23:32:28Z</time>
   </trkpt>
   <trkpt lat="35.5627650" lon="139.4849120">
    <ele>63.6</ele>
    <time>2023-10-28T23:32:29Z</time>
   </trkpt>
   <trkpt lat="35.5627910" lon="139.4849270">
    <ele>63.8</ele>
    <time>2023-10-28T23:32:30Z</time>
   </trkpt>
   <trkpt lat="35.5627990" lon="139.4849300">
    <ele>63.9</ele>
    <time>2023-10-28T23:32:31Z</time>
   </trkpt>
   <trkpt lat="35.5628320" lon="139.4849160">
    <ele>64.2</ele>
    <time>2023-10-28T23:32:32Z</time>
   </trkpt>
   <trkpt lat="35.5628420" lon="139.4849090">
    <ele>64.3</ele>
    <time>2023-10-28T23:32:33Z</time>
   </trkpt>
   <trkpt lat="35.5628730" lon="139.4849070">
    <ele>64.6</ele>
    <time>2023-10-28T23:32:34Z</time>
   </trkpt>
   <trkpt lat="35.5628840" lon="139.4849080">
    <ele>64.7</ele>
    <time>2023-10-28T23:32:35Z</time>
   </trkpt>
   <trkpt lat="35.5629170" lon="139.4849150">
    <ele>65.0</ele>
    <time>2023-10-28T23:32:36Z</time>
   </trkpt>
   <trkpt lat="35.5629290" lon="139.4849160">
    <ele>65.1</ele>
    <time>2023-10-28T23:32:37Z</time>
   </trkpt>
   <trkpt lat="35.5629590" lon="139.4849230">
    <ele>65.3</ele>
    <time>2023-10-28T23:32:38Z</time>
   </trkpt>
   <trkpt lat="35.5629680" lon="139.4849260">
    <ele>65.4</ele>
    <time>2023-10-28T23:32:39Z</time>
   </trkpt>
   <trkpt lat="35.5629950" lon="139.4849240">
    <ele>65.6</ele>
    <time>2023-10-28T23:32:40Z</time>
   </trkpt>
   <trkpt lat="35.5630080" lon="139.4849320">
    <ele>65.7</ele>
    <time>2023-10-28T23:32:41Z</time>
   </trkpt>
   <trkpt lat="35.5630260" lon="139.4849340">
    <ele>65.8</ele>
    <time>2023-10-28T23:32:42Z</time>
   </trkpt>
   <trkpt lat="35.5630560" lon="139.4849450">
    <ele>66.0</ele>
    <time>2023-10-28T23:32:43Z</time>
   </trkpt>
   <trkpt lat="35.5630650" lon="139.4849500">
    <ele>66.1</ele>
    <time>2023-10-28T23:32:44Z</time>
   </trkpt>
   <trkpt lat="35.5631020" lon="139.4849530">
    <ele>66.3</ele>
    <time>2023-10-28T23:32:45Z</time>
   </trkpt>
   <trkpt lat="35.5631130" lon="139.4849520">
    <ele>66.4</ele>
    <time>2023-10-28T23:32:46Z</time>
   </trkpt>
   <trkpt lat="35.5631420" lon="139.4849440">
    <ele>66.6</ele>
    <time>2023-10-28T23:32:47Z</time>
   </trkpt>
   <trkpt lat="35.5631530" lon="139.4849400">
    <ele>66.6</ele>
    <time>2023-10-28T23:32:48Z</time>
   </trkpt>
   <trkpt lat="35.5631820" lon="139.4849410">
    <ele>66.8</ele>
    <time>2023-10-28T23:32:49Z</time>
   </trkpt>
   <trkpt lat="35.5631930" lon="139.4849420">
    <ele>66.8</ele>
    <time>2023-10-28T23:32:50Z</time>
   </trkpt>
   <trkpt lat="35.5632280" lon="139.4849450">
    <ele>67.0</ele>
    <time>2023-10-28T23:32:51Z</time>
   </trkpt>
   <trkpt lat="35.5632420" lon="139.4849410">
    <ele>67.0</ele>
    <time>2023-10-28T23:32:52Z</time>
   </trkpt>
   <trkpt lat="35.5632810" lon="139.4849450">
    <ele>67.2</ele>
    <time>2023-10-28T23:32:53Z</time>
   </trkpt>
   <trkpt lat="35.5632950" lon="139.4849440">
    <ele>67.2</ele>
    <time>2023-10-28T23:32:54Z</time>
   </trkpt>
   <trkpt lat="35.5633300" lon="139.4849520">
    <ele>67.3</ele>
    <time>2023-10-28T23:32:55Z</time>
   </trkpt>
   <trkpt lat="35.5633430" lon="139.4849530">
    <ele>67.3</ele>
    <time>2023-10-28T23:32:56Z</time>
   </trkpt>
   <trkpt lat="35.5633710" lon="139.4849360">
    <ele>67.4</ele>
    <time>2023-10-28T23:32:57Z</time>
   </trkpt>
   <trkpt lat="35.5633810" lon="139.4849420">
    <ele>67.4</ele>
    <time>2023-10-28T23:32:58Z</time>
   </trkpt>
   <trkpt lat="35.5634170" lon="139.4849500">
    <ele>67.5</ele>
    <time>2023-10-28T23:32:59Z</time>
   </trkpt>
   <trkpt lat="35.5634280" lon="139.4849510">
    <ele>67.5</ele>
    <time>2023-10-28T23:33:00Z</time>
   </trkpt>
   <trkpt lat="35.5634610" lon="139.4849590">
    <ele>67.6</ele>
    <time>2023-10-28T23:33:01Z</time>
   </trkpt>
   <trkpt lat="35.5634720" lon="139.4849580">
    <ele>67.6</ele>
    <time>2023-10-28T23:33:02Z</time>
   </trkpt>
   <trkpt lat="35.5635060" lon="139.4849610">
    <ele>67.6</ele>
    <time>2023-10-28T23:33:03Z</time>
   </trkpt>
   <trkpt lat="35.5635190" lon="139.4849600">
    <ele>67.6</ele>
    <time>2023-10-28T23:33:04Z</time>
   </trkpt>
   <trkpt lat="35.5635480" lon="139.4849640">
    <ele>67.7</ele>
    <time>2023-10-28T23:33:05Z</time>
   </trkpt>
   <trkpt lat="35.5635780" lon="139.4849720">
    <ele>67.7</ele>
    <time>2023-10-28T23:33:06Z</time>
   </trkpt>
   <trkpt lat="35.5635900" lon="139.4849810">
    <ele>67.7</ele>
    <time>2023-10-28T23:33:07Z</time>
   </trkpt>
   <trkpt lat="35.5636200" lon="139.4849810">
    <ele>67.8</ele>
    <time>2023-10-28T23:33:08Z</time>
   </trkpt>
   <trkpt lat="35.5636310" lon="139.4849840">
    <ele>67.8</ele>
    <time>2023-10-28T23:33:09Z</time>
   </trkpt>
   <trkpt lat="35.5636680" lon="139.4849990">
    <ele>67.8</ele>
    <time>2023-10-28T23:33:10Z</time>
   </trkpt>
   <trkpt lat="35.5636800" lon="139.4850090">
    <ele>67.9</ele>
    <time>2023-10-28T23:33:11Z</time>
   </trkpt>
   <trkpt lat="35.5637070" lon="139.4850080">
    <ele>67.9</ele>
    <time>2023-10-28T23:33:12Z</time>
   </trkpt>
   <trkpt lat="35.5637400" lon="139.4850090">
    <ele>67.9</ele>
    <time>2023-10-28T23:33:13Z</time>
   </trkpt>
   <trkpt lat="35.5637730" lon="139.4850160">
    <ele>68.0</ele>
    <time>2023-10-28T23:33:14Z</time>
   </trkpt>
   <trkpt lat="35.5637830" lon="139.4850160">
    <ele>68.0</ele>
    <time>2023-10-28T23:33:15Z</time>
   </trkpt>
   <trkpt lat="35.5638130" lon="139.4850160">
    <ele>68.1</ele>
    <time>2023-10-28T23:33:16Z</time>
   </trkpt>
   <trkpt lat="35.5638250" lon="139.4850150">
    <ele>68.1</ele>
    <time>2023-10-28T23:33:17Z</time>
   </trkpt>
   <trkpt lat="35.5638580" lon="139.4850130">
    <ele>68.1</ele>
    <time>2023-10-28T23:33:18Z</time>
   </trkpt>
   <trkpt lat="35.5638730" lon="139.4850190">
    <ele>68.1</ele>
    <time>2023-10-28T23:33:19Z</time>
   </trkpt>
   <trkpt lat="35.5639080" lon="139.4850250">
    <ele>68.2</ele>
    <time>2023-10-28T23:33:20Z</time>
   </trkpt>
   <trkpt lat="35.5639200" lon="139.4850300">
    <ele>68.2</ele>
    <time>2023-10-28T23:33:21Z</time>
   </trkpt>
   <trkpt lat="35.5639490" lon="139.4850390">
    <ele>68.3</ele>
    <time>2023-10-28T23:33:22Z</time>
   </trkpt>
   <trkpt lat="35.5639770" lon="139.4850480">
    <ele>68.3</ele>
    <time>2023-10-28T23:33:23Z</time>
   </trkpt>
   <trkpt lat="35.5640150" lon="139.4850450">
    <ele>68.4</ele>
    <time>2023-10-28T23:33:24Z</time>
   </trkpt>
   <trkpt lat="35.5640280" lon="139.4850450">
    <ele>68.4</ele>
    <time>2023-10-28T23:33:25Z</time>
   </trkpt>
   <trkpt lat="35.5640510" lon="139.4850430">
    <ele>68.4</ele>
    <time>2023-10-28T23:33:26Z</time>
   </trkpt>
   <trkpt lat="35.5640780" lon="139.4850490">
    <ele>68.5</ele>
    <time>2023-10-28T23:33:28Z</time>
   </trkpt>
   <trkpt lat="35.5641080" lon="139.4850520">
    <ele>68.5</ele>
    <time>2023-10-28T23:33:29Z</time>
   </trkpt>
   <trkpt lat="35.5641180" lon="139.4850550">
    <ele>68.5</ele>
    <time>2023-10-28T23:33:30Z</time>
   </trkpt>
   <trkpt lat="35.5641930" lon="139.4850430">
    <ele>68.6</ele>
    <time>2023-10-28T23:33:31Z</time>
   </trkpt>
   <trkpt lat="35.5642420" lon="139.4850270">
    <ele>68.7</ele>
    <time>2023-10-28T23:33:38Z</time>
   </trkpt>
   <trkpt lat="35.5642920" lon="139.4850110">
    <ele>68.8</ele>
    <time>2023-10-28T23:33:39Z</time>
   </trkpt>
   <trkpt lat="35.5643410" lon="139.4849950">
    <ele>68.8</ele>
    <time>2023-10-28T23:33:40Z</time>
   </trkpt>
   <trkpt lat="35.5643650" lon="139.4849950">
    <ele>68.9</ele>
    <time>2023-10-28T23:33:41Z</time>
   </trkpt>
   <trkpt lat="35.5643760" lon="139.4850020">
    <ele>68.9</ele>
    <time>2023-10-28T23:33:42Z</time>
   </trkpt>
   <trkpt lat="35.5644150" lon="139.4849970">
    <ele>68.9</ele>
    <time>2023-10-28T23:33:43Z</time>
   </trkpt>
   <trkpt lat="35.5644480" lon="139.4849990">
    <ele>69.0</ele>
    <time>2023-10-28T23:33:44Z</time>
   </trkpt>
   <trkpt lat="35.5644620" lon="139.4850010">
    <ele>69.0</ele>
    <time>2023-10-28T23:33:45Z</time>
   </trkpt>
   <trkpt lat="35.5644940" lon="139.4850040">
    <ele>69.1</ele>
    <time>2023-10-28T23:33:46Z</time>
   </trkpt>
   <trkpt lat="35.5645100" lon="139.4850020">
    <ele>69.1</ele>
    <time>2023-10-28T23:33:47Z</time>
   </trkpt>
   <trkpt lat="35.5645460" lon="139.4849960">
    <ele>69.1</ele>
    <time>2023-10-28T23:33:48Z</time>
   </trkpt>
   <trkpt lat="35.5645650" lon="139.4849880">
    <ele>69.2</ele>
    <time>2023-10-28T23:33:49Z</time>
   </trkpt>
   <trkpt lat="35.5645970" lon="139.4849890">
    <ele>69.2</ele>
    <time>2023-10-28T23:33:50Z</time>
   </trkpt>
   <trkpt lat="35.5646340" lon="139.4849890">
    <ele>69.3</ele>
    <time>2023-10-28T23:33:51Z</time>
   </trkpt>
   <trkpt lat="35.5646510" lon="139.4849830">
    <ele>69.3</ele>
    <time>2023-10-28T23:33:52Z</time>
   </trkpt>
   <trkpt lat="35.5646780" lon="139.4849740">
    <ele>69.4</ele>
    <time>2023-10-28T23:33:53Z</time>
   </trkpt>
   <trkpt lat="35.5647050" lon="139.4849790">
    <ele>69.4</ele>
    <time>2023-10-28T23:33:54Z</time>
   </trkpt>
   <trkpt lat="35.5647330" lon="139.4849720">
    <ele>69.5</ele>
    <time>2023-10-28T23:33:55Z</time>
   </trkpt>
   <trkpt lat="35.5647620" lon="139.4849720">
    <ele>69.5</ele>
    <time>2023-10-28T23:33:56Z</time>
   </trkpt>
   <trkpt lat="35.5647930" lon="139.4849610">
    <ele>69.6</ele>
    <time>2023-10-28T23:33:57Z</time>
   </trkpt>
   <trkpt lat="35.5648270" lon="139.4849640">
    <ele>69.6</ele>
    <time>2023-10-28T23:33:58Z</time>
   </trkpt>
   <trkpt lat="35.5648400" lon="139.4849610">
    <ele>69.6</ele>
    <time>2023-10-28T23:33:59Z</time>
   </trkpt>
   <trkpt lat="35.5648770" lon="139.4849530">
    <ele>69.6</ele>
    <time>2023-10-28T23:34:00Z</time>
   </trkpt>
   <trkpt lat="35.5648900" lon="139.4849490">
    <ele>69.6</ele>
    <time>2023-10-28T23:34:01Z</time>
   </trkpt>
   <trkpt lat="35.5649270" lon="139.4849390">
    <ele>69.7</ele>
    <time>2023-10-28T23:34:02Z</time>
   </trkpt>
   <trkpt lat="35.5649380" lon="139.4849360">
    <ele>69.7</ele>
    <time>2023-10-28T23:34:03Z</time>
   </trkpt>
   <trkpt lat="35.5649720" lon="139.4849270">
    <ele>69.7</ele>
    <time>2023-10-28T23:34:04Z</time>
   </trkpt>
   <trkpt lat="35.5649830" lon="139.4849250">
    <ele>69.7</ele>
    <time>2023-10-28T23:34:05Z</time>
   </trkpt>
   <trkpt lat="35.5650200" lon="139.4849130">
    <ele>69.8</ele>
    <time>2023-10-28T23:34:06Z</time>
   </trkpt>
   <trkpt lat="35.5650380" lon="139.4849120">
    <ele>69.8</ele>
    <time>2023-10-28T23:34:07Z</time>
   </trkpt>
   <trkpt lat="35.5650690" lon="139.4849000">
    <ele>69.8</ele>
    <time>2023-10-28T23:34:08Z</time>
   </trkpt>
   <trkpt lat="35.5651070" lon="139.4848880">
    <ele>69.9</ele>
    <time>2023-10-28T23:34:09Z</time>
   </trkpt>
   <trkpt lat="35.5651210" lon="139.4848880">
    <ele>69.9</ele>
    <time>2023-10-28T23:34:10Z</time>
   </trkpt>
   <trkpt lat="35.5651510" lon="139.4848860">
    <ele>69.9</ele>
    <time>2023-10-28T23:34:11Z</time>
   </trkpt>
   <trkpt lat="35.5651850" lon="139.4848780">
    <ele>70.0</ele>
    <time>2023-10-28T23:34:12Z</time>
   </trkpt>
   <trkpt lat="35.5651970" lon="139.4848790">
    <ele>70.0</ele>
    <time>2023-10-28T23:34:13Z</time>
   </trkpt>
   <trkpt lat="35.5652270" lon="139.4848770">
    <ele>70.0</ele>
    <time>2023-10-28T23:34:14Z</time>
   </trkpt>
   <trkpt lat="35.5652380" lon="139.4848800">
    <ele>70.0</ele>
    <time>2023-10-28T23:34:15Z</time>
   </trkpt>
   <trkpt lat="35.5652800" lon="139.4848830">
    <ele>70.1</ele>
    <time>2023-10-28T23:34:16Z</time>
   </trkpt>
   <trkpt lat="35.5652990" lon="139.4848820">
    <ele>70.1</ele>
    <time>2023-10-28T23:34:17Z</time>
   </trkpt>
   <trkpt lat="35.5653330" lon="139.4848830">
    <ele>70.2</ele>
    <time>2023-10-28T23:34:18Z</time>
   </trkpt>
   <trkpt lat="35.5653590" lon="139.4848730">
    <ele>70.2</ele>
    <time>2023-10-28T23:34:19Z</time>
   </trkpt>
   <trkpt lat="35.5653910" lon="139.4848690">
    <ele>70.2</ele>
    <time>2023-10-28T23:34:20Z</time>
   </trkpt>
   <trkpt lat="35.5654270" lon="139.4848760">
    <ele>70.3</ele>
    <time>2023-10-28T23:34:21Z</time>
   </trkpt>
   <trkpt lat="35.5654400" lon="139.4848800">
    <ele>70.3</ele>
    <time>2023-10-28T23:34:22Z</time>
   </trkpt>
   <trkpt lat="35.5654750" lon="139.4849030">
    <ele>70.3</ele>
    <time>2023-10-28T23:34:23Z</time>
   </trkpt>
   <trkpt lat="35.5654880" lon="139.4849110">
    <ele>70.3</ele>
    <time>2023-10-28T23:34:24Z</time>
   </trkpt>
   <trkpt lat="35.5655240" lon="139.4849300">
    <ele>70.4</ele>
    <time>2023-10-28T23:34:25Z</time>
   </trkpt>
   <trkpt lat="35.5655380" lon="139.4849330">
    <ele>70.4</ele>
    <time>2023-10-28T23:34:26Z</time>
   </trkpt>
   <trkpt lat="35.5655660" lon="139.4849520">
    <ele>70.4</ele>
    <time>2023-10-28T23:34:27Z</time>
   </trkpt>
   <trkpt lat="35.5655940" lon="139.4849750">
    <ele>70.4</ele>
    <time>2023-10-28T23:34:28Z</time>
   </trkpt>
   <trkpt lat="35.5656010" lon="139.4849850">
    <ele>70.5</ele>
    <time>2023-10-28T23:34:29Z</time>
   </trkpt>
   <trkpt lat="35.5656280" lon="139.4849930">
    <ele>70.5</ele>
    <time>2023-10-28T23:34:30Z</time>
   </trkpt>
   <trkpt lat="35.5656390" lon="139.4849920">
    <ele>70.5</ele>
    <time>2023-10-28T23:34:31Z</time>
   </trkpt>
   <trkpt lat="35.5656750" lon="139.4849960">
    <ele>70.5</ele>
    <time>2023-10-28T23:34:32Z</time>
   </trkpt>
   <trkpt lat="35.5656870" lon="139.4849970">
    <ele>70.5</ele>
    <time>2023-10-28T23:34:33Z</time>
   </trkpt>
   <trkpt lat="35.5657140" lon="139.4850240">
    <ele>70.6</ele>
    <time>2023-10-28T23:34:34Z</time>
   </trkpt>
   <trkpt lat="35.5657240" lon="139.4850280">
    <ele>70.6</ele>
    <time>2023-10-28T23:34:35Z</time>
   </trkpt>
   <trkpt lat="35.5657510" lon="139.4850460">
    <ele>70.6</ele>
    <time>2023-10-28T23:34:36Z</time>
   </trkpt>
   <trkpt lat="35.5657600" lon="139.4850520">
    <ele>70.7</ele>
    <time>2023-10-28T23:34:37Z</time>
   </trkpt>
   <trkpt lat="35.5657810" lon="139.4850770">
    <ele>70.7</ele>
    <time>2023-10-28T23:34:38Z</time>
   </trkpt>
   <trkpt lat="35.5658120" lon="139.4850990">
    <ele>70.7</ele>
    <time>2023-10-28T23:34:39Z</time>
   </trkpt>
   <trkpt lat="35.5658220" lon="139.4851100">
    <ele>70.7</ele>
    <time>2023-10-28T23:34:40Z</time>
   </trkpt>
   <trkpt lat="35.5658530" lon="139.4851330">
    <ele>70.8</ele>
    <time>2023-10-28T23:34:41Z</time>
   </trkpt>
   <trkpt lat="35.5658630" lon="139.4851410">
    <ele>70.8</ele>
    <time>2023-10-28T23:34:42Z</time>
   </trkpt>
   <trkpt lat="35.5659020" lon="139.4851590">
    <ele>70.8</ele>
    <time>2023-10-28T23:34:43Z</time>
   </trkpt>
   <trkpt lat="35.5659150" lon="139.4851670">
    <ele>70.9</ele>
    <time>2023-10-28T23:34:44Z</time>
   </trkpt>
   <trkpt lat="35.5659360" lon="139.4852050">
    <ele>70.9</ele>
    <time>2023-10-28T23:34:45Z</time>
   </trkpt>
   <trkpt lat="35.5659470" lon="139.4852140">
    <ele>70.9</ele>
    <time>2023-10-28T23:34:46Z</time>
   </trkpt>
   <trkpt lat="35.5659780" lon="139.4852340">
    <ele>71.0</ele>
    <time>2023-10-28T23:34:47Z</time>
   </trkpt>
   <trkpt lat="35.5659860" lon="139.4852440">
    <ele>71.0</ele>
    <time>2023-10-28T23:34:48Z</time>
   </trkpt>
   <trkpt lat="35.5660090" lon="139.4852610">
    <ele>71.0</ele>
    <time>2023-10-28T23:34:49Z</time>
   </trkpt>
   <trkpt lat="35.5660340" lon="139.4852750">
    <ele>71.0</ele>
    <time>2023-10-28T23:34:50Z</time>
   </trkpt>
   <trkpt lat="35.5660600" lon="139.4852890">
    <ele>71.0</ele>
    <time>2023-10-28T23:34:51Z</time>
   </trkpt>
   <trkpt lat="35.5660780" lon="139.4853210">
    <ele>71.1</ele>
    <time>2023-10-28T23:34:52Z</time>
   </trkpt>
   <trkpt lat="35.5661130" lon="139.4853370">
    <ele>71.1</ele>
    <time>2023-10-28T23:34:53Z</time>
   </trkpt>
   <trkpt lat="35.5661230" lon="139.4853430">
    <ele>71.1</ele>
    <time>2023-10-28T23:34:54Z</time>
   </trkpt>
   <trkpt lat="35.5661590" lon="139.4853590">
    <ele>71.1</ele>
    <time>2023-10-28T23:34:55Z</time>
   </trkpt>
   <trkpt lat="35.5661730" lon="139.4853670">
    <ele>71.2</ele>
    <time>2023-10-28T23:34:56Z</time>
   </trkpt>
   <trkpt lat="35.5662070" lon="139.4853930">
    <ele>71.2</ele>
    <time>2023-10-28T23:34:57Z</time>
   </trkpt>
   <trkpt lat="35.5662180" lon="139.4854020">
    <ele>71.2</ele>
    <time>2023-10-28T23:34:58Z</time>
   </trkpt>
   <trkpt lat="35.5662530" lon="139.4854230">
    <ele>71.2</ele>
    <time>2023-10-28T23:34:59Z</time>
   </trkpt>
   <trkpt lat="35.5662660" lon="139.4854310">
    <ele>71.3</ele>
    <time>2023-10-28T23:35:00Z</time>
   </trkpt>
   <trkpt lat="35.5662900" lon="139.4854570">
    <ele>71.3</ele>
    <time>2023-10-28T23:35:01Z</time>
   </trkpt>
   <trkpt lat="35.5663010" lon="139.4854690">
    <ele>71.3</ele>
    <time>2023-10-28T23:35:02Z</time>
   </trkpt>
   <trkpt lat="35.5663300" lon="139.4854950">
    <ele>71.4</ele>
    <time>2023-10-28T23:35:03Z</time>
   </trkpt>
   <trkpt lat="35.5663390" lon="139.4855030">
    <ele>71.4</ele>
    <time>2023-10-28T23:35:04Z</time>
   </trkpt>
   <trkpt lat="35.5663620" lon="139.4855240">
    <ele>71.4</ele>
    <time>2023-10-28T23:35:05Z</time>
   </trkpt>
   <trkpt lat="35.5663890" lon="139.4855350">
    <ele>71.5</ele>
    <time>2023-10-28T23:35:06Z</time>
   </trkpt>
   <trkpt lat="35.5664030" lon="139.4855640">
    <ele>71.5</ele>
    <time>2023-10-28T23:35:07Z</time>
   </trkpt>
   <trkpt lat="35.5664380" lon="139.4855830">
    <ele>71.6</ele>
    <time>2023-10-28T23:35:08Z</time>
   </trkpt>
   <trkpt lat="35.5664490" lon="139.4855890">
    <ele>71.6</ele>
    <time>2023-10-28T23:35:09Z</time>
   </trkpt>
   <trkpt lat="35.5664800" lon="139.4856060">
    <ele>71.6</ele>
    <time>2023-10-28T23:35:10Z</time>
   </trkpt>
   <trkpt lat="35.5665110" lon="139.4856320">
    <ele>71.7</ele>
    <time>2023-10-28T23:35:11Z</time>
   </trkpt>
   <trkpt lat="35.5665430" lon="139.4856560">
    <ele>71.7</ele>
    <time>2023-10-28T23:35:12Z</time>
   </trkpt>
   <trkpt lat="35.5665520" lon="139.4856650">
    <ele>71.8</ele>
    <time>2023-10-28T23:35:13Z</time>
   </trkpt>
   <trkpt lat="35.5665850" lon="139.4856770">
    <ele>71.8</ele>
    <time>2023-10-28T23:35:14Z</time>
   </trkpt>
   <trkpt lat="35.5665980" lon="139.4856840">
    <ele>71.8</ele>
    <time>2023-10-28T23:35:15Z</time>
   </trkpt>
   <trkpt lat="35.5666250" lon="139.4857100">
    <ele>71.8</ele>
    <time>2023-10-28T23:35:16Z</time>
   </trkpt>
   <trkpt lat="35.5666350" lon="139.4857190">
    <ele>71.9</ele>
    <time>2023-10-28T23:35:17Z</time>
   </trkpt>
   <trkpt lat="35.5666600" lon="139.4857330">
    <ele>71.9</ele>
    <time>2023-10-28T23:35:18Z</time>
   </trkpt>
   <trkpt lat="35.5666890" lon="139.4857550">
    <ele>71.9</ele>
    <time>2023-10-28T23:35:19Z</time>
   </trkpt>
   <trkpt lat="35.5666960" lon="139.4857630">
    <ele>71.9</ele>
    <time>2023-10-28T23:35:20Z</time>
   </trkpt>
   <trkpt lat="35.5667290" lon="139.4857820">
    <ele>72.0</ele>
    <time>2023-10-28T23:35:21Z</time>
   </trkpt>
   <trkpt lat="35.5667420" lon="139.4857940">
    <ele>72.0</ele>
    <time>2023-10-28T23:35:22Z</time>
   </trkpt>
   <trkpt lat="35.5667600" lon="139.4858200">
    <ele>72.0</ele>
    <time>2023-10-28T23:35:23Z</time>
   </trkpt>
   <trkpt lat="35.5667860" lon="139.4858380">
    <ele>72.1</ele>
    <time>2023-10-28T23:35:24Z</time>
   </trkpt>
   <trkpt lat="35.5667980" lon="139.4858440">
    <ele>72.1</ele>
    <time>2023-10-28T23:35:25Z</time>
   </trkpt>
   <trkpt lat="35.5668240" lon="139.4858660">
    <ele>72.1</ele>
    <time>2023-10-28T23:35:26Z</time>
   </trkpt>
   <trkpt lat="35.5668510" lon="139.4858790">
    <ele>72.2</ele>
    <time>2023-10-28T23:35:27Z</time>
   </trkpt>
   <trkpt lat="35.5668650" lon="139.4858940">
    <ele>72.2</ele>
    <time>2023-10-28T23:35:28Z</time>
   </trkpt>
   <trkpt lat="35.5668780" lon="139.4859030">
    <ele>72.2</ele>
    <time>2023-10-28T23:35:29Z</time>
   </trkpt>
   <trkpt lat="35.5669140" lon="139.4859120">
    <ele>72.3</ele>
    <time>2023-10-28T23:35:30Z</time>
   </trkpt>
   <trkpt lat="35.5669420" lon="139.4859210">
    <ele>72.3</ele>
    <time>2023-10-28T23:35:31Z</time>
   </trkpt>
   <trkpt lat="35.5669660" lon="139.4859370">
    <ele>72.4</ele>
    <time>2023-10-28T23:35:32Z</time>
   </trkpt>
   <trkpt lat="35.5669930" lon="139.4859370">
    <ele>72.4</ele>
    <time>2023-10-28T23:35:33Z</time>
   </trkpt>
   <trkpt lat="35.5670230" lon="139.4859510">
    <ele>72.4</ele>
    <time>2023-10-28T23:35:34Z</time>
   </trkpt>
   <trkpt lat="35.5670500" lon="139.4859610">
    <ele>72.4</ele>
    <time>2023-10-28T23:35:35Z</time>
   </trkpt>
   <trkpt lat="35.5670730" lon="139.4859670">
    <ele>72.4</ele>
    <time>2023-10-28T23:35:36Z</time>
   </trkpt>
   <trkpt lat="35.5671240" lon="139.4859690">
    <ele>72.5</ele>
    <time>2023-10-28T23:35:38Z</time>
   </trkpt>
   <trkpt lat="35.5671590" lon="139.4859730">
    <ele>72.5</ele>
    <time>2023-10-28T23:35:40Z</time>
   </trkpt>
   <trkpt lat="35.5671980" lon="139.4859610">
    <ele>72.5</ele>
    <time>2023-10-28T23:35:41Z</time>
   </trkpt>
   <trkpt lat="35.5672120" lon="139.4859540">
    <ele>72.5</ele>
    <time>2023-10-28T23:35:42Z</time>
   </trkpt>
   <trkpt lat="35.5672380" lon="139.4859410">
    <ele>72.5</ele>
    <time>2023-10-28T23:35:43Z</time>
   </trkpt>
   <trkpt lat="35.5672720" lon="139.4859190">
    <ele>72.6</ele>
    <time>2023-10-28T23:35:44Z</time>
   </trkpt>
   <trkpt lat="35.5672840" lon="139.4859140">
    <ele>72.6</ele>
    <time>2023-10-28T23:35:45Z</time>
   </trkpt>
   <trkpt lat="35.5673160" lon="139.4859000">
    <ele>72.6</ele>
    <time>2023-10-28T23:35:46Z</time>
   </trkpt>
   <trkpt lat="35.5673290" lon="139.4858970">
    <ele>72.6</ele>
    <time>2023-10-28T23:35:47Z</time>
   </trkpt>
   <trkpt lat="35.5673750" lon="139.4858790">
    <ele>72.6</ele>
    <time>2023-10-28T23:35:48Z</time>
   </trkpt>
   <trkpt lat="35.5673990" lon="139.4858710">
    <ele>72.6</ele>
    <time>2023-10-28T23:35:49Z</time>
   </trkpt>
   <trkpt lat="35.5674260" lon="139.4858520">
    <ele>72.6</ele>
    <time>2023-10-28T23:35:50Z</time>
   </trkpt>
   <trkpt lat="35.5674370" lon="139.4858470">
    <ele>72.7</ele>
    <time>2023-10-28T23:35:51Z</time>
   </trkpt>
   <trkpt lat="35.5674640" lon="139.4858330">
    <ele>72.7</ele>
    <time>2023-10-28T23:35:52Z</time>
   </trkpt>
   <trkpt lat="35.5674920" lon="139.4858220">
    <ele>72.7</ele>
    <time>2023-10-28T23:35:53Z</time>
   </trkpt>
   <trkpt lat="35.5675060" lon="139.4858100">
    <ele>72.7</ele>
    <time>2023-10-28T23:35:54Z</time>
   </trkpt>
   <trkpt lat="35.5675270" lon="139.4858090">
    <ele>72.7</ele>
    <time>2023-10-28T23:35:55Z</time>
   </trkpt>
   <trkpt lat="35.5675540" lon="139.4858010">
    <ele>72.7</ele>
    <time>2023-10-28T23:35:56Z</time>
   </trkpt>
   <trkpt lat="35.5675890" lon="139.4857770">
    <ele>72.8</ele>
    <time>2023-10-28T23:35:57Z</time>
   </trkpt>
   <trkpt lat="35.5676020" lon="139.4857690">
    <ele>72.8</ele>
    <time>2023-10-28T23:35:58Z</time>
   </trkpt>
   <trkpt lat="35.5676280" lon="139.4857600">
    <ele>72.8</ele>
    <time>2023-10-28T23:35:59Z</time>
   </trkpt>
   <trkpt lat="35.5676580" lon="139.4857490">
    <ele>72.8</ele>
    <time>2023-10-28T23:36:00Z</time>
   </trkpt>
   <trkpt lat="35.5676930" lon="139.4857350">
    <ele>72.8</ele>
    <time>2023-10-28T23:36:01Z</time>
   </trkpt>
   <trkpt lat="35.5677350" lon="139.4857130">
    <ele>72.8</ele>
    <time>2023-10-28T23:36:02Z</time>
   </trkpt>
   <trkpt lat="35.5677510" lon="139.4856990">
    <ele>72.9</ele>
    <time>2023-10-28T23:36:03Z</time>
   </trkpt>
   <trkpt lat="35.5677860" lon="139.4856940">
    <ele>72.9</ele>
    <time>2023-10-28T23:36:04Z</time>
   </trkpt>
   <trkpt lat="35.5678010" lon="139.4857020">
    <ele>72.9</ele>
    <time>2023-10-28T23:36:05Z</time>
   </trkpt>
   <trkpt lat="35.5678380" lon="139.4857130">
    <ele>73.0</ele>
    <time>2023-10-28T23:36:06Z</time>
   </trkpt>
   <trkpt lat="35.5678530" lon="139.4857150">
    <ele>73.0</ele>
    <time>2023-10-28T23:36:07Z</time>
   </trkpt>
   <trkpt lat="35.5678890" lon="139.4857180">
    <ele>73.0</ele>
    <time>2023-10-28T23:36:08Z</time>
   </trkpt>
   <trkpt lat="35.5679230" lon="139.4857230">
    <ele>73.0</ele>
    <time>2023-10-28T23:36:09Z</time>
   </trkpt>
   <trkpt lat="35.5679340" lon="139.4857260">
    <ele>73.1</ele>
    <time>2023-10-28T23:36:10Z</time>
   </trkpt>
   <trkpt lat="35.5679580" lon="139.4857420">
    <ele>73.1</ele>
    <time>2023-10-28T23:36:11Z</time>
   </trkpt>
   <trkpt lat="35.5679850" lon="139.4857480">
    <ele>73.1</ele>
    <time>2023-10-28T23:36:12Z</time>
   </trkpt>
   <trkpt lat="35.5680190" lon="139.4857640">
    <ele>73.2</ele>
    <time>2023-10-28T23:36:13Z</time>
   </trkpt>
   <trkpt lat="35.5680310" lon="139.4857680">
    <ele>73.2</ele>
    <time>2023-10-28T23:36:14Z</time>
   </trkpt>
   <trkpt lat="35.5680630" lon="139.4857750">
    <ele>73.2</ele>
    <time>2023-10-28T23:36:15Z</time>
   </trkpt>
   <trkpt lat="35.5680950" lon="139.4857880">
    <ele>73.3</ele>
    <time>2023-10-28T23:36:16Z</time>
   </trkpt>
   <trkpt lat="35.5681040" lon="139.4857910">
    <ele>73.3</ele>
    <time>2023-10-28T23:36:17Z</time>
   </trkpt>
   <trkpt lat="35.5681350" lon="139.4857990">
    <ele>73.3</ele>
    <time>2023-10-28T23:36:18Z</time>
   </trkpt>
   <trkpt lat="35.5681510" lon="139.4858300">
    <ele>73.3</ele>
    <time>2023-10-28T23:36:19Z</time>
   </trkpt>
   <trkpt lat="35.5681720" lon="139.4858480">
    <ele>73.3</ele>
    <time>2023-10-28T23:36:20Z</time>
   </trkpt>
   <trkpt lat="35.5681900" lon="139.4858770">
    <ele>73.3</ele>
    <time>2023-10-28T23:36:21Z</time>
   </trkpt>
   <trkpt lat="35.5681460" lon="139.4860930">
    <ele>73.3</ele>
    <time>2023-10-28T23:36:37Z</time>
   </trkpt>
   <trkpt lat="35.5681390" lon="139.4861050">
    <ele>73.3</ele>
    <time>2023-10-28T23:36:38Z</time>
   </trkpt>
   <trkpt lat="35.5681270" lon="139.4860960">
    <ele>73.3</ele>
    <time>2023-10-28T23:36:39Z</time>
   </trkpt>
   <trkpt lat="35.5681050" lon="139.4861080">
    <ele>73.2</ele>
    <time>2023-10-28T23:36:40Z</time>
   </trkpt>
   <trkpt lat="35.5680810" lon="139.4861210">
    <ele>73.2</ele>
    <time>2023-10-28T23:36:41Z</time>
   </trkpt>
   <trkpt lat="35.5680570" lon="139.4861340">
    <ele>72.7</ele>
    <time>2023-10-28T23:36:56Z</time>
   </trkpt>
   <trkpt lat="35.5680330" lon="139.4861470">
    <ele>72.7</ele>
    <time>2023-10-28T23:36:57Z</time>
   </trkpt>
   <trkpt lat="35.5680160" lon="139.4861160">
    <ele>72.6</ele>
    <time>2023-10-28T23:36:58Z</time>
   </trkpt>
   <trkpt lat="35.5680110" lon="139.4860970">
    <ele>72.5</ele>
    <time>2023-10-28T23:36:59Z</time>
   </trkpt>
   <trkpt lat="35.5679880" lon="139.4860710">
    <ele>72.4</ele>
    <time>2023-10-28T23:37:00Z</time>
   </trkpt>
   <trkpt lat="35.5679780" lon="139.4860530">
    <ele>72.4</ele>
    <time>2023-10-28T23:37:01Z</time>
   </trkpt>
   <trkpt lat="35.5679740" lon="139.4860300">
    <ele>72.3</ele>
    <time>2023-10-28T23:37:02Z</time>
   </trkpt>
   <trkpt lat="35.5679730" lon="139.4860190">
    <ele>72.3</ele>
    <time>2023-10-28T23:37:03Z</time>
   </trkpt>
   <trkpt lat="35.5679730" lon="139.4860070">
    <ele>72.3</ele>
    <time>2023-10-28T23:37:04Z</time>
   </trkpt>
   <trkpt lat="35.5679560" lon="139.4860040">
    <ele>72.2</ele>
    <time>2023-10-28T23:37:05Z</time>
   </trkpt>
   <trkpt lat="35.5678590" lon="139.4861510">
    <ele>71.7</ele>
    <time>2023-10-28T23:37:51Z</time>
   </trkpt>
   <trkpt lat="35.5678650" lon="139.4861480">
    <ele>71.7</ele>
    <time>2023-10-28T23:37:52Z</time>
   </trkpt>
   <trkpt lat="35.5678790" lon="139.4861710">
    <ele>71.5</ele>
    <time>2023-10-28T23:37:53Z</time>
   </trkpt>
   <trkpt lat="35.5678730" lon="139.4861880">
    <ele>71.4</ele>
    <time>2023-10-28T23:37:54Z</time>
   </trkpt>
   <trkpt lat="35.5678630" lon="139.4861970">
    <ele>71.3</ele>
    <time>2023-10-28T23:37:55Z</time>
   </trkpt>
   <trkpt lat="35.5678610" lon="139.4862030">
    <ele>71.3</ele>
    <time>2023-10-28T23:37:56Z</time>
   </trkpt>
   <trkpt lat="35.5678590" lon="139.4862080">
    <ele>71.2</ele>
    <time>2023-10-28T23:37:57Z</time>
   </trkpt>
   <trkpt lat="35.5678580" lon="139.4862140">
    <ele>71.2</ele>
    <time>2023-10-28T23:37:58Z</time>
   </trkpt>
   <trkpt lat="35.5678560" lon="139.4862190">
    <ele>71.2</ele>
    <time>2023-10-28T23:37:59Z</time>
   </trkpt>
   <trkpt lat="35.5678540" lon="139.4862240">
    <ele>71.1</ele>
    <time>2023-10-28T23:38:00Z</time>
   </trkpt>
   <trkpt lat="35.5678520" lon="139.4862300">
    <ele>71.1</ele>
    <time>2023-10-28T23:38:01Z</time>
   </trkpt>
   <trkpt lat="35.5678530" lon="139.4862470">
    <ele>71.0</ele>
    <time>2023-10-28T23:38:02Z</time>
   </trkpt>
   <trkpt lat="35.5678480" lon="139.4862660">
    <ele>70.9</ele>
    <time>2023-10-28T23:38:03Z</time>
   </trkpt>
   <trkpt lat="35.5678400" lon="139.4863060">
    <ele>70.7</ele>
    <time>2023-10-28T23:38:04Z</time>
   </trkpt>
   <trkpt lat="35.5678470" lon="139.4863190">
    <ele>70.7</ele>
    <time>2023-10-28T23:38:05Z</time>
   </trkpt>
   <trkpt lat="35.5678610" lon="139.4863540">
    <ele>70.5</ele>
    <time>2023-10-28T23:38:06Z</time>
   </trkpt>
   <trkpt lat="35.5678630" lon="139.4863660">
    <ele>70.5</ele>
    <time>2023-10-28T23:38:07Z</time>
   </trkpt>
   <trkpt lat="35.5678670" lon="139.4864100">
    <ele>70.4</ele>
    <time>2023-10-28T23:38:08Z</time>
   </trkpt>
   <trkpt lat="35.5678710" lon="139.4864220">
    <ele>70.3</ele>
    <time>2023-10-28T23:38:09Z</time>
   </trkpt>
   <trkpt lat="35.5678690" lon="139.4864650">
    <ele>70.2</ele>
    <time>2023-10-28T23:38:10Z</time>
   </trkpt>
   <trkpt lat="35.5678730" lon="139.4864800">
    <ele>70.2</ele>
    <time>2023-10-28T23:38:11Z</time>
   </trkpt>
   <trkpt lat="35.5678780" lon="139.4865200">
    <ele>70.1</ele>
    <time>2023-10-28T23:38:12Z</time>
   </trkpt>
   <trkpt lat="35.5678810" lon="139.4865320">
    <ele>70.0</ele>
    <time>2023-10-28T23:38:13Z</time>
   </trkpt>
   <trkpt lat="35.5678830" lon="139.4865740">
    <ele>69.9</ele>
    <time>2023-10-28T23:38:14Z</time>
   </trkpt>
   <trkpt lat="35.5678850" lon="139.4865910">
    <ele>69.9</ele>
    <time>2023-10-28T23:38:15Z</time>
   </trkpt>
   <trkpt lat="35.5678850" lon="139.4866320">
    <ele>69.7</ele>
    <time>2023-10-28T23:38:16Z</time>
   </trkpt>
   <trkpt lat="35.5678790" lon="139.4866410">
    <ele>69.7</ele>
    <time>2023-10-28T23:38:17Z</time>
   </trkpt>
   <trkpt lat="35.5678850" lon="139.4866780">
    <ele>69.6</ele>
    <time>2023-10-28T23:38:18Z</time>
   </trkpt>
   <trkpt lat="35.5678880" lon="139.4867190">
    <ele>69.5</ele>
    <time>2023-10-28T23:38:19Z</time>
   </trkpt>
   <trkpt lat="35.5678940" lon="139.4867560">
    <ele>68.9</ele>
    <time>2023-10-28T23:38:20Z</time>
   </trkpt>
   <trkpt lat="35.5679090" lon="139.4867940">
    <ele>68.9</ele>
    <time>2023-10-28T23:38:21Z</time>
   </trkpt>
   <trkpt lat="35.5679130" lon="139.4868060">
    <ele>68.9</ele>
    <time>2023-10-28T23:38:22Z</time>
   </trkpt>
   <trkpt lat="35.5679530" lon="139.4868050">
    <ele>68.8</ele>
    <time>2023-10-28T23:38:23Z</time>
   </trkpt>
   <trkpt lat="35.5679670" lon="139.4868070">
    <ele>68.8</ele>
    <time>2023-10-28T23:38:24Z</time>
   </trkpt>
   <trkpt lat="35.5680000" lon="139.4868270">
    <ele>68.7</ele>
    <time>2023-10-28T23:38:25Z</time>
   </trkpt>
   <trkpt lat="35.5680070" lon="139.4868430">
    <ele>68.7</ele>
    <time>2023-10-28T23:38:26Z</time>
   </trkpt>
   <trkpt lat="35.5680020" lon="139.4868830">
    <ele>68.5</ele>
    <time>2023-10-28T23:38:27Z</time>
   </trkpt>
   <trkpt lat="35.5679950" lon="139.4869210">
    <ele>68.3</ele>
    <time>2023-10-28T23:38:28Z</time>
   </trkpt>
   <trkpt lat="35.5679970" lon="139.4869630">
    <ele>68.0</ele>
    <time>2023-10-28T23:38:29Z</time>
   </trkpt>
   <trkpt lat="35.5679800" lon="139.4870000">
    <ele>67.8</ele>
    <time>2023-10-28T23:38:30Z</time>
   </trkpt>
   <trkpt lat="35.5679730" lon="139.4870150">
    <ele>67.7</ele>
    <time>2023-10-28T23:38:31Z</time>
   </trkpt>
   <trkpt lat="35.5679660" lon="139.4870630">
    <ele>67.4</ele>
    <time>2023-10-28T23:38:32Z</time>
   </trkpt>
   <trkpt lat="35.5679700" lon="139.4870850">
    <ele>67.3</ele>
    <time>2023-10-28T23:38:33Z</time>
   </trkpt>
   <trkpt lat="35.5679700" lon="139.4871260">
    <ele>67.0</ele>
    <time>2023-10-28T23:38:34Z</time>
   </trkpt>
   <trkpt lat="35.5679580" lon="139.4871660">
    <ele>66.8</ele>
    <time>2023-10-28T23:38:35Z</time>
   </trkpt>
   <trkpt lat="35.5679490" lon="139.4872190">
    <ele>66.5</ele>
    <time>2023-10-28T23:38:36Z</time>
   </trkpt>
   <trkpt lat="35.5679480" lon="139.4872590">
    <ele>66.2</ele>
    <time>2023-10-28T23:38:37Z</time>
   </trkpt>
   <trkpt lat="35.5679500" lon="139.4873100">
    <ele>66.2</ele>
    <time>2023-10-28T23:38:38Z</time>
   </trkpt>
   <trkpt lat="35.5679440" lon="139.4873510">
    <ele>66.1</ele>
    <time>2023-10-28T23:38:39Z</time>
   </trkpt>
   <trkpt lat="35.5679510" lon="139.4873990">
    <ele>65.8</ele>
    <time>2023-10-28T23:38:40Z</time>
   </trkpt>
   <trkpt lat="35.5679700" lon="139.4874430">
    <ele>65.5</ele>
    <time>2023-10-28T23:38:41Z</time>
   </trkpt>
   <trkpt lat="35.5679790" lon="139.4874590">
    <ele>65.3</ele>
    <time>2023-10-28T23:38:42Z</time>
   </trkpt>
   <trkpt lat="35.5679990" lon="139.4874850">
    <ele>65.1</ele>
    <time>2023-10-28T23:38:43Z</time>
   </trkpt>
   <trkpt lat="35.5680310" lon="139.4875050">
    <ele>64.8</ele>
    <time>2023-10-28T23:38:44Z</time>
   </trkpt>
   <trkpt lat="35.5680670" lon="139.4875170">
    <ele>64.6</ele>
    <time>2023-10-28T23:38:45Z</time>
   </trkpt>
   <trkpt lat="35.5680820" lon="139.4875140">
    <ele>64.5</ele>
    <time>2023-10-28T23:38:46Z</time>
   </trkpt>
   <trkpt lat="35.5681040" lon="139.4875130">
    <ele>64.4</ele>
    <time>2023-10-28T23:38:47Z</time>
   </trkpt>
   <trkpt lat="35.5681150" lon="139.4875160">
    <ele>64.3</ele>
    <time>2023-10-28T23:38:48Z</time>
   </trkpt>
   <trkpt lat="35.5681320" lon="139.4875280">
    <ele>64.2</ele>
    <time>2023-10-28T23:38:49Z</time>
   </trkpt>
   <trkpt lat="35.5681420" lon="139.4875300">
    <ele>64.1</ele>
    <time>2023-10-28T23:38:50Z</time>
   </trkpt>
   <trkpt lat="35.5681510" lon="139.4875310">
    <ele>64.1</ele>
    <time>2023-10-28T23:38:51Z</time>
   </trkpt>
   <trkpt lat="35.5681800" lon="139.4875260">
    <ele>63.9</ele>
    <time>2023-10-28T23:38:52Z</time>
   </trkpt>
   <trkpt lat="35.5682130" lon="139.4875470">
    <ele>63.7</ele>
    <time>2023-10-28T23:38:53Z</time>
   </trkpt>
   <trkpt lat="35.5682220" lon="139.4875630">
    <ele>63.7</ele>
    <time>2023-10-28T23:38:54Z</time>
   </trkpt>
   <trkpt lat="35.5682470" lon="139.4875730">
    <ele>63.5</ele>
    <time>2023-10-28T23:38:55Z</time>
   </trkpt>
   <trkpt lat="35.5682600" lon="139.4875720">
    <ele>63.5</ele>
    <time>2023-10-28T23:38:56Z</time>
   </trkpt>
   <trkpt lat="35.5682890" lon="139.4875700">
    <ele>63.4</ele>
    <time>2023-10-28T23:38:57Z</time>
   </trkpt>
   <trkpt lat="35.5683210" lon="139.4875810">
    <ele>63.2</ele>
    <time>2023-10-28T23:38:58Z</time>
   </trkpt>
   <trkpt lat="35.5683350" lon="139.4875860">
    <ele>63.2</ele>
    <time>2023-10-28T23:38:59Z</time>
   </trkpt>
   <trkpt lat="35.5683740" lon="139.4875900">
    <ele>63.0</ele>
    <time>2023-10-28T23:39:00Z</time>
   </trkpt>
   <trkpt lat="35.5683890" lon="139.4875910">
    <ele>62.9</ele>
    <time>2023-10-28T23:39:01Z</time>
   </trkpt>
   <trkpt lat="35.5684180" lon="139.4875950">
    <ele>62.8</ele>
    <time>2023-10-28T23:39:02Z</time>
   </trkpt>
   <trkpt lat="35.5684490" lon="139.4875940">
    <ele>62.7</ele>
    <time>2023-10-28T23:39:03Z</time>
   </trkpt>
   <trkpt lat="35.5684800" lon="139.4876140">
    <ele>62.5</ele>
    <time>2023-10-28T23:39:04Z</time>
   </trkpt>
   <trkpt lat="35.5684920" lon="139.4876160">
    <ele>62.5</ele>
    <time>2023-10-28T23:39:05Z</time>
   </trkpt>
   <trkpt lat="35.5685320" lon="139.4876210">
    <ele>62.4</ele>
    <time>2023-10-28T23:39:06Z</time>
   </trkpt>
   <trkpt lat="35.5685480" lon="139.4876160">
    <ele>62.3</ele>
    <time>2023-10-28T23:39:07Z</time>
   </trkpt>
   <trkpt lat="35.5685760" lon="139.4876120">
    <ele>62.2</ele>
    <time>2023-10-28T23:39:08Z</time>
   </trkpt>
   <trkpt lat="35.5686070" lon="139.4876360">
    <ele>62.1</ele>
    <time>2023-10-28T23:39:09Z</time>
   </trkpt>
   <trkpt lat="35.5686190" lon="139.4876390">
    <ele>62.0</ele>
    <time>2023-10-28T23:39:10Z</time>
   </trkpt>
   <trkpt lat="35.5686460" lon="139.4876490">
    <ele>61.9</ele>
    <time>2023-10-28T23:39:11Z</time>
   </trkpt>
   <trkpt lat="35.5686730" lon="139.4876510">
    <ele>61.8</ele>
    <time>2023-10-28T23:39:12Z</time>
   </trkpt>
   <trkpt lat="35.5687040" lon="139.4876550">
    <ele>61.7</ele>
    <time>2023-10-28T23:39:13Z</time>
   </trkpt>
   <trkpt lat="35.5687330" lon="139.4876710">
    <ele>61.6</ele>
    <time>2023-10-28T23:39:14Z</time>
   </trkpt>
   <trkpt lat="35.5687610" lon="139.4876870">
    <ele>61.5</ele>
    <time>2023-10-28T23:39:15Z</time>
   </trkpt>
   <trkpt lat="35.5687930" lon="139.4877090">
    <ele>61.4</ele>
    <time>2023-10-28T23:39:16Z</time>
   </trkpt>
   <trkpt lat="35.5688240" lon="139.4877050">
    <ele>61.3</ele>
    <time>2023-10-28T23:39:17Z</time>
   </trkpt>
   <trkpt lat="35.5688560" lon="139.4877030">
    <ele>61.2</ele>
    <time>2023-10-28T23:39:18Z</time>
   </trkpt>
   <trkpt lat="35.5688700" lon="139.4877010">
    <ele>61.2</ele>
    <time>2023-10-28T23:39:19Z</time>
   </trkpt>
   <trkpt lat="35.5689070" lon="139.4877100">
    <ele>61.0</ele>
    <time>2023-10-28T23:39:20Z</time>
   </trkpt>
   <trkpt lat="35.5689190" lon="139.4877140">
    <ele>61.0</ele>
    <time>2023-10-28T23:39:21Z</time>
   </trkpt>
   <trkpt lat="35.5689630" lon="139.4877170">
    <ele>60.8</ele>
    <time>2023-10-28T23:39:22Z</time>
   </trkpt>
   <trkpt lat="35.5689810" lon="139.4877190">
    <ele>60.8</ele>
    <time>2023-10-28T23:39:23Z</time>
   </trkpt>
   <trkpt lat="35.5690180" lon="139.4877300">
    <ele>60.7</ele>
    <time>2023-10-28T23:39:24Z</time>
   </trkpt>
   <trkpt lat="35.5690310" lon="139.4877320">
    <ele>60.6</ele>
    <time>2023-10-28T23:39:25Z</time>
   </trkpt>
   <trkpt lat="35.5690650" lon="139.4877400">
    <ele>60.5</ele>
    <time>2023-10-28T23:39:26Z</time>
   </trkpt>
   <trkpt lat="35.5690760" lon="139.4877500">
    <ele>60.5</ele>
    <time>2023-10-28T23:39:27Z</time>
   </trkpt>
   <trkpt lat="35.5690940" lon="139.4877810">
    <ele>60.4</ele>
    <time>2023-10-28T23:39:28Z</time>
   </trkpt>
   <trkpt lat="35.5691390" lon="139.4878090">
    <ele>60.3</ele>
    <time>2023-10-28T23:39:29Z</time>
   </trkpt>
   <trkpt lat="35.5691640" lon="139.4878110">
    <ele>60.3</ele>
    <time>2023-10-28T23:39:42Z</time>
   </trkpt>
   <trkpt lat="35.5691900" lon="139.4878130">
    <ele>60.3</ele>
    <time>2023-10-28T23:39:43Z</time>
   </trkpt>
   <trkpt lat="35.5692150" lon="139.4878160">
    <ele>60.2</ele>
    <time>2023-10-28T23:39:44Z</time>
   </trkpt>
   <trkpt lat="35.5692470" lon="139.4878120">
    <ele>60.2</ele>
    <time>2023-10-28T23:39:45Z</time>
   </trkpt>
   <trkpt lat="35.5692990" lon="139.4878090">
    <ele>60.1</ele>
    <time>2023-10-28T23:39:46Z</time>
   </trkpt>
   <trkpt lat="35.5693270" lon="139.4878070">
    <ele>60.1</ele>
    <time>2023-10-28T23:39:47Z</time>
   </trkpt>
   <trkpt lat="35.5693600" lon="139.4878210">
    <ele>60.0</ele>
    <time>2023-10-28T23:39:48Z</time>
   </trkpt>
   <trkpt lat="35.5693690" lon="139.4878310">
    <ele>60.0</ele>
    <time>2023-10-28T23:39:49Z</time>
   </trkpt>
   <trkpt lat="35.5693770" lon="139.4878410">
    <ele>60.0</ele>
    <time>2023-10-28T23:39:50Z</time>
   </trkpt>
   <trkpt lat="35.5693970" lon="139.4878670">
    <ele>59.9</ele>
    <time>2023-10-28T23:39:51Z</time>
   </trkpt>
   <trkpt lat="35.5693960" lon="139.4878720">
    <ele>59.9</ele>
    <time>2023-10-28T23:39:52Z</time>
   </trkpt>
   <trkpt lat="35.5693780" lon="139.4878680">
    <ele>59.9</ele>
    <time>2023-10-28T23:39:53Z</time>
   </trkpt>
   <trkpt lat="35.5693600" lon="139.4878640">
    <ele>59.8</ele>
    <time>2023-10-28T23:39:54Z</time>
   </trkpt>
   <trkpt lat="35.5693450" lon="139.4878610">
    <ele>59.8</ele>
    <time>2023-10-28T23:39:55Z</time>
   </trkpt>
   <trkpt lat="35.5693410" lon="139.4878700">
    <ele>59.8</ele>
    <time>2023-10-28T23:39:56Z</time>
   </trkpt>
   <trkpt lat="35.5693830" lon="139.4879030">
    <ele>59.7</ele>
    <time>2023-10-28T23:40:04Z</time>
   </trkpt>
   <trkpt lat="35.5693990" lon="139.4879030">
    <ele>59.7</ele>
    <time>2023-10-28T23:40:05Z</time>
   </trkpt>
   <trkpt lat="35.5694140" lon="139.4879230">
    <ele>59.6</ele>
    <time>2023-10-28T23:40:06Z</time>
   </trkpt>
   <trkpt lat="35.5694510" lon="139.4879210">
    <ele>59.5</ele>
    <time>2023-10-28T23:40:07Z</time>
   </trkpt>
   <trkpt lat="35.5694630" lon="139.4879200">
    <ele>59.5</ele>
    <time>2023-10-28T23:40:08Z</time>
   </trkpt>
   <trkpt lat="35.5695100" lon="139.4879130">
    <ele>59.4</ele>
    <time>2023-10-28T23:40:09Z</time>
   </trkpt>
   <trkpt lat="35.5695440" lon="139.4879220">
    <ele>59.4</ele>
    <time>2023-10-28T23:40:10Z</time>
   </trkpt>
   <trkpt lat="35.5695560" lon="139.4879240">
    <ele>59.3</ele>
    <time>2023-10-28T23:40:11Z</time>
   </trkpt>
   <trkpt lat="35.5695860" lon="139.4879360">
    <ele>59.3</ele>
    <time>2023-10-28T23:40:12Z</time>
   </trkpt>
   <trkpt lat="35.5696210" lon="139.4879440">
    <ele>59.2</ele>
    <time>2023-10-28T23:40:13Z</time>
   </trkpt>
   <trkpt lat="35.5696570" lon="139.4879390">
    <ele>59.2</ele>
    <time>2023-10-28T23:40:14Z</time>
   </trkpt>
   <trkpt lat="35.5696970" lon="139.4879320">
    <ele>59.1</ele>
    <time>2023-10-28T23:40:15Z</time>
   </trkpt>
   <trkpt lat="35.5697140" lon="139.4879350">
    <ele>59.1</ele>
    <time>2023-10-28T23:40:16Z</time>
   </trkpt>
   <trkpt lat="35.5697430" lon="139.4879380">
    <ele>59.0</ele>
    <time>2023-10-28T23:40:17Z</time>
   </trkpt>
   <trkpt lat="35.5697730" lon="139.4879390">
    <ele>59.0</ele>
    <time>2023-10-28T23:40:18Z</time>
   </trkpt>
   <trkpt lat="35.5698050" lon="139.4879550">
    <ele>58.9</ele>
    <time>2023-10-28T23:40:19Z</time>
   </trkpt>
   <trkpt lat="35.5698380" lon="139.4879740">
    <ele>58.9</ele>
    <time>2023-10-28T23:40:20Z</time>
   </trkpt>
   <trkpt lat="35.5698470" lon="139.4879790">
    <ele>58.8</ele>
    <time>2023-10-28T23:40:21Z</time>
   </trkpt>
   <trkpt lat="35.5699400" lon="139.4879920">
    <ele>58.7</ele>
    <time>2023-10-28T23:40:22Z</time>
   </trkpt>
   <trkpt lat="35.5700100" lon="139.4880010">
    <ele>58.5</ele>
    <time>2023-10-28T23:40:30Z</time>
   </trkpt>
   <trkpt lat="35.5700800" lon="139.4880100">
    <ele>58.4</ele>
    <time>2023-10-28T23:40:31Z</time>
   </trkpt>
   <trkpt lat="35.5701220" lon="139.4880040">
    <ele>58.3</ele>
    <time>2023-10-28T23:40:32Z</time>
   </trkpt>
   <trkpt lat="35.5701640" lon="139.4880050">
    <ele>58.2</ele>
    <time>2023-10-28T23:40:33Z</time>
   </trkpt>
   <trkpt lat="35.5701810" lon="139.4880050">
    <ele>58.2</ele>
    <time>2023-10-28T23:40:34Z</time>
   </trkpt>
   <trkpt lat="35.5702070" lon="139.4880160">
    <ele>58.1</ele>
    <time>2023-10-28T23:40:35Z</time>
   </trkpt>
   <trkpt lat="35.5702380" lon="139.4880210">
    <ele>58.1</ele>
    <time>2023-10-28T23:40:36Z</time>
   </trkpt>
   <trkpt lat="35.5702680" lon="139.4880310">
    <ele>58.0</ele>
    <time>2023-10-28T23:40:37Z</time>
   </trkpt>
   <trkpt lat="35.5702950" lon="139.4880500">
    <ele>58.0</ele>
    <time>2023-10-28T23:40:38Z</time>
   </trkpt>
   <trkpt lat="35.5703250" lon="139.4880570">
    <ele>57.9</ele>
    <time>2023-10-28T23:40:39Z</time>
   </trkpt>
   <trkpt lat="35.5703540" lon="139.4880640">
    <ele>57.9</ele>
    <time>2023-10-28T23:40:40Z</time>
   </trkpt>
   <trkpt lat="35.5703810" lon="139.4880770">
    <ele>57.9</ele>
    <time>2023-10-28T23:40:41Z</time>
   </trkpt>
   <trkpt lat="35.5704110" lon="139.4880750">
    <ele>57.8</ele>
    <time>2023-10-28T23:40:42Z</time>
   </trkpt>
   <trkpt lat="35.5704400" lon="139.4880850">
    <ele>57.8</ele>
    <time>2023-10-28T23:40:43Z</time>
   </trkpt>
   <trkpt lat="35.5704790" lon="139.4881040">
    <ele>57.7</ele>
    <time>2023-10-28T23:40:44Z</time>
   </trkpt>
   <trkpt lat="35.5704930" lon="139.4881080">
    <ele>57.7</ele>
    <time>2023-10-28T23:40:45Z</time>
   </trkpt>
   <trkpt lat="35.5705220" lon="139.4881180">
    <ele>57.7</ele>
    <time>2023-10-28T23:40:46Z</time>
   </trkpt>
   <trkpt lat="35.5705510" lon="139.4881220">
    <ele>57.7</ele>
    <time>2023-10-28T23:40:47Z</time>
   </trkpt>
   <trkpt lat="35.5705840" lon="139.4881330">
    <ele>57.6</ele>
    <time>2023-10-28T23:40:48Z</time>
   </trkpt>
   <trkpt lat="35.5705950" lon="139.4881370">
    <ele>57.6</ele>
    <time>2023-10-28T23:40:49Z</time>
   </trkpt>
   <trkpt lat="35.5706380" lon="139.4881410">
    <ele>57.6</ele>
    <time>2023-10-28T23:40:50Z</time>
   </trkpt>
   <trkpt lat="35.5706550" lon="139.4881390">
    <ele>57.5</ele>
    <time>2023-10-28T23:40:51Z</time>
   </trkpt>
   <trkpt lat="35.5706860" lon="139.4881350">
    <ele>57.5</ele>
    <time>2023-10-28T23:40:52Z</time>
   </trkpt>
   <trkpt lat="35.5707160" lon="139.4881390">
    <ele>57.5</ele>
    <time>2023-10-28T23:40:53Z</time>
   </trkpt>
   <trkpt lat="35.5707480" lon="139.4881510">
    <ele>57.4</ele>
    <time>2023-10-28T23:40:54Z</time>
   </trkpt>
   <trkpt lat="35.5707620" lon="139.4881530">
    <ele>57.4</ele>
    <time>2023-10-28T23:40:55Z</time>
   </trkpt>
   <trkpt lat="35.5707920" lon="139.4881540">
    <ele>57.4</ele>
    <time>2023-10-28T23:40:56Z</time>
   </trkpt>
   <trkpt lat="35.5708330" lon="139.4881660">
    <ele>57.3</ele>
    <time>2023-10-28T23:40:57Z</time>
   </trkpt>
   <trkpt lat="35.5708530" lon="139.4881690">
    <ele>57.3</ele>
    <time>2023-10-28T23:40:58Z</time>
   </trkpt>
   <trkpt lat="35.5708910" lon="139.4881810">
    <ele>57.3</ele>
    <time>2023-10-28T23:40:59Z</time>
   </trkpt>
   <trkpt lat="35.5709220" lon="139.4881910">
    <ele>57.2</ele>
    <time>2023-10-28T23:41:00Z</time>
   </trkpt>
   <trkpt lat="35.5709510" lon="139.4881840">
    <ele>57.2</ele>
    <time>2023-10-28T23:41:01Z</time>
   </trkpt>
   <trkpt lat="35.5709780" lon="139.4882090">
    <ele>57.1</ele>
    <time>2023-10-28T23:41:02Z</time>
   </trkpt>
   <trkpt lat="35.5710160" lon="139.4882020">
    <ele>57.1</ele>
    <time>2023-10-28T23:41:03Z</time>
   </trkpt>
   <trkpt lat="35.5710290" lon="139.4881980">
    <ele>57.0</ele>
    <time>2023-10-28T23:41:04Z</time>
   </trkpt>
   <trkpt lat="35.5710600" lon="139.4882200">
    <ele>57.0</ele>
    <time>2023-10-28T23:41:05Z</time>
   </trkpt>
   <trkpt lat="35.5710910" lon="139.4882310">
    <ele>56.9</ele>
    <time>2023-10-28T23:41:06Z</time>
   </trkpt>
   <trkpt lat="35.5711170" lon="139.4882470">
    <ele>56.9</ele>
    <time>2023-10-28T23:41:07Z</time>
   </trkpt>
   <trkpt lat="35.5711510" lon="139.4882650">
    <ele>56.8</ele>
    <time>2023-10-28T23:41:08Z</time>
   </trkpt>
   <trkpt lat="35.5711620" lon="139.4882710">
    <ele>56.8</ele>
    <time>2023-10-28T23:41:09Z</time>
   </trkpt>
   <trkpt lat="35.5711890" lon="139.4882810">
    <ele>56.8</ele>
    <time>2023-10-28T23:41:10Z</time>
   </trkpt>
   <trkpt lat="35.5712320" lon="139.4882830">
    <ele>56.7</ele>
    <time>2023-10-28T23:41:11Z</time>
   </trkpt>
   <trkpt lat="35.5712470" lon="139.4882850">
    <ele>56.7</ele>
    <time>2023-10-28T23:41:12Z</time>
   </trkpt>
   <trkpt lat="35.5712760" lon="139.4882870">
    <ele>56.7</ele>
    <time>2023-10-28T23:41:13Z</time>
   </trkpt>
   <trkpt lat="35.5713150" lon="139.4882970">
    <ele>56.6</ele>
    <time>2023-10-28T23:41:14Z</time>
   </trkpt>
   <trkpt lat="35.5713300" lon="139.4883000">
    <ele>56.6</ele>
    <time>2023-10-28T23:41:15Z</time>
   </trkpt>
   <trkpt lat="35.5713600" lon="139.4883010">
    <ele>56.6</ele>
    <time>2023-10-28T23:41:16Z</time>
   </trkpt>
   <trkpt lat="35.5713860" lon="139.4883110">
    <ele>56.5</ele>
    <time>2023-10-28T23:41:17Z</time>
   </trkpt>
   <trkpt lat="35.5714160" lon="139.4883120">
    <ele>56.5</ele>
    <time>2023-10-28T23:41:18Z</time>
   </trkpt>
   <trkpt lat="35.5714440" lon="139.4883170">
    <ele>56.5</ele>
    <time>2023-10-28T23:41:19Z</time>
   </trkpt>
   <trkpt lat="35.5714820" lon="139.4883280">
    <ele>56.4</ele>
    <time>2023-10-28T23:41:20Z</time>
   </trkpt>
   <trkpt lat="35.5714970" lon="139.4883290">
    <ele>56.4</ele>
    <time>2023-10-28T23:41:21Z</time>
   </trkpt>
   <trkpt lat="35.5715380" lon="139.4883330">
    <ele>56.3</ele>
    <time>2023-10-28T23:41:22Z</time>
   </trkpt>
   <trkpt lat="35.5715520" lon="139.4883330">
    <ele>56.3</ele>
    <time>2023-10-28T23:41:23Z</time>
   </trkpt>
   <trkpt lat="35.5715830" lon="139.4883490">
    <ele>56.3</ele>
    <time>2023-10-28T23:41:24Z</time>
   </trkpt>
   <trkpt lat="35.5716100" lon="139.4883680">
    <ele>56.2</ele>
    <time>2023-10-28T23:41:25Z</time>
   </trkpt>
   <trkpt lat="35.5716380" lon="139.4883780">
    <ele>56.2</ele>
    <time>2023-10-28T23:41:26Z</time>
   </trkpt>
   <trkpt lat="35.5716780" lon="139.4883730">
    <ele>56.2</ele>
    <time>2023-10-28T23:41:27Z</time>
   </trkpt>
   <trkpt lat="35.5716920" lon="139.4883710">
    <ele>56.2</ele>
    <time>2023-10-28T23:41:28Z</time>
   </trkpt>
   <trkpt lat="35.5717260" lon="139.4883680">
    <ele>56.1</ele>
    <time>2023-10-28T23:41:29Z</time>
   </trkpt>
   <trkpt lat="35.5717570" lon="139.4883840">
    <ele>56.0</ele>
    <time>2023-10-28T23:41:30Z</time>
   </trkpt>
   <trkpt lat="35.5717940" lon="139.4884020">
    <ele>55.9</ele>
    <time>2023-10-28T23:41:31Z</time>
   </trkpt>
   <trkpt lat="35.5718250" lon="139.4884070">
    <ele>55.8</ele>
    <time>2023-10-28T23:41:32Z</time>
   </trkpt>
   <trkpt lat="35.5718570" lon="139.4884030">
    <ele>55.7</ele>
    <time>2023-10-28T23:41:33Z</time>
   </trkpt>
   <trkpt lat="35.5718870" lon="139.4883970">
    <ele>55.6</ele>
    <time>2023-10-28T23:41:34Z</time>
   </trkpt>
   <trkpt lat="35.5719180" lon="139.4884180">
    <ele>55.5</ele>
    <time>2023-10-28T23:41:35Z</time>
   </trkpt>
   <trkpt lat="35.5719410" lon="139.4884420">
    <ele>55.4</ele>
    <time>2023-10-28T23:41:36Z</time>
   </trkpt>
   <trkpt lat="35.5719710" lon="139.4884620">
    <ele>55.3</ele>
    <time>2023-10-28T23:41:37Z</time>
   </trkpt>
   <trkpt lat="35.5720090" lon="139.4884620">
    <ele>55.2</ele>
    <time>2023-10-28T23:41:38Z</time>
   </trkpt>
   <trkpt lat="35.5720220" lon="139.4884570">
    <ele>55.1</ele>
    <time>2023-10-28T23:41:39Z</time>
   </trkpt>
   <trkpt lat="35.5720470" lon="139.4884680">
    <ele>55.1</ele>
    <time>2023-10-28T23:41:40Z</time>
   </trkpt>
   <trkpt lat="35.5720770" lon="139.4884810">
    <ele>55.0</ele>
    <time>2023-10-28T23:41:41Z</time>
   </trkpt>
   <trkpt lat="35.5721140" lon="139.4884870">
    <ele>55.0</ele>
    <time>2023-10-28T23:41:42Z</time>
   </trkpt>
   <trkpt lat="35.5721260" lon="139.4884880">
    <ele>55.0</ele>
    <time>2023-10-28T23:41:43Z</time>
   </trkpt>
   <trkpt lat="35.5721490" lon="139.4885060">
    <ele>55.0</ele>
    <time>2023-10-28T23:41:44Z</time>
   </trkpt>
   <trkpt lat="35.5721590" lon="139.4885490">
    <ele>54.9</ele>
    <time>2023-10-28T23:41:45Z</time>
   </trkpt>
   <trkpt lat="35.5721580" lon="139.4885880">
    <ele>54.9</ele>
    <time>2023-10-28T23:41:46Z</time>
   </trkpt>
   <trkpt lat="35.5721610" lon="139.4886340">
    <ele>54.8</ele>
    <time>2023-10-28T23:41:47Z</time>
   </trkpt>
   <trkpt lat="35.5721620" lon="139.4886500">
    <ele>54.8</ele>
    <time>2023-10-28T23:41:48Z</time>
   </trkpt>
   <trkpt lat="35.5721600" lon="139.4886860">
    <ele>54.8</ele>
    <time>2023-10-28T23:41:49Z</time>
   </trkpt>
   <trkpt lat="35.5721550" lon="139.4887220">
    <ele>54.7</ele>
    <time>2023-10-28T23:41:50Z</time>
   </trkpt>
   <trkpt lat="35.5721550" lon="139.4887710">
    <ele>54.5</ele>
    <time>2023-10-28T23:41:51Z</time>
   </trkpt>
   <trkpt lat="35.5721520" lon="139.4887870">
    <ele>54.4</ele>
    <time>2023-10-28T23:41:52Z</time>
   </trkpt>
   <trkpt lat="35.5721440" lon="139.4888250">
    <ele>54.2</ele>
    <time>2023-10-28T23:41:53Z</time>
   </trkpt>
   <trkpt lat="35.5721430" lon="139.4888380">
    <ele>54.2</ele>
    <time>2023-10-28T23:41:54Z</time>
   </trkpt>
   <trkpt lat="35.5721290" lon="139.4888680">
    <ele>54.0</ele>
    <time>2023-10-28T23:41:55Z</time>
   </trkpt>
   <trkpt lat="35.5721220" lon="139.4889100">
    <ele>53.7</ele>
    <time>2023-10-28T23:41:56Z</time>
   </trkpt>
   <trkpt lat="35.5721250" lon="139.4889480">
    <ele>53.5</ele>
    <time>2023-10-28T23:41:57Z</time>
   </trkpt>
   <trkpt lat="35.5721260" lon="139.4889670">
    <ele>53.4</ele>
    <time>2023-10-28T23:41:58Z</time>
   </trkpt>
   <trkpt lat="35.5721280" lon="139.4889860">
    <ele>53.3</ele>
    <time>2023-10-28T23:42:14Z</time>
   </trkpt>
   <trkpt lat="35.5721300" lon="139.4890050">
    <ele>53.2</ele>
    <time>2023-10-28T23:42:15Z</time>
   </trkpt>
   <trkpt lat="35.5721230" lon="139.4890470">
    <ele>52.9</ele>
    <time>2023-10-28T23:42:16Z</time>
   </trkpt>
   <trkpt lat="35.5721260" lon="139.4890620">
    <ele>52.9</ele>
    <time>2023-10-28T23:42:17Z</time>
   </trkpt>
   <trkpt lat="35.5721240" lon="139.4891030">
    <ele>52.6</ele>
    <time>2023-10-28T23:42:18Z</time>
   </trkpt>
   <trkpt lat="35.5721160" lon="139.4891190">
    <ele>52.5</ele>
    <time>2023-10-28T23:42:19Z</time>
   </trkpt>
   <trkpt lat="35.5721010" lon="139.4891680">
    <ele>52.1</ele>
    <time>2023-10-28T23:42:20Z</time>
   </trkpt>
   <trkpt lat="35.5720950" lon="139.4892020">
    <ele>51.9</ele>
    <time>2023-10-28T23:42:21Z</time>
   </trkpt>
   <trkpt lat="35.5720980" lon="139.4892220">
    <ele>51.8</ele>
    <time>2023-10-28T23:42:22Z</time>
   </trkpt>
   <trkpt lat="35.5720910" lon="139.4892590">
    <ele>51.6</ele>
    <time>2023-10-28T23:42:23Z</time>
   </trkpt>
   <trkpt lat="35.5720880" lon="139.4892980">
    <ele>51.3</ele>
    <time>2023-10-28T23:42:24Z</time>
   </trkpt>
   <trkpt lat="35.5720710" lon="139.4893420">
    <ele>51.0</ele>
    <time>2023-10-28T23:42:25Z</time>
   </trkpt>
   <trkpt lat="35.5720640" lon="139.4893580">
    <ele>50.9</ele>
    <time>2023-10-28T23:42:26Z</time>
   </trkpt>
   <trkpt lat="35.5720670" lon="139.4894030">
    <ele>50.6</ele>
    <time>2023-10-28T23:42:27Z</time>
   </trkpt>
   <trkpt lat="35.5720580" lon="139.4894480">
    <ele>50.3</ele>
    <time>2023-10-28T23:42:28Z</time>
   </trkpt>
   <trkpt lat="35.5720580" lon="139.4894690">
    <ele>50.2</ele>
    <time>2023-10-28T23:42:29Z</time>
   </trkpt>
   <trkpt lat="35.5720590" lon="139.4895280">
    <ele>49.9</ele>
    <time>2023-10-28T23:42:30Z</time>
   </trkpt>
   <trkpt lat="35.5720390" lon="139.4895530">
    <ele>49.6</ele>
    <time>2023-10-28T23:42:31Z</time>
   </trkpt>
   <trkpt lat="35.5720330" lon="139.4896020">
    <ele>49.3</ele>
    <time>2023-10-28T23:42:32Z</time>
   </trkpt>
   <trkpt lat="35.5720310" lon="139.4896230">
    <ele>49.2</ele>
    <time>2023-10-28T23:42:33Z</time>
   </trkpt>
   <trkpt lat="35.5720270" lon="139.4896650">
    <ele>48.9</ele>
    <time>2023-10-28T23:42:34Z</time>
   </trkpt>
   <trkpt lat="35.5720280" lon="139.4896770">
    <ele>48.8</ele>
    <time>2023-10-28T23:42:35Z</time>
   </trkpt>
   <trkpt lat="35.5720230" lon="139.4897150">
    <ele>48.6</ele>
    <time>2023-10-28T23:42:36Z</time>
   </trkpt>
   <trkpt lat="35.5720210" lon="139.4897580">
    <ele>48.3</ele>
    <time>2023-10-28T23:42:37Z</time>
   </trkpt>
   <trkpt lat="35.5720180" lon="139.4898010">
    <ele>48.0</ele>
    <time>2023-10-28T23:42:38Z</time>
   </trkpt>
   <trkpt lat="35.5720130" lon="139.4898210">
    <ele>47.9</ele>
    <time>2023-10-28T23:42:39Z</time>
   </trkpt>
   <trkpt lat="35.5720100" lon="139.4898560">
    <ele>47.8</ele>
    <time>2023-10-28T23:42:40Z</time>
   </trkpt>
   <trkpt lat="35.5719950" lon="139.4898960">
    <ele>47.6</ele>
    <time>2023-10-28T23:42:41Z</time>
   </trkpt>
   <trkpt lat="35.5719930" lon="139.4899370">
    <ele>47.5</ele>
    <time>2023-10-28T23:42:42Z</time>
   </trkpt>
   <trkpt lat="35.5719990" lon="139.4899800">
    <ele>47.4</ele>
    <time>2023-10-28T23:42:43Z</time>
   </trkpt>
   <trkpt lat="35.5719860" lon="139.4900140">
    <ele>47.3</ele>
    <time>2023-10-28T23:42:44Z</time>
   </trkpt>
   <trkpt lat="35.5719740" lon="139.4900560">
    <ele>47.2</ele>
    <time>2023-10-28T23:42:45Z</time>
   </trkpt>
   <trkpt lat="35.5719690" lon="139.4900680">
    <ele>47.2</ele>
    <time>2023-10-28T23:42:46Z</time>
   </trkpt>
   <trkpt lat="35.5719620" lon="139.4900740">
    <ele>47.2</ele>
    <time>2023-10-28T23:42:47Z</time>
   </trkpt>
   <trkpt lat="35.5718900" lon="139.4900850">
    <ele>47.0</ele>
    <time>2023-10-28T23:43:54Z</time>
   </trkpt>
   <trkpt lat="35.5718930" lon="139.4900830">
    <ele>47.0</ele>
    <time>2023-10-28T23:43:55Z</time>
   </trkpt>
   <trkpt lat="35.5718960" lon="139.4900720">
    <ele>47.0</ele>
    <time>2023-10-28T23:43:56Z</time>
   </trkpt>
   <trkpt lat="35.5719210" lon="139.4901000">
    <ele>46.9</ele>
    <time>2023-10-28T23:46:38Z</time>
   </trkpt>
   <trkpt lat="35.5719370" lon="139.4901360">
    <ele>46.9</ele>
    <time>2023-10-28T23:46:39Z</time>
   </trkpt>
   <trkpt lat="35.5719400" lon="139.4901810">
    <ele>46.8</ele>
    <time>2023-10-28T23:46:40Z</time>
   </trkpt>
   <trkpt lat="35.5719280" lon="139.4902310">
    <ele>46.6</ele>
    <time>2023-10-28T23:46:41Z</time>
   </trkpt>
   <trkpt lat="35.5719200" lon="139.4902540">
    <ele>46.4</ele>
    <time>2023-10-28T23:46:42Z</time>
   </trkpt>
   <trkpt lat="35.5719050" lon="139.4902940">
    <ele>46.3</ele>
    <time>2023-10-28T23:46:43Z</time>
   </trkpt>
   <trkpt lat="35.5718960" lon="139.4903340">
    <ele>46.1</ele>
    <time>2023-10-28T23:46:44Z</time>
   </trkpt>
   <trkpt lat="35.5719050" lon="139.4903730">
    <ele>46.0</ele>
    <time>2023-10-28T23:46:45Z</time>
   </trkpt>
   <trkpt lat="35.5719020" lon="139.4903980">
    <ele>45.9</ele>
    <time>2023-10-28T23:46:46Z</time>
   </trkpt>
   <trkpt lat="35.5718950" lon="139.4904310">
    <ele>45.8</ele>
    <time>2023-10-28T23:46:47Z</time>
   </trkpt>
   <trkpt lat="35.5718920" lon="139.4904710">
    <ele>45.7</ele>
    <time>2023-10-28T23:46:48Z</time>
   </trkpt>
   <trkpt lat="35.5718870" lon="139.4904810">
    <ele>45.7</ele>
    <time>2023-10-28T23:46:49Z</time>
   </trkpt>
   <trkpt lat="35.5718840" lon="139.4905290">
    <ele>45.6</ele>
    <time>2023-10-28T23:46:50Z</time>
   </trkpt>
   <trkpt lat="35.5718830" lon="139.4905450">
    <ele>45.5</ele>
    <time>2023-10-28T23:46:51Z</time>
   </trkpt>
   <trkpt lat="35.5718800" lon="139.4905860">
    <ele>45.4</ele>
    <time>2023-10-28T23:46:52Z</time>
   </trkpt>
   <trkpt lat="35.5718720" lon="139.4906210">
    <ele>45.4</ele>
    <time>2023-10-28T23:46:53Z</time>
   </trkpt>
   <trkpt lat="35.5718670" lon="139.4906750">
    <ele>45.3</ele>
    <time>2023-10-28T23:46:54Z</time>
   </trkpt>
   <trkpt lat="35.5718610" lon="139.4907000">
    <ele>45.3</ele>
    <time>2023-10-28T23:46:55Z</time>
   </trkpt>
   <trkpt lat="35.5718590" lon="139.4907350">
    <ele>45.2</ele>
    <time>2023-10-28T23:46:56Z</time>
   </trkpt>
   <trkpt lat="35.5718380" lon="139.4907730">
    <ele>45.2</ele>
    <time>2023-10-28T23:46:57Z</time>
   </trkpt>
   <trkpt lat="35.5718270" lon="139.4908070">
    <ele>45.2</ele>
    <time>2023-10-28T23:46:58Z</time>
   </trkpt>
   <trkpt lat="35.5718310" lon="139.4908410">
    <ele>45.1</ele>
    <time>2023-10-28T23:46:59Z</time>
   </trkpt>
   <trkpt lat="35.5718340" lon="139.4908860">
    <ele>45.1</ele>
    <time>2023-10-28T23:47:00Z</time>
   </trkpt>
   <trkpt lat="35.5718350" lon="139.4909010">
    <ele>45.1</ele>
    <time>2023-10-28T23:47:01Z</time>
   </trkpt>
   <trkpt lat="35.5718220" lon="139.4909490">
    <ele>45.1</ele>
    <time>2023-10-28T23:47:02Z</time>
   </trkpt>
   <trkpt lat="35.5718130" lon="139.4909650">
    <ele>45.0</ele>
    <time>2023-10-28T23:47:03Z</time>
   </trkpt>
   <trkpt lat="35.5718050" lon="139.4910030">
    <ele>45.0</ele>
    <time>2023-10-28T23:47:04Z</time>
   </trkpt>
   <trkpt lat="35.5718120" lon="139.4910480">
    <ele>45.0</ele>
    <time>2023-10-28T23:47:05Z</time>
   </trkpt>
   <trkpt lat="35.5718100" lon="139.4910640">
    <ele>45.0</ele>
    <time>2023-10-28T23:47:06Z</time>
   </trkpt>
   <trkpt lat="35.5717890" lon="139.4911070">
    <ele>44.9</ele>
    <time>2023-10-28T23:47:07Z</time>
   </trkpt>
   <trkpt lat="35.5717800" lon="139.4911450">
    <ele>44.9</ele>
    <time>2023-10-28T23:47:08Z</time>
   </trkpt>
   <trkpt lat="35.5717670" lon="139.4911870">
    <ele>44.9</ele>
    <time>2023-10-28T23:47:09Z</time>
   </trkpt>
   <trkpt lat="35.5717570" lon="139.4912180">
    <ele>44.9</ele>
    <time>2023-10-28T23:47:10Z</time>
   </trkpt>
   <trkpt lat="35.5717440" lon="139.4912590">
    <ele>44.8</ele>
    <time>2023-10-28T23:47:11Z</time>
   </trkpt>
   <trkpt lat="35.5717400" lon="139.4913110">
    <ele>44.8</ele>
    <time>2023-10-28T23:47:12Z</time>
   </trkpt>
   <trkpt lat="35.5717360" lon="139.4913310">
    <ele>44.8</ele>
    <time>2023-10-28T23:47:13Z</time>
   </trkpt>
   <trkpt lat="35.5717290" lon="139.4913670">
    <ele>44.7</ele>
    <time>2023-10-28T23:47:14Z</time>
   </trkpt>
   <trkpt lat="35.5717110" lon="139.4914090">
    <ele>44.7</ele>
    <time>2023-10-28T23:47:15Z</time>
   </trkpt>
   <trkpt lat="35.5717060" lon="139.4914430">
    <ele>44.7</ele>
    <time>2023-10-28T23:47:16Z</time>
   </trkpt>
   <trkpt lat="35.5716920" lon="139.4914780">
    <ele>44.6</ele>
    <time>2023-10-28T23:47:17Z</time>
   </trkpt>
   <trkpt lat="35.5716800" lon="139.4915150">
    <ele>44.6</ele>
    <time>2023-10-28T23:47:18Z</time>
   </trkpt>
   <trkpt lat="35.5716750" lon="139.4915520">
    <ele>44.5</ele>
    <time>2023-10-28T23:47:19Z</time>
   </trkpt>
   <trkpt lat="35.5716690" lon="139.4915910">
    <ele>44.5</ele>
    <time>2023-10-28T23:47:20Z</time>
   </trkpt>
   <trkpt lat="35.5716470" lon="139.4916260">
    <ele>44.5</ele>
    <time>2023-10-28T23:47:21Z</time>
   </trkpt>
   <trkpt lat="35.5716450" lon="139.4916640">
    <ele>44.4</ele>
    <time>2023-10-28T23:47:22Z</time>
   </trkpt>
   <trkpt lat="35.5716380" lon="139.4917000">
    <ele>44.4</ele>
    <time>2023-10-28T23:47:23Z</time>
   </trkpt>
   <trkpt lat="35.5716310" lon="139.4917440">
    <ele>44.4</ele>
    <time>2023-10-28T23:47:24Z</time>
   </trkpt>
   <trkpt lat="35.5716260" lon="139.4917590">
    <ele>44.4</ele>
    <time>2023-10-28T23:47:25Z</time>
   </trkpt>
   <trkpt lat="35.5716120" lon="139.4917910">
    <ele>44.4</ele>
    <time>2023-10-28T23:47:26Z</time>
   </trkpt>
   <trkpt lat="35.5715810" lon="139.4918300">
    <ele>44.3</ele>
    <time>2023-10-28T23:47:27Z</time>
   </trkpt>
   <trkpt lat="35.5715520" lon="139.4918750">
    <ele>44.3</ele>
    <time>2023-10-28T23:47:28Z</time>
   </trkpt>
   <trkpt lat="35.5715450" lon="139.4919230">
    <ele>44.3</ele>
    <time>2023-10-28T23:47:29Z</time>
   </trkpt>
   <trkpt lat="35.5715320" lon="139.4919540">
    <ele>44.2</ele>
    <time>2023-10-28T23:47:30Z</time>
   </trkpt>
   <trkpt lat="35.5715200" lon="139.4920040">
    <ele>44.2</ele>
    <time>2023-10-28T23:47:31Z</time>
   </trkpt>
   <trkpt lat="35.5715170" lon="139.4920290">
    <ele>44.2</ele>
    <time>2023-10-28T23:47:32Z</time>
   </trkpt>
   <trkpt lat="35.5715170" lon="139.4920720">
    <ele>44.1</ele>
    <time>2023-10-28T23:47:33Z</time>
   </trkpt>
   <trkpt lat="35.5715000" lon="139.4921120">
    <ele>44.1</ele>
    <time>2023-10-28T23:47:34Z</time>
   </trkpt>
   <trkpt lat="35.5714870" lon="139.4921500">
    <ele>44.1</ele>
    <time>2023-10-28T23:47:35Z</time>
   </trkpt>
   <trkpt lat="35.5714540" lon="139.4921770">
    <ele>44.1</ele>
    <time>2023-10-28T23:47:36Z</time>
   </trkpt>
   <trkpt lat="35.5714400" lon="139.4922070">
    <ele>44.1</ele>
    <time>2023-10-28T23:47:37Z</time>
   </trkpt>
   <trkpt lat="35.5714220" lon="139.4922510">
    <ele>44.0</ele>
    <time>2023-10-28T23:47:38Z</time>
   </trkpt>
   <trkpt lat="35.5714200" lon="139.4922880">
    <ele>44.1</ele>
    <time>2023-10-28T23:47:39Z</time>
   </trkpt>
   <trkpt lat="35.5714090" lon="139.4923300">
    <ele>44.1</ele>
    <time>2023-10-28T23:47:40Z</time>
   </trkpt>
   <trkpt lat="35.5713860" lon="139.4923720">
    <ele>44.1</ele>
    <time>2023-10-28T23:47:41Z</time>
   </trkpt>
   <trkpt lat="35.5713580" lon="139.4924130">
    <ele>44.1</ele>
    <time>2023-10-28T23:47:42Z</time>
   </trkpt>
   <trkpt lat="35.5713470" lon="139.4924300">
    <ele>44.2</ele>
    <time>2023-10-28T23:47:43Z</time>
   </trkpt>
   <trkpt lat="35.5713260" lon="139.4924630">
    <ele>44.2</ele>
    <time>2023-10-28T23:47:44Z</time>
   </trkpt>
   <trkpt lat="35.5713150" lon="139.4924750">
    <ele>44.2</ele>
    <time>2023-10-28T23:47:45Z</time>
   </trkpt>
   <trkpt lat="35.5712870" lon="139.4925080">
    <ele>44.3</ele>
    <time>2023-10-28T23:47:46Z</time>
   </trkpt>
   <trkpt lat="35.5712670" lon="139.4925460">
    <ele>44.3</ele>
    <time>2023-10-28T23:47:47Z</time>
   </trkpt>
   <trkpt lat="35.5712280" lon="139.4925640">
    <ele>44.4</ele>
    <time>2023-10-28T23:47:48Z</time>
   </trkpt>
   <trkpt lat="35.5712100" lon="139.4925970">
    <ele>44.4</ele>
    <time>2023-10-28T23:47:49Z</time>
   </trkpt>
   <trkpt lat="35.5711860" lon="139.4926370">
    <ele>44.5</ele>
    <time>2023-10-28T23:47:50Z</time>
   </trkpt>
   <trkpt lat="35.5711610" lon="139.4926530">
    <ele>44.5</ele>
    <time>2023-10-28T23:47:51Z</time>
   </trkpt>
   <trkpt lat="35.5711430" lon="139.4926880">
    <ele>44.6</ele>
    <time>2023-10-28T23:47:52Z</time>
   </trkpt>
   <trkpt lat="35.5711240" lon="139.4927070">
    <ele>44.6</ele>
    <time>2023-10-28T23:47:53Z</time>
   </trkpt>
   <trkpt lat="35.5711130" lon="139.4927090">
    <ele>44.6</ele>
    <time>2023-10-28T23:47:54Z</time>
   </trkpt>
   <trkpt lat="35.5710540" lon="139.4927230">
    <ele>44.7</ele>
    <time>2023-10-28T23:48:08Z</time>
   </trkpt>
   <trkpt lat="35.5710390" lon="139.4927600">
    <ele>44.7</ele>
    <time>2023-10-28T23:48:09Z</time>
   </trkpt>
   <trkpt lat="35.5710320" lon="139.4928020">
    <ele>44.8</ele>
    <time>2023-10-28T23:48:10Z</time>
   </trkpt>
   <trkpt lat="35.5710310" lon="139.4928200">
    <ele>44.8</ele>
    <time>2023-10-28T23:48:11Z</time>
   </trkpt>
   <trkpt lat="35.5710400" lon="139.4928410">
    <ele>44.8</ele>
    <time>2023-10-28T23:48:12Z</time>
   </trkpt>
   <trkpt lat="35.5710500" lon="139.4928290">
    <ele>44.8</ele>
    <time>2023-10-28T23:48:13Z</time>
   </trkpt>
   <trkpt lat="35.5710630" lon="139.4928160">
    <ele>44.9</ele>
    <time>2023-10-28T23:48:14Z</time>
   </trkpt>
   <trkpt lat="35.5710820" lon="139.4928680">
    <ele>44.9</ele>
    <time>2023-10-28T23:48:16Z</time>
   </trkpt>
   <trkpt lat="35.5710830" lon="139.4929080">
    <ele>45.0</ele>
    <time>2023-10-28T23:48:17Z</time>
   </trkpt>
   <trkpt lat="35.5710660" lon="139.4929450">
    <ele>45.0</ele>
    <time>2023-10-28T23:48:18Z</time>
   </trkpt>
   <trkpt lat="35.5710610" lon="139.4929550">
    <ele>45.0</ele>
    <time>2023-10-28T23:48:19Z</time>
   </trkpt>
   <trkpt lat="35.5710540" lon="139.4929700">
    <ele>45.0</ele>
    <time>2023-10-28T23:48:20Z</time>
   </trkpt>
   <trkpt lat="35.5710500" lon="139.4929970">
    <ele>45.0</ele>
    <time>2023-10-28T23:48:21Z</time>
   </trkpt>
   <trkpt lat="35.5710200" lon="139.4930210">
    <ele>45.0</ele>
    <time>2023-10-28T23:48:22Z</time>
   </trkpt>
   <trkpt lat="35.5709940" lon="139.4930520">
    <ele>45.0</ele>
    <time>2023-10-28T23:48:23Z</time>
   </trkpt>
   <trkpt lat="35.5709710" lon="139.4930840">
    <ele>45.0</ele>
    <time>2023-10-28T23:48:24Z</time>
   </trkpt>
   <trkpt lat="35.5709280" lon="139.4931060">
    <ele>45.0</ele>
    <time>2023-10-28T23:48:25Z</time>
   </trkpt>
   <trkpt lat="35.5709100" lon="139.4931200">
    <ele>45.0</ele>
    <time>2023-10-28T23:48:26Z</time>
   </trkpt>
   <trkpt lat="35.5708780" lon="139.4931410">
    <ele>45.0</ele>
    <time>2023-10-28T23:48:27Z</time>
   </trkpt>
   <trkpt lat="35.5708710" lon="139.4931550">
    <ele>45.0</ele>
    <time>2023-10-28T23:48:28Z</time>
   </trkpt>
   <trkpt lat="35.5708690" lon="139.4931970">
    <ele>45.0</ele>
    <time>2023-10-28T23:48:29Z</time>
   </trkpt>
   <trkpt lat="35.5708690" lon="139.4932330">
    <ele>44.9</ele>
    <time>2023-10-28T23:48:30Z</time>
   </trkpt>
   <trkpt lat="35.5708750" lon="139.4932760">
    <ele>44.7</ele>
    <time>2023-10-28T23:48:31Z</time>
   </trkpt>
   <trkpt lat="35.5708760" lon="139.4932870">
    <ele>44.6</ele>
    <time>2023-10-28T23:48:32Z</time>
   </trkpt>
   <trkpt lat="35.5708980" lon="139.4933150">
    <ele>44.3</ele>
    <time>2023-10-28T23:48:33Z</time>
   </trkpt>
   <trkpt lat="35.5709110" lon="139.4933210">
    <ele>44.2</ele>
    <time>2023-10-28T23:48:34Z</time>
   </trkpt>
   <trkpt lat="35.5709390" lon="139.4933340">
    <ele>44.1</ele>
    <time>2023-10-28T23:48:35Z</time>
   </trkpt>
   <trkpt lat="35.5709650" lon="139.4933610">
    <ele>43.9</ele>
    <time>2023-10-28T23:48:36Z</time>
   </trkpt>
   <trkpt lat="35.5709870" lon="139.4933920">
    <ele>43.8</ele>
    <time>2023-10-28T23:48:37Z</time>
   </trkpt>
   <trkpt lat="35.5710130" lon="139.4934080">
    <ele>43.7</ele>
    <time>2023-10-28T23:48:38Z</time>
   </trkpt>
   <trkpt lat="35.5710360" lon="139.4934420">
    <ele>43.5</ele>
    <time>2023-10-28T23:48:39Z</time>
   </trkpt>
   <trkpt lat="35.5710630" lon="139.4934650">
    <ele>43.4</ele>
    <time>2023-10-28T23:48:40Z</time>
   </trkpt>
   <trkpt lat="35.5710980" lon="139.4934870">
    <ele>43.2</ele>
    <time>2023-10-28T23:48:41Z</time>
   </trkpt>
   <trkpt lat="35.5711100" lon="139.4934980">
    <ele>43.2</ele>
    <time>2023-10-28T23:48:42Z</time>
   </trkpt>
   <trkpt lat="35.5711380" lon="139.4935090">
    <ele>43.0</ele>
    <time>2023-10-28T23:48:43Z</time>
   </trkpt>
   <trkpt lat="35.5711620" lon="139.4935260">
    <ele>42.9</ele>
    <time>2023-10-28T23:48:44Z</time>
   </trkpt>
   <trkpt lat="35.5711910" lon="139.4935330">
    <ele>42.8</ele>
    <time>2023-10-28T23:48:45Z</time>
   </trkpt>
   <trkpt lat="35.5712200" lon="139.4935560">
    <ele>42.7</ele>
    <time>2023-10-28T23:48:46Z</time>
   </trkpt>
   <trkpt lat="35.5712480" lon="139.4935750">
    <ele>42.5</ele>
    <time>2023-10-28T23:48:47Z</time>
   </trkpt>
   <trkpt lat="35.5712760" lon="139.4935980">
    <ele>42.4</ele>
    <time>2023-10-28T23:48:48Z</time>
   </trkpt>
   <trkpt lat="35.5713010" lon="139.4936250">
    <ele>42.2</ele>
    <time>2023-10-28T23:48:49Z</time>
   </trkpt>
   <trkpt lat="35.5713350" lon="139.4936480">
    <ele>42.1</ele>
    <time>2023-10-28T23:48:50Z</time>
   </trkpt>
   <trkpt lat="35.5713620" lon="139.4936710">
    <ele>41.9</ele>
    <time>2023-10-28T23:48:51Z</time>
   </trkpt>
   <trkpt lat="35.5713970" lon="139.4936990">
    <ele>41.8</ele>
    <time>2023-10-28T23:48:52Z</time>
   </trkpt>
   <trkpt lat="35.5714260" lon="139.4937220">
    <ele>41.6</ele>
    <time>2023-10-28T23:48:53Z</time>
   </trkpt>
   <trkpt lat="35.5714640" lon="139.4937360">
    <ele>41.5</ele>
    <time>2023-10-28T23:48:54Z</time>
   </trkpt>
   <trkpt lat="35.5714770" lon="139.4937380">
    <ele>41.4</ele>
    <time>2023-10-28T23:48:55Z</time>
   </trkpt>
   <trkpt lat="35.5715070" lon="139.4937550">
    <ele>41.3</ele>
    <time>2023-10-28T23:48:56Z</time>
   </trkpt>
   <trkpt lat="35.5715350" lon="139.4937690">
    <ele>41.2</ele>
    <time>2023-10-28T23:48:57Z</time>
   </trkpt>
   <trkpt lat="35.5715620" lon="139.4937720">
    <ele>41.2</ele>
    <time>2023-10-28T23:48:58Z</time>
   </trkpt>
   <trkpt lat="35.5715810" lon="139.4937880">
    <ele>41.1</ele>
    <time>2023-10-28T23:48:59Z</time>
   </trkpt>
   <trkpt lat="35.5715810" lon="139.4938040">
    <ele>41.0</ele>
    <time>2023-10-28T23:49:00Z</time>
   </trkpt>
   <trkpt lat="35.5716640" lon="139.4938390">
    <ele>40.7</ele>
    <time>2023-10-28T23:49:07Z</time>
   </trkpt>
   <trkpt lat="35.5716930" lon="139.4938430">
    <ele>40.6</ele>
    <time>2023-10-28T23:49:08Z</time>
   </trkpt>
   <trkpt lat="35.5717230" lon="139.4938410">
    <ele>40.5</ele>
    <time>2023-10-28T23:49:09Z</time>
   </trkpt>
   <trkpt lat="35.5717480" lon="139.4938650">
    <ele>40.4</ele>
    <time>2023-10-28T23:49:10Z</time>
   </trkpt>
   <trkpt lat="35.5717790" lon="139.4938780">
    <ele>40.2</ele>
    <time>2023-10-28T23:49:11Z</time>
   </trkpt>
   <trkpt lat="35.5718180" lon="139.4938810">
    <ele>40.1</ele>
    <time>2023-10-28T23:49:12Z</time>
   </trkpt>
   <trkpt lat="35.5718550" lon="139.4938830">
    <ele>39.9</ele>
    <time>2023-10-28T23:49:13Z</time>
   </trkpt>
   <trkpt lat="35.5718900" lon="139.4938760">
    <ele>39.8</ele>
    <time>2023-10-28T23:49:14Z</time>
   </trkpt>
   <trkpt lat="35.5719250" lon="139.4938820">
    <ele>39.6</ele>
    <time>2023-10-28T23:49:15Z</time>
   </trkpt>
   <trkpt lat="35.5719380" lon="139.4938870">
    <ele>39.6</ele>
    <time>2023-10-28T23:49:16Z</time>
   </trkpt>
   <trkpt lat="35.5719660" lon="139.4938860">
    <ele>39.5</ele>
    <time>2023-10-28T23:49:17Z</time>
   </trkpt>
   <trkpt lat="35.5719990" lon="139.4938720">
    <ele>39.3</ele>
    <time>2023-10-28T23:49:18Z</time>
   </trkpt>
   <trkpt lat="35.5720310" lon="139.4938600">
    <ele>39.2</ele>
    <time>2023-10-28T23:49:19Z</time>
   </trkpt>
   <trkpt lat="35.5720640" lon="139.4938460">
    <ele>39.0</ele>
    <time>2023-10-28T23:49:20Z</time>
   </trkpt>
   <trkpt lat="35.5721010" lon="139.4938570">
    <ele>38.9</ele>
    <time>2023-10-28T23:49:21Z</time>
   </trkpt>
   <trkpt lat="35.5721340" lon="139.4938640">
    <ele>38.7</ele>
    <time>2023-10-28T23:49:22Z</time>
   </trkpt>
   <trkpt lat="35.5721610" lon="139.4938540">
    <ele>38.6</ele>
    <time>2023-10-28T23:49:23Z</time>
   </trkpt>
   <trkpt lat="35.5722000" lon="139.4938430">
    <ele>38.5</ele>
    <time>2023-10-28T23:49:24Z</time>
   </trkpt>
   <trkpt lat="35.5722140" lon="139.4938430">
    <ele>38.5</ele>
    <time>2023-10-28T23:49:25Z</time>
   </trkpt>
   <trkpt lat="35.5722460" lon="139.4938330">
    <ele>38.3</ele>
    <time>2023-10-28T23:49:26Z</time>
   </trkpt>
   <trkpt lat="35.5722800" lon="139.4938360">
    <ele>38.3</ele>
    <time>2023-10-28T23:49:27Z</time>
   </trkpt>
   <trkpt lat="35.5723140" lon="139.4938360">
    <ele>38.2</ele>
    <time>2023-10-28T23:49:28Z</time>
   </trkpt>
   <trkpt lat="35.5723470" lon="139.4938360">
    <ele>38.1</ele>
    <time>2023-10-28T23:49:29Z</time>
   </trkpt>
   <trkpt lat="35.5723910" lon="139.4938350">
    <ele>38.0</ele>
    <time>2023-10-28T23:49:30Z</time>
   </trkpt>
   <trkpt lat="35.5724100" lon="139.4938320">
    <ele>37.9</ele>
    <time>2023-10-28T23:49:31Z</time>
   </trkpt>
   <trkpt lat="35.5724420" lon="139.4938430">
    <ele>37.8</ele>
    <time>2023-10-28T23:49:32Z</time>
   </trkpt>
   <trkpt lat="35.5724540" lon="139.4938430">
    <ele>37.8</ele>
    <time>2023-10-28T23:49:33Z</time>
   </trkpt>
   <trkpt lat="35.5724830" lon="139.4938410">
    <ele>37.7</ele>
    <time>2023-10-28T23:49:34Z</time>
   </trkpt>
   <trkpt lat="35.5725180" lon="139.4938410">
    <ele>37.7</ele>
    <time>2023-10-28T23:49:35Z</time>
   </trkpt>
   <trkpt lat="35.5725460" lon="139.4938460">
    <ele>37.6</ele>
    <time>2023-10-28T23:49:36Z</time>
   </trkpt>
   <trkpt lat="35.5725760" lon="139.4938390">
    <ele>37.5</ele>
    <time>2023-10-28T23:49:37Z</time>
   </trkpt>
   <trkpt lat="35.5726040" lon="139.4938290">
    <ele>37.5</ele>
    <time>2023-10-28T23:49:38Z</time>
   </trkpt>
   <trkpt lat="35.5726310" lon="139.4938360">
    <ele>37.4</ele>
    <time>2023-10-28T23:49:39Z</time>
   </trkpt>
   <trkpt lat="35.5726610" lon="139.4938260">
    <ele>37.3</ele>
    <time>2023-10-28T23:49:40Z</time>
   </trkpt>
   <trkpt lat="35.5727010" lon="139.4938250">
    <ele>37.2</ele>
    <time>2023-10-28T23:49:41Z</time>
   </trkpt>
   <trkpt lat="35.5727170" lon="139.4938240">
    <ele>37.2</ele>
    <time>2023-10-28T23:49:42Z</time>
   </trkpt>
   <trkpt lat="35.5727510" lon="139.4938230">
    <ele>37.1</ele>
    <time>2023-10-28T23:49:43Z</time>
   </trkpt>
   <trkpt lat="35.5727830" lon="139.4938370">
    <ele>37.1</ele>
    <time>2023-10-28T23:49:44Z</time>
   </trkpt>
   <trkpt lat="35.5728130" lon="139.4938440">
    <ele>37.0</ele>
    <time>2023-10-28T23:49:45Z</time>
   </trkpt>
   <trkpt lat="35.5728440" lon="139.4938570">
    <ele>36.9</ele>
    <time>2023-10-28T23:49:46Z</time>
   </trkpt>
   <trkpt lat="35.5728740" lon="139.4938810">
    <ele>36.9</ele>
    <time>2023-10-28T23:49:47Z</time>
   </trkpt>
   <trkpt lat="35.5729110" lon="139.4938670">
    <ele>36.8</ele>
    <time>2023-10-28T23:49:48Z</time>
   </trkpt>
   <trkpt lat="35.5729470" lon="139.4938660">
    <ele>36.7</ele>
    <time>2023-10-28T23:49:49Z</time>
   </trkpt>
   <trkpt lat="35.5729860" lon="139.4938500">
    <ele>36.6</ele>
    <time>2023-10-28T23:49:50Z</time>
   </trkpt>
   <trkpt lat="35.5730240" lon="139.4938540">
    <ele>36.6</ele>
    <time>2023-10-28T23:49:51Z</time>
   </trkpt>
   <trkpt lat="35.5730380" lon="139.4938530">
    <ele>36.5</ele>
    <time>2023-10-28T23:49:52Z</time>
   </trkpt>
   <trkpt lat="35.5730770" lon="139.4938530">
    <ele>36.5</ele>
    <time>2023-10-28T23:49:53Z</time>
   </trkpt>
   <trkpt lat="35.5730900" lon="139.4938560">
    <ele>36.4</ele>
    <time>2023-10-28T23:49:54Z</time>
   </trkpt>
   <trkpt lat="35.5731220" lon="139.4938560">
    <ele>36.4</ele>
    <time>2023-10-28T23:49:55Z</time>
   </trkpt>
   <trkpt lat="35.5731560" lon="139.4938710">
    <ele>36.3</ele>
    <time>2023-10-28T23:49:56Z</time>
   </trkpt>
   <trkpt lat="35.5731940" lon="139.4938670">
    <ele>36.3</ele>
    <time>2023-10-28T23:49:57Z</time>
   </trkpt>
   <trkpt lat="35.5732340" lon="139.4938660">
    <ele>36.2</ele>
    <time>2023-10-28T23:49:58Z</time>
   </trkpt>
   <trkpt lat="35.5732500" lon="139.4938590">
    <ele>36.2</ele>
    <time>2023-10-28T23:49:59Z</time>
   </trkpt>
   <trkpt lat="35.5732870" lon="139.4938670">
    <ele>36.1</ele>
    <time>2023-10-28T23:50:00Z</time>
   </trkpt>
   <trkpt lat="35.5732980" lon="139.4938720">
    <ele>36.1</ele>
    <time>2023-10-28T23:50:01Z</time>
   </trkpt>
   <trkpt lat="35.5733350" lon="139.4938860">
    <ele>36.1</ele>
    <time>2023-10-28T23:50:02Z</time>
   </trkpt>
   <trkpt lat="35.5733530" lon="139.4938840">
    <ele>36.1</ele>
    <time>2023-10-28T23:50:03Z</time>
   </trkpt>
   <trkpt lat="35.5733880" lon="139.4938860">
    <ele>36.0</ele>
    <time>2023-10-28T23:50:04Z</time>
   </trkpt>
   <trkpt lat="35.5734220" lon="139.4938860">
    <ele>36.0</ele>
    <time>2023-10-28T23:50:05Z</time>
   </trkpt>
   <trkpt lat="35.5734470" lon="139.4939040">
    <ele>36.0</ele>
    <time>2023-10-28T23:50:06Z</time>
   </trkpt>
   <trkpt lat="35.5734830" lon="139.4939180">
    <ele>35.9</ele>
    <time>2023-10-28T23:50:07Z</time>
   </trkpt>
   <trkpt lat="35.5734970" lon="139.4939240">
    <ele>35.9</ele>
    <time>2023-10-28T23:50:08Z</time>
   </trkpt>
   <trkpt lat="35.5735290" lon="139.4939290">
    <ele>35.9</ele>
    <time>2023-10-28T23:50:09Z</time>
   </trkpt>
   <trkpt lat="35.5735620" lon="139.4939470">
    <ele>35.9</ele>
    <time>2023-10-28T23:50:10Z</time>
   </trkpt>
   <trkpt lat="35.5735820" lon="139.4939720">
    <ele>35.8</ele>
    <time>2023-10-28T23:50:11Z</time>
   </trkpt>
   <trkpt lat="35.5736120" lon="139.4939870">
    <ele>35.8</ele>
    <time>2023-10-28T23:50:12Z</time>
   </trkpt>
   <trkpt lat="35.5736330" lon="139.4940090">
    <ele>35.8</ele>
    <time>2023-10-28T23:50:13Z</time>
   </trkpt>
   <trkpt lat="35.5736490" lon="139.4940360">
    <ele>35.7</ele>
    <time>2023-10-28T23:50:15Z</time>
   </trkpt>
   <trkpt lat="35.5736790" lon="139.4940510">
    <ele>35.7</ele>
    <time>2023-10-28T23:50:16Z</time>
   </trkpt>
   <trkpt lat="35.5737060" lon="139.4940850">
    <ele>35.7</ele>
    <time>2023-10-28T23:50:17Z</time>
   </trkpt>
   <trkpt lat="35.5737160" lon="139.4940980">
    <ele>35.7</ele>
    <time>2023-10-28T23:50:18Z</time>
   </trkpt>
   <trkpt lat="35.5737410" lon="139.4941120">
    <ele>35.6</ele>
    <time>2023-10-28T23:50:19Z</time>
   </trkpt>
   <trkpt lat="35.5737720" lon="139.4941250">
    <ele>35.6</ele>
    <time>2023-10-28T23:50:20Z</time>
   </trkpt>
   <trkpt lat="35.5737900" lon="139.4941530">
    <ele>35.6</ele>
    <time>2023-10-28T23:50:21Z</time>
   </trkpt>
   <trkpt lat="35.5738060" lon="139.4941900">
    <ele>35.5</ele>
    <time>2023-10-28T23:50:22Z</time>
   </trkpt>
   <trkpt lat="35.5738210" lon="139.4942250">
    <ele>35.5</ele>
    <time>2023-10-28T23:50:23Z</time>
   </trkpt>
   <trkpt lat="35.5738470" lon="139.4942380">
    <ele>35.5</ele>
    <time>2023-10-28T23:50:24Z</time>
   </trkpt>
   <trkpt lat="35.5738660" lon="139.4942650">
    <ele>35.5</ele>
    <time>2023-10-28T23:50:25Z</time>
   </trkpt>
   <trkpt lat="35.5738870" lon="139.4943040">
    <ele>35.4</ele>
    <time>2023-10-28T23:50:26Z</time>
   </trkpt>
   <trkpt lat="35.5738980" lon="139.4943130">
    <ele>35.4</ele>
    <time>2023-10-28T23:50:27Z</time>
   </trkpt>
   <trkpt lat="35.5739220" lon="139.4943340">
    <ele>35.4</ele>
    <time>2023-10-28T23:50:28Z</time>
   </trkpt>
   <trkpt lat="35.5739400" lon="139.4943730">
    <ele>35.4</ele>
    <time>2023-10-28T23:50:29Z</time>
   </trkpt>
   <trkpt lat="35.5739590" lon="139.4943960">
    <ele>35.3</ele>
    <time>2023-10-28T23:50:30Z</time>
   </trkpt>
   <trkpt lat="35.5739840" lon="139.4944180">
    <ele>35.3</ele>
    <time>2023-10-28T23:50:31Z</time>
   </trkpt>
   <trkpt lat="35.5740040" lon="139.4944440">
    <ele>35.3</ele>
    <time>2023-10-28T23:50:32Z</time>
   </trkpt>
   <trkpt lat="35.5740260" lon="139.4944660">
    <ele>35.3</ele>
    <time>2023-10-28T23:50:33Z</time>
   </trkpt>
   <trkpt lat="35.5740490" lon="139.4944900">
    <ele>35.3</ele>
    <time>2023-10-28T23:50:34Z</time>
   </trkpt>
   <trkpt lat="35.5740720" lon="139.4945230">
    <ele>35.2</ele>
    <time>2023-10-28T23:50:35Z</time>
   </trkpt>
   <trkpt lat="35.5740790" lon="139.4945340">
    <ele>35.2</ele>
    <time>2023-10-28T23:50:36Z</time>
   </trkpt>
   <trkpt lat="35.5740940" lon="139.4945650">
    <ele>35.2</ele>
    <time>2023-10-28T23:50:37Z</time>
   </trkpt>
   <trkpt lat="35.5741200" lon="139.4945880">
    <ele>35.2</ele>
    <time>2023-10-28T23:50:38Z</time>
   </trkpt>
   <trkpt lat="35.5741400" lon="139.4946290">
    <ele>35.1</ele>
    <time>2023-10-28T23:50:39Z</time>
   </trkpt>
   <trkpt lat="35.5741510" lon="139.4946400">
    <ele>35.1</ele>
    <time>2023-10-28T23:50:40Z</time>
   </trkpt>
   <trkpt lat="35.5741700" lon="139.4946640">
    <ele>35.1</ele>
    <time>2023-10-28T23:50:41Z</time>
   </trkpt>
   <trkpt lat="35.5742000" lon="139.4947140">
    <ele>35.1</ele>
    <time>2023-10-28T23:50:42Z</time>
   </trkpt>
   <trkpt lat="35.5742270" lon="139.4947320">
    <ele>35.1</ele>
    <time>2023-10-28T23:50:43Z</time>
   </trkpt>
   <trkpt lat="35.5742510" lon="139.4947610">
    <ele>35.1</ele>
    <time>2023-10-28T23:50:44Z</time>
   </trkpt>
   <trkpt lat="35.5742710" lon="139.4947990">
    <ele>35.0</ele>
    <time>2023-10-28T23:50:45Z</time>
   </trkpt>
   <trkpt lat="35.5742790" lon="139.4948080">
    <ele>35.0</ele>
    <time>2023-10-28T23:50:46Z</time>
   </trkpt>
   <trkpt lat="35.5742760" lon="139.4948150">
    <ele>35.0</ele>
    <time>2023-10-28T23:50:47Z</time>
   </trkpt>
   <trkpt lat="35.5743910" lon="139.4949350">
    <ele>34.8</ele>
    <time>2023-10-28T23:51:04Z</time>
   </trkpt>
   <trkpt lat="35.5743960" lon="139.4949730">
    <ele>34.8</ele>
    <time>2023-10-28T23:51:05Z</time>
   </trkpt>
   <trkpt lat="35.5744100" lon="139.4950040">
    <ele>34.7</ele>
    <time>2023-10-28T23:51:06Z</time>
   </trkpt>
   <trkpt lat="35.5744130" lon="139.4950520">
    <ele>34.7</ele>
    <time>2023-10-28T23:51:07Z</time>
   </trkpt>
   <trkpt lat="35.5744410" lon="139.4950730">
    <ele>34.6</ele>
    <time>2023-10-28T23:51:08Z</time>
   </trkpt>
   <trkpt lat="35.5744450" lon="139.4951210">
    <ele>34.6</ele>
    <time>2023-10-28T23:51:09Z</time>
   </trkpt>
   <trkpt lat="35.5744480" lon="139.4951400">
    <ele>34.5</ele>
    <time>2023-10-28T23:51:10Z</time>
   </trkpt>
   <trkpt lat="35.5744610" lon="139.4951660">
    <ele>34.5</ele>
    <time>2023-10-28T23:51:11Z</time>
   </trkpt>
   <trkpt lat="35.5744740" lon="139.4951640">
    <ele>34.5</ele>
    <time>2023-10-28T23:51:12Z</time>
   </trkpt>
   <trkpt lat="35.5744960" lon="139.4951950">
    <ele>34.4</ele>
    <time>2023-10-28T23:51:13Z</time>
   </trkpt>
   <trkpt lat="35.5745200" lon="139.4952350">
    <ele>34.4</ele>
    <time>2023-10-28T23:51:14Z</time>
   </trkpt>
   <trkpt lat="35.5745210" lon="139.4952910">
    <ele>34.3</ele>
    <time>2023-10-28T23:51:15Z</time>
   </trkpt>
   <trkpt lat="35.5745210" lon="139.4953410">
    <ele>34.3</ele>
    <time>2023-10-28T23:51:16Z</time>
   </trkpt>
   <trkpt lat="35.5745290" lon="139.4953820">
    <ele>34.2</ele>
    <time>2023-10-28T23:51:17Z</time>
   </trkpt>
   <trkpt lat="35.5745440" lon="139.4954120">
    <ele>34.2</ele>
    <time>2023-10-28T23:51:18Z</time>
   </trkpt>
   <trkpt lat="35.5745760" lon="139.4954340">
    <ele>34.1</ele>
    <time>2023-10-28T23:51:19Z</time>
   </trkpt>
   <trkpt lat="35.5745840" lon="139.4954740">
    <ele>34.1</ele>
    <time>2023-10-28T23:51:20Z</time>
   </trkpt>
   <trkpt lat="35.5746020" lon="139.4955150">
    <ele>34.0</ele>
    <time>2023-10-28T23:51:21Z</time>
   </trkpt>
   <trkpt lat="35.5746190" lon="139.4955450">
    <ele>34.0</ele>
    <time>2023-10-28T23:51:22Z</time>
   </trkpt>
   <trkpt lat="35.5746520" lon="139.4955850">
    <ele>33.9</ele>
    <time>2023-10-28T23:51:23Z</time>
   </trkpt>
   <trkpt lat="35.5746690" lon="139.4955980">
    <ele>33.9</ele>
    <time>2023-10-28T23:51:24Z</time>
   </trkpt>
   <trkpt lat="35.5746920" lon="139.4956220">
    <ele>33.8</ele>
    <time>2023-10-28T23:51:25Z</time>
   </trkpt>
   <trkpt lat="35.5747080" lon="139.4956520">
    <ele>33.8</ele>
    <time>2023-10-28T23:51:26Z</time>
   </trkpt>
   <trkpt lat="35.5747210" lon="139.4956810">
    <ele>33.7</ele>
    <time>2023-10-28T23:51:27Z</time>
   </trkpt>
   <trkpt lat="35.5747360" lon="139.4957120">
    <ele>33.7</ele>
    <time>2023-10-28T23:51:28Z</time>
   </trkpt>
   <trkpt lat="35.5747430" lon="139.4957510">
    <ele>33.6</ele>
    <time>2023-10-28T23:51:29Z</time>
   </trkpt>
   <trkpt lat="35.5747610" lon="139.4957850">
    <ele>33.5</ele>
    <time>2023-10-28T23:51:30Z</time>
   </trkpt>
   <trkpt lat="35.5747940" lon="139.4958020">
    <ele>33.5</ele>
    <time>2023-10-28T23:51:31Z</time>
   </trkpt>
   <trkpt lat="35.5748170" lon="139.4958430">
    <ele>33.4</ele>
    <time>2023-10-28T23:51:32Z</time>
   </trkpt>
   <trkpt lat="35.5748220" lon="139.4958790">
    <ele>33.3</ele>
    <time>2023-10-28T23:51:33Z</time>
   </trkpt>
   <trkpt lat="35.5748290" lon="139.4959210">
    <ele>33.2</ele>
    <time>2023-10-28T23:51:34Z</time>
   </trkpt>
   <trkpt lat="35.5748550" lon="139.4959600">
    <ele>33.2</ele>
    <time>2023-10-28T23:51:35Z</time>
   </trkpt>
   <trkpt lat="35.5748810" lon="139.4959760">
    <ele>33.1</ele>
    <time>2023-10-28T23:51:36Z</time>
   </trkpt>
   <trkpt lat="35.5749000" lon="139.4960080">
    <ele>33.1</ele>
    <time>2023-10-28T23:51:37Z</time>
   </trkpt>
   <trkpt lat="35.5749310" lon="139.4960400">
    <ele>33.1</ele>
    <time>2023-10-28T23:51:38Z</time>
   </trkpt>
   <trkpt lat="35.5749450" lon="139.4960500">
    <ele>33.0</ele>
    <time>2023-10-28T23:51:39Z</time>
   </trkpt>
   <trkpt lat="35.5749650" lon="139.4960820">
    <ele>33.0</ele>
    <time>2023-10-28T23:51:40Z</time>
   </trkpt>
   <trkpt lat="35.5749760" lon="139.4961160">
    <ele>33.0</ele>
    <time>2023-10-28T23:51:41Z</time>
   </trkpt>
   <trkpt lat="35.5749990" lon="139.4961410">
    <ele>32.9</ele>
    <time>2023-10-28T23:51:42Z</time>
   </trkpt>
   <trkpt lat="35.5750220" lon="139.4961620">
    <ele>32.9</ele>
    <time>2023-10-28T23:51:43Z</time>
   </trkpt>
   <trkpt lat="35.5750420" lon="139.4962080">
    <ele>32.9</ele>
    <time>2023-10-28T23:51:44Z</time>
   </trkpt>
   <trkpt lat="35.5750500" lon="139.4962270">
    <ele>32.8</ele>
    <time>2023-10-28T23:51:45Z</time>
   </trkpt>
   <trkpt lat="35.5750740" lon="139.4962560">
    <ele>32.8</ele>
    <time>2023-10-28T23:51:46Z</time>
   </trkpt>
   <trkpt lat="35.5751000" lon="139.4962870">
    <ele>32.8</ele>
    <time>2023-10-28T23:51:47Z</time>
   </trkpt>
   <trkpt lat="35.5751260" lon="139.4963150">
    <ele>32.8</ele>
    <time>2023-10-28T23:51:48Z</time>
   </trkpt>
   <trkpt lat="35.5751530" lon="139.4963500">
    <ele>32.7</ele>
    <time>2023-10-28T23:51:49Z</time>
   </trkpt>
   <trkpt lat="35.5751730" lon="139.4963870">
    <ele>32.7</ele>
    <time>2023-10-28T23:51:50Z</time>
   </trkpt>
   <trkpt lat="35.5751910" lon="139.4964330">
    <ele>32.7</ele>
    <time>2023-10-28T23:51:51Z</time>
   </trkpt>
   <trkpt lat="35.5752010" lon="139.4964520">
    <ele>32.7</ele>
    <time>2023-10-28T23:51:52Z</time>
   </trkpt>
   <trkpt lat="35.5752180" lon="139.4964970">
    <ele>32.7</ele>
    <time>2023-10-28T23:51:53Z</time>
   </trkpt>
   <trkpt lat="35.5752270" lon="139.4965140">
    <ele>32.7</ele>
    <time>2023-10-28T23:51:54Z</time>
   </trkpt>
   <trkpt lat="35.5752440" lon="139.4965460">
    <ele>32.7</ele>
    <time>2023-10-28T23:51:55Z</time>
   </trkpt>
   <trkpt lat="35.5752590" lon="139.4965890">
    <ele>32.6</ele>
    <time>2023-10-28T23:51:56Z</time>
   </trkpt>
   <trkpt lat="35.5752650" lon="139.4966100">
    <ele>32.6</ele>
    <time>2023-10-28T23:51:57Z</time>
   </trkpt>
   <trkpt lat="35.5752800" lon="139.4966390">
    <ele>32.6</ele>
    <time>2023-10-28T23:51:58Z</time>
   </trkpt>
   <trkpt lat="35.5752830" lon="139.4966900">
    <ele>32.6</ele>
    <time>2023-10-28T23:51:59Z</time>
   </trkpt>
   <trkpt lat="35.5752850" lon="139.4967090">
    <ele>32.6</ele>
    <time>2023-10-28T23:52:00Z</time>
   </trkpt>
   <trkpt lat="35.5752950" lon="139.4967620">
    <ele>32.6</ele>
    <time>2023-10-28T23:52:01Z</time>
   </trkpt>
   <trkpt lat="35.5752890" lon="139.4968020">
    <ele>32.6</ele>
    <time>2023-10-28T23:52:02Z</time>
   </trkpt>
   <trkpt lat="35.5752900" lon="139.4968200">
    <ele>32.6</ele>
    <time>2023-10-28T23:52:03Z</time>
   </trkpt>
   <trkpt lat="35.5752970" lon="139.4968550">
    <ele>32.6</ele>
    <time>2023-10-28T23:52:04Z</time>
   </trkpt>
   <trkpt lat="35.5752990" lon="139.4968930">
    <ele>32.6</ele>
    <time>2023-10-28T23:52:05Z</time>
   </trkpt>
   <trkpt lat="35.5753090" lon="139.4969330">
    <ele>32.6</ele>
    <time>2023-10-28T23:52:06Z</time>
   </trkpt>
   <trkpt lat="35.5753120" lon="139.4969690">
    <ele>32.6</ele>
    <time>2023-10-28T23:52:07Z</time>
   </trkpt>
   <trkpt lat="35.5753200" lon="139.4970130">
    <ele>32.6</ele>
    <time>2023-10-28T23:52:08Z</time>
   </trkpt>
   <trkpt lat="35.5753270" lon="139.4970580">
    <ele>32.6</ele>
    <time>2023-10-28T23:52:09Z</time>
   </trkpt>
   <trkpt lat="35.5753300" lon="139.4971000">
    <ele>32.6</ele>
    <time>2023-10-28T23:52:10Z</time>
   </trkpt>
   <trkpt lat="35.5753330" lon="139.4971100">
    <ele>32.6</ele>
    <time>2023-10-28T23:52:11Z</time>
   </trkpt>
   <trkpt lat="35.5753380" lon="139.4971500">
    <ele>32.6</ele>
    <time>2023-10-28T23:52:12Z</time>
   </trkpt>
   <trkpt lat="35.5753460" lon="139.4971880">
    <ele>32.6</ele>
    <time>2023-10-28T23:52:13Z</time>
   </trkpt>
   <trkpt lat="35.5753590" lon="139.4972270">
    <ele>32.6</ele>
    <time>2023-10-28T23:52:14Z</time>
   </trkpt>
   <trkpt lat="35.5753530" lon="139.4972630">
    <ele>32.6</ele>
    <time>2023-10-28T23:52:15Z</time>
   </trkpt>
   <trkpt lat="35.5753600" lon="139.4972950">
    <ele>32.6</ele>
    <time>2023-10-28T23:52:16Z</time>
   </trkpt>
   <trkpt lat="35.5753660" lon="139.4973300">
    <ele>32.5</ele>
    <time>2023-10-28T23:52:17Z</time>
   </trkpt>
   <trkpt lat="35.5753690" lon="139.4973810">
    <ele>32.5</ele>
    <time>2023-10-28T23:52:18Z</time>
   </trkpt>
   <trkpt lat="35.5753690" lon="139.4974000">
    <ele>32.5</ele>
    <time>2023-10-28T23:52:19Z</time>
   </trkpt>
   <trkpt lat="35.5753670" lon="139.4974460">
    <ele>32.4</ele>
    <time>2023-10-28T23:52:21Z</time>
   </trkpt>
   <trkpt lat="35.5753690" lon="139.4974800">
    <ele>32.4</ele>
    <time>2023-10-28T23:52:22Z</time>
   </trkpt>
   <trkpt lat="35.5753690" lon="139.4975200">
    <ele>32.4</ele>
    <time>2023-10-28T23:52:23Z</time>
   </trkpt>
   <trkpt lat="35.5753740" lon="139.4975730">
    <ele>32.3</ele>
    <time>2023-10-28T23:52:24Z</time>
   </trkpt>
   <trkpt lat="35.5753750" lon="139.4975940">
    <ele>32.3</ele>
    <time>2023-10-28T23:52:25Z</time>
   </trkpt>
   <trkpt lat="35.5753750" lon="139.4976390">
    <ele>32.3</ele>
    <time>2023-10-28T23:52:26Z</time>
   </trkpt>
   <trkpt lat="35.5753750" lon="139.4976580">
    <ele>32.3</ele>
    <time>2023-10-28T23:52:27Z</time>
   </trkpt>
   <trkpt lat="35.5753840" lon="139.4976910">
    <ele>32.3</ele>
    <time>2023-10-28T23:52:28Z</time>
   </trkpt>
   <trkpt lat="35.5753730" lon="139.4977310">
    <ele>32.3</ele>
    <time>2023-10-28T23:52:29Z</time>
   </trkpt>
   <trkpt lat="35.5753800" lon="139.4977660">
    <ele>32.2</ele>
    <time>2023-10-28T23:52:30Z</time>
   </trkpt>
   <trkpt lat="35.5753760" lon="139.4978180">
    <ele>32.2</ele>
    <time>2023-10-28T23:52:31Z</time>
   </trkpt>
   <trkpt lat="35.5753700" lon="139.4978390">
    <ele>32.2</ele>
    <time>2023-10-28T23:52:32Z</time>
   </trkpt>
   <trkpt lat="35.5753700" lon="139.4978750">
    <ele>32.2</ele>
    <time>2023-10-28T23:52:33Z</time>
   </trkpt>
   <trkpt lat="35.5753610" lon="139.4979210">
    <ele>32.2</ele>
    <time>2023-10-28T23:52:34Z</time>
   </trkpt>
   <trkpt lat="35.5753580" lon="139.4979380">
    <ele>32.2</ele>
    <time>2023-10-28T23:52:35Z</time>
   </trkpt>
   <trkpt lat="35.5753700" lon="139.4979740">
    <ele>32.2</ele>
    <time>2023-10-28T23:52:36Z</time>
   </trkpt>
   <trkpt lat="35.5753730" lon="139.4980220">
    <ele>32.2</ele>
    <time>2023-10-28T23:52:37Z</time>
   </trkpt>
   <trkpt lat="35.5753720" lon="139.4980390">
    <ele>32.2</ele>
    <time>2023-10-28T23:52:38Z</time>
   </trkpt>
   <trkpt lat="35.5753800" lon="139.4980770">
    <ele>32.2</ele>
    <time>2023-10-28T23:52:39Z</time>
   </trkpt>
   <trkpt lat="35.5753720" lon="139.4981180">
    <ele>32.2</ele>
    <time>2023-10-28T23:52:40Z</time>
   </trkpt>
   <trkpt lat="35.5753880" lon="139.4981570">
    <ele>32.3</ele>
    <time>2023-10-28T23:52:41Z</time>
   </trkpt>
   <trkpt lat="35.5753630" lon="139.4981920">
    <ele>32.3</ele>
    <time>2023-10-28T23:52:42Z</time>
   </trkpt>
   <trkpt lat="35.5753440" lon="139.4981980">
    <ele>32.3</ele>
    <time>2023-10-28T23:52:43Z</time>
   </trkpt>
   <trkpt lat="35.5753090" lon="139.4982130">
    <ele>32.3</ele>
    <time>2023-10-28T23:52:44Z</time>
   </trkpt>
   <trkpt lat="35.5752750" lon="139.4982400">
    <ele>32.3</ele>
    <time>2023-10-28T23:52:45Z</time>
   </trkpt>
   <trkpt lat="35.5752580" lon="139.4982980">
    <ele>32.4</ele>
    <time>2023-10-28T23:52:46Z</time>
   </trkpt>
   <trkpt lat="35.5752600" lon="139.4983520">
    <ele>32.4</ele>
    <time>2023-10-28T23:52:47Z</time>
   </trkpt>
   <trkpt lat="35.5752610" lon="139.4983730">
    <ele>32.4</ele>
    <time>2023-10-28T23:52:48Z</time>
   </trkpt>
   <trkpt lat="35.5752740" lon="139.4984070">
    <ele>32.5</ele>
    <time>2023-10-28T23:52:49Z</time>
   </trkpt>
   <trkpt lat="35.5752890" lon="139.4984420">
    <ele>32.5</ele>
    <time>2023-10-28T23:52:50Z</time>
   </trkpt>
   <trkpt lat="35.5752930" lon="139.4984460">
    <ele>32.5</ele>
    <time>2023-10-28T23:52:51Z</time>
   </trkpt>
   <trkpt lat="35.5752830" lon="139.4984600">
    <ele>32.5</ele>
    <time>2023-10-28T23:52:52Z</time>
   </trkpt>
   <trkpt lat="35.5752750" lon="139.4984750">
    <ele>32.8</ele>
    <time>2023-10-28T23:52:53Z</time>
   </trkpt>
   <trkpt lat="35.5752330" lon="139.4984770">
    <ele>32.8</ele>
    <time>2023-10-28T23:52:54Z</time>
   </trkpt>
   <trkpt lat="35.5752130" lon="139.4984770">
    <ele>32.8</ele>
    <time>2023-10-28T23:52:55Z</time>
   </trkpt>
   <trkpt lat="35.5751840" lon="139.4984670">
    <ele>32.8</ele>
    <time>2023-10-28T23:52:56Z</time>
   </trkpt>
   <trkpt lat="35.5751480" lon="139.4984580">
    <ele>32.9</ele>
    <time>2023-10-28T23:52:57Z</time>
   </trkpt>
   <trkpt lat="35.5751350" lon="139.4984560">
    <ele>32.9</ele>
    <time>2023-10-28T23:52:58Z</time>
   </trkpt>
   <trkpt lat="35.5750950" lon="139.4984520">
    <ele>33.0</ele>
    <time>2023-10-28T23:52:59Z</time>
   </trkpt>
   <trkpt lat="35.5750680" lon="139.4984390">
    <ele>33.0</ele>
    <time>2023-10-28T23:53:00Z</time>
   </trkpt>
   <trkpt lat="35.5750330" lon="139.4984190">
    <ele>33.1</ele>
    <time>2023-10-28T23:53:01Z</time>
   </trkpt>
   <trkpt lat="35.5750060" lon="139.4984050">
    <ele>33.1</ele>
    <time>2023-10-28T23:53:02Z</time>
   </trkpt>
   <trkpt lat="35.5749750" lon="139.4983970">
    <ele>33.2</ele>
    <time>2023-10-28T23:53:03Z</time>
   </trkpt>
   <trkpt lat="35.5749480" lon="139.4983870">
    <ele>33.2</ele>
    <time>2023-10-28T23:53:04Z</time>
   </trkpt>
   <trkpt lat="35.5749080" lon="139.4983860">
    <ele>33.2</ele>
    <time>2023-10-28T23:53:05Z</time>
   </trkpt>
   <trkpt lat="35.5748750" lon="139.4983750">
    <ele>33.3</ele>
    <time>2023-10-28T23:53:06Z</time>
   </trkpt>
   <trkpt lat="35.5748620" lon="139.4983700">
    <ele>33.3</ele>
    <time>2023-10-28T23:53:07Z</time>
   </trkpt>
   <trkpt lat="35.5748280" lon="139.4983630">
    <ele>33.4</ele>
    <time>2023-10-28T23:53:08Z</time>
   </trkpt>
   <trkpt lat="35.5747960" lon="139.4983550">
    <ele>33.4</ele>
    <time>2023-10-28T23:53:09Z</time>
   </trkpt>
   <trkpt lat="35.5747650" lon="139.4983610">
    <ele>33.4</ele>
    <time>2023-10-28T23:53:10Z</time>
   </trkpt>
   <trkpt lat="35.5747310" lon="139.4983600">
    <ele>33.5</ele>
    <time>2023-10-28T23:53:11Z</time>
   </trkpt>
   <trkpt lat="35.5746980" lon="139.4983490">
    <ele>33.6</ele>
    <time>2023-10-28T23:53:12Z</time>
   </trkpt>
   <trkpt lat="35.5746690" lon="139.4983470">
    <ele>33.6</ele>
    <time>2023-10-28T23:53:13Z</time>
   </trkpt>
   <trkpt lat="35.5746300" lon="139.4983530">
    <ele>33.7</ele>
    <time>2023-10-28T23:53:14Z</time>
   </trkpt>
   <trkpt lat="35.5746160" lon="139.4983560">
    <ele>33.7</ele>
    <time>2023-10-28T23:53:15Z</time>
   </trkpt>
   <trkpt lat="35.5745910" lon="139.4983720">
    <ele>33.8</ele>
    <time>2023-10-28T23:53:16Z</time>
   </trkpt>
   <trkpt lat="35.5745600" lon="139.4983730">
    <ele>33.8</ele>
    <time>2023-10-28T23:53:17Z</time>
   </trkpt>
   <trkpt lat="35.5745230" lon="139.4983910">
    <ele>33.9</ele>
    <time>2023-10-28T23:53:18Z</time>
   </trkpt>
   <trkpt lat="35.5745070" lon="139.4983930">
    <ele>34.0</ele>
    <time>2023-10-28T23:53:19Z</time>
   </trkpt>
   <trkpt lat="35.5744800" lon="139.4983930">
    <ele>34.0</ele>
    <time>2023-10-28T23:53:20Z</time>
   </trkpt>
   <trkpt lat="35.5744530" lon="139.4984050">
    <ele>34.1</ele>
    <time>2023-10-28T23:53:21Z</time>
   </trkpt>
   <trkpt lat="35.5744270" lon="139.4984240">
    <ele>34.2</ele>
    <time>2023-10-28T23:53:22Z</time>
   </trkpt>
   <trkpt lat="35.5744210" lon="139.4984290">
    <ele>34.2</ele>
    <time>2023-10-28T23:53:23Z</time>
   </trkpt>
   <trkpt lat="35.5744020" lon="139.4984520">
    <ele>34.2</ele>
    <time>2023-10-28T23:53:24Z</time>
   </trkpt>
   <trkpt lat="35.5742650" lon="139.4984500">
    <ele>35.3</ele>
    <time>2023-10-28T23:53:32Z</time>
   </trkpt>
   <trkpt lat="35.5742340" lon="139.4984240">
    <ele>35.5</ele>
    <time>2023-10-28T23:53:33Z</time>
   </trkpt>
   <trkpt lat="35.5742060" lon="139.4984070">
    <ele>35.8</ele>
    <time>2023-10-28T23:53:34Z</time>
   </trkpt>
   <trkpt lat="35.5741770" lon="139.4984130">
    <ele>36.0</ele>
    <time>2023-10-28T23:53:35Z</time>
   </trkpt>
   <trkpt lat="35.5741620" lon="139.4984110">
    <ele>36.2</ele>
    <time>2023-10-28T23:53:36Z</time>
   </trkpt>
   <trkpt lat="35.5741360" lon="139.4983890">
    <ele>36.5</ele>
    <time>2023-10-28T23:53:37Z</time>
   </trkpt>
   <trkpt lat="35.5741060" lon="139.4983730">
    <ele>36.8</ele>
    <time>2023-10-28T23:53:38Z</time>
   </trkpt>
   <trkpt lat="35.5740740" lon="139.4983660">
    <ele>37.2</ele>
    <time>2023-10-28T23:53:39Z</time>
   </trkpt>
   <trkpt lat="35.5740410" lon="139.4983630">
    <ele>37.6</ele>
    <time>2023-10-28T23:53:40Z</time>
   </trkpt>
   <trkpt lat="35.5740130" lon="139.4983620">
    <ele>37.9</ele>
    <time>2023-10-28T23:53:41Z</time>
   </trkpt>
   <trkpt lat="35.5739760" lon="139.4983870">
    <ele>38.4</ele>
    <time>2023-10-28T23:53:42Z</time>
   </trkpt>
   <trkpt lat="35.5739500" lon="139.4984000">
    <ele>38.8</ele>
    <time>2023-10-28T23:53:43Z</time>
   </trkpt>
   <trkpt lat="35.5739220" lon="139.4983830">
    <ele>39.2</ele>
    <time>2023-10-28T23:53:44Z</time>
   </trkpt>
   <trkpt lat="35.5738890" lon="139.4983700">
    <ele>39.6</ele>
    <time>2023-10-28T23:53:45Z</time>
   </trkpt>
   <trkpt lat="35.5738790" lon="139.4983620">
    <ele>39.7</ele>
    <time>2023-10-28T23:53:46Z</time>
   </trkpt>
   <trkpt lat="35.5738400" lon="139.4983600">
    <ele>40.1</ele>
    <time>2023-10-28T23:53:47Z</time>
   </trkpt>
   <trkpt lat="35.5738280" lon="139.4983560">
    <ele>40.3</ele>
    <time>2023-10-28T23:53:48Z</time>
   </trkpt>
   <trkpt lat="35.5737950" lon="139.4983350">
    <ele>40.6</ele>
    <time>2023-10-28T23:53:49Z</time>
   </trkpt>
   <trkpt lat="35.5737850" lon="139.4983290">
    <ele>40.7</ele>
    <time>2023-10-28T23:53:50Z</time>
   </trkpt>
   <trkpt lat="35.5737710" lon="139.4983090">
    <ele>41.0</ele>
    <time>2023-10-28T23:53:51Z</time>
   </trkpt>
   <trkpt lat="35.5739030" lon="139.4983970">
    <ele>39.1</ele>
    <time>2023-10-28T23:54:03Z</time>
   </trkpt>
   <trkpt lat="35.5739280" lon="139.4984100">
    <ele>38.8</ele>
    <time>2023-10-28T23:54:04Z</time>
   </trkpt>
   <trkpt lat="35.5739570" lon="139.4983900">
    <ele>38.4</ele>
    <time>2023-10-28T23:54:05Z</time>
   </trkpt>
   <trkpt lat="35.5739710" lon="139.4983880">
    <ele>38.2</ele>
    <time>2023-10-28T23:54:06Z</time>
   </trkpt>
   <trkpt lat="35.5739890" lon="139.4983860">
    <ele>38.0</ele>
    <time>2023-10-28T23:54:07Z</time>
   </trkpt>
   <trkpt lat="35.5740200" lon="139.4983840">
    <ele>37.6</ele>
    <time>2023-10-28T23:54:08Z</time>
   </trkpt>
   <trkpt lat="35.5740560" lon="139.4983820">
    <ele>37.2</ele>
    <time>2023-10-28T23:54:09Z</time>
   </trkpt>
   <trkpt lat="35.5740780" lon="139.4983850">
    <ele>36.9</ele>
    <time>2023-10-28T23:54:10Z</time>
   </trkpt>
   <trkpt lat="35.5741200" lon="139.4983920">
    <ele>36.5</ele>
    <time>2023-10-28T23:54:11Z</time>
   </trkpt>
   <trkpt lat="35.5741480" lon="139.4983940">
    <ele>36.3</ele>
    <time>2023-10-28T23:54:12Z</time>
   </trkpt>
   <trkpt lat="35.5741830" lon="139.4984080">
    <ele>35.9</ele>
    <time>2023-10-28T23:54:13Z</time>
   </trkpt>
   <trkpt lat="35.5742120" lon="139.4984190">
    <ele>35.7</ele>
    <time>2023-10-28T23:54:14Z</time>
   </trkpt>
   <trkpt lat="35.5742450" lon="139.4984270">
    <ele>35.4</ele>
    <time>2023-10-28T23:54:15Z</time>
   </trkpt>
   <trkpt lat="35.5742570" lon="139.4984340">
    <ele>35.3</ele>
    <time>2023-10-28T23:54:16Z</time>
   </trkpt>
   <trkpt lat="35.5742940" lon="139.4984620">
    <ele>35.1</ele>
    <time>2023-10-28T23:54:17Z</time>
   </trkpt>
   <trkpt lat="35.5743070" lon="139.4984740">
    <ele>34.5</ele>
    <time>2023-10-28T23:54:18Z</time>
   </trkpt>
   <trkpt lat="35.5743310" lon="139.4985090">
    <ele>34.5</ele>
    <time>2023-10-28T23:54:19Z</time>
   </trkpt>
   <trkpt lat="35.5743340" lon="139.4985240">
    <ele>34.6</ele>
    <time>2023-10-28T23:54:20Z</time>
   </trkpt>
   <trkpt lat="35.5743070" lon="139.4985510">
    <ele>34.6</ele>
    <time>2023-10-28T23:54:21Z</time>
   </trkpt>
   <trkpt lat="35.5742910" lon="139.4985600">
    <ele>34.7</ele>
    <time>2023-10-28T23:54:22Z</time>
   </trkpt>
   <trkpt lat="35.5742650" lon="139.4985710">
    <ele>34.7</ele>
    <time>2023-10-28T23:54:23Z</time>
   </trkpt>
   <trkpt lat="35.5742410" lon="139.4986070">
    <ele>34.8</ele>
    <time>2023-10-28T23:54:24Z</time>
   </trkpt>
   <trkpt lat="35.5742330" lon="139.4986190">
    <ele>34.8</ele>
    <time>2023-10-28T23:54:25Z</time>
   </trkpt>
   <trkpt lat="35.5742030" lon="139.4986480">
    <ele>34.9</ele>
    <time>2023-10-28T23:54:27Z</time>
   </trkpt>
   <trkpt lat="35.5741920" lon="139.4986570">
    <ele>34.9</ele>
    <time>2023-10-28T23:54:28Z</time>
   </trkpt>
   <trkpt lat="35.5741780" lon="139.4986880">
    <ele>35.0</ele>
    <time>2023-10-28T23:54:29Z</time>
   </trkpt>
   <trkpt lat="35.5741700" lon="139.4986960">
    <ele>35.0</ele>
    <time>2023-10-28T23:54:30Z</time>
   </trkpt>
   <trkpt lat="35.5741510" lon="139.4987230">
    <ele>35.1</ele>
    <time>2023-10-28T23:54:31Z</time>
   </trkpt>
   <trkpt lat="35.5741280" lon="139.4987620">
    <ele>35.2</ele>
    <time>2023-10-28T23:54:32Z</time>
   </trkpt>
   <trkpt lat="35.5741170" lon="139.4987750">
    <ele>35.2</ele>
    <time>2023-10-28T23:54:33Z</time>
   </trkpt>
   <trkpt lat="35.5740980" lon="139.4988000">
    <ele>35.2</ele>
    <time>2023-10-28T23:54:34Z</time>
   </trkpt>
   <trkpt lat="35.5740650" lon="139.4988330">
    <ele>35.3</ele>
    <time>2023-10-28T23:54:35Z</time>
   </trkpt>
   <trkpt lat="35.5740490" lon="139.4988440">
    <ele>35.4</ele>
    <time>2023-10-28T23:54:36Z</time>
   </trkpt>
   <trkpt lat="35.5740160" lon="139.4988600">
    <ele>35.5</ele>
    <time>2023-10-28T23:54:37Z</time>
   </trkpt>
   <trkpt lat="35.5739860" lon="139.4988830">
    <ele>35.5</ele>
    <time>2023-10-28T23:54:38Z</time>
   </trkpt>
   <trkpt lat="35.5739770" lon="139.4988970">
    <ele>35.5</ele>
    <time>2023-10-28T23:54:39Z</time>
   </trkpt>
   <trkpt lat="35.5739530" lon="139.4989180">
    <ele>35.6</ele>
    <time>2023-10-28T23:54:40Z</time>
   </trkpt>
   <trkpt lat="35.5739310" lon="139.4989390">
    <ele>35.7</ele>
    <time>2023-10-28T23:54:41Z</time>
   </trkpt>
   <trkpt lat="35.5739000" lon="139.4989510">
    <ele>35.7</ele>
    <time>2023-10-28T23:54:42Z</time>
   </trkpt>
   <trkpt lat="35.5738730" lon="139.4989530">
    <ele>35.8</ele>
    <time>2023-10-28T23:54:43Z</time>
   </trkpt>
   <trkpt lat="35.5738320" lon="139.4989500">
    <ele>35.8</ele>
    <time>2023-10-28T23:54:44Z</time>
   </trkpt>
   <trkpt lat="35.5738190" lon="139.4989450">
    <ele>35.9</ele>
    <time>2023-10-28T23:54:45Z</time>
   </trkpt>
   <trkpt lat="35.5737900" lon="139.4989490">
    <ele>35.9</ele>
    <time>2023-10-28T23:54:46Z</time>
   </trkpt>
   <trkpt lat="35.5737620" lon="139.4989460">
    <ele>36.0</ele>
    <time>2023-10-28T23:54:47Z</time>
   </trkpt>
   <trkpt lat="35.5737340" lon="139.4989360">
    <ele>36.1</ele>
    <time>2023-10-28T23:54:48Z</time>
   </trkpt>
   <trkpt lat="35.5737060" lon="139.4989200">
    <ele>36.1</ele>
    <time>2023-10-28T23:54:49Z</time>
   </trkpt>
   <trkpt lat="35.5736790" lon="139.4989250">
    <ele>36.2</ele>
    <time>2023-10-28T23:54:50Z</time>
   </trkpt>
   <trkpt lat="35.5736420" lon="139.4989180">
    <ele>36.3</ele>
    <time>2023-10-28T23:54:51Z</time>
   </trkpt>
   <trkpt lat="35.5736280" lon="139.4989100">
    <ele>36.3</ele>
    <time>2023-10-28T23:54:52Z</time>
   </trkpt>
   <trkpt lat="35.5735980" lon="139.4989070">
    <ele>36.4</ele>
    <time>2023-10-28T23:54:53Z</time>
   </trkpt>
   <trkpt lat="35.5735680" lon="139.4988990">
    <ele>36.5</ele>
    <time>2023-10-28T23:54:54Z</time>
   </trkpt>
   <trkpt lat="35.5735270" lon="139.4988910">
    <ele>36.6</ele>
    <time>2023-10-28T23:54:55Z</time>
   </trkpt>
   <trkpt lat="35.5735110" lon="139.4988860">
    <ele>36.6</ele>
    <time>2023-10-28T23:54:56Z</time>
   </trkpt>
   <trkpt lat="35.5734710" lon="139.4988810">
    <ele>36.7</ele>
    <time>2023-10-28T23:54:57Z</time>
   </trkpt>
   <trkpt lat="35.5734570" lon="139.4988790">
    <ele>36.8</ele>
    <time>2023-10-28T23:54:58Z</time>
   </trkpt>
   <trkpt lat="35.5734280" lon="139.4988750">
    <ele>36.9</ele>
    <time>2023-10-28T23:54:59Z</time>
   </trkpt>
   <trkpt lat="35.5733990" lon="139.4988690">
    <ele>36.9</ele>
    <time>2023-10-28T23:55:00Z</time>
   </trkpt>
   <trkpt lat="35.5733730" lon="139.4988560">
    <ele>37.0</ele>
    <time>2023-10-28T23:55:01Z</time>
   </trkpt>
   <trkpt lat="35.5733490" lon="139.4988410">
    <ele>37.1</ele>
    <time>2023-10-28T23:55:02Z</time>
   </trkpt>
   <trkpt lat="35.5733110" lon="139.4987770">
    <ele>37.3</ele>
    <time>2023-10-28T23:55:03Z</time>
   </trkpt>
   <trkpt lat="35.5732880" lon="139.4987600">
    <ele>37.3</ele>
    <time>2023-10-28T23:55:04Z</time>
   </trkpt>
   <trkpt lat="35.5732660" lon="139.4987390">
    <ele>37.4</ele>
    <time>2023-10-28T23:55:05Z</time>
   </trkpt>
   <trkpt lat="35.5732300" lon="139.4987130">
    <ele>37.5</ele>
    <time>2023-10-28T23:55:06Z</time>
   </trkpt>
   <trkpt lat="35.5732150" lon="139.4987050">
    <ele>37.6</ele>
    <time>2023-10-28T23:55:07Z</time>
   </trkpt>
   <trkpt lat="35.5731920" lon="139.4986870">
    <ele>37.6</ele>
    <time>2023-10-28T23:55:08Z</time>
   </trkpt>
   <trkpt lat="35.5731590" lon="139.4986550">
    <ele>37.7</ele>
    <time>2023-10-28T23:55:09Z</time>
   </trkpt>
   <trkpt lat="35.5731460" lon="139.4986440">
    <ele>37.8</ele>
    <time>2023-10-28T23:55:10Z</time>
   </trkpt>
   <trkpt lat="35.5731280" lon="139.4986310">
    <ele>37.8</ele>
    <time>2023-10-28T23:55:11Z</time>
   </trkpt>
   <trkpt lat="35.5730180" lon="139.4985880">
    <ele>38.1</ele>
    <time>2023-10-28T23:55:21Z</time>
   </trkpt>
   <trkpt lat="35.5729880" lon="139.4985750">
    <ele>38.1</ele>
    <time>2023-10-28T23:55:22Z</time>
   </trkpt>
   <trkpt lat="35.5729590" lon="139.4985660">
    <ele>38.2</ele>
    <time>2023-10-28T23:55:23Z</time>
   </trkpt>
   <trkpt lat="35.5729300" lon="139.4985530">
    <ele>38.2</ele>
    <time>2023-10-28T23:55:24Z</time>
   </trkpt>
   <trkpt lat="35.5729010" lon="139.4985440">
    <ele>38.3</ele>
    <time>2023-10-28T23:55:25Z</time>
   </trkpt>
   <trkpt lat="35.5728640" lon="139.4985500">
    <ele>38.4</ele>
    <time>2023-10-28T23:55:26Z</time>
   </trkpt>
   <trkpt lat="35.5728260" lon="139.4985500">
    <ele>38.5</ele>
    <time>2023-10-28T23:55:27Z</time>
   </trkpt>
   <trkpt lat="35.5727960" lon="139.4985360">
    <ele>38.5</ele>
    <time>2023-10-28T23:55:28Z</time>
   </trkpt>
   <trkpt lat="35.5727680" lon="139.4985210">
    <ele>38.6</ele>
    <time>2023-10-28T23:55:29Z</time>
   </trkpt>
   <trkpt lat="35.5727260" lon="139.4985210">
    <ele>38.7</ele>
    <time>2023-10-28T23:55:30Z</time>
   </trkpt>
   <trkpt lat="35.5727100" lon="139.4985210">
    <ele>38.8</ele>
    <time>2023-10-28T23:55:31Z</time>
   </trkpt>
   <trkpt lat="35.5726710" lon="139.4985100">
    <ele>38.9</ele>
    <time>2023-10-28T23:55:32Z</time>
   </trkpt>
   <trkpt lat="35.5726580" lon="139.4985060">
    <ele>38.9</ele>
    <time>2023-10-28T23:55:33Z</time>
   </trkpt>
   <trkpt lat="35.5726300" lon="139.4985140">
    <ele>39.0</ele>
    <time>2023-10-28T23:55:34Z</time>
   </trkpt>
   <trkpt lat="35.5726000" lon="139.4985110">
    <ele>39.1</ele>
    <time>2023-10-28T23:55:35Z</time>
   </trkpt>
   <trkpt lat="35.5725680" lon="139.4985170">
    <ele>39.2</ele>
    <time>2023-10-28T23:55:36Z</time>
   </trkpt>
   <trkpt lat="35.5725420" lon="139.4985240">
    <ele>39.2</ele>
    <time>2023-10-28T23:55:37Z</time>
   </trkpt>
   <trkpt lat="35.5725150" lon="139.4985380">
    <ele>39.3</ele>
    <time>2023-10-28T23:55:38Z</time>
   </trkpt>
   <trkpt lat="35.5724840" lon="139.4985390">
    <ele>39.4</ele>
    <time>2023-10-28T23:55:39Z</time>
   </trkpt>
   <trkpt lat="35.5724490" lon="139.4985440">
    <ele>39.5</ele>
    <time>2023-10-28T23:55:40Z</time>
   </trkpt>
   <trkpt lat="35.5724370" lon="139.4985420">
    <ele>39.5</ele>
    <time>2023-10-28T23:55:41Z</time>
   </trkpt>
   <trkpt lat="35.5723990" lon="139.4985330">
    <ele>39.6</ele>
    <time>2023-10-28T23:55:42Z</time>
   </trkpt>
   <trkpt lat="35.5723860" lon="139.4985320">
    <ele>39.7</ele>
    <time>2023-10-28T23:55:43Z</time>
   </trkpt>
   <trkpt lat="35.5723440" lon="139.4985290">
    <ele>39.8</ele>
    <time>2023-10-28T23:55:44Z</time>
   </trkpt>
   <trkpt lat="35.5723290" lon="139.4985320">
    <ele>39.8</ele>
    <time>2023-10-28T23:55:45Z</time>
   </trkpt>
   <trkpt lat="35.5722930" lon="139.4985230">
    <ele>39.9</ele>
    <time>2023-10-28T23:55:46Z</time>
   </trkpt>
   <trkpt lat="35.5722540" lon="139.4985320">
    <ele>39.9</ele>
    <time>2023-10-28T23:55:47Z</time>
   </trkpt>
   <trkpt lat="35.5722400" lon="139.4985360">
    <ele>40.0</ele>
    <time>2023-10-28T23:55:48Z</time>
   </trkpt>
   <trkpt lat="35.5722090" lon="139.4985440">
    <ele>40.0</ele>
    <time>2023-10-28T23:55:49Z</time>
   </trkpt>
   <trkpt lat="35.5721780" lon="139.4985440">
    <ele>40.1</ele>
    <time>2023-10-28T23:55:50Z</time>
   </trkpt>
   <trkpt lat="35.5721410" lon="139.4985620">
    <ele>40.1</ele>
    <time>2023-10-28T23:55:51Z</time>
   </trkpt>
   <trkpt lat="35.5721270" lon="139.4985690">
    <ele>40.1</ele>
    <time>2023-10-28T23:55:52Z</time>
   </trkpt>
   <trkpt lat="35.5721060" lon="139.4985890">
    <ele>40.2</ele>
    <time>2023-10-28T23:55:53Z</time>
   </trkpt>
   <trkpt lat="35.5720770" lon="139.4985970">
    <ele>40.2</ele>
    <time>2023-10-28T23:55:54Z</time>
   </trkpt>
   <trkpt lat="35.5720420" lon="139.4985990">
    <ele>40.3</ele>
    <time>2023-10-28T23:55:55Z</time>
   </trkpt>
   <trkpt lat="35.5720000" lon="139.4985970">
    <ele>40.3</ele>
    <time>2023-10-28T23:55:56Z</time>
   </trkpt>
   <trkpt lat="35.5719850" lon="139.4985930">
    <ele>40.3</ele>
    <time>2023-10-28T23:55:57Z</time>
   </trkpt>
   <trkpt lat="35.5719560" lon="139.4985970">
    <ele>40.4</ele>
    <time>2023-10-28T23:55:58Z</time>
   </trkpt>
   <trkpt lat="35.5719190" lon="139.4985830">
    <ele>40.5</ele>
    <time>2023-10-28T23:55:59Z</time>
   </trkpt>
   <trkpt lat="35.5719070" lon="139.4985730">
    <ele>40.5</ele>
    <time>2023-10-28T23:56:00Z</time>
   </trkpt>
   <trkpt lat="35.5718820" lon="139.4985420">
    <ele>40.6</ele>
    <time>2023-10-28T23:56:01Z</time>
   </trkpt>
   <trkpt lat="35.5718470" lon="139.4985450">
    <ele>40.6</ele>
    <time>2023-10-28T23:56:02Z</time>
   </trkpt>
   <trkpt lat="35.5718160" lon="139.4985150">
    <ele>40.7</ele>
    <time>2023-10-28T23:56:03Z</time>
   </trkpt>
   <trkpt lat="35.5717940" lon="139.4984800">
    <ele>40.7</ele>
    <time>2023-10-28T23:56:04Z</time>
   </trkpt>
   <trkpt lat="35.5717860" lon="139.4984670">
    <ele>40.8</ele>
    <time>2023-10-28T23:56:05Z</time>
   </trkpt>
   <trkpt lat="35.5717480" lon="139.4984510">
    <ele>40.8</ele>
    <time>2023-10-28T23:56:06Z</time>
   </trkpt>
   <trkpt lat="35.5717350" lon="139.4984430">
    <ele>40.9</ele>
    <time>2023-10-28T23:56:07Z</time>
   </trkpt>
   <trkpt lat="35.5717080" lon="139.4984300">
    <ele>40.9</ele>
    <time>2023-10-28T23:56:08Z</time>
   </trkpt>
   <trkpt lat="35.5716980" lon="139.4984180">
    <ele>41.0</ele>
    <time>2023-10-28T23:56:09Z</time>
   </trkpt>
   <trkpt lat="35.5716650" lon="139.4983890">
    <ele>41.0</ele>
    <time>2023-10-28T23:56:10Z</time>
   </trkpt>
   <trkpt lat="35.5716530" lon="139.4983820">
    <ele>41.1</ele>
    <time>2023-10-28T23:56:11Z</time>
   </trkpt>
   <trkpt lat="35.5716320" lon="139.4983560">
    <ele>41.1</ele>
    <time>2023-10-28T23:56:12Z</time>
   </trkpt>
   <trkpt lat="35.5716070" lon="139.4983340">
    <ele>41.2</ele>
    <time>2023-10-28T23:56:13Z</time>
   </trkpt>
   <trkpt lat="35.5715700" lon="139.4983180">
    <ele>41.2</ele>
    <time>2023-10-28T23:56:14Z</time>
   </trkpt>
   <trkpt lat="35.5715560" lon="139.4983150">
    <ele>41.3</ele>
    <time>2023-10-28T23:56:15Z</time>
   </trkpt>
   <trkpt lat="35.5715340" lon="139.4982860">
    <ele>41.4</ele>
    <time>2023-10-28T23:56:16Z</time>
   </trkpt>
   <trkpt lat="35.5714960" lon="139.4982720">
    <ele>41.4</ele>
    <time>2023-10-28T23:56:17Z</time>
   </trkpt>
   <trkpt lat="35.5714810" lon="139.4982710">
    <ele>41.5</ele>
    <time>2023-10-28T23:56:18Z</time>
   </trkpt>
   <trkpt lat="35.5714430" lon="139.4982590">
    <ele>41.6</ele>
    <time>2023-10-28T23:56:19Z</time>
   </trkpt>
   <trkpt lat="35.5714310" lon="139.4982500">
    <ele>41.6</ele>
    <time>2023-10-28T23:56:20Z</time>
   </trkpt>
   <trkpt lat="35.5714040" lon="139.4982550">
    <ele>41.7</ele>
    <time>2023-10-28T23:56:21Z</time>
   </trkpt>
   <trkpt lat="35.5713750" lon="139.4982390">
    <ele>41.8</ele>
    <time>2023-10-28T23:56:22Z</time>
   </trkpt>
   <trkpt lat="35.5713620" lon="139.4982070">
    <ele>41.8</ele>
    <time>2023-10-28T23:56:23Z</time>
   </trkpt>
   <trkpt lat="35.5713390" lon="139.4981820">
    <ele>41.9</ele>
    <time>2023-10-28T23:56:24Z</time>
   </trkpt>
   <trkpt lat="35.5712240" lon="139.4981690">
    <ele>42.3</ele>
    <time>2023-10-28T23:56:30Z</time>
   </trkpt>
   <trkpt lat="35.5712010" lon="139.4981730">
    <ele>42.3</ele>
    <time>2023-10-28T23:56:31Z</time>
   </trkpt>
   <trkpt lat="35.5711780" lon="139.4981540">
    <ele>42.4</ele>
    <time>2023-10-28T23:56:33Z</time>
   </trkpt>
   <trkpt lat="35.5711380" lon="139.4981390">
    <ele>42.6</ele>
    <time>2023-10-28T23:56:34Z</time>
   </trkpt>
   <trkpt lat="35.5711230" lon="139.4981370">
    <ele>42.6</ele>
    <time>2023-10-28T23:56:35Z</time>
   </trkpt>
   <trkpt lat="35.5710850" lon="139.4981190">
    <ele>42.7</ele>
    <time>2023-10-28T23:56:36Z</time>
   </trkpt>
   <trkpt lat="35.5710740" lon="139.4981090">
    <ele>42.8</ele>
    <time>2023-10-28T23:56:37Z</time>
   </trkpt>
   <trkpt lat="35.5710450" lon="139.4981010">
    <ele>42.9</ele>
    <time>2023-10-28T23:56:38Z</time>
   </trkpt>
   <trkpt lat="35.5710110" lon="139.4980800">
    <ele>43.0</ele>
    <time>2023-10-28T23:56:39Z</time>
   </trkpt>
   <trkpt lat="35.5709830" lon="139.4980690">
    <ele>43.1</ele>
    <time>2023-10-28T23:56:40Z</time>
   </trkpt>
   <trkpt lat="35.5709490" lon="139.4980650">
    <ele>43.2</ele>
    <time>2023-10-28T23:56:41Z</time>
   </trkpt>
   <trkpt lat="35.5709200" lon="139.4980500">
    <ele>43.3</ele>
    <time>2023-10-28T23:56:42Z</time>
   </trkpt>
   <trkpt lat="35.5708940" lon="139.4980330">
    <ele>43.4</ele>
    <time>2023-10-28T23:56:43Z</time>
   </trkpt>
   <trkpt lat="35.5708560" lon="139.4980230">
    <ele>43.6</ele>
    <time>2023-10-28T23:56:44Z</time>
   </trkpt>
   <trkpt lat="35.5708400" lon="139.4980260">
    <ele>43.6</ele>
    <time>2023-10-28T23:56:45Z</time>
   </trkpt>
   <trkpt lat="35.5708060" lon="139.4980350">
    <ele>43.8</ele>
    <time>2023-10-28T23:56:46Z</time>
   </trkpt>
   <trkpt lat="35.5707780" lon="139.4980260">
    <ele>43.9</ele>
    <time>2023-10-28T23:56:47Z</time>
   </trkpt>
   <trkpt lat="35.5707450" lon="139.4980230">
    <ele>44.0</ele>
    <time>2023-10-28T23:56:48Z</time>
   </trkpt>
   <trkpt lat="35.5707100" lon="139.4980190">
    <ele>44.1</ele>
    <time>2023-10-28T23:56:49Z</time>
   </trkpt>
   <trkpt lat="35.5706980" lon="139.4980190">
    <ele>44.1</ele>
    <time>2023-10-28T23:56:50Z</time>
   </trkpt>
   <trkpt lat="35.5706690" lon="139.4980150">
    <ele>44.2</ele>
    <time>2023-10-28T23:56:51Z</time>
   </trkpt>
   <trkpt lat="35.5706420" lon="139.4980210">
    <ele>44.3</ele>
    <time>2023-10-28T23:56:52Z</time>
   </trkpt>
   <trkpt lat="35.5706080" lon="139.4980210">
    <ele>44.5</ele>
    <time>2023-10-28T23:56:53Z</time>
   </trkpt>
   <trkpt lat="35.5705960" lon="139.4980220">
    <ele>44.5</ele>
    <time>2023-10-28T23:56:54Z</time>
   </trkpt>
   <trkpt lat="35.5705660" lon="139.4980150">
    <ele>44.6</ele>
    <time>2023-10-28T23:56:55Z</time>
   </trkpt>
   <trkpt lat="35.5705280" lon="139.4979850">
    <ele>44.8</ele>
    <time>2023-10-28T23:56:56Z</time>
   </trkpt>
   <trkpt lat="35.5705050" lon="139.4979780">
    <ele>44.9</ele>
    <time>2023-10-28T23:56:57Z</time>
   </trkpt>
   <trkpt lat="35.5704870" lon="139.4979530">
    <ele>45.0</ele>
    <time>2023-10-28T23:56:58Z</time>
   </trkpt>
   <trkpt lat="35.5704570" lon="139.4979340">
    <ele>45.1</ele>
    <time>2023-10-28T23:56:59Z</time>
   </trkpt>
   <trkpt lat="35.5704470" lon="139.4979280">
    <ele>45.2</ele>
    <time>2023-10-28T23:57:00Z</time>
   </trkpt>
   <trkpt lat="35.5704310" lon="139.4979180">
    <ele>45.2</ele>
    <time>2023-10-28T23:57:01Z</time>
   </trkpt>
   <trkpt lat="35.5704140" lon="139.4979110">
    <ele>45.3</ele>
    <time>2023-10-28T23:57:02Z</time>
   </trkpt>
   <trkpt lat="35.5703950" lon="139.4978860">
    <ele>45.4</ele>
    <time>2023-10-28T23:57:03Z</time>
   </trkpt>
   <trkpt lat="35.5703640" lon="139.4978680">
    <ele>45.6</ele>
    <time>2023-10-28T23:57:04Z</time>
   </trkpt>
   <trkpt lat="35.5703540" lon="139.4978640">
    <ele>45.6</ele>
    <time>2023-10-28T23:57:05Z</time>
   </trkpt>
   <trkpt lat="35.5703340" lon="139.4978270">
    <ele>45.8</ele>
    <time>2023-10-28T23:57:06Z</time>
   </trkpt>
   <trkpt lat="35.5703270" lon="139.4978120">
    <ele>45.8</ele>
    <time>2023-10-28T23:57:07Z</time>
   </trkpt>
   <trkpt lat="35.5703020" lon="139.4977780">
    <ele>46.0</ele>
    <time>2023-10-28T23:57:08Z</time>
   </trkpt>
   <trkpt lat="35.5702910" lon="139.4977650">
    <ele>46.1</ele>
    <time>2023-10-28T23:57:09Z</time>
   </trkpt>
   <trkpt lat="35.5702620" lon="139.4977300">
    <ele>46.3</ele>
    <time>2023-10-28T23:57:10Z</time>
   </trkpt>
   <trkpt lat="35.5702490" lon="139.4977200">
    <ele>46.3</ele>
    <time>2023-10-28T23:57:11Z</time>
   </trkpt>
   <trkpt lat="35.5702210" lon="139.4976930">
    <ele>46.5</ele>
    <time>2023-10-28T23:57:12Z</time>
   </trkpt>
   <trkpt lat="35.5702130" lon="139.4976840">
    <ele>46.5</ele>
    <time>2023-10-28T23:57:13Z</time>
   </trkpt>
   <trkpt lat="35.5701920" lon="139.4976610">
    <ele>46.7</ele>
    <time>2023-10-28T23:57:14Z</time>
   </trkpt>
   <trkpt lat="35.5701710" lon="139.4976260">
    <ele>46.8</ele>
    <time>2023-10-28T23:57:15Z</time>
   </trkpt>
   <trkpt lat="35.5701680" lon="139.4976130">
    <ele>46.9</ele>
    <time>2023-10-28T23:57:16Z</time>
   </trkpt>
   <trkpt lat="35.5701480" lon="139.4975880">
    <ele>47.0</ele>
    <time>2023-10-28T23:57:17Z</time>
   </trkpt>
   <trkpt lat="35.5701270" lon="139.4975490">
    <ele>47.2</ele>
    <time>2023-10-28T23:57:18Z</time>
   </trkpt>
   <trkpt lat="35.5701190" lon="139.4975360">
    <ele>47.3</ele>
    <time>2023-10-28T23:57:19Z</time>
   </trkpt>
   <trkpt lat="35.5701010" lon="139.4975010">
    <ele>47.5</ele>
    <time>2023-10-28T23:57:20Z</time>
   </trkpt>
   <trkpt lat="35.5700960" lon="139.4974890">
    <ele>47.5</ele>
    <time>2023-10-28T23:57:21Z</time>
   </trkpt>
   <trkpt lat="35.5700830" lon="139.4974570">
    <ele>47.7</ele>
    <time>2023-10-28T23:57:22Z</time>
   </trkpt>
   <trkpt lat="35.5700750" lon="139.4974460">
    <ele>47.7</ele>
    <time>2023-10-28T23:57:23Z</time>
   </trkpt>
   <trkpt lat="35.5700530" lon="139.4974130">
    <ele>47.9</ele>
    <time>2023-10-28T23:57:24Z</time>
   </trkpt>
   <trkpt lat="35.5700460" lon="139.4974020">
    <ele>48.0</ele>
    <time>2023-10-28T23:57:25Z</time>
   </trkpt>
   <trkpt lat="35.5700240" lon="139.4973630">
    <ele>48.2</ele>
    <time>2023-10-28T23:57:26Z</time>
   </trkpt>
   <trkpt lat="35.5700140" lon="139.4973500">
    <ele>48.3</ele>
    <time>2023-10-28T23:57:27Z</time>
   </trkpt>
   <trkpt lat="35.5699980" lon="139.4973120">
    <ele>48.5</ele>
    <time>2023-10-28T23:57:28Z</time>
   </trkpt>
   <trkpt lat="35.5699920" lon="139.4973010">
    <ele>48.6</ele>
    <time>2023-10-28T23:57:29Z</time>
   </trkpt>
   <trkpt lat="35.5699740" lon="139.4972580">
    <ele>48.9</ele>
    <time>2023-10-28T23:57:30Z</time>
   </trkpt>
   <trkpt lat="35.5699690" lon="139.4972410">
    <ele>49.0</ele>
    <time>2023-10-28T23:57:31Z</time>
   </trkpt>
   <trkpt lat="35.5699570" lon="139.4972100">
    <ele>49.2</ele>
    <time>2023-10-28T23:57:32Z</time>
   </trkpt>
   <trkpt lat="35.5699390" lon="139.4971790">
    <ele>49.5</ele>
    <time>2023-10-28T23:57:33Z</time>
   </trkpt>
   <trkpt lat="35.5699310" lon="139.4971650">
    <ele>49.6</ele>
    <time>2023-10-28T23:57:34Z</time>
   </trkpt>
   <trkpt lat="35.5699120" lon="139.4971310">
    <ele>49.9</ele>
    <time>2023-10-28T23:57:35Z</time>
   </trkpt>
   <trkpt lat="35.5699010" lon="139.4971190">
    <ele>50.1</ele>
    <time>2023-10-28T23:57:36Z</time>
   </trkpt>
   <trkpt lat="35.5698680" lon="139.4971020">
    <ele>50.4</ele>
    <time>2023-10-28T23:57:37Z</time>
   </trkpt>
   <trkpt lat="35.5698580" lon="139.4970960">
    <ele>50.5</ele>
    <time>2023-10-28T23:57:38Z</time>
   </trkpt>
   <trkpt lat="35.5698310" lon="139.4970800">
    <ele>50.8</ele>
    <time>2023-10-28T23:57:39Z</time>
   </trkpt>
   <trkpt lat="35.5698100" lon="139.4970500">
    <ele>51.1</ele>
    <time>2023-10-28T23:57:40Z</time>
   </trkpt>
   <trkpt lat="35.5697740" lon="139.4970380">
    <ele>51.5</ele>
    <time>2023-10-28T23:57:41Z</time>
   </trkpt>
   <trkpt lat="35.5697610" lon="139.4970350">
    <ele>51.6</ele>
    <time>2023-10-28T23:57:42Z</time>
   </trkpt>
   <trkpt lat="35.5697210" lon="139.4970270">
    <ele>51.9</ele>
    <time>2023-10-28T23:57:43Z</time>
   </trkpt>
   <trkpt lat="35.5697040" lon="139.4970290">
    <ele>52.1</ele>
    <time>2023-10-28T23:57:44Z</time>
   </trkpt>
   <trkpt lat="35.5696730" lon="139.4970190">
    <ele>52.4</ele>
    <time>2023-10-28T23:57:45Z</time>
   </trkpt>
   <trkpt lat="35.5696630" lon="139.4970050">
    <ele>52.5</ele>
    <time>2023-10-28T23:57:46Z</time>
   </trkpt>
   <trkpt lat="35.5696310" lon="139.4969840">
    <ele>52.7</ele>
    <time>2023-10-28T23:57:47Z</time>
   </trkpt>
   <trkpt lat="35.5696200" lon="139.4969750">
    <ele>52.8</ele>
    <time>2023-10-28T23:57:48Z</time>
   </trkpt>
   <trkpt lat="35.5695880" lon="139.4969510">
    <ele>53.0</ele>
    <time>2023-10-28T23:57:49Z</time>
   </trkpt>
   <trkpt lat="35.5695750" lon="139.4969500">
    <ele>53.1</ele>
    <time>2023-10-28T23:57:50Z</time>
   </trkpt>
   <trkpt lat="35.5695430" lon="139.4969450">
    <ele>53.2</ele>
    <time>2023-10-28T23:57:51Z</time>
   </trkpt>
   <trkpt lat="35.5695160" lon="139.4969510">
    <ele>53.3</ele>
    <time>2023-10-28T23:57:52Z</time>
   </trkpt>
   <trkpt lat="35.5694830" lon="139.4969440">
    <ele>53.4</ele>
    <time>2023-10-28T23:57:53Z</time>
   </trkpt>
   <trkpt lat="35.5694720" lon="139.4969420">
    <ele>53.4</ele>
    <time>2023-10-28T23:57:54Z</time>
   </trkpt>
   <trkpt lat="35.5694150" lon="139.4969190">
    <ele>53.3</ele>
    <time>2023-10-28T23:57:55Z</time>
   </trkpt>
   <trkpt lat="35.5693820" lon="139.4969100">
    <ele>53.2</ele>
    <time>2023-10-28T23:57:56Z</time>
   </trkpt>
   <trkpt lat="35.5693500" lon="139.4969010">
    <ele>53.0</ele>
    <time>2023-10-28T23:58:02Z</time>
   </trkpt>
   <trkpt lat="35.5693170" lon="139.4968920">
    <ele>52.8</ele>
    <time>2023-10-28T23:58:03Z</time>
   </trkpt>
   <trkpt lat="35.5692840" lon="139.4968830">
    <ele>52.5</ele>
    <time>2023-10-28T23:58:04Z</time>
   </trkpt>
   <trkpt lat="35.5692550" lon="139.4968800">
    <ele>52.2</ele>
    <time>2023-10-28T23:58:05Z</time>
   </trkpt>
   <trkpt lat="35.5692140" lon="139.4968830">
    <ele>51.8</ele>
    <time>2023-10-28T23:58:06Z</time>
   </trkpt>
   <trkpt lat="35.5691800" lon="139.4968670">
    <ele>51.4</ele>
    <time>2023-10-28T23:58:07Z</time>
   </trkpt>
   <trkpt lat="35.5691630" lon="139.4968680">
    <ele>51.2</ele>
    <time>2023-10-28T23:58:08Z</time>
   </trkpt>
   <trkpt lat="35.5691280" lon="139.4968590">
    <ele>50.7</ele>
    <time>2023-10-28T23:58:09Z</time>
   </trkpt>
   <trkpt lat="35.5691090" lon="139.4968660">
    <ele>50.5</ele>
    <time>2023-10-28T23:58:10Z</time>
   </trkpt>
   <trkpt lat="35.5690890" lon="139.4968420">
    <ele>50.1</ele>
    <time>2023-10-28T23:58:11Z</time>
   </trkpt>
   <trkpt lat="35.5690580" lon="139.4968480">
    <ele>49.7</ele>
    <time>2023-10-28T23:58:12Z</time>
   </trkpt>
   <trkpt lat="35.5690260" lon="139.4968450">
    <ele>49.2</ele>
    <time>2023-10-28T23:58:13Z</time>
   </trkpt>
   <trkpt lat="35.5689970" lon="139.4968430">
    <ele>48.8</ele>
    <time>2023-10-28T23:58:14Z</time>
   </trkpt>
   <trkpt lat="35.5689700" lon="139.4968390">
    <ele>48.4</ele>
    <time>2023-10-28T23:58:15Z</time>
   </trkpt>
   <trkpt lat="35.5689300" lon="139.4968310">
    <ele>47.9</ele>
    <time>2023-10-28T23:58:16Z</time>
   </trkpt>
   <trkpt lat="35.5689110" lon="139.4968320">
    <ele>47.6</ele>
    <time>2023-10-28T23:58:17Z</time>
   </trkpt>
   <trkpt lat="35.5688770" lon="139.4968240">
    <ele>47.2</ele>
    <time>2023-10-28T23:58:18Z</time>
   </trkpt>
   <trkpt lat="35.5688670" lon="139.4968220">
    <ele>47.0</ele>
    <time>2023-10-28T23:58:19Z</time>
   </trkpt>
   <trkpt lat="35.5688400" lon="139.4968120">
    <ele>46.7</ele>
    <time>2023-10-28T23:58:20Z</time>
   </trkpt>
   <trkpt lat="35.5688120" lon="139.4968150">
    <ele>46.3</ele>
    <time>2023-10-28T23:58:21Z</time>
   </trkpt>
   <trkpt lat="35.5688020" lon="139.4968180">
    <ele>46.2</ele>
    <time>2023-10-28T23:58:22Z</time>
   </trkpt>
   <trkpt lat="35.5687680" lon="139.4968160">
    <ele>45.8</ele>
    <time>2023-10-28T23:58:23Z</time>
   </trkpt>
   <trkpt lat="35.5687560" lon="139.4968140">
    <ele>45.7</ele>
    <time>2023-10-28T23:58:24Z</time>
   </trkpt>
   <trkpt lat="35.5687240" lon="139.4968160">
    <ele>45.3</ele>
    <time>2023-10-28T23:58:25Z</time>
   </trkpt>
   <trkpt lat="35.5687110" lon="139.4968180">
    <ele>45.1</ele>
    <time>2023-10-28T23:58:26Z</time>
   </trkpt>
   <trkpt lat="35.5686790" lon="139.4968340">
    <ele>44.8</ele>
    <time>2023-10-28T23:58:27Z</time>
   </trkpt>
   <trkpt lat="35.5686370" lon="139.4968590">
    <ele>44.3</ele>
    <time>2023-10-28T23:58:28Z</time>
   </trkpt>
   <trkpt lat="35.5686190" lon="139.4968880">
    <ele>44.0</ele>
    <time>2023-10-28T23:58:29Z</time>
   </trkpt>
   <trkpt lat="35.5686130" lon="139.4969080">
    <ele>43.8</ele>
    <time>2023-10-28T23:58:30Z</time>
   </trkpt>
   <trkpt lat="35.5685850" lon="139.4969440">
    <ele>43.5</ele>
    <time>2023-10-28T23:58:31Z</time>
   </trkpt>
   <trkpt lat="35.5685690" lon="139.4969520">
    <ele>43.4</ele>
    <time>2023-10-28T23:58:32Z</time>
   </trkpt>
   <trkpt lat="35.5685410" lon="139.4969700">
    <ele>43.1</ele>
    <time>2023-10-28T23:58:33Z</time>
   </trkpt>
   <trkpt lat="35.5685340" lon="139.4969780">
    <ele>43.1</ele>
    <time>2023-10-28T23:58:34Z</time>
   </trkpt>
   <trkpt lat="35.5685070" lon="139.4970110">
    <ele>42.8</ele>
    <time>2023-10-28T23:58:35Z</time>
   </trkpt>
   <trkpt lat="35.5685010" lon="139.4970210">
    <ele>42.7</ele>
    <time>2023-10-28T23:58:36Z</time>
   </trkpt>
   <trkpt lat="35.5684680" lon="139.4970870">
    <ele>42.4</ele>
    <time>2023-10-28T23:58:38Z</time>
   </trkpt>
   <trkpt lat="35.5684480" lon="139.4971460">
    <ele>42.1</ele>
    <time>2023-10-28T23:58:48Z</time>
   </trkpt>
   <trkpt lat="35.5684280" lon="139.4972040">
    <ele>42.1</ele>
    <time>2023-10-28T23:58:49Z</time>
   </trkpt>
   <trkpt lat="35.5684170" lon="139.4972410">
    <ele>42.1</ele>
    <time>2023-10-28T23:58:50Z</time>
   </trkpt>
   <trkpt lat="35.5684070" lon="139.4972880">
    <ele>41.9</ele>
    <time>2023-10-28T23:58:51Z</time>
   </trkpt>
   <trkpt lat="35.5683990" lon="139.4973030">
    <ele>41.9</ele>
    <time>2023-10-28T23:58:52Z</time>
   </trkpt>
   <trkpt lat="35.5683660" lon="139.4973180">
    <ele>41.7</ele>
    <time>2023-10-28T23:58:53Z</time>
   </trkpt>
   <trkpt lat="35.5683480" lon="139.4973530">
    <ele>41.6</ele>
    <time>2023-10-28T23:58:54Z</time>
   </trkpt>
   <trkpt lat="35.5683310" lon="139.4973970">
    <ele>41.4</ele>
    <time>2023-10-28T23:58:55Z</time>
   </trkpt>
   <trkpt lat="35.5683260" lon="139.4974120">
    <ele>41.3</ele>
    <time>2023-10-28T23:58:56Z</time>
   </trkpt>
   <trkpt lat="35.5682930" lon="139.4974620">
    <ele>41.1</ele>
    <time>2023-10-28T23:58:57Z</time>
   </trkpt>
   <trkpt lat="35.5682680" lon="139.4974920">
    <ele>41.0</ele>
    <time>2023-10-28T23:58:58Z</time>
   </trkpt>
   <trkpt lat="35.5682440" lon="139.4975160">
    <ele>40.8</ele>
    <time>2023-10-28T23:58:59Z</time>
   </trkpt>
   <trkpt lat="35.5682240" lon="139.4975580">
    <ele>40.7</ele>
    <time>2023-10-28T23:59:00Z</time>
   </trkpt>
   <trkpt lat="35.5682160" lon="139.4975710">
    <ele>40.6</ele>
    <time>2023-10-28T23:59:01Z</time>
   </trkpt>
   <trkpt lat="35.5681980" lon="139.4976020">
    <ele>40.5</ele>
    <time>2023-10-28T23:59:02Z</time>
   </trkpt>
   <trkpt lat="35.5681760" lon="139.4976300">
    <ele>40.4</ele>
    <time>2023-10-28T23:59:03Z</time>
   </trkpt>
   <trkpt lat="35.5681590" lon="139.4976620">
    <ele>40.3</ele>
    <time>2023-10-28T23:59:04Z</time>
   </trkpt>
   <trkpt lat="35.5681420" lon="139.4976930">
    <ele>40.2</ele>
    <time>2023-10-28T23:59:05Z</time>
   </trkpt>
   <trkpt lat="35.5681310" lon="139.4977280">
    <ele>40.1</ele>
    <time>2023-10-28T23:59:06Z</time>
   </trkpt>
   <trkpt lat="35.5681050" lon="139.4977690">
    <ele>40.0</ele>
    <time>2023-10-28T23:59:07Z</time>
   </trkpt>
   <trkpt lat="35.5680950" lon="139.4977830">
    <ele>40.0</ele>
    <time>2023-10-28T23:59:08Z</time>
   </trkpt>
   <trkpt lat="35.5680760" lon="139.4978090">
    <ele>39.9</ele>
    <time>2023-10-28T23:59:09Z</time>
   </trkpt>
   <trkpt lat="35.5680560" lon="139.4978390">
    <ele>39.8</ele>
    <time>2023-10-28T23:59:10Z</time>
   </trkpt>
   <trkpt lat="35.5680460" lon="139.4978470">
    <ele>39.8</ele>
    <time>2023-10-28T23:59:11Z</time>
   </trkpt>
   <trkpt lat="35.5679780" lon="139.4979400">
    <ele>39.5</ele>
    <time>2023-10-28T23:59:12Z</time>
   </trkpt>
   <trkpt lat="35.5679350" lon="139.4980170">
    <ele>39.3</ele>
    <time>2023-10-28T23:59:20Z</time>
   </trkpt>
   <trkpt lat="35.5678930" lon="139.4980940">
    <ele>39.0</ele>
    <time>2023-10-28T23:59:21Z</time>
   </trkpt>
   <trkpt lat="35.5678720" lon="139.4981140">
    <ele>38.8</ele>
    <time>2023-10-28T23:59:22Z</time>
   </trkpt>
   <trkpt lat="35.5678610" lon="139.4981220">
    <ele>38.8</ele>
    <time>2023-10-28T23:59:23Z</time>
   </trkpt>
   <trkpt lat="35.5678410" lon="139.4981550">
    <ele>38.6</ele>
    <time>2023-10-28T23:59:24Z</time>
   </trkpt>
   <trkpt lat="35.5678370" lon="139.4981610">
    <ele>38.6</ele>
    <time>2023-10-28T23:59:25Z</time>
   </trkpt>
   <trkpt lat="35.5678130" lon="139.4981900">
    <ele>38.4</ele>
    <time>2023-10-28T23:59:26Z</time>
   </trkpt>
   <trkpt lat="35.5677940" lon="139.4981980">
    <ele>38.4</ele>
    <time>2023-10-28T23:59:27Z</time>
   </trkpt>
   <trkpt lat="35.5677790" lon="139.4982230">
    <ele>38.3</ele>
    <time>2023-10-28T23:59:28Z</time>
   </trkpt>
   <trkpt lat="35.5677740" lon="139.4982390">
    <ele>38.2</ele>
    <time>2023-10-28T23:59:29Z</time>
   </trkpt>
   <trkpt lat="35.5677660" lon="139.4982760">
    <ele>38.1</ele>
    <time>2023-10-28T23:59:30Z</time>
   </trkpt>
   <trkpt lat="35.5677600" lon="139.4983130">
    <ele>38.0</ele>
    <time>2023-10-28T23:59:31Z</time>
   </trkpt>
   <trkpt lat="35.5677580" lon="139.4983320">
    <ele>38.0</ele>
    <time>2023-10-28T23:59:32Z</time>
   </trkpt>
   <trkpt lat="35.5677600" lon="139.4983700">
    <ele>37.9</ele>
    <time>2023-10-28T23:59:33Z</time>
   </trkpt>
   <trkpt lat="35.5677610" lon="139.4983860">
    <ele>37.9</ele>
    <time>2023-10-28T23:59:34Z</time>
   </trkpt>
   <trkpt lat="35.5677580" lon="139.4984200">
    <ele>37.9</ele>
    <time>2023-10-28T23:59:35Z</time>
   </trkpt>
   <trkpt lat="35.5677530" lon="139.4984650">
    <ele>37.9</ele>
    <time>2023-10-28T23:59:36Z</time>
   </trkpt>
   <trkpt lat="35.5677510" lon="139.4984810">
    <ele>37.8</ele>
    <time>2023-10-28T23:59:37Z</time>
   </trkpt>
   <trkpt lat="35.5677490" lon="139.4985150">
    <ele>37.8</ele>
    <time>2023-10-28T23:59:38Z</time>
   </trkpt>
   <trkpt lat="35.5677470" lon="139.4985270">
    <ele>37.8</ele>
    <time>2023-10-28T23:59:39Z</time>
   </trkpt>
   <trkpt lat="35.5677440" lon="139.4985710">
    <ele>37.8</ele>
    <time>2023-10-28T23:59:40Z</time>
   </trkpt>
   <trkpt lat="35.5677440" lon="139.4985840">
    <ele>37.8</ele>
    <time>2023-10-28T23:59:41Z</time>
   </trkpt>
   <trkpt lat="35.5677420" lon="139.4986290">
    <ele>37.7</ele>
    <time>2023-10-28T23:59:42Z</time>
   </trkpt>
   <trkpt lat="35.5677410" lon="139.4986430">
    <ele>37.7</ele>
    <time>2023-10-28T23:59:43Z</time>
   </trkpt>
   <trkpt lat="35.5677410" lon="139.4986840">
    <ele>37.7</ele>
    <time>2023-10-28T23:59:44Z</time>
   </trkpt>
   <trkpt lat="35.5677410" lon="139.4986970">
    <ele>37.7</ele>
    <time>2023-10-28T23:59:45Z</time>
   </trkpt>
   <trkpt lat="35.5677360" lon="139.4987400">
    <ele>37.7</ele>
    <time>2023-10-28T23:59:46Z</time>
   </trkpt>
   <trkpt lat="35.5677340" lon="139.4987530">
    <ele>37.6</ele>
    <time>2023-10-28T23:59:47Z</time>
   </trkpt>
   <trkpt lat="35.5677440" lon="139.4987840">
    <ele>37.6</ele>
    <time>2023-10-28T23:59:48Z</time>
   </trkpt>
   <trkpt lat="35.5677460" lon="139.4988260">
    <ele>37.6</ele>
    <time>2023-10-28T23:59:49Z</time>
   </trkpt>
   <trkpt lat="35.5677490" lon="139.4988400">
    <ele>37.6</ele>
    <time>2023-10-28T23:59:50Z</time>
   </trkpt>
   <trkpt lat="35.5677520" lon="139.4988810">
    <ele>37.5</ele>
    <time>2023-10-28T23:59:51Z</time>
   </trkpt>
   <trkpt lat="35.5677610" lon="139.4988980">
    <ele>37.5</ele>
    <time>2023-10-28T23:59:52Z</time>
   </trkpt>
   <trkpt lat="35.5677640" lon="139.4989330">
    <ele>37.5</ele>
    <time>2023-10-28T23:59:53Z</time>
   </trkpt>
   <trkpt lat="35.5677640" lon="139.4989450">
    <ele>37.5</ele>
    <time>2023-10-28T23:59:54Z</time>
   </trkpt>
   <trkpt lat="35.5677630" lon="139.4989710">
    <ele>37.5</ele>
    <time>2023-10-28T23:59:55Z</time>
   </trkpt>
   <trkpt lat="35.5677680" lon="139.4989860">
    <ele>37.5</ele>
    <time>2023-10-28T23:59:56Z</time>
   </trkpt>
   <trkpt lat="35.5677720" lon="139.4990140">
    <ele>37.4</ele>
    <time>2023-10-28T23:59:57Z</time>
   </trkpt>
   <trkpt lat="35.5677740" lon="139.4990290">
    <ele>37.4</ele>
    <time>2023-10-28T23:59:58Z</time>
   </trkpt>
   <trkpt lat="35.5677880" lon="139.4990640">
    <ele>37.4</ele>
    <time>2023-10-28T23:59:59Z</time>
   </trkpt>
   <trkpt lat="35.5677920" lon="139.4990740">
    <ele>37.4</ele>
    <time>2023-10-29T00:00:00Z</time>
   </trkpt>
   <trkpt lat="35.5678140" lon="139.4991180">
    <ele>37.3</ele>
    <time>2023-10-29T00:00:01Z</time>
   </trkpt>
   <trkpt lat="35.5678210" lon="139.4991290">
    <ele>37.3</ele>
    <time>2023-10-29T00:00:02Z</time>
   </trkpt>
   <trkpt lat="35.5678350" lon="139.4991490">
    <ele>37.3</ele>
    <time>2023-10-29T00:00:03Z</time>
   </trkpt>
   <trkpt lat="35.5678460" lon="139.4991870">
    <ele>37.3</ele>
    <time>2023-10-29T00:00:04Z</time>
   </trkpt>
   <trkpt lat="35.5678500" lon="139.4992000">
    <ele>37.3</ele>
    <time>2023-10-29T00:00:05Z</time>
   </trkpt>
   <trkpt lat="35.5678620" lon="139.4992310">
    <ele>37.2</ele>
    <time>2023-10-29T00:00:06Z</time>
   </trkpt>
   <trkpt lat="35.5678660" lon="139.4992390">
    <ele>37.2</ele>
    <time>2023-10-29T00:00:07Z</time>
   </trkpt>
   <trkpt lat="35.5678730" lon="139.4992710">
    <ele>37.2</ele>
    <time>2023-10-29T00:00:08Z</time>
   </trkpt>
   <trkpt lat="35.5678770" lon="139.4992860">
    <ele>37.2</ele>
    <time>2023-10-29T00:00:09Z</time>
   </trkpt>
   <trkpt lat="35.5678770" lon="139.4993050">
    <ele>37.2</ele>
    <time>2023-10-29T00:00:10Z</time>
   </trkpt>
   <trkpt lat="35.5678620" lon="139.4993140">
    <ele>37.1</ele>
    <time>2023-10-29T00:00:11Z</time>
   </trkpt>
   <trkpt lat="35.5678480" lon="139.4993170">
    <ele>37.1</ele>
    <time>2023-10-29T00:00:12Z</time>
   </trkpt>
   <trkpt lat="35.5678340" lon="139.4993200">
    <ele>37.1</ele>
    <time>2023-10-29T00:00:14Z</time>
   </trkpt>
   <trkpt lat="35.5678200" lon="139.4993220">
    <ele>37.1</ele>
    <time>2023-10-29T00:00:15Z</time>
   </trkpt>
   <trkpt lat="35.5677900" lon="139.4993360">
    <ele>37.0</ele>
    <time>2023-10-29T00:00:16Z</time>
   </trkpt>
   <trkpt lat="35.5677720" lon="139.4993420">
    <ele>37.0</ele>
    <time>2023-10-29T00:00:17Z</time>
   </trkpt>
   <trkpt lat="35.5677430" lon="139.4993510">
    <ele>36.9</ele>
    <time>2023-10-29T00:00:18Z</time>
   </trkpt>
   <trkpt lat="35.5677210" lon="139.4993720">
    <ele>36.8</ele>
    <time>2023-10-29T00:00:19Z</time>
   </trkpt>
   <trkpt lat="35.5677120" lon="139.4993780">
    <ele>36.8</ele>
    <time>2023-10-29T00:00:20Z</time>
   </trkpt>
   <trkpt lat="35.5676960" lon="139.4993850">
    <ele>36.8</ele>
    <time>2023-10-29T00:00:21Z</time>
   </trkpt>
   <trkpt lat="35.5676810" lon="139.4993900">
    <ele>36.8</ele>
    <time>2023-10-29T00:00:22Z</time>
   </trkpt>
   <trkpt lat="35.5676420" lon="139.4994120">
    <ele>36.7</ele>
    <time>2023-10-29T00:00:23Z</time>
   </trkpt>
   <trkpt lat="35.5676130" lon="139.4994280">
    <ele>36.7</ele>
    <time>2023-10-29T00:00:24Z</time>
   </trkpt>
   <trkpt lat="35.5675850" lon="139.4994440">
    <ele>36.7</ele>
    <time>2023-10-29T00:00:32Z</time>
   </trkpt>
   <trkpt lat="35.5675560" lon="139.4994590">
    <ele>36.6</ele>
    <time>2023-10-29T00:00:33Z</time>
   </trkpt>
   <trkpt lat="35.5675270" lon="139.4994770">
    <ele>36.6</ele>
    <time>2023-10-29T00:00:34Z</time>
   </trkpt>
   <trkpt lat="35.5675080" lon="139.4994860">
    <ele>36.6</ele>
    <time>2023-10-29T00:00:35Z</time>
   </trkpt>
   <trkpt lat="35.5674950" lon="139.4994950">
    <ele>36.6</ele>
    <time>2023-10-29T00:00:36Z</time>
   </trkpt>
   <trkpt lat="35.5674900" lon="139.4995050">
    <ele>36.6</ele>
    <time>2023-10-29T00:00:37Z</time>
   </trkpt>
   <trkpt lat="35.5674870" lon="139.4995110">
    <ele>36.6</ele>
    <time>2023-10-29T00:00:38Z</time>
   </trkpt>
   <trkpt lat="35.5674790" lon="139.4995280">
    <ele>36.6</ele>
    <time>2023-10-29T00:00:39Z</time>
   </trkpt>
   <trkpt lat="35.5674680" lon="139.4995390">
    <ele>36.5</ele>
    <time>2023-10-29T00:00:40Z</time>
   </trkpt>
   <trkpt lat="35.5674570" lon="139.4995440">
    <ele>36.6</ele>
    <time>2023-10-29T00:00:52Z</time>
   </trkpt>
   <trkpt lat="35.5674450" lon="139.4995490">
    <ele>36.6</ele>
    <time>2023-10-29T00:00:53Z</time>
   </trkpt>
   <trkpt lat="35.5674040" lon="139.4995510">
    <ele>36.7</ele>
    <time>2023-10-29T00:00:54Z</time>
   </trkpt>
   <trkpt lat="35.5673770" lon="139.4995580">
    <ele>36.8</ele>
    <time>2023-10-29T00:00:55Z</time>
   </trkpt>
   <trkpt lat="35.5673490" lon="139.4995780">
    <ele>37.0</ele>
    <time>2023-10-29T00:00:56Z</time>
   </trkpt>
   <trkpt lat="35.5673380" lon="139.4995840">
    <ele>37.1</ele>
    <time>2023-10-29T00:00:57Z</time>
   </trkpt>
   <trkpt lat="35.5673110" lon="139.4996000">
    <ele>37.3</ele>
    <time>2023-10-29T00:00:58Z</time>
   </trkpt>
   <trkpt lat="35.5673010" lon="139.4996030">
    <ele>37.4</ele>
    <time>2023-10-29T00:00:59Z</time>
   </trkpt>
   <trkpt lat="35.5672750" lon="139.4996190">
    <ele>37.6</ele>
    <time>2023-10-29T00:01:00Z</time>
   </trkpt>
   <trkpt lat="35.5672630" lon="139.4996170">
    <ele>37.7</ele>
    <time>2023-10-29T00:01:01Z</time>
   </trkpt>
   <trkpt lat="35.5672480" lon="139.4996220">
    <ele>37.8</ele>
    <time>2023-10-29T00:01:02Z</time>
   </trkpt>
   <trkpt lat="35.5672430" lon="139.4996390">
    <ele>37.9</ele>
    <time>2023-10-29T00:01:03Z</time>
   </trkpt>
   <trkpt lat="35.5672400" lon="139.4996420">
    <ele>37.9</ele>
    <time>2023-10-29T00:01:04Z</time>
   </trkpt>
   <trkpt lat="35.5672180" lon="139.4996400">
    <ele>38.1</ele>
    <time>2023-10-29T00:01:05Z</time>
   </trkpt>
   <trkpt lat="35.5672010" lon="139.4996360">
    <ele>38.2</ele>
    <time>2023-10-29T00:01:09Z</time>
   </trkpt>
   <trkpt lat="35.5671830" lon="139.4996320">
    <ele>38.4</ele>
    <time>2023-10-29T00:01:10Z</time>
   </trkpt>
   <trkpt lat="35.5671770" lon="139.4996520">
    <ele>38.5</ele>
    <time>2023-10-29T00:01:11Z</time>
   </trkpt>
   <trkpt lat="35.5671650" lon="139.4996530">
    <ele>38.6</ele>
    <time>2023-10-29T00:01:12Z</time>
   </trkpt>
   <trkpt lat="35.5671450" lon="139.4996630">
    <ele>38.7</ele>
    <time>2023-10-29T00:01:24Z</time>
   </trkpt>
   <trkpt lat="35.5671190" lon="139.4996840">
    <ele>38.8</ele>
    <time>2023-10-29T00:01:25Z</time>
   </trkpt>
   <trkpt lat="35.5671020" lon="139.4997160">
    <ele>39.1</ele>
    <time>2023-10-29T00:01:26Z</time>
   </trkpt>
   <trkpt lat="35.5670770" lon="139.4997330">
    <ele>39.5</ele>
    <time>2023-10-29T00:01:27Z</time>
   </trkpt>
   <trkpt lat="35.5670510" lon="139.4997440">
    <ele>39.8</ele>
    <time>2023-10-29T00:01:28Z</time>
   </trkpt>
   <trkpt lat="35.5670500" lon="139.4997520">
    <ele>39.9</ele>
    <time>2023-10-29T00:01:29Z</time>
   </trkpt>
   <trkpt lat="35.5670490" lon="139.4997610">
    <ele>40.0</ele>
    <time>2023-10-29T00:01:30Z</time>
   </trkpt>
   <trkpt lat="35.5670480" lon="139.4997690">
    <ele>40.1</ele>
    <time>2023-10-29T00:01:37Z</time>
   </trkpt>
   <trkpt lat="35.5670470" lon="139.4997780">
    <ele>40.2</ele>
    <time>2023-10-29T00:01:38Z</time>
   </trkpt>
   <trkpt lat="35.5670290" lon="139.4998160">
    <ele>40.6</ele>
    <time>2023-10-29T00:01:39Z</time>
   </trkpt>
   <trkpt lat="35.5669850" lon="139.4998300">
    <ele>41.2</ele>
    <time>2023-10-29T00:01:40Z</time>
   </trkpt>
   <trkpt lat="35.5669650" lon="139.4998360">
    <ele>41.4</ele>
    <time>2023-10-29T00:01:41Z</time>
   </trkpt>
   <trkpt lat="35.5669430" lon="139.4998730">
    <ele>41.8</ele>
    <time>2023-10-29T00:01:42Z</time>
   </trkpt>
   <trkpt lat="35.5669330" lon="139.4998840">
    <ele>42.0</ele>
    <time>2023-10-29T00:01:43Z</time>
   </trkpt>
   <trkpt lat="35.5669050" lon="139.4999070">
    <ele>42.3</ele>
    <time>2023-10-29T00:01:44Z</time>
   </trkpt>
   <trkpt lat="35.5668940" lon="139.4999120">
    <ele>42.4</ele>
    <time>2023-10-29T00:01:45Z</time>
   </trkpt>
   <trkpt lat="35.5668560" lon="139.4999270">
    <ele>42.9</ele>
    <time>2023-10-29T00:01:46Z</time>
   </trkpt>
   <trkpt lat="35.5668400" lon="139.4999380">
    <ele>43.1</ele>
    <time>2023-10-29T00:01:47Z</time>
   </trkpt>
   <trkpt lat="35.5668120" lon="139.4999560">
    <ele>43.4</ele>
    <time>2023-10-29T00:01:48Z</time>
   </trkpt>
   <trkpt lat="35.5668030" lon="139.4999670">
    <ele>43.5</ele>
    <time>2023-10-29T00:01:49Z</time>
   </trkpt>
   <trkpt lat="35.5667780" lon="139.5000050">
    <ele>44.0</ele>
    <time>2023-10-29T00:01:50Z</time>
   </trkpt>
   <trkpt lat="35.5667710" lon="139.5000240">
    <ele>44.1</ele>
    <time>2023-10-29T00:01:51Z</time>
   </trkpt>
   <trkpt lat="35.5667440" lon="139.5000550">
    <ele>44.5</ele>
    <time>2023-10-29T00:01:52Z</time>
   </trkpt>
   <trkpt lat="35.5667310" lon="139.5000600">
    <ele>44.7</ele>
    <time>2023-10-29T00:01:53Z</time>
   </trkpt>
   <trkpt lat="35.5667060" lon="139.5000910">
    <ele>45.1</ele>
    <time>2023-10-29T00:01:54Z</time>
   </trkpt>
   <trkpt lat="35.5666940" lon="139.5000980">
    <ele>45.2</ele>
    <time>2023-10-29T00:01:55Z</time>
   </trkpt>
   <trkpt lat="35.5666680" lon="139.5001210">
    <ele>45.6</ele>
    <time>2023-10-29T00:01:56Z</time>
   </trkpt>
   <trkpt lat="35.5666600" lon="139.5001300">
    <ele>45.7</ele>
    <time>2023-10-29T00:01:57Z</time>
   </trkpt>
   <trkpt lat="35.5666310" lon="139.5001540">
    <ele>46.1</ele>
    <time>2023-10-29T00:01:58Z</time>
   </trkpt>
   <trkpt lat="35.5666190" lon="139.5001550">
    <ele>46.3</ele>
    <time>2023-10-29T00:01:59Z</time>
   </trkpt>
   <trkpt lat="35.5665850" lon="139.5001760">
    <ele>46.7</ele>
    <time>2023-10-29T00:02:00Z</time>
   </trkpt>
   <trkpt lat="35.5665720" lon="139.5001830">
    <ele>46.9</ele>
    <time>2023-10-29T00:02:01Z</time>
   </trkpt>
   <trkpt lat="35.5665410" lon="139.5002080">
    <ele>47.3</ele>
    <time>2023-10-29T00:02:02Z</time>
   </trkpt>
   <trkpt lat="35.5665340" lon="139.5002180">
    <ele>47.4</ele>
    <time>2023-10-29T00:02:03Z</time>
   </trkpt>
   <trkpt lat="35.5665200" lon="139.5002550">
    <ele>47.8</ele>
    <time>2023-10-29T00:02:04Z</time>
   </trkpt>
   <trkpt lat="35.5665160" lon="139.5002880">
    <ele>48.1</ele>
    <time>2023-10-29T00:02:05Z</time>
   </trkpt>
   <trkpt lat="35.5665110" lon="139.5003850">
    <ele>49.0</ele>
    <time>2023-10-29T00:02:14Z</time>
   </trkpt>
   <trkpt lat="35.5665060" lon="139.5004200">
    <ele>49.2</ele>
    <time>2023-10-29T00:02:15Z</time>
   </trkpt>
   <trkpt lat="35.5664990" lon="139.5004340">
    <ele>49.4</ele>
    <time>2023-10-29T00:02:16Z</time>
   </trkpt>
   <trkpt lat="35.5664800" lon="139.5004480">
    <ele>49.5</ele>
    <time>2023-10-29T00:02:17Z</time>
   </trkpt>
   <trkpt lat="35.5664610" lon="139.5004740">
    <ele>49.7</ele>
    <time>2023-10-29T00:02:18Z</time>
   </trkpt>
   <trkpt lat="35.5664430" lon="139.5005190">
    <ele>49.8</ele>
    <time>2023-10-29T00:02:19Z</time>
   </trkpt>
   <trkpt lat="35.5664420" lon="139.5005390">
    <ele>49.8</ele>
    <time>2023-10-29T00:02:20Z</time>
   </trkpt>
   <trkpt lat="35.5664260" lon="139.5005780">
    <ele>49.7</ele>
    <time>2023-10-29T00:02:21Z</time>
   </trkpt>
   <trkpt lat="35.5664240" lon="139.5005920">
    <ele>49.7</ele>
    <time>2023-10-29T00:02:22Z</time>
   </trkpt>
   <trkpt lat="35.5664180" lon="139.5006300">
    <ele>49.4</ele>
    <time>2023-10-29T00:02:23Z</time>
   </trkpt>
   <trkpt lat="35.5664060" lon="139.5006630">
    <ele>49.2</ele>
    <time>2023-10-29T00:02:24Z</time>
   </trkpt>
   <trkpt lat="35.5663980" lon="139.5006960">
    <ele>48.9</ele>
    <time>2023-10-29T00:02:25Z</time>
   </trkpt>
   <trkpt lat="35.5663840" lon="139.5007250">
    <ele>48.7</ele>
    <time>2023-10-29T00:02:26Z</time>
   </trkpt>
   <trkpt lat="35.5663850" lon="139.5007510">
    <ele>49.8</ele>
    <time>2023-10-29T00:02:27Z</time>
   </trkpt>
   <trkpt lat="35.5663850" lon="139.5007680">
    <ele>50.1</ele>
    <time>2023-10-29T00:02:28Z</time>
   </trkpt>
   <trkpt lat="35.5663760" lon="139.5007900">
    <ele>50.6</ele>
    <time>2023-10-29T00:02:29Z</time>
   </trkpt>
   <trkpt lat="35.5663740" lon="139.5008100">
    <ele>51.0</ele>
    <time>2023-10-29T00:02:30Z</time>
   </trkpt>
   <trkpt lat="35.5663680" lon="139.5008200">
    <ele>51.2</ele>
    <time>2023-10-29T00:02:31Z</time>
   </trkpt>
   <trkpt lat="35.5663640" lon="139.5008150">
    <ele>51.3</ele>
    <time>2023-10-29T00:02:32Z</time>
   </trkpt>
   <trkpt lat="35.5663590" lon="139.5008110">
    <ele>51.5</ele>
    <time>2023-10-29T00:02:33Z</time>
   </trkpt>
   <trkpt lat="35.5663550" lon="139.5008070">
    <ele>51.6</ele>
    <time>2023-10-29T00:02:34Z</time>
   </trkpt>
   <trkpt lat="35.5663510" lon="139.5008020">
    <ele>51.7</ele>
    <time>2023-10-29T00:02:43Z</time>
   </trkpt>
   <trkpt lat="35.5663470" lon="139.5007980">
    <ele>51.8</ele>
    <time>2023-10-29T00:02:44Z</time>
   </trkpt>
   <trkpt lat="35.5663410" lon="139.5007580">
    <ele>52.5</ele>
    <time>2023-10-29T00:02:45Z</time>
   </trkpt>
   <trkpt lat="35.5663410" lon="139.5007470">
    <ele>52.6</ele>
    <time>2023-10-29T00:02:46Z</time>
   </trkpt>
   <trkpt lat="35.5663350" lon="139.5007300">
    <ele>52.9</ele>
    <time>2023-10-29T00:02:47Z</time>
   </trkpt>
   <trkpt lat="35.5663420" lon="139.5007250">
    <ele>53.0</ele>
    <time>2023-10-29T00:02:48Z</time>
   </trkpt>
   <trkpt lat="35.5663420" lon="139.5007060">
    <ele>53.3</ele>
    <time>2023-10-29T00:02:49Z</time>
   </trkpt>
   <trkpt lat="35.5663340" lon="139.5006710">
    <ele>53.7</ele>
    <time>2023-10-29T00:02:50Z</time>
   </trkpt>
   <trkpt lat="35.5663270" lon="139.5006600">
    <ele>53.9</ele>
    <time>2023-10-29T00:02:51Z</time>
   </trkpt>
   <trkpt lat="35.5663170" lon="139.5006430">
    <ele>54.1</ele>
    <time>2023-10-29T00:02:52Z</time>
   </trkpt>
   <trkpt lat="35.5663270" lon="139.5006320">
    <ele>54.3</ele>
    <time>2023-10-29T00:02:53Z</time>
   </trkpt>
   <trkpt lat="35.5663330" lon="139.5006260">
    <ele>54.4</ele>
    <time>2023-10-29T00:02:54Z</time>
   </trkpt>
   <trkpt lat="35.5663410" lon="139.5006100">
    <ele>54.6</ele>
    <time>2023-10-29T00:02:55Z</time>
   </trkpt>
   <trkpt lat="35.5663540" lon="139.5006010">
    <ele>54.7</ele>
    <time>2023-10-29T00:02:56Z</time>
   </trkpt>
   <trkpt lat="35.5663600" lon="139.5005920">
    <ele>54.8</ele>
    <time>2023-10-29T00:02:57Z</time>
   </trkpt>
   <trkpt lat="35.5663590" lon="139.5005590">
    <ele>55.1</ele>
    <time>2023-10-29T00:02:58Z</time>
   </trkpt>
   <trkpt lat="35.5663550" lon="139.5005400">
    <ele>55.2</ele>
    <time>2023-10-29T00:02:59Z</time>
   </trkpt>
   <trkpt lat="35.5663550" lon="139.5005180">
    <ele>55.4</ele>
    <time>2023-10-29T00:03:00Z</time>
   </trkpt>
   <trkpt lat="35.5663570" lon="139.5005190">
    <ele>55.4</ele>
    <time>2023-10-29T00:03:01Z</time>
   </trkpt>
   <trkpt lat="35.5663590" lon="139.5005110">
    <ele>55.5</ele>
    <time>2023-10-29T00:03:02Z</time>
   </trkpt>
   <trkpt lat="35.5663560" lon="139.5005030">
    <ele>55.5</ele>
    <time>2023-10-29T00:03:03Z</time>
   </trkpt>
   <trkpt lat="35.5662990" lon="139.5004960">
    <ele>55.9</ele>
    <time>2023-10-29T00:03:23Z</time>
   </trkpt>
   <trkpt lat="35.5662780" lon="139.5004730">
    <ele>56.0</ele>
    <time>2023-10-29T00:03:24Z</time>
   </trkpt>
   <trkpt lat="35.5662720" lon="139.5004360">
    <ele>56.0</ele>
    <time>2023-10-29T00:03:25Z</time>
   </trkpt>
   <trkpt lat="35.5662560" lon="139.5004270">
    <ele>55.9</ele>
    <time>2023-10-29T00:03:26Z</time>
   </trkpt>
   <trkpt lat="35.5662380" lon="139.5004260">
    <ele>55.9</ele>
    <time>2023-10-29T00:03:27Z</time>
   </trkpt>
   <trkpt lat="35.5662080" lon="139.5004230">
    <ele>55.9</ele>
    <time>2023-10-29T00:03:28Z</time>
   </trkpt>
   <trkpt lat="35.5661930" lon="139.5004110">
    <ele>55.9</ele>
    <time>2023-10-29T00:03:29Z</time>
   </trkpt>
   <trkpt lat="35.5661800" lon="139.5003960">
    <ele>55.9</ele>
    <time>2023-10-29T00:03:30Z</time>
   </trkpt>
   <trkpt lat="35.5661630" lon="139.5003810">
    <ele>55.7</ele>
    <time>2023-10-29T00:03:31Z</time>
   </trkpt>
   <trkpt lat="35.5661560" lon="139.5003730">
    <ele>55.6</ele>
    <time>2023-10-29T00:03:32Z</time>
   </trkpt>
   <trkpt lat="35.5661360" lon="139.5003860">
    <ele>55.3</ele>
    <time>2023-10-29T00:03:33Z</time>
   </trkpt>
   <trkpt lat="35.5661180" lon="139.5003930">
    <ele>55.0</ele>
    <time>2023-10-29T00:03:34Z</time>
   </trkpt>
   <trkpt lat="35.5661000" lon="139.5004000">
    <ele>54.8</ele>
    <time>2023-10-29T00:03:41Z</time>
   </trkpt>
   <trkpt lat="35.5660820" lon="139.5004070">
    <ele>54.6</ele>
    <time>2023-10-29T00:03:42Z</time>
   </trkpt>
   <trkpt lat="35.5660640" lon="139.5004140">
    <ele>54.3</ele>
    <time>2023-10-29T00:03:43Z</time>
   </trkpt>
   <trkpt lat="35.5660600" lon="139.5004170">
    <ele>54.3</ele>
    <time>2023-10-29T00:03:44Z</time>
   </trkpt>
   <trkpt lat="35.5660540" lon="139.5004200">
    <ele>54.2</ele>
    <time>2023-10-29T00:03:45Z</time>
   </trkpt>
   <trkpt lat="35.5660090" lon="139.5004370">
    <ele>53.6</ele>
    <time>2023-10-29T00:03:50Z</time>
   </trkpt>
   <trkpt lat="35.5659760" lon="139.5004510">
    <ele>53.2</ele>
    <time>2023-10-29T00:03:51Z</time>
   </trkpt>
   <trkpt lat="35.5659600" lon="139.5004750">
    <ele>52.8</ele>
    <time>2023-10-29T00:03:52Z</time>
   </trkpt>
   <trkpt lat="35.5659510" lon="139.5004970">
    <ele>52.6</ele>
    <time>2023-10-29T00:03:53Z</time>
   </trkpt>
   <trkpt lat="35.5658220" lon="139.5004810">
    <ele>52.1</ele>
    <time>2023-10-29T00:04:43Z</time>
   </trkpt>
   <trkpt lat="35.5658280" lon="139.5004900">
    <ele>52.2</ele>
    <time>2023-10-29T00:04:44Z</time>
   </trkpt>
   <trkpt lat="35.5658450" lon="139.5004980">
    <ele>52.4</ele>
    <time>2023-10-29T00:04:45Z</time>
   </trkpt>
   <trkpt lat="35.5658540" lon="139.5005020">
    <ele>52.5</ele>
    <time>2023-10-29T00:04:46Z</time>
   </trkpt>
   <trkpt lat="35.5658620" lon="139.5005050">
    <ele>52.5</ele>
    <time>2023-10-29T00:04:47Z</time>
   </trkpt>
   <trkpt lat="35.5658890" lon="139.5005180">
    <ele>52.8</ele>
    <time>2023-10-29T00:04:48Z</time>
   </trkpt>
   <trkpt lat="35.5659040" lon="139.5005210">
    <ele>52.9</ele>
    <time>2023-10-29T00:04:49Z</time>
   </trkpt>
   <trkpt lat="35.5659360" lon="139.5005160">
    <ele>53.2</ele>
    <time>2023-10-29T00:04:50Z</time>
   </trkpt>
   <trkpt lat="35.5659470" lon="139.5005110">
    <ele>53.3</ele>
    <time>2023-10-29T00:04:51Z</time>
   </trkpt>
   <trkpt lat="35.5659750" lon="139.5004910">
    <ele>53.6</ele>
    <time>2023-10-29T00:04:52Z</time>
   </trkpt>
   <trkpt lat="35.5659980" lon="139.5004680">
    <ele>53.9</ele>
    <time>2023-10-29T00:04:53Z</time>
   </trkpt>
   <trkpt lat="35.5660060" lon="139.5004600">
    <ele>54.0</ele>
    <time>2023-10-29T00:04:54Z</time>
   </trkpt>
   <trkpt lat="35.5660100" lon="139.5004520">
    <ele>54.1</ele>
    <time>2023-10-29T00:04:55Z</time>
   </trkpt>
   <trkpt lat="35.5660130" lon="139.5004360">
    <ele>54.2</ele>
    <time>2023-10-29T00:04:56Z</time>
   </trkpt>
   <trkpt lat="35.5660200" lon="139.5004240">
    <ele>54.3</ele>
    <time>2023-10-29T00:04:57Z</time>
   </trkpt>
   <trkpt lat="35.5660360" lon="139.5004030">
    <ele>54.5</ele>
    <time>2023-10-29T00:04:58Z</time>
   </trkpt>
   <trkpt lat="35.5660430" lon="139.5003970">
    <ele>54.6</ele>
    <time>2023-10-29T00:04:59Z</time>
   </trkpt>
   <trkpt lat="35.5660500" lon="139.5003920">
    <ele>54.7</ele>
    <time>2023-10-29T00:05:00Z</time>
   </trkpt>
   <trkpt lat="35.5660580" lon="139.5003810">
    <ele>54.8</ele>
    <time>2023-10-29T00:05:01Z</time>
   </trkpt>
   <trkpt lat="35.5660580" lon="139.5003690">
    <ele>54.9</ele>
    <time>2023-10-29T00:05:02Z</time>
   </trkpt>
   <trkpt lat="35.5660680" lon="139.5003650">
    <ele>55.0</ele>
    <time>2023-10-29T00:05:03Z</time>
   </trkpt>
   <trkpt lat="35.5660760" lon="139.5003580">
    <ele>55.0</ele>
    <time>2023-10-29T00:05:04Z</time>
   </trkpt>
   <trkpt lat="35.5660880" lon="139.5003530">
    <ele>55.2</ele>
    <time>2023-10-29T00:05:05Z</time>
   </trkpt>
   <trkpt lat="35.5661000" lon="139.5003470">
    <ele>55.3</ele>
    <time>2023-10-29T00:05:06Z</time>
   </trkpt>
   <trkpt lat="35.5661130" lon="139.5003340">
    <ele>55.9</ele>
    <time>2023-10-29T00:05:07Z</time>
   </trkpt>
   <trkpt lat="35.5661150" lon="139.5003240">
    <ele>55.9</ele>
    <time>2023-10-29T00:05:08Z</time>
   </trkpt>
   <trkpt lat="35.5661130" lon="139.5003100">
    <ele>55.9</ele>
    <time>2023-10-29T00:05:09Z</time>
   </trkpt>
   <trkpt lat="35.5661070" lon="139.5002960">
    <ele>55.9</ele>
    <time>2023-10-29T00:05:10Z</time>
   </trkpt>
   <trkpt lat="35.5661060" lon="139.5002830">
    <ele>55.9</ele>
    <time>2023-10-29T00:05:11Z</time>
   </trkpt>
   <trkpt lat="35.5660980" lon="139.5002720">
    <ele>55.9</ele>
    <time>2023-10-29T00:05:12Z</time>
   </trkpt>
   <trkpt lat="35.5660890" lon="139.5002430">
    <ele>55.9</ele>
    <time>2023-10-29T00:05:13Z</time>
   </trkpt>
   <trkpt lat="35.5660900" lon="139.5002290">
    <ele>55.9</ele>
    <time>2023-10-29T00:05:14Z</time>
   </trkpt>
   <trkpt lat="35.5661010" lon="139.5001920">
    <ele>55.9</ele>
    <time>2023-10-29T00:05:15Z</time>
   </trkpt>
   <trkpt lat="35.5661050" lon="139.5001850">
    <ele>55.9</ele>
    <time>2023-10-29T00:05:16Z</time>
   </trkpt>
   <trkpt lat="35.5661180" lon="139.5001690">
    <ele>55.9</ele>
    <time>2023-10-29T00:05:17Z</time>
   </trkpt>
   <trkpt lat="35.5661300" lon="139.5001560">
    <ele>55.9</ele>
    <time>2023-10-29T00:05:18Z</time>
   </trkpt>
   <trkpt lat="35.5661160" lon="139.5001250">
    <ele>56.0</ele>
    <time>2023-10-29T00:05:19Z</time>
   </trkpt>
   <trkpt lat="35.5661070" lon="139.5001130">
    <ele>56.0</ele>
    <time>2023-10-29T00:05:20Z</time>
   </trkpt>
   <trkpt lat="35.5660920" lon="139.5000960">
    <ele>56.1</ele>
    <time>2023-10-29T00:05:21Z</time>
   </trkpt>
   <trkpt lat="35.5660900" lon="139.5000840">
    <ele>56.1</ele>
    <time>2023-10-29T00:05:22Z</time>
   </trkpt>
   <trkpt lat="35.5660880" lon="139.5000730">
    <ele>56.1</ele>
    <time>2023-10-29T00:05:23Z</time>
   </trkpt>
   <trkpt lat="35.5660910" lon="139.5000720">
    <ele>56.1</ele>
    <time>2023-10-29T00:05:24Z</time>
   </trkpt>
   <trkpt lat="35.5660910" lon="139.5000650">
    <ele>56.2</ele>
    <time>2023-10-29T00:05:25Z</time>
   </trkpt>
   <trkpt lat="35.5660850" lon="139.5000610">
    <ele>56.2</ele>
    <time>2023-10-29T00:05:26Z</time>
   </trkpt>
   <trkpt lat="35.5660810" lon="139.5000600">
    <ele>56.2</ele>
    <time>2023-10-29T00:05:27Z</time>
   </trkpt>
   <trkpt lat="35.5653350" lon="139.5002420">
    <ele>40.2</ele>
    <time>2023-10-29T00:07:40Z</time>
   </trkpt>
   <trkpt lat="35.5653180" lon="139.5002720">
    <ele>40.2</ele>
    <time>2023-10-29T00:07:41Z</time>
   </trkpt>
   <trkpt lat="35.5653160" lon="139.5002820">
    <ele>40.2</ele>
    <time>2023-10-29T00:07:42Z</time>
   </trkpt>
   <trkpt lat="35.5653320" lon="139.5003110">
    <ele>40.2</ele>
    <time>2023-10-29T00:07:43Z</time>
   </trkpt>
   <trkpt lat="35.5653420" lon="139.5003840">
    <ele>40.2</ele>
    <time>2023-10-29T00:07:44Z</time>
   </trkpt>
   <trkpt lat="35.5653560" lon="139.5004410">
    <ele>40.2</ele>
    <time>2023-10-29T00:07:45Z</time>
   </trkpt>
   <trkpt lat="35.5653690" lon="139.5004990">
    <ele>40.1</ele>
    <time>2023-10-29T00:07:46Z</time>
   </trkpt>
   <trkpt lat="35.5653820" lon="139.5005570">
    <ele>40.0</ele>
    <time>2023-10-29T00:08:09Z</time>
   </trkpt>
   <trkpt lat="35.5653950" lon="139.5006150">
    <ele>39.8</ele>
    <time>2023-10-29T00:08:10Z</time>
   </trkpt>
   <trkpt lat="35.5654060" lon="139.5006560">
    <ele>39.7</ele>
    <time>2023-10-29T00:08:11Z</time>
   </trkpt>
   <trkpt lat="35.5654090" lon="139.5006690">
    <ele>39.6</ele>
    <time>2023-10-29T00:08:12Z</time>
   </trkpt>
   <trkpt lat="35.5654220" lon="139.5007100">
    <ele>39.5</ele>
    <time>2023-10-29T00:08:13Z</time>
   </trkpt>
   <trkpt lat="35.5654320" lon="139.5007220">
    <ele>39.4</ele>
    <time>2023-10-29T00:08:14Z</time>
   </trkpt>
   <trkpt lat="35.5654490" lon="139.5007450">
    <ele>39.3</ele>
    <time>2023-10-29T00:08:15Z</time>
   </trkpt>
   <trkpt lat="35.5654560" lon="139.5007620">
    <ele>39.2</ele>
    <time>2023-10-29T00:08:16Z</time>
   </trkpt>
   <trkpt lat="35.5654550" lon="139.5007980">
    <ele>39.1</ele>
    <time>2023-10-29T00:08:17Z</time>
   </trkpt>
   <trkpt lat="35.5654530" lon="139.5008130">
    <ele>39.0</ele>
    <time>2023-10-29T00:08:18Z</time>
   </trkpt>
   <trkpt lat="35.5654410" lon="139.5008500">
    <ele>38.8</ele>
    <time>2023-10-29T00:08:19Z</time>
   </trkpt>
   <trkpt lat="35.5654390" lon="139.5008560">
    <ele>38.8</ele>
    <time>2023-10-29T00:08:20Z</time>
   </trkpt>
   <trkpt lat="35.5654310" lon="139.5008670">
    <ele>38.7</ele>
    <time>2023-10-29T00:08:21Z</time>
   </trkpt>
   <trkpt lat="35.5655430" lon="139.5010800">
    <ele>37.6</ele>
    <time>2023-10-29T00:08:46Z</time>
   </trkpt>
   <trkpt lat="35.5655540" lon="139.5011000">
    <ele>37.5</ele>
    <time>2023-10-29T00:08:47Z</time>
   </trkpt>
   <trkpt lat="35.5655540" lon="139.5011390">
    <ele>37.4</ele>
    <time>2023-10-29T00:08:48Z</time>
   </trkpt>
   <trkpt lat="35.5655600" lon="139.5011570">
    <ele>37.3</ele>
    <time>2023-10-29T00:08:49Z</time>
   </trkpt>
   <trkpt lat="35.5655850" lon="139.5011720">
    <ele>37.2</ele>
    <time>2023-10-29T00:08:50Z</time>
   </trkpt>
   <trkpt lat="35.5655940" lon="139.5011810">
    <ele>37.2</ele>
    <time>2023-10-29T00:08:51Z</time>
   </trkpt>
   <trkpt lat="35.5656100" lon="139.5012130">
    <ele>37.1</ele>
    <time>2023-10-29T00:08:52Z</time>
   </trkpt>
   <trkpt lat="35.5656260" lon="139.5012470">
    <ele>37.0</ele>
    <time>2023-10-29T00:08:53Z</time>
   </trkpt>
   <trkpt lat="35.5656330" lon="139.5012590">
    <ele>37.0</ele>
    <time>2023-10-29T00:08:54Z</time>
   </trkpt>
   <trkpt lat="35.5656540" lon="139.5012900">
    <ele>36.9</ele>
    <time>2023-10-29T00:08:55Z</time>
   </trkpt>
   <trkpt lat="35.5656590" lon="139.5013020">
    <ele>36.9</ele>
    <time>2023-10-29T00:08:56Z</time>
   </trkpt>
   <trkpt lat="35.5656760" lon="139.5013300">
    <ele>36.9</ele>
    <time>2023-10-29T00:08:57Z</time>
   </trkpt>
   <trkpt lat="35.5657040" lon="139.5013540">
    <ele>36.8</ele>
    <time>2023-10-29T00:08:58Z</time>
   </trkpt>
   <trkpt lat="35.5657100" lon="139.5013740">
    <ele>36.8</ele>
    <time>2023-10-29T00:08:59Z</time>
   </trkpt>
   <trkpt lat="35.5657250" lon="139.5014090">
    <ele>36.6</ele>
    <time>2023-10-29T00:09:00Z</time>
   </trkpt>
   <trkpt lat="35.5657260" lon="139.5014230">
    <ele>36.6</ele>
    <time>2023-10-29T00:09:01Z</time>
   </trkpt>
   <trkpt lat="35.5657330" lon="139.5014390">
    <ele>36.6</ele>
    <time>2023-10-29T00:09:02Z</time>
   </trkpt>
   <trkpt lat="35.5657390" lon="139.5014600">
    <ele>36.6</ele>
    <time>2023-10-29T00:09:03Z</time>
   </trkpt>
   <trkpt lat="35.5657450" lon="139.5014800">
    <ele>36.7</ele>
    <time>2023-10-29T00:09:04Z</time>
   </trkpt>
   <trkpt lat="35.5657460" lon="139.5014960">
    <ele>36.7</ele>
    <time>2023-10-29T00:09:05Z</time>
   </trkpt>
   <trkpt lat="35.5657440" lon="139.5015080">
    <ele>36.7</ele>
    <time>2023-10-29T00:09:06Z</time>
   </trkpt>
   <trkpt lat="35.5654290" lon="139.5016880">
    <ele>37.4</ele>
    <time>2023-10-29T00:09:42Z</time>
   </trkpt>
   <trkpt lat="35.5654250" lon="139.5016790">
    <ele>37.8</ele>
    <time>2023-10-29T00:09:43Z</time>
   </trkpt>
   <trkpt lat="35.5654160" lon="139.5016640">
    <ele>37.9</ele>
    <time>2023-10-29T00:09:44Z</time>
   </trkpt>
   <trkpt lat="35.5654080" lon="139.5016350">
    <ele>38.0</ele>
    <time>2023-10-29T00:09:45Z</time>
   </trkpt>
   <trkpt lat="35.5654080" lon="139.5016080">
    <ele>38.2</ele>
    <time>2023-10-29T00:09:46Z</time>
   </trkpt>
   <trkpt lat="35.5654070" lon="139.5015970">
    <ele>38.3</ele>
    <time>2023-10-29T00:09:47Z</time>
   </trkpt>
   <trkpt lat="35.5654030" lon="139.5015870">
    <ele>38.4</ele>
    <time>2023-10-29T00:09:48Z</time>
   </trkpt>
   <trkpt lat="35.5653960" lon="139.5015660">
    <ele>38.5</ele>
    <time>2023-10-29T00:09:49Z</time>
   </trkpt>
   <trkpt lat="35.5653740" lon="139.5015500">
    <ele>38.8</ele>
    <time>2023-10-29T00:09:50Z</time>
   </trkpt>
   <trkpt lat="35.5653650" lon="139.5015440">
    <ele>38.9</ele>
    <time>2023-10-29T00:09:51Z</time>
   </trkpt>
   <trkpt lat="35.5653370" lon="139.5015340">
    <ele>39.3</ele>
    <time>2023-10-29T00:09:52Z</time>
   </trkpt>
   <trkpt lat="35.5653300" lon="139.5015320">
    <ele>39.4</ele>
    <time>2023-10-29T00:09:53Z</time>
   </trkpt>
   <trkpt lat="35.5652970" lon="139.5015260">
    <ele>40.3</ele>
    <time>2023-10-29T00:09:54Z</time>
   </trkpt>
   <trkpt lat="35.5652890" lon="139.5015280">
    <ele>40.5</ele>
    <time>2023-10-29T00:09:55Z</time>
   </trkpt>
   <trkpt lat="35.5652600" lon="139.5015150">
    <ele>41.3</ele>
    <time>2023-10-29T00:09:56Z</time>
   </trkpt>
   <trkpt lat="35.5652510" lon="139.5015060">
    <ele>41.7</ele>
    <time>2023-10-29T00:09:57Z</time>
   </trkpt>
   <trkpt lat="35.5652230" lon="139.5014930">
    <ele>42.5</ele>
    <time>2023-10-29T00:09:58Z</time>
   </trkpt>
   <trkpt lat="35.5652120" lon="139.5014870">
    <ele>44.6</ele>
    <time>2023-10-29T00:09:59Z</time>
   </trkpt>
   <trkpt lat="35.5651870" lon="139.5014680">
    <ele>47.7</ele>
    <time>2023-10-29T00:10:00Z</time>
   </trkpt>
   <trkpt lat="35.5651610" lon="139.5014590">
    <ele>49.6</ele>
    <time>2023-10-29T00:10:01Z</time>
   </trkpt>
   <trkpt lat="35.5651270" lon="139.5014420">
    <ele>49.5</ele>
    <time>2023-10-29T00:10:02Z</time>
   </trkpt>
   <trkpt lat="35.5651150" lon="139.5014400">
    <ele>49.5</ele>
    <time>2023-10-29T00:10:03Z</time>
   </trkpt>
   <trkpt lat="35.5650790" lon="139.5014380">
    <ele>49.4</ele>
    <time>2023-10-29T00:10:04Z</time>
   </trkpt>
   <trkpt lat="35.5650660" lon="139.5014400">
    <ele>49.4</ele>
    <time>2023-10-29T00:10:05Z</time>
   </trkpt>
   <trkpt lat="35.5649980" lon="139.5014530">
    <ele>49.2</ele>
    <time>2023-10-29T00:10:06Z</time>
   </trkpt>
   <trkpt lat="35.5649500" lon="139.5014620">
    <ele>49.0</ele>
    <time>2023-10-29T00:10:07Z</time>
   </trkpt>
   <trkpt lat="35.5649030" lon="139.5014700">
    <ele>48.9</ele>
    <time>2023-10-29T00:10:14Z</time>
   </trkpt>
   <trkpt lat="35.5648550" lon="139.5014790">
    <ele>48.8</ele>
    <time>2023-10-29T00:10:15Z</time>
   </trkpt>
   <trkpt lat="35.5648080" lon="139.5014870">
    <ele>48.6</ele>
    <time>2023-10-29T00:10:16Z</time>
   </trkpt>
   <trkpt lat="35.5647870" lon="139.5014830">
    <ele>48.6</ele>
    <time>2023-10-29T00:10:17Z</time>
   </trkpt>
   <trkpt lat="35.5647820" lon="139.5014620">
    <ele>48.5</ele>
    <time>2023-10-29T00:10:18Z</time>
   </trkpt>
   <trkpt lat="35.5647430" lon="139.5014430">
    <ele>48.4</ele>
    <time>2023-10-29T00:10:19Z</time>
   </trkpt>
   <trkpt lat="35.5647300" lon="139.5014340">
    <ele>48.4</ele>
    <time>2023-10-29T00:10:20Z</time>
   </trkpt>
   <trkpt lat="35.5647040" lon="139.5014130">
    <ele>48.3</ele>
    <time>2023-10-29T00:10:21Z</time>
   </trkpt>
   <trkpt lat="35.5646880" lon="139.5013790">
    <ele>48.3</ele>
    <time>2023-10-29T00:10:22Z</time>
   </trkpt>
   <trkpt lat="35.5646830" lon="139.5013670">
    <ele>48.3</ele>
    <time>2023-10-29T00:10:23Z</time>
   </trkpt>
   <trkpt lat="35.5646580" lon="139.5013430">
    <ele>48.2</ele>
    <time>2023-10-29T00:10:24Z</time>
   </trkpt>
   <trkpt lat="35.5646450" lon="139.5013370">
    <ele>48.2</ele>
    <time>2023-10-29T00:10:25Z</time>
   </trkpt>
   <trkpt lat="35.5646130" lon="139.5013490">
    <ele>48.1</ele>
    <time>2023-10-29T00:10:26Z</time>
   </trkpt>
   <trkpt lat="35.5645780" lon="139.5013660">
    <ele>48.0</ele>
    <time>2023-10-29T00:10:27Z</time>
   </trkpt>
   <trkpt lat="35.5645690" lon="139.5013730">
    <ele>48.0</ele>
    <time>2023-10-29T00:10:28Z</time>
   </trkpt>
   <trkpt lat="35.5645410" lon="139.5013810">
    <ele>47.9</ele>
    <time>2023-10-29T00:10:29Z</time>
   </trkpt>
   <trkpt lat="35.5645320" lon="139.5013840">
    <ele>47.9</ele>
    <time>2023-10-29T00:10:30Z</time>
   </trkpt>
   <trkpt lat="35.5645020" lon="139.5013940">
    <ele>47.8</ele>
    <time>2023-10-29T00:10:31Z</time>
   </trkpt>
   <trkpt lat="35.5644910" lon="139.5013950">
    <ele>47.8</ele>
    <time>2023-10-29T00:10:32Z</time>
   </trkpt>
   <trkpt lat="35.5644590" lon="139.5014030">
    <ele>47.7</ele>
    <time>2023-10-29T00:10:33Z</time>
   </trkpt>
   <trkpt lat="35.5644480" lon="139.5014060">
    <ele>47.6</ele>
    <time>2023-10-29T00:10:34Z</time>
   </trkpt>
   <trkpt lat="35.5644160" lon="139.5014210">
    <ele>47.5</ele>
    <time>2023-10-29T00:10:35Z</time>
   </trkpt>
   <trkpt lat="35.5644020" lon="139.5014220">
    <ele>47.6</ele>
    <time>2023-10-29T00:10:36Z</time>
   </trkpt>
   <trkpt lat="35.5643610" lon="139.5014460">
    <ele>47.8</ele>
    <time>2023-10-29T00:10:37Z</time>
   </trkpt>
   <trkpt lat="35.5643430" lon="139.5014520">
    <ele>47.9</ele>
    <time>2023-10-29T00:10:38Z</time>
   </trkpt>
   <trkpt lat="35.5643180" lon="139.5014640">
    <ele>48.0</ele>
    <time>2023-10-29T00:10:39Z</time>
   </trkpt>
   <trkpt lat="35.5642860" lon="139.5014720">
    <ele>48.2</ele>
    <time>2023-10-29T00:10:40Z</time>
   </trkpt>
   <trkpt lat="35.5642510" lon="139.5014900">
    <ele>48.4</ele>
    <time>2023-10-29T00:10:41Z</time>
   </trkpt>
   <trkpt lat="35.5642360" lon="139.5014920">
    <ele>48.4</ele>
    <time>2023-10-29T00:10:42Z</time>
   </trkpt>
   <trkpt lat="35.5641990" lon="139.5015110">
    <ele>48.6</ele>
    <time>2023-10-29T00:10:43Z</time>
   </trkpt>
   <trkpt lat="35.5641860" lon="139.5015170">
    <ele>48.7</ele>
    <time>2023-10-29T00:10:44Z</time>
   </trkpt>
   <trkpt lat="35.5641500" lon="139.5015410">
    <ele>48.9</ele>
    <time>2023-10-29T00:10:45Z</time>
   </trkpt>
   <trkpt lat="35.5641360" lon="139.5015490">
    <ele>48.9</ele>
    <time>2023-10-29T00:10:46Z</time>
   </trkpt>
   <trkpt lat="35.5641090" lon="139.5015590">
    <ele>49.1</ele>
    <time>2023-10-29T00:10:47Z</time>
   </trkpt>
   <trkpt lat="35.5640740" lon="139.5015710">
    <ele>49.3</ele>
    <time>2023-10-29T00:10:48Z</time>
   </trkpt>
   <trkpt lat="35.5640640" lon="139.5015760">
    <ele>49.3</ele>
    <time>2023-10-29T00:10:49Z</time>
   </trkpt>
   <trkpt lat="35.5640290" lon="139.5015960">
    <ele>49.5</ele>
    <time>2023-10-29T00:10:50Z</time>
   </trkpt>
   <trkpt lat="35.5640160" lon="139.5016030">
    <ele>49.6</ele>
    <time>2023-10-29T00:10:51Z</time>
   </trkpt>
   <trkpt lat="35.5639780" lon="139.5016200">
    <ele>49.8</ele>
    <time>2023-10-29T00:10:52Z</time>
   </trkpt>
   <trkpt lat="35.5639660" lon="139.5016270">
    <ele>49.8</ele>
    <time>2023-10-29T00:10:53Z</time>
   </trkpt>
   <trkpt lat="35.5639380" lon="139.5016350">
    <ele>50.0</ele>
    <time>2023-10-29T00:10:54Z</time>
   </trkpt>
   <trkpt lat="35.5639080" lon="139.5016390">
    <ele>50.1</ele>
    <time>2023-10-29T00:10:55Z</time>
   </trkpt>
   <trkpt lat="35.5638780" lon="139.5016600">
    <ele>50.3</ele>
    <time>2023-10-29T00:10:56Z</time>
   </trkpt>
   <trkpt lat="35.5638670" lon="139.5016630">
    <ele>50.3</ele>
    <time>2023-10-29T00:10:57Z</time>
   </trkpt>
   <trkpt lat="35.5638380" lon="139.5016690">
    <ele>50.5</ele>
    <time>2023-10-29T00:10:58Z</time>
   </trkpt>
   <trkpt lat="35.5638130" lon="139.5016860">
    <ele>50.6</ele>
    <time>2023-10-29T00:10:59Z</time>
   </trkpt>
   <trkpt lat="35.5637880" lon="139.5017010">
    <ele>50.7</ele>
    <time>2023-10-29T00:11:00Z</time>
   </trkpt>
   <trkpt lat="35.5637560" lon="139.5017130">
    <ele>50.9</ele>
    <time>2023-10-29T00:11:01Z</time>
   </trkpt>
   <trkpt lat="35.5637470" lon="139.5017170">
    <ele>50.9</ele>
    <time>2023-10-29T00:11:02Z</time>
   </trkpt>
   <trkpt lat="35.5637160" lon="139.5017120">
    <ele>51.1</ele>
    <time>2023-10-29T00:11:03Z</time>
   </trkpt>
   <trkpt lat="35.5637050" lon="139.5017060">
    <ele>51.1</ele>
    <time>2023-10-29T00:11:04Z</time>
   </trkpt>
   <trkpt lat="35.5636870" lon="139.5016690">
    <ele>51.3</ele>
    <time>2023-10-29T00:11:05Z</time>
   </trkpt>
   <trkpt lat="35.5636840" lon="139.5016570">
    <ele>51.3</ele>
    <time>2023-10-29T00:11:06Z</time>
   </trkpt>
   <trkpt lat="35.5636880" lon="139.5016480">
    <ele>51.3</ele>
    <time>2023-10-29T00:11:07Z</time>
   </trkpt>
   <trkpt lat="35.5636930" lon="139.5016700">
    <ele>51.4</ele>
    <time>2023-10-29T00:11:08Z</time>
   </trkpt>
   <trkpt lat="35.5636970" lon="139.5016920">
    <ele>51.5</ele>
    <time>2023-10-29T00:11:26Z</time>
   </trkpt>
   <trkpt lat="35.5637020" lon="139.5017150">
    <ele>51.5</ele>
    <time>2023-10-29T00:11:27Z</time>
   </trkpt>
   <trkpt lat="35.5637070" lon="139.5017370">
    <ele>51.6</ele>
    <time>2023-10-29T00:11:28Z</time>
   </trkpt>
   <trkpt lat="35.5637140" lon="139.5017800">
    <ele>51.7</ele>
    <time>2023-10-29T00:11:29Z</time>
   </trkpt>
   <trkpt lat="35.5637150" lon="139.5017940">
    <ele>51.7</ele>
    <time>2023-10-29T00:11:30Z</time>
   </trkpt>
   <trkpt lat="35.5637170" lon="139.5018410">
    <ele>51.8</ele>
    <time>2023-10-29T00:11:31Z</time>
   </trkpt>
   <trkpt lat="35.5637180" lon="139.5018590">
    <ele>51.7</ele>
    <time>2023-10-29T00:11:32Z</time>
   </trkpt>
   <trkpt lat="35.5637220" lon="139.5019080">
    <ele>51.7</ele>
    <time>2023-10-29T00:11:33Z</time>
   </trkpt>
   <trkpt lat="35.5637220" lon="139.5019450">
    <ele>51.6</ele>
    <time>2023-10-29T00:11:34Z</time>
   </trkpt>
   <trkpt lat="35.5637200" lon="139.5019560">
    <ele>51.6</ele>
    <time>2023-10-29T00:11:35Z</time>
   </trkpt>
   <trkpt lat="35.5637210" lon="139.5019670">
    <ele>51.6</ele>
    <time>2023-10-29T00:11:36Z</time>
   </trkpt>
   <trkpt lat="35.5637170" lon="139.5019950">
    <ele>51.5</ele>
    <time>2023-10-29T00:11:37Z</time>
   </trkpt>
   <trkpt lat="35.5637170" lon="139.5020340">
    <ele>51.5</ele>
    <time>2023-10-29T00:11:38Z</time>
   </trkpt>
   <trkpt lat="35.5637320" lon="139.5020700">
    <ele>51.4</ele>
    <time>2023-10-29T00:11:39Z</time>
   </trkpt>
   <trkpt lat="35.5637330" lon="139.5020920">
    <ele>51.4</ele>
    <time>2023-10-29T00:11:40Z</time>
   </trkpt>
   <trkpt lat="35.5637330" lon="139.5021140">
    <ele>51.4</ele>
    <time>2023-10-29T00:11:44Z</time>
   </trkpt>
   <trkpt lat="35.5637340" lon="139.5021360">
    <ele>51.3</ele>
    <time>2023-10-29T00:11:45Z</time>
   </trkpt>
   <trkpt lat="35.5637480" lon="139.5021660">
    <ele>51.3</ele>
    <time>2023-10-29T00:11:46Z</time>
   </trkpt>
   <trkpt lat="35.5637720" lon="139.5021980">
    <ele>51.2</ele>
    <time>2023-10-29T00:11:47Z</time>
   </trkpt>
   <trkpt lat="35.5637780" lon="139.5022090">
    <ele>51.2</ele>
    <time>2023-10-29T00:11:48Z</time>
   </trkpt>
   <trkpt lat="35.5637810" lon="139.5022420">
    <ele>51.1</ele>
    <time>2023-10-29T00:11:49Z</time>
   </trkpt>
   <trkpt lat="35.5638000" lon="139.5022850">
    <ele>51.0</ele>
    <time>2023-10-29T00:11:50Z</time>
   </trkpt>
   <trkpt lat="35.5638060" lon="139.5023220">
    <ele>50.9</ele>
    <time>2023-10-29T00:11:51Z</time>
   </trkpt>
   <trkpt lat="35.5638190" lon="139.5023650">
    <ele>50.9</ele>
    <time>2023-10-29T00:11:52Z</time>
   </trkpt>
   <trkpt lat="35.5638270" lon="139.5023820">
    <ele>50.8</ele>
    <time>2023-10-29T00:11:53Z</time>
   </trkpt>
   <trkpt lat="35.5638380" lon="139.5024240">
    <ele>50.7</ele>
    <time>2023-10-29T00:11:54Z</time>
   </trkpt>
   <trkpt lat="35.5638390" lon="139.5024400">
    <ele>50.7</ele>
    <time>2023-10-29T00:11:55Z</time>
   </trkpt>
   <trkpt lat="35.5638360" lon="139.5024840">
    <ele>50.6</ele>
    <time>2023-10-29T00:11:56Z</time>
   </trkpt>
   <trkpt lat="35.5638380" lon="139.5024970">
    <ele>50.6</ele>
    <time>2023-10-29T00:11:57Z</time>
   </trkpt>
   <trkpt lat="35.5638580" lon="139.5025230">
    <ele>50.5</ele>
    <time>2023-10-29T00:11:58Z</time>
   </trkpt>
   <trkpt lat="35.5638750" lon="139.5025650">
    <ele>50.5</ele>
    <time>2023-10-29T00:11:59Z</time>
   </trkpt>
   <trkpt lat="35.5638790" lon="139.5025790">
    <ele>50.4</ele>
    <time>2023-10-29T00:12:00Z</time>
   </trkpt>
   <trkpt lat="35.5638840" lon="139.5026130">
    <ele>50.4</ele>
    <time>2023-10-29T00:12:01Z</time>
   </trkpt>
   <trkpt lat="35.5639010" lon="139.5026770">
    <ele>50.3</ele>
    <time>2023-10-29T00:12:02Z</time>
   </trkpt>
   <trkpt lat="35.5639250" lon="139.5027130">
    <ele>50.2</ele>
    <time>2023-10-29T00:12:03Z</time>
   </trkpt>
   <trkpt lat="35.5639470" lon="139.5027450">
    <ele>50.1</ele>
    <time>2023-10-29T00:12:04Z</time>
   </trkpt>
   <trkpt lat="35.5639640" lon="139.5027710">
    <ele>50.0</ele>
    <time>2023-10-29T00:12:05Z</time>
   </trkpt>
   <trkpt lat="35.5639750" lon="139.5028070">
    <ele>49.9</ele>
    <time>2023-10-29T00:12:06Z</time>
   </trkpt>
   <trkpt lat="35.5639980" lon="139.5028380">
    <ele>49.8</ele>
    <time>2023-10-29T00:12:07Z</time>
   </trkpt>
   <trkpt lat="35.5640180" lon="139.5028680">
    <ele>49.7</ele>
    <time>2023-10-29T00:12:08Z</time>
   </trkpt>
   <trkpt lat="35.5640370" lon="139.5028990">
    <ele>49.6</ele>
    <time>2023-10-29T00:12:09Z</time>
   </trkpt>
   <trkpt lat="35.5640490" lon="139.5029370">
    <ele>49.5</ele>
    <time>2023-10-29T00:12:10Z</time>
   </trkpt>
   <trkpt lat="35.5640550" lon="139.5029720">
    <ele>49.4</ele>
    <time>2023-10-29T00:12:11Z</time>
   </trkpt>
   <trkpt lat="35.5640590" lon="139.5030200">
    <ele>49.3</ele>
    <time>2023-10-29T00:12:12Z</time>
   </trkpt>
   <trkpt lat="35.5640590" lon="139.5030370">
    <ele>49.2</ele>
    <time>2023-10-29T00:12:13Z</time>
   </trkpt>
   <trkpt lat="35.5640720" lon="139.5030720">
    <ele>49.1</ele>
    <time>2023-10-29T00:12:14Z</time>
   </trkpt>
   <trkpt lat="35.5640780" lon="139.5031190">
    <ele>49.0</ele>
    <time>2023-10-29T00:12:15Z</time>
   </trkpt>
   <trkpt lat="35.5640830" lon="139.5031560">
    <ele>48.8</ele>
    <time>2023-10-29T00:12:16Z</time>
   </trkpt>
   <trkpt lat="35.5641060" lon="139.5031830">
    <ele>48.7</ele>
    <time>2023-10-29T00:12:17Z</time>
   </trkpt>
   <trkpt lat="35.5641230" lon="139.5032160">
    <ele>48.6</ele>
    <time>2023-10-29T00:12:18Z</time>
   </trkpt>
   <trkpt lat="35.5641320" lon="139.5032560">
    <ele>48.5</ele>
    <time>2023-10-29T00:12:19Z</time>
   </trkpt>
   <trkpt lat="35.5641460" lon="139.5032850">
    <ele>48.5</ele>
    <time>2023-10-29T00:12:20Z</time>
   </trkpt>
   <trkpt lat="35.5641550" lon="139.5033180">
    <ele>48.4</ele>
    <time>2023-10-29T00:12:21Z</time>
   </trkpt>
   <trkpt lat="35.5641690" lon="139.5033640">
    <ele>48.4</ele>
    <time>2023-10-29T00:12:22Z</time>
   </trkpt>
   <trkpt lat="35.5641740" lon="139.5033790">
    <ele>48.3</ele>
    <time>2023-10-29T00:12:23Z</time>
   </trkpt>
   <trkpt lat="35.5641700" lon="139.5034310">
    <ele>48.2</ele>
    <time>2023-10-29T00:12:24Z</time>
   </trkpt>
   <trkpt lat="35.5641920" lon="139.5034690">
    <ele>48.2</ele>
    <time>2023-10-29T00:12:25Z</time>
   </trkpt>
   <trkpt lat="35.5641950" lon="139.5034880">
    <ele>48.1</ele>
    <time>2023-10-29T00:12:26Z</time>
   </trkpt>
   <trkpt lat="35.5641900" lon="139.5035290">
    <ele>48.1</ele>
    <time>2023-10-29T00:12:27Z</time>
   </trkpt>
   <trkpt lat="35.5641900" lon="139.5035680">
    <ele>48.0</ele>
    <time>2023-10-29T00:12:28Z</time>
   </trkpt>
   <trkpt lat="35.5641980" lon="139.5036040">
    <ele>47.9</ele>
    <time>2023-10-29T00:12:29Z</time>
   </trkpt>
   <trkpt lat="35.5642150" lon="139.5036380">
    <ele>47.9</ele>
    <time>2023-10-29T00:12:30Z</time>
   </trkpt>
   <trkpt lat="35.5642420" lon="139.5036630">
    <ele>47.8</ele>
    <time>2023-10-29T00:12:31Z</time>
   </trkpt>
   <trkpt lat="35.5642360" lon="139.5036950">
    <ele>47.8</ele>
    <time>2023-10-29T00:12:32Z</time>
   </trkpt>
   <trkpt lat="35.5642520" lon="139.5037360">
    <ele>47.7</ele>
    <time>2023-10-29T00:12:33Z</time>
   </trkpt>
   <trkpt lat="35.5642580" lon="139.5037500">
    <ele>47.7</ele>
    <time>2023-10-29T00:12:34Z</time>
   </trkpt>
   <trkpt lat="35.5642670" lon="139.5037830">
    <ele>47.7</ele>
    <time>2023-10-29T00:12:35Z</time>
   </trkpt>
   <trkpt lat="35.5642740" lon="139.5038160">
    <ele>47.7</ele>
    <time>2023-10-29T00:12:36Z</time>
   </trkpt>
   <trkpt lat="35.5642720" lon="139.5038600">
    <ele>47.6</ele>
    <time>2023-10-29T00:12:37Z</time>
   </trkpt>
   <trkpt lat="35.5642740" lon="139.5039040">
    <ele>47.6</ele>
    <time>2023-10-29T00:12:38Z</time>
   </trkpt>
   <trkpt lat="35.5642880" lon="139.5039350">
    <ele>47.6</ele>
    <time>2023-10-29T00:12:39Z</time>
   </trkpt>
   <trkpt lat="35.5643040" lon="139.5039790">
    <ele>47.6</ele>
    <time>2023-10-29T00:12:40Z</time>
   </trkpt>
   <trkpt lat="35.5643100" lon="139.5039940">
    <ele>47.6</ele>
    <time>2023-10-29T00:12:41Z</time>
   </trkpt>
   <trkpt lat="35.5642980" lon="139.5040360">
    <ele>47.7</ele>
    <time>2023-10-29T00:12:42Z</time>
   </trkpt>
   <trkpt lat="35.5642850" lon="139.5040480">
    <ele>47.7</ele>
    <time>2023-10-29T00:12:43Z</time>
   </trkpt>
   <trkpt lat="35.5642570" lon="139.5040640">
    <ele>47.8</ele>
    <time>2023-10-29T00:12:44Z</time>
   </trkpt>
   <trkpt lat="35.5642470" lon="139.5040680">
    <ele>47.8</ele>
    <time>2023-10-29T00:12:45Z</time>
   </trkpt>
   <trkpt lat="35.5642130" lon="139.5040850">
    <ele>47.8</ele>
    <time>2023-10-29T00:12:46Z</time>
   </trkpt>
   <trkpt lat="35.5642010" lon="139.5040920">
    <ele>47.8</ele>
    <time>2023-10-29T00:12:47Z</time>
   </trkpt>
   <trkpt lat="35.5641750" lon="139.5041100">
    <ele>47.8</ele>
    <time>2023-10-29T00:12:48Z</time>
   </trkpt>
   <trkpt lat="35.5641370" lon="139.5041270">
    <ele>47.8</ele>
    <time>2023-10-29T00:12:49Z</time>
   </trkpt>
   <trkpt lat="35.5641230" lon="139.5041330">
    <ele>47.8</ele>
    <time>2023-10-29T00:12:50Z</time>
   </trkpt>
   <trkpt lat="35.5640960" lon="139.5041400">
    <ele>47.8</ele>
    <time>2023-10-29T00:12:51Z</time>
   </trkpt>
   <trkpt lat="35.5640670" lon="139.5041510">
    <ele>47.8</ele>
    <time>2023-10-29T00:12:52Z</time>
   </trkpt>
   <trkpt lat="35.5640420" lon="139.5041780">
    <ele>47.9</ele>
    <time>2023-10-29T00:12:53Z</time>
   </trkpt>
   <trkpt lat="35.5640100" lon="139.5041990">
    <ele>47.9</ele>
    <time>2023-10-29T00:12:54Z</time>
   </trkpt>
   <trkpt lat="35.5639980" lon="139.5042080">
    <ele>47.9</ele>
    <time>2023-10-29T00:12:55Z</time>
   </trkpt>
   <trkpt lat="35.5639760" lon="139.5042280">
    <ele>47.9</ele>
    <time>2023-10-29T00:12:56Z</time>
   </trkpt>
   <trkpt lat="35.5639500" lon="139.5042420">
    <ele>47.9</ele>
    <time>2023-10-29T00:12:57Z</time>
   </trkpt>
   <trkpt lat="35.5639250" lon="139.5042650">
    <ele>48.0</ele>
    <time>2023-10-29T00:12:58Z</time>
   </trkpt>
   <trkpt lat="35.5638970" lon="139.5042780">
    <ele>48.0</ele>
    <time>2023-10-29T00:12:59Z</time>
   </trkpt>
   <trkpt lat="35.5638610" lon="139.5042760">
    <ele>48.0</ele>
    <time>2023-10-29T00:13:00Z</time>
   </trkpt>
   <trkpt lat="35.5638340" lon="139.5042830">
    <ele>48.0</ele>
    <time>2023-10-29T00:13:01Z</time>
   </trkpt>
   <trkpt lat="35.5637960" lon="139.5043040">
    <ele>48.0</ele>
    <time>2023-10-29T00:13:02Z</time>
   </trkpt>
   <trkpt lat="35.5637800" lon="139.5043090">
    <ele>48.0</ele>
    <time>2023-10-29T00:13:03Z</time>
   </trkpt>
   <trkpt lat="35.5637490" lon="139.5043170">
    <ele>48.1</ele>
    <time>2023-10-29T00:13:04Z</time>
   </trkpt>
   <trkpt lat="35.5637200" lon="139.5043180">
    <ele>48.1</ele>
    <time>2023-10-29T00:13:05Z</time>
   </trkpt>
   <trkpt lat="35.5636860" lon="139.5043300">
    <ele>48.1</ele>
    <time>2023-10-29T00:13:06Z</time>
   </trkpt>
   <trkpt lat="35.5636530" lon="139.5043370">
    <ele>48.1</ele>
    <time>2023-10-29T00:13:07Z</time>
   </trkpt>
   <trkpt lat="35.5636420" lon="139.5043690">
    <ele>48.1</ele>
    <time>2023-10-29T00:13:08Z</time>
   </trkpt>
   <trkpt lat="35.5636110" lon="139.5043820">
    <ele>48.2</ele>
    <time>2023-10-29T00:13:09Z</time>
   </trkpt>
   <trkpt lat="35.5635860" lon="139.5043940">
    <ele>48.2</ele>
    <time>2023-10-29T00:13:10Z</time>
   </trkpt>
   <trkpt lat="35.5635490" lon="139.5044160">
    <ele>48.2</ele>
    <time>2023-10-29T00:13:11Z</time>
   </trkpt>
   <trkpt lat="35.5635380" lon="139.5044290">
    <ele>48.2</ele>
    <time>2023-10-29T00:13:12Z</time>
   </trkpt>
   <trkpt lat="35.5635040" lon="139.5044490">
    <ele>48.2</ele>
    <time>2023-10-29T00:13:13Z</time>
   </trkpt>
   <trkpt lat="35.5634930" lon="139.5044530">
    <ele>48.2</ele>
    <time>2023-10-29T00:13:14Z</time>
   </trkpt>
   <trkpt lat="35.5634650" lon="139.5044610">
    <ele>48.2</ele>
    <time>2023-10-29T00:13:15Z</time>
   </trkpt>
   <trkpt lat="35.5634300" lon="139.5044770">
    <ele>48.2</ele>
    <time>2023-10-29T00:13:16Z</time>
   </trkpt>
   <trkpt lat="35.5633970" lon="139.5044980">
    <ele>48.3</ele>
    <time>2023-10-29T00:13:17Z</time>
   </trkpt>
   <trkpt lat="35.5633730" lon="139.5045220">
    <ele>48.3</ele>
    <time>2023-10-29T00:13:18Z</time>
   </trkpt>
   <trkpt lat="35.5633450" lon="139.5045410">
    <ele>48.3</ele>
    <time>2023-10-29T00:13:20Z</time>
   </trkpt>
   <trkpt lat="35.5633130" lon="139.5045500">
    <ele>48.3</ele>
    <time>2023-10-29T00:13:21Z</time>
   </trkpt>
   <trkpt lat="35.5632760" lon="139.5045600">
    <ele>48.3</ele>
    <time>2023-10-29T00:13:22Z</time>
   </trkpt>
   <trkpt lat="35.5632630" lon="139.5045640">
    <ele>48.3</ele>
    <time>2023-10-29T00:13:23Z</time>
   </trkpt>
   <trkpt lat="35.5632340" lon="139.5045750">
    <ele>48.3</ele>
    <time>2023-10-29T00:13:24Z</time>
   </trkpt>
   <trkpt lat="35.5632010" lon="139.5045850">
    <ele>48.3</ele>
    <time>2023-10-29T00:13:25Z</time>
   </trkpt>
   <trkpt lat="35.5631680" lon="139.5045980">
    <ele>48.3</ele>
    <time>2023-10-29T00:13:26Z</time>
   </trkpt>
   <trkpt lat="35.5631170" lon="139.5045930">
    <ele>48.3</ele>
    <time>2023-10-29T00:13:27Z</time>
   </trkpt>
   <trkpt lat="35.5630700" lon="139.5045870">
    <ele>48.2</ele>
    <time>2023-10-29T00:13:28Z</time>
   </trkpt>
   <trkpt lat="35.5630390" lon="139.5045910">
    <ele>48.2</ele>
    <time>2023-10-29T00:13:29Z</time>
   </trkpt>
   <trkpt lat="35.5630320" lon="139.5046060">
    <ele>48.2</ele>
    <time>2023-10-29T00:13:30Z</time>
   </trkpt>
   <trkpt lat="35.5630070" lon="139.5046400">
    <ele>48.2</ele>
    <time>2023-10-29T00:13:31Z</time>
   </trkpt>
   <trkpt lat="35.5629850" lon="139.5046690">
    <ele>48.1</ele>
    <time>2023-10-29T00:13:32Z</time>
   </trkpt>
   <trkpt lat="35.5629600" lon="139.5047010">
    <ele>48.0</ele>
    <time>2023-10-29T00:13:33Z</time>
   </trkpt>
   <trkpt lat="35.5629280" lon="139.5047200">
    <ele>48.0</ele>
    <time>2023-10-29T00:13:34Z</time>
   </trkpt>
   <trkpt lat="35.5628970" lon="139.5047240">
    <ele>47.9</ele>
    <time>2023-10-29T00:13:35Z</time>
   </trkpt>
   <trkpt lat="35.5628650" lon="139.5047370">
    <ele>47.8</ele>
    <time>2023-10-29T00:13:36Z</time>
   </trkpt>
   <trkpt lat="35.5628290" lon="139.5047450">
    <ele>47.7</ele>
    <time>2023-10-29T00:13:37Z</time>
   </trkpt>
   <trkpt lat="35.5627890" lon="139.5047560">
    <ele>47.6</ele>
    <time>2023-10-29T00:13:38Z</time>
   </trkpt>
   <trkpt lat="35.5627750" lon="139.5047630">
    <ele>47.6</ele>
    <time>2023-10-29T00:13:39Z</time>
   </trkpt>
   <trkpt lat="35.5627380" lon="139.5047860">
    <ele>47.5</ele>
    <time>2023-10-29T00:13:40Z</time>
   </trkpt>
   <trkpt lat="35.5627210" lon="139.5047950">
    <ele>47.4</ele>
    <time>2023-10-29T00:13:41Z</time>
   </trkpt>
   <trkpt lat="35.5626880" lon="139.5048260">
    <ele>47.3</ele>
    <time>2023-10-29T00:13:42Z</time>
   </trkpt>
   <trkpt lat="35.5626620" lon="139.5048540">
    <ele>47.3</ele>
    <time>2023-10-29T00:13:43Z</time>
   </trkpt>
   <trkpt lat="35.5626330" lon="139.5048640">
    <ele>47.2</ele>
    <time>2023-10-29T00:13:44Z</time>
   </trkpt>
   <trkpt lat="35.5625960" lon="139.5048550">
    <ele>47.1</ele>
    <time>2023-10-29T00:13:45Z</time>
   </trkpt>
   <trkpt lat="35.5625620" lon="139.5048700">
    <ele>47.0</ele>
    <time>2023-10-29T00:13:46Z</time>
   </trkpt>
   <trkpt lat="35.5625320" lon="139.5048850">
    <ele>46.9</ele>
    <time>2023-10-29T00:13:47Z</time>
   </trkpt>
   <trkpt lat="35.5624960" lon="139.5048940">
    <ele>46.8</ele>
    <time>2023-10-29T00:13:48Z</time>
   </trkpt>
   <trkpt lat="35.5624840" lon="139.5048980">
    <ele>46.8</ele>
    <time>2023-10-29T00:13:49Z</time>
   </trkpt>
   <trkpt lat="35.5624560" lon="139.5049280">
    <ele>46.7</ele>
    <time>2023-10-29T00:13:50Z</time>
   </trkpt>
   <trkpt lat="35.5624220" lon="139.5049520">
    <ele>46.6</ele>
    <time>2023-10-29T00:13:51Z</time>
   </trkpt>
   <trkpt lat="35.5623890" lon="139.5049630">
    <ele>46.5</ele>
    <time>2023-10-29T00:13:52Z</time>
   </trkpt>
   <trkpt lat="35.5623630" lon="139.5049740">
    <ele>46.4</ele>
    <time>2023-10-29T00:13:53Z</time>
   </trkpt>
   <trkpt lat="35.5623360" lon="139.5049900">
    <ele>46.3</ele>
    <time>2023-10-29T00:13:54Z</time>
   </trkpt>
   <trkpt lat="35.5623060" lon="139.5050030">
    <ele>46.2</ele>
    <time>2023-10-29T00:13:55Z</time>
   </trkpt>
   <trkpt lat="35.5622780" lon="139.5050110">
    <ele>46.1</ele>
    <time>2023-10-29T00:13:56Z</time>
   </trkpt>
   <trkpt lat="35.5622520" lon="139.5050280">
    <ele>46.1</ele>
    <time>2023-10-29T00:13:57Z</time>
   </trkpt>
   <trkpt lat="35.5622240" lon="139.5050450">
    <ele>46.0</ele>
    <time>2023-10-29T00:13:58Z</time>
   </trkpt>
   <trkpt lat="35.5621880" lon="139.5050440">
    <ele>45.8</ele>
    <time>2023-10-29T00:13:59Z</time>
   </trkpt>
   <trkpt lat="35.5621550" lon="139.5050490">
    <ele>45.7</ele>
    <time>2023-10-29T00:14:00Z</time>
   </trkpt>
   <trkpt lat="35.5621060" lon="139.5051170">
    <ele>45.4</ele>
    <time>2023-10-29T00:14:01Z</time>
   </trkpt>
   <trkpt lat="35.5620770" lon="139.5051160">
    <ele>45.3</ele>
    <time>2023-10-29T00:14:02Z</time>
   </trkpt>
   <trkpt lat="35.5620440" lon="139.5051070">
    <ele>45.2</ele>
    <time>2023-10-29T00:14:03Z</time>
   </trkpt>
   <trkpt lat="35.5620110" lon="139.5051150">
    <ele>45.0</ele>
    <time>2023-10-29T00:14:04Z</time>
   </trkpt>
   <trkpt lat="35.5619790" lon="139.5051480">
    <ele>44.8</ele>
    <time>2023-10-29T00:14:05Z</time>
   </trkpt>
   <trkpt lat="35.5619580" lon="139.5051720">
    <ele>44.7</ele>
    <time>2023-10-29T00:14:06Z</time>
   </trkpt>
   <trkpt lat="35.5619360" lon="139.5051960">
    <ele>44.5</ele>
    <time>2023-10-29T00:14:07Z</time>
   </trkpt>
   <trkpt lat="35.5619120" lon="139.5052290">
    <ele>44.3</ele>
    <time>2023-10-29T00:14:08Z</time>
   </trkpt>
   <trkpt lat="35.5618900" lon="139.5052620">
    <ele>44.1</ele>
    <time>2023-10-29T00:14:09Z</time>
   </trkpt>
   <trkpt lat="35.5618650" lon="139.5052870">
    <ele>43.9</ele>
    <time>2023-10-29T00:14:10Z</time>
   </trkpt>
   <trkpt lat="35.5618310" lon="139.5052970">
    <ele>43.7</ele>
    <time>2023-10-29T00:14:11Z</time>
   </trkpt>
   <trkpt lat="35.5618010" lon="139.5053020">
    <ele>43.5</ele>
    <time>2023-10-29T00:14:12Z</time>
   </trkpt>
   <trkpt lat="35.5617630" lon="139.5052940">
    <ele>43.2</ele>
    <time>2023-10-29T00:14:13Z</time>
   </trkpt>
   <trkpt lat="35.5617290" lon="139.5052940">
    <ele>43.0</ele>
    <time>2023-10-29T00:14:14Z</time>
   </trkpt>
   <trkpt lat="35.5617100" lon="139.5053180">
    <ele>42.8</ele>
    <time>2023-10-29T00:14:15Z</time>
   </trkpt>
   <trkpt lat="35.5616830" lon="139.5053290">
    <ele>42.6</ele>
    <time>2023-10-29T00:14:16Z</time>
   </trkpt>
   <trkpt lat="35.5616550" lon="139.5053410">
    <ele>42.4</ele>
    <time>2023-10-29T00:14:17Z</time>
   </trkpt>
   <trkpt lat="35.5616250" lon="139.5053570">
    <ele>42.2</ele>
    <time>2023-10-29T00:14:18Z</time>
   </trkpt>
   <trkpt lat="35.5615950" lon="139.5053640">
    <ele>42.0</ele>
    <time>2023-10-29T00:14:19Z</time>
   </trkpt>
   <trkpt lat="35.5615230" lon="139.5053940">
    <ele>41.5</ele>
    <time>2023-10-29T00:14:20Z</time>
   </trkpt>
   <trkpt lat="35.5614740" lon="139.5054140">
    <ele>41.1</ele>
    <time>2023-10-29T00:14:21Z</time>
   </trkpt>
   <trkpt lat="35.5614260" lon="139.5054340">
    <ele>40.8</ele>
    <time>2023-10-29T00:14:27Z</time>
   </trkpt>
   <trkpt lat="35.5613780" lon="139.5054540">
    <ele>40.4</ele>
    <time>2023-10-29T00:14:28Z</time>
   </trkpt>
   <trkpt lat="35.5613510" lon="139.5054810">
    <ele>40.2</ele>
    <time>2023-10-29T00:14:29Z</time>
   </trkpt>
   <trkpt lat="35.5613220" lon="139.5055020">
    <ele>40.0</ele>
    <time>2023-10-29T00:14:30Z</time>
   </trkpt>
   <trkpt lat="35.5613130" lon="139.5055080">
    <ele>39.9</ele>
    <time>2023-10-29T00:14:31Z</time>
   </trkpt>
   <trkpt lat="35.5612790" lon="139.5055300">
    <ele>39.6</ele>
    <time>2023-10-29T00:14:32Z</time>
   </trkpt>
   <trkpt lat="35.5612410" lon="139.5055500">
    <ele>39.4</ele>
    <time>2023-10-29T00:14:33Z</time>
   </trkpt>
   <trkpt lat="35.5612070" lon="139.5055670">
    <ele>39.1</ele>
    <time>2023-10-29T00:14:34Z</time>
   </trkpt>
   <trkpt lat="35.5611950" lon="139.5056120">
    <ele>38.8</ele>
    <time>2023-10-29T00:14:35Z</time>
   </trkpt>
   <trkpt lat="35.5611630" lon="139.5055970">
    <ele>38.6</ele>
    <time>2023-10-29T00:14:36Z</time>
   </trkpt>
   <trkpt lat="35.5611360" lon="139.5055950">
    <ele>38.4</ele>
    <time>2023-10-29T00:14:37Z</time>
   </trkpt>
   <trkpt lat="35.5610970" lon="139.5056090">
    <ele>38.1</ele>
    <time>2023-10-29T00:14:38Z</time>
   </trkpt>
   <trkpt lat="35.5610840" lon="139.5056140">
    <ele>38.0</ele>
    <time>2023-10-29T00:14:39Z</time>
   </trkpt>
   <trkpt lat="35.5610590" lon="139.5056320">
    <ele>37.7</ele>
    <time>2023-10-29T00:14:40Z</time>
   </trkpt>
   <trkpt lat="35.5610220" lon="139.5056490">
    <ele>37.4</ele>
    <time>2023-10-29T00:14:41Z</time>
   </trkpt>
   <trkpt lat="35.5610090" lon="139.5056540">
    <ele>37.3</ele>
    <time>2023-10-29T00:14:42Z</time>
   </trkpt>
   <trkpt lat="35.5609670" lon="139.5056530">
    <ele>36.9</ele>
    <time>2023-10-29T00:14:43Z</time>
   </trkpt>
   <trkpt lat="35.5609350" lon="139.5056500">
    <ele>36.7</ele>
    <time>2023-10-29T00:14:44Z</time>
   </trkpt>
   <trkpt lat="35.5609030" lon="139.5056560">
    <ele>36.4</ele>
    <time>2023-10-29T00:14:45Z</time>
   </trkpt>
   <trkpt lat="35.5608750" lon="139.5056820">
    <ele>36.1</ele>
    <time>2023-10-29T00:14:46Z</time>
   </trkpt>
   <trkpt lat="35.5608450" lon="139.5056990">
    <ele>35.8</ele>
    <time>2023-10-29T00:14:47Z</time>
   </trkpt>
   <trkpt lat="35.5608200" lon="139.5057180">
    <ele>35.5</ele>
    <time>2023-10-29T00:14:48Z</time>
   </trkpt>
   <trkpt lat="35.5607840" lon="139.5057310">
    <ele>35.2</ele>
    <time>2023-10-29T00:14:49Z</time>
   </trkpt>
   <trkpt lat="35.5607540" lon="139.5057430">
    <ele>34.9</ele>
    <time>2023-10-29T00:14:50Z</time>
   </trkpt>
   <trkpt lat="35.5607250" lon="139.5057480">
    <ele>34.7</ele>
    <time>2023-10-29T00:14:51Z</time>
   </trkpt>
   <trkpt lat="35.5607000" lon="139.5057710">
    <ele>34.4</ele>
    <time>2023-10-29T00:14:52Z</time>
   </trkpt>
   <trkpt lat="35.5606600" lon="139.5057890">
    <ele>34.1</ele>
    <time>2023-10-29T00:14:53Z</time>
   </trkpt>
   <trkpt lat="35.5606430" lon="139.5057930">
    <ele>33.9</ele>
    <time>2023-10-29T00:14:54Z</time>
   </trkpt>
   <trkpt lat="35.5606100" lon="139.5058100">
    <ele>33.8</ele>
    <time>2023-10-29T00:14:55Z</time>
   </trkpt>
   <trkpt lat="35.5605790" lon="139.5058300">
    <ele>33.6</ele>
    <time>2023-10-29T00:14:56Z</time>
   </trkpt>
   <trkpt lat="35.5605530" lon="139.5058460">
    <ele>33.5</ele>
    <time>2023-10-29T00:14:57Z</time>
   </trkpt>
   <trkpt lat="35.5605240" lon="139.5058560">
    <ele>33.4</ele>
    <time>2023-10-29T00:14:58Z</time>
   </trkpt>
   <trkpt lat="35.5605010" lon="139.5058780">
    <ele>33.3</ele>
    <time>2023-10-29T00:14:59Z</time>
   </trkpt>
   <trkpt lat="35.5604670" lon="139.5059020">
    <ele>33.1</ele>
    <time>2023-10-29T00:15:00Z</time>
   </trkpt>
   <trkpt lat="35.5604560" lon="139.5059090">
    <ele>33.1</ele>
    <time>2023-10-29T00:15:01Z</time>
   </trkpt>
   <trkpt lat="35.5604300" lon="139.5059240">
    <ele>33.0</ele>
    <time>2023-10-29T00:15:02Z</time>
   </trkpt>
   <trkpt lat="35.5603980" lon="139.5059340">
    <ele>32.8</ele>
    <time>2023-10-29T00:15:03Z</time>
   </trkpt>
   <trkpt lat="35.5603690" lon="139.5059510">
    <ele>32.7</ele>
    <time>2023-10-29T00:15:04Z</time>
   </trkpt>
   <trkpt lat="35.5603370" lon="139.5059760">
    <ele>32.5</ele>
    <time>2023-10-29T00:15:05Z</time>
   </trkpt>
   <trkpt lat="35.5603040" lon="139.5059820">
    <ele>32.4</ele>
    <time>2023-10-29T00:15:06Z</time>
   </trkpt>
   <trkpt lat="35.5602720" lon="139.5059830">
    <ele>32.2</ele>
    <time>2023-10-29T00:15:07Z</time>
   </trkpt>
   <trkpt lat="35.5602460" lon="139.5060000">
    <ele>32.2</ele>
    <time>2023-10-29T00:15:08Z</time>
   </trkpt>
   <trkpt lat="35.5602130" lon="139.5060130">
    <ele>32.1</ele>
    <time>2023-10-29T00:15:09Z</time>
   </trkpt>
   <trkpt lat="35.5601700" lon="139.5060350">
    <ele>31.9</ele>
    <time>2023-10-29T00:15:10Z</time>
   </trkpt>
   <trkpt lat="35.5601370" lon="139.5060420">
    <ele>31.9</ele>
    <time>2023-10-29T00:15:11Z</time>
   </trkpt>
   <trkpt lat="35.5601010" lon="139.5060630">
    <ele>31.8</ele>
    <time>2023-10-29T00:15:12Z</time>
   </trkpt>
   <trkpt lat="35.5600720" lon="139.5060810">
    <ele>31.7</ele>
    <time>2023-10-29T00:15:13Z</time>
   </trkpt>
   <trkpt lat="35.5600460" lon="139.5061170">
    <ele>31.7</ele>
    <time>2023-10-29T00:15:14Z</time>
   </trkpt>
   <trkpt lat="35.5600340" lon="139.5061310">
    <ele>31.6</ele>
    <time>2023-10-29T00:15:15Z</time>
   </trkpt>
   <trkpt lat="35.5600040" lon="139.5061540">
    <ele>31.6</ele>
    <time>2023-10-29T00:15:16Z</time>
   </trkpt>
   <trkpt lat="35.5599710" lon="139.5061750">
    <ele>31.5</ele>
    <time>2023-10-29T00:15:17Z</time>
   </trkpt>
   <trkpt lat="35.5599390" lon="139.5061800">
    <ele>31.5</ele>
    <time>2023-10-29T00:15:18Z</time>
   </trkpt>
   <trkpt lat="35.5599020" lon="139.5061810">
    <ele>31.4</ele>
    <time>2023-10-29T00:15:19Z</time>
   </trkpt>
   <trkpt lat="35.5598890" lon="139.5061810">
    <ele>31.4</ele>
    <time>2023-10-29T00:15:20Z</time>
   </trkpt>
   <trkpt lat="35.5598490" lon="139.5061860">
    <ele>31.3</ele>
    <time>2023-10-29T00:15:21Z</time>
   </trkpt>
   <trkpt lat="35.5598350" lon="139.5061880">
    <ele>31.3</ele>
    <time>2023-10-29T00:15:22Z</time>
   </trkpt>
   <trkpt lat="35.5598050" lon="139.5061840">
    <ele>31.3</ele>
    <time>2023-10-29T00:15:23Z</time>
   </trkpt>
   <trkpt lat="35.5597790" lon="139.5061750">
    <ele>31.3</ele>
    <time>2023-10-29T00:15:24Z</time>
   </trkpt>
   <trkpt lat="35.5597660" lon="139.5061650">
    <ele>31.3</ele>
    <time>2023-10-29T00:15:26Z</time>
   </trkpt>
   <trkpt lat="35.5597550" lon="139.5061530">
    <ele>31.3</ele>
    <time>2023-10-29T00:15:27Z</time>
   </trkpt>
   <trkpt lat="35.5597420" lon="139.5061430">
    <ele>31.3</ele>
    <time>2023-10-29T00:15:28Z</time>
   </trkpt>
   <trkpt lat="35.5597370" lon="139.5061380">
    <ele>31.3</ele>
    <time>2023-10-29T00:15:29Z</time>
   </trkpt>
   <trkpt lat="35.5597370" lon="139.5061330">
    <ele>31.3</ele>
    <time>2023-10-29T00:15:30Z</time>
   </trkpt>
   <trkpt lat="35.5597280" lon="139.5061280">
    <ele>31.3</ele>
    <time>2023-10-29T00:15:31Z</time>
   </trkpt>
   <trkpt lat="35.5596120" lon="139.5061740">
    <ele>31.3</ele>
    <time>2023-10-29T00:16:02Z</time>
   </trkpt>
   <trkpt lat="35.5595940" lon="139.5061670">
    <ele>31.3</ele>
    <time>2023-10-29T00:16:03Z</time>
   </trkpt>
   <trkpt lat="35.5595870" lon="139.5061800">
    <ele>31.2</ele>
    <time>2023-10-29T00:16:04Z</time>
   </trkpt>
   <trkpt lat="35.5595760" lon="139.5061990">
    <ele>31.2</ele>
    <time>2023-10-29T00:16:05Z</time>
   </trkpt>
   <trkpt lat="35.5595660" lon="139.5062180">
    <ele>31.2</ele>
    <time>2023-10-29T00:16:06Z</time>
   </trkpt>
   <trkpt lat="35.5595560" lon="139.5062370">
    <ele>31.2</ele>
    <time>2023-10-29T00:16:07Z</time>
   </trkpt>
   <trkpt lat="35.5595500" lon="139.5062770">
    <ele>31.2</ele>
    <time>2023-10-29T00:16:08Z</time>
   </trkpt>
   <trkpt lat="35.5595400" lon="139.5063080">
    <ele>31.2</ele>
    <time>2023-10-29T00:16:09Z</time>
   </trkpt>
   <trkpt lat="35.5595360" lon="139.5063180">
    <ele>31.2</ele>
    <time>2023-10-29T00:16:10Z</time>
   </trkpt>
   <trkpt lat="35.5594940" lon="139.5063490">
    <ele>31.1</ele>
    <time>2023-10-29T00:16:11Z</time>
   </trkpt>
   <trkpt lat="35.5594730" lon="139.5063600">
    <ele>31.1</ele>
    <time>2023-10-29T00:16:12Z</time>
   </trkpt>
   <trkpt lat="35.5594380" lon="139.5063910">
    <ele>31.1</ele>
    <time>2023-10-29T00:16:13Z</time>
   </trkpt>
   <trkpt lat="35.5594200" lon="139.5063990">
    <ele>31.1</ele>
    <time>2023-10-29T00:16:14Z</time>
   </trkpt>
   <trkpt lat="35.5593890" lon="139.5063930">
    <ele>31.1</ele>
    <time>2023-10-29T00:16:15Z</time>
   </trkpt>
   <trkpt lat="35.5593770" lon="139.5064010">
    <ele>31.1</ele>
    <time>2023-10-29T00:16:16Z</time>
   </trkpt>
   <trkpt lat="35.5593370" lon="139.5064080">
    <ele>31.2</ele>
    <time>2023-10-29T00:16:17Z</time>
   </trkpt>
   <trkpt lat="35.5593230" lon="139.5064100">
    <ele>31.2</ele>
    <time>2023-10-29T00:16:18Z</time>
   </trkpt>
   <trkpt lat="35.5592940" lon="139.5064120">
    <ele>31.2</ele>
    <time>2023-10-29T00:16:19Z</time>
   </trkpt>
   <trkpt lat="35.5592690" lon="139.5064360">
    <ele>31.3</ele>
    <time>2023-10-29T00:16:20Z</time>
   </trkpt>
   <trkpt lat="35.5592420" lon="139.5064540">
    <ele>31.3</ele>
    <time>2023-10-29T00:16:21Z</time>
   </trkpt>
   <trkpt lat="35.5592060" lon="139.5064460">
    <ele>31.4</ele>
    <time>2023-10-29T00:16:22Z</time>
   </trkpt>
   <trkpt lat="35.5591740" lon="139.5064640">
    <ele>31.4</ele>
    <time>2023-10-29T00:16:23Z</time>
   </trkpt>
   <trkpt lat="35.5591430" lon="139.5064830">
    <ele>31.6</ele>
    <time>2023-10-29T00:16:24Z</time>
   </trkpt>
   <trkpt lat="35.5591320" lon="139.5064880">
    <ele>31.6</ele>
    <time>2023-10-29T00:16:25Z</time>
   </trkpt>
   <trkpt lat="35.5591180" lon="139.5065010">
    <ele>31.7</ele>
    <time>2023-10-29T00:16:26Z</time>
   </trkpt>
   <trkpt lat="35.5591130" lon="139.5065190">
    <ele>31.8</ele>
    <time>2023-10-29T00:16:27Z</time>
   </trkpt>
   <trkpt lat="35.5590830" lon="139.5065290">
    <ele>32.0</ele>
    <time>2023-10-29T00:16:28Z</time>
   </trkpt>
   <trkpt lat="35.5590720" lon="139.5065300">
    <ele>32.0</ele>
    <time>2023-10-29T00:16:29Z</time>
   </trkpt>
   <trkpt lat="35.5590280" lon="139.5065280">
    <ele>32.3</ele>
    <time>2023-10-29T00:16:30Z</time>
   </trkpt>
   <trkpt lat="35.5590110" lon="139.5065290">
    <ele>32.4</ele>
    <time>2023-10-29T00:16:31Z</time>
   </trkpt>
   <trkpt lat="35.5589830" lon="139.5065480">
    <ele>32.6</ele>
    <time>2023-10-29T00:16:32Z</time>
   </trkpt>
   <trkpt lat="35.5589530" lon="139.5065490">
    <ele>32.8</ele>
    <time>2023-10-29T00:16:33Z</time>
   </trkpt>
   <trkpt lat="35.5589230" lon="139.5065450">
    <ele>33.0</ele>
    <time>2023-10-29T00:16:34Z</time>
   </trkpt>
   <trkpt lat="35.5588860" lon="139.5065600">
    <ele>33.3</ele>
    <time>2023-10-29T00:16:35Z</time>
   </trkpt>
   <trkpt lat="35.5588730" lon="139.5065650">
    <ele>33.4</ele>
    <time>2023-10-29T00:16:36Z</time>
   </trkpt>
   <trkpt lat="35.5588450" lon="139.5065710">
    <ele>33.5</ele>
    <time>2023-10-29T00:16:37Z</time>
   </trkpt>
   <trkpt lat="35.5588120" lon="139.5065690">
    <ele>33.8</ele>
    <time>2023-10-29T00:16:38Z</time>
   </trkpt>
   <trkpt lat="35.5587830" lon="139.5065760">
    <ele>34.0</ele>
    <time>2023-10-29T00:16:39Z</time>
   </trkpt>
   <trkpt lat="35.5587490" lon="139.5065830">
    <ele>34.2</ele>
    <time>2023-10-29T00:16:40Z</time>
   </trkpt>
   <trkpt lat="35.5587390" lon="139.5065850">
    <ele>34.3</ele>
    <time>2023-10-29T00:16:41Z</time>
   </trkpt>
   <trkpt lat="35.5587050" lon="139.5065960">
    <ele>34.6</ele>
    <time>2023-10-29T00:16:42Z</time>
   </trkpt>
   <trkpt lat="35.5586670" lon="139.5066050">
    <ele>34.8</ele>
    <time>2023-10-29T00:16:43Z</time>
   </trkpt>
   <trkpt lat="35.5586540" lon="139.5066130">
    <ele>35.0</ele>
    <time>2023-10-29T00:16:44Z</time>
   </trkpt>
   <trkpt lat="35.5586210" lon="139.5066120">
    <ele>35.2</ele>
    <time>2023-10-29T00:16:45Z</time>
   </trkpt>
   <trkpt lat="35.5585900" lon="139.5066130">
    <ele>35.5</ele>
    <time>2023-10-29T00:16:46Z</time>
   </trkpt>
   <trkpt lat="35.5585810" lon="139.5066230">
    <ele>35.6</ele>
    <time>2023-10-29T00:16:47Z</time>
   </trkpt>
   <trkpt lat="35.5585710" lon="139.5066630">
    <ele>35.9</ele>
    <time>2023-10-29T00:16:48Z</time>
   </trkpt>
   <trkpt lat="35.5585550" lon="139.5066990">
    <ele>36.2</ele>
    <time>2023-10-29T00:16:49Z</time>
   </trkpt>
   <trkpt lat="35.5585500" lon="139.5067120">
    <ele>36.3</ele>
    <time>2023-10-29T00:16:50Z</time>
   </trkpt>
   <trkpt lat="35.5585090" lon="139.5067280">
    <ele>36.6</ele>
    <time>2023-10-29T00:16:51Z</time>
   </trkpt>
   <trkpt lat="35.5584880" lon="139.5067220">
    <ele>36.8</ele>
    <time>2023-10-29T00:16:52Z</time>
   </trkpt>
   <trkpt lat="35.5584580" lon="139.5067150">
    <ele>37.1</ele>
    <time>2023-10-29T00:16:53Z</time>
   </trkpt>
   <trkpt lat="35.5584240" lon="139.5067110">
    <ele>37.4</ele>
    <time>2023-10-29T00:16:54Z</time>
   </trkpt>
   <trkpt lat="35.5584120" lon="139.5067130">
    <ele>37.5</ele>
    <time>2023-10-29T00:16:55Z</time>
   </trkpt>
   <trkpt lat="35.5583830" lon="139.5067150">
    <ele>37.7</ele>
    <time>2023-10-29T00:16:56Z</time>
   </trkpt>
   <trkpt lat="35.5583550" lon="139.5067060">
    <ele>38.0</ele>
    <time>2023-10-29T00:16:57Z</time>
   </trkpt>
   <trkpt lat="35.5583280" lon="139.5067210">
    <ele>38.2</ele>
    <time>2023-10-29T00:16:58Z</time>
   </trkpt>
   <trkpt lat="35.5583000" lon="139.5067370">
    <ele>38.5</ele>
    <time>2023-10-29T00:16:59Z</time>
   </trkpt>
   <trkpt lat="35.5582910" lon="139.5067420">
    <ele>38.6</ele>
    <time>2023-10-29T00:17:00Z</time>
   </trkpt>
   <trkpt lat="35.5582650" lon="139.5067520">
    <ele>38.8</ele>
    <time>2023-10-29T00:17:01Z</time>
   </trkpt>
   <trkpt lat="35.5582250" lon="139.5067620">
    <ele>39.1</ele>
    <time>2023-10-29T00:17:02Z</time>
   </trkpt>
   <trkpt lat="35.5582110" lon="139.5067660">
    <ele>39.3</ele>
    <time>2023-10-29T00:17:03Z</time>
   </trkpt>
   <trkpt lat="35.5581790" lon="139.5067900">
    <ele>39.6</ele>
    <time>2023-10-29T00:17:04Z</time>
   </trkpt>
   <trkpt lat="35.5581650" lon="139.5067930">
    <ele>39.7</ele>
    <time>2023-10-29T00:17:05Z</time>
   </trkpt>
   <trkpt lat="35.5581280" lon="139.5068060">
    <ele>40.1</ele>
    <time>2023-10-29T00:17:06Z</time>
   </trkpt>
   <trkpt lat="35.5581140" lon="139.5068070">
    <ele>40.2</ele>
    <time>2023-10-29T00:17:07Z</time>
   </trkpt>
   <trkpt lat="35.5580850" lon="139.5068180">
    <ele>40.5</ele>
    <time>2023-10-29T00:17:08Z</time>
   </trkpt>
   <trkpt lat="35.5580740" lon="139.5068250">
    <ele>40.6</ele>
    <time>2023-10-29T00:17:09Z</time>
   </trkpt>
   <trkpt lat="35.5580430" lon="139.5068360">
    <ele>40.9</ele>
    <time>2023-10-29T00:17:10Z</time>
   </trkpt>
   <trkpt lat="35.5580320" lon="139.5068420">
    <ele>41.0</ele>
    <time>2023-10-29T00:17:11Z</time>
   </trkpt>
   <trkpt lat="35.5580060" lon="139.5068540">
    <ele>41.2</ele>
    <time>2023-10-29T00:17:12Z</time>
   </trkpt>
   <trkpt lat="35.5579940" lon="139.5068520">
    <ele>41.3</ele>
    <time>2023-10-29T00:17:13Z</time>
   </trkpt>
   <trkpt lat="35.5579590" lon="139.5068490">
    <ele>41.7</ele>
    <time>2023-10-29T00:17:14Z</time>
   </trkpt>
   <trkpt lat="35.5579440" lon="139.5068480">
    <ele>41.8</ele>
    <time>2023-10-29T00:17:15Z</time>
   </trkpt>
   <trkpt lat="35.5579080" lon="139.5068530">
    <ele>42.1</ele>
    <time>2023-10-29T00:17:16Z</time>
   </trkpt>
   <trkpt lat="35.5578970" lon="139.5068560">
    <ele>42.2</ele>
    <time>2023-10-29T00:17:17Z</time>
   </trkpt>
   <trkpt lat="35.5578730" lon="139.5068870">
    <ele>42.5</ele>
    <time>2023-10-29T00:17:18Z</time>
   </trkpt>
   <trkpt lat="35.5578630" lon="139.5068950">
    <ele>42.6</ele>
    <time>2023-10-29T00:17:19Z</time>
   </trkpt>
   <trkpt lat="35.5578490" lon="139.5069060">
    <ele>42.7</ele>
    <time>2023-10-29T00:17:20Z</time>
   </trkpt>
   <trkpt lat="35.5578350" lon="139.5069140">
    <ele>42.8</ele>
    <time>2023-10-29T00:17:21Z</time>
   </trkpt>
   <trkpt lat="35.5578060" lon="139.5069110">
    <ele>43.0</ele>
    <time>2023-10-29T00:17:22Z</time>
   </trkpt>
   <trkpt lat="35.5577960" lon="139.5069110">
    <ele>43.1</ele>
    <time>2023-10-29T00:17:23Z</time>
   </trkpt>
   <trkpt lat="35.5577620" lon="139.5069250">
    <ele>43.4</ele>
    <time>2023-10-29T00:17:24Z</time>
   </trkpt>
   <trkpt lat="35.5577500" lon="139.5069330">
    <ele>43.5</ele>
    <time>2023-10-29T00:17:25Z</time>
   </trkpt>
   <trkpt lat="35.5577210" lon="139.5069480">
    <ele>43.8</ele>
    <time>2023-10-29T00:17:26Z</time>
   </trkpt>
   <trkpt lat="35.5577110" lon="139.5069490">
    <ele>43.8</ele>
    <time>2023-10-29T00:17:27Z</time>
   </trkpt>
   <trkpt lat="35.5576790" lon="139.5069610">
    <ele>44.1</ele>
    <time>2023-10-29T00:17:28Z</time>
   </trkpt>
   <trkpt lat="35.5576690" lon="139.5069610">
    <ele>44.2</ele>
    <time>2023-10-29T00:17:29Z</time>
   </trkpt>
   <trkpt lat="35.5576410" lon="139.5069700">
    <ele>44.5</ele>
    <time>2023-10-29T00:17:30Z</time>
   </trkpt>
   <trkpt lat="35.5576070" lon="139.5069700">
    <ele>44.7</ele>
    <time>2023-10-29T00:17:32Z</time>
   </trkpt>
   <trkpt lat="35.5575970" lon="139.5069740">
    <ele>44.8</ele>
    <time>2023-10-29T00:17:33Z</time>
   </trkpt>
   <trkpt lat="35.5575710" lon="139.5069890">
    <ele>45.1</ele>
    <time>2023-10-29T00:17:34Z</time>
   </trkpt>
   <trkpt lat="35.5575620" lon="139.5069930">
    <ele>45.1</ele>
    <time>2023-10-29T00:17:35Z</time>
   </trkpt>
   <trkpt lat="35.5575300" lon="139.5070020">
    <ele>45.4</ele>
    <time>2023-10-29T00:17:36Z</time>
   </trkpt>
   <trkpt lat="35.5575170" lon="139.5070040">
    <ele>45.5</ele>
    <time>2023-10-29T00:17:37Z</time>
   </trkpt>
   <trkpt lat="35.5574800" lon="139.5070200">
    <ele>45.9</ele>
    <time>2023-10-29T00:17:38Z</time>
   </trkpt>
   <trkpt lat="35.5574670" lon="139.5070310">
    <ele>46.0</ele>
    <time>2023-10-29T00:17:39Z</time>
   </trkpt>
   <trkpt lat="35.5574560" lon="139.5070380">
    <ele>46.1</ele>
    <time>2023-10-29T00:17:40Z</time>
   </trkpt>
   <trkpt lat="35.5574350" lon="139.5070400">
    <ele>46.3</ele>
    <time>2023-10-29T00:17:41Z</time>
   </trkpt>
   <trkpt lat="35.5574050" lon="139.5070580">
    <ele>46.6</ele>
    <time>2023-10-29T00:17:42Z</time>
   </trkpt>
   <trkpt lat="35.5573940" lon="139.5070670">
    <ele>46.7</ele>
    <time>2023-10-29T00:17:43Z</time>
   </trkpt>
   <trkpt lat="35.5573570" lon="139.5070720">
    <ele>47.0</ele>
    <time>2023-10-29T00:17:44Z</time>
   </trkpt>
   <trkpt lat="35.5573440" lon="139.5070710">
    <ele>47.1</ele>
    <time>2023-10-29T00:17:45Z</time>
   </trkpt>
   <trkpt lat="35.5573100" lon="139.5070710">
    <ele>47.4</ele>
    <time>2023-10-29T00:17:46Z</time>
   </trkpt>
   <trkpt lat="35.5573000" lon="139.5070710">
    <ele>47.5</ele>
    <time>2023-10-29T00:17:47Z</time>
   </trkpt>
   <trkpt lat="35.5572730" lon="139.5070930">
    <ele>47.8</ele>
    <time>2023-10-29T00:17:48Z</time>
   </trkpt>
   <trkpt lat="35.5572460" lon="139.5071150">
    <ele>48.1</ele>
    <time>2023-10-29T00:17:49Z</time>
   </trkpt>
   <trkpt lat="35.5572380" lon="139.5071160">
    <ele>48.2</ele>
    <time>2023-10-29T00:17:50Z</time>
   </trkpt>
   <trkpt lat="35.5572140" lon="139.5071310">
    <ele>48.4</ele>
    <time>2023-10-29T00:17:51Z</time>
   </trkpt>
   <trkpt lat="35.5572050" lon="139.5071360">
    <ele>48.5</ele>
    <time>2023-10-29T00:17:52Z</time>
   </trkpt>
   <trkpt lat="35.5571730" lon="139.5071540">
    <ele>48.9</ele>
    <time>2023-10-29T00:17:53Z</time>
   </trkpt>
   <trkpt lat="35.5571620" lon="139.5071580">
    <ele>49.0</ele>
    <time>2023-10-29T00:17:54Z</time>
   </trkpt>
   <trkpt lat="35.5571320" lon="139.5071790">
    <ele>49.3</ele>
    <time>2023-10-29T00:17:55Z</time>
   </trkpt>
   <trkpt lat="35.5571180" lon="139.5071860">
    <ele>49.4</ele>
    <time>2023-10-29T00:17:56Z</time>
   </trkpt>
   <trkpt lat="35.5570840" lon="139.5072070">
    <ele>49.8</ele>
    <time>2023-10-29T00:17:57Z</time>
   </trkpt>
   <trkpt lat="35.5570730" lon="139.5072150">
    <ele>49.9</ele>
    <time>2023-10-29T00:17:58Z</time>
   </trkpt>
   <trkpt lat="35.5570290" lon="139.5072440">
    <ele>50.4</ele>
    <time>2023-10-29T00:17:59Z</time>
   </trkpt>
   <trkpt lat="35.5570110" lon="139.5072600">
    <ele>50.6</ele>
    <time>2023-10-29T00:18:00Z</time>
   </trkpt>
   <trkpt lat="35.5569750" lon="139.5072780">
    <ele>50.9</ele>
    <time>2023-10-29T00:18:01Z</time>
   </trkpt>
   <trkpt lat="35.5569640" lon="139.5072860">
    <ele>51.0</ele>
    <time>2023-10-29T00:18:02Z</time>
   </trkpt>
   <trkpt lat="35.5569480" lon="139.5073300">
    <ele>51.4</ele>
    <time>2023-10-29T00:18:03Z</time>
   </trkpt>
   <trkpt lat="35.5569410" lon="139.5073450">
    <ele>51.5</ele>
    <time>2023-10-29T00:18:04Z</time>
   </trkpt>
   <trkpt lat="35.5569090" lon="139.5073640">
    <ele>51.8</ele>
    <time>2023-10-29T00:18:05Z</time>
   </trkpt>
   <trkpt lat="35.5569000" lon="139.5073740">
    <ele>51.9</ele>
    <time>2023-10-29T00:18:06Z</time>
   </trkpt>
   <trkpt lat="35.5568620" lon="139.5073910">
    <ele>52.2</ele>
    <time>2023-10-29T00:18:07Z</time>
   </trkpt>
   <trkpt lat="35.5568470" lon="139.5073900">
    <ele>52.3</ele>
    <time>2023-10-29T00:18:08Z</time>
   </trkpt>
   <trkpt lat="35.5568200" lon="139.5073980">
    <ele>52.5</ele>
    <time>2023-10-29T00:18:09Z</time>
   </trkpt>
   <trkpt lat="35.5567950" lon="139.5074150">
    <ele>52.7</ele>
    <time>2023-10-29T00:18:10Z</time>
   </trkpt>
   <trkpt lat="35.5567740" lon="139.5074390">
    <ele>52.9</ele>
    <time>2023-10-29T00:18:11Z</time>
   </trkpt>
   <trkpt lat="35.5567510" lon="139.5074650">
    <ele>53.1</ele>
    <time>2023-10-29T00:18:12Z</time>
   </trkpt>
   <trkpt lat="35.5567440" lon="139.5074770">
    <ele>53.2</ele>
    <time>2023-10-29T00:18:13Z</time>
   </trkpt>
   <trkpt lat="35.5567150" lon="139.5074960">
    <ele>53.4</ele>
    <time>2023-10-29T00:18:14Z</time>
   </trkpt>
   <trkpt lat="35.5566900" lon="139.5075100">
    <ele>53.5</ele>
    <time>2023-10-29T00:18:15Z</time>
   </trkpt>
   <trkpt lat="35.5566580" lon="139.5075150">
    <ele>53.6</ele>
    <time>2023-10-29T00:18:16Z</time>
   </trkpt>
   <trkpt lat="35.5566250" lon="139.5075360">
    <ele>53.7</ele>
    <time>2023-10-29T00:18:17Z</time>
   </trkpt>
   <trkpt lat="35.5565970" lon="139.5075480">
    <ele>53.7</ele>
    <time>2023-10-29T00:18:18Z</time>
   </trkpt>
   <trkpt lat="35.5565750" lon="139.5075710">
    <ele>53.7</ele>
    <time>2023-10-29T00:18:19Z</time>
   </trkpt>
   <trkpt lat="35.5565420" lon="139.5075980">
    <ele>53.7</ele>
    <time>2023-10-29T00:18:20Z</time>
   </trkpt>
   <trkpt lat="35.5565310" lon="139.5076100">
    <ele>53.7</ele>
    <time>2023-10-29T00:18:21Z</time>
   </trkpt>
   <trkpt lat="35.5565040" lon="139.5076270">
    <ele>53.7</ele>
    <time>2023-10-29T00:18:22Z</time>
   </trkpt>
   <trkpt lat="35.5564790" lon="139.5076530">
    <ele>53.6</ele>
    <time>2023-10-29T00:18:23Z</time>
   </trkpt>
   <trkpt lat="35.5564510" lon="139.5076660">
    <ele>53.6</ele>
    <time>2023-10-29T00:18:24Z</time>
   </trkpt>
   <trkpt lat="35.5564170" lon="139.5076870">
    <ele>53.5</ele>
    <time>2023-10-29T00:18:25Z</time>
   </trkpt>
   <trkpt lat="35.5563860" lon="139.5077090">
    <ele>53.5</ele>
    <time>2023-10-29T00:18:26Z</time>
   </trkpt>
   <trkpt lat="35.5563730" lon="139.5077160">
    <ele>53.5</ele>
    <time>2023-10-29T00:18:27Z</time>
   </trkpt>
   <trkpt lat="35.5563570" lon="139.5077570">
    <ele>53.4</ele>
    <time>2023-10-29T00:18:28Z</time>
   </trkpt>
   <trkpt lat="35.5563320" lon="139.5077770">
    <ele>53.4</ele>
    <time>2023-10-29T00:18:29Z</time>
   </trkpt>
   <trkpt lat="35.5563060" lon="139.5077870">
    <ele>53.4</ele>
    <time>2023-10-29T00:18:30Z</time>
   </trkpt>
   <trkpt lat="35.5562690" lon="139.5078170">
    <ele>53.4</ele>
    <time>2023-10-29T00:18:31Z</time>
   </trkpt>
   <trkpt lat="35.5562570" lon="139.5078350">
    <ele>53.3</ele>
    <time>2023-10-29T00:18:32Z</time>
   </trkpt>
   <trkpt lat="35.5562330" lon="139.5078590">
    <ele>53.3</ele>
    <time>2023-10-29T00:18:33Z</time>
   </trkpt>
   <trkpt lat="35.5562080" lon="139.5078790">
    <ele>53.3</ele>
    <time>2023-10-29T00:18:34Z</time>
   </trkpt>
   <trkpt lat="35.5561800" lon="139.5079150">
    <ele>53.3</ele>
    <time>2023-10-29T00:18:35Z</time>
   </trkpt>
   <trkpt lat="35.5561680" lon="139.5079290">
    <ele>53.2</ele>
    <time>2023-10-29T00:18:36Z</time>
   </trkpt>
   <trkpt lat="35.5561400" lon="139.5079320">
    <ele>53.2</ele>
    <time>2023-10-29T00:18:37Z</time>
   </trkpt>
   <trkpt lat="35.5561030" lon="139.5079400">
    <ele>53.2</ele>
    <time>2023-10-29T00:18:38Z</time>
   </trkpt>
   <trkpt lat="35.5560900" lon="139.5079450">
    <ele>53.2</ele>
    <time>2023-10-29T00:18:39Z</time>
   </trkpt>
   <trkpt lat="35.5560680" lon="139.5079820">
    <ele>53.2</ele>
    <time>2023-10-29T00:18:40Z</time>
   </trkpt>
   <trkpt lat="35.5560440" lon="139.5080110">
    <ele>53.1</ele>
    <time>2023-10-29T00:18:41Z</time>
   </trkpt>
   <trkpt lat="35.5560140" lon="139.5080290">
    <ele>53.1</ele>
    <time>2023-10-29T00:18:42Z</time>
   </trkpt>
   <trkpt lat="35.5559980" lon="139.5080590">
    <ele>53.1</ele>
    <time>2023-10-29T00:18:43Z</time>
   </trkpt>
   <trkpt lat="35.5559660" lon="139.5080670">
    <ele>53.0</ele>
    <time>2023-10-29T00:18:44Z</time>
   </trkpt>
   <trkpt lat="35.5559350" lon="139.5080850">
    <ele>53.0</ele>
    <time>2023-10-29T00:18:45Z</time>
   </trkpt>
   <trkpt lat="35.5559050" lon="139.5081000">
    <ele>53.0</ele>
    <time>2023-10-29T00:18:46Z</time>
   </trkpt>
   <trkpt lat="35.5558730" lon="139.5081040">
    <ele>53.0</ele>
    <time>2023-10-29T00:18:47Z</time>
   </trkpt>
   <trkpt lat="35.5558430" lon="139.5081100">
    <ele>53.0</ele>
    <time>2023-10-29T00:18:48Z</time>
   </trkpt>
   <trkpt lat="35.5558210" lon="139.5081300">
    <ele>52.9</ele>
    <time>2023-10-29T00:18:49Z</time>
   </trkpt>
   <trkpt lat="35.5557970" lon="139.5081560">
    <ele>52.9</ele>
    <time>2023-10-29T00:18:50Z</time>
   </trkpt>
   <trkpt lat="35.5557750" lon="139.5081770">
    <ele>52.9</ele>
    <time>2023-10-29T00:18:51Z</time>
   </trkpt>
   <trkpt lat="35.5557480" lon="139.5082040">
    <ele>52.9</ele>
    <time>2023-10-29T00:18:52Z</time>
   </trkpt>
   <trkpt lat="35.5557230" lon="139.5082350">
    <ele>52.9</ele>
    <time>2023-10-29T00:18:53Z</time>
   </trkpt>
   <trkpt lat="35.5556910" lon="139.5082600">
    <ele>52.8</ele>
    <time>2023-10-29T00:18:54Z</time>
   </trkpt>
   <trkpt lat="35.5556580" lon="139.5082800">
    <ele>52.8</ele>
    <time>2023-10-29T00:18:55Z</time>
   </trkpt>
   <trkpt lat="35.5556310" lon="139.5082880">
    <ele>52.8</ele>
    <time>2023-10-29T00:18:56Z</time>
   </trkpt>
   <trkpt lat="35.5555940" lon="139.5082880">
    <ele>52.7</ele>
    <time>2023-10-29T00:18:57Z</time>
   </trkpt>
   <trkpt lat="35.5555670" lon="139.5082970">
    <ele>52.7</ele>
    <time>2023-10-29T00:18:58Z</time>
   </trkpt>
   <trkpt lat="35.5555400" lon="139.5083240">
    <ele>52.6</ele>
    <time>2023-10-29T00:18:59Z</time>
   </trkpt>
   <trkpt lat="35.5555110" lon="139.5083560">
    <ele>52.6</ele>
    <time>2023-10-29T00:19:00Z</time>
   </trkpt>
   <trkpt lat="35.5554950" lon="139.5083890">
    <ele>52.5</ele>
    <time>2023-10-29T00:19:01Z</time>
   </trkpt>
   <trkpt lat="35.5554690" lon="139.5084110">
    <ele>52.5</ele>
    <time>2023-10-29T00:19:02Z</time>
   </trkpt>
   <trkpt lat="35.5554580" lon="139.5084190">
    <ele>52.5</ele>
    <time>2023-10-29T00:19:03Z</time>
   </trkpt>
   <trkpt lat="35.5554310" lon="139.5084460">
    <ele>52.4</ele>
    <time>2023-10-29T00:19:04Z</time>
   </trkpt>
   <trkpt lat="35.5554160" lon="139.5084750">
    <ele>52.4</ele>
    <time>2023-10-29T00:19:05Z</time>
   </trkpt>
   <trkpt lat="35.5553890" lon="139.5085020">
    <ele>52.3</ele>
    <time>2023-10-29T00:19:06Z</time>
   </trkpt>
   <trkpt lat="35.5553560" lon="139.5085210">
    <ele>52.2</ele>
    <time>2023-10-29T00:19:07Z</time>
   </trkpt>
   <trkpt lat="35.5553280" lon="139.5085290">
    <ele>52.2</ele>
    <time>2023-10-29T00:19:08Z</time>
   </trkpt>
   <trkpt lat="35.5553020" lon="139.5085470">
    <ele>52.1</ele>
    <time>2023-10-29T00:19:09Z</time>
   </trkpt>
   <trkpt lat="35.5552670" lon="139.5085750">
    <ele>52.1</ele>
    <time>2023-10-29T00:19:10Z</time>
   </trkpt>
   <trkpt lat="35.5552550" lon="139.5085850">
    <ele>52.0</ele>
    <time>2023-10-29T00:19:11Z</time>
   </trkpt>
   <trkpt lat="35.5552280" lon="139.5086130">
    <ele>52.0</ele>
    <time>2023-10-29T00:19:12Z</time>
   </trkpt>
   <trkpt lat="35.5552020" lon="139.5086310">
    <ele>51.9</ele>
    <time>2023-10-29T00:19:13Z</time>
   </trkpt>
   <trkpt lat="35.5551660" lon="139.5086520">
    <ele>51.9</ele>
    <time>2023-10-29T00:19:14Z</time>
   </trkpt>
   <trkpt lat="35.5551530" lon="139.5086610">
    <ele>51.8</ele>
    <time>2023-10-29T00:19:15Z</time>
   </trkpt>
   <trkpt lat="35.5551240" lon="139.5086770">
    <ele>51.8</ele>
    <time>2023-10-29T00:19:16Z</time>
   </trkpt>
   <trkpt lat="35.5550990" lon="139.5087010">
    <ele>51.8</ele>
    <time>2023-10-29T00:19:17Z</time>
   </trkpt>
   <trkpt lat="35.5550730" lon="139.5087110">
    <ele>51.7</ele>
    <time>2023-10-29T00:19:18Z</time>
   </trkpt>
   <trkpt lat="35.5550380" lon="139.5087030">
    <ele>51.7</ele>
    <time>2023-10-29T00:19:19Z</time>
   </trkpt>
   <trkpt lat="35.5550110" lon="139.5087230">
    <ele>51.6</ele>
    <time>2023-10-29T00:19:20Z</time>
   </trkpt>
   <trkpt lat="35.5549840" lon="139.5087510">
    <ele>51.6</ele>
    <time>2023-10-29T00:19:21Z</time>
   </trkpt>
   <trkpt lat="35.5549590" lon="139.5087710">
    <ele>51.5</ele>
    <time>2023-10-29T00:19:22Z</time>
   </trkpt>
   <trkpt lat="35.5549380" lon="139.5087960">
    <ele>51.5</ele>
    <time>2023-10-29T00:19:23Z</time>
   </trkpt>
   <trkpt lat="35.5549090" lon="139.5088150">
    <ele>51.4</ele>
    <time>2023-10-29T00:19:24Z</time>
   </trkpt>
   <trkpt lat="35.5548880" lon="139.5088480">
    <ele>51.4</ele>
    <time>2023-10-29T00:19:25Z</time>
   </trkpt>
   <trkpt lat="35.5548680" lon="139.5088790">
    <ele>51.3</ele>
    <time>2023-10-29T00:19:26Z</time>
   </trkpt>
   <trkpt lat="35.5548410" lon="139.5088990">
    <ele>51.3</ele>
    <time>2023-10-29T00:19:27Z</time>
   </trkpt>
   <trkpt lat="35.5548170" lon="139.5089190">
    <ele>51.2</ele>
    <time>2023-10-29T00:19:28Z</time>
   </trkpt>
   <trkpt lat="35.5547860" lon="139.5089510">
    <ele>51.2</ele>
    <time>2023-10-29T00:19:29Z</time>
   </trkpt>
   <trkpt lat="35.5547740" lon="139.5089600">
    <ele>51.1</ele>
    <time>2023-10-29T00:19:30Z</time>
   </trkpt>
   <trkpt lat="35.5547480" lon="139.5089740">
    <ele>51.1</ele>
    <time>2023-10-29T00:19:31Z</time>
   </trkpt>
   <trkpt lat="35.5547230" lon="139.5089880">
    <ele>51.0</ele>
    <time>2023-10-29T00:19:32Z</time>
   </trkpt>
   <trkpt lat="35.5546960" lon="139.5090340">
    <ele>51.0</ele>
    <time>2023-10-29T00:19:33Z</time>
   </trkpt>
   <trkpt lat="35.5546720" lon="139.5090610">
    <ele>50.9</ele>
    <time>2023-10-29T00:19:34Z</time>
   </trkpt>
   <trkpt lat="35.5546440" lon="139.5090720">
    <ele>50.9</ele>
    <time>2023-10-29T00:19:35Z</time>
   </trkpt>
   <trkpt lat="35.5546280" lon="139.5090900">
    <ele>50.8</ele>
    <time>2023-10-29T00:19:36Z</time>
   </trkpt>
   <trkpt lat="35.5546000" lon="139.5091110">
    <ele>50.8</ele>
    <time>2023-10-29T00:19:38Z</time>
   </trkpt>
   <trkpt lat="35.5545620" lon="139.5091300">
    <ele>50.7</ele>
    <time>2023-10-29T00:19:39Z</time>
   </trkpt>
   <trkpt lat="35.5545490" lon="139.5091350">
    <ele>50.7</ele>
    <time>2023-10-29T00:19:40Z</time>
   </trkpt>
   <trkpt lat="35.5545250" lon="139.5091620">
    <ele>50.6</ele>
    <time>2023-10-29T00:19:41Z</time>
   </trkpt>
   <trkpt lat="35.5544980" lon="139.5091870">
    <ele>50.6</ele>
    <time>2023-10-29T00:19:42Z</time>
   </trkpt>
   <trkpt lat="35.5544620" lon="139.5092060">
    <ele>50.5</ele>
    <time>2023-10-29T00:19:43Z</time>
   </trkpt>
   <trkpt lat="35.5544480" lon="139.5092130">
    <ele>50.5</ele>
    <time>2023-10-29T00:19:44Z</time>
   </trkpt>
   <trkpt lat="35.5544230" lon="139.5092360">
    <ele>50.4</ele>
    <time>2023-10-29T00:19:45Z</time>
   </trkpt>
   <trkpt lat="35.5543870" lon="139.5092250">
    <ele>50.4</ele>
    <time>2023-10-29T00:19:46Z</time>
   </trkpt>
   <trkpt lat="35.5543550" lon="139.5092230">
    <ele>50.3</ele>
    <time>2023-10-29T00:19:47Z</time>
   </trkpt>
   <trkpt lat="35.5543260" lon="139.5092320">
    <ele>50.2</ele>
    <time>2023-10-29T00:19:48Z</time>
   </trkpt>
   <trkpt lat="35.5543040" lon="139.5092580">
    <ele>50.2</ele>
    <time>2023-10-29T00:19:49Z</time>
   </trkpt>
   <trkpt lat="35.5542820" lon="139.5092900">
    <ele>50.1</ele>
    <time>2023-10-29T00:19:50Z</time>
   </trkpt>
   <trkpt lat="35.5542600" lon="139.5093280">
    <ele>50.0</ele>
    <time>2023-10-29T00:19:51Z</time>
   </trkpt>
   <trkpt lat="35.5542330" lon="139.5093510">
    <ele>50.0</ele>
    <time>2023-10-29T00:19:52Z</time>
   </trkpt>
   <trkpt lat="35.5542150" lon="139.5093830">
    <ele>49.9</ele>
    <time>2023-10-29T00:19:53Z</time>
   </trkpt>
   <trkpt lat="35.5541890" lon="139.5093970">
    <ele>49.8</ele>
    <time>2023-10-29T00:19:54Z</time>
   </trkpt>
   <trkpt lat="35.5541650" lon="139.5094190">
    <ele>49.8</ele>
    <time>2023-10-29T00:19:55Z</time>
   </trkpt>
   <trkpt lat="35.5541390" lon="139.5094440">
    <ele>49.7</ele>
    <time>2023-10-29T00:19:56Z</time>
   </trkpt>
   <trkpt lat="35.5541100" lon="139.5094590">
    <ele>49.6</ele>
    <time>2023-10-29T00:19:57Z</time>
   </trkpt>
   <trkpt lat="35.5540900" lon="139.5094890">
    <ele>49.5</ele>
    <time>2023-10-29T00:19:58Z</time>
   </trkpt>
   <trkpt lat="35.5540570" lon="139.5095230">
    <ele>49.3</ele>
    <time>2023-10-29T00:19:59Z</time>
   </trkpt>
   <trkpt lat="35.5540300" lon="139.5095590">
    <ele>49.2</ele>
    <time>2023-10-29T00:20:00Z</time>
   </trkpt>
   <trkpt lat="35.5539910" lon="139.5095780">
    <ele>49.0</ele>
    <time>2023-10-29T00:20:01Z</time>
   </trkpt>
   <trkpt lat="35.5539700" lon="139.5095740">
    <ele>48.9</ele>
    <time>2023-10-29T00:20:02Z</time>
   </trkpt>
   <trkpt lat="35.5539070" lon="139.5096050">
    <ele>48.6</ele>
    <time>2023-10-29T00:20:03Z</time>
   </trkpt>
   <trkpt lat="35.5538780" lon="139.5096200">
    <ele>48.4</ele>
    <time>2023-10-29T00:20:04Z</time>
   </trkpt>
   <trkpt lat="35.5538380" lon="139.5096390">
    <ele>48.2</ele>
    <time>2023-10-29T00:20:05Z</time>
   </trkpt>
   <trkpt lat="35.5538110" lon="139.5096580">
    <ele>48.1</ele>
    <time>2023-10-29T00:20:06Z</time>
   </trkpt>
   <trkpt lat="35.5537740" lon="139.5096810">
    <ele>47.9</ele>
    <time>2023-10-29T00:20:07Z</time>
   </trkpt>
   <trkpt lat="35.5537600" lon="139.5096950">
    <ele>47.8</ele>
    <time>2023-10-29T00:20:08Z</time>
   </trkpt>
   <trkpt lat="35.5537360" lon="139.5097300">
    <ele>47.6</ele>
    <time>2023-10-29T00:20:09Z</time>
   </trkpt>
   <trkpt lat="35.5537150" lon="139.5097720">
    <ele>47.4</ele>
    <time>2023-10-29T00:20:10Z</time>
   </trkpt>
   <trkpt lat="35.5536940" lon="139.5098090">
    <ele>47.2</ele>
    <time>2023-10-29T00:20:11Z</time>
   </trkpt>
   <trkpt lat="35.5536610" lon="139.5098320">
    <ele>47.0</ele>
    <time>2023-10-29T00:20:12Z</time>
   </trkpt>
   <trkpt lat="35.5536250" lon="139.5098250">
    <ele>46.8</ele>
    <time>2023-10-29T00:20:13Z</time>
   </trkpt>
   <trkpt lat="35.5535890" lon="139.5098470">
    <ele>46.6</ele>
    <time>2023-10-29T00:20:14Z</time>
   </trkpt>
   <trkpt lat="35.5535570" lon="139.5098550">
    <ele>46.4</ele>
    <time>2023-10-29T00:20:15Z</time>
   </trkpt>
   <trkpt lat="35.5535550" lon="139.5098940">
    <ele>46.2</ele>
    <time>2023-10-29T00:20:16Z</time>
   </trkpt>
   <trkpt lat="35.5535330" lon="139.5099180">
    <ele>46.1</ele>
    <time>2023-10-29T00:20:17Z</time>
   </trkpt>
   <trkpt lat="35.5535020" lon="139.5099430">
    <ele>45.9</ele>
    <time>2023-10-29T00:20:18Z</time>
   </trkpt>
   <trkpt lat="35.5534940" lon="139.5099490">
    <ele>45.8</ele>
    <time>2023-10-29T00:20:19Z</time>
   </trkpt>
   <trkpt lat="35.5534620" lon="139.5099840">
    <ele>45.6</ele>
    <time>2023-10-29T00:20:20Z</time>
   </trkpt>
   <trkpt lat="35.5534510" lon="139.5099980">
    <ele>45.5</ele>
    <time>2023-10-29T00:20:21Z</time>
   </trkpt>
   <trkpt lat="35.5534250" lon="139.5100300">
    <ele>45.3</ele>
    <time>2023-10-29T00:20:22Z</time>
   </trkpt>
   <trkpt lat="35.5534090" lon="139.5100640">
    <ele>45.1</ele>
    <time>2023-10-29T00:20:23Z</time>
   </trkpt>
   <trkpt lat="35.5533980" lon="139.5101090">
    <ele>44.9</ele>
    <time>2023-10-29T00:20:24Z</time>
   </trkpt>
   <trkpt lat="35.5533670" lon="139.5101310">
    <ele>44.8</ele>
    <time>2023-10-29T00:20:25Z</time>
   </trkpt>
   <trkpt lat="35.5533560" lon="139.5101430">
    <ele>44.7</ele>
    <time>2023-10-29T00:20:26Z</time>
   </trkpt>
   <trkpt lat="35.5533320" lon="139.5101690">
    <ele>44.5</ele>
    <time>2023-10-29T00:20:27Z</time>
   </trkpt>
   <trkpt lat="35.5533150" lon="139.5102050">
    <ele>44.3</ele>
    <time>2023-10-29T00:20:28Z</time>
   </trkpt>
   <trkpt lat="35.5532970" lon="139.5102450">
    <ele>44.1</ele>
    <time>2023-10-29T00:20:29Z</time>
   </trkpt>
   <trkpt lat="35.5532770" lon="139.5102780">
    <ele>43.9</ele>
    <time>2023-10-29T00:20:30Z</time>
   </trkpt>
   <trkpt lat="35.5532510" lon="139.5103170">
    <ele>43.7</ele>
    <time>2023-10-29T00:20:31Z</time>
   </trkpt>
   <trkpt lat="35.5532480" lon="139.5103710">
    <ele>43.4</ele>
    <time>2023-10-29T00:20:32Z</time>
   </trkpt>
   <trkpt lat="35.5532330" lon="139.5104160">
    <ele>43.2</ele>
    <time>2023-10-29T00:20:33Z</time>
   </trkpt>
   <trkpt lat="35.5532280" lon="139.5104320">
    <ele>43.1</ele>
    <time>2023-10-29T00:20:34Z</time>
   </trkpt>
   <trkpt lat="35.5532070" lon="139.5104690">
    <ele>42.9</ele>
    <time>2023-10-29T00:20:35Z</time>
   </trkpt>
   <trkpt lat="35.5531940" lon="139.5104780">
    <ele>42.8</ele>
    <time>2023-10-29T00:20:36Z</time>
   </trkpt>
   <trkpt lat="35.5532020" lon="139.5105160">
    <ele>42.7</ele>
    <time>2023-10-29T00:20:37Z</time>
   </trkpt>
   <trkpt lat="35.5531990" lon="139.5105610">
    <ele>42.5</ele>
    <time>2023-10-29T00:20:38Z</time>
   </trkpt>
   <trkpt lat="35.5531960" lon="139.5105970">
    <ele>42.3</ele>
    <time>2023-10-29T00:20:39Z</time>
   </trkpt>
   <trkpt lat="35.5531920" lon="139.5106430">
    <ele>42.2</ele>
    <time>2023-10-29T00:20:40Z</time>
   </trkpt>
   <trkpt lat="35.5531940" lon="139.5106590">
    <ele>42.1</ele>
    <time>2023-10-29T00:20:41Z</time>
   </trkpt>
   <trkpt lat="35.5531870" lon="139.5107030">
    <ele>41.9</ele>
    <time>2023-10-29T00:20:42Z</time>
   </trkpt>
   <trkpt lat="35.5531800" lon="139.5107460">
    <ele>41.7</ele>
    <time>2023-10-29T00:20:43Z</time>
   </trkpt>
   <trkpt lat="35.5531630" lon="139.5107830">
    <ele>41.6</ele>
    <time>2023-10-29T00:20:44Z</time>
   </trkpt>
   <trkpt lat="35.5531600" lon="139.5108190">
    <ele>41.4</ele>
    <time>2023-10-29T00:20:45Z</time>
   </trkpt>
   <trkpt lat="35.5531660" lon="139.5108670">
    <ele>41.3</ele>
    <time>2023-10-29T00:20:46Z</time>
   </trkpt>
   <trkpt lat="35.5531510" lon="139.5109020">
    <ele>41.4</ele>
    <time>2023-10-29T00:20:47Z</time>
   </trkpt>
   <trkpt lat="35.5531570" lon="139.5109360">
    <ele>41.5</ele>
    <time>2023-10-29T00:20:48Z</time>
   </trkpt>
   <trkpt lat="35.5531430" lon="139.5109670">
    <ele>41.4</ele>
    <time>2023-10-29T00:20:49Z</time>
   </trkpt>
   <trkpt lat="35.5531330" lon="139.5110030">
    <ele>41.3</ele>
    <time>2023-10-29T00:20:50Z</time>
   </trkpt>
   <trkpt lat="35.5531390" lon="139.5110450">
    <ele>41.2</ele>
    <time>2023-10-29T00:20:51Z</time>
   </trkpt>
   <trkpt lat="35.5531460" lon="139.5110840">
    <ele>41.1</ele>
    <time>2023-10-29T00:20:52Z</time>
   </trkpt>
   <trkpt lat="35.5531400" lon="139.5111360">
    <ele>40.9</ele>
    <time>2023-10-29T00:20:53Z</time>
   </trkpt>
   <trkpt lat="35.5531410" lon="139.5111570">
    <ele>40.9</ele>
    <time>2023-10-29T00:20:54Z</time>
   </trkpt>
   <trkpt lat="35.5531300" lon="139.5111950">
    <ele>40.8</ele>
    <time>2023-10-29T00:20:55Z</time>
   </trkpt>
   <trkpt lat="35.5531330" lon="139.5112280">
    <ele>40.7</ele>
    <time>2023-10-29T00:20:56Z</time>
   </trkpt>
   <trkpt lat="35.5531270" lon="139.5112690">
    <ele>40.6</ele>
    <time>2023-10-29T00:20:57Z</time>
   </trkpt>
   <trkpt lat="35.5531220" lon="139.5113080">
    <ele>40.5</ele>
    <time>2023-10-29T00:20:58Z</time>
   </trkpt>
   <trkpt lat="35.5531270" lon="139.5113450">
    <ele>40.4</ele>
    <time>2023-10-29T00:20:59Z</time>
   </trkpt>
   <trkpt lat="35.5531260" lon="139.5113830">
    <ele>40.4</ele>
    <time>2023-10-29T00:21:00Z</time>
   </trkpt>
   <trkpt lat="35.5531350" lon="139.5114180">
    <ele>40.3</ele>
    <time>2023-10-29T00:21:01Z</time>
   </trkpt>
   <trkpt lat="35.5531470" lon="139.5114590">
    <ele>40.2</ele>
    <time>2023-10-29T00:21:02Z</time>
   </trkpt>
   <trkpt lat="35.5531470" lon="139.5114770">
    <ele>40.2</ele>
    <time>2023-10-29T00:21:03Z</time>
   </trkpt>
   <trkpt lat="35.5531380" lon="139.5115110">
    <ele>40.1</ele>
    <time>2023-10-29T00:21:04Z</time>
   </trkpt>
   <trkpt lat="35.5531420" lon="139.5115540">
    <ele>40.0</ele>
    <time>2023-10-29T00:21:05Z</time>
   </trkpt>
   <trkpt lat="35.5531320" lon="139.5115860">
    <ele>39.9</ele>
    <time>2023-10-29T00:21:06Z</time>
   </trkpt>
   <trkpt lat="35.5531470" lon="139.5116320">
    <ele>39.8</ele>
    <time>2023-10-29T00:21:07Z</time>
   </trkpt>
   <trkpt lat="35.5531470" lon="139.5116650">
    <ele>39.7</ele>
    <time>2023-10-29T00:21:08Z</time>
   </trkpt>
   <trkpt lat="35.5531460" lon="139.5117030">
    <ele>39.7</ele>
    <time>2023-10-29T00:21:09Z</time>
   </trkpt>
   <trkpt lat="35.5531440" lon="139.5117430">
    <ele>39.6</ele>
    <time>2023-10-29T00:21:10Z</time>
   </trkpt>
   <trkpt lat="35.5531410" lon="139.5117780">
    <ele>39.5</ele>
    <time>2023-10-29T00:21:11Z</time>
   </trkpt>
   <trkpt lat="35.5531320" lon="139.5118210">
    <ele>39.4</ele>
    <time>2023-10-29T00:21:12Z</time>
   </trkpt>
   <trkpt lat="35.5531320" lon="139.5118360">
    <ele>39.3</ele>
    <time>2023-10-29T00:21:13Z</time>
   </trkpt>
   <trkpt lat="35.5531430" lon="139.5118680">
    <ele>39.3</ele>
    <time>2023-10-29T00:21:14Z</time>
   </trkpt>
   <trkpt lat="35.5531400" lon="139.5119160">
    <ele>39.1</ele>
    <time>2023-10-29T00:21:15Z</time>
   </trkpt>
   <trkpt lat="35.5531370" lon="139.5119370">
    <ele>39.1</ele>
    <time>2023-10-29T00:21:16Z</time>
   </trkpt>
   <trkpt lat="35.5531340" lon="139.5119740">
    <ele>39.0</ele>
    <time>2023-10-29T00:21:17Z</time>
   </trkpt>
   <trkpt lat="35.5531260" lon="139.5120240">
    <ele>38.9</ele>
    <time>2023-10-29T00:21:18Z</time>
   </trkpt>
   <trkpt lat="35.5531230" lon="139.5120420">
    <ele>38.9</ele>
    <time>2023-10-29T00:21:19Z</time>
   </trkpt>
   <trkpt lat="35.5531310" lon="139.5120870">
    <ele>38.8</ele>
    <time>2023-10-29T00:21:20Z</time>
   </trkpt>
   <trkpt lat="35.5531030" lon="139.5121260">
    <ele>38.7</ele>
    <time>2023-10-29T00:21:21Z</time>
   </trkpt>
   <trkpt lat="35.5530950" lon="139.5121590">
    <ele>38.6</ele>
    <time>2023-10-29T00:21:22Z</time>
   </trkpt>
   <trkpt lat="35.5530950" lon="139.5121980">
    <ele>38.6</ele>
    <time>2023-10-29T00:21:23Z</time>
   </trkpt>
   <trkpt lat="35.5531030" lon="139.5122410">
    <ele>38.5</ele>
    <time>2023-10-29T00:21:24Z</time>
   </trkpt>
   <trkpt lat="35.5530990" lon="139.5122800">
    <ele>38.4</ele>
    <time>2023-10-29T00:21:25Z</time>
   </trkpt>
   <trkpt lat="35.5531100" lon="139.5123230">
    <ele>38.3</ele>
    <time>2023-10-29T00:21:26Z</time>
   </trkpt>
   <trkpt lat="35.5531140" lon="139.5123400">
    <ele>38.3</ele>
    <time>2023-10-29T00:21:27Z</time>
   </trkpt>
   <trkpt lat="35.5531170" lon="139.5123770">
    <ele>38.2</ele>
    <time>2023-10-29T00:21:28Z</time>
   </trkpt>
   <trkpt lat="35.5531120" lon="139.5124140">
    <ele>38.1</ele>
    <time>2023-10-29T00:21:29Z</time>
   </trkpt>
   <trkpt lat="35.5531040" lon="139.5124520">
    <ele>38.1</ele>
    <time>2023-10-29T00:21:30Z</time>
   </trkpt>
   <trkpt lat="35.5530970" lon="139.5124880">
    <ele>38.0</ele>
    <time>2023-10-29T00:21:31Z</time>
   </trkpt>
   <trkpt lat="35.5530950" lon="139.5125210">
    <ele>38.0</ele>
    <time>2023-10-29T00:21:32Z</time>
   </trkpt>
   <trkpt lat="35.5530910" lon="139.5125590">
    <ele>37.9</ele>
    <time>2023-10-29T00:21:33Z</time>
   </trkpt>
   <trkpt lat="35.5530890" lon="139.5125930">
    <ele>37.8</ele>
    <time>2023-10-29T00:21:34Z</time>
   </trkpt>
   <trkpt lat="35.5530910" lon="139.5126270">
    <ele>37.8</ele>
    <time>2023-10-29T00:21:35Z</time>
   </trkpt>
   <trkpt lat="35.5530930" lon="139.5126640">
    <ele>37.7</ele>
    <time>2023-10-29T00:21:36Z</time>
   </trkpt>
   <trkpt lat="35.5530930" lon="139.5127050">
    <ele>37.6</ele>
    <time>2023-10-29T00:21:37Z</time>
   </trkpt>
   <trkpt lat="35.5530930" lon="139.5127420">
    <ele>37.6</ele>
    <time>2023-10-29T00:21:38Z</time>
   </trkpt>
   <trkpt lat="35.5530980" lon="139.5127780">
    <ele>37.5</ele>
    <time>2023-10-29T00:21:39Z</time>
   </trkpt>
   <trkpt lat="35.5530970" lon="139.5128110">
    <ele>37.4</ele>
    <time>2023-10-29T00:21:40Z</time>
   </trkpt>
   <trkpt lat="35.5530910" lon="139.5128430">
    <ele>37.4</ele>
    <time>2023-10-29T00:21:41Z</time>
   </trkpt>
   <trkpt lat="35.5531030" lon="139.5128750">
    <ele>37.3</ele>
    <time>2023-10-29T00:21:43Z</time>
   </trkpt>
   <trkpt lat="35.5531030" lon="139.5129140">
    <ele>37.2</ele>
    <time>2023-10-29T00:21:44Z</time>
   </trkpt>
   <trkpt lat="35.5531080" lon="139.5129470">
    <ele>37.2</ele>
    <time>2023-10-29T00:21:45Z</time>
   </trkpt>
   <trkpt lat="35.5531140" lon="139.5129950">
    <ele>37.1</ele>
    <time>2023-10-29T00:21:46Z</time>
   </trkpt>
   <trkpt lat="35.5531130" lon="139.5130130">
    <ele>37.1</ele>
    <time>2023-10-29T00:21:47Z</time>
   </trkpt>
   <trkpt lat="35.5531260" lon="139.5130460">
    <ele>37.1</ele>
    <time>2023-10-29T00:21:48Z</time>
   </trkpt>
   <trkpt lat="35.5531320" lon="139.5130800">
    <ele>37.0</ele>
    <time>2023-10-29T00:21:49Z</time>
   </trkpt>
   <trkpt lat="35.5531240" lon="139.5131260">
    <ele>37.0</ele>
    <time>2023-10-29T00:21:50Z</time>
   </trkpt>
   <trkpt lat="35.5531180" lon="139.5131400">
    <ele>37.0</ele>
    <time>2023-10-29T00:21:51Z</time>
   </trkpt>
   <trkpt lat="35.5531050" lon="139.5131720">
    <ele>36.9</ele>
    <time>2023-10-29T00:21:52Z</time>
   </trkpt>
   <trkpt lat="35.5530870" lon="139.5132700">
    <ele>36.8</ele>
    <time>2023-10-29T00:21:53Z</time>
   </trkpt>
   <trkpt lat="35.5530790" lon="139.5133300">
    <ele>36.7</ele>
    <time>2023-10-29T00:21:58Z</time>
   </trkpt>
   <trkpt lat="35.5530710" lon="139.5133900">
    <ele>36.6</ele>
    <time>2023-10-29T00:21:59Z</time>
   </trkpt>
   <trkpt lat="35.5530630" lon="139.5134500">
    <ele>36.5</ele>
    <time>2023-10-29T00:22:00Z</time>
   </trkpt>
   <trkpt lat="35.5530660" lon="139.5134850">
    <ele>36.5</ele>
    <time>2023-10-29T00:22:01Z</time>
   </trkpt>
   <trkpt lat="35.5530630" lon="139.5134990">
    <ele>36.5</ele>
    <time>2023-10-29T00:22:02Z</time>
   </trkpt>
   <trkpt lat="35.5530680" lon="139.5135350">
    <ele>36.4</ele>
    <time>2023-10-29T00:22:03Z</time>
   </trkpt>
   <trkpt lat="35.5530680" lon="139.5135490">
    <ele>36.4</ele>
    <time>2023-10-29T00:22:04Z</time>
   </trkpt>
   <trkpt lat="35.5530670" lon="139.5135900">
    <ele>36.4</ele>
    <time>2023-10-29T00:22:05Z</time>
   </trkpt>
   <trkpt lat="35.5530660" lon="139.5136100">
    <ele>36.3</ele>
    <time>2023-10-29T00:22:06Z</time>
   </trkpt>
   <trkpt lat="35.5530700" lon="139.5136190">
    <ele>36.3</ele>
    <time>2023-10-29T00:22:07Z</time>
   </trkpt>
   <trkpt lat="35.5530640" lon="139.5136570">
    <ele>36.3</ele>
    <time>2023-10-29T00:22:08Z</time>
   </trkpt>
   <trkpt lat="35.5530550" lon="139.5136940">
    <ele>36.2</ele>
    <time>2023-10-29T00:22:09Z</time>
   </trkpt>
   <trkpt lat="35.5530640" lon="139.5137280">
    <ele>36.2</ele>
    <time>2023-10-29T00:22:10Z</time>
   </trkpt>
   <trkpt lat="35.5530660" lon="139.5137390">
    <ele>36.1</ele>
    <time>2023-10-29T00:22:11Z</time>
   </trkpt>
   <trkpt lat="35.5530440" lon="139.5137600">
    <ele>36.1</ele>
    <time>2023-10-29T00:22:12Z</time>
   </trkpt>
   <trkpt lat="35.5530340" lon="139.5137670">
    <ele>35.8</ele>
    <time>2023-10-29T00:22:13Z</time>
   </trkpt>
   <trkpt lat="35.5530020" lon="139.5137760">
    <ele>35.8</ele>
    <time>2023-10-29T00:22:14Z</time>
   </trkpt>
   <trkpt lat="35.5529940" lon="139.5137780">
    <ele>35.8</ele>
    <time>2023-10-29T00:22:15Z</time>
   </trkpt>
   <trkpt lat="35.5529620" lon="139.5137820">
    <ele>35.9</ele>
    <time>2023-10-29T00:22:16Z</time>
   </trkpt>
   <trkpt lat="35.5529520" lon="139.5137840">
    <ele>35.9</ele>
    <time>2023-10-29T00:22:17Z</time>
   </trkpt>
   <trkpt lat="35.5529250" lon="139.5137900">
    <ele>35.9</ele>
    <time>2023-10-29T00:22:18Z</time>
   </trkpt>
   <trkpt lat="35.5528910" lon="139.5137880">
    <ele>36.0</ele>
    <time>2023-10-29T00:22:19Z</time>
   </trkpt>
   <trkpt lat="35.5528790" lon="139.5137920">
    <ele>36.0</ele>
    <time>2023-10-29T00:22:20Z</time>
   </trkpt>
   <trkpt lat="35.5528470" lon="139.5137900">
    <ele>36.0</ele>
    <time>2023-10-29T00:22:21Z</time>
   </trkpt>
   <trkpt lat="35.5528350" lon="139.5137950">
    <ele>36.0</ele>
    <time>2023-10-29T00:22:22Z</time>
   </trkpt>
   <trkpt lat="35.5528040" lon="139.5138000">
    <ele>36.1</ele>
    <time>2023-10-29T00:22:23Z</time>
   </trkpt>
   <trkpt lat="35.5527910" lon="139.5138030">
    <ele>36.1</ele>
    <time>2023-10-29T00:22:24Z</time>
   </trkpt>
   <trkpt lat="35.5527590" lon="139.5138110">
    <ele>36.1</ele>
    <time>2023-10-29T00:22:25Z</time>
   </trkpt>
   <trkpt lat="35.5527500" lon="139.5138150">
    <ele>36.2</ele>
    <time>2023-10-29T00:22:26Z</time>
   </trkpt>
   <trkpt lat="35.5527150" lon="139.5138200">
    <ele>36.2</ele>
    <time>2023-10-29T00:22:27Z</time>
   </trkpt>
   <trkpt lat="35.5527050" lon="139.5138150">
    <ele>36.2</ele>
    <time>2023-10-29T00:22:28Z</time>
   </trkpt>
   <trkpt lat="35.5526750" lon="139.5138200">
    <ele>36.2</ele>
    <time>2023-10-29T00:22:29Z</time>
   </trkpt>
   <trkpt lat="35.5526660" lon="139.5138160">
    <ele>36.3</ele>
    <time>2023-10-29T00:22:30Z</time>
   </trkpt>
   <trkpt lat="35.5526370" lon="139.5138320">
    <ele>36.3</ele>
    <time>2023-10-29T00:22:31Z</time>
   </trkpt>
   <trkpt lat="35.5526270" lon="139.5138370">
    <ele>36.3</ele>
    <time>2023-10-29T00:22:32Z</time>
   </trkpt>
   <trkpt lat="35.5525960" lon="139.5138590">
    <ele>36.4</ele>
    <time>2023-10-29T00:22:33Z</time>
   </trkpt>
   <trkpt lat="35.5525840" lon="139.5138600">
    <ele>36.4</ele>
    <time>2023-10-29T00:22:34Z</time>
   </trkpt>
   <trkpt lat="35.5525450" lon="139.5138610">
    <ele>36.4</ele>
    <time>2023-10-29T00:22:35Z</time>
   </trkpt>
   <trkpt lat="35.5525280" lon="139.5138580">
    <ele>36.4</ele>
    <time>2023-10-29T00:22:36Z</time>
   </trkpt>
   <trkpt lat="35.5524920" lon="139.5138550">
    <ele>36.5</ele>
    <time>2023-10-29T00:22:37Z</time>
   </trkpt>
   <trkpt lat="35.5524620" lon="139.5138520">
    <ele>36.5</ele>
    <time>2023-10-29T00:22:38Z</time>
   </trkpt>
   <trkpt lat="35.5524250" lon="139.5138490">
    <ele>36.6</ele>
    <time>2023-10-29T00:22:39Z</time>
   </trkpt>
   <trkpt lat="35.5523990" lon="139.5138390">
    <ele>36.6</ele>
    <time>2023-10-29T00:22:40Z</time>
   </trkpt>
   <trkpt lat="35.5523570" lon="139.5138350">
    <ele>36.7</ele>
    <time>2023-10-29T00:22:41Z</time>
   </trkpt>
   <trkpt lat="35.5523350" lon="139.5138460">
    <ele>36.7</ele>
    <time>2023-10-29T00:22:42Z</time>
   </trkpt>
   <trkpt lat="35.5523070" lon="139.5138440">
    <ele>36.8</ele>
    <time>2023-10-29T00:22:43Z</time>
   </trkpt>
   <trkpt lat="35.5522770" lon="139.5138450">
    <ele>36.8</ele>
    <time>2023-10-29T00:22:44Z</time>
   </trkpt>
   <trkpt lat="35.5522410" lon="139.5138480">
    <ele>36.9</ele>
    <time>2023-10-29T00:22:45Z</time>
   </trkpt>
   <trkpt lat="35.5522080" lon="139.5138480">
    <ele>36.9</ele>
    <time>2023-10-29T00:22:46Z</time>
   </trkpt>
   <trkpt lat="35.5521700" lon="139.5138560">
    <ele>37.0</ele>
    <time>2023-10-29T00:22:47Z</time>
   </trkpt>
   <trkpt lat="35.5521380" lon="139.5138570">
    <ele>37.1</ele>
    <time>2023-10-29T00:22:48Z</time>
   </trkpt>
   <trkpt lat="35.5521120" lon="139.5138690">
    <ele>37.1</ele>
    <time>2023-10-29T00:22:49Z</time>
   </trkpt>
   <trkpt lat="35.5520780" lon="139.5138620">
    <ele>37.2</ele>
    <time>2023-10-29T00:22:50Z</time>
   </trkpt>
   <trkpt lat="35.5520470" lon="139.5138660">
    <ele>37.2</ele>
    <time>2023-10-29T00:22:51Z</time>
   </trkpt>
   <trkpt lat="35.5520190" lon="139.5138600">
    <ele>37.3</ele>
    <time>2023-10-29T00:22:52Z</time>
   </trkpt>
   <trkpt lat="35.5519930" lon="139.5138490">
    <ele>37.3</ele>
    <time>2023-10-29T00:22:53Z</time>
   </trkpt>
   <trkpt lat="35.5519670" lon="139.5138590">
    <ele>37.4</ele>
    <time>2023-10-29T00:22:54Z</time>
   </trkpt>
   <trkpt lat="35.5519390" lon="139.5138660">
    <ele>37.4</ele>
    <time>2023-10-29T00:22:55Z</time>
   </trkpt>
   <trkpt lat="35.5519000" lon="139.5138700">
    <ele>37.5</ele>
    <time>2023-10-29T00:22:56Z</time>
   </trkpt>
   <trkpt lat="35.5518840" lon="139.5138750">
    <ele>37.5</ele>
    <time>2023-10-29T00:22:57Z</time>
   </trkpt>
   <trkpt lat="35.5518550" lon="139.5138780">
    <ele>37.5</ele>
    <time>2023-10-29T00:22:58Z</time>
   </trkpt>
   <trkpt lat="35.5518240" lon="139.5138850">
    <ele>37.6</ele>
    <time>2023-10-29T00:22:59Z</time>
   </trkpt>
   <trkpt lat="35.5517920" lon="139.5138910">
    <ele>37.6</ele>
    <time>2023-10-29T00:23:00Z</time>
   </trkpt>
   <trkpt lat="35.5517600" lon="139.5138900">
    <ele>37.7</ele>
    <time>2023-10-29T00:23:01Z</time>
   </trkpt>
   <trkpt lat="35.5517310" lon="139.5138990">
    <ele>37.7</ele>
    <time>2023-10-29T00:23:02Z</time>
   </trkpt>
   <trkpt lat="35.5517030" lon="139.5139020">
    <ele>37.7</ele>
    <time>2023-10-29T00:23:03Z</time>
   </trkpt>
   <trkpt lat="35.5516770" lon="139.5139160">
    <ele>37.8</ele>
    <time>2023-10-29T00:23:04Z</time>
   </trkpt>
   <trkpt lat="35.5516460" lon="139.5139210">
    <ele>37.8</ele>
    <time>2023-10-29T00:23:05Z</time>
   </trkpt>
   <trkpt lat="35.5516180" lon="139.5139310">
    <ele>37.8</ele>
    <time>2023-10-29T00:23:06Z</time>
   </trkpt>
   <trkpt lat="35.5515890" lon="139.5139420">
    <ele>37.9</ele>
    <time>2023-10-29T00:23:07Z</time>
   </trkpt>
   <trkpt lat="35.5515600" lon="139.5139420">
    <ele>37.9</ele>
    <time>2023-10-29T00:23:08Z</time>
   </trkpt>
   <trkpt lat="35.5515330" lon="139.5139590">
    <ele>38.0</ele>
    <time>2023-10-29T00:23:09Z</time>
   </trkpt>
   <trkpt lat="35.5515020" lon="139.5139650">
    <ele>38.0</ele>
    <time>2023-10-29T00:23:10Z</time>
   </trkpt>
   <trkpt lat="35.5514740" lon="139.5139730">
    <ele>38.0</ele>
    <time>2023-10-29T00:23:11Z</time>
   </trkpt>
   <trkpt lat="35.5514490" lon="139.5139860">
    <ele>38.1</ele>
    <time>2023-10-29T00:23:12Z</time>
   </trkpt>
   <trkpt lat="35.5514210" lon="139.5139920">
    <ele>38.1</ele>
    <time>2023-10-29T00:23:13Z</time>
   </trkpt>
   <trkpt lat="35.5513960" lon="139.5140090">
    <ele>38.1</ele>
    <time>2023-10-29T00:23:14Z</time>
   </trkpt>
   <trkpt lat="35.5513520" lon="139.5140160">
    <ele>38.2</ele>
    <time>2023-10-29T00:23:15Z</time>
   </trkpt>
   <trkpt lat="35.5513320" lon="139.5140240">
    <ele>38.2</ele>
    <time>2023-10-29T00:23:16Z</time>
   </trkpt>
   <trkpt lat="35.5513110" lon="139.5140320">
    <ele>38.3</ele>
    <time>2023-10-29T00:23:24Z</time>
   </trkpt>
   <trkpt lat="35.5512910" lon="139.5140410">
    <ele>38.3</ele>
    <time>2023-10-29T00:23:25Z</time>
   </trkpt>
   <trkpt lat="35.5512580" lon="139.5140560">
    <ele>38.3</ele>
    <time>2023-10-29T00:23:26Z</time>
   </trkpt>
   <trkpt lat="35.5512500" lon="139.5140620">
    <ele>38.3</ele>
    <time>2023-10-29T00:23:27Z</time>
   </trkpt>
   <trkpt lat="35.5512110" lon="139.5140830">
    <ele>38.4</ele>
    <time>2023-10-29T00:23:28Z</time>
   </trkpt>
   <trkpt lat="35.5511770" lon="139.5141020">
    <ele>38.4</ele>
    <time>2023-10-29T00:23:29Z</time>
   </trkpt>
   <trkpt lat="35.5511380" lon="139.5141490">
    <ele>38.4</ele>
    <time>2023-10-29T00:23:30Z</time>
   </trkpt>
   <trkpt lat="35.5511060" lon="139.5141770">
    <ele>38.4</ele>
    <time>2023-10-29T00:23:31Z</time>
   </trkpt>
   <trkpt lat="35.5510700" lon="139.5141800">
    <ele>38.4</ele>
    <time>2023-10-29T00:23:32Z</time>
   </trkpt>
   <trkpt lat="35.5510570" lon="139.5141840">
    <ele>38.4</ele>
    <time>2023-10-29T00:23:33Z</time>
   </trkpt>
   <trkpt lat="35.5510280" lon="139.5142000">
    <ele>38.4</ele>
    <time>2023-10-29T00:23:34Z</time>
   </trkpt>
   <trkpt lat="35.5510040" lon="139.5142130">
    <ele>38.4</ele>
    <time>2023-10-29T00:23:35Z</time>
   </trkpt>
   <trkpt lat="35.5509960" lon="139.5142200">
    <ele>38.4</ele>
    <time>2023-10-29T00:23:36Z</time>
   </trkpt>
   <trkpt lat="35.5509670" lon="139.5142360">
    <ele>38.4</ele>
    <time>2023-10-29T00:23:37Z</time>
   </trkpt>
   <trkpt lat="35.5509580" lon="139.5142400">
    <ele>38.4</ele>
    <time>2023-10-29T00:23:38Z</time>
   </trkpt>
   <trkpt lat="35.5509270" lon="139.5142680">
    <ele>38.4</ele>
    <time>2023-10-29T00:23:39Z</time>
   </trkpt>
   <trkpt lat="35.5509150" lon="139.5142730">
    <ele>38.4</ele>
    <time>2023-10-29T00:23:40Z</time>
   </trkpt>
   <trkpt lat="35.5508900" lon="139.5142910">
    <ele>38.4</ele>
    <time>2023-10-29T00:23:41Z</time>
   </trkpt>
   <trkpt lat="35.5508690" lon="139.5143140">
    <ele>38.4</ele>
    <time>2023-10-29T00:23:42Z</time>
   </trkpt>
   <trkpt lat="35.5508440" lon="139.5143350">
    <ele>38.4</ele>
    <time>2023-10-29T00:23:43Z</time>
   </trkpt>
   <trkpt lat="35.5508150" lon="139.5143520">
    <ele>38.4</ele>
    <time>2023-10-29T00:23:44Z</time>
   </trkpt>
   <trkpt lat="35.5507920" lon="139.5143730">
    <ele>38.4</ele>
    <time>2023-10-29T00:23:45Z</time>
   </trkpt>
   <trkpt lat="35.5507700" lon="139.5144040">
    <ele>38.4</ele>
    <time>2023-10-29T00:23:46Z</time>
   </trkpt>
   <trkpt lat="35.5507480" lon="139.5144330">
    <ele>38.4</ele>
    <time>2023-10-29T00:23:47Z</time>
   </trkpt>
   <trkpt lat="35.5507210" lon="139.5144580">
    <ele>38.4</ele>
    <time>2023-10-29T00:23:48Z</time>
   </trkpt>
   <trkpt lat="35.5506990" lon="139.5144870">
    <ele>38.5</ele>
    <time>2023-10-29T00:23:49Z</time>
   </trkpt>
   <trkpt lat="35.5506740" lon="139.5145140">
    <ele>38.5</ele>
    <time>2023-10-29T00:23:50Z</time>
   </trkpt>
   <trkpt lat="35.5506510" lon="139.5145450">
    <ele>38.5</ele>
    <time>2023-10-29T00:23:51Z</time>
   </trkpt>
   <trkpt lat="35.5506300" lon="139.5145700">
    <ele>38.6</ele>
    <time>2023-10-29T00:23:52Z</time>
   </trkpt>
   <trkpt lat="35.5506010" lon="139.5145950">
    <ele>38.6</ele>
    <time>2023-10-29T00:23:53Z</time>
   </trkpt>
   <trkpt lat="35.5505840" lon="139.5146250">
    <ele>38.6</ele>
    <time>2023-10-29T00:23:54Z</time>
   </trkpt>
   <trkpt lat="35.5505660" lon="139.5146530">
    <ele>38.7</ele>
    <time>2023-10-29T00:23:55Z</time>
   </trkpt>
   <trkpt lat="35.5505450" lon="139.5146840">
    <ele>38.7</ele>
    <time>2023-10-29T00:23:56Z</time>
   </trkpt>
   <trkpt lat="35.5505380" lon="139.5146960">
    <ele>38.7</ele>
    <time>2023-10-29T00:23:57Z</time>
   </trkpt>
   <trkpt lat="35.5505160" lon="139.5147330">
    <ele>38.8</ele>
    <time>2023-10-29T00:23:58Z</time>
   </trkpt>
   <trkpt lat="35.5505080" lon="139.5147460">
    <ele>38.8</ele>
    <time>2023-10-29T00:23:59Z</time>
   </trkpt>
   <trkpt lat="35.5504830" lon="139.5147800">
    <ele>38.9</ele>
    <time>2023-10-29T00:24:00Z</time>
   </trkpt>
   <trkpt lat="35.5504760" lon="139.5147930">
    <ele>38.9</ele>
    <time>2023-10-29T00:24:01Z</time>
   </trkpt>
   <trkpt lat="35.5504560" lon="139.5148360">
    <ele>39.0</ele>
    <time>2023-10-29T00:24:02Z</time>
   </trkpt>
   <trkpt lat="35.5504490" lon="139.5148530">
    <ele>39.0</ele>
    <time>2023-10-29T00:24:03Z</time>
   </trkpt>
   <trkpt lat="35.5504210" lon="139.5148880">
    <ele>39.1</ele>
    <time>2023-10-29T00:24:04Z</time>
   </trkpt>
   <trkpt lat="35.5504120" lon="139.5149010">
    <ele>39.1</ele>
    <time>2023-10-29T00:24:05Z</time>
   </trkpt>
   <trkpt lat="35.5503890" lon="139.5149390">
    <ele>39.2</ele>
    <time>2023-10-29T00:24:06Z</time>
   </trkpt>
   <trkpt lat="35.5503820" lon="139.5149550">
    <ele>39.2</ele>
    <time>2023-10-29T00:24:07Z</time>
   </trkpt>
   <trkpt lat="35.5503590" lon="139.5149910">
    <ele>39.3</ele>
    <time>2023-10-29T00:24:08Z</time>
   </trkpt>
   <trkpt lat="35.5503510" lon="139.5150040">
    <ele>39.3</ele>
    <time>2023-10-29T00:24:09Z</time>
   </trkpt>
   <trkpt lat="35.5503400" lon="139.5150360">
    <ele>39.3</ele>
    <time>2023-10-29T00:24:10Z</time>
   </trkpt>
   <trkpt lat="35.5503320" lon="139.5150680">
    <ele>39.4</ele>
    <time>2023-10-29T00:24:11Z</time>
   </trkpt>
   <trkpt lat="35.5503090" lon="139.5150950">
    <ele>39.4</ele>
    <time>2023-10-29T00:24:12Z</time>
   </trkpt>
   <trkpt lat="35.5502840" lon="139.5151100">
    <ele>39.5</ele>
    <time>2023-10-29T00:24:13Z</time>
   </trkpt>
   <trkpt lat="35.5502570" lon="139.5151410">
    <ele>39.5</ele>
    <time>2023-10-29T00:24:14Z</time>
   </trkpt>
   <trkpt lat="35.5502510" lon="139.5151530">
    <ele>39.6</ele>
    <time>2023-10-29T00:24:15Z</time>
   </trkpt>
   <trkpt lat="35.5502320" lon="139.5151960">
    <ele>39.6</ele>
    <time>2023-10-29T00:24:16Z</time>
   </trkpt>
   <trkpt lat="35.5502270" lon="139.5152100">
    <ele>39.6</ele>
    <time>2023-10-29T00:24:17Z</time>
   </trkpt>
   <trkpt lat="35.5501700" lon="139.5151910">
    <ele>39.9</ele>
    <time>2023-10-29T00:24:18Z</time>
   </trkpt>
   <trkpt lat="35.5501260" lon="139.5151510">
    <ele>40.3</ele>
    <time>2023-10-29T00:24:19Z</time>
   </trkpt>
   <trkpt lat="35.5500820" lon="139.5151120">
    <ele>40.6</ele>
    <time>2023-10-29T00:24:36Z</time>
   </trkpt>
   <trkpt lat="35.5500380" lon="139.5150720">
    <ele>40.9</ele>
    <time>2023-10-29T00:24:37Z</time>
   </trkpt>
   <trkpt lat="35.5499940" lon="139.5150330">
    <ele>41.3</ele>
    <time>2023-10-29T00:24:38Z</time>
   </trkpt>
   <trkpt lat="35.5499920" lon="139.5150070">
    <ele>41.4</ele>
    <time>2023-10-29T00:24:39Z</time>
   </trkpt>
   <trkpt lat="35.5499900" lon="139.5149900">
    <ele>41.5</ele>
    <time>2023-10-29T00:24:40Z</time>
   </trkpt>
   <trkpt lat="35.5499880" lon="139.5149720">
    <ele>41.7</ele>
    <time>2023-10-29T00:24:41Z</time>
   </trkpt>
   <trkpt lat="35.5499720" lon="139.5149430">
    <ele>41.9</ele>
    <time>2023-10-29T00:24:42Z</time>
   </trkpt>
   <trkpt lat="35.5499670" lon="139.5149290">
    <ele>42.0</ele>
    <time>2023-10-29T00:24:43Z</time>
   </trkpt>
   <trkpt lat="35.5499470" lon="139.5148870">
    <ele>42.4</ele>
    <time>2023-10-29T00:24:44Z</time>
   </trkpt>
   <trkpt lat="35.5499390" lon="139.5148730">
    <ele>42.5</ele>
    <time>2023-10-29T00:24:45Z</time>
   </trkpt>
   <trkpt lat="35.5498990" lon="139.5148660">
    <ele>42.8</ele>
    <time>2023-10-29T00:24:46Z</time>
   </trkpt>
   <trkpt lat="35.5498800" lon="139.5148730">
    <ele>43.0</ele>
    <time>2023-10-29T00:24:47Z</time>
   </trkpt>
   <trkpt lat="35.5498570" lon="139.5148520">
    <ele>43.7</ele>
    <time>2023-10-29T00:24:48Z</time>
   </trkpt>
   <trkpt lat="35.5498250" lon="139.5148510">
    <ele>43.7</ele>
    <time>2023-10-29T00:24:49Z</time>
   </trkpt>
   <trkpt lat="35.5498130" lon="139.5148560">
    <ele>43.7</ele>
    <time>2023-10-29T00:24:50Z</time>
   </trkpt>
   <trkpt lat="35.5497890" lon="139.5148770">
    <ele>43.7</ele>
    <time>2023-10-29T00:24:51Z</time>
   </trkpt>
   <trkpt lat="35.5497520" lon="139.5148890">
    <ele>43.8</ele>
    <time>2023-10-29T00:24:52Z</time>
   </trkpt>
   <trkpt lat="35.5497400" lon="139.5148920">
    <ele>43.8</ele>
    <time>2023-10-29T00:24:53Z</time>
   </trkpt>
   <trkpt lat="35.5497030" lon="139.5149100">
    <ele>43.8</ele>
    <time>2023-10-29T00:24:54Z</time>
   </trkpt>
   <trkpt lat="35.5496910" lon="139.5149190">
    <ele>43.8</ele>
    <time>2023-10-29T00:24:55Z</time>
   </trkpt>
   <trkpt lat="35.5496550" lon="139.5149310">
    <ele>43.9</ele>
    <time>2023-10-29T00:24:56Z</time>
   </trkpt>
   <trkpt lat="35.5496420" lon="139.5149370">
    <ele>43.9</ele>
    <time>2023-10-29T00:24:57Z</time>
   </trkpt>
   <trkpt lat="35.5496140" lon="139.5149460">
    <ele>44.0</ele>
    <time>2023-10-29T00:24:58Z</time>
   </trkpt>
   <trkpt lat="35.5495760" lon="139.5149640">
    <ele>44.0</ele>
    <time>2023-10-29T00:24:59Z</time>
   </trkpt>
   <trkpt lat="35.5495620" lon="139.5149660">
    <ele>44.1</ele>
    <time>2023-10-29T00:25:00Z</time>
   </trkpt>
   <trkpt lat="35.5495350" lon="139.5149790">
    <ele>44.1</ele>
    <time>2023-10-29T00:25:01Z</time>
   </trkpt>
   <trkpt lat="35.5494940" lon="139.5149900">
    <ele>44.2</ele>
    <time>2023-10-29T00:25:02Z</time>
   </trkpt>
   <trkpt lat="35.5494790" lon="139.5149990">
    <ele>44.2</ele>
    <time>2023-10-29T00:25:03Z</time>
   </trkpt>
   <trkpt lat="35.5494510" lon="139.5150130">
    <ele>44.2</ele>
    <time>2023-10-29T00:25:04Z</time>
   </trkpt>
   <trkpt lat="35.5494140" lon="139.5150310">
    <ele>44.3</ele>
    <time>2023-10-29T00:25:05Z</time>
   </trkpt>
   <trkpt lat="35.5493870" lon="139.5150430">
    <ele>44.3</ele>
    <time>2023-10-29T00:25:06Z</time>
   </trkpt>
   <trkpt lat="35.5493570" lon="139.5150510">
    <ele>44.3</ele>
    <time>2023-10-29T00:25:07Z</time>
   </trkpt>
   <trkpt lat="35.5493310" lon="139.5150690">
    <ele>44.3</ele>
    <time>2023-10-29T00:25:08Z</time>
   </trkpt>
   <trkpt lat="35.5493030" lon="139.5150780">
    <ele>44.3</ele>
    <time>2023-10-29T00:25:09Z</time>
   </trkpt>
   <trkpt lat="35.5492710" lon="139.5150950">
    <ele>44.3</ele>
    <time>2023-10-29T00:25:10Z</time>
   </trkpt>
   <trkpt lat="35.5492440" lon="139.5151170">
    <ele>44.3</ele>
    <time>2023-10-29T00:25:11Z</time>
   </trkpt>
   <trkpt lat="35.5492160" lon="139.5151250">
    <ele>44.3</ele>
    <time>2023-10-29T00:25:12Z</time>
   </trkpt>
   <trkpt lat="35.5491890" lon="139.5151340">
    <ele>44.3</ele>
    <time>2023-10-29T00:25:13Z</time>
   </trkpt>
   <trkpt lat="35.5491620" lon="139.5151430">
    <ele>44.2</ele>
    <time>2023-10-29T00:25:14Z</time>
   </trkpt>
   <trkpt lat="35.5491350" lon="139.5151500">
    <ele>44.2</ele>
    <time>2023-10-29T00:25:15Z</time>
   </trkpt>
   <trkpt lat="35.5491000" lon="139.5151330">
    <ele>44.2</ele>
    <time>2023-10-29T00:25:16Z</time>
   </trkpt>
   <trkpt lat="35.5490910" lon="139.5151230">
    <ele>44.2</ele>
    <time>2023-10-29T00:25:17Z</time>
   </trkpt>
   <trkpt lat="35.5490760" lon="139.5150940">
    <ele>44.2</ele>
    <time>2023-10-29T00:25:18Z</time>
   </trkpt>
   <trkpt lat="35.5490520" lon="139.5150660">
    <ele>44.6</ele>
    <time>2023-10-29T00:25:19Z</time>
   </trkpt>
   <trkpt lat="35.5490410" lon="139.5150610">
    <ele>44.7</ele>
    <time>2023-10-29T00:25:20Z</time>
   </trkpt>
   <trkpt lat="35.5490150" lon="139.5150510">
    <ele>44.9</ele>
    <time>2023-10-29T00:25:21Z</time>
   </trkpt>
   <trkpt lat="35.5489860" lon="139.5150250">
    <ele>45.1</ele>
    <time>2023-10-29T00:25:22Z</time>
   </trkpt>
   <trkpt lat="35.5489760" lon="139.5150130">
    <ele>45.2</ele>
    <time>2023-10-29T00:25:23Z</time>
   </trkpt>
   <trkpt lat="35.5489600" lon="139.5149810">
    <ele>45.4</ele>
    <time>2023-10-29T00:25:24Z</time>
   </trkpt>
   <trkpt lat="35.5489550" lon="139.5149710">
    <ele>45.5</ele>
    <time>2023-10-29T00:25:25Z</time>
   </trkpt>
   <trkpt lat="35.5489490" lon="139.5149330">
    <ele>45.8</ele>
    <time>2023-10-29T00:25:26Z</time>
   </trkpt>
   <trkpt lat="35.5489460" lon="139.5149190">
    <ele>45.8</ele>
    <time>2023-10-29T00:25:27Z</time>
   </trkpt>
   <trkpt lat="35.5489300" lon="139.5148800">
    <ele>46.1</ele>
    <time>2023-10-29T00:25:28Z</time>
   </trkpt>
   <trkpt lat="35.5489260" lon="139.5148650">
    <ele>46.2</ele>
    <time>2023-10-29T00:25:29Z</time>
   </trkpt>
   <trkpt lat="35.5489130" lon="139.5148320">
    <ele>46.4</ele>
    <time>2023-10-29T00:25:30Z</time>
   </trkpt>
   <trkpt lat="35.5489060" lon="139.5148240">
    <ele>46.5</ele>
    <time>2023-10-29T00:25:31Z</time>
   </trkpt>
   <trkpt lat="35.5489110" lon="139.5147880">
    <ele>46.7</ele>
    <time>2023-10-29T00:25:32Z</time>
   </trkpt>
   <trkpt lat="35.5488830" lon="139.5147590">
    <ele>47.0</ele>
    <time>2023-10-29T00:25:33Z</time>
   </trkpt>
   <trkpt lat="35.5488710" lon="139.5147520">
    <ele>47.1</ele>
    <time>2023-10-29T00:25:34Z</time>
   </trkpt>
   <trkpt lat="35.5488540" lon="139.5147260">
    <ele>47.3</ele>
    <time>2023-10-29T00:25:35Z</time>
   </trkpt>
   <trkpt lat="35.5488300" lon="139.5147060">
    <ele>47.6</ele>
    <time>2023-10-29T00:25:36Z</time>
   </trkpt>
   <trkpt lat="35.5488210" lon="139.5147040">
    <ele>47.6</ele>
    <time>2023-10-29T00:25:37Z</time>
   </trkpt>
   <trkpt lat="35.5488030" lon="139.5146710">
    <ele>47.9</ele>
    <time>2023-10-29T00:25:38Z</time>
   </trkpt>
   <trkpt lat="35.5488030" lon="139.5146540">
    <ele>48.0</ele>
    <time>2023-10-29T00:25:39Z</time>
   </trkpt>
   <trkpt lat="35.5487940" lon="139.5146180">
    <ele>48.2</ele>
    <time>2023-10-29T00:25:40Z</time>
   </trkpt>
   <trkpt lat="35.5487920" lon="139.5146060">
    <ele>48.3</ele>
    <time>2023-10-29T00:25:41Z</time>
   </trkpt>
   <trkpt lat="35.5487740" lon="139.5145750">
    <ele>48.5</ele>
    <time>2023-10-29T00:25:42Z</time>
   </trkpt>
   <trkpt lat="35.5487710" lon="139.5145640">
    <ele>48.6</ele>
    <time>2023-10-29T00:25:43Z</time>
   </trkpt>
   <trkpt lat="35.5487610" lon="139.5145190">
    <ele>48.9</ele>
    <time>2023-10-29T00:25:44Z</time>
   </trkpt>
   <trkpt lat="35.5487520" lon="139.5145080">
    <ele>49.0</ele>
    <time>2023-10-29T00:25:45Z</time>
   </trkpt>
   <trkpt lat="35.5487410" lon="139.5144730">
    <ele>49.2</ele>
    <time>2023-10-29T00:25:46Z</time>
   </trkpt>
   <trkpt lat="35.5487270" lon="139.5144290">
    <ele>49.5</ele>
    <time>2023-10-29T00:25:47Z</time>
   </trkpt>
   <trkpt lat="35.5487270" lon="139.5144090">
    <ele>49.6</ele>
    <time>2023-10-29T00:25:48Z</time>
   </trkpt>
   <trkpt lat="35.5487180" lon="139.5143610">
    <ele>49.8</ele>
    <time>2023-10-29T00:25:49Z</time>
   </trkpt>
   <trkpt lat="35.5487130" lon="139.5143460">
    <ele>49.8</ele>
    <time>2023-10-29T00:25:50Z</time>
   </trkpt>
   <trkpt lat="35.5486960" lon="139.5142980">
    <ele>50.0</ele>
    <time>2023-10-29T00:25:51Z</time>
   </trkpt>
   <trkpt lat="35.5486930" lon="139.5142770">
    <ele>50.1</ele>
    <time>2023-10-29T00:25:52Z</time>
   </trkpt>
   <trkpt lat="35.5486830" lon="139.5142310">
    <ele>50.3</ele>
    <time>2023-10-29T00:25:53Z</time>
   </trkpt>
   <trkpt lat="35.5486740" lon="139.5141900">
    <ele>50.5</ele>
    <time>2023-10-29T00:25:54Z</time>
   </trkpt>
   <trkpt lat="35.5486800" lon="139.5141570">
    <ele>50.7</ele>
    <time>2023-10-29T00:25:55Z</time>
   </trkpt>
   <trkpt lat="35.5486630" lon="139.5141300">
    <ele>50.9</ele>
    <time>2023-10-29T00:25:56Z</time>
   </trkpt>
   <trkpt lat="35.5486620" lon="139.5140890">
    <ele>51.2</ele>
    <time>2023-10-29T00:25:57Z</time>
   </trkpt>
   <trkpt lat="35.5486460" lon="139.5140440">
    <ele>51.5</ele>
    <time>2023-10-29T00:25:58Z</time>
   </trkpt>
   <trkpt lat="35.5486370" lon="139.5140290">
    <ele>51.6</ele>
    <time>2023-10-29T00:25:59Z</time>
   </trkpt>
   <trkpt lat="35.5486250" lon="139.5139900">
    <ele>51.9</ele>
    <time>2023-10-29T00:26:00Z</time>
   </trkpt>
   <trkpt lat="35.5486110" lon="139.5139590">
    <ele>52.2</ele>
    <time>2023-10-29T00:26:01Z</time>
   </trkpt>
   <trkpt lat="35.5486000" lon="139.5139110">
    <ele>52.5</ele>
    <time>2023-10-29T00:26:02Z</time>
   </trkpt>
   <trkpt lat="35.5485930" lon="139.5138930">
    <ele>52.6</ele>
    <time>2023-10-29T00:26:03Z</time>
   </trkpt>
   <trkpt lat="35.5485870" lon="139.5138470">
    <ele>52.9</ele>
    <time>2023-10-29T00:26:04Z</time>
   </trkpt>
   <trkpt lat="35.5485800" lon="139.5138320">
    <ele>53.1</ele>
    <time>2023-10-29T00:26:05Z</time>
   </trkpt>
   <trkpt lat="35.5485750" lon="139.5137990">
    <ele>53.3</ele>
    <time>2023-10-29T00:26:06Z</time>
   </trkpt>
   <trkpt lat="35.5485620" lon="139.5137570">
    <ele>53.6</ele>
    <time>2023-10-29T00:26:07Z</time>
   </trkpt>
   <trkpt lat="35.5485550" lon="139.5137430">
    <ele>53.7</ele>
    <time>2023-10-29T00:26:08Z</time>
   </trkpt>
   <trkpt lat="35.5485470" lon="139.5136970">
    <ele>54.0</ele>
    <time>2023-10-29T00:26:09Z</time>
   </trkpt>
   <trkpt lat="35.5485440" lon="139.5136830">
    <ele>54.1</ele>
    <time>2023-10-29T00:26:10Z</time>
   </trkpt>
   <trkpt lat="35.5485310" lon="139.5136460">
    <ele>54.4</ele>
    <time>2023-10-29T00:26:11Z</time>
   </trkpt>
   <trkpt lat="35.5485310" lon="139.5136070">
    <ele>54.7</ele>
    <time>2023-10-29T00:26:12Z</time>
   </trkpt>
   <trkpt lat="35.5485110" lon="139.5135730">
    <ele>54.9</ele>
    <time>2023-10-29T00:26:13Z</time>
   </trkpt>
   <trkpt lat="35.5485050" lon="139.5135580">
    <ele>55.0</ele>
    <time>2023-10-29T00:26:14Z</time>
   </trkpt>
   <trkpt lat="35.5484980" lon="139.5135190">
    <ele>55.3</ele>
    <time>2023-10-29T00:26:15Z</time>
   </trkpt>
   <trkpt lat="35.5484940" lon="139.5134850">
    <ele>55.5</ele>
    <time>2023-10-29T00:26:16Z</time>
   </trkpt>
   <trkpt lat="35.5484830" lon="139.5134530">
    <ele>55.7</ele>
    <time>2023-10-29T00:26:17Z</time>
   </trkpt>
   <trkpt lat="35.5484650" lon="139.5134120">
    <ele>56.0</ele>
    <time>2023-10-29T00:26:18Z</time>
   </trkpt>
   <trkpt lat="35.5484580" lon="139.5133980">
    <ele>56.1</ele>
    <time>2023-10-29T00:26:19Z</time>
   </trkpt>
   <trkpt lat="35.5484460" lon="139.5133650">
    <ele>56.4</ele>
    <time>2023-10-29T00:26:20Z</time>
   </trkpt>
   <trkpt lat="35.5484310" lon="139.5133140">
    <ele>56.7</ele>
    <time>2023-10-29T00:26:21Z</time>
   </trkpt>
   <trkpt lat="35.5484260" lon="139.5132940">
    <ele>56.8</ele>
    <time>2023-10-29T00:26:22Z</time>
   </trkpt>
   <trkpt lat="35.5484090" lon="139.5132520">
    <ele>57.1</ele>
    <time>2023-10-29T00:26:23Z</time>
   </trkpt>
   <trkpt lat="35.5483950" lon="139.5132000">
    <ele>57.5</ele>
    <time>2023-10-29T00:26:24Z</time>
   </trkpt>
   <trkpt lat="35.5483920" lon="139.5131630">
    <ele>57.7</ele>
    <time>2023-10-29T00:26:25Z</time>
   </trkpt>
   <trkpt lat="35.5483830" lon="139.5131310">
    <ele>57.9</ele>
    <time>2023-10-29T00:26:26Z</time>
   </trkpt>
   <trkpt lat="35.5483750" lon="139.5130900">
    <ele>58.0</ele>
    <time>2023-10-29T00:26:27Z</time>
   </trkpt>
   <trkpt lat="35.5483630" lon="139.5130470">
    <ele>58.2</ele>
    <time>2023-10-29T00:26:28Z</time>
   </trkpt>
   <trkpt lat="35.5483510" lon="139.5129970">
    <ele>58.4</ele>
    <time>2023-10-29T00:26:29Z</time>
   </trkpt>
   <trkpt lat="35.5483480" lon="139.5129490">
    <ele>58.5</ele>
    <time>2023-10-29T00:26:30Z</time>
   </trkpt>
   <trkpt lat="35.5483330" lon="139.5129090">
    <ele>58.6</ele>
    <time>2023-10-29T00:26:31Z</time>
   </trkpt>
   <trkpt lat="35.5483270" lon="139.5128940">
    <ele>58.7</ele>
    <time>2023-10-29T00:26:32Z</time>
   </trkpt>
   <trkpt lat="35.5483110" lon="139.5128490">
    <ele>58.8</ele>
    <time>2023-10-29T00:26:33Z</time>
   </trkpt>
   <trkpt lat="35.5483060" lon="139.5128320">
    <ele>58.8</ele>
    <time>2023-10-29T00:26:34Z</time>
   </trkpt>
   <trkpt lat="35.5483010" lon="139.5127830">
    <ele>58.9</ele>
    <time>2023-10-29T00:26:35Z</time>
   </trkpt>
   <trkpt lat="35.5483000" lon="139.5127650">
    <ele>58.9</ele>
    <time>2023-10-29T00:26:36Z</time>
   </trkpt>
   <trkpt lat="35.5482930" lon="139.5127220">
    <ele>59.0</ele>
    <time>2023-10-29T00:26:37Z</time>
   </trkpt>
   <trkpt lat="35.5482870" lon="139.5127050">
    <ele>59.0</ele>
    <time>2023-10-29T00:26:38Z</time>
   </trkpt>
   <trkpt lat="35.5482670" lon="139.5126040">
    <ele>59.0</ele>
    <time>2023-10-29T00:26:39Z</time>
   </trkpt>
   <trkpt lat="35.5482560" lon="139.5125400">
    <ele>58.9</ele>
    <time>2023-10-29T00:26:45Z</time>
   </trkpt>
   <trkpt lat="35.5482440" lon="139.5124760">
    <ele>58.8</ele>
    <time>2023-10-29T00:26:46Z</time>
   </trkpt>
   <trkpt lat="35.5482320" lon="139.5124120">
    <ele>58.7</ele>
    <time>2023-10-29T00:26:47Z</time>
   </trkpt>
   <trkpt lat="35.5482350" lon="139.5123750">
    <ele>58.6</ele>
    <time>2023-10-29T00:26:48Z</time>
   </trkpt>
   <trkpt lat="35.5482360" lon="139.5123400">
    <ele>58.5</ele>
    <time>2023-10-29T00:26:49Z</time>
   </trkpt>
   <trkpt lat="35.5482320" lon="139.5123290">
    <ele>58.4</ele>
    <time>2023-10-29T00:26:50Z</time>
   </trkpt>
   <trkpt lat="35.5482310" lon="139.5122850">
    <ele>58.3</ele>
    <time>2023-10-29T00:26:51Z</time>
   </trkpt>
   <trkpt lat="35.5482320" lon="139.5122660">
    <ele>58.2</ele>
    <time>2023-10-29T00:26:52Z</time>
   </trkpt>
   <trkpt lat="35.5482280" lon="139.5122390">
    <ele>58.1</ele>
    <time>2023-10-29T00:26:53Z</time>
   </trkpt>
   <trkpt lat="35.5482280" lon="139.5122160">
    <ele>58.0</ele>
    <time>2023-10-29T00:26:54Z</time>
   </trkpt>
   <trkpt lat="35.5482240" lon="139.5121880">
    <ele>57.9</ele>
    <time>2023-10-29T00:26:55Z</time>
   </trkpt>
   <trkpt lat="35.5482240" lon="139.5121720">
    <ele>57.8</ele>
    <time>2023-10-29T00:26:56Z</time>
   </trkpt>
   <trkpt lat="35.5482050" lon="139.5121270">
    <ele>57.6</ele>
    <time>2023-10-29T00:26:57Z</time>
   </trkpt>
   <trkpt lat="35.5481830" lon="139.5120790">
    <ele>57.3</ele>
    <time>2023-10-29T00:26:58Z</time>
   </trkpt>
   <trkpt lat="35.5482010" lon="139.5120260">
    <ele>57.0</ele>
    <time>2023-10-29T00:26:59Z</time>
   </trkpt>
   <trkpt lat="35.5482090" lon="139.5119840">
    <ele>56.7</ele>
    <time>2023-10-29T00:27:00Z</time>
   </trkpt>
   <trkpt lat="35.5482200" lon="139.5119390">
    <ele>56.5</ele>
    <time>2023-10-29T00:27:01Z</time>
   </trkpt>
   <trkpt lat="35.5482230" lon="139.5119250">
    <ele>56.4</ele>
    <time>2023-10-29T00:27:02Z</time>
   </trkpt>
   <trkpt lat="35.5482070" lon="139.5118930">
    <ele>56.1</ele>
    <time>2023-10-29T00:27:03Z</time>
   </trkpt>
   <trkpt lat="35.5482110" lon="139.5118480">
    <ele>55.9</ele>
    <time>2023-10-29T00:27:04Z</time>
   </trkpt>
   <trkpt lat="35.5482070" lon="139.5118150">
    <ele>55.7</ele>
    <time>2023-10-29T00:27:05Z</time>
   </trkpt>
   <trkpt lat="35.5482100" lon="139.5117750">
    <ele>55.4</ele>
    <time>2023-10-29T00:27:06Z</time>
   </trkpt>
   <trkpt lat="35.5482190" lon="139.5117360">
    <ele>55.2</ele>
    <time>2023-10-29T00:27:07Z</time>
   </trkpt>
   <trkpt lat="35.5482270" lon="139.5116970">
    <ele>54.9</ele>
    <time>2023-10-29T00:27:08Z</time>
   </trkpt>
   <trkpt lat="35.5482310" lon="139.5116410">
    <ele>54.6</ele>
    <time>2023-10-29T00:27:09Z</time>
   </trkpt>
   <trkpt lat="35.5482380" lon="139.5116020">
    <ele>54.3</ele>
    <time>2023-10-29T00:27:10Z</time>
   </trkpt>
   <trkpt lat="35.5482400" lon="139.5115610">
    <ele>54.1</ele>
    <time>2023-10-29T00:27:11Z</time>
   </trkpt>
   <trkpt lat="35.5482360" lon="139.5115470">
    <ele>54.0</ele>
    <time>2023-10-29T00:27:12Z</time>
   </trkpt>
   <trkpt lat="35.5482430" lon="139.5115150">
    <ele>53.8</ele>
    <time>2023-10-29T00:27:13Z</time>
   </trkpt>
   <trkpt lat="35.5482240" lon="139.5114800">
    <ele>52.0</ele>
    <time>2023-10-29T00:27:14Z</time>
   </trkpt>
   <trkpt lat="35.5482170" lon="139.5114710">
    <ele>51.8</ele>
    <time>2023-10-29T00:27:15Z</time>
   </trkpt>
   <trkpt lat="35.5481970" lon="139.5114320">
    <ele>51.4</ele>
    <time>2023-10-29T00:27:16Z</time>
   </trkpt>
   <trkpt lat="35.5481470" lon="139.5114250">
    <ele>50.7</ele>
    <time>2023-10-29T00:27:17Z</time>
   </trkpt>
   <trkpt lat="35.5481220" lon="139.5114380">
    <ele>50.4</ele>
    <time>2023-10-29T00:27:18Z</time>
   </trkpt>
   <trkpt lat="35.5480910" lon="139.5114450">
    <ele>50.0</ele>
    <time>2023-10-29T00:27:19Z</time>
   </trkpt>
   <trkpt lat="35.5480560" lon="139.5114320">
    <ele>49.6</ele>
    <time>2023-10-29T00:27:20Z</time>
   </trkpt>
   <trkpt lat="35.5480310" lon="139.5114050">
    <ele>49.2</ele>
    <time>2023-10-29T00:27:21Z</time>
   </trkpt>
   <trkpt lat="35.5480060" lon="139.5113860">
    <ele>48.9</ele>
    <time>2023-10-29T00:27:22Z</time>
   </trkpt>
   <trkpt lat="35.5479740" lon="139.5113820">
    <ele>48.5</ele>
    <time>2023-10-29T00:27:23Z</time>
   </trkpt>
   <trkpt lat="35.5479300" lon="139.5113840">
    <ele>48.1</ele>
    <time>2023-10-29T00:27:24Z</time>
   </trkpt>
   <trkpt lat="35.5479110" lon="139.5113930">
    <ele>47.8</ele>
    <time>2023-10-29T00:27:25Z</time>
   </trkpt>
   <trkpt lat="35.5478810" lon="139.5113710">
    <ele>47.4</ele>
    <time>2023-10-29T00:27:26Z</time>
   </trkpt>
   <trkpt lat="35.5478460" lon="139.5113600">
    <ele>47.0</ele>
    <time>2023-10-29T00:27:27Z</time>
   </trkpt>
   <trkpt lat="35.5478350" lon="139.5113530">
    <ele>46.9</ele>
    <time>2023-10-29T00:27:28Z</time>
   </trkpt>
   <trkpt lat="35.5478060" lon="139.5113350">
    <ele>46.5</ele>
    <time>2023-10-29T00:27:29Z</time>
   </trkpt>
   <trkpt lat="35.5477850" lon="139.5113130">
    <ele>46.2</ele>
    <time>2023-10-29T00:27:30Z</time>
   </trkpt>
   <trkpt lat="35.5477550" lon="139.5113020">
    <ele>45.8</ele>
    <time>2023-10-29T00:27:31Z</time>
   </trkpt>
   <trkpt lat="35.5477290" lon="139.5112830">
    <ele>45.5</ele>
    <time>2023-10-29T00:27:32Z</time>
   </trkpt>
   <trkpt lat="35.5476990" lon="139.5112490">
    <ele>45.0</ele>
    <time>2023-10-29T00:27:33Z</time>
   </trkpt>
   <trkpt lat="35.5476890" lon="139.5112360">
    <ele>44.8</ele>
    <time>2023-10-29T00:27:34Z</time>
   </trkpt>
   <trkpt lat="35.5476690" lon="139.5111990">
    <ele>44.4</ele>
    <time>2023-10-29T00:27:35Z</time>
   </trkpt>
   <trkpt lat="35.5476660" lon="139.5111850">
    <ele>44.3</ele>
    <time>2023-10-29T00:27:36Z</time>
   </trkpt>
   <trkpt lat="35.5476750" lon="139.5111350">
    <ele>44.1</ele>
    <time>2023-10-29T00:27:37Z</time>
   </trkpt>
   <trkpt lat="35.5476790" lon="139.5111170">
    <ele>44.1</ele>
    <time>2023-10-29T00:27:38Z</time>
   </trkpt>
   <trkpt lat="35.5477030" lon="139.5110520">
    <ele>44.1</ele>
    <time>2023-10-29T00:27:39Z</time>
   </trkpt>
   <trkpt lat="35.5477210" lon="139.5110080">
    <ele>44.1</ele>
    <time>2023-10-29T00:27:40Z</time>
   </trkpt>
   <trkpt lat="35.5477400" lon="139.5109630">
    <ele>44.0</ele>
    <time>2023-10-29T00:28:16Z</time>
   </trkpt>
   <trkpt lat="35.5477580" lon="139.5109180">
    <ele>43.7</ele>
    <time>2023-10-29T00:28:17Z</time>
   </trkpt>
   <trkpt lat="35.5477600" lon="139.5108740">
    <ele>43.4</ele>
    <time>2023-10-29T00:28:18Z</time>
   </trkpt>
   <trkpt lat="35.5477850" lon="139.5108540">
    <ele>43.1</ele>
    <time>2023-10-29T00:28:19Z</time>
   </trkpt>
   <trkpt lat="35.5478030" lon="139.5108250">
    <ele>42.9</ele>
    <time>2023-10-29T00:28:20Z</time>
   </trkpt>
   <trkpt lat="35.5478310" lon="139.5108000">
    <ele>42.6</ele>
    <time>2023-10-29T00:28:21Z</time>
   </trkpt>
   <trkpt lat="35.5478360" lon="139.5107850">
    <ele>42.5</ele>
    <time>2023-10-29T00:28:22Z</time>
   </trkpt>
   <trkpt lat="35.5478310" lon="139.5107470">
    <ele>42.2</ele>
    <time>2023-10-29T00:28:23Z</time>
   </trkpt>
   <trkpt lat="35.5478440" lon="139.5107100">
    <ele>41.9</ele>
    <time>2023-10-29T00:28:24Z</time>
   </trkpt>
   <trkpt lat="35.5478500" lon="139.5106700">
    <ele>41.5</ele>
    <time>2023-10-29T00:28:25Z</time>
   </trkpt>
   <trkpt lat="35.5478640" lon="139.5106320">
    <ele>41.2</ele>
    <time>2023-10-29T00:28:26Z</time>
   </trkpt>
   <trkpt lat="35.5478700" lon="139.5106150">
    <ele>41.0</ele>
    <time>2023-10-29T00:28:27Z</time>
   </trkpt>
   <trkpt lat="35.5478530" lon="139.5105850">
    <ele>40.7</ele>
    <time>2023-10-29T00:28:28Z</time>
   </trkpt>
   <trkpt lat="35.5478450" lon="139.5105310">
    <ele>40.2</ele>
    <time>2023-10-29T00:28:29Z</time>
   </trkpt>
   <trkpt lat="35.5478400" lon="139.5105060">
    <ele>40.0</ele>
    <time>2023-10-29T00:28:30Z</time>
   </trkpt>
   <trkpt lat="35.5478320" lon="139.5104660">
    <ele>39.6</ele>
    <time>2023-10-29T00:28:31Z</time>
   </trkpt>
   <trkpt lat="35.5478190" lon="139.5104550">
    <ele>39.4</ele>
    <time>2023-10-29T00:28:32Z</time>
   </trkpt>
   <trkpt lat="35.5478070" lon="139.5104210">
    <ele>39.1</ele>
    <time>2023-10-29T00:28:33Z</time>
   </trkpt>
   <trkpt lat="35.5477920" lon="139.5103810">
    <ele>38.7</ele>
    <time>2023-10-29T00:28:34Z</time>
   </trkpt>
   <trkpt lat="35.5477940" lon="139.5103560">
    <ele>38.5</ele>
    <time>2023-10-29T00:28:35Z</time>
   </trkpt>
   <trkpt lat="35.5477590" lon="139.5103230">
    <ele>38.1</ele>
    <time>2023-10-29T00:28:36Z</time>
   </trkpt>
   <trkpt lat="35.5477390" lon="139.5103150">
    <ele>37.9</ele>
    <time>2023-10-29T00:28:37Z</time>
   </trkpt>
   <trkpt lat="35.5476960" lon="139.5103020">
    <ele>37.5</ele>
    <time>2023-10-29T00:28:38Z</time>
   </trkpt>
   <trkpt lat="35.5476730" lon="139.5102710">
    <ele>37.2</ele>
    <time>2023-10-29T00:28:39Z</time>
   </trkpt>
   <trkpt lat="35.5476660" lon="139.5102680">
    <ele>37.2</ele>
    <time>2023-10-29T00:28:40Z</time>
   </trkpt>
   <trkpt lat="35.5476490" lon="139.5102320">
    <ele>36.9</ele>
    <time>2023-10-29T00:28:41Z</time>
   </trkpt>
   <trkpt lat="35.5476410" lon="139.5102180">
    <ele>36.8</ele>
    <time>2023-10-29T00:28:42Z</time>
   </trkpt>
   <trkpt lat="35.5476280" lon="139.5101820">
    <ele>36.6</ele>
    <time>2023-10-29T00:28:43Z</time>
   </trkpt>
   <trkpt lat="35.5476160" lon="139.5101680">
    <ele>36.5</ele>
    <time>2023-10-29T00:28:44Z</time>
   </trkpt>
   <trkpt lat="35.5476010" lon="139.5101490">
    <ele>36.3</ele>
    <time>2023-10-29T00:28:45Z</time>
   </trkpt>
  </trkseg>
 </trk>
</gpx>
