<?xml version="1.0" encoding="UTF-8"?>
<gpx creator="StravaGPX" version="1.1" xmlns="http://www.topografix.com/GPX/1/1" xmlns:xsi="http://www.w3.org/2001/XMLSchema-instance" xsi:schemaLocation="http://www.topografix.com/GPX/1/1 http://www.topografix.com/GPX/1/1/gpx.xsd">
 <metadata>
  <time>2023-11-05T00:34:07Z</time>
 </metadata>
 <trk>
  <name>Morning Run</name>
  <type>running</type>
  <trkseg>
   <trkpt lat="35.5448380" lon="139.5061780">
    <ele>50.2</ele>
    <time>2023-11-05T00:34:07Z</time>
   </trkpt>
   <trkpt lat="35.5447790" lon="139.5062860">
    <ele>50.0</ele>
    <time>2023-11-05T00:34:12Z</time>
   </trkpt>
   <trkpt lat="35.5447700" lon="139.5063010">
    <ele>50.0</ele>
    <time>2023-11-05T00:34:13Z</time>
   </trkpt>
   <trkpt lat="35.5447610" lon="139.5063150">
    <ele>50.0</ele>
    <time>2023-11-05T00:34:14Z</time>
   </trkpt>
   <trkpt lat="35.5447550" lon="139.5063350">
    <ele>50.0</ele>
    <time>2023-11-05T00:34:15Z</time>
   </trkpt>
   <trkpt lat="35.5447610" lon="139.5063590">
    <ele>50.0</ele>
    <time>2023-11-05T00:34:16Z</time>
   </trkpt>
   <trkpt lat="35.5447310" lon="139.5063780">
    <ele>49.7</ele>
    <time>2023-11-05T00:34:17Z</time>
   </trkpt>
   <trkpt lat="35.5447200" lon="139.5063820">
    <ele>49.5</ele>
    <time>2023-11-05T00:34:18Z</time>
   </trkpt>
   <trkpt lat="35.5446830" lon="139.5063710">
    <ele>49.0</ele>
    <time>2023-11-05T00:34:19Z</time>
   </trkpt>
   <trkpt lat="35.5446690" lon="139.5063700">
    <ele>48.8</ele>
    <time>2023-11-05T00:34:20Z</time>
   </trkpt>
   <trkpt lat="35.5446370" lon="139.5063560">
    <ele>48.3</ele>
    <time>2023-11-05T00:34:21Z</time>
   </trkpt>
   <trkpt lat="35.5446230" lon="139.5063490">
    <ele>48.1</ele>
    <time>2023-11-05T00:34:22Z</time>
   </trkpt>
   <trkpt lat="35.5445890" lon="139.5063440">
    <ele>47.6</ele>
    <time>2023-11-05T00:34:23Z</time>
   </trkpt>
   <trkpt lat="35.5445790" lon="139.5063430">
    <ele>47.5</ele>
    <time>2023-11-05T00:34:24Z</time>
   </trkpt>
   <trkpt lat="35.5445480" lon="139.5063370">
    <ele>47.1</ele>
    <time>2023-11-05T00:34:25Z</time>
   </trkpt>
   <trkpt lat="35.5445140" lon="139.5063250">
    <ele>46.6</ele>
    <time>2023-11-05T00:34:26Z</time>
   </trkpt>
   <trkpt lat="35.5445020" lon="139.5063250">
    <ele>46.4</ele>
    <time>2023-11-05T00:34:27Z</time>
   </trkpt>
   <trkpt lat="35.5444740" lon="139.5063180">
    <ele>46.0</ele>
    <time>2023-11-05T00:34:28Z</time>
   </trkpt>
   <trkpt lat="35.5444330" lon="139.5063160">
    <ele>46.0</ele>
    <time>2023-11-05T00:34:29Z</time>
   </trkpt>
   <trkpt lat="35.5444190" lon="139.5063140">
    <ele>45.8</ele>
    <time>2023-11-05T00:34:30Z</time>
   </trkpt>
   <trkpt lat="35.5443850" lon="139.5063250">
    <ele>45.3</ele>
    <time>2023-11-05T00:34:31Z</time>
   </trkpt>
   <trkpt lat="35.5443740" lon="139.5063290">
    <ele>45.1</ele>
    <time>2023-11-05T00:34:32Z</time>
   </trkpt>
   <trkpt lat="35.5443400" lon="139.5063190">
    <ele>44.6</ele>
    <time>2023-11-05T00:34:33Z</time>
   </trkpt>
   <trkpt lat="35.5443280" lon="139.5063180">
    <ele>44.4</ele>
    <time>2023-11-05T00:34:34Z</time>
   </trkpt>
   <trkpt lat="35.5442990" lon="139.5062970">
    <ele>43.9</ele>
    <time>2023-11-05T00:34:35Z</time>
   </trkpt>
   <trkpt lat="35.5442890" lon="139.5062910">
    <ele>43.8</ele>
    <time>2023-11-05T00:34:36Z</time>
   </trkpt>
   <trkpt lat="35.5442590" lon="139.5062860">
    <ele>43.3</ele>
    <time>2023-11-05T00:34:37Z</time>
   </trkpt>
   <trkpt lat="35.5442240" lon="139.5062780">
    <ele>42.8</ele>
    <time>2023-11-05T00:34:38Z</time>
   </trkpt>
   <trkpt lat="35.5442120" lon="139.5062760">
    <ele>42.6</ele>
    <time>2023-11-05T00:34:39Z</time>
   </trkpt>
   <trkpt lat="35.5441810" lon="139.5062550">
    <ele>42.1</ele>
    <time>2023-11-05T00:34:40Z</time>
   </trkpt>
   <trkpt lat="35.5441420" lon="139.5062510">
    <ele>42.0</ele>
    <time>2023-11-05T00:34:41Z</time>
   </trkpt>
   <trkpt lat="35.5441280" lon="139.5062510">
    <ele>42.0</ele>
    <time>2023-11-05T00:34:42Z</time>
   </trkpt>
   <trkpt lat="35.5441000" lon="139.5062470">
    <ele>42.0</ele>
    <time>2023-11-05T00:34:43Z</time>
   </trkpt>
   <trkpt lat="35.5440700" lon="139.5062350">
    <ele>42.1</ele>
    <time>2023-11-05T00:34:44Z</time>
   </trkpt>
   <trkpt lat="35.5440580" lon="139.5062270">
    <ele>42.1</ele>
    <time>2023-11-05T00:34:45Z</time>
   </trkpt>
   <trkpt lat="35.5440270" lon="139.5062100">
    <ele>42.1</ele>
    <time>2023-11-05T00:34:46Z</time>
   </trkpt>
   <trkpt lat="35.5440140" lon="139.5062070">
    <ele>42.2</ele>
    <time>2023-11-05T00:34:47Z</time>
   </trkpt>
   <trkpt lat="35.5439790" lon="139.5062010">
    <ele>42.2</ele>
    <time>2023-11-05T00:34:48Z</time>
   </trkpt>
   <trkpt lat="35.5439700" lon="139.5061970">
    <ele>42.2</ele>
    <time>2023-11-05T00:34:49Z</time>
   </trkpt>
   <trkpt lat="35.5439500" lon="139.5061920">
    <ele>42.3</ele>
    <time>2023-11-05T00:34:50Z</time>
   </trkpt>
   <trkpt lat="35.5439530" lon="139.5061970">
    <ele>42.3</ele>
    <time>2023-11-05T00:34:51Z</time>
   </trkpt>
   <trkpt lat="35.5439520" lon="139.5061920">
    <ele>42.3</ele>
    <time>2023-11-05T00:34:52Z</time>
   </trkpt>
   <trkpt lat="35.5439400" lon="139.5061890">
    <ele>42.4</ele>
    <time>2023-11-05T00:34:53Z</time>
   </trkpt>
   <trkpt lat="35.5439180" lon="139.5061900">
    <ele>42.4</ele>
    <time>2023-11-05T00:34:54Z</time>
   </trkpt>
   <trkpt lat="35.5439100" lon="139.5061840">
    <ele>42.5</ele>
    <time>2023-11-05T00:34:55Z</time>
   </trkpt>
   <trkpt lat="35.5439020" lon="139.5061790">
    <ele>42.5</ele>
    <time>2023-11-05T00:34:56Z</time>
   </trkpt>
   <trkpt lat="35.5438930" lon="139.5061760">
    <ele>42.5</ele>
    <time>2023-11-05T00:34:57Z</time>
   </trkpt>
   <trkpt lat="35.5438830" lon="139.5061740">
    <ele>42.6</ele>
    <time>2023-11-05T00:34:58Z</time>
   </trkpt>
   <trkpt lat="35.5438800" lon="139.5061650">
    <ele>42.6</ele>
    <time>2023-11-05T00:34:59Z</time>
   </trkpt>
   <trkpt lat="35.5438690" lon="139.5061640">
    <ele>42.6</ele>
    <time>2023-11-05T00:35:00Z</time>
   </trkpt>
   <trkpt lat="35.5438510" lon="139.5061650">
    <ele>42.7</ele>
    <time>2023-11-05T00:35:01Z</time>
   </trkpt>
   <trkpt lat="35.5438380" lon="139.5061640">
    <ele>42.7</ele>
    <time>2023-11-05T00:35:02Z</time>
   </trkpt>
   <trkpt lat="35.5438290" lon="139.5061580">
    <ele>42.7</ele>
    <time>2023-11-05T00:35:03Z</time>
   </trkpt>
   <trkpt lat="35.5438250" lon="139.5061580">
    <ele>42.8</ele>
    <time>2023-11-05T00:35:04Z</time>
   </trkpt>
   <trkpt lat="35.5438090" lon="139.5061520">
    <ele>42.8</ele>
    <time>2023-11-05T00:35:05Z</time>
   </trkpt>
   <trkpt lat="35.5438020" lon="139.5061510">
    <ele>42.8</ele>
    <time>2023-11-05T00:35:06Z</time>
   </trkpt>
   <trkpt lat="35.5437980" lon="139.5061490">
    <ele>42.8</ele>
    <time>2023-11-05T00:35:07Z</time>
   </trkpt>
   <trkpt lat="35.5437870" lon="139.5061490">
    <ele>42.9</ele>
    <time>2023-11-05T00:35:08Z</time>
   </trkpt>
   <trkpt lat="35.5437740" lon="139.5061420">
    <ele>42.9</ele>
    <time>2023-11-05T00:35:09Z</time>
   </trkpt>
   <trkpt lat="35.5437590" lon="139.5061390">
    <ele>43.0</ele>
    <time>2023-11-05T00:35:10Z</time>
   </trkpt>
   <trkpt lat="35.5437510" lon="139.5061370">
    <ele>43.0</ele>
    <time>2023-11-05T00:35:11Z</time>
   </trkpt>
   <trkpt lat="35.5437440" lon="139.5061360">
    <ele>43.0</ele>
    <time>2023-11-05T00:35:12Z</time>
   </trkpt>
   <trkpt lat="35.5437360" lon="139.5061340">
    <ele>42.9</ele>
    <time>2023-11-05T00:35:13Z</time>
   </trkpt>
   <trkpt lat="35.5437180" lon="139.5061310">
    <ele>42.8</ele>
    <time>2023-11-05T00:35:14Z</time>
   </trkpt>
   <trkpt lat="35.5437020" lon="139.5061340">
    <ele>42.9</ele>
    <time>2023-11-05T00:35:15Z</time>
   </trkpt>
   <trkpt lat="35.5436860" lon="139.5061360">
    <ele>42.8</ele>
    <time>2023-11-05T00:35:27Z</time>
   </trkpt>
   <trkpt lat="35.5436690" lon="139.5061390">
    <ele>43.0</ele>
    <time>2023-11-05T00:35:28Z</time>
   </trkpt>
   <trkpt lat="35.5436530" lon="139.5061410">
    <ele>42.9</ele>
    <time>2023-11-05T00:35:29Z</time>
   </trkpt>
   <trkpt lat="35.5436250" lon="139.5061380">
    <ele>43.1</ele>
    <time>2023-11-05T00:35:30Z</time>
   </trkpt>
   <trkpt lat="35.5435890" lon="139.5061400">
    <ele>43.4</ele>
    <time>2023-11-05T00:35:31Z</time>
   </trkpt>
   <trkpt lat="35.5435780" lon="139.5061500">
    <ele>43.3</ele>
    <time>2023-11-05T00:35:32Z</time>
   </trkpt>
   <trkpt lat="35.5435390" lon="139.5061360">
    <ele>43.4</ele>
    <time>2023-11-05T00:35:33Z</time>
   </trkpt>
   <trkpt lat="35.5435240" lon="139.5061230">
    <ele>43.4</ele>
    <time>2023-11-05T00:35:34Z</time>
   </trkpt>
   <trkpt lat="35.5434940" lon="139.5061080">
    <ele>43.5</ele>
    <time>2023-11-05T00:35:35Z</time>
   </trkpt>
   <trkpt lat="35.5434840" lon="139.5061090">
    <ele>43.6</ele>
    <time>2023-11-05T00:35:36Z</time>
   </trkpt>
   <trkpt lat="35.5434490" lon="139.5060990">
    <ele>43.7</ele>
    <time>2023-11-05T00:35:37Z</time>
   </trkpt>
   <trkpt lat="35.5434400" lon="139.5060990">
    <ele>43.7</ele>
    <time>2023-11-05T00:35:38Z</time>
   </trkpt>
   <trkpt lat="35.5434120" lon="139.5060870">
    <ele>43.8</ele>
    <time>2023-11-05T00:35:39Z</time>
   </trkpt>
   <trkpt lat="35.5434020" lon="139.5060810">
    <ele>43.8</ele>
    <time>2023-11-05T00:35:40Z</time>
   </trkpt>
   <trkpt lat="35.5433750" lon="139.5060610">
    <ele>43.9</ele>
    <time>2023-11-05T00:35:41Z</time>
   </trkpt>
   <trkpt lat="35.5433460" lon="139.5060330">
    <ele>44.1</ele>
    <time>2023-11-05T00:35:42Z</time>
   </trkpt>
   <trkpt lat="35.5433360" lon="139.5060260">
    <ele>44.2</ele>
    <time>2023-11-05T00:35:43Z</time>
   </trkpt>
   <trkpt lat="35.5433120" lon="139.5060070">
    <ele>44.3</ele>
    <time>2023-11-05T00:35:44Z</time>
   </trkpt>
   <trkpt lat="35.5433040" lon="139.5060000">
    <ele>44.4</ele>
    <time>2023-11-05T00:35:45Z</time>
   </trkpt>
   <trkpt lat="35.5432790" lon="139.5059820">
    <ele>44.5</ele>
    <time>2023-11-05T00:35:46Z</time>
   </trkpt>
   <trkpt lat="35.5432680" lon="139.5059750">
    <ele>44.6</ele>
    <time>2023-11-05T00:35:47Z</time>
   </trkpt>
   <trkpt lat="35.5432410" lon="139.5059590">
    <ele>44.8</ele>
    <time>2023-11-05T00:35:48Z</time>
   </trkpt>
   <trkpt lat="35.5432330" lon="139.5059550">
    <ele>44.8</ele>
    <time>2023-11-05T00:35:49Z</time>
   </trkpt>
   <trkpt lat="35.5432120" lon="139.5059330">
    <ele>45.0</ele>
    <time>2023-11-05T00:35:50Z</time>
   </trkpt>
   <trkpt lat="35.5432040" lon="139.5059270">
    <ele>45.0</ele>
    <time>2023-11-05T00:35:51Z</time>
   </trkpt>
   <trkpt lat="35.5431710" lon="139.5059090">
    <ele>45.2</ele>
    <time>2023-11-05T00:35:52Z</time>
   </trkpt>
   <trkpt lat="35.5431620" lon="139.5059000">
    <ele>45.3</ele>
    <time>2023-11-05T00:35:53Z</time>
   </trkpt>
   <trkpt lat="35.5431400" lon="139.5058760">
    <ele>45.5</ele>
    <time>2023-11-05T00:35:54Z</time>
   </trkpt>
   <trkpt lat="35.5431320" lon="139.5058710">
    <ele>45.5</ele>
    <time>2023-11-05T00:35:55Z</time>
   </trkpt>
   <trkpt lat="35.5431030" lon="139.5058530">
    <ele>45.7</ele>
    <time>2023-11-05T00:35:56Z</time>
   </trkpt>
   <trkpt lat="35.5430930" lon="139.5058500">
    <ele>45.8</ele>
    <time>2023-11-05T00:35:57Z</time>
   </trkpt>
   <trkpt lat="35.5430650" lon="139.5058290">
    <ele>45.9</ele>
    <time>2023-11-05T00:35:58Z</time>
   </trkpt>
   <trkpt lat="35.5430600" lon="139.5058180">
    <ele>46.0</ele>
    <time>2023-11-05T00:35:59Z</time>
   </trkpt>
   <trkpt lat="35.5430400" lon="139.5057940">
    <ele>46.1</ele>
    <time>2023-11-05T00:36:00Z</time>
   </trkpt>
   <trkpt lat="35.5430340" lon="139.5057840">
    <ele>46.2</ele>
    <time>2023-11-05T00:36:01Z</time>
   </trkpt>
   <trkpt lat="35.5430080" lon="139.5057630">
    <ele>46.4</ele>
    <time>2023-11-05T00:36:02Z</time>
   </trkpt>
   <trkpt lat="35.5429990" lon="139.5057570">
    <ele>46.5</ele>
    <time>2023-11-05T00:36:03Z</time>
   </trkpt>
   <trkpt lat="35.5429830" lon="139.5057380">
    <ele>46.7</ele>
    <time>2023-11-05T00:36:04Z</time>
   </trkpt>
   <trkpt lat="35.5429700" lon="139.5057310">
    <ele>46.9</ele>
    <time>2023-11-05T00:36:05Z</time>
   </trkpt>
   <trkpt lat="35.5429430" lon="139.5057140">
    <ele>47.1</ele>
    <time>2023-11-05T00:36:06Z</time>
   </trkpt>
   <trkpt lat="35.5429360" lon="139.5057090">
    <ele>47.2</ele>
    <time>2023-11-05T00:36:07Z</time>
   </trkpt>
   <trkpt lat="35.5429100" lon="139.5056930">
    <ele>47.5</ele>
    <time>2023-11-05T00:36:08Z</time>
   </trkpt>
   <trkpt lat="35.5429020" lon="139.5056890">
    <ele>47.5</ele>
    <time>2023-11-05T00:36:09Z</time>
   </trkpt>
   <trkpt lat="35.5428780" lon="139.5056660">
    <ele>47.8</ele>
    <time>2023-11-05T00:36:10Z</time>
   </trkpt>
   <trkpt lat="35.5428720" lon="139.5056610">
    <ele>47.9</ele>
    <time>2023-11-05T00:36:11Z</time>
   </trkpt>
   <trkpt lat="35.5428470" lon="139.5056300">
    <ele>48.2</ele>
    <time>2023-11-05T00:36:12Z</time>
   </trkpt>
   <trkpt lat="35.5428360" lon="139.5056190">
    <ele>48.4</ele>
    <time>2023-11-05T00:36:13Z</time>
   </trkpt>
   <trkpt lat="35.5428230" lon="139.5056040">
    <ele>48.5</ele>
    <time>2023-11-05T00:36:14Z</time>
   </trkpt>
   <trkpt lat="35.5428090" lon="139.5055930">
    <ele>48.7</ele>
    <time>2023-11-05T00:36:15Z</time>
   </trkpt>
   <trkpt lat="35.5427820" lon="139.5055830">
    <ele>48.9</ele>
    <time>2023-11-05T00:36:16Z</time>
   </trkpt>
   <trkpt lat="35.5427740" lon="139.5055780">
    <ele>49.0</ele>
    <time>2023-11-05T00:36:17Z</time>
   </trkpt>
   <trkpt lat="35.5427440" lon="139.5055710">
    <ele>49.3</ele>
    <time>2023-11-05T00:36:18Z</time>
   </trkpt>
   <trkpt lat="35.5427340" lon="139.5055650">
    <ele>49.4</ele>
    <time>2023-11-05T00:36:19Z</time>
   </trkpt>
   <trkpt lat="35.5427110" lon="139.5055410">
    <ele>49.7</ele>
    <time>2023-11-05T00:36:20Z</time>
   </trkpt>
   <trkpt lat="35.5427040" lon="139.5055320">
    <ele>49.9</ele>
    <time>2023-11-05T00:36:21Z</time>
   </trkpt>
   <trkpt lat="35.5426750" lon="139.5055180">
    <ele>50.2</ele>
    <time>2023-11-05T00:36:22Z</time>
   </trkpt>
   <trkpt lat="35.5426670" lon="139.5055130">
    <ele>50.3</ele>
    <time>2023-11-05T00:36:23Z</time>
   </trkpt>
   <trkpt lat="35.5426380" lon="139.5055000">
    <ele>50.6</ele>
    <time>2023-11-05T00:36:24Z</time>
   </trkpt>
   <trkpt lat="35.5426170" lon="139.5054710">
    <ele>50.9</ele>
    <time>2023-11-05T00:36:25Z</time>
   </trkpt>
   <trkpt lat="35.5426090" lon="139.5054660">
    <ele>51.0</ele>
    <time>2023-11-05T00:36:26Z</time>
   </trkpt>
   <trkpt lat="35.5425980" lon="139.5054510">
    <ele>51.1</ele>
    <time>2023-11-05T00:36:27Z</time>
   </trkpt>
   <trkpt lat="35.5425850" lon="139.5054390">
    <ele>51.2</ele>
    <time>2023-11-05T00:36:28Z</time>
   </trkpt>
   <trkpt lat="35.5425560" lon="139.5054150">
    <ele>51.4</ele>
    <time>2023-11-05T00:36:29Z</time>
   </trkpt>
   <trkpt lat="35.5425440" lon="139.5054020">
    <ele>51.5</ele>
    <time>2023-11-05T00:36:30Z</time>
   </trkpt>
   <trkpt lat="35.5425310" lon="139.5054030">
    <ele>51.6</ele>
    <time>2023-11-05T00:36:31Z</time>
   </trkpt>
   <trkpt lat="35.5425170" lon="139.5053910">
    <ele>51.7</ele>
    <time>2023-11-05T00:36:32Z</time>
   </trkpt>
   <trkpt lat="35.5424910" lon="139.5053720">
    <ele>51.9</ele>
    <time>2023-11-05T00:36:33Z</time>
   </trkpt>
   <trkpt lat="35.5424820" lon="139.5053690">
    <ele>52.0</ele>
    <time>2023-11-05T00:36:34Z</time>
   </trkpt>
   <trkpt lat="35.5424570" lon="139.5053410">
    <ele>52.2</ele>
    <time>2023-11-05T00:36:35Z</time>
   </trkpt>
   <trkpt lat="35.5424480" lon="139.5053350">
    <ele>52.2</ele>
    <time>2023-11-05T00:36:36Z</time>
   </trkpt>
   <trkpt lat="35.5424200" lon="139.5053190">
    <ele>52.4</ele>
    <time>2023-11-05T00:36:37Z</time>
   </trkpt>
   <trkpt lat="35.5424120" lon="139.5053090">
    <ele>52.4</ele>
    <time>2023-11-05T00:36:38Z</time>
   </trkpt>
   <trkpt lat="35.5423940" lon="139.5052830">
    <ele>52.6</ele>
    <time>2023-11-05T00:36:39Z</time>
   </trkpt>
   <trkpt lat="35.5423680" lon="139.5052650">
    <ele>52.8</ele>
    <time>2023-11-05T00:36:40Z</time>
   </trkpt>
   <trkpt lat="35.5423600" lon="139.5052570">
    <ele>52.8</ele>
    <time>2023-11-05T00:36:41Z</time>
   </trkpt>
   <trkpt lat="35.5423370" lon="139.5052380">
    <ele>53.0</ele>
    <time>2023-11-05T00:36:42Z</time>
   </trkpt>
   <trkpt lat="35.5423070" lon="139.5052160">
    <ele>53.3</ele>
    <time>2023-11-05T00:36:43Z</time>
   </trkpt>
   <trkpt lat="35.5422940" lon="139.5052120">
    <ele>53.4</ele>
    <time>2023-11-05T00:36:44Z</time>
   </trkpt>
   <trkpt lat="35.5422650" lon="139.5052130">
    <ele>53.6</ele>
    <time>2023-11-05T00:36:45Z</time>
   </trkpt>
   <trkpt lat="35.5422580" lon="139.5052130">
    <ele>53.7</ele>
    <time>2023-11-05T00:36:46Z</time>
   </trkpt>
   <trkpt lat="35.5422300" lon="139.5052020">
    <ele>53.9</ele>
    <time>2023-11-05T00:36:47Z</time>
   </trkpt>
   <trkpt lat="35.5422200" lon="139.5051930">
    <ele>54.0</ele>
    <time>2023-11-05T00:36:48Z</time>
   </trkpt>
   <trkpt lat="35.5421920" lon="139.5051680">
    <ele>54.3</ele>
    <time>2023-11-05T00:36:49Z</time>
   </trkpt>
   <trkpt lat="35.5421830" lon="139.5051590">
    <ele>54.4</ele>
    <time>2023-11-05T00:36:50Z</time>
   </trkpt>
   <trkpt lat="35.5421700" lon="139.5051470">
    <ele>54.5</ele>
    <time>2023-11-05T00:36:51Z</time>
   </trkpt>
   <trkpt lat="35.5421550" lon="139.5051340">
    <ele>54.7</ele>
    <time>2023-11-05T00:36:52Z</time>
   </trkpt>
   <trkpt lat="35.5421350" lon="139.5051150">
    <ele>54.9</ele>
    <time>2023-11-05T00:36:53Z</time>
   </trkpt>
   <trkpt lat="35.5421290" lon="139.5051020">
    <ele>55.0</ele>
    <time>2023-11-05T00:36:54Z</time>
   </trkpt>
   <trkpt lat="35.5420960" lon="139.5050920">
    <ele>55.3</ele>
    <time>2023-11-05T00:36:55Z</time>
   </trkpt>
   <trkpt lat="35.5420820" lon="139.5050950">
    <ele>55.4</ele>
    <time>2023-11-05T00:36:56Z</time>
   </trkpt>
   <trkpt lat="35.5420530" lon="139.5050770">
    <ele>55.6</ele>
    <time>2023-11-05T00:36:57Z</time>
   </trkpt>
   <trkpt lat="35.5420440" lon="139.5050720">
    <ele>55.7</ele>
    <time>2023-11-05T00:36:58Z</time>
   </trkpt>
   <trkpt lat="35.5420180" lon="139.5050520">
    <ele>55.9</ele>
    <time>2023-11-05T00:36:59Z</time>
   </trkpt>
   <trkpt lat="35.5420090" lon="139.5050430">
    <ele>56.0</ele>
    <time>2023-11-05T00:37:00Z</time>
   </trkpt>
   <trkpt lat="35.5419820" lon="139.5050340">
    <ele>56.1</ele>
    <time>2023-11-05T00:37:01Z</time>
   </trkpt>
   <trkpt lat="35.5419510" lon="139.5050160">
    <ele>56.4</ele>
    <time>2023-11-05T00:37:02Z</time>
   </trkpt>
   <trkpt lat="35.5419390" lon="139.5050090">
    <ele>56.4</ele>
    <time>2023-11-05T00:37:03Z</time>
   </trkpt>
   <trkpt lat="35.5419030" lon="139.5050010">
    <ele>56.7</ele>
    <time>2023-11-05T00:37:04Z</time>
   </trkpt>
   <trkpt lat="35.5418890" lon="139.5050010">
    <ele>56.7</ele>
    <time>2023-11-05T00:37:05Z</time>
   </trkpt>
   <trkpt lat="35.5418620" lon="139.5050020">
    <ele>56.9</ele>
    <time>2023-11-05T00:37:06Z</time>
   </trkpt>
   <trkpt lat="35.5418310" lon="139.5049920">
    <ele>57.1</ele>
    <time>2023-11-05T00:37:07Z</time>
   </trkpt>
   <trkpt lat="35.5417950" lon="139.5049820">
    <ele>57.3</ele>
    <time>2023-11-05T00:37:08Z</time>
   </trkpt>
   <trkpt lat="35.5417850" lon="139.5049770">
    <ele>57.3</ele>
    <time>2023-11-05T00:37:09Z</time>
   </trkpt>
   <trkpt lat="35.5417580" lon="139.5049510">
    <ele>57.5</ele>
    <time>2023-11-05T00:37:10Z</time>
   </trkpt>
   <trkpt lat="35.5417460" lon="139.5049430">
    <ele>57.6</ele>
    <time>2023-11-05T00:37:11Z</time>
   </trkpt>
   <trkpt lat="35.5417110" lon="139.5049300">
    <ele>57.8</ele>
    <time>2023-11-05T00:37:12Z</time>
   </trkpt>
   <trkpt lat="35.5417000" lon="139.5049280">
    <ele>57.9</ele>
    <time>2023-11-05T00:37:13Z</time>
   </trkpt>
   <trkpt lat="35.5416640" lon="139.5049240">
    <ele>58.0</ele>
    <time>2023-11-05T00:37:14Z</time>
   </trkpt>
   <trkpt lat="35.5416530" lon="139.5049180">
    <ele>58.1</ele>
    <time>2023-11-05T00:37:15Z</time>
   </trkpt>
   <trkpt lat="35.5416220" lon="139.5049000">
    <ele>58.2</ele>
    <time>2023-11-05T00:37:16Z</time>
   </trkpt>
   <trkpt lat="35.5416110" lon="139.5048880">
    <ele>58.2</ele>
    <time>2023-11-05T00:37:17Z</time>
   </trkpt>
   <trkpt lat="35.5415790" lon="139.5048810">
    <ele>58.4</ele>
    <time>2023-11-05T00:37:18Z</time>
   </trkpt>
   <trkpt lat="35.5415680" lon="139.5048790">
    <ele>58.4</ele>
    <time>2023-11-05T00:37:19Z</time>
   </trkpt>
   <trkpt lat="35.5415220" lon="139.5048710">
    <ele>58.7</ele>
    <time>2023-11-05T00:37:20Z</time>
   </trkpt>
   <trkpt lat="35.5414990" lon="139.5048660">
    <ele>58.8</ele>
    <time>2023-11-05T00:37:21Z</time>
   </trkpt>
   <trkpt lat="35.5414680" lon="139.5048650">
    <ele>58.9</ele>
    <time>2023-11-05T00:37:22Z</time>
   </trkpt>
   <trkpt lat="35.5414620" lon="139.5048640">
    <ele>58.9</ele>
    <time>2023-11-05T00:37:23Z</time>
   </trkpt>
   <trkpt lat="35.5414310" lon="139.5048610">
    <ele>59.0</ele>
    <time>2023-11-05T00:37:24Z</time>
   </trkpt>
   <trkpt lat="35.5414210" lon="139.5048630">
    <ele>59.1</ele>
    <time>2023-11-05T00:37:25Z</time>
   </trkpt>
   <trkpt lat="35.5413890" lon="139.5048600">
    <ele>59.2</ele>
    <time>2023-11-05T00:37:26Z</time>
   </trkpt>
   <trkpt lat="35.5413780" lon="139.5048550">
    <ele>59.2</ele>
    <time>2023-11-05T00:37:27Z</time>
   </trkpt>
   <trkpt lat="35.5413420" lon="139.5048460">
    <ele>59.4</ele>
    <time>2023-11-05T00:37:28Z</time>
   </trkpt>
   <trkpt lat="35.5413300" lon="139.5048450">
    <ele>59.5</ele>
    <time>2023-11-05T00:37:29Z</time>
   </trkpt>
   <trkpt lat="35.5412980" lon="139.5048340">
    <ele>59.7</ele>
    <time>2023-11-05T00:37:30Z</time>
   </trkpt>
   <trkpt lat="35.5412870" lon="139.5048310">
    <ele>59.8</ele>
    <time>2023-11-05T00:37:31Z</time>
   </trkpt>
   <trkpt lat="35.5412550" lon="139.5048140">
    <ele>60.0</ele>
    <time>2023-11-05T00:37:32Z</time>
   </trkpt>
   <trkpt lat="35.5412420" lon="139.5048030">
    <ele>60.1</ele>
    <time>2023-11-05T00:37:33Z</time>
   </trkpt>
   <trkpt lat="35.5412200" lon="139.5047960">
    <ele>60.3</ele>
    <time>2023-11-05T00:37:34Z</time>
   </trkpt>
   <trkpt lat="35.5412070" lon="139.5047930">
    <ele>60.4</ele>
    <time>2023-11-05T00:37:35Z</time>
   </trkpt>
   <trkpt lat="35.5411940" lon="139.5047890">
    <ele>60.4</ele>
    <time>2023-11-05T00:37:36Z</time>
   </trkpt>
   <trkpt lat="35.5411610" lon="139.5047700">
    <ele>60.7</ele>
    <time>2023-11-05T00:37:37Z</time>
   </trkpt>
   <trkpt lat="35.5411490" lon="139.5047570">
    <ele>60.8</ele>
    <time>2023-11-05T00:37:38Z</time>
   </trkpt>
   <trkpt lat="35.5411270" lon="139.5047270">
    <ele>61.0</ele>
    <time>2023-11-05T00:37:39Z</time>
   </trkpt>
   <trkpt lat="35.5411130" lon="139.5047140">
    <ele>61.1</ele>
    <time>2023-11-05T00:37:40Z</time>
   </trkpt>
   <trkpt lat="35.5410860" lon="139.5046980">
    <ele>61.3</ele>
    <time>2023-11-05T00:37:41Z</time>
   </trkpt>
   <trkpt lat="35.5410690" lon="139.5046940">
    <ele>61.4</ele>
    <time>2023-11-05T00:37:42Z</time>
   </trkpt>
   <trkpt lat="35.5410530" lon="139.5046850">
    <ele>61.5</ele>
    <time>2023-11-05T00:37:43Z</time>
   </trkpt>
   <trkpt lat="35.5410190" lon="139.5046790">
    <ele>61.6</ele>
    <time>2023-11-05T00:37:44Z</time>
   </trkpt>
   <trkpt lat="35.5410080" lon="139.5046770">
    <ele>61.7</ele>
    <time>2023-11-05T00:37:45Z</time>
   </trkpt>
   <trkpt lat="35.5409820" lon="139.5046500">
    <ele>61.9</ele>
    <time>2023-11-05T00:37:46Z</time>
   </trkpt>
   <trkpt lat="35.5409710" lon="139.5046420">
    <ele>62.0</ele>
    <time>2023-11-05T00:37:47Z</time>
   </trkpt>
   <trkpt lat="35.5409400" lon="139.5046250">
    <ele>62.1</ele>
    <time>2023-11-05T00:37:48Z</time>
   </trkpt>
   <trkpt lat="35.5409300" lon="139.5046190">
    <ele>62.2</ele>
    <time>2023-11-05T00:37:49Z</time>
   </trkpt>
   <trkpt lat="35.5408970" lon="139.5046070">
    <ele>62.4</ele>
    <time>2023-11-05T00:37:51Z</time>
   </trkpt>
   <trkpt lat="35.5408860" lon="139.5046010">
    <ele>62.4</ele>
    <time>2023-11-05T00:37:52Z</time>
   </trkpt>
   <trkpt lat="35.5408610" lon="139.5045830">
    <ele>62.6</ele>
    <time>2023-11-05T00:37:53Z</time>
   </trkpt>
   <trkpt lat="35.5408550" lon="139.5045780">
    <ele>62.6</ele>
    <time>2023-11-05T00:37:54Z</time>
   </trkpt>
   <trkpt lat="35.5408380" lon="139.5045640">
    <ele>62.7</ele>
    <time>2023-11-05T00:37:55Z</time>
   </trkpt>
   <trkpt lat="35.5408280" lon="139.5045500">
    <ele>62.7</ele>
    <time>2023-11-05T00:37:56Z</time>
   </trkpt>
   <trkpt lat="35.5408220" lon="139.5045300">
    <ele>62.8</ele>
    <time>2023-11-05T00:37:57Z</time>
   </trkpt>
   <trkpt lat="35.5408170" lon="139.5045100">
    <ele>62.9</ele>
    <time>2023-11-05T00:37:58Z</time>
   </trkpt>
   <trkpt lat="35.5407900" lon="139.5044900">
    <ele>63.0</ele>
    <time>2023-11-05T00:37:59Z</time>
   </trkpt>
   <trkpt lat="35.5407500" lon="139.5044840">
    <ele>62.9</ele>
    <time>2023-11-05T00:38:00Z</time>
   </trkpt>
   <trkpt lat="35.5407360" lon="139.5044860">
    <ele>62.9</ele>
    <time>2023-11-05T00:38:01Z</time>
   </trkpt>
   <trkpt lat="35.5407040" lon="139.5044790">
    <ele>62.8</ele>
    <time>2023-11-05T00:38:02Z</time>
   </trkpt>
   <trkpt lat="35.5406890" lon="139.5044730">
    <ele>62.7</ele>
    <time>2023-11-05T00:38:03Z</time>
   </trkpt>
   <trkpt lat="35.5406580" lon="139.5044420">
    <ele>62.5</ele>
    <time>2023-11-05T00:38:04Z</time>
   </trkpt>
   <trkpt lat="35.5406290" lon="139.5044200">
    <ele>62.4</ele>
    <time>2023-11-05T00:38:05Z</time>
   </trkpt>
   <trkpt lat="35.5405920" lon="139.5044080">
    <ele>62.2</ele>
    <time>2023-11-05T00:38:06Z</time>
   </trkpt>
   <trkpt lat="35.5405740" lon="139.5044030">
    <ele>62.2</ele>
    <time>2023-11-05T00:38:07Z</time>
   </trkpt>
   <trkpt lat="35.5405480" lon="139.5043860">
    <ele>62.0</ele>
    <time>2023-11-05T00:38:08Z</time>
   </trkpt>
   <trkpt lat="35.5405380" lon="139.5043760">
    <ele>62.0</ele>
    <time>2023-11-05T00:38:09Z</time>
   </trkpt>
   <trkpt lat="35.5405080" lon="139.5043500">
    <ele>61.8</ele>
    <time>2023-11-05T00:38:10Z</time>
   </trkpt>
   <trkpt lat="35.5404930" lon="139.5043440">
    <ele>61.7</ele>
    <time>2023-11-05T00:38:11Z</time>
   </trkpt>
   <trkpt lat="35.5404660" lon="139.5043250">
    <ele>61.6</ele>
    <time>2023-11-05T00:38:12Z</time>
   </trkpt>
   <trkpt lat="35.5404350" lon="139.5042990">
    <ele>61.4</ele>
    <time>2023-11-05T00:38:13Z</time>
   </trkpt>
   <trkpt lat="35.5404240" lon="139.5042890">
    <ele>61.3</ele>
    <time>2023-11-05T00:38:14Z</time>
   </trkpt>
   <trkpt lat="35.5404050" lon="139.5042820">
    <ele>61.2</ele>
    <time>2023-11-05T00:38:15Z</time>
   </trkpt>
   <trkpt lat="35.5403790" lon="139.5042560">
    <ele>61.0</ele>
    <time>2023-11-05T00:38:16Z</time>
   </trkpt>
   <trkpt lat="35.5403650" lon="139.5042460">
    <ele>60.9</ele>
    <time>2023-11-05T00:38:17Z</time>
   </trkpt>
   <trkpt lat="35.5403320" lon="139.5042330">
    <ele>60.5</ele>
    <time>2023-11-05T00:38:18Z</time>
   </trkpt>
   <trkpt lat="35.5403220" lon="139.5042260">
    <ele>60.2</ele>
    <time>2023-11-05T00:38:19Z</time>
   </trkpt>
   <trkpt lat="35.5402930" lon="139.5042240">
    <ele>59.7</ele>
    <time>2023-11-05T00:38:20Z</time>
   </trkpt>
   <trkpt lat="35.5402630" lon="139.5042360">
    <ele>59.1</ele>
    <time>2023-11-05T00:38:21Z</time>
   </trkpt>
   <trkpt lat="35.5402200" lon="139.5042210">
    <ele>58.3</ele>
    <time>2023-11-05T00:38:22Z</time>
   </trkpt>
   <trkpt lat="35.5402020" lon="139.5042060">
    <ele>57.9</ele>
    <time>2023-11-05T00:38:23Z</time>
   </trkpt>
   <trkpt lat="35.5401750" lon="139.5042040">
    <ele>57.3</ele>
    <time>2023-11-05T00:38:24Z</time>
   </trkpt>
   <trkpt lat="35.5401120" lon="139.5042130">
    <ele>56.1</ele>
    <time>2023-11-05T00:38:25Z</time>
   </trkpt>
   <trkpt lat="35.5400670" lon="139.5042300">
    <ele>55.2</ele>
    <time>2023-11-05T00:38:26Z</time>
   </trkpt>
   <trkpt lat="35.5400210" lon="139.5042470">
    <ele>54.2</ele>
    <time>2023-11-05T00:38:33Z</time>
   </trkpt>
   <trkpt lat="35.5399750" lon="139.5042640">
    <ele>54.0</ele>
    <time>2023-11-05T00:38:34Z</time>
   </trkpt>
   <trkpt lat="35.5399480" lon="139.5042880">
    <ele>54.0</ele>
    <time>2023-11-05T00:38:35Z</time>
   </trkpt>
   <trkpt lat="35.5399370" lon="139.5042960">
    <ele>54.0</ele>
    <time>2023-11-05T00:38:36Z</time>
   </trkpt>
   <trkpt lat="35.5399360" lon="139.5043000">
    <ele>54.0</ele>
    <time>2023-11-05T00:38:37Z</time>
   </trkpt>
   <trkpt lat="35.5399140" lon="139.5043220">
    <ele>54.0</ele>
    <time>2023-11-05T00:38:38Z</time>
   </trkpt>
   <trkpt lat="35.5399150" lon="139.5043320">
    <ele>53.9</ele>
    <time>2023-11-05T00:38:39Z</time>
   </trkpt>
   <trkpt lat="35.5398970" lon="139.5043520">
    <ele>53.9</ele>
    <time>2023-11-05T00:38:40Z</time>
   </trkpt>
   <trkpt lat="35.5398830" lon="139.5043790">
    <ele>53.9</ele>
    <time>2023-11-05T00:38:41Z</time>
   </trkpt>
   <trkpt lat="35.5398720" lon="139.5043940">
    <ele>53.9</ele>
    <time>2023-11-05T00:38:42Z</time>
   </trkpt>
   <trkpt lat="35.5398460" lon="139.5044010">
    <ele>53.9</ele>
    <time>2023-11-05T00:38:43Z</time>
   </trkpt>
   <trkpt lat="35.5398330" lon="139.5044130">
    <ele>53.9</ele>
    <time>2023-11-05T00:38:44Z</time>
   </trkpt>
   <trkpt lat="35.5398080" lon="139.5044110">
    <ele>53.6</ele>
    <time>2023-11-05T00:38:45Z</time>
   </trkpt>
   <trkpt lat="35.5397960" lon="139.5044110">
    <ele>53.5</ele>
    <time>2023-11-05T00:38:46Z</time>
   </trkpt>
   <trkpt lat="35.5397640" lon="139.5044000">
    <ele>53.1</ele>
    <time>2023-11-05T00:38:47Z</time>
   </trkpt>
   <trkpt lat="35.5397550" lon="139.5043970">
    <ele>53.0</ele>
    <time>2023-11-05T00:38:48Z</time>
   </trkpt>
   <trkpt lat="35.5397210" lon="139.5043880">
    <ele>52.7</ele>
    <time>2023-11-05T00:38:49Z</time>
   </trkpt>
   <trkpt lat="35.5396970" lon="139.5043650">
    <ele>52.3</ele>
    <time>2023-11-05T00:38:50Z</time>
   </trkpt>
   <trkpt lat="35.5396790" lon="139.5043540">
    <ele>52.1</ele>
    <time>2023-11-05T00:38:51Z</time>
   </trkpt>
   <trkpt lat="35.5396830" lon="139.5043410">
    <ele>52.0</ele>
    <time>2023-11-05T00:38:52Z</time>
   </trkpt>
   <trkpt lat="35.5396740" lon="139.5043210">
    <ele>51.8</ele>
    <time>2023-11-05T00:38:53Z</time>
   </trkpt>
   <trkpt lat="35.5396690" lon="139.5042860">
    <ele>51.5</ele>
    <time>2023-11-05T00:38:54Z</time>
   </trkpt>
   <trkpt lat="35.5396670" lon="139.5042570">
    <ele>51.3</ele>
    <time>2023-11-05T00:38:55Z</time>
   </trkpt>
   <trkpt lat="35.5396650" lon="139.5042320">
    <ele>51.1</ele>
    <time>2023-11-05T00:38:56Z</time>
   </trkpt>
   <trkpt lat="35.5396680" lon="139.5042090">
    <ele>50.9</ele>
    <time>2023-11-05T00:38:57Z</time>
   </trkpt>
   <trkpt lat="35.5396680" lon="139.5041920">
    <ele>50.7</ele>
    <time>2023-11-05T00:38:58Z</time>
   </trkpt>
   <trkpt lat="35.5396690" lon="139.5041740">
    <ele>50.6</ele>
    <time>2023-11-05T00:38:59Z</time>
   </trkpt>
   <trkpt lat="35.5396740" lon="139.5041330">
    <ele>50.2</ele>
    <time>2023-11-05T00:39:00Z</time>
   </trkpt>
   <trkpt lat="35.5396760" lon="139.5041090">
    <ele>50.0</ele>
    <time>2023-11-05T00:39:01Z</time>
   </trkpt>
   <trkpt lat="35.5396760" lon="139.5040760">
    <ele>49.7</ele>
    <time>2023-11-05T00:39:02Z</time>
   </trkpt>
   <trkpt lat="35.5396790" lon="139.5040530">
    <ele>49.5</ele>
    <time>2023-11-05T00:39:03Z</time>
   </trkpt>
   <trkpt lat="35.5396740" lon="139.5040410">
    <ele>49.4</ele>
    <time>2023-11-05T00:39:04Z</time>
   </trkpt>
   <trkpt lat="35.5396730" lon="139.5040180">
    <ele>49.2</ele>
    <time>2023-11-05T00:39:05Z</time>
   </trkpt>
   <trkpt lat="35.5396740" lon="139.5039820">
    <ele>48.9</ele>
    <time>2023-11-05T00:39:06Z</time>
   </trkpt>
   <trkpt lat="35.5396770" lon="139.5039470">
    <ele>48.6</ele>
    <time>2023-11-05T00:39:07Z</time>
   </trkpt>
   <trkpt lat="35.5396790" lon="139.5039280">
    <ele>48.4</ele>
    <time>2023-11-05T00:39:08Z</time>
   </trkpt>
   <trkpt lat="35.5396820" lon="139.5038850">
    <ele>48.1</ele>
    <time>2023-11-05T00:39:09Z</time>
   </trkpt>
   <trkpt lat="35.5396840" lon="139.5038710">
    <ele>47.9</ele>
    <time>2023-11-05T00:39:10Z</time>
   </trkpt>
   <trkpt lat="35.5396850" lon="139.5038250">
    <ele>47.6</ele>
    <time>2023-11-05T00:39:11Z</time>
   </trkpt>
   <trkpt lat="35.5396840" lon="139.5038110">
    <ele>47.4</ele>
    <time>2023-11-05T00:39:12Z</time>
   </trkpt>
   <trkpt lat="35.5396730" lon="139.5037740">
    <ele>47.1</ele>
    <time>2023-11-05T00:39:13Z</time>
   </trkpt>
   <trkpt lat="35.5396710" lon="139.5037610">
    <ele>47.0</ele>
    <time>2023-11-05T00:39:14Z</time>
   </trkpt>
   <trkpt lat="35.5396520" lon="139.5037180">
    <ele>46.6</ele>
    <time>2023-11-05T00:39:15Z</time>
   </trkpt>
   <trkpt lat="35.5396440" lon="139.5037040">
    <ele>46.4</ele>
    <time>2023-11-05T00:39:16Z</time>
   </trkpt>
   <trkpt lat="35.5396260" lon="139.5036640">
    <ele>46.0</ele>
    <time>2023-11-05T00:39:17Z</time>
   </trkpt>
   <trkpt lat="35.5396160" lon="139.5036470">
    <ele>45.9</ele>
    <time>2023-11-05T00:39:18Z</time>
   </trkpt>
   <trkpt lat="35.5396000" lon="139.5036170">
    <ele>45.5</ele>
    <time>2023-11-05T00:39:19Z</time>
   </trkpt>
   <trkpt lat="35.5395790" lon="139.5035780">
    <ele>45.1</ele>
    <time>2023-11-05T00:39:20Z</time>
   </trkpt>
   <trkpt lat="35.5395730" lon="139.5035620">
    <ele>45.0</ele>
    <time>2023-11-05T00:39:21Z</time>
   </trkpt>
   <trkpt lat="35.5395540" lon="139.5035370">
    <ele>44.7</ele>
    <time>2023-11-05T00:39:22Z</time>
   </trkpt>
   <trkpt lat="35.5395380" lon="139.5034980">
    <ele>44.3</ele>
    <time>2023-11-05T00:39:23Z</time>
   </trkpt>
   <trkpt lat="35.5395310" lon="139.5034860">
    <ele>44.2</ele>
    <time>2023-11-05T00:39:24Z</time>
   </trkpt>
   <trkpt lat="35.5395090" lon="139.5034530">
    <ele>43.8</ele>
    <time>2023-11-05T00:39:25Z</time>
   </trkpt>
   <trkpt lat="35.5395020" lon="139.5034430">
    <ele>43.7</ele>
    <time>2023-11-05T00:39:26Z</time>
   </trkpt>
   <trkpt lat="35.5394710" lon="139.5034290">
    <ele>43.2</ele>
    <time>2023-11-05T00:39:27Z</time>
   </trkpt>
   <trkpt lat="35.5394590" lon="139.5034230">
    <ele>43.1</ele>
    <time>2023-11-05T00:39:28Z</time>
   </trkpt>
   <trkpt lat="35.5394490" lon="139.5034190">
    <ele>43.0</ele>
    <time>2023-11-05T00:39:29Z</time>
   </trkpt>
   <trkpt lat="35.5394280" lon="139.5034310">
    <ele>42.9</ele>
    <time>2023-11-05T00:39:30Z</time>
   </trkpt>
   <trkpt lat="35.5393940" lon="139.5034520">
    <ele>42.6</ele>
    <time>2023-11-05T00:39:31Z</time>
   </trkpt>
   <trkpt lat="35.5393790" lon="139.5034570">
    <ele>42.4</ele>
    <time>2023-11-05T00:39:32Z</time>
   </trkpt>
   <trkpt lat="35.5393520" lon="139.5034850">
    <ele>42.2</ele>
    <time>2023-11-05T00:39:33Z</time>
   </trkpt>
   <trkpt lat="35.5393430" lon="139.5034910">
    <ele>42.1</ele>
    <time>2023-11-05T00:39:34Z</time>
   </trkpt>
   <trkpt lat="35.5393100" lon="139.5035080">
    <ele>41.8</ele>
    <time>2023-11-05T00:39:35Z</time>
   </trkpt>
   <trkpt lat="35.5393010" lon="139.5035180">
    <ele>41.7</ele>
    <time>2023-11-05T00:39:36Z</time>
   </trkpt>
   <trkpt lat="35.5392710" lon="139.5035370">
    <ele>41.4</ele>
    <time>2023-11-05T00:39:37Z</time>
   </trkpt>
   <trkpt lat="35.5392600" lon="139.5035450">
    <ele>41.3</ele>
    <time>2023-11-05T00:39:38Z</time>
   </trkpt>
   <trkpt lat="35.5392340" lon="139.5035690">
    <ele>41.0</ele>
    <time>2023-11-05T00:39:39Z</time>
   </trkpt>
   <trkpt lat="35.5392240" lon="139.5035750">
    <ele>40.9</ele>
    <time>2023-11-05T00:39:40Z</time>
   </trkpt>
   <trkpt lat="35.5391970" lon="139.5035790">
    <ele>40.7</ele>
    <time>2023-11-05T00:39:41Z</time>
   </trkpt>
   <trkpt lat="35.5391610" lon="139.5035990">
    <ele>40.4</ele>
    <time>2023-11-05T00:39:42Z</time>
   </trkpt>
   <trkpt lat="35.5391490" lon="139.5036050">
    <ele>40.2</ele>
    <time>2023-11-05T00:39:43Z</time>
   </trkpt>
   <trkpt lat="35.5391200" lon="139.5036300">
    <ele>39.9</ele>
    <time>2023-11-05T00:39:44Z</time>
   </trkpt>
   <trkpt lat="35.5391120" lon="139.5036420">
    <ele>39.8</ele>
    <time>2023-11-05T00:39:45Z</time>
   </trkpt>
   <trkpt lat="35.5390740" lon="139.5036580">
    <ele>39.4</ele>
    <time>2023-11-05T00:39:46Z</time>
   </trkpt>
   <trkpt lat="35.5390610" lon="139.5036660">
    <ele>39.3</ele>
    <time>2023-11-05T00:39:47Z</time>
   </trkpt>
   <trkpt lat="35.5390260" lon="139.5036800">
    <ele>38.9</ele>
    <time>2023-11-05T00:39:48Z</time>
   </trkpt>
   <trkpt lat="35.5390160" lon="139.5036840">
    <ele>38.8</ele>
    <time>2023-11-05T00:39:49Z</time>
   </trkpt>
   <trkpt lat="35.5389870" lon="139.5037150">
    <ele>38.4</ele>
    <time>2023-11-05T00:39:50Z</time>
   </trkpt>
   <trkpt lat="35.5389730" lon="139.5037190">
    <ele>38.3</ele>
    <time>2023-11-05T00:39:51Z</time>
   </trkpt>
   <trkpt lat="35.5389450" lon="139.5037360">
    <ele>37.9</ele>
    <time>2023-11-05T00:39:52Z</time>
   </trkpt>
   <trkpt lat="35.5389210" lon="139.5037560">
    <ele>37.6</ele>
    <time>2023-11-05T00:39:53Z</time>
   </trkpt>
   <trkpt lat="35.5388890" lon="139.5037550">
    <ele>37.3</ele>
    <time>2023-11-05T00:39:54Z</time>
   </trkpt>
   <trkpt lat="35.5388600" lon="139.5037620">
    <ele>37.0</ele>
    <time>2023-11-05T00:39:55Z</time>
   </trkpt>
   <trkpt lat="35.5388280" lon="139.5037860">
    <ele>36.7</ele>
    <time>2023-11-05T00:39:57Z</time>
   </trkpt>
   <trkpt lat="35.5388160" lon="139.5037970">
    <ele>36.5</ele>
    <time>2023-11-05T00:39:58Z</time>
   </trkpt>
   <trkpt lat="35.5387800" lon="139.5037980">
    <ele>36.2</ele>
    <time>2023-11-05T00:39:59Z</time>
   </trkpt>
   <trkpt lat="35.5387510" lon="139.5037990">
    <ele>36.0</ele>
    <time>2023-11-05T00:40:00Z</time>
   </trkpt>
   <trkpt lat="35.5387160" lon="139.5037970">
    <ele>35.7</ele>
    <time>2023-11-05T00:40:01Z</time>
   </trkpt>
   <trkpt lat="35.5387030" lon="139.5037990">
    <ele>35.6</ele>
    <time>2023-11-05T00:40:02Z</time>
   </trkpt>
   <trkpt lat="35.5386730" lon="139.5038080">
    <ele>35.4</ele>
    <time>2023-11-05T00:40:03Z</time>
   </trkpt>
   <trkpt lat="35.5386370" lon="139.5038150">
    <ele>35.1</ele>
    <time>2023-11-05T00:40:04Z</time>
   </trkpt>
   <trkpt lat="35.5386240" lon="139.5038170">
    <ele>35.0</ele>
    <time>2023-11-05T00:40:05Z</time>
   </trkpt>
   <trkpt lat="35.5385780" lon="139.5038160">
    <ele>34.7</ele>
    <time>2023-11-05T00:40:06Z</time>
   </trkpt>
   <trkpt lat="35.5385550" lon="139.5038130">
    <ele>34.6</ele>
    <time>2023-11-05T00:40:07Z</time>
   </trkpt>
   <trkpt lat="35.5385310" lon="139.5038170">
    <ele>34.4</ele>
    <time>2023-11-05T00:40:08Z</time>
   </trkpt>
   <trkpt lat="35.5385040" lon="139.5038080">
    <ele>34.2</ele>
    <time>2023-11-05T00:40:09Z</time>
   </trkpt>
   <trkpt lat="35.5384760" lon="139.5038120">
    <ele>34.1</ele>
    <time>2023-11-05T00:40:10Z</time>
   </trkpt>
   <trkpt lat="35.5384430" lon="139.5038120">
    <ele>33.9</ele>
    <time>2023-11-05T00:40:11Z</time>
   </trkpt>
   <trkpt lat="35.5384280" lon="139.5038050">
    <ele>33.8</ele>
    <time>2023-11-05T00:40:12Z</time>
   </trkpt>
   <trkpt lat="35.5383920" lon="139.5038060">
    <ele>33.5</ele>
    <time>2023-11-05T00:40:13Z</time>
   </trkpt>
   <trkpt lat="35.5383810" lon="139.5038020">
    <ele>33.5</ele>
    <time>2023-11-05T00:40:14Z</time>
   </trkpt>
   <trkpt lat="35.5383560" lon="139.5037830">
    <ele>33.3</ele>
    <time>2023-11-05T00:40:15Z</time>
   </trkpt>
   <trkpt lat="35.5383260" lon="139.5037780">
    <ele>33.1</ele>
    <time>2023-11-05T00:40:16Z</time>
   </trkpt>
   <trkpt lat="35.5382890" lon="139.5037510">
    <ele>32.9</ele>
    <time>2023-11-05T00:40:17Z</time>
   </trkpt>
   <trkpt lat="35.5382710" lon="139.5037380">
    <ele>32.8</ele>
    <time>2023-11-05T00:40:18Z</time>
   </trkpt>
   <trkpt lat="35.5382360" lon="139.5037450">
    <ele>32.6</ele>
    <time>2023-11-05T00:40:19Z</time>
   </trkpt>
   <trkpt lat="35.5382250" lon="139.5037420">
    <ele>32.5</ele>
    <time>2023-11-05T00:40:20Z</time>
   </trkpt>
   <trkpt lat="35.5381960" lon="139.5037420">
    <ele>32.4</ele>
    <time>2023-11-05T00:40:21Z</time>
   </trkpt>
   <trkpt lat="35.5381710" lon="139.5037200">
    <ele>32.2</ele>
    <time>2023-11-05T00:40:22Z</time>
   </trkpt>
   <trkpt lat="35.5381350" lon="139.5037090">
    <ele>32.1</ele>
    <time>2023-11-05T00:40:23Z</time>
   </trkpt>
   <trkpt lat="35.5381240" lon="139.5037110">
    <ele>32.0</ele>
    <time>2023-11-05T00:40:24Z</time>
   </trkpt>
   <trkpt lat="35.5380900" lon="139.5037090">
    <ele>31.8</ele>
    <time>2023-11-05T00:40:25Z</time>
   </trkpt>
   <trkpt lat="35.5380780" lon="139.5037050">
    <ele>31.8</ele>
    <time>2023-11-05T00:40:26Z</time>
   </trkpt>
   <trkpt lat="35.5380390" lon="139.5036600">
    <ele>31.5</ele>
    <time>2023-11-05T00:40:27Z</time>
   </trkpt>
   <trkpt lat="35.5380130" lon="139.5036470">
    <ele>31.4</ele>
    <time>2023-11-05T00:40:28Z</time>
   </trkpt>
   <trkpt lat="35.5379800" lon="139.5036520">
    <ele>31.2</ele>
    <time>2023-11-05T00:40:29Z</time>
   </trkpt>
   <trkpt lat="35.5379680" lon="139.5036520">
    <ele>31.2</ele>
    <time>2023-11-05T00:40:30Z</time>
   </trkpt>
   <trkpt lat="35.5379320" lon="139.5036510">
    <ele>31.0</ele>
    <time>2023-11-05T00:40:31Z</time>
   </trkpt>
   <trkpt lat="35.5379040" lon="139.5036280">
    <ele>30.8</ele>
    <time>2023-11-05T00:40:32Z</time>
   </trkpt>
   <trkpt lat="35.5378950" lon="139.5036250">
    <ele>30.8</ele>
    <time>2023-11-05T00:40:33Z</time>
   </trkpt>
   <trkpt lat="35.5378700" lon="139.5036070">
    <ele>30.6</ele>
    <time>2023-11-05T00:40:34Z</time>
   </trkpt>
   <trkpt lat="35.5378400" lon="139.5035880">
    <ele>30.5</ele>
    <time>2023-11-05T00:40:35Z</time>
   </trkpt>
   <trkpt lat="35.5378300" lon="139.5035830">
    <ele>30.4</ele>
    <time>2023-11-05T00:40:36Z</time>
   </trkpt>
   <trkpt lat="35.5377930" lon="139.5035870">
    <ele>30.2</ele>
    <time>2023-11-05T00:40:37Z</time>
   </trkpt>
   <trkpt lat="35.5377810" lon="139.5035910">
    <ele>30.2</ele>
    <time>2023-11-05T00:40:38Z</time>
   </trkpt>
   <trkpt lat="35.5377510" lon="139.5035810">
    <ele>30.0</ele>
    <time>2023-11-05T00:40:39Z</time>
   </trkpt>
   <trkpt lat="35.5377400" lon="139.5035750">
    <ele>30.0</ele>
    <time>2023-11-05T00:40:40Z</time>
   </trkpt>
   <trkpt lat="35.5377110" lon="139.5035480">
    <ele>29.8</ele>
    <time>2023-11-05T00:40:41Z</time>
   </trkpt>
   <trkpt lat="35.5377030" lon="139.5035320">
    <ele>29.7</ele>
    <time>2023-11-05T00:40:42Z</time>
   </trkpt>
   <trkpt lat="35.5376190" lon="139.5034860">
    <ele>29.4</ele>
    <time>2023-11-05T00:40:43Z</time>
   </trkpt>
   <trkpt lat="35.5375520" lon="139.5034610">
    <ele>29.1</ele>
    <time>2023-11-05T00:40:52Z</time>
   </trkpt>
   <trkpt lat="35.5374860" lon="139.5034350">
    <ele>28.9</ele>
    <time>2023-11-05T00:40:53Z</time>
   </trkpt>
   <trkpt lat="35.5374710" lon="139.5034230">
    <ele>28.9</ele>
    <time>2023-11-05T00:40:54Z</time>
   </trkpt>
   <trkpt lat="35.5374570" lon="139.5034090">
    <ele>28.8</ele>
    <time>2023-11-05T00:40:55Z</time>
   </trkpt>
   <trkpt lat="35.5374480" lon="139.5034020">
    <ele>28.8</ele>
    <time>2023-11-05T00:40:56Z</time>
   </trkpt>
   <trkpt lat="35.5374300" lon="139.5033830">
    <ele>28.8</ele>
    <time>2023-11-05T00:40:57Z</time>
   </trkpt>
   <trkpt lat="35.5374170" lon="139.5033740">
    <ele>28.7</ele>
    <time>2023-11-05T00:40:58Z</time>
   </trkpt>
   <trkpt lat="35.5374090" lon="139.5033650">
    <ele>28.7</ele>
    <time>2023-11-05T00:40:59Z</time>
   </trkpt>
   <trkpt lat="35.5374050" lon="139.5033550">
    <ele>28.7</ele>
    <time>2023-11-05T00:41:00Z</time>
   </trkpt>
   <trkpt lat="35.5373890" lon="139.5033580">
    <ele>28.6</ele>
    <time>2023-11-05T00:41:01Z</time>
   </trkpt>
   <trkpt lat="35.5373770" lon="139.5033590">
    <ele>28.6</ele>
    <time>2023-11-05T00:41:24Z</time>
   </trkpt>
   <trkpt lat="35.5373650" lon="139.5033600">
    <ele>28.5</ele>
    <time>2023-11-05T00:41:25Z</time>
   </trkpt>
   <trkpt lat="35.5373500" lon="139.5033230">
    <ele>28.4</ele>
    <time>2023-11-05T00:41:26Z</time>
   </trkpt>
   <trkpt lat="35.5373360" lon="139.5032910">
    <ele>28.2</ele>
    <time>2023-11-05T00:41:27Z</time>
   </trkpt>
   <trkpt lat="35.5373260" lon="139.5032830">
    <ele>28.2</ele>
    <time>2023-11-05T00:41:28Z</time>
   </trkpt>
   <trkpt lat="35.5373000" lon="139.5032710">
    <ele>28.0</ele>
    <time>2023-11-05T00:41:29Z</time>
   </trkpt>
   <trkpt lat="35.5372680" lon="139.5032490">
    <ele>27.9</ele>
    <time>2023-11-05T00:41:30Z</time>
   </trkpt>
   <trkpt lat="35.5372570" lon="139.5032380">
    <ele>27.8</ele>
    <time>2023-11-05T00:41:31Z</time>
   </trkpt>
   <trkpt lat="35.5372240" lon="139.5032260">
    <ele>27.7</ele>
    <time>2023-11-05T00:41:32Z</time>
   </trkpt>
   <trkpt lat="35.5372130" lon="139.5032240">
    <ele>27.6</ele>
    <time>2023-11-05T00:41:33Z</time>
   </trkpt>
   <trkpt lat="35.5371850" lon="139.5032050">
    <ele>27.5</ele>
    <time>2023-11-05T00:41:34Z</time>
   </trkpt>
   <trkpt lat="35.5371490" lon="139.5031860">
    <ele>27.3</ele>
    <time>2023-11-05T00:41:35Z</time>
   </trkpt>
   <trkpt lat="35.5371360" lon="139.5031750">
    <ele>27.2</ele>
    <time>2023-11-05T00:41:36Z</time>
   </trkpt>
   <trkpt lat="35.5371060" lon="139.5031620">
    <ele>27.1</ele>
    <time>2023-11-05T00:41:37Z</time>
   </trkpt>
   <trkpt lat="35.5370960" lon="139.5031570">
    <ele>27.1</ele>
    <time>2023-11-05T00:41:38Z</time>
   </trkpt>
   <trkpt lat="35.5370640" lon="139.5031480">
    <ele>26.9</ele>
    <time>2023-11-05T00:41:39Z</time>
   </trkpt>
   <trkpt lat="35.5370530" lon="139.5031430">
    <ele>26.9</ele>
    <time>2023-11-05T00:41:40Z</time>
   </trkpt>
   <trkpt lat="35.5370170" lon="139.5031200">
    <ele>26.7</ele>
    <time>2023-11-05T00:41:41Z</time>
   </trkpt>
   <trkpt lat="35.5370030" lon="139.5031090">
    <ele>26.7</ele>
    <time>2023-11-05T00:41:42Z</time>
   </trkpt>
   <trkpt lat="35.5369740" lon="139.5030880">
    <ele>26.5</ele>
    <time>2023-11-05T00:41:43Z</time>
   </trkpt>
   <trkpt lat="35.5369620" lon="139.5030830">
    <ele>26.5</ele>
    <time>2023-11-05T00:41:44Z</time>
   </trkpt>
   <trkpt lat="35.5369300" lon="139.5030630">
    <ele>26.3</ele>
    <time>2023-11-05T00:41:45Z</time>
   </trkpt>
   <trkpt lat="35.5369170" lon="139.5030580">
    <ele>26.3</ele>
    <time>2023-11-05T00:41:46Z</time>
   </trkpt>
   <trkpt lat="35.5368860" lon="139.5030400">
    <ele>26.2</ele>
    <time>2023-11-05T00:41:47Z</time>
   </trkpt>
   <trkpt lat="35.5368740" lon="139.5030270">
    <ele>26.1</ele>
    <time>2023-11-05T00:41:48Z</time>
   </trkpt>
   <trkpt lat="35.5368530" lon="139.5030020">
    <ele>26.0</ele>
    <time>2023-11-05T00:41:49Z</time>
   </trkpt>
   <trkpt lat="35.5368240" lon="139.5029740">
    <ele>25.9</ele>
    <time>2023-11-05T00:41:50Z</time>
   </trkpt>
   <trkpt lat="35.5368130" lon="139.5029640">
    <ele>25.9</ele>
    <time>2023-11-05T00:41:51Z</time>
   </trkpt>
   <trkpt lat="35.5367870" lon="139.5029410">
    <ele>25.9</ele>
    <time>2023-11-05T00:41:52Z</time>
   </trkpt>
   <trkpt lat="35.5367760" lon="139.5029330">
    <ele>25.9</ele>
    <time>2023-11-05T00:41:53Z</time>
   </trkpt>
   <trkpt lat="35.5367420" lon="139.5029100">
    <ele>25.8</ele>
    <time>2023-11-05T00:41:54Z</time>
   </trkpt>
   <trkpt lat="35.5367280" lon="139.5028960">
    <ele>25.8</ele>
    <time>2023-11-05T00:41:55Z</time>
   </trkpt>
   <trkpt lat="35.5366940" lon="139.5028760">
    <ele>25.8</ele>
    <time>2023-11-05T00:41:56Z</time>
   </trkpt>
   <trkpt lat="35.5366830" lon="139.5028690">
    <ele>25.8</ele>
    <time>2023-11-05T00:41:57Z</time>
   </trkpt>
   <trkpt lat="35.5366540" lon="139.5028450">
    <ele>25.8</ele>
    <time>2023-11-05T00:41:58Z</time>
   </trkpt>
   <trkpt lat="35.5366460" lon="139.5028360">
    <ele>25.8</ele>
    <time>2023-11-05T00:41:59Z</time>
   </trkpt>
   <trkpt lat="35.5366270" lon="139.5028280">
    <ele>25.8</ele>
    <time>2023-11-05T00:42:00Z</time>
   </trkpt>
   <trkpt lat="35.5366160" lon="139.5028170">
    <ele>25.8</ele>
    <time>2023-11-05T00:42:01Z</time>
   </trkpt>
   <trkpt lat="35.5365690" lon="139.5027870">
    <ele>25.8</ele>
    <time>2023-11-05T00:42:02Z</time>
   </trkpt>
   <trkpt lat="35.5365410" lon="139.5027680">
    <ele>25.8</ele>
    <time>2023-11-05T00:42:10Z</time>
   </trkpt>
   <trkpt lat="35.5365130" lon="139.5027500">
    <ele>25.8</ele>
    <time>2023-11-05T00:42:11Z</time>
   </trkpt>
   <trkpt lat="35.5364730" lon="139.5027420">
    <ele>25.8</ele>
    <time>2023-11-05T00:42:12Z</time>
   </trkpt>
   <trkpt lat="35.5364450" lon="139.5027270">
    <ele>25.8</ele>
    <time>2023-11-05T00:42:13Z</time>
   </trkpt>
   <trkpt lat="35.5364350" lon="139.5027270">
    <ele>25.8</ele>
    <time>2023-11-05T00:42:14Z</time>
   </trkpt>
   <trkpt lat="35.5364140" lon="139.5027000">
    <ele>25.9</ele>
    <time>2023-11-05T00:42:15Z</time>
   </trkpt>
   <trkpt lat="35.5363790" lon="139.5026820">
    <ele>25.9</ele>
    <time>2023-11-05T00:42:16Z</time>
   </trkpt>
   <trkpt lat="35.5363660" lon="139.5026740">
    <ele>25.9</ele>
    <time>2023-11-05T00:42:17Z</time>
   </trkpt>
   <trkpt lat="35.5363330" lon="139.5026550">
    <ele>25.9</ele>
    <time>2023-11-05T00:42:18Z</time>
   </trkpt>
   <trkpt lat="35.5363220" lon="139.5026510">
    <ele>25.9</ele>
    <time>2023-11-05T00:42:19Z</time>
   </trkpt>
   <trkpt lat="35.5362860" lon="139.5026280">
    <ele>26.0</ele>
    <time>2023-11-05T00:42:20Z</time>
   </trkpt>
   <trkpt lat="35.5362740" lon="139.5026210">
    <ele>26.0</ele>
    <time>2023-11-05T00:42:21Z</time>
   </trkpt>
   <trkpt lat="35.5362450" lon="139.5025910">
    <ele>26.0</ele>
    <time>2023-11-05T00:42:22Z</time>
   </trkpt>
   <trkpt lat="35.5362370" lon="139.5025810">
    <ele>26.0</ele>
    <time>2023-11-05T00:42:23Z</time>
   </trkpt>
   <trkpt lat="35.5362030" lon="139.5025610">
    <ele>26.1</ele>
    <time>2023-11-05T00:42:24Z</time>
   </trkpt>
   <trkpt lat="35.5361920" lon="139.5025550">
    <ele>26.1</ele>
    <time>2023-11-05T00:42:25Z</time>
   </trkpt>
   <trkpt lat="35.5361590" lon="139.5025360">
    <ele>26.1</ele>
    <time>2023-11-05T00:42:26Z</time>
   </trkpt>
   <trkpt lat="35.5361480" lon="139.5025320">
    <ele>26.1</ele>
    <time>2023-11-05T00:42:27Z</time>
   </trkpt>
   <trkpt lat="35.5361140" lon="139.5025090">
    <ele>26.2</ele>
    <time>2023-11-05T00:42:28Z</time>
   </trkpt>
   <trkpt lat="35.5361020" lon="139.5025050">
    <ele>26.2</ele>
    <time>2023-11-05T00:42:29Z</time>
   </trkpt>
   <trkpt lat="35.5360780" lon="139.5024870">
    <ele>26.2</ele>
    <time>2023-11-05T00:42:30Z</time>
   </trkpt>
   <trkpt lat="35.5360410" lon="139.5024740">
    <ele>26.2</ele>
    <time>2023-11-05T00:42:31Z</time>
   </trkpt>
   <trkpt lat="35.5360270" lon="139.5024700">
    <ele>26.2</ele>
    <time>2023-11-05T00:42:32Z</time>
   </trkpt>
   <trkpt lat="35.5360000" lon="139.5024410">
    <ele>26.3</ele>
    <time>2023-11-05T00:42:33Z</time>
   </trkpt>
   <trkpt lat="35.5359910" lon="139.5024290">
    <ele>26.3</ele>
    <time>2023-11-05T00:42:34Z</time>
   </trkpt>
   <trkpt lat="35.5359560" lon="139.5024080">
    <ele>26.3</ele>
    <time>2023-11-05T00:42:35Z</time>
   </trkpt>
   <trkpt lat="35.5359470" lon="139.5023940">
    <ele>26.3</ele>
    <time>2023-11-05T00:42:36Z</time>
   </trkpt>
   <trkpt lat="35.5359170" lon="139.5023690">
    <ele>26.4</ele>
    <time>2023-11-05T00:42:37Z</time>
   </trkpt>
   <trkpt lat="35.5359080" lon="139.5023610">
    <ele>26.4</ele>
    <time>2023-11-05T00:42:38Z</time>
   </trkpt>
   <trkpt lat="35.5358790" lon="139.5023340">
    <ele>26.4</ele>
    <time>2023-11-05T00:42:39Z</time>
   </trkpt>
   <trkpt lat="35.5358680" lon="139.5023270">
    <ele>26.4</ele>
    <time>2023-11-05T00:42:40Z</time>
   </trkpt>
   <trkpt lat="35.5358490" lon="139.5023020">
    <ele>26.4</ele>
    <time>2023-11-05T00:42:41Z</time>
   </trkpt>
   <trkpt lat="35.5358280" lon="139.5022730">
    <ele>26.4</ele>
    <time>2023-11-05T00:42:42Z</time>
   </trkpt>
   <trkpt lat="35.5358070" lon="139.5022500">
    <ele>26.4</ele>
    <time>2023-11-05T00:42:43Z</time>
   </trkpt>
   <trkpt lat="35.5357710" lon="139.5022300">
    <ele>26.4</ele>
    <time>2023-11-05T00:42:44Z</time>
   </trkpt>
   <trkpt lat="35.5357600" lon="139.5022250">
    <ele>26.4</ele>
    <time>2023-11-05T00:42:45Z</time>
   </trkpt>
   <trkpt lat="35.5357250" lon="139.5022110">
    <ele>26.3</ele>
    <time>2023-11-05T00:42:46Z</time>
   </trkpt>
   <trkpt lat="35.5357150" lon="139.5022060">
    <ele>26.3</ele>
    <time>2023-11-05T00:42:47Z</time>
   </trkpt>
   <trkpt lat="35.5356800" lon="139.5021940">
    <ele>26.3</ele>
    <time>2023-11-05T00:42:48Z</time>
   </trkpt>
   <trkpt lat="35.5356690" lon="139.5021890">
    <ele>26.3</ele>
    <time>2023-11-05T00:42:49Z</time>
   </trkpt>
   <trkpt lat="35.5356360" lon="139.5021690">
    <ele>26.3</ele>
    <time>2023-11-05T00:42:50Z</time>
   </trkpt>
   <trkpt lat="35.5356260" lon="139.5021610">
    <ele>26.3</ele>
    <time>2023-11-05T00:42:51Z</time>
   </trkpt>
   <trkpt lat="35.5355970" lon="139.5021410">
    <ele>26.3</ele>
    <time>2023-11-05T00:42:52Z</time>
   </trkpt>
   <trkpt lat="35.5355860" lon="139.5021320">
    <ele>26.2</ele>
    <time>2023-11-05T00:42:53Z</time>
   </trkpt>
   <trkpt lat="35.5355640" lon="139.5021100">
    <ele>26.2</ele>
    <time>2023-11-05T00:42:54Z</time>
   </trkpt>
   <trkpt lat="35.5355370" lon="139.5020970">
    <ele>26.2</ele>
    <time>2023-11-05T00:42:55Z</time>
   </trkpt>
   <trkpt lat="35.5355280" lon="139.5020920">
    <ele>26.2</ele>
    <time>2023-11-05T00:42:56Z</time>
   </trkpt>
   <trkpt lat="35.5355030" lon="139.5020660">
    <ele>26.2</ele>
    <time>2023-11-05T00:42:57Z</time>
   </trkpt>
   <trkpt lat="35.5354720" lon="139.5020530">
    <ele>26.2</ele>
    <time>2023-11-05T00:42:58Z</time>
   </trkpt>
   <trkpt lat="35.5354630" lon="139.5020440">
    <ele>26.2</ele>
    <time>2023-11-05T00:42:59Z</time>
   </trkpt>
   <trkpt lat="35.5354300" lon="139.5020300">
    <ele>26.2</ele>
    <time>2023-11-05T00:43:00Z</time>
   </trkpt>
   <trkpt lat="35.5354200" lon="139.5020230">
    <ele>26.2</ele>
    <time>2023-11-05T00:43:01Z</time>
   </trkpt>
   <trkpt lat="35.5353820" lon="139.5020070">
    <ele>26.2</ele>
    <time>2023-11-05T00:43:02Z</time>
   </trkpt>
   <trkpt lat="35.5353690" lon="139.5020020">
    <ele>26.2</ele>
    <time>2023-11-05T00:43:03Z</time>
   </trkpt>
   <trkpt lat="35.5353340" lon="139.5019860">
    <ele>26.2</ele>
    <time>2023-11-05T00:43:04Z</time>
   </trkpt>
   <trkpt lat="35.5353220" lon="139.5019810">
    <ele>26.2</ele>
    <time>2023-11-05T00:43:05Z</time>
   </trkpt>
   <trkpt lat="35.5352980" lon="139.5019670">
    <ele>26.3</ele>
    <time>2023-11-05T00:43:06Z</time>
   </trkpt>
   <trkpt lat="35.5352630" lon="139.5019490">
    <ele>26.3</ele>
    <time>2023-11-05T00:43:07Z</time>
   </trkpt>
   <trkpt lat="35.5352530" lon="139.5019410">
    <ele>26.3</ele>
    <time>2023-11-05T00:43:08Z</time>
   </trkpt>
   <trkpt lat="35.5352240" lon="139.5019230">
    <ele>26.3</ele>
    <time>2023-11-05T00:43:09Z</time>
   </trkpt>
   <trkpt lat="35.5352140" lon="139.5019130">
    <ele>26.4</ele>
    <time>2023-11-05T00:43:10Z</time>
   </trkpt>
   <trkpt lat="35.5351870" lon="139.5018960">
    <ele>26.4</ele>
    <time>2023-11-05T00:43:11Z</time>
   </trkpt>
   <trkpt lat="35.5351590" lon="139.5018740">
    <ele>26.4</ele>
    <time>2023-11-05T00:43:12Z</time>
   </trkpt>
   <trkpt lat="35.5351480" lon="139.5018630">
    <ele>26.4</ele>
    <time>2023-11-05T00:43:13Z</time>
   </trkpt>
   <trkpt lat="35.5351150" lon="139.5018380">
    <ele>26.5</ele>
    <time>2023-11-05T00:43:14Z</time>
   </trkpt>
   <trkpt lat="35.5351030" lon="139.5018310">
    <ele>26.5</ele>
    <time>2023-11-05T00:43:15Z</time>
   </trkpt>
   <trkpt lat="35.5350740" lon="139.5018240">
    <ele>26.6</ele>
    <time>2023-11-05T00:43:16Z</time>
   </trkpt>
   <trkpt lat="35.5350390" lon="139.5018180">
    <ele>26.6</ele>
    <time>2023-11-05T00:43:17Z</time>
   </trkpt>
   <trkpt lat="35.5350290" lon="139.5018140">
    <ele>26.6</ele>
    <time>2023-11-05T00:43:18Z</time>
   </trkpt>
   <trkpt lat="35.5349970" lon="139.5018000">
    <ele>26.6</ele>
    <time>2023-11-05T00:43:19Z</time>
   </trkpt>
   <trkpt lat="35.5349870" lon="139.5017890">
    <ele>26.6</ele>
    <time>2023-11-05T00:43:20Z</time>
   </trkpt>
   <trkpt lat="35.5349720" lon="139.5017500">
    <ele>26.6</ele>
    <time>2023-11-05T00:43:21Z</time>
   </trkpt>
   <trkpt lat="35.5349660" lon="139.5017100">
    <ele>26.6</ele>
    <time>2023-11-05T00:43:22Z</time>
   </trkpt>
   <trkpt lat="35.5349650" lon="139.5016970">
    <ele>26.6</ele>
    <time>2023-11-05T00:43:23Z</time>
   </trkpt>
   <trkpt lat="35.5349420" lon="139.5016650">
    <ele>26.6</ele>
    <time>2023-11-05T00:43:24Z</time>
   </trkpt>
   <trkpt lat="35.5349360" lon="139.5016520">
    <ele>26.6</ele>
    <time>2023-11-05T00:43:25Z</time>
   </trkpt>
   <trkpt lat="35.5349210" lon="139.5016160">
    <ele>26.6</ele>
    <time>2023-11-05T00:43:26Z</time>
   </trkpt>
   <trkpt lat="35.5349150" lon="139.5016060">
    <ele>26.6</ele>
    <time>2023-11-05T00:43:27Z</time>
   </trkpt>
   <trkpt lat="35.5348980" lon="139.5015700">
    <ele>26.6</ele>
    <time>2023-11-05T00:43:28Z</time>
   </trkpt>
   <trkpt lat="35.5348910" lon="139.5015630">
    <ele>26.6</ele>
    <time>2023-11-05T00:43:29Z</time>
   </trkpt>
   <trkpt lat="35.5348780" lon="139.5015230">
    <ele>26.6</ele>
    <time>2023-11-05T00:43:30Z</time>
   </trkpt>
   <trkpt lat="35.5348740" lon="139.5015090">
    <ele>26.6</ele>
    <time>2023-11-05T00:43:31Z</time>
   </trkpt>
   <trkpt lat="35.5348610" lon="139.5014710">
    <ele>26.6</ele>
    <time>2023-11-05T00:43:32Z</time>
   </trkpt>
   <trkpt lat="35.5348580" lon="139.5014570">
    <ele>26.6</ele>
    <time>2023-11-05T00:43:33Z</time>
   </trkpt>
   <trkpt lat="35.5348470" lon="139.5014150">
    <ele>26.6</ele>
    <time>2023-11-05T00:43:34Z</time>
   </trkpt>
   <trkpt lat="35.5348420" lon="139.5014030">
    <ele>26.6</ele>
    <time>2023-11-05T00:43:35Z</time>
   </trkpt>
   <trkpt lat="35.5348380" lon="139.5013610">
    <ele>26.6</ele>
    <time>2023-11-05T00:43:36Z</time>
   </trkpt>
   <trkpt lat="35.5348360" lon="139.5013460">
    <ele>26.6</ele>
    <time>2023-11-05T00:43:37Z</time>
   </trkpt>
   <trkpt lat="35.5348440" lon="139.5013000">
    <ele>26.6</ele>
    <time>2023-11-05T00:43:38Z</time>
   </trkpt>
   <trkpt lat="35.5348500" lon="139.5012840">
    <ele>26.6</ele>
    <time>2023-11-05T00:43:39Z</time>
   </trkpt>
   <trkpt lat="35.5348570" lon="139.5012480">
    <ele>26.6</ele>
    <time>2023-11-05T00:43:40Z</time>
   </trkpt>
   <trkpt lat="35.5348600" lon="139.5012400">
    <ele>26.6</ele>
    <time>2023-11-05T00:43:41Z</time>
   </trkpt>
   <trkpt lat="35.5348810" lon="139.5012120">
    <ele>26.6</ele>
    <time>2023-11-05T00:43:42Z</time>
   </trkpt>
   <trkpt lat="35.5348840" lon="139.5012030">
    <ele>26.6</ele>
    <time>2023-11-05T00:43:43Z</time>
   </trkpt>
   <trkpt lat="35.5348890" lon="139.5011600">
    <ele>26.6</ele>
    <time>2023-11-05T00:43:44Z</time>
   </trkpt>
   <trkpt lat="35.5348930" lon="139.5011460">
    <ele>26.6</ele>
    <time>2023-11-05T00:43:45Z</time>
   </trkpt>
   <trkpt lat="35.5349070" lon="139.5011090">
    <ele>26.6</ele>
    <time>2023-11-05T00:43:46Z</time>
   </trkpt>
   <trkpt lat="35.5349110" lon="139.5010950">
    <ele>26.6</ele>
    <time>2023-11-05T00:43:47Z</time>
   </trkpt>
   <trkpt lat="35.5349180" lon="139.5010730">
    <ele>26.6</ele>
    <time>2023-11-05T00:43:48Z</time>
   </trkpt>
   <trkpt lat="35.5349180" lon="139.5010530">
    <ele>26.6</ele>
    <time>2023-11-05T00:43:49Z</time>
   </trkpt>
   <trkpt lat="35.5349310" lon="139.5010170">
    <ele>26.6</ele>
    <time>2023-11-05T00:43:50Z</time>
   </trkpt>
   <trkpt lat="35.5349340" lon="139.5009930">
    <ele>26.6</ele>
    <time>2023-11-05T00:43:51Z</time>
   </trkpt>
   <trkpt lat="35.5349380" lon="139.5009700">
    <ele>26.6</ele>
    <time>2023-11-05T00:44:00Z</time>
   </trkpt>
   <trkpt lat="35.5349410" lon="139.5009460">
    <ele>26.6</ele>
    <time>2023-11-05T00:44:01Z</time>
   </trkpt>
   <trkpt lat="35.5349530" lon="139.5009220">
    <ele>26.6</ele>
    <time>2023-11-05T00:44:02Z</time>
   </trkpt>
   <trkpt lat="35.5349590" lon="139.5009110">
    <ele>26.6</ele>
    <time>2023-11-05T00:44:03Z</time>
   </trkpt>
   <trkpt lat="35.5349650" lon="139.5009010">
    <ele>26.6</ele>
    <time>2023-11-05T00:44:04Z</time>
   </trkpt>
   <trkpt lat="35.5349890" lon="139.5008770">
    <ele>26.6</ele>
    <time>2023-11-05T00:44:05Z</time>
   </trkpt>
   <trkpt lat="35.5349930" lon="139.5008330">
    <ele>26.6</ele>
    <time>2023-11-05T00:44:06Z</time>
   </trkpt>
   <trkpt lat="35.5349910" lon="139.5008190">
    <ele>26.6</ele>
    <time>2023-11-05T00:44:07Z</time>
   </trkpt>
   <trkpt lat="35.5350070" lon="139.5007890">
    <ele>26.6</ele>
    <time>2023-11-05T00:44:08Z</time>
   </trkpt>
   <trkpt lat="35.5350360" lon="139.5007600">
    <ele>26.6</ele>
    <time>2023-11-05T00:44:09Z</time>
   </trkpt>
   <trkpt lat="35.5350490" lon="139.5007500">
    <ele>26.6</ele>
    <time>2023-11-05T00:44:10Z</time>
   </trkpt>
   <trkpt lat="35.5350650" lon="139.5007140">
    <ele>26.7</ele>
    <time>2023-11-05T00:44:11Z</time>
   </trkpt>
   <trkpt lat="35.5350720" lon="139.5007010">
    <ele>26.7</ele>
    <time>2023-11-05T00:44:12Z</time>
   </trkpt>
   <trkpt lat="35.5350930" lon="139.5006700">
    <ele>26.7</ele>
    <time>2023-11-05T00:44:13Z</time>
   </trkpt>
   <trkpt lat="35.5351010" lon="139.5006570">
    <ele>26.7</ele>
    <time>2023-11-05T00:44:14Z</time>
   </trkpt>
   <trkpt lat="35.5351170" lon="139.5006180">
    <ele>26.8</ele>
    <time>2023-11-05T00:44:15Z</time>
   </trkpt>
   <trkpt lat="35.5351240" lon="139.5006080">
    <ele>26.8</ele>
    <time>2023-11-05T00:44:16Z</time>
   </trkpt>
   <trkpt lat="35.5351450" lon="139.5005780">
    <ele>26.9</ele>
    <time>2023-11-05T00:44:17Z</time>
   </trkpt>
   <trkpt lat="35.5351520" lon="139.5005650">
    <ele>26.9</ele>
    <time>2023-11-05T00:44:18Z</time>
   </trkpt>
   <trkpt lat="35.5351730" lon="139.5005350">
    <ele>27.0</ele>
    <time>2023-11-05T00:44:19Z</time>
   </trkpt>
   <trkpt lat="35.5351790" lon="139.5005240">
    <ele>27.0</ele>
    <time>2023-11-05T00:44:20Z</time>
   </trkpt>
   <trkpt lat="35.5352040" lon="139.5004950">
    <ele>27.1</ele>
    <time>2023-11-05T00:44:21Z</time>
   </trkpt>
   <trkpt lat="35.5352110" lon="139.5004850">
    <ele>27.2</ele>
    <time>2023-11-05T00:44:22Z</time>
   </trkpt>
   <trkpt lat="35.5352260" lon="139.5004570">
    <ele>27.2</ele>
    <time>2023-11-05T00:44:23Z</time>
   </trkpt>
   <trkpt lat="35.5352320" lon="139.5004480">
    <ele>27.3</ele>
    <time>2023-11-05T00:44:24Z</time>
   </trkpt>
   <trkpt lat="35.5352410" lon="139.5004290">
    <ele>27.3</ele>
    <time>2023-11-05T00:44:25Z</time>
   </trkpt>
   <trkpt lat="35.5352530" lon="139.5004130">
    <ele>27.3</ele>
    <time>2023-11-05T00:44:26Z</time>
   </trkpt>
   <trkpt lat="35.5352690" lon="139.5003980">
    <ele>27.4</ele>
    <time>2023-11-05T00:44:27Z</time>
   </trkpt>
   <trkpt lat="35.5352780" lon="139.5003860">
    <ele>27.4</ele>
    <time>2023-11-05T00:44:28Z</time>
   </trkpt>
   <trkpt lat="35.5353040" lon="139.5003550">
    <ele>27.5</ele>
    <time>2023-11-05T00:44:29Z</time>
   </trkpt>
   <trkpt lat="35.5353100" lon="139.5003440">
    <ele>27.5</ele>
    <time>2023-11-05T00:44:30Z</time>
   </trkpt>
   <trkpt lat="35.5352910" lon="139.5003110">
    <ele>27.5</ele>
    <time>2023-11-05T00:44:31Z</time>
   </trkpt>
   <trkpt lat="35.5352830" lon="139.5003000">
    <ele>27.5</ele>
    <time>2023-11-05T00:44:32Z</time>
   </trkpt>
   <trkpt lat="35.5352510" lon="139.5002900">
    <ele>27.5</ele>
    <time>2023-11-05T00:44:33Z</time>
   </trkpt>
   <trkpt lat="35.5352230" lon="139.5002820">
    <ele>27.5</ele>
    <time>2023-11-05T00:44:34Z</time>
   </trkpt>
   <trkpt lat="35.5351910" lon="139.5002660">
    <ele>27.5</ele>
    <time>2023-11-05T00:44:35Z</time>
   </trkpt>
   <trkpt lat="35.5351820" lon="139.5002620">
    <ele>27.5</ele>
    <time>2023-11-05T00:44:36Z</time>
   </trkpt>
   <trkpt lat="35.5351090" lon="139.5002800">
    <ele>27.5</ele>
    <time>2023-11-05T00:44:37Z</time>
   </trkpt>
   <trkpt lat="35.5350550" lon="139.5003140">
    <ele>27.4</ele>
    <time>2023-11-05T00:44:51Z</time>
   </trkpt>
   <trkpt lat="35.5350010" lon="139.5003480">
    <ele>27.3</ele>
    <time>2023-11-05T00:44:52Z</time>
   </trkpt>
   <trkpt lat="35.5349480" lon="139.5003830">
    <ele>27.3</ele>
    <time>2023-11-05T00:44:53Z</time>
   </trkpt>
   <trkpt lat="35.5349380" lon="139.5004010">
    <ele>27.3</ele>
    <time>2023-11-05T00:44:54Z</time>
   </trkpt>
   <trkpt lat="35.5349330" lon="139.5004100">
    <ele>27.3</ele>
    <time>2023-11-05T00:44:55Z</time>
   </trkpt>
   <trkpt lat="35.5349250" lon="139.5004310">
    <ele>27.3</ele>
    <time>2023-11-05T00:44:56Z</time>
   </trkpt>
   <trkpt lat="35.5349180" lon="139.5004430">
    <ele>27.3</ele>
    <time>2023-11-05T00:44:57Z</time>
   </trkpt>
   <trkpt lat="35.5349170" lon="139.5004740">
    <ele>27.3</ele>
    <time>2023-11-05T00:44:58Z</time>
   </trkpt>
   <trkpt lat="35.5349000" lon="139.5004790">
    <ele>27.3</ele>
    <time>2023-11-05T00:44:59Z</time>
   </trkpt>
   <trkpt lat="35.5348820" lon="139.5005130">
    <ele>27.3</ele>
    <time>2023-11-05T00:45:00Z</time>
   </trkpt>
   <trkpt lat="35.5348800" lon="139.5005170">
    <ele>27.3</ele>
    <time>2023-11-05T00:45:01Z</time>
   </trkpt>
   <trkpt lat="35.5348670" lon="139.5005290">
    <ele>27.3</ele>
    <time>2023-11-05T00:45:02Z</time>
   </trkpt>
   <trkpt lat="35.5348550" lon="139.5005370">
    <ele>27.3</ele>
    <time>2023-11-05T00:45:03Z</time>
   </trkpt>
   <trkpt lat="35.5348320" lon="139.5005540">
    <ele>27.3</ele>
    <time>2023-11-05T00:45:04Z</time>
   </trkpt>
   <trkpt lat="35.5348010" lon="139.5005720">
    <ele>27.3</ele>
    <time>2023-11-05T00:45:05Z</time>
   </trkpt>
   <trkpt lat="35.5347890" lon="139.5005780">
    <ele>28.8</ele>
    <time>2023-11-05T00:45:06Z</time>
   </trkpt>
   <trkpt lat="35.5347830" lon="139.5005950">
    <ele>30.9</ele>
    <time>2023-11-05T00:45:07Z</time>
   </trkpt>
   <trkpt lat="35.5347660" lon="139.5005940">
    <ele>33.3</ele>
    <time>2023-11-05T00:45:08Z</time>
   </trkpt>
   <trkpt lat="35.5347570" lon="139.5005690">
    <ele>36.4</ele>
    <time>2023-11-05T00:45:09Z</time>
   </trkpt>
   <trkpt lat="35.5347390" lon="139.5005610">
    <ele>38.2</ele>
    <time>2023-11-05T00:45:10Z</time>
   </trkpt>
   <trkpt lat="35.5347290" lon="139.5005610">
    <ele>38.2</ele>
    <time>2023-11-05T00:45:11Z</time>
   </trkpt>
   <trkpt lat="35.5347180" lon="139.5005600">
    <ele>38.2</ele>
    <time>2023-11-05T00:45:12Z</time>
   </trkpt>
   <trkpt lat="35.5347070" lon="139.5005590">
    <ele>38.2</ele>
    <time>2023-11-05T00:45:13Z</time>
   </trkpt>
   <trkpt lat="35.5346910" lon="139.5005470">
    <ele>38.2</ele>
    <time>2023-11-05T00:45:14Z</time>
   </trkpt>
   <trkpt lat="35.5346700" lon="139.5005400">
    <ele>38.1</ele>
    <time>2023-11-05T00:45:15Z</time>
   </trkpt>
   <trkpt lat="35.5346620" lon="139.5005380">
    <ele>38.1</ele>
    <time>2023-11-05T00:45:16Z</time>
   </trkpt>
   <trkpt lat="35.5346540" lon="139.5005350">
    <ele>38.1</ele>
    <time>2023-11-05T00:45:17Z</time>
   </trkpt>
   <trkpt lat="35.5346390" lon="139.5005350">
    <ele>38.1</ele>
    <time>2023-11-05T00:45:18Z</time>
   </trkpt>
   <trkpt lat="35.5346260" lon="139.5005310">
    <ele>38.1</ele>
    <time>2023-11-05T00:45:19Z</time>
   </trkpt>
   <trkpt lat="35.5346090" lon="139.5005320">
    <ele>38.1</ele>
    <time>2023-11-05T00:45:20Z</time>
   </trkpt>
   <trkpt lat="35.5345950" lon="139.5005310">
    <ele>38.1</ele>
    <time>2023-11-05T00:45:21Z</time>
   </trkpt>
   <trkpt lat="35.5345820" lon="139.5005260">
    <ele>38.2</ele>
    <time>2023-11-05T00:45:22Z</time>
   </trkpt>
   <trkpt lat="35.5345680" lon="139.5005050">
    <ele>38.2</ele>
    <time>2023-11-05T00:45:23Z</time>
   </trkpt>
   <trkpt lat="35.5345520" lon="139.5005080">
    <ele>38.2</ele>
    <time>2023-11-05T00:45:24Z</time>
   </trkpt>
   <trkpt lat="35.5345340" lon="139.5005100">
    <ele>38.3</ele>
    <time>2023-11-05T00:45:25Z</time>
   </trkpt>
   <trkpt lat="35.5345210" lon="139.5004990">
    <ele>38.3</ele>
    <time>2023-11-05T00:45:26Z</time>
   </trkpt>
   <trkpt lat="35.5345060" lon="139.5004910">
    <ele>38.4</ele>
    <time>2023-11-05T00:45:27Z</time>
   </trkpt>
   <trkpt lat="35.5344820" lon="139.5004950">
    <ele>38.5</ele>
    <time>2023-11-05T00:45:28Z</time>
   </trkpt>
   <trkpt lat="35.5344720" lon="139.5004930">
    <ele>38.5</ele>
    <time>2023-11-05T00:45:29Z</time>
   </trkpt>
   <trkpt lat="35.5344630" lon="139.5004910">
    <ele>38.6</ele>
    <time>2023-11-05T00:45:30Z</time>
   </trkpt>
   <trkpt lat="35.5344500" lon="139.5004930">
    <ele>38.7</ele>
    <time>2023-11-05T00:45:31Z</time>
   </trkpt>
   <trkpt lat="35.5344340" lon="139.5004910">
    <ele>38.7</ele>
    <time>2023-11-05T00:45:32Z</time>
   </trkpt>
   <trkpt lat="35.5344200" lon="139.5004970">
    <ele>38.7</ele>
    <time>2023-11-05T00:45:33Z</time>
   </trkpt>
   <trkpt lat="35.5344010" lon="139.5004890">
    <ele>38.6</ele>
    <time>2023-11-05T00:45:34Z</time>
   </trkpt>
   <trkpt lat="35.5343860" lon="139.5004790">
    <ele>38.6</ele>
    <time>2023-11-05T00:45:35Z</time>
   </trkpt>
   <trkpt lat="35.5343700" lon="139.5004690">
    <ele>38.6</ele>
    <time>2023-11-05T00:45:36Z</time>
   </trkpt>
   <trkpt lat="35.5343410" lon="139.5004620">
    <ele>38.5</ele>
    <time>2023-11-05T00:45:37Z</time>
   </trkpt>
   <trkpt lat="35.5343310" lon="139.5004620">
    <ele>38.5</ele>
    <time>2023-11-05T00:45:38Z</time>
   </trkpt>
   <trkpt lat="35.5343010" lon="139.5004610">
    <ele>38.4</ele>
    <time>2023-11-05T00:45:39Z</time>
   </trkpt>
   <trkpt lat="35.5342910" lon="139.5004620">
    <ele>38.4</ele>
    <time>2023-11-05T00:45:40Z</time>
   </trkpt>
   <trkpt lat="35.5342560" lon="139.5004600">
    <ele>38.4</ele>
    <time>2023-11-05T00:45:41Z</time>
   </trkpt>
   <trkpt lat="35.5342470" lon="139.5004580">
    <ele>38.4</ele>
    <time>2023-11-05T00:45:42Z</time>
   </trkpt>
   <trkpt lat="35.5342120" lon="139.5004510">
    <ele>38.3</ele>
    <time>2023-11-05T00:45:43Z</time>
   </trkpt>
   <trkpt lat="35.5342020" lon="139.5004490">
    <ele>38.3</ele>
    <time>2023-11-05T00:45:44Z</time>
   </trkpt>
   <trkpt lat="35.5341720" lon="139.5004370">
    <ele>38.2</ele>
    <time>2023-11-05T00:45:45Z</time>
   </trkpt>
   <trkpt lat="35.5341620" lon="139.5004330">
    <ele>38.2</ele>
    <time>2023-11-05T00:45:46Z</time>
   </trkpt>
   <trkpt lat="35.5341300" lon="139.5004270">
    <ele>38.1</ele>
    <time>2023-11-05T00:45:47Z</time>
   </trkpt>
   <trkpt lat="35.5341200" lon="139.5004240">
    <ele>38.1</ele>
    <time>2023-11-05T00:45:48Z</time>
   </trkpt>
   <trkpt lat="35.5340860" lon="139.5004170">
    <ele>38.1</ele>
    <time>2023-11-05T00:45:49Z</time>
   </trkpt>
   <trkpt lat="35.5340760" lon="139.5004150">
    <ele>38.1</ele>
    <time>2023-11-05T00:45:50Z</time>
   </trkpt>
   <trkpt lat="35.5340420" lon="139.5004040">
    <ele>38.0</ele>
    <time>2023-11-05T00:45:51Z</time>
   </trkpt>
   <trkpt lat="35.5340310" lon="139.5003970">
    <ele>38.0</ele>
    <time>2023-11-05T00:45:52Z</time>
   </trkpt>
   <trkpt lat="35.5340040" lon="139.5003850">
    <ele>37.9</ele>
    <time>2023-11-05T00:45:53Z</time>
   </trkpt>
   <trkpt lat="35.5339940" lon="139.5003800">
    <ele>37.9</ele>
    <time>2023-11-05T00:45:54Z</time>
   </trkpt>
   <trkpt lat="35.5339620" lon="139.5003730">
    <ele>37.9</ele>
    <time>2023-11-05T00:45:55Z</time>
   </trkpt>
   <trkpt lat="35.5339510" lon="139.5003730">
    <ele>37.8</ele>
    <time>2023-11-05T00:45:56Z</time>
   </trkpt>
   <trkpt lat="35.5339180" lon="139.5003630">
    <ele>37.8</ele>
    <time>2023-11-05T00:45:57Z</time>
   </trkpt>
   <trkpt lat="35.5339050" lon="139.5003530">
    <ele>37.8</ele>
    <time>2023-11-05T00:45:58Z</time>
   </trkpt>
   <trkpt lat="35.5338730" lon="139.5003360">
    <ele>37.7</ele>
    <time>2023-11-05T00:45:59Z</time>
   </trkpt>
   <trkpt lat="35.5338620" lon="139.5003310">
    <ele>37.6</ele>
    <time>2023-11-05T00:46:00Z</time>
   </trkpt>
   <trkpt lat="35.5338280" lon="139.5003240">
    <ele>37.5</ele>
    <time>2023-11-05T00:46:01Z</time>
   </trkpt>
   <trkpt lat="35.5338170" lon="139.5003200">
    <ele>37.5</ele>
    <time>2023-11-05T00:46:02Z</time>
   </trkpt>
   <trkpt lat="35.5337830" lon="139.5003090">
    <ele>37.4</ele>
    <time>2023-11-05T00:46:03Z</time>
   </trkpt>
   <trkpt lat="35.5337730" lon="139.5003030">
    <ele>37.3</ele>
    <time>2023-11-05T00:46:04Z</time>
   </trkpt>
   <trkpt lat="35.5337370" lon="139.5003020">
    <ele>37.3</ele>
    <time>2023-11-05T00:46:05Z</time>
   </trkpt>
   <trkpt lat="35.5337250" lon="139.5003020">
    <ele>37.4</ele>
    <time>2023-11-05T00:46:06Z</time>
   </trkpt>
   <trkpt lat="35.5336920" lon="139.5003010">
    <ele>37.6</ele>
    <time>2023-11-05T00:46:07Z</time>
   </trkpt>
   <trkpt lat="35.5336800" lon="139.5002950">
    <ele>37.6</ele>
    <time>2023-11-05T00:46:08Z</time>
   </trkpt>
   <trkpt lat="35.5336460" lon="139.5002750">
    <ele>37.8</ele>
    <time>2023-11-05T00:46:09Z</time>
   </trkpt>
   <trkpt lat="35.5336370" lon="139.5002690">
    <ele>37.9</ele>
    <time>2023-11-05T00:46:10Z</time>
   </trkpt>
   <trkpt lat="35.5336030" lon="139.5002510">
    <ele>38.0</ele>
    <time>2023-11-05T00:46:11Z</time>
   </trkpt>
   <trkpt lat="35.5335910" lon="139.5002450">
    <ele>38.1</ele>
    <time>2023-11-05T00:46:12Z</time>
   </trkpt>
   <trkpt lat="35.5335580" lon="139.5002270">
    <ele>38.3</ele>
    <time>2023-11-05T00:46:13Z</time>
   </trkpt>
   <trkpt lat="35.5335470" lon="139.5002180">
    <ele>38.3</ele>
    <time>2023-11-05T00:46:14Z</time>
   </trkpt>
   <trkpt lat="35.5335140" lon="139.5001970">
    <ele>38.5</ele>
    <time>2023-11-05T00:46:15Z</time>
   </trkpt>
   <trkpt lat="35.5335020" lon="139.5001940">
    <ele>38.6</ele>
    <time>2023-11-05T00:46:16Z</time>
   </trkpt>
   <trkpt lat="35.5334640" lon="139.5001830">
    <ele>38.8</ele>
    <time>2023-11-05T00:46:17Z</time>
   </trkpt>
   <trkpt lat="35.5334520" lon="139.5001800">
    <ele>38.8</ele>
    <time>2023-11-05T00:46:18Z</time>
   </trkpt>
   <trkpt lat="35.5334170" lon="139.5001560">
    <ele>39.0</ele>
    <time>2023-11-05T00:46:19Z</time>
   </trkpt>
   <trkpt lat="35.5334040" lon="139.5001490">
    <ele>39.1</ele>
    <time>2023-11-05T00:46:20Z</time>
   </trkpt>
   <trkpt lat="35.5333790" lon="139.5001280">
    <ele>39.3</ele>
    <time>2023-11-05T00:46:21Z</time>
   </trkpt>
   <trkpt lat="35.5333700" lon="139.5001210">
    <ele>39.3</ele>
    <time>2023-11-05T00:46:22Z</time>
   </trkpt>
   <trkpt lat="35.5333470" lon="139.5001030">
    <ele>39.4</ele>
    <time>2023-11-05T00:46:23Z</time>
   </trkpt>
   <trkpt lat="35.5333230" lon="139.5000870">
    <ele>39.6</ele>
    <time>2023-11-05T00:46:24Z</time>
   </trkpt>
   <trkpt lat="35.5332870" lon="139.5000760">
    <ele>39.8</ele>
    <time>2023-11-05T00:46:25Z</time>
   </trkpt>
   <trkpt lat="35.5332730" lon="139.5000740">
    <ele>39.8</ele>
    <time>2023-11-05T00:46:26Z</time>
   </trkpt>
   <trkpt lat="35.5332450" lon="139.5000690">
    <ele>40.0</ele>
    <time>2023-11-05T00:46:27Z</time>
   </trkpt>
   <trkpt lat="35.5332110" lon="139.5000870">
    <ele>40.0</ele>
    <time>2023-11-05T00:46:28Z</time>
   </trkpt>
   <trkpt lat="35.5332010" lon="139.5000940">
    <ele>40.0</ele>
    <time>2023-11-05T00:46:29Z</time>
   </trkpt>
   <trkpt lat="35.5331700" lon="139.5001160">
    <ele>40.1</ele>
    <time>2023-11-05T00:46:30Z</time>
   </trkpt>
   <trkpt lat="35.5331410" lon="139.5001270">
    <ele>40.1</ele>
    <time>2023-11-05T00:46:31Z</time>
   </trkpt>
   <trkpt lat="35.5331140" lon="139.5001480">
    <ele>40.2</ele>
    <time>2023-11-05T00:46:32Z</time>
   </trkpt>
   <trkpt lat="35.5330860" lon="139.5001720">
    <ele>40.2</ele>
    <time>2023-11-05T00:46:33Z</time>
   </trkpt>
   <trkpt lat="35.5330760" lon="139.5001810">
    <ele>40.2</ele>
    <time>2023-11-05T00:46:34Z</time>
   </trkpt>
   <trkpt lat="35.5330450" lon="139.5001930">
    <ele>40.3</ele>
    <time>2023-11-05T00:46:35Z</time>
   </trkpt>
   <trkpt lat="35.5330140" lon="139.5002170">
    <ele>40.3</ele>
    <time>2023-11-05T00:46:36Z</time>
   </trkpt>
   <trkpt lat="35.5330040" lon="139.5002230">
    <ele>40.3</ele>
    <time>2023-11-05T00:46:37Z</time>
   </trkpt>
   <trkpt lat="35.5329770" lon="139.5002620">
    <ele>40.4</ele>
    <time>2023-11-05T00:46:38Z</time>
   </trkpt>
   <trkpt lat="35.5329650" lon="139.5002750">
    <ele>40.4</ele>
    <time>2023-11-05T00:46:39Z</time>
   </trkpt>
   <trkpt lat="35.5329400" lon="139.5003080">
    <ele>40.4</ele>
    <time>2023-11-05T00:46:40Z</time>
   </trkpt>
   <trkpt lat="35.5329310" lon="139.5003220">
    <ele>40.4</ele>
    <time>2023-11-05T00:46:41Z</time>
   </trkpt>
   <trkpt lat="35.5329130" lon="139.5003500">
    <ele>40.5</ele>
    <time>2023-11-05T00:46:42Z</time>
   </trkpt>
   <trkpt lat="35.5328900" lon="139.5003820">
    <ele>40.5</ele>
    <time>2023-11-05T00:46:43Z</time>
   </trkpt>
   <trkpt lat="35.5328800" lon="139.5003960">
    <ele>40.5</ele>
    <time>2023-11-05T00:46:44Z</time>
   </trkpt>
   <trkpt lat="35.5328530" lon="139.5004220">
    <ele>40.6</ele>
    <time>2023-11-05T00:46:45Z</time>
   </trkpt>
   <trkpt lat="35.5328440" lon="139.5004310">
    <ele>40.6</ele>
    <time>2023-11-05T00:46:46Z</time>
   </trkpt>
   <trkpt lat="35.5328160" lon="139.5004590">
    <ele>40.6</ele>
    <time>2023-11-05T00:46:47Z</time>
   </trkpt>
   <trkpt lat="35.5328090" lon="139.5004720">
    <ele>40.7</ele>
    <time>2023-11-05T00:46:48Z</time>
   </trkpt>
   <trkpt lat="35.5327840" lon="139.5004890">
    <ele>40.7</ele>
    <time>2023-11-05T00:46:49Z</time>
   </trkpt>
   <trkpt lat="35.5327540" lon="139.5005220">
    <ele>40.7</ele>
    <time>2023-11-05T00:46:50Z</time>
   </trkpt>
   <trkpt lat="35.5327430" lon="139.5005330">
    <ele>40.8</ele>
    <time>2023-11-05T00:46:51Z</time>
   </trkpt>
   <trkpt lat="35.5327170" lon="139.5005550">
    <ele>40.8</ele>
    <time>2023-11-05T00:46:52Z</time>
   </trkpt>
   <trkpt lat="35.5327080" lon="139.5005620">
    <ele>40.8</ele>
    <time>2023-11-05T00:46:53Z</time>
   </trkpt>
   <trkpt lat="35.5326860" lon="139.5005830">
    <ele>40.8</ele>
    <time>2023-11-05T00:46:54Z</time>
   </trkpt>
   <trkpt lat="35.5326630" lon="139.5006040">
    <ele>40.9</ele>
    <time>2023-11-05T00:46:55Z</time>
   </trkpt>
   <trkpt lat="35.5326330" lon="139.5006220">
    <ele>40.9</ele>
    <time>2023-11-05T00:46:56Z</time>
   </trkpt>
   <trkpt lat="35.5326280" lon="139.5006330">
    <ele>40.9</ele>
    <time>2023-11-05T00:46:57Z</time>
   </trkpt>
   <trkpt lat="35.5326040" lon="139.5006320">
    <ele>40.9</ele>
    <time>2023-11-05T00:46:58Z</time>
   </trkpt>
   <trkpt lat="35.5325930" lon="139.5006240">
    <ele>40.9</ele>
    <time>2023-11-05T00:46:59Z</time>
   </trkpt>
   <trkpt lat="35.5325720" lon="139.5006010">
    <ele>40.9</ele>
    <time>2023-11-05T00:47:00Z</time>
   </trkpt>
   <trkpt lat="35.5325550" lon="139.5005740">
    <ele>41.0</ele>
    <time>2023-11-05T00:47:01Z</time>
   </trkpt>
   <trkpt lat="35.5325480" lon="139.5005370">
    <ele>41.0</ele>
    <time>2023-11-05T00:47:02Z</time>
   </trkpt>
   <trkpt lat="35.5325280" lon="139.5005030">
    <ele>41.0</ele>
    <time>2023-11-05T00:47:03Z</time>
   </trkpt>
   <trkpt lat="35.5325210" lon="139.5004920">
    <ele>41.0</ele>
    <time>2023-11-05T00:47:04Z</time>
   </trkpt>
   <trkpt lat="35.5325040" lon="139.5004610">
    <ele>41.0</ele>
    <time>2023-11-05T00:47:05Z</time>
   </trkpt>
   <trkpt lat="35.5324970" lon="139.5004510">
    <ele>41.0</ele>
    <time>2023-11-05T00:47:06Z</time>
   </trkpt>
   <trkpt lat="35.5324710" lon="139.5004110">
    <ele>41.0</ele>
    <time>2023-11-05T00:47:07Z</time>
   </trkpt>
   <trkpt lat="35.5324570" lon="139.5004000">
    <ele>41.0</ele>
    <time>2023-11-05T00:47:08Z</time>
   </trkpt>
   <trkpt lat="35.5324430" lon="139.5003660">
    <ele>41.0</ele>
    <time>2023-11-05T00:47:09Z</time>
   </trkpt>
   <trkpt lat="35.5324400" lon="139.5003550">
    <ele>41.0</ele>
    <time>2023-11-05T00:47:10Z</time>
   </trkpt>
   <trkpt lat="35.5324320" lon="139.5003210">
    <ele>41.0</ele>
    <time>2023-11-05T00:47:11Z</time>
   </trkpt>
   <trkpt lat="35.5324140" lon="139.5002820">
    <ele>41.1</ele>
    <time>2023-11-05T00:47:12Z</time>
   </trkpt>
   <trkpt lat="35.5324090" lon="139.5002680">
    <ele>41.1</ele>
    <time>2023-11-05T00:47:13Z</time>
   </trkpt>
   <trkpt lat="35.5323870" lon="139.5002260">
    <ele>41.1</ele>
    <time>2023-11-05T00:47:14Z</time>
   </trkpt>
   <trkpt lat="35.5323780" lon="139.5002110">
    <ele>41.1</ele>
    <time>2023-11-05T00:47:15Z</time>
   </trkpt>
   <trkpt lat="35.5323660" lon="139.5001710">
    <ele>41.1</ele>
    <time>2023-11-05T00:47:16Z</time>
   </trkpt>
   <trkpt lat="35.5323710" lon="139.5001530">
    <ele>41.1</ele>
    <time>2023-11-05T00:47:17Z</time>
   </trkpt>
   <trkpt lat="35.5323590" lon="139.5001230">
    <ele>41.2</ele>
    <time>2023-11-05T00:47:18Z</time>
   </trkpt>
   <trkpt lat="35.5323480" lon="139.5000860">
    <ele>41.2</ele>
    <time>2023-11-05T00:47:19Z</time>
   </trkpt>
   <trkpt lat="35.5323400" lon="139.5000740">
    <ele>41.2</ele>
    <time>2023-11-05T00:47:20Z</time>
   </trkpt>
   <trkpt lat="35.5323280" lon="139.5000290">
    <ele>41.2</ele>
    <time>2023-11-05T00:47:21Z</time>
   </trkpt>
   <trkpt lat="35.5323270" lon="139.5000120">
    <ele>41.2</ele>
    <time>2023-11-05T00:47:22Z</time>
   </trkpt>
   <trkpt lat="35.5323160" lon="139.4999800">
    <ele>41.2</ele>
    <time>2023-11-05T00:47:23Z</time>
   </trkpt>
   <trkpt lat="35.5323000" lon="139.4999410">
    <ele>41.2</ele>
    <time>2023-11-05T00:47:24Z</time>
   </trkpt>
   <trkpt lat="35.5322930" lon="139.4999290">
    <ele>41.2</ele>
    <time>2023-11-05T00:47:25Z</time>
   </trkpt>
   <trkpt lat="35.5322740" lon="139.4999010">
    <ele>41.2</ele>
    <time>2023-11-05T00:47:26Z</time>
   </trkpt>
   <trkpt lat="35.5322780" lon="139.4998600">
    <ele>41.2</ele>
    <time>2023-11-05T00:47:27Z</time>
   </trkpt>
   <trkpt lat="35.5322790" lon="139.4998450">
    <ele>41.2</ele>
    <time>2023-11-05T00:47:28Z</time>
   </trkpt>
   <trkpt lat="35.5322700" lon="139.4998140">
    <ele>41.2</ele>
    <time>2023-11-05T00:47:29Z</time>
   </trkpt>
   <trkpt lat="35.5322560" lon="139.4997710">
    <ele>41.2</ele>
    <time>2023-11-05T00:47:30Z</time>
   </trkpt>
   <trkpt lat="35.5322510" lon="139.4997550">
    <ele>41.2</ele>
    <time>2023-11-05T00:47:31Z</time>
   </trkpt>
   <trkpt lat="35.5322400" lon="139.4997150">
    <ele>41.2</ele>
    <time>2023-11-05T00:47:32Z</time>
   </trkpt>
   <trkpt lat="35.5322360" lon="139.4997020">
    <ele>41.2</ele>
    <time>2023-11-05T00:47:33Z</time>
   </trkpt>
   <trkpt lat="35.5322180" lon="139.4996590">
    <ele>41.2</ele>
    <time>2023-11-05T00:47:34Z</time>
   </trkpt>
   <trkpt lat="35.5322120" lon="139.4996440">
    <ele>41.2</ele>
    <time>2023-11-05T00:47:35Z</time>
   </trkpt>
   <trkpt lat="35.5321930" lon="139.4996120">
    <ele>41.2</ele>
    <time>2023-11-05T00:47:36Z</time>
   </trkpt>
   <trkpt lat="35.5321860" lon="139.4996000">
    <ele>41.2</ele>
    <time>2023-11-05T00:47:37Z</time>
   </trkpt>
   <trkpt lat="35.5321720" lon="139.4995590">
    <ele>41.3</ele>
    <time>2023-11-05T00:47:38Z</time>
   </trkpt>
   <trkpt lat="35.5321660" lon="139.4995460">
    <ele>41.3</ele>
    <time>2023-11-05T00:47:39Z</time>
   </trkpt>
   <trkpt lat="35.5321640" lon="139.4995050">
    <ele>41.3</ele>
    <time>2023-11-05T00:47:40Z</time>
   </trkpt>
   <trkpt lat="35.5321510" lon="139.4994710">
    <ele>41.3</ele>
    <time>2023-11-05T00:47:41Z</time>
   </trkpt>
   <trkpt lat="35.5321460" lon="139.4994580">
    <ele>41.3</ele>
    <time>2023-11-05T00:47:42Z</time>
   </trkpt>
   <trkpt lat="35.5321300" lon="139.4994310">
    <ele>41.4</ele>
    <time>2023-11-05T00:47:43Z</time>
   </trkpt>
   <trkpt lat="35.5321250" lon="139.4993950">
    <ele>41.4</ele>
    <time>2023-11-05T00:47:44Z</time>
   </trkpt>
   <trkpt lat="35.5321230" lon="139.4993840">
    <ele>41.4</ele>
    <time>2023-11-05T00:47:45Z</time>
   </trkpt>
   <trkpt lat="35.5321010" lon="139.4993650">
    <ele>41.4</ele>
    <time>2023-11-05T00:47:46Z</time>
   </trkpt>
   <trkpt lat="35.5320910" lon="139.4993620">
    <ele>41.4</ele>
    <time>2023-11-05T00:47:47Z</time>
   </trkpt>
   <trkpt lat="35.5320570" lon="139.4993620">
    <ele>41.3</ele>
    <time>2023-11-05T00:47:48Z</time>
   </trkpt>
   <trkpt lat="35.5320470" lon="139.4993660">
    <ele>41.3</ele>
    <time>2023-11-05T00:47:49Z</time>
   </trkpt>
   <trkpt lat="35.5320150" lon="139.4993840">
    <ele>41.2</ele>
    <time>2023-11-05T00:47:50Z</time>
   </trkpt>
   <trkpt lat="35.5319800" lon="139.4994030">
    <ele>41.1</ele>
    <time>2023-11-05T00:47:51Z</time>
   </trkpt>
   <trkpt lat="35.5319490" lon="139.4994270">
    <ele>41.0</ele>
    <time>2023-11-05T00:47:52Z</time>
   </trkpt>
   <trkpt lat="35.5319410" lon="139.4994450">
    <ele>41.0</ele>
    <time>2023-11-05T00:47:53Z</time>
   </trkpt>
   <trkpt lat="35.5319280" lon="139.4994800">
    <ele>40.9</ele>
    <time>2023-11-05T00:47:54Z</time>
   </trkpt>
   <trkpt lat="35.5319240" lon="139.4994930">
    <ele>40.9</ele>
    <time>2023-11-05T00:47:55Z</time>
   </trkpt>
   <trkpt lat="35.5319170" lon="139.4995310">
    <ele>40.9</ele>
    <time>2023-11-05T00:47:56Z</time>
   </trkpt>
   <trkpt lat="35.5319120" lon="139.4995450">
    <ele>40.8</ele>
    <time>2023-11-05T00:47:57Z</time>
   </trkpt>
   <trkpt lat="35.5319080" lon="139.4995670">
    <ele>40.8</ele>
    <time>2023-11-05T00:47:58Z</time>
   </trkpt>
   <trkpt lat="35.5319330" lon="139.4996070">
    <ele>40.8</ele>
    <time>2023-11-05T00:47:59Z</time>
   </trkpt>
   <trkpt lat="35.5319000" lon="139.4998520">
    <ele>40.8</ele>
    <time>2023-11-05T00:48:52Z</time>
   </trkpt>
   <trkpt lat="35.5319050" lon="139.4999190">
    <ele>40.7</ele>
    <time>2023-11-05T00:48:53Z</time>
   </trkpt>
   <trkpt lat="35.5319070" lon="139.4999530">
    <ele>40.6</ele>
    <time>2023-11-05T00:48:54Z</time>
   </trkpt>
   <trkpt lat="35.5318940" lon="139.4999980">
    <ele>40.5</ele>
    <time>2023-11-05T00:48:55Z</time>
   </trkpt>
   <trkpt lat="35.5318960" lon="139.5000200">
    <ele>40.5</ele>
    <time>2023-11-05T00:48:56Z</time>
   </trkpt>
   <trkpt lat="35.5319060" lon="139.5000300">
    <ele>40.5</ele>
    <time>2023-11-05T00:48:57Z</time>
   </trkpt>
   <trkpt lat="35.5319060" lon="139.5000710">
    <ele>40.4</ele>
    <time>2023-11-05T00:48:58Z</time>
   </trkpt>
   <trkpt lat="35.5319060" lon="139.5000830">
    <ele>40.3</ele>
    <time>2023-11-05T00:48:59Z</time>
   </trkpt>
   <trkpt lat="35.5319060" lon="139.5001190">
    <ele>40.2</ele>
    <time>2023-11-05T00:49:00Z</time>
   </trkpt>
   <trkpt lat="35.5319060" lon="139.5001350">
    <ele>40.2</ele>
    <time>2023-11-05T00:49:01Z</time>
   </trkpt>
   <trkpt lat="35.5319010" lon="139.5001610">
    <ele>40.2</ele>
    <time>2023-11-05T00:49:02Z</time>
   </trkpt>
   <trkpt lat="35.5319080" lon="139.5001760">
    <ele>40.1</ele>
    <time>2023-11-05T00:49:03Z</time>
   </trkpt>
   <trkpt lat="35.5319280" lon="139.5002120">
    <ele>40.1</ele>
    <time>2023-11-05T00:49:04Z</time>
   </trkpt>
   <trkpt lat="35.5319320" lon="139.5002290">
    <ele>40.0</ele>
    <time>2023-11-05T00:49:05Z</time>
   </trkpt>
   <trkpt lat="35.5319240" lon="139.5002750">
    <ele>40.0</ele>
    <time>2023-11-05T00:49:06Z</time>
   </trkpt>
   <trkpt lat="35.5319250" lon="139.5002980">
    <ele>39.9</ele>
    <time>2023-11-05T00:49:07Z</time>
   </trkpt>
   <trkpt lat="35.5319220" lon="139.5003080">
    <ele>39.9</ele>
    <time>2023-11-05T00:49:08Z</time>
   </trkpt>
   <trkpt lat="35.5319230" lon="139.5003360">
    <ele>39.9</ele>
    <time>2023-11-05T00:49:09Z</time>
   </trkpt>
   <trkpt lat="35.5319250" lon="139.5003700">
    <ele>39.9</ele>
    <time>2023-11-05T00:49:10Z</time>
   </trkpt>
   <trkpt lat="35.5319210" lon="139.5004030">
    <ele>39.9</ele>
    <time>2023-11-05T00:49:11Z</time>
   </trkpt>
   <trkpt lat="35.5319230" lon="139.5004150">
    <ele>39.9</ele>
    <time>2023-11-05T00:49:12Z</time>
   </trkpt>
   <trkpt lat="35.5318940" lon="139.5004470">
    <ele>39.8</ele>
    <time>2023-11-05T00:49:13Z</time>
   </trkpt>
   <trkpt lat="35.5318790" lon="139.5004540">
    <ele>39.8</ele>
    <time>2023-11-05T00:49:14Z</time>
   </trkpt>
   <trkpt lat="35.5318330" lon="139.5004600">
    <ele>39.8</ele>
    <time>2023-11-05T00:49:15Z</time>
   </trkpt>
   <trkpt lat="35.5317940" lon="139.5004760">
    <ele>39.8</ele>
    <time>2023-11-05T00:49:16Z</time>
   </trkpt>
   <trkpt lat="35.5317640" lon="139.5004820">
    <ele>39.7</ele>
    <time>2023-11-05T00:49:17Z</time>
   </trkpt>
   <trkpt lat="35.5317550" lon="139.5004870">
    <ele>39.7</ele>
    <time>2023-11-05T00:49:18Z</time>
   </trkpt>
   <trkpt lat="35.5317350" lon="139.5004760">
    <ele>39.7</ele>
    <time>2023-11-05T00:49:19Z</time>
   </trkpt>
   <trkpt lat="35.5317000" lon="139.5004760">
    <ele>39.8</ele>
    <time>2023-11-05T00:49:20Z</time>
   </trkpt>
   <trkpt lat="35.5316850" lon="139.5004740">
    <ele>39.8</ele>
    <time>2023-11-05T00:49:21Z</time>
   </trkpt>
   <trkpt lat="35.5316580" lon="139.5004760">
    <ele>39.8</ele>
    <time>2023-11-05T00:49:22Z</time>
   </trkpt>
   <trkpt lat="35.5316270" lon="139.5004750">
    <ele>39.9</ele>
    <time>2023-11-05T00:49:23Z</time>
   </trkpt>
   <trkpt lat="35.5315850" lon="139.5004920">
    <ele>40.0</ele>
    <time>2023-11-05T00:49:24Z</time>
   </trkpt>
   <trkpt lat="35.5315670" lon="139.5004990">
    <ele>40.1</ele>
    <time>2023-11-05T00:49:25Z</time>
   </trkpt>
   <trkpt lat="35.5315440" lon="139.5005190">
    <ele>40.2</ele>
    <time>2023-11-05T00:49:26Z</time>
   </trkpt>
   <trkpt lat="35.5315300" lon="139.5005540">
    <ele>40.3</ele>
    <time>2023-11-05T00:49:27Z</time>
   </trkpt>
   <trkpt lat="35.5315200" lon="139.5005950">
    <ele>40.5</ele>
    <time>2023-11-05T00:49:28Z</time>
   </trkpt>
   <trkpt lat="35.5314930" lon="139.5006220">
    <ele>40.6</ele>
    <time>2023-11-05T00:49:29Z</time>
   </trkpt>
   <trkpt lat="35.5314810" lon="139.5006240">
    <ele>40.6</ele>
    <time>2023-11-05T00:49:30Z</time>
   </trkpt>
   <trkpt lat="35.5314490" lon="139.5006270">
    <ele>40.7</ele>
    <time>2023-11-05T00:49:31Z</time>
   </trkpt>
   <trkpt lat="35.5314370" lon="139.5006280">
    <ele>40.7</ele>
    <time>2023-11-05T00:49:32Z</time>
   </trkpt>
   <trkpt lat="35.5314000" lon="139.5006290">
    <ele>40.7</ele>
    <time>2023-11-05T00:49:33Z</time>
   </trkpt>
   <trkpt lat="35.5313880" lon="139.5006310">
    <ele>40.8</ele>
    <time>2023-11-05T00:49:34Z</time>
   </trkpt>
   <trkpt lat="35.5313510" lon="139.5006330">
    <ele>40.9</ele>
    <time>2023-11-05T00:49:35Z</time>
   </trkpt>
   <trkpt lat="35.5313390" lon="139.5006320">
    <ele>40.9</ele>
    <time>2023-11-05T00:49:36Z</time>
   </trkpt>
   <trkpt lat="35.5313020" lon="139.5006220">
    <ele>41.0</ele>
    <time>2023-11-05T00:49:37Z</time>
   </trkpt>
   <trkpt lat="35.5312900" lon="139.5006000">
    <ele>41.0</ele>
    <time>2023-11-05T00:49:38Z</time>
   </trkpt>
   <trkpt lat="35.5312520" lon="139.5006200">
    <ele>41.1</ele>
    <time>2023-11-05T00:49:39Z</time>
   </trkpt>
   <trkpt lat="35.5312380" lon="139.5006370">
    <ele>41.3</ele>
    <time>2023-11-05T00:49:40Z</time>
   </trkpt>
   <trkpt lat="35.5312370" lon="139.5006650">
    <ele>41.4</ele>
    <time>2023-11-05T00:49:41Z</time>
   </trkpt>
   <trkpt lat="35.5312220" lon="139.5006710">
    <ele>41.5</ele>
    <time>2023-11-05T00:49:42Z</time>
   </trkpt>
   <trkpt lat="35.5312080" lon="139.5006950">
    <ele>41.6</ele>
    <time>2023-11-05T00:49:43Z</time>
   </trkpt>
   <trkpt lat="35.5312040" lon="139.5007080">
    <ele>41.7</ele>
    <time>2023-11-05T00:49:44Z</time>
   </trkpt>
   <trkpt lat="35.5312000" lon="139.5007210">
    <ele>41.7</ele>
    <time>2023-11-05T00:49:45Z</time>
   </trkpt>
   <trkpt lat="35.5312160" lon="139.5007500">
    <ele>41.8</ele>
    <time>2023-11-05T00:49:46Z</time>
   </trkpt>
   <trkpt lat="35.5312140" lon="139.5007890">
    <ele>41.9</ele>
    <time>2023-11-05T00:49:47Z</time>
   </trkpt>
   <trkpt lat="35.5312120" lon="139.5008030">
    <ele>42.0</ele>
    <time>2023-11-05T00:49:48Z</time>
   </trkpt>
   <trkpt lat="35.5312020" lon="139.5008470">
    <ele>42.1</ele>
    <time>2023-11-05T00:49:49Z</time>
   </trkpt>
   <trkpt lat="35.5312000" lon="139.5008620">
    <ele>42.1</ele>
    <time>2023-11-05T00:49:50Z</time>
   </trkpt>
   <trkpt lat="35.5311920" lon="139.5009060">
    <ele>42.2</ele>
    <time>2023-11-05T00:49:51Z</time>
   </trkpt>
   <trkpt lat="35.5311890" lon="139.5009230">
    <ele>42.3</ele>
    <time>2023-11-05T00:49:52Z</time>
   </trkpt>
   <trkpt lat="35.5311800" lon="139.5009570">
    <ele>42.4</ele>
    <time>2023-11-05T00:49:53Z</time>
   </trkpt>
   <trkpt lat="35.5311770" lon="139.5009660">
    <ele>42.4</ele>
    <time>2023-11-05T00:49:54Z</time>
   </trkpt>
   <trkpt lat="35.5311680" lon="139.5010020">
    <ele>42.5</ele>
    <time>2023-11-05T00:49:55Z</time>
   </trkpt>
   <trkpt lat="35.5311660" lon="139.5010130">
    <ele>42.5</ele>
    <time>2023-11-05T00:49:56Z</time>
   </trkpt>
   <trkpt lat="35.5311560" lon="139.5010580">
    <ele>42.6</ele>
    <time>2023-11-05T00:49:57Z</time>
   </trkpt>
   <trkpt lat="35.5311530" lon="139.5010710">
    <ele>42.7</ele>
    <time>2023-11-05T00:49:58Z</time>
   </trkpt>
   <trkpt lat="35.5311360" lon="139.5011120">
    <ele>42.8</ele>
    <time>2023-11-05T00:49:59Z</time>
   </trkpt>
   <trkpt lat="35.5311280" lon="139.5011250">
    <ele>42.8</ele>
    <time>2023-11-05T00:50:00Z</time>
   </trkpt>
   <trkpt lat="35.5311020" lon="139.5011370">
    <ele>43.0</ele>
    <time>2023-11-05T00:50:01Z</time>
   </trkpt>
   <trkpt lat="35.5310910" lon="139.5011410">
    <ele>43.0</ele>
    <time>2023-11-05T00:50:02Z</time>
   </trkpt>
   <trkpt lat="35.5310890" lon="139.5011540">
    <ele>43.1</ele>
    <time>2023-11-05T00:50:03Z</time>
   </trkpt>
   <trkpt lat="35.5310770" lon="139.5011430">
    <ele>43.2</ele>
    <time>2023-11-05T00:50:04Z</time>
   </trkpt>
   <trkpt lat="35.5310630" lon="139.5011360">
    <ele>43.2</ele>
    <time>2023-11-05T00:50:05Z</time>
   </trkpt>
   <trkpt lat="35.5310410" lon="139.5011410">
    <ele>43.3</ele>
    <time>2023-11-05T00:50:06Z</time>
   </trkpt>
   <trkpt lat="35.5310390" lon="139.5011390">
    <ele>43.3</ele>
    <time>2023-11-05T00:50:07Z</time>
   </trkpt>
   <trkpt lat="35.5310430" lon="139.5011360">
    <ele>43.4</ele>
    <time>2023-11-05T00:50:08Z</time>
   </trkpt>
   <trkpt lat="35.5310320" lon="139.5011230">
    <ele>43.4</ele>
    <time>2023-11-05T00:50:09Z</time>
   </trkpt>
   <trkpt lat="35.5309950" lon="139.5011120">
    <ele>43.6</ele>
    <time>2023-11-05T00:50:10Z</time>
   </trkpt>
   <trkpt lat="35.5309680" lon="139.5010970">
    <ele>43.7</ele>
    <time>2023-11-05T00:50:11Z</time>
   </trkpt>
   <trkpt lat="35.5309400" lon="139.5010750">
    <ele>43.8</ele>
    <time>2023-11-05T00:50:12Z</time>
   </trkpt>
   <trkpt lat="35.5309300" lon="139.5010660">
    <ele>43.8</ele>
    <time>2023-11-05T00:50:13Z</time>
   </trkpt>
   <trkpt lat="35.5308980" lon="139.5010460">
    <ele>43.9</ele>
    <time>2023-11-05T00:50:14Z</time>
   </trkpt>
   <trkpt lat="35.5308870" lon="139.5010390">
    <ele>43.9</ele>
    <time>2023-11-05T00:50:15Z</time>
   </trkpt>
   <trkpt lat="35.5308700" lon="139.5010130">
    <ele>43.9</ele>
    <time>2023-11-05T00:50:16Z</time>
   </trkpt>
   <trkpt lat="35.5308370" lon="139.5010050">
    <ele>44.0</ele>
    <time>2023-11-05T00:50:17Z</time>
   </trkpt>
   <trkpt lat="35.5308240" lon="139.5010060">
    <ele>44.0</ele>
    <time>2023-11-05T00:50:18Z</time>
   </trkpt>
   <trkpt lat="35.5307950" lon="139.5009740">
    <ele>44.1</ele>
    <time>2023-11-05T00:50:19Z</time>
   </trkpt>
   <trkpt lat="35.5307640" lon="139.5009770">
    <ele>44.2</ele>
    <time>2023-11-05T00:50:20Z</time>
   </trkpt>
   <trkpt lat="35.5307260" lon="139.5009800">
    <ele>44.2</ele>
    <time>2023-11-05T00:50:21Z</time>
   </trkpt>
   <trkpt lat="35.5307130" lon="139.5009800">
    <ele>44.2</ele>
    <time>2023-11-05T00:50:22Z</time>
   </trkpt>
   <trkpt lat="35.5306870" lon="139.5009930">
    <ele>44.3</ele>
    <time>2023-11-05T00:50:23Z</time>
   </trkpt>
   <trkpt lat="35.5306550" lon="139.5010000">
    <ele>44.3</ele>
    <time>2023-11-05T00:50:24Z</time>
   </trkpt>
   <trkpt lat="35.5306450" lon="139.5010070">
    <ele>44.3</ele>
    <time>2023-11-05T00:50:25Z</time>
   </trkpt>
   <trkpt lat="35.5306180" lon="139.5010170">
    <ele>44.3</ele>
    <time>2023-11-05T00:50:26Z</time>
   </trkpt>
   <trkpt lat="35.5305910" lon="139.5010190">
    <ele>44.3</ele>
    <time>2023-11-05T00:50:27Z</time>
   </trkpt>
   <trkpt lat="35.5305540" lon="139.5010150">
    <ele>44.3</ele>
    <time>2023-11-05T00:50:28Z</time>
   </trkpt>
   <trkpt lat="35.5305420" lon="139.5010150">
    <ele>44.2</ele>
    <time>2023-11-05T00:50:29Z</time>
   </trkpt>
   <trkpt lat="35.5305110" lon="139.5010190">
    <ele>44.2</ele>
    <time>2023-11-05T00:50:30Z</time>
   </trkpt>
   <trkpt lat="35.5304950" lon="139.5010220">
    <ele>44.1</ele>
    <time>2023-11-05T00:50:31Z</time>
   </trkpt>
   <trkpt lat="35.5304790" lon="139.5010200">
    <ele>44.1</ele>
    <time>2023-11-05T00:50:32Z</time>
   </trkpt>
   <trkpt lat="35.5304570" lon="139.5009870">
    <ele>43.9</ele>
    <time>2023-11-05T00:50:33Z</time>
   </trkpt>
   <trkpt lat="35.5304310" lon="139.5009620">
    <ele>43.8</ele>
    <time>2023-11-05T00:50:34Z</time>
   </trkpt>
   <trkpt lat="35.5304240" lon="139.5009620">
    <ele>43.7</ele>
    <time>2023-11-05T00:50:35Z</time>
   </trkpt>
   <trkpt lat="35.5304060" lon="139.5009660">
    <ele>43.7</ele>
    <time>2023-11-05T00:50:36Z</time>
   </trkpt>
   <trkpt lat="35.5303950" lon="139.5009650">
    <ele>43.6</ele>
    <time>2023-11-05T00:50:37Z</time>
   </trkpt>
   <trkpt lat="35.5303830" lon="139.5009640">
    <ele>43.5</ele>
    <time>2023-11-05T00:50:38Z</time>
   </trkpt>
   <trkpt lat="35.5303500" lon="139.5009580">
    <ele>43.3</ele>
    <time>2023-11-05T00:50:39Z</time>
   </trkpt>
   <trkpt lat="35.5303380" lon="139.5009550">
    <ele>43.2</ele>
    <time>2023-11-05T00:50:40Z</time>
   </trkpt>
   <trkpt lat="35.5303060" lon="139.5009690">
    <ele>43.0</ele>
    <time>2023-11-05T00:50:41Z</time>
   </trkpt>
   <trkpt lat="35.5302950" lon="139.5009700">
    <ele>43.0</ele>
    <time>2023-11-05T00:50:42Z</time>
   </trkpt>
   <trkpt lat="35.5302730" lon="139.5009500">
    <ele>43.2</ele>
    <time>2023-11-05T00:50:43Z</time>
   </trkpt>
   <trkpt lat="35.5302770" lon="139.5009100">
    <ele>43.3</ele>
    <time>2023-11-05T00:50:44Z</time>
   </trkpt>
   <trkpt lat="35.5302660" lon="139.5008720">
    <ele>43.5</ele>
    <time>2023-11-05T00:50:45Z</time>
   </trkpt>
   <trkpt lat="35.5302680" lon="139.5008580">
    <ele>43.5</ele>
    <time>2023-11-05T00:50:46Z</time>
   </trkpt>
   <trkpt lat="35.5302890" lon="139.5008310">
    <ele>43.6</ele>
    <time>2023-11-05T00:50:47Z</time>
   </trkpt>
   <trkpt lat="35.5303030" lon="139.5008000">
    <ele>43.8</ele>
    <time>2023-11-05T00:50:48Z</time>
   </trkpt>
   <trkpt lat="35.5303100" lon="139.5007880">
    <ele>43.8</ele>
    <time>2023-11-05T00:50:49Z</time>
   </trkpt>
   <trkpt lat="35.5303150" lon="139.5007450">
    <ele>44.0</ele>
    <time>2023-11-05T00:50:50Z</time>
   </trkpt>
   <trkpt lat="35.5303170" lon="139.5007300">
    <ele>44.0</ele>
    <time>2023-11-05T00:50:51Z</time>
   </trkpt>
   <trkpt lat="35.5303220" lon="139.5006920">
    <ele>44.2</ele>
    <time>2023-11-05T00:50:52Z</time>
   </trkpt>
   <trkpt lat="35.5303250" lon="139.5006770">
    <ele>44.2</ele>
    <time>2023-11-05T00:50:53Z</time>
   </trkpt>
   <trkpt lat="35.5303270" lon="139.5006290">
    <ele>44.4</ele>
    <time>2023-11-05T00:50:54Z</time>
   </trkpt>
   <trkpt lat="35.5303280" lon="139.5006130">
    <ele>44.4</ele>
    <time>2023-11-05T00:50:55Z</time>
   </trkpt>
   <trkpt lat="35.5302900" lon="139.5006030">
    <ele>45.0</ele>
    <time>2023-11-05T00:50:56Z</time>
   </trkpt>
   <trkpt lat="35.5302730" lon="139.5006030">
    <ele>45.1</ele>
    <time>2023-11-05T00:50:57Z</time>
   </trkpt>
   <trkpt lat="35.5302370" lon="139.5006060">
    <ele>45.3</ele>
    <time>2023-11-05T00:50:58Z</time>
   </trkpt>
   <trkpt lat="35.5302270" lon="139.5006080">
    <ele>45.4</ele>
    <time>2023-11-05T00:50:59Z</time>
   </trkpt>
   <trkpt lat="35.5301910" lon="139.5006100">
    <ele>45.6</ele>
    <time>2023-11-05T00:51:00Z</time>
   </trkpt>
   <trkpt lat="35.5301790" lon="139.5006120">
    <ele>45.6</ele>
    <time>2023-11-05T00:51:01Z</time>
   </trkpt>
   <trkpt lat="35.5301460" lon="139.5006080">
    <ele>45.8</ele>
    <time>2023-11-05T00:51:02Z</time>
   </trkpt>
   <trkpt lat="35.5301350" lon="139.5006020">
    <ele>45.9</ele>
    <time>2023-11-05T00:51:03Z</time>
   </trkpt>
   <trkpt lat="35.5301030" lon="139.5006080">
    <ele>46.1</ele>
    <time>2023-11-05T00:51:04Z</time>
   </trkpt>
   <trkpt lat="35.5300920" lon="139.5006100">
    <ele>46.1</ele>
    <time>2023-11-05T00:51:05Z</time>
   </trkpt>
   <trkpt lat="35.5300650" lon="139.5006250">
    <ele>46.3</ele>
    <time>2023-11-05T00:51:06Z</time>
   </trkpt>
   <trkpt lat="35.5300270" lon="139.5006270">
    <ele>46.5</ele>
    <time>2023-11-05T00:51:07Z</time>
   </trkpt>
   <trkpt lat="35.5300140" lon="139.5006250">
    <ele>46.6</ele>
    <time>2023-11-05T00:51:08Z</time>
   </trkpt>
   <trkpt lat="35.5299770" lon="139.5006350">
    <ele>46.8</ele>
    <time>2023-11-05T00:51:09Z</time>
   </trkpt>
   <trkpt lat="35.5299640" lon="139.5006360">
    <ele>46.8</ele>
    <time>2023-11-05T00:51:10Z</time>
   </trkpt>
   <trkpt lat="35.5299280" lon="139.5006340">
    <ele>47.0</ele>
    <time>2023-11-05T00:51:11Z</time>
   </trkpt>
   <trkpt lat="35.5299160" lon="139.5006350">
    <ele>47.1</ele>
    <time>2023-11-05T00:51:12Z</time>
   </trkpt>
   <trkpt lat="35.5298880" lon="139.5006380">
    <ele>47.3</ele>
    <time>2023-11-05T00:51:13Z</time>
   </trkpt>
   <trkpt lat="35.5298540" lon="139.5006400">
    <ele>47.5</ele>
    <time>2023-11-05T00:51:14Z</time>
   </trkpt>
   <trkpt lat="35.5298430" lon="139.5006390">
    <ele>47.5</ele>
    <time>2023-11-05T00:51:15Z</time>
   </trkpt>
   <trkpt lat="35.5298060" lon="139.5006370">
    <ele>47.7</ele>
    <time>2023-11-05T00:51:16Z</time>
   </trkpt>
   <trkpt lat="35.5297960" lon="139.5006390">
    <ele>47.8</ele>
    <time>2023-11-05T00:51:17Z</time>
   </trkpt>
   <trkpt lat="35.5297660" lon="139.5006380">
    <ele>47.9</ele>
    <time>2023-11-05T00:51:18Z</time>
   </trkpt>
   <trkpt lat="35.5297370" lon="139.5006510">
    <ele>48.1</ele>
    <time>2023-11-05T00:51:19Z</time>
   </trkpt>
   <trkpt lat="35.5297250" lon="139.5006540">
    <ele>48.2</ele>
    <time>2023-11-05T00:51:20Z</time>
   </trkpt>
   <trkpt lat="35.5296920" lon="139.5006440">
    <ele>48.4</ele>
    <time>2023-11-05T00:51:21Z</time>
   </trkpt>
   <trkpt lat="35.5296820" lon="139.5006470">
    <ele>48.4</ele>
    <time>2023-11-05T00:51:22Z</time>
   </trkpt>
   <trkpt lat="35.5296550" lon="139.5006440">
    <ele>48.6</ele>
    <time>2023-11-05T00:51:23Z</time>
   </trkpt>
   <trkpt lat="35.5296240" lon="139.5006530">
    <ele>48.7</ele>
    <time>2023-11-05T00:51:24Z</time>
   </trkpt>
   <trkpt lat="35.5296140" lon="139.5006570">
    <ele>48.8</ele>
    <time>2023-11-05T00:51:25Z</time>
   </trkpt>
   <trkpt lat="35.5295600" lon="139.5006790">
    <ele>48.9</ele>
    <time>2023-11-05T00:51:26Z</time>
   </trkpt>
   <trkpt lat="35.5295240" lon="139.5006890">
    <ele>48.7</ele>
    <time>2023-11-05T00:51:32Z</time>
   </trkpt>
   <trkpt lat="35.5294870" lon="139.5006980">
    <ele>48.5</ele>
    <time>2023-11-05T00:51:33Z</time>
   </trkpt>
   <trkpt lat="35.5294510" lon="139.5007070">
    <ele>48.3</ele>
    <time>2023-11-05T00:51:34Z</time>
   </trkpt>
   <trkpt lat="35.5294190" lon="139.5006980">
    <ele>48.1</ele>
    <time>2023-11-05T00:51:35Z</time>
   </trkpt>
   <trkpt lat="35.5294110" lon="139.5006940">
    <ele>48.0</ele>
    <time>2023-11-05T00:51:36Z</time>
   </trkpt>
   <trkpt lat="35.5293840" lon="139.5006950">
    <ele>47.9</ele>
    <time>2023-11-05T00:51:37Z</time>
   </trkpt>
   <trkpt lat="35.5293540" lon="139.5006810">
    <ele>47.7</ele>
    <time>2023-11-05T00:51:38Z</time>
   </trkpt>
   <trkpt lat="35.5293410" lon="139.5006770">
    <ele>47.6</ele>
    <time>2023-11-05T00:51:39Z</time>
   </trkpt>
   <trkpt lat="35.5293030" lon="139.5006780">
    <ele>47.4</ele>
    <time>2023-11-05T00:51:40Z</time>
   </trkpt>
   <trkpt lat="35.5292900" lon="139.5006750">
    <ele>47.3</ele>
    <time>2023-11-05T00:51:41Z</time>
   </trkpt>
   <trkpt lat="35.5292570" lon="139.5006580">
    <ele>47.1</ele>
    <time>2023-11-05T00:51:42Z</time>
   </trkpt>
   <trkpt lat="35.5292200" lon="139.5006620">
    <ele>46.9</ele>
    <time>2023-11-05T00:51:43Z</time>
   </trkpt>
   <trkpt lat="35.5292050" lon="139.5006730">
    <ele>46.8</ele>
    <time>2023-11-05T00:51:44Z</time>
   </trkpt>
   <trkpt lat="35.5291770" lon="139.5006670">
    <ele>46.7</ele>
    <time>2023-11-05T00:51:45Z</time>
   </trkpt>
   <trkpt lat="35.5291670" lon="139.5006640">
    <ele>46.6</ele>
    <time>2023-11-05T00:51:46Z</time>
   </trkpt>
   <trkpt lat="35.5291400" lon="139.5006460">
    <ele>46.4</ele>
    <time>2023-11-05T00:51:47Z</time>
   </trkpt>
   <trkpt lat="35.5291320" lon="139.5006380">
    <ele>46.4</ele>
    <time>2023-11-05T00:51:48Z</time>
   </trkpt>
   <trkpt lat="35.5291080" lon="139.5006080">
    <ele>46.2</ele>
    <time>2023-11-05T00:51:49Z</time>
   </trkpt>
   <trkpt lat="35.5290980" lon="139.5006030">
    <ele>46.1</ele>
    <time>2023-11-05T00:51:50Z</time>
   </trkpt>
   <trkpt lat="35.5290820" lon="139.5005710">
    <ele>46.0</ele>
    <time>2023-11-05T00:51:51Z</time>
   </trkpt>
   <trkpt lat="35.5290740" lon="139.5005640">
    <ele>45.9</ele>
    <time>2023-11-05T00:51:52Z</time>
   </trkpt>
   <trkpt lat="35.5290510" lon="139.5005290">
    <ele>45.7</ele>
    <time>2023-11-05T00:51:53Z</time>
   </trkpt>
   <trkpt lat="35.5290430" lon="139.5005180">
    <ele>45.6</ele>
    <time>2023-11-05T00:51:54Z</time>
   </trkpt>
   <trkpt lat="35.5290200" lon="139.5004880">
    <ele>45.4</ele>
    <time>2023-11-05T00:51:55Z</time>
   </trkpt>
   <trkpt lat="35.5290150" lon="139.5004800">
    <ele>45.4</ele>
    <time>2023-11-05T00:51:56Z</time>
   </trkpt>
   <trkpt lat="35.5289860" lon="139.5004630">
    <ele>45.2</ele>
    <time>2023-11-05T00:51:57Z</time>
   </trkpt>
   <trkpt lat="35.5289770" lon="139.5004580">
    <ele>45.1</ele>
    <time>2023-11-05T00:51:58Z</time>
   </trkpt>
   <trkpt lat="35.5289650" lon="139.5004260">
    <ele>45.0</ele>
    <time>2023-11-05T00:51:59Z</time>
   </trkpt>
   <trkpt lat="35.5289400" lon="139.5003950">
    <ele>44.8</ele>
    <time>2023-11-05T00:52:00Z</time>
   </trkpt>
   <trkpt lat="35.5289350" lon="139.5003810">
    <ele>44.7</ele>
    <time>2023-11-05T00:52:01Z</time>
   </trkpt>
   <trkpt lat="35.5289140" lon="139.5003520">
    <ele>44.5</ele>
    <time>2023-11-05T00:52:02Z</time>
   </trkpt>
   <trkpt lat="35.5289080" lon="139.5003390">
    <ele>44.5</ele>
    <time>2023-11-05T00:52:03Z</time>
   </trkpt>
   <trkpt lat="35.5288820" lon="139.5003050">
    <ele>44.3</ele>
    <time>2023-11-05T00:52:04Z</time>
   </trkpt>
   <trkpt lat="35.5288720" lon="139.5002950">
    <ele>44.2</ele>
    <time>2023-11-05T00:52:05Z</time>
   </trkpt>
   <trkpt lat="35.5288440" lon="139.5002660">
    <ele>44.0</ele>
    <time>2023-11-05T00:52:06Z</time>
   </trkpt>
   <trkpt lat="35.5288350" lon="139.5002560">
    <ele>43.9</ele>
    <time>2023-11-05T00:52:07Z</time>
   </trkpt>
   <trkpt lat="35.5288060" lon="139.5002260">
    <ele>43.7</ele>
    <time>2023-11-05T00:52:08Z</time>
   </trkpt>
   <trkpt lat="35.5287950" lon="139.5002160">
    <ele>43.6</ele>
    <time>2023-11-05T00:52:09Z</time>
   </trkpt>
   <trkpt lat="35.5287810" lon="139.5001720">
    <ele>43.4</ele>
    <time>2023-11-05T00:52:10Z</time>
   </trkpt>
   <trkpt lat="35.5287850" lon="139.5001520">
    <ele>43.3</ele>
    <time>2023-11-05T00:52:11Z</time>
   </trkpt>
   <trkpt lat="35.5287580" lon="139.5001400">
    <ele>43.1</ele>
    <time>2023-11-05T00:52:12Z</time>
   </trkpt>
   <trkpt lat="35.5287390" lon="139.5001100">
    <ele>43.0</ele>
    <time>2023-11-05T00:52:13Z</time>
   </trkpt>
   <trkpt lat="35.5287320" lon="139.5001010">
    <ele>42.9</ele>
    <time>2023-11-05T00:52:14Z</time>
   </trkpt>
   <trkpt lat="35.5287260" lon="139.5000610">
    <ele>42.7</ele>
    <time>2023-11-05T00:52:15Z</time>
   </trkpt>
   <trkpt lat="35.5287240" lon="139.5000460">
    <ele>42.6</ele>
    <time>2023-11-05T00:52:16Z</time>
   </trkpt>
   <trkpt lat="35.5287050" lon="139.5000100">
    <ele>42.3</ele>
    <time>2023-11-05T00:52:17Z</time>
   </trkpt>
   <trkpt lat="35.5286990" lon="139.4999980">
    <ele>42.2</ele>
    <time>2023-11-05T00:52:18Z</time>
   </trkpt>
   <trkpt lat="35.5286850" lon="139.4999620">
    <ele>42.0</ele>
    <time>2023-11-05T00:52:19Z</time>
   </trkpt>
   <trkpt lat="35.5286800" lon="139.4999510">
    <ele>41.9</ele>
    <time>2023-11-05T00:52:20Z</time>
   </trkpt>
   <trkpt lat="35.5286510" lon="139.4999430">
    <ele>41.1</ele>
    <time>2023-11-05T00:52:21Z</time>
   </trkpt>
   <trkpt lat="35.5286390" lon="139.4999480">
    <ele>40.9</ele>
    <time>2023-11-05T00:52:22Z</time>
   </trkpt>
   <trkpt lat="35.5286180" lon="139.4999790">
    <ele>39.6</ele>
    <time>2023-11-05T00:52:23Z</time>
   </trkpt>
   <trkpt lat="35.5286140" lon="139.4999860">
    <ele>39.4</ele>
    <time>2023-11-05T00:52:24Z</time>
   </trkpt>
   <trkpt lat="35.5285780" lon="139.4999760">
    <ele>39.4</ele>
    <time>2023-11-05T00:52:25Z</time>
   </trkpt>
   <trkpt lat="35.5285660" lon="139.4999660">
    <ele>39.4</ele>
    <time>2023-11-05T00:52:26Z</time>
   </trkpt>
   <trkpt lat="35.5285430" lon="139.4999340">
    <ele>39.4</ele>
    <time>2023-11-05T00:52:27Z</time>
   </trkpt>
   <trkpt lat="35.5285300" lon="139.4998960">
    <ele>39.4</ele>
    <time>2023-11-05T00:52:28Z</time>
   </trkpt>
   <trkpt lat="35.5285140" lon="139.4998550">
    <ele>39.5</ele>
    <time>2023-11-05T00:52:29Z</time>
   </trkpt>
   <trkpt lat="35.5285090" lon="139.4998430">
    <ele>39.5</ele>
    <time>2023-11-05T00:52:30Z</time>
   </trkpt>
   <trkpt lat="35.5284920" lon="139.4997990">
    <ele>39.5</ele>
    <time>2023-11-05T00:52:32Z</time>
   </trkpt>
   <trkpt lat="35.5284880" lon="139.4997810">
    <ele>39.5</ele>
    <time>2023-11-05T00:52:33Z</time>
   </trkpt>
   <trkpt lat="35.5284640" lon="139.4997460">
    <ele>39.5</ele>
    <time>2023-11-05T00:52:34Z</time>
   </trkpt>
   <trkpt lat="35.5284570" lon="139.4997310">
    <ele>39.5</ele>
    <time>2023-11-05T00:52:35Z</time>
   </trkpt>
   <trkpt lat="35.5284420" lon="139.4996940">
    <ele>39.5</ele>
    <time>2023-11-05T00:52:36Z</time>
   </trkpt>
   <trkpt lat="35.5284240" lon="139.4996670">
    <ele>39.5</ele>
    <time>2023-11-05T00:52:37Z</time>
   </trkpt>
   <trkpt lat="35.5284040" lon="139.4996370">
    <ele>39.5</ele>
    <time>2023-11-05T00:52:38Z</time>
   </trkpt>
   <trkpt lat="35.5283940" lon="139.4996280">
    <ele>39.5</ele>
    <time>2023-11-05T00:52:39Z</time>
   </trkpt>
   <trkpt lat="35.5283740" lon="139.4995940">
    <ele>39.5</ele>
    <time>2023-11-05T00:52:40Z</time>
   </trkpt>
   <trkpt lat="35.5283700" lon="139.4995780">
    <ele>39.5</ele>
    <time>2023-11-05T00:52:41Z</time>
   </trkpt>
   <trkpt lat="35.5283530" lon="139.4995510">
    <ele>39.5</ele>
    <time>2023-11-05T00:52:42Z</time>
   </trkpt>
   <trkpt lat="35.5283460" lon="139.4995140">
    <ele>39.5</ele>
    <time>2023-11-05T00:52:43Z</time>
   </trkpt>
   <trkpt lat="35.5283370" lon="139.4994690">
    <ele>39.5</ele>
    <time>2023-11-05T00:52:44Z</time>
   </trkpt>
   <trkpt lat="35.5283330" lon="139.4994520">
    <ele>39.5</ele>
    <time>2023-11-05T00:52:45Z</time>
   </trkpt>
   <trkpt lat="35.5283150" lon="139.4994130">
    <ele>39.5</ele>
    <time>2023-11-05T00:52:46Z</time>
   </trkpt>
   <trkpt lat="35.5283080" lon="139.4994000">
    <ele>39.6</ele>
    <time>2023-11-05T00:52:47Z</time>
   </trkpt>
   <trkpt lat="35.5282850" lon="139.4993650">
    <ele>39.6</ele>
    <time>2023-11-05T00:52:48Z</time>
   </trkpt>
   <trkpt lat="35.5282760" lon="139.4993480">
    <ele>39.6</ele>
    <time>2023-11-05T00:52:49Z</time>
   </trkpt>
   <trkpt lat="35.5282700" lon="139.4993160">
    <ele>39.6</ele>
    <time>2023-11-05T00:52:50Z</time>
   </trkpt>
   <trkpt lat="35.5282590" lon="139.4992840">
    <ele>39.6</ele>
    <time>2023-11-05T00:52:51Z</time>
   </trkpt>
   <trkpt lat="35.5282480" lon="139.4992450">
    <ele>39.6</ele>
    <time>2023-11-05T00:52:52Z</time>
   </trkpt>
   <trkpt lat="35.5282450" lon="139.4992320">
    <ele>39.6</ele>
    <time>2023-11-05T00:52:53Z</time>
   </trkpt>
   <trkpt lat="35.5282270" lon="139.4991960">
    <ele>39.6</ele>
    <time>2023-11-05T00:52:54Z</time>
   </trkpt>
   <trkpt lat="35.5282210" lon="139.4991860">
    <ele>39.6</ele>
    <time>2023-11-05T00:52:55Z</time>
   </trkpt>
   <trkpt lat="35.5282160" lon="139.4991710">
    <ele>39.6</ele>
    <time>2023-11-05T00:52:56Z</time>
   </trkpt>
   <trkpt lat="35.5280910" lon="139.4990590">
    <ele>39.6</ele>
    <time>2023-11-05T00:55:42Z</time>
   </trkpt>
   <trkpt lat="35.5280740" lon="139.4990580">
    <ele>39.6</ele>
    <time>2023-11-05T00:55:43Z</time>
   </trkpt>
   <trkpt lat="35.5280540" lon="139.4990650">
    <ele>39.6</ele>
    <time>2023-11-05T00:55:44Z</time>
   </trkpt>
   <trkpt lat="35.5280390" lon="139.4990600">
    <ele>39.6</ele>
    <time>2023-11-05T00:55:45Z</time>
   </trkpt>
   <trkpt lat="35.5280330" lon="139.4990650">
    <ele>39.6</ele>
    <time>2023-11-05T00:55:46Z</time>
   </trkpt>
   <trkpt lat="35.5280110" lon="139.4990740">
    <ele>39.5</ele>
    <time>2023-11-05T00:55:47Z</time>
   </trkpt>
   <trkpt lat="35.5279900" lon="139.4990830">
    <ele>39.4</ele>
    <time>2023-11-05T00:55:48Z</time>
   </trkpt>
   <trkpt lat="35.5279550" lon="139.4990840">
    <ele>39.2</ele>
    <time>2023-11-05T00:55:49Z</time>
   </trkpt>
   <trkpt lat="35.5279400" lon="139.4990830">
    <ele>39.1</ele>
    <time>2023-11-05T00:55:50Z</time>
   </trkpt>
   <trkpt lat="35.5279290" lon="139.4990630">
    <ele>39.1</ele>
    <time>2023-11-05T00:55:51Z</time>
   </trkpt>
   <trkpt lat="35.5279300" lon="139.4990360">
    <ele>39.1</ele>
    <time>2023-11-05T00:55:52Z</time>
   </trkpt>
   <trkpt lat="35.5279310" lon="139.4990090">
    <ele>39.1</ele>
    <time>2023-11-05T00:55:53Z</time>
   </trkpt>
   <trkpt lat="35.5279120" lon="139.4989720">
    <ele>39.1</ele>
    <time>2023-11-05T00:55:54Z</time>
   </trkpt>
   <trkpt lat="35.5279030" lon="139.4989400">
    <ele>39.1</ele>
    <time>2023-11-05T00:55:55Z</time>
   </trkpt>
   <trkpt lat="35.5278970" lon="139.4989370">
    <ele>39.1</ele>
    <time>2023-11-05T00:55:56Z</time>
   </trkpt>
   <trkpt lat="35.5279000" lon="139.4989560">
    <ele>39.1</ele>
    <time>2023-11-05T00:55:57Z</time>
   </trkpt>
   <trkpt lat="35.5279020" lon="139.4989760">
    <ele>39.1</ele>
    <time>2023-11-05T00:55:58Z</time>
   </trkpt>
   <trkpt lat="35.5279050" lon="139.4989960">
    <ele>39.1</ele>
    <time>2023-11-05T00:55:59Z</time>
   </trkpt>
   <trkpt lat="35.5278910" lon="139.4989640">
    <ele>39.1</ele>
    <time>2023-11-05T00:56:00Z</time>
   </trkpt>
   <trkpt lat="35.5278830" lon="139.4989410">
    <ele>39.1</ele>
    <time>2023-11-05T00:56:01Z</time>
   </trkpt>
   <trkpt lat="35.5278660" lon="139.4988940">
    <ele>39.1</ele>
    <time>2023-11-05T00:56:02Z</time>
   </trkpt>
   <trkpt lat="35.5278510" lon="139.4988510">
    <ele>39.1</ele>
    <time>2023-11-05T00:56:03Z</time>
   </trkpt>
   <trkpt lat="35.5278460" lon="139.4988370">
    <ele>39.1</ele>
    <time>2023-11-05T00:56:04Z</time>
   </trkpt>
   <trkpt lat="35.5278340" lon="139.4987960">
    <ele>39.2</ele>
    <time>2023-11-05T00:56:05Z</time>
   </trkpt>
   <trkpt lat="35.5278320" lon="139.4987810">
    <ele>39.2</ele>
    <time>2023-11-05T00:56:06Z</time>
   </trkpt>
   <trkpt lat="35.5278220" lon="139.4987360">
    <ele>39.2</ele>
    <time>2023-11-05T00:56:07Z</time>
   </trkpt>
   <trkpt lat="35.5278190" lon="139.4987230">
    <ele>39.2</ele>
    <time>2023-11-05T00:56:08Z</time>
   </trkpt>
   <trkpt lat="35.5278070" lon="139.4986910">
    <ele>39.2</ele>
    <time>2023-11-05T00:56:09Z</time>
   </trkpt>
   <trkpt lat="35.5277930" lon="139.4986570">
    <ele>39.1</ele>
    <time>2023-11-05T00:56:10Z</time>
   </trkpt>
   <trkpt lat="35.5277770" lon="139.4986090">
    <ele>39.1</ele>
    <time>2023-11-05T00:56:11Z</time>
   </trkpt>
   <trkpt lat="35.5277690" lon="139.4985870">
    <ele>39.1</ele>
    <time>2023-11-05T00:56:12Z</time>
   </trkpt>
   <trkpt lat="35.5277680" lon="139.4985440">
    <ele>39.1</ele>
    <time>2023-11-05T00:56:13Z</time>
   </trkpt>
   <trkpt lat="35.5277670" lon="139.4985280">
    <ele>39.1</ele>
    <time>2023-11-05T00:56:14Z</time>
   </trkpt>
   <trkpt lat="35.5277560" lon="139.4984880">
    <ele>39.1</ele>
    <time>2023-11-05T00:56:15Z</time>
   </trkpt>
   <trkpt lat="35.5277520" lon="139.4984720">
    <ele>39.1</ele>
    <time>2023-11-05T00:56:16Z</time>
   </trkpt>
   <trkpt lat="35.5277120" lon="139.4984680">
    <ele>39.1</ele>
    <time>2023-11-05T00:56:17Z</time>
   </trkpt>
   <trkpt lat="35.5276960" lon="139.4984750">
    <ele>39.1</ele>
    <time>2023-11-05T00:56:18Z</time>
   </trkpt>
   <trkpt lat="35.5276630" lon="139.4984750">
    <ele>39.1</ele>
    <time>2023-11-05T00:56:19Z</time>
   </trkpt>
   <trkpt lat="35.5276340" lon="139.4984680">
    <ele>39.0</ele>
    <time>2023-11-05T00:56:20Z</time>
   </trkpt>
   <trkpt lat="35.5276070" lon="139.4984680">
    <ele>39.0</ele>
    <time>2023-11-05T00:56:21Z</time>
   </trkpt>
   <trkpt lat="35.5275790" lon="139.4984730">
    <ele>39.0</ele>
    <time>2023-11-05T00:56:22Z</time>
   </trkpt>
   <trkpt lat="35.5275460" lon="139.4984820">
    <ele>38.9</ele>
    <time>2023-11-05T00:56:23Z</time>
   </trkpt>
   <trkpt lat="35.5275340" lon="139.4984830">
    <ele>38.9</ele>
    <time>2023-11-05T00:56:24Z</time>
   </trkpt>
   <trkpt lat="35.5275040" lon="139.4984810">
    <ele>38.9</ele>
    <time>2023-11-05T00:56:25Z</time>
   </trkpt>
   <trkpt lat="35.5274760" lon="139.4984750">
    <ele>38.8</ele>
    <time>2023-11-05T00:56:26Z</time>
   </trkpt>
   <trkpt lat="35.5274410" lon="139.4984640">
    <ele>38.7</ele>
    <time>2023-11-05T00:56:27Z</time>
   </trkpt>
   <trkpt lat="35.5274290" lon="139.4984620">
    <ele>38.7</ele>
    <time>2023-11-05T00:56:28Z</time>
   </trkpt>
   <trkpt lat="35.5273970" lon="139.4984580">
    <ele>38.6</ele>
    <time>2023-11-05T00:56:29Z</time>
   </trkpt>
   <trkpt lat="35.5273860" lon="139.4984480">
    <ele>38.6</ele>
    <time>2023-11-05T00:56:30Z</time>
   </trkpt>
   <trkpt lat="35.5273470" lon="139.4984400">
    <ele>38.5</ele>
    <time>2023-11-05T00:56:31Z</time>
   </trkpt>
   <trkpt lat="35.5273130" lon="139.4984270">
    <ele>38.4</ele>
    <time>2023-11-05T00:56:32Z</time>
   </trkpt>
   <trkpt lat="35.5273010" lon="139.4984220">
    <ele>38.4</ele>
    <time>2023-11-05T00:56:33Z</time>
   </trkpt>
   <trkpt lat="35.5272710" lon="139.4983980">
    <ele>38.3</ele>
    <time>2023-11-05T00:56:34Z</time>
   </trkpt>
   <trkpt lat="35.5272570" lon="139.4983930">
    <ele>38.3</ele>
    <time>2023-11-05T00:56:35Z</time>
   </trkpt>
   <trkpt lat="35.5272260" lon="139.4983870">
    <ele>38.2</ele>
    <time>2023-11-05T00:56:36Z</time>
   </trkpt>
   <trkpt lat="35.5272160" lon="139.4983880">
    <ele>38.1</ele>
    <time>2023-11-05T00:56:37Z</time>
   </trkpt>
   <trkpt lat="35.5272140" lon="139.4983680">
    <ele>38.1</ele>
    <time>2023-11-05T00:56:38Z</time>
   </trkpt>
   <trkpt lat="35.5272120" lon="139.4983440">
    <ele>38.1</ele>
    <time>2023-11-05T00:56:39Z</time>
   </trkpt>
   <trkpt lat="35.5272090" lon="139.4983100">
    <ele>38.0</ele>
    <time>2023-11-05T00:56:40Z</time>
   </trkpt>
   <trkpt lat="35.5272200" lon="139.4982750">
    <ele>38.0</ele>
    <time>2023-11-05T00:56:41Z</time>
   </trkpt>
   <trkpt lat="35.5272200" lon="139.4982400">
    <ele>38.0</ele>
    <time>2023-11-05T00:56:42Z</time>
   </trkpt>
   <trkpt lat="35.5272160" lon="139.4981940">
    <ele>37.9</ele>
    <time>2023-11-05T00:56:43Z</time>
   </trkpt>
   <trkpt lat="35.5272090" lon="139.4981800">
    <ele>37.9</ele>
    <time>2023-11-05T00:56:44Z</time>
   </trkpt>
   <trkpt lat="35.5272020" lon="139.4981450">
    <ele>37.9</ele>
    <time>2023-11-05T00:56:45Z</time>
   </trkpt>
   <trkpt lat="35.5272010" lon="139.4981030">
    <ele>37.9</ele>
    <time>2023-11-05T00:56:46Z</time>
   </trkpt>
   <trkpt lat="35.5272000" lon="139.4980910">
    <ele>37.9</ele>
    <time>2023-11-05T00:56:47Z</time>
   </trkpt>
   <trkpt lat="35.5271930" lon="139.4980470">
    <ele>37.9</ele>
    <time>2023-11-05T00:56:48Z</time>
   </trkpt>
   <trkpt lat="35.5271920" lon="139.4980320">
    <ele>37.9</ele>
    <time>2023-11-05T00:56:49Z</time>
   </trkpt>
   <trkpt lat="35.5271860" lon="139.4979910">
    <ele>37.8</ele>
    <time>2023-11-05T00:56:50Z</time>
   </trkpt>
   <trkpt lat="35.5271790" lon="139.4979740">
    <ele>37.7</ele>
    <time>2023-11-05T00:56:51Z</time>
   </trkpt>
   <trkpt lat="35.5271470" lon="139.4979520">
    <ele>37.4</ele>
    <time>2023-11-05T00:56:52Z</time>
   </trkpt>
   <trkpt lat="35.5271310" lon="139.4979550">
    <ele>37.4</ele>
    <time>2023-11-05T00:56:53Z</time>
   </trkpt>
   <trkpt lat="35.5271000" lon="139.4979790">
    <ele>37.3</ele>
    <time>2023-11-05T00:56:54Z</time>
   </trkpt>
   <trkpt lat="35.5270730" lon="139.4980100">
    <ele>37.2</ele>
    <time>2023-11-05T00:56:55Z</time>
   </trkpt>
   <trkpt lat="35.5270660" lon="139.4980260">
    <ele>37.2</ele>
    <time>2023-11-05T00:56:56Z</time>
   </trkpt>
   <trkpt lat="35.5270770" lon="139.4980780">
    <ele>37.1</ele>
    <time>2023-11-05T00:56:57Z</time>
   </trkpt>
   <trkpt lat="35.5270850" lon="139.4980980">
    <ele>37.0</ele>
    <time>2023-11-05T00:56:58Z</time>
   </trkpt>
   <trkpt lat="35.5271040" lon="139.4981330">
    <ele>36.9</ele>
    <time>2023-11-05T00:56:59Z</time>
   </trkpt>
   <trkpt lat="35.5271170" lon="139.4981650">
    <ele>36.8</ele>
    <time>2023-11-05T00:57:00Z</time>
   </trkpt>
   <trkpt lat="35.5271090" lon="139.4982110">
    <ele>36.7</ele>
    <time>2023-11-05T00:57:01Z</time>
   </trkpt>
   <trkpt lat="35.5271010" lon="139.4982260">
    <ele>36.7</ele>
    <time>2023-11-05T00:57:02Z</time>
   </trkpt>
   <trkpt lat="35.5271090" lon="139.4982750">
    <ele>36.6</ele>
    <time>2023-11-05T00:57:03Z</time>
   </trkpt>
   <trkpt lat="35.5271090" lon="139.4982930">
    <ele>36.6</ele>
    <time>2023-11-05T00:57:04Z</time>
   </trkpt>
   <trkpt lat="35.5271130" lon="139.4983310">
    <ele>36.5</ele>
    <time>2023-11-05T00:57:05Z</time>
   </trkpt>
   <trkpt lat="35.5271120" lon="139.4983740">
    <ele>36.5</ele>
    <time>2023-11-05T00:57:06Z</time>
   </trkpt>
   <trkpt lat="35.5271130" lon="139.4983880">
    <ele>36.5</ele>
    <time>2023-11-05T00:57:07Z</time>
   </trkpt>
   <trkpt lat="35.5271130" lon="139.4984270">
    <ele>36.5</ele>
    <time>2023-11-05T00:57:08Z</time>
   </trkpt>
   <trkpt lat="35.5271120" lon="139.4984440">
    <ele>36.5</ele>
    <time>2023-11-05T00:57:09Z</time>
   </trkpt>
   <trkpt lat="35.5271130" lon="139.4984930">
    <ele>36.5</ele>
    <time>2023-11-05T00:57:10Z</time>
   </trkpt>
   <trkpt lat="35.5271120" lon="139.4985110">
    <ele>36.5</ele>
    <time>2023-11-05T00:57:11Z</time>
   </trkpt>
   <trkpt lat="35.5271080" lon="139.4985580">
    <ele>36.5</ele>
    <time>2023-11-05T00:57:12Z</time>
   </trkpt>
   <trkpt lat="35.5271050" lon="139.4985790">
    <ele>36.5</ele>
    <time>2023-11-05T00:57:13Z</time>
   </trkpt>
   <trkpt lat="35.5271030" lon="139.4986180">
    <ele>36.6</ele>
    <time>2023-11-05T00:57:14Z</time>
   </trkpt>
   <trkpt lat="35.5271050" lon="139.4986300">
    <ele>36.6</ele>
    <time>2023-11-05T00:57:15Z</time>
   </trkpt>
   <trkpt lat="35.5271030" lon="139.4986750">
    <ele>36.7</ele>
    <time>2023-11-05T00:57:16Z</time>
   </trkpt>
   <trkpt lat="35.5271030" lon="139.4986890">
    <ele>36.7</ele>
    <time>2023-11-05T00:57:17Z</time>
   </trkpt>
   <trkpt lat="35.5270910" lon="139.4987380">
    <ele>36.8</ele>
    <time>2023-11-05T00:57:18Z</time>
   </trkpt>
   <trkpt lat="35.5270870" lon="139.4987560">
    <ele>36.8</ele>
    <time>2023-11-05T00:57:19Z</time>
   </trkpt>
   <trkpt lat="35.5270840" lon="139.4987890">
    <ele>36.9</ele>
    <time>2023-11-05T00:57:20Z</time>
   </trkpt>
   <trkpt lat="35.5270900" lon="139.4988220">
    <ele>36.9</ele>
    <time>2023-11-05T00:57:21Z</time>
   </trkpt>
   <trkpt lat="35.5270970" lon="139.4988600">
    <ele>36.9</ele>
    <time>2023-11-05T00:57:22Z</time>
   </trkpt>
   <trkpt lat="35.5270990" lon="139.4988740">
    <ele>36.9</ele>
    <time>2023-11-05T00:57:23Z</time>
   </trkpt>
   <trkpt lat="35.5271050" lon="139.4989110">
    <ele>36.9</ele>
    <time>2023-11-05T00:57:24Z</time>
   </trkpt>
   <trkpt lat="35.5271100" lon="139.4989250">
    <ele>36.9</ele>
    <time>2023-11-05T00:57:25Z</time>
   </trkpt>
   <trkpt lat="35.5271180" lon="139.4989690">
    <ele>37.0</ele>
    <time>2023-11-05T00:57:26Z</time>
   </trkpt>
   <trkpt lat="35.5271150" lon="139.4989840">
    <ele>37.0</ele>
    <time>2023-11-05T00:57:27Z</time>
   </trkpt>
   <trkpt lat="35.5271030" lon="139.4990220">
    <ele>37.0</ele>
    <time>2023-11-05T00:57:28Z</time>
   </trkpt>
   <trkpt lat="35.5271000" lon="139.4990320">
    <ele>37.0</ele>
    <time>2023-11-05T00:57:29Z</time>
   </trkpt>
   <trkpt lat="35.5270710" lon="139.4990570">
    <ele>37.2</ele>
    <time>2023-11-05T00:57:30Z</time>
   </trkpt>
   <trkpt lat="35.5270600" lon="139.4990650">
    <ele>37.3</ele>
    <time>2023-11-05T00:57:31Z</time>
   </trkpt>
   <trkpt lat="35.5270300" lon="139.4990760">
    <ele>37.5</ele>
    <time>2023-11-05T00:57:32Z</time>
   </trkpt>
   <trkpt lat="35.5270210" lon="139.4990820">
    <ele>37.6</ele>
    <time>2023-11-05T00:57:33Z</time>
   </trkpt>
   <trkpt lat="35.5269840" lon="139.4990960">
    <ele>37.8</ele>
    <time>2023-11-05T00:57:34Z</time>
   </trkpt>
   <trkpt lat="35.5269730" lon="139.4991030">
    <ele>37.9</ele>
    <time>2023-11-05T00:57:35Z</time>
   </trkpt>
   <trkpt lat="35.5269420" lon="139.4990930">
    <ele>38.1</ele>
    <time>2023-11-05T00:57:36Z</time>
   </trkpt>
   <trkpt lat="35.5269270" lon="139.4990810">
    <ele>38.3</ele>
    <time>2023-11-05T00:57:37Z</time>
   </trkpt>
   <trkpt lat="35.5269090" lon="139.4990960">
    <ele>38.5</ele>
    <time>2023-11-05T00:57:38Z</time>
   </trkpt>
   <trkpt lat="35.5268710" lon="139.4991040">
    <ele>38.8</ele>
    <time>2023-11-05T00:57:39Z</time>
   </trkpt>
   <trkpt lat="35.5268570" lon="139.4991030">
    <ele>38.9</ele>
    <time>2023-11-05T00:57:40Z</time>
   </trkpt>
   <trkpt lat="35.5268250" lon="139.4991300">
    <ele>39.2</ele>
    <time>2023-11-05T00:57:41Z</time>
   </trkpt>
   <trkpt lat="35.5268150" lon="139.4991390">
    <ele>39.3</ele>
    <time>2023-11-05T00:57:42Z</time>
   </trkpt>
   <trkpt lat="35.5267880" lon="139.4991410">
    <ele>39.6</ele>
    <time>2023-11-05T00:57:43Z</time>
   </trkpt>
   <trkpt lat="35.5267540" lon="139.4991340">
    <ele>39.9</ele>
    <time>2023-11-05T00:57:44Z</time>
   </trkpt>
   <trkpt lat="35.5267410" lon="139.4991360">
    <ele>40.0</ele>
    <time>2023-11-05T00:57:45Z</time>
   </trkpt>
   <trkpt lat="35.5267050" lon="139.4991470">
    <ele>40.3</ele>
    <time>2023-11-05T00:57:46Z</time>
   </trkpt>
   <trkpt lat="35.5266930" lon="139.4991520">
    <ele>40.4</ele>
    <time>2023-11-05T00:57:47Z</time>
   </trkpt>
   <trkpt lat="35.5266610" lon="139.4991610">
    <ele>40.7</ele>
    <time>2023-11-05T00:57:48Z</time>
   </trkpt>
   <trkpt lat="35.5266490" lon="139.4991620">
    <ele>40.8</ele>
    <time>2023-11-05T00:57:49Z</time>
   </trkpt>
   <trkpt lat="35.5266170" lon="139.4991610">
    <ele>41.0</ele>
    <time>2023-11-05T00:57:50Z</time>
   </trkpt>
   <trkpt lat="35.5265900" lon="139.4991680">
    <ele>41.3</ele>
    <time>2023-11-05T00:57:51Z</time>
   </trkpt>
   <trkpt lat="35.5265730" lon="139.4991960">
    <ele>41.3</ele>
    <time>2023-11-05T00:57:52Z</time>
   </trkpt>
   <trkpt lat="35.5265780" lon="139.4992410">
    <ele>41.4</ele>
    <time>2023-11-05T00:57:53Z</time>
   </trkpt>
   <trkpt lat="35.5265890" lon="139.4992830">
    <ele>41.5</ele>
    <time>2023-11-05T00:57:54Z</time>
   </trkpt>
   <trkpt lat="35.5265950" lon="139.4993260">
    <ele>41.5</ele>
    <time>2023-11-05T00:57:55Z</time>
   </trkpt>
   <trkpt lat="35.5265960" lon="139.4993390">
    <ele>41.5</ele>
    <time>2023-11-05T00:57:56Z</time>
   </trkpt>
   <trkpt lat="35.5265970" lon="139.4993850">
    <ele>41.5</ele>
    <time>2023-11-05T00:57:57Z</time>
   </trkpt>
   <trkpt lat="35.5265970" lon="139.4993980">
    <ele>41.5</ele>
    <time>2023-11-05T00:57:58Z</time>
   </trkpt>
   <trkpt lat="35.5265950" lon="139.4994450">
    <ele>41.6</ele>
    <time>2023-11-05T00:57:59Z</time>
   </trkpt>
   <trkpt lat="35.5265910" lon="139.4994590">
    <ele>41.6</ele>
    <time>2023-11-05T00:58:00Z</time>
   </trkpt>
   <trkpt lat="35.5265800" lon="139.4995090">
    <ele>41.7</ele>
    <time>2023-11-05T00:58:01Z</time>
   </trkpt>
   <trkpt lat="35.5265740" lon="139.4995320">
    <ele>41.8</ele>
    <time>2023-11-05T00:58:02Z</time>
   </trkpt>
   <trkpt lat="35.5265710" lon="139.4995740">
    <ele>41.8</ele>
    <time>2023-11-05T00:58:03Z</time>
   </trkpt>
   <trkpt lat="35.5265640" lon="139.4996210">
    <ele>41.9</ele>
    <time>2023-11-05T00:58:04Z</time>
   </trkpt>
   <trkpt lat="35.5265610" lon="139.4996370">
    <ele>41.9</ele>
    <time>2023-11-05T00:58:05Z</time>
   </trkpt>
   <trkpt lat="35.5265430" lon="139.4996830">
    <ele>42.0</ele>
    <time>2023-11-05T00:58:06Z</time>
   </trkpt>
   <trkpt lat="35.5265410" lon="139.4997020">
    <ele>42.0</ele>
    <time>2023-11-05T00:58:07Z</time>
   </trkpt>
   <trkpt lat="35.5265460" lon="139.4997360">
    <ele>42.0</ele>
    <time>2023-11-05T00:58:08Z</time>
   </trkpt>
   <trkpt lat="35.5265530" lon="139.4997700">
    <ele>42.0</ele>
    <time>2023-11-05T00:58:09Z</time>
   </trkpt>
   <trkpt lat="35.5265510" lon="139.4998130">
    <ele>42.0</ele>
    <time>2023-11-05T00:58:10Z</time>
   </trkpt>
   <trkpt lat="35.5265480" lon="139.4998280">
    <ele>42.0</ele>
    <time>2023-11-05T00:58:11Z</time>
   </trkpt>
   <trkpt lat="35.5265450" lon="139.4998610">
    <ele>42.0</ele>
    <time>2023-11-05T00:58:12Z</time>
   </trkpt>
   <trkpt lat="35.5265460" lon="139.4998730">
    <ele>42.0</ele>
    <time>2023-11-05T00:58:13Z</time>
   </trkpt>
   <trkpt lat="35.5265430" lon="139.4999060">
    <ele>42.0</ele>
    <time>2023-11-05T00:58:14Z</time>
   </trkpt>
   <trkpt lat="35.5265370" lon="139.4999290">
    <ele>42.0</ele>
    <time>2023-11-05T00:58:15Z</time>
   </trkpt>
   <trkpt lat="35.5265300" lon="139.4999520">
    <ele>42.0</ele>
    <time>2023-11-05T00:58:31Z</time>
   </trkpt>
   <trkpt lat="35.5265240" lon="139.4999750">
    <ele>42.0</ele>
    <time>2023-11-05T00:58:32Z</time>
   </trkpt>
   <trkpt lat="35.5265170" lon="139.4999970">
    <ele>42.0</ele>
    <time>2023-11-05T00:58:33Z</time>
   </trkpt>
   <trkpt lat="35.5265110" lon="139.5000200">
    <ele>42.0</ele>
    <time>2023-11-05T00:58:34Z</time>
   </trkpt>
   <trkpt lat="35.5265020" lon="139.5000340">
    <ele>42.0</ele>
    <time>2023-11-05T00:58:35Z</time>
   </trkpt>
   <trkpt lat="35.5264910" lon="139.5000460">
    <ele>42.0</ele>
    <time>2023-11-05T00:58:36Z</time>
   </trkpt>
   <trkpt lat="35.5264690" lon="139.5000770">
    <ele>41.9</ele>
    <time>2023-11-05T00:58:37Z</time>
   </trkpt>
   <trkpt lat="35.5264650" lon="139.5000850">
    <ele>41.9</ele>
    <time>2023-11-05T00:58:38Z</time>
   </trkpt>
   <trkpt lat="35.5264460" lon="139.5001110">
    <ele>41.9</ele>
    <time>2023-11-05T00:58:39Z</time>
   </trkpt>
   <trkpt lat="35.5264390" lon="139.5001200">
    <ele>41.9</ele>
    <time>2023-11-05T00:58:40Z</time>
   </trkpt>
   <trkpt lat="35.5264230" lon="139.5001540">
    <ele>41.8</ele>
    <time>2023-11-05T00:58:41Z</time>
   </trkpt>
   <trkpt lat="35.5264170" lon="139.5001620">
    <ele>41.8</ele>
    <time>2023-11-05T00:58:42Z</time>
   </trkpt>
   <trkpt lat="35.5263960" lon="139.5001880">
    <ele>41.8</ele>
    <time>2023-11-05T00:58:43Z</time>
   </trkpt>
   <trkpt lat="35.5263910" lon="139.5001990">
    <ele>41.8</ele>
    <time>2023-11-05T00:58:44Z</time>
   </trkpt>
   <trkpt lat="35.5263780" lon="139.5002330">
    <ele>41.9</ele>
    <time>2023-11-05T00:58:45Z</time>
   </trkpt>
   <trkpt lat="35.5263660" lon="139.5002420">
    <ele>41.9</ele>
    <time>2023-11-05T00:58:46Z</time>
   </trkpt>
   <trkpt lat="35.5263790" lon="139.5002850">
    <ele>41.9</ele>
    <time>2023-11-05T00:58:47Z</time>
   </trkpt>
   <trkpt lat="35.5263900" lon="139.5002980">
    <ele>41.9</ele>
    <time>2023-11-05T00:58:48Z</time>
   </trkpt>
   <trkpt lat="35.5264120" lon="139.5003280">
    <ele>41.8</ele>
    <time>2023-11-05T00:58:49Z</time>
   </trkpt>
   <trkpt lat="35.5264140" lon="139.5003440">
    <ele>41.8</ele>
    <time>2023-11-05T00:58:50Z</time>
   </trkpt>
   <trkpt lat="35.5264200" lon="139.5003900">
    <ele>41.8</ele>
    <time>2023-11-05T00:58:51Z</time>
   </trkpt>
   <trkpt lat="35.5264180" lon="139.5004070">
    <ele>41.7</ele>
    <time>2023-11-05T00:58:52Z</time>
   </trkpt>
   <trkpt lat="35.5264050" lon="139.5004520">
    <ele>41.7</ele>
    <time>2023-11-05T00:58:53Z</time>
   </trkpt>
   <trkpt lat="35.5264040" lon="139.5004680">
    <ele>41.6</ele>
    <time>2023-11-05T00:58:54Z</time>
   </trkpt>
   <trkpt lat="35.5263940" lon="139.5005100">
    <ele>41.7</ele>
    <time>2023-11-05T00:58:55Z</time>
   </trkpt>
   <trkpt lat="35.5263930" lon="139.5005240">
    <ele>41.7</ele>
    <time>2023-11-05T00:58:56Z</time>
   </trkpt>
   <trkpt lat="35.5263890" lon="139.5005580">
    <ele>41.9</ele>
    <time>2023-11-05T00:58:57Z</time>
   </trkpt>
   <trkpt lat="35.5263830" lon="139.5006030">
    <ele>42.2</ele>
    <time>2023-11-05T00:58:58Z</time>
   </trkpt>
   <trkpt lat="35.5263850" lon="139.5006190">
    <ele>42.8</ele>
    <time>2023-11-05T00:58:59Z</time>
   </trkpt>
   <trkpt lat="35.5263760" lon="139.5006590">
    <ele>42.8</ele>
    <time>2023-11-05T00:59:00Z</time>
   </trkpt>
   <trkpt lat="35.5263730" lon="139.5006720">
    <ele>43.5</ele>
    <time>2023-11-05T00:59:01Z</time>
   </trkpt>
   <trkpt lat="35.5263590" lon="139.5007120">
    <ele>44.4</ele>
    <time>2023-11-05T00:59:02Z</time>
   </trkpt>
   <trkpt lat="35.5263540" lon="139.5007260">
    <ele>44.6</ele>
    <time>2023-11-05T00:59:03Z</time>
   </trkpt>
   <trkpt lat="35.5263360" lon="139.5007680">
    <ele>45.5</ele>
    <time>2023-11-05T00:59:04Z</time>
   </trkpt>
   <trkpt lat="35.5263310" lon="139.5007870">
    <ele>45.5</ele>
    <time>2023-11-05T00:59:05Z</time>
   </trkpt>
   <trkpt lat="35.5263100" lon="139.5008150">
    <ele>46.4</ele>
    <time>2023-11-05T00:59:06Z</time>
   </trkpt>
   <trkpt lat="35.5262990" lon="139.5008290">
    <ele>46.4</ele>
    <time>2023-11-05T00:59:07Z</time>
   </trkpt>
   <trkpt lat="35.5263010" lon="139.5008760">
    <ele>48.0</ele>
    <time>2023-11-05T00:59:08Z</time>
   </trkpt>
   <trkpt lat="35.5263040" lon="139.5008950">
    <ele>48.0</ele>
    <time>2023-11-05T00:59:09Z</time>
   </trkpt>
   <trkpt lat="35.5263050" lon="139.5009290">
    <ele>48.7</ele>
    <time>2023-11-05T00:59:10Z</time>
   </trkpt>
   <trkpt lat="35.5263080" lon="139.5009720">
    <ele>49.4</ele>
    <time>2023-11-05T00:59:11Z</time>
   </trkpt>
   <trkpt lat="35.5263080" lon="139.5009880">
    <ele>49.4</ele>
    <time>2023-11-05T00:59:12Z</time>
   </trkpt>
   <trkpt lat="35.5262940" lon="139.5010330">
    <ele>50.1</ele>
    <time>2023-11-05T00:59:13Z</time>
   </trkpt>
   <trkpt lat="35.5262910" lon="139.5010500">
    <ele>50.7</ele>
    <time>2023-11-05T00:59:14Z</time>
   </trkpt>
   <trkpt lat="35.5262770" lon="139.5010840">
    <ele>50.8</ele>
    <time>2023-11-05T00:59:15Z</time>
   </trkpt>
   <trkpt lat="35.5262650" lon="139.5011200">
    <ele>51.4</ele>
    <time>2023-11-05T00:59:16Z</time>
   </trkpt>
   <trkpt lat="35.5262660" lon="139.5011380">
    <ele>51.9</ele>
    <time>2023-11-05T00:59:17Z</time>
   </trkpt>
   <trkpt lat="35.5262940" lon="139.5011580">
    <ele>51.6</ele>
    <time>2023-11-05T00:59:18Z</time>
   </trkpt>
   <trkpt lat="35.5263270" lon="139.5011710">
    <ele>51.3</ele>
    <time>2023-11-05T00:59:19Z</time>
   </trkpt>
   <trkpt lat="35.5263350" lon="139.5011770">
    <ele>51.8</ele>
    <time>2023-11-05T00:59:20Z</time>
   </trkpt>
   <trkpt lat="35.5263460" lon="139.5011910">
    <ele>51.8</ele>
    <time>2023-11-05T00:59:21Z</time>
   </trkpt>
   <trkpt lat="35.5263490" lon="139.5012130">
    <ele>51.8</ele>
    <time>2023-11-05T00:59:22Z</time>
   </trkpt>
   <trkpt lat="35.5263440" lon="139.5012280">
    <ele>52.2</ele>
    <time>2023-11-05T00:59:23Z</time>
   </trkpt>
   <trkpt lat="35.5263460" lon="139.5012270">
    <ele>52.2</ele>
    <time>2023-11-05T00:59:24Z</time>
   </trkpt>
   <trkpt lat="35.5263520" lon="139.5012460">
    <ele>52.2</ele>
    <time>2023-11-05T00:59:25Z</time>
   </trkpt>
   <trkpt lat="35.5263750" lon="139.5012720">
    <ele>52.3</ele>
    <time>2023-11-05T00:59:26Z</time>
   </trkpt>
   <trkpt lat="35.5263840" lon="139.5012830">
    <ele>52.3</ele>
    <time>2023-11-05T00:59:27Z</time>
   </trkpt>
   <trkpt lat="35.5264030" lon="139.5013130">
    <ele>52.2</ele>
    <time>2023-11-05T00:59:28Z</time>
   </trkpt>
   <trkpt lat="35.5264080" lon="139.5013230">
    <ele>52.2</ele>
    <time>2023-11-05T00:59:29Z</time>
   </trkpt>
   <trkpt lat="35.5264270" lon="139.5013550">
    <ele>52.4</ele>
    <time>2023-11-05T00:59:30Z</time>
   </trkpt>
   <trkpt lat="35.5264350" lon="139.5013640">
    <ele>52.1</ele>
    <time>2023-11-05T00:59:31Z</time>
   </trkpt>
   <trkpt lat="35.5264590" lon="139.5013840">
    <ele>52.1</ele>
    <time>2023-11-05T00:59:32Z</time>
   </trkpt>
   <trkpt lat="35.5264660" lon="139.5013910">
    <ele>51.9</ele>
    <time>2023-11-05T00:59:33Z</time>
   </trkpt>
   <trkpt lat="35.5264980" lon="139.5013860">
    <ele>51.7</ele>
    <time>2023-11-05T00:59:34Z</time>
   </trkpt>
   <trkpt lat="35.5265230" lon="139.5013990">
    <ele>51.7</ele>
    <time>2023-11-05T00:59:35Z</time>
   </trkpt>
   <trkpt lat="35.5265570" lon="139.5014170">
    <ele>51.5</ele>
    <time>2023-11-05T00:59:36Z</time>
   </trkpt>
   <trkpt lat="35.5265700" lon="139.5014230">
    <ele>51.4</ele>
    <time>2023-11-05T00:59:37Z</time>
   </trkpt>
   <trkpt lat="35.5265940" lon="139.5014320">
    <ele>51.4</ele>
    <time>2023-11-05T00:59:38Z</time>
   </trkpt>
   <trkpt lat="35.5266060" lon="139.5014140">
    <ele>51.4</ele>
    <time>2023-11-05T00:59:39Z</time>
   </trkpt>
   <trkpt lat="35.5266580" lon="139.5013500">
    <ele>51.2</ele>
    <time>2023-11-05T00:59:49Z</time>
   </trkpt>
   <trkpt lat="35.5266690" lon="139.5013120">
    <ele>50.9</ele>
    <time>2023-11-05T00:59:50Z</time>
   </trkpt>
   <trkpt lat="35.5266630" lon="139.5012800">
    <ele>50.6</ele>
    <time>2023-11-05T00:59:51Z</time>
   </trkpt>
   <trkpt lat="35.5266800" lon="139.5012480">
    <ele>50.4</ele>
    <time>2023-11-05T00:59:52Z</time>
   </trkpt>
   <trkpt lat="35.5266710" lon="139.5012140">
    <ele>50.0</ele>
    <time>2023-11-05T00:59:53Z</time>
   </trkpt>
   <trkpt lat="35.5266700" lon="139.5012030">
    <ele>50.0</ele>
    <time>2023-11-05T00:59:54Z</time>
   </trkpt>
   <trkpt lat="35.5266640" lon="139.5011640">
    <ele>49.6</ele>
    <time>2023-11-05T00:59:55Z</time>
   </trkpt>
   <trkpt lat="35.5266680" lon="139.5011480">
    <ele>49.6</ele>
    <time>2023-11-05T00:59:56Z</time>
   </trkpt>
   <trkpt lat="35.5266750" lon="139.5011030">
    <ele>49.2</ele>
    <time>2023-11-05T00:59:57Z</time>
   </trkpt>
   <trkpt lat="35.5266790" lon="139.5010870">
    <ele>48.6</ele>
    <time>2023-11-05T00:59:58Z</time>
   </trkpt>
   <trkpt lat="35.5266980" lon="139.5010610">
    <ele>48.5</ele>
    <time>2023-11-05T00:59:59Z</time>
   </trkpt>
   <trkpt lat="35.5267040" lon="139.5010250">
    <ele>47.7</ele>
    <time>2023-11-05T01:00:00Z</time>
   </trkpt>
   <trkpt lat="35.5267110" lon="139.5010100">
    <ele>47.6</ele>
    <time>2023-11-05T01:00:01Z</time>
   </trkpt>
   <trkpt lat="35.5267240" lon="139.5009770">
    <ele>46.6</ele>
    <time>2023-11-05T01:00:02Z</time>
   </trkpt>
   <trkpt lat="35.5267310" lon="139.5009690">
    <ele>46.6</ele>
    <time>2023-11-05T01:00:03Z</time>
   </trkpt>
   <trkpt lat="35.5267690" lon="139.5009640">
    <ele>46.4</ele>
    <time>2023-11-05T01:00:04Z</time>
   </trkpt>
   <trkpt lat="35.5267940" lon="139.5009500">
    <ele>44.9</ele>
    <time>2023-11-05T01:00:05Z</time>
   </trkpt>
   <trkpt lat="35.5268040" lon="139.5009480">
    <ele>44.9</ele>
    <time>2023-11-05T01:00:06Z</time>
   </trkpt>
   <trkpt lat="35.5268380" lon="139.5009540">
    <ele>44.6</ele>
    <time>2023-11-05T01:00:07Z</time>
   </trkpt>
   <trkpt lat="35.5268480" lon="139.5009590">
    <ele>44.2</ele>
    <time>2023-11-05T01:00:08Z</time>
   </trkpt>
   <trkpt lat="35.5268790" lon="139.5009700">
    <ele>45.2</ele>
    <time>2023-11-05T01:00:09Z</time>
   </trkpt>
   <trkpt lat="35.5268900" lon="139.5009700">
    <ele>44.8</ele>
    <time>2023-11-05T01:00:10Z</time>
   </trkpt>
   <trkpt lat="35.5269030" lon="139.5010020">
    <ele>45.1</ele>
    <time>2023-11-05T01:00:11Z</time>
   </trkpt>
   <trkpt lat="35.5269060" lon="139.5010200">
    <ele>45.3</ele>
    <time>2023-11-05T01:00:12Z</time>
   </trkpt>
   <trkpt lat="35.5269020" lon="139.5010580">
    <ele>45.6</ele>
    <time>2023-11-05T01:00:13Z</time>
   </trkpt>
   <trkpt lat="35.5268980" lon="139.5010680">
    <ele>45.7</ele>
    <time>2023-11-05T01:00:14Z</time>
   </trkpt>
   <trkpt lat="35.5268940" lon="139.5011020">
    <ele>46.1</ele>
    <time>2023-11-05T01:00:15Z</time>
   </trkpt>
   <trkpt lat="35.5268990" lon="139.5011460">
    <ele>46.5</ele>
    <time>2023-11-05T01:00:16Z</time>
   </trkpt>
   <trkpt lat="35.5269010" lon="139.5011590">
    <ele>46.6</ele>
    <time>2023-11-05T01:00:17Z</time>
   </trkpt>
   <trkpt lat="35.5269110" lon="139.5011960">
    <ele>46.9</ele>
    <time>2023-11-05T01:00:18Z</time>
   </trkpt>
   <trkpt lat="35.5269130" lon="139.5012110">
    <ele>47.1</ele>
    <time>2023-11-05T01:00:19Z</time>
   </trkpt>
   <trkpt lat="35.5269250" lon="139.5012550">
    <ele>47.5</ele>
    <time>2023-11-05T01:00:20Z</time>
   </trkpt>
   <trkpt lat="35.5269330" lon="139.5012660">
    <ele>47.6</ele>
    <time>2023-11-05T01:00:21Z</time>
   </trkpt>
   <trkpt lat="35.5269520" lon="139.5013010">
    <ele>48.0</ele>
    <time>2023-11-05T01:00:22Z</time>
   </trkpt>
   <trkpt lat="35.5269590" lon="139.5013080">
    <ele>48.1</ele>
    <time>2023-11-05T01:00:23Z</time>
   </trkpt>
   <trkpt lat="35.5269780" lon="139.5013390">
    <ele>48.5</ele>
    <time>2023-11-05T01:00:24Z</time>
   </trkpt>
   <trkpt lat="35.5269790" lon="139.5013560">
    <ele>48.7</ele>
    <time>2023-11-05T01:00:25Z</time>
   </trkpt>
   <trkpt lat="35.5270020" lon="139.5013970">
    <ele>49.2</ele>
    <time>2023-11-05T01:00:26Z</time>
   </trkpt>
   <trkpt lat="35.5270120" lon="139.5014090">
    <ele>49.3</ele>
    <time>2023-11-05T01:00:27Z</time>
   </trkpt>
   <trkpt lat="35.5270330" lon="139.5014370">
    <ele>49.7</ele>
    <time>2023-11-05T01:00:28Z</time>
   </trkpt>
   <trkpt lat="35.5270410" lon="139.5014480">
    <ele>49.8</ele>
    <time>2023-11-05T01:00:29Z</time>
   </trkpt>
   <trkpt lat="35.5270550" lon="139.5014790">
    <ele>50.2</ele>
    <time>2023-11-05T01:00:30Z</time>
   </trkpt>
   <trkpt lat="35.5270730" lon="139.5015100">
    <ele>50.5</ele>
    <time>2023-11-05T01:00:31Z</time>
   </trkpt>
   <trkpt lat="35.5270760" lon="139.5015230">
    <ele>50.6</ele>
    <time>2023-11-05T01:00:32Z</time>
   </trkpt>
   <trkpt lat="35.5271010" lon="139.5015590">
    <ele>51.1</ele>
    <time>2023-11-05T01:00:33Z</time>
   </trkpt>
   <trkpt lat="35.5271120" lon="139.5015700">
    <ele>51.2</ele>
    <time>2023-11-05T01:00:34Z</time>
   </trkpt>
   <trkpt lat="35.5271300" lon="139.5015990">
    <ele>51.5</ele>
    <time>2023-11-05T01:00:35Z</time>
   </trkpt>
   <trkpt lat="35.5271400" lon="139.5016100">
    <ele>51.7</ele>
    <time>2023-11-05T01:00:36Z</time>
   </trkpt>
   <trkpt lat="35.5271490" lon="139.5016520">
    <ele>52.0</ele>
    <time>2023-11-05T01:00:37Z</time>
   </trkpt>
   <trkpt lat="35.5271530" lon="139.5016650">
    <ele>52.1</ele>
    <time>2023-11-05T01:00:38Z</time>
   </trkpt>
   <trkpt lat="35.5271810" lon="139.5016930">
    <ele>52.5</ele>
    <time>2023-11-05T01:00:39Z</time>
   </trkpt>
   <trkpt lat="35.5271880" lon="139.5017020">
    <ele>52.6</ele>
    <time>2023-11-05T01:00:40Z</time>
   </trkpt>
   <trkpt lat="35.5271920" lon="139.5017390">
    <ele>52.9</ele>
    <time>2023-11-05T01:00:41Z</time>
   </trkpt>
   <trkpt lat="35.5271930" lon="139.5017480">
    <ele>53.0</ele>
    <time>2023-11-05T01:00:42Z</time>
   </trkpt>
   <trkpt lat="35.5271900" lon="139.5017840">
    <ele>53.3</ele>
    <time>2023-11-05T01:00:43Z</time>
   </trkpt>
   <trkpt lat="35.5271920" lon="139.5017970">
    <ele>53.4</ele>
    <time>2023-11-05T01:00:44Z</time>
   </trkpt>
   <trkpt lat="35.5271640" lon="139.5018250">
    <ele>53.8</ele>
    <time>2023-11-05T01:00:45Z</time>
   </trkpt>
   <trkpt lat="35.5271530" lon="139.5018320">
    <ele>53.9</ele>
    <time>2023-11-05T01:00:46Z</time>
   </trkpt>
   <trkpt lat="35.5271220" lon="139.5018410">
    <ele>54.2</ele>
    <time>2023-11-05T01:00:47Z</time>
   </trkpt>
   <trkpt lat="35.5270870" lon="139.5018530">
    <ele>54.5</ele>
    <time>2023-11-05T01:00:48Z</time>
   </trkpt>
   <trkpt lat="35.5270760" lon="139.5018550">
    <ele>54.6</ele>
    <time>2023-11-05T01:00:49Z</time>
   </trkpt>
   <trkpt lat="35.5270530" lon="139.5018770">
    <ele>54.9</ele>
    <time>2023-11-05T01:00:50Z</time>
   </trkpt>
   <trkpt lat="35.5270360" lon="139.5019080">
    <ele>55.3</ele>
    <time>2023-11-05T01:00:51Z</time>
   </trkpt>
   <trkpt lat="35.5270150" lon="139.5019310">
    <ele>55.6</ele>
    <time>2023-11-05T01:00:52Z</time>
   </trkpt>
   <trkpt lat="35.5270080" lon="139.5019370">
    <ele>55.7</ele>
    <time>2023-11-05T01:00:53Z</time>
   </trkpt>
   <trkpt lat="35.5269770" lon="139.5019680">
    <ele>56.2</ele>
    <time>2023-11-05T01:00:55Z</time>
   </trkpt>
   <trkpt lat="35.5269660" lon="139.5019810">
    <ele>56.4</ele>
    <time>2023-11-05T01:00:56Z</time>
   </trkpt>
   <trkpt lat="35.5269410" lon="139.5020040">
    <ele>56.8</ele>
    <time>2023-11-05T01:00:57Z</time>
   </trkpt>
   <trkpt lat="35.5269120" lon="139.5020340">
    <ele>57.3</ele>
    <time>2023-11-05T01:00:58Z</time>
   </trkpt>
   <trkpt lat="35.5269040" lon="139.5020460">
    <ele>57.4</ele>
    <time>2023-11-05T01:00:59Z</time>
   </trkpt>
   <trkpt lat="35.5268780" lon="139.5020680">
    <ele>57.9</ele>
    <time>2023-11-05T01:01:00Z</time>
   </trkpt>
   <trkpt lat="35.5268670" lon="139.5020720">
    <ele>58.0</ele>
    <time>2023-11-05T01:01:01Z</time>
   </trkpt>
   <trkpt lat="35.5268360" lon="139.5020590">
    <ele>57.9</ele>
    <time>2023-11-05T01:01:02Z</time>
   </trkpt>
   <trkpt lat="35.5268280" lon="139.5020530">
    <ele>57.9</ele>
    <time>2023-11-05T01:01:03Z</time>
   </trkpt>
   <trkpt lat="35.5268100" lon="139.5020140">
    <ele>57.7</ele>
    <time>2023-11-05T01:01:04Z</time>
   </trkpt>
   <trkpt lat="35.5268050" lon="139.5019950">
    <ele>57.6</ele>
    <time>2023-11-05T01:01:05Z</time>
   </trkpt>
   <trkpt lat="35.5267920" lon="139.5019610">
    <ele>57.4</ele>
    <time>2023-11-05T01:01:06Z</time>
   </trkpt>
   <trkpt lat="35.5267850" lon="139.5019510">
    <ele>57.4</ele>
    <time>2023-11-05T01:01:07Z</time>
   </trkpt>
   <trkpt lat="35.5267780" lon="139.5019380">
    <ele>57.3</ele>
    <time>2023-11-05T01:01:08Z</time>
   </trkpt>
   <trkpt lat="35.5267760" lon="139.5019180">
    <ele>57.2</ele>
    <time>2023-11-05T01:01:09Z</time>
   </trkpt>
   <trkpt lat="35.5268440" lon="139.5020640">
    <ele>57.8</ele>
    <time>2023-11-05T01:01:19Z</time>
   </trkpt>
   <trkpt lat="35.5268440" lon="139.5020870">
    <ele>58.0</ele>
    <time>2023-11-05T01:01:20Z</time>
   </trkpt>
   <trkpt lat="35.5268440" lon="139.5021090">
    <ele>58.2</ele>
    <time>2023-11-05T01:01:21Z</time>
   </trkpt>
   <trkpt lat="35.5268330" lon="139.5021320">
    <ele>58.4</ele>
    <time>2023-11-05T01:01:22Z</time>
   </trkpt>
   <trkpt lat="35.5268230" lon="139.5021320">
    <ele>58.4</ele>
    <time>2023-11-05T01:01:23Z</time>
   </trkpt>
   <trkpt lat="35.5267910" lon="139.5021620">
    <ele>58.7</ele>
    <time>2023-11-05T01:01:24Z</time>
   </trkpt>
   <trkpt lat="35.5267710" lon="139.5021770">
    <ele>58.9</ele>
    <time>2023-11-05T01:01:25Z</time>
   </trkpt>
   <trkpt lat="35.5267460" lon="139.5021750">
    <ele>59.0</ele>
    <time>2023-11-05T01:01:26Z</time>
   </trkpt>
   <trkpt lat="35.5267370" lon="139.5021780">
    <ele>59.1</ele>
    <time>2023-11-05T01:01:27Z</time>
   </trkpt>
   <trkpt lat="35.5267240" lon="139.5022080">
    <ele>59.2</ele>
    <time>2023-11-05T01:01:28Z</time>
   </trkpt>
   <trkpt lat="35.5267020" lon="139.5022310">
    <ele>59.4</ele>
    <time>2023-11-05T01:01:29Z</time>
   </trkpt>
   <trkpt lat="35.5266910" lon="139.5022360">
    <ele>59.4</ele>
    <time>2023-11-05T01:01:30Z</time>
   </trkpt>
   <trkpt lat="35.5266620" lon="139.5022440">
    <ele>59.5</ele>
    <time>2023-11-05T01:01:31Z</time>
   </trkpt>
   <trkpt lat="35.5266340" lon="139.5022730">
    <ele>59.7</ele>
    <time>2023-11-05T01:01:32Z</time>
   </trkpt>
   <trkpt lat="35.5266260" lon="139.5022820">
    <ele>59.7</ele>
    <time>2023-11-05T01:01:33Z</time>
   </trkpt>
   <trkpt lat="35.5265950" lon="139.5023070">
    <ele>59.8</ele>
    <time>2023-11-05T01:01:34Z</time>
   </trkpt>
   <trkpt lat="35.5265850" lon="139.5023180">
    <ele>59.9</ele>
    <time>2023-11-05T01:01:35Z</time>
   </trkpt>
   <trkpt lat="35.5265570" lon="139.5023480">
    <ele>60.0</ele>
    <time>2023-11-05T01:01:36Z</time>
   </trkpt>
   <trkpt lat="35.5265470" lon="139.5023550">
    <ele>60.0</ele>
    <time>2023-11-05T01:01:37Z</time>
   </trkpt>
   <trkpt lat="35.5265190" lon="139.5023900">
    <ele>60.2</ele>
    <time>2023-11-05T01:01:38Z</time>
   </trkpt>
   <trkpt lat="35.5265050" lon="139.5024070">
    <ele>60.4</ele>
    <time>2023-11-05T01:01:39Z</time>
   </trkpt>
   <trkpt lat="35.5264860" lon="139.5024240">
    <ele>60.5</ele>
    <time>2023-11-05T01:01:40Z</time>
   </trkpt>
   <trkpt lat="35.5264580" lon="139.5024480">
    <ele>60.7</ele>
    <time>2023-11-05T01:01:41Z</time>
   </trkpt>
   <trkpt lat="35.5264470" lon="139.5024550">
    <ele>60.8</ele>
    <time>2023-11-05T01:01:42Z</time>
   </trkpt>
   <trkpt lat="35.5264200" lon="139.5024670">
    <ele>60.9</ele>
    <time>2023-11-05T01:01:43Z</time>
   </trkpt>
   <trkpt lat="35.5264090" lon="139.5024720">
    <ele>61.0</ele>
    <time>2023-11-05T01:01:44Z</time>
   </trkpt>
   <trkpt lat="35.5263850" lon="139.5024960">
    <ele>61.2</ele>
    <time>2023-11-05T01:01:45Z</time>
   </trkpt>
   <trkpt lat="35.5263780" lon="139.5025070">
    <ele>61.2</ele>
    <time>2023-11-05T01:01:46Z</time>
   </trkpt>
   <trkpt lat="35.5263530" lon="139.5025230">
    <ele>61.4</ele>
    <time>2023-11-05T01:01:47Z</time>
   </trkpt>
   <trkpt lat="35.5263450" lon="139.5025280">
    <ele>61.4</ele>
    <time>2023-11-05T01:01:48Z</time>
   </trkpt>
   <trkpt lat="35.5263210" lon="139.5025530">
    <ele>61.6</ele>
    <time>2023-11-05T01:01:49Z</time>
   </trkpt>
   <trkpt lat="35.5263130" lon="139.5025620">
    <ele>61.6</ele>
    <time>2023-11-05T01:01:50Z</time>
   </trkpt>
   <trkpt lat="35.5262900" lon="139.5025880">
    <ele>61.8</ele>
    <time>2023-11-05T01:01:51Z</time>
   </trkpt>
   <trkpt lat="35.5262830" lon="139.5025980">
    <ele>61.8</ele>
    <time>2023-11-05T01:01:52Z</time>
   </trkpt>
   <trkpt lat="35.5262600" lon="139.5026210">
    <ele>61.9</ele>
    <time>2023-11-05T01:01:53Z</time>
   </trkpt>
   <trkpt lat="35.5262530" lon="139.5026300">
    <ele>61.9</ele>
    <time>2023-11-05T01:01:54Z</time>
   </trkpt>
   <trkpt lat="35.5262260" lon="139.5026550">
    <ele>62.0</ele>
    <time>2023-11-05T01:01:55Z</time>
   </trkpt>
   <trkpt lat="35.5262180" lon="139.5026640">
    <ele>62.1</ele>
    <time>2023-11-05T01:01:56Z</time>
   </trkpt>
   <trkpt lat="35.5261930" lon="139.5026960">
    <ele>62.1</ele>
    <time>2023-11-05T01:01:57Z</time>
   </trkpt>
   <trkpt lat="35.5261850" lon="139.5027060">
    <ele>62.2</ele>
    <time>2023-11-05T01:01:58Z</time>
   </trkpt>
   <trkpt lat="35.5261590" lon="139.5027350">
    <ele>62.3</ele>
    <time>2023-11-05T01:01:59Z</time>
   </trkpt>
   <trkpt lat="35.5261500" lon="139.5027430">
    <ele>62.3</ele>
    <time>2023-11-05T01:02:00Z</time>
   </trkpt>
   <trkpt lat="35.5261190" lon="139.5027660">
    <ele>62.4</ele>
    <time>2023-11-05T01:02:01Z</time>
   </trkpt>
   <trkpt lat="35.5261070" lon="139.5027750">
    <ele>62.4</ele>
    <time>2023-11-05T01:02:02Z</time>
   </trkpt>
   <trkpt lat="35.5260820" lon="139.5027950">
    <ele>62.4</ele>
    <time>2023-11-05T01:02:03Z</time>
   </trkpt>
   <trkpt lat="35.5260520" lon="139.5028170">
    <ele>62.5</ele>
    <time>2023-11-05T01:02:04Z</time>
   </trkpt>
   <trkpt lat="35.5260420" lon="139.5028250">
    <ele>62.5</ele>
    <time>2023-11-05T01:02:05Z</time>
   </trkpt>
   <trkpt lat="35.5260170" lon="139.5028480">
    <ele>62.5</ele>
    <time>2023-11-05T01:02:06Z</time>
   </trkpt>
   <trkpt lat="35.5260080" lon="139.5028560">
    <ele>62.5</ele>
    <time>2023-11-05T01:02:07Z</time>
   </trkpt>
   <trkpt lat="35.5259810" lon="139.5028830">
    <ele>62.4</ele>
    <time>2023-11-05T01:02:08Z</time>
   </trkpt>
   <trkpt lat="35.5259520" lon="139.5029100">
    <ele>62.3</ele>
    <time>2023-11-05T01:02:09Z</time>
   </trkpt>
   <trkpt lat="35.5259450" lon="139.5029240">
    <ele>62.2</ele>
    <time>2023-11-05T01:02:10Z</time>
   </trkpt>
   <trkpt lat="35.5259160" lon="139.5029440">
    <ele>62.1</ele>
    <time>2023-11-05T01:02:11Z</time>
   </trkpt>
   <trkpt lat="35.5259070" lon="139.5029530">
    <ele>62.1</ele>
    <time>2023-11-05T01:02:12Z</time>
   </trkpt>
   <trkpt lat="35.5258800" lon="139.5029730">
    <ele>61.9</ele>
    <time>2023-11-05T01:02:13Z</time>
   </trkpt>
   <trkpt lat="35.5258720" lon="139.5029790">
    <ele>61.9</ele>
    <time>2023-11-05T01:02:14Z</time>
   </trkpt>
   <trkpt lat="35.5258260" lon="139.5029320">
    <ele>61.4</ele>
    <time>2023-11-05T01:02:15Z</time>
   </trkpt>
   <trkpt lat="35.5257950" lon="139.5028880">
    <ele>61.2</ele>
    <time>2023-11-05T01:02:23Z</time>
   </trkpt>
   <trkpt lat="35.5257630" lon="139.5028450">
    <ele>60.9</ele>
    <time>2023-11-05T01:02:24Z</time>
   </trkpt>
   <trkpt lat="35.5257490" lon="139.5028080">
    <ele>60.8</ele>
    <time>2023-11-05T01:02:25Z</time>
   </trkpt>
   <trkpt lat="35.5257430" lon="139.5027990">
    <ele>60.7</ele>
    <time>2023-11-05T01:02:26Z</time>
   </trkpt>
   <trkpt lat="35.5257230" lon="139.5027760">
    <ele>60.6</ele>
    <time>2023-11-05T01:02:27Z</time>
   </trkpt>
   <trkpt lat="35.5257100" lon="139.5027460">
    <ele>60.5</ele>
    <time>2023-11-05T01:02:28Z</time>
   </trkpt>
   <trkpt lat="35.5256880" lon="139.5027140">
    <ele>60.3</ele>
    <time>2023-11-05T01:02:29Z</time>
   </trkpt>
   <trkpt lat="35.5256810" lon="139.5027010">
    <ele>60.3</ele>
    <time>2023-11-05T01:02:30Z</time>
   </trkpt>
   <trkpt lat="35.5256610" lon="139.5026730">
    <ele>60.2</ele>
    <time>2023-11-05T01:02:31Z</time>
   </trkpt>
   <trkpt lat="35.5256400" lon="139.5026440">
    <ele>60.0</ele>
    <time>2023-11-05T01:02:32Z</time>
   </trkpt>
   <trkpt lat="35.5256350" lon="139.5026320">
    <ele>60.0</ele>
    <time>2023-11-05T01:02:33Z</time>
   </trkpt>
   <trkpt lat="35.5256290" lon="139.5025950">
    <ele>59.9</ele>
    <time>2023-11-05T01:02:34Z</time>
   </trkpt>
   <trkpt lat="35.5256080" lon="139.5025510">
    <ele>59.9</ele>
    <time>2023-11-05T01:02:35Z</time>
   </trkpt>
   <trkpt lat="35.5256020" lon="139.5025360">
    <ele>59.9</ele>
    <time>2023-11-05T01:02:36Z</time>
   </trkpt>
   <trkpt lat="35.5255820" lon="139.5025010">
    <ele>59.9</ele>
    <time>2023-11-05T01:02:37Z</time>
   </trkpt>
   <trkpt lat="35.5255750" lon="139.5024910">
    <ele>59.9</ele>
    <time>2023-11-05T01:02:38Z</time>
   </trkpt>
   <trkpt lat="35.5255550" lon="139.5024610">
    <ele>59.9</ele>
    <time>2023-11-05T01:02:39Z</time>
   </trkpt>
   <trkpt lat="35.5255350" lon="139.5024240">
    <ele>59.9</ele>
    <time>2023-11-05T01:02:40Z</time>
   </trkpt>
   <trkpt lat="35.5255270" lon="139.5024080">
    <ele>59.9</ele>
    <time>2023-11-05T01:02:41Z</time>
   </trkpt>
   <trkpt lat="35.5255100" lon="139.5023750">
    <ele>59.9</ele>
    <time>2023-11-05T01:02:42Z</time>
   </trkpt>
   <trkpt lat="35.5255000" lon="139.5023460">
    <ele>59.8</ele>
    <time>2023-11-05T01:02:43Z</time>
   </trkpt>
   <trkpt lat="35.5254990" lon="139.5023290">
    <ele>59.8</ele>
    <time>2023-11-05T01:02:44Z</time>
   </trkpt>
   <trkpt lat="35.5254990" lon="139.5023130">
    <ele>59.8</ele>
    <time>2023-11-05T01:02:45Z</time>
   </trkpt>
   <trkpt lat="35.5254960" lon="139.5022680">
    <ele>59.8</ele>
    <time>2023-11-05T01:02:46Z</time>
   </trkpt>
   <trkpt lat="35.5254950" lon="139.5022540">
    <ele>59.8</ele>
    <time>2023-11-05T01:02:47Z</time>
   </trkpt>
   <trkpt lat="35.5255010" lon="139.5022190">
    <ele>59.8</ele>
    <time>2023-11-05T01:02:48Z</time>
   </trkpt>
   <trkpt lat="35.5254980" lon="139.5021790">
    <ele>59.8</ele>
    <time>2023-11-05T01:02:49Z</time>
   </trkpt>
   <trkpt lat="35.5254960" lon="139.5021670">
    <ele>59.8</ele>
    <time>2023-11-05T01:02:50Z</time>
   </trkpt>
   <trkpt lat="35.5254950" lon="139.5021340">
    <ele>59.7</ele>
    <time>2023-11-05T01:02:51Z</time>
   </trkpt>
   <trkpt lat="35.5254860" lon="139.5021180">
    <ele>59.7</ele>
    <time>2023-11-05T01:02:52Z</time>
   </trkpt>
   <trkpt lat="35.5254790" lon="139.5020950">
    <ele>59.7</ele>
    <time>2023-11-05T01:02:53Z</time>
   </trkpt>
   <trkpt lat="35.5254720" lon="139.5020540">
    <ele>59.7</ele>
    <time>2023-11-05T01:02:54Z</time>
   </trkpt>
   <trkpt lat="35.5254680" lon="139.5020380">
    <ele>59.7</ele>
    <time>2023-11-05T01:02:55Z</time>
   </trkpt>
   <trkpt lat="35.5254730" lon="139.5020030">
    <ele>59.6</ele>
    <time>2023-11-05T01:02:56Z</time>
   </trkpt>
   <trkpt lat="35.5254810" lon="139.5019880">
    <ele>59.6</ele>
    <time>2023-11-05T01:02:57Z</time>
   </trkpt>
   <trkpt lat="35.5254790" lon="139.5019510">
    <ele>59.6</ele>
    <time>2023-11-05T01:02:58Z</time>
   </trkpt>
   <trkpt lat="35.5254780" lon="139.5019370">
    <ele>59.6</ele>
    <time>2023-11-05T01:02:59Z</time>
   </trkpt>
   <trkpt lat="35.5254540" lon="139.5018870">
    <ele>59.6</ele>
    <time>2023-11-05T01:03:01Z</time>
   </trkpt>
   <trkpt lat="35.5254430" lon="139.5018720">
    <ele>59.5</ele>
    <time>2023-11-05T01:03:02Z</time>
   </trkpt>
   <trkpt lat="35.5254320" lon="139.5018570">
    <ele>59.4</ele>
    <time>2023-11-05T01:03:03Z</time>
   </trkpt>
   <trkpt lat="35.5254000" lon="139.5018460">
    <ele>59.2</ele>
    <time>2023-11-05T01:03:04Z</time>
   </trkpt>
   <trkpt lat="35.5253650" lon="139.5018480">
    <ele>59.0</ele>
    <time>2023-11-05T01:03:05Z</time>
   </trkpt>
   <trkpt lat="35.5253550" lon="139.5018490">
    <ele>59.0</ele>
    <time>2023-11-05T01:03:06Z</time>
   </trkpt>
   <trkpt lat="35.5253230" lon="139.5018500">
    <ele>58.8</ele>
    <time>2023-11-05T01:03:07Z</time>
   </trkpt>
   <trkpt lat="35.5253140" lon="139.5018490">
    <ele>58.8</ele>
    <time>2023-11-05T01:03:08Z</time>
   </trkpt>
   <trkpt lat="35.5253060" lon="139.5018140">
    <ele>58.6</ele>
    <time>2023-11-05T01:03:09Z</time>
   </trkpt>
   <trkpt lat="35.5253050" lon="139.5017920">
    <ele>58.5</ele>
    <time>2023-11-05T01:03:10Z</time>
   </trkpt>
   <trkpt lat="35.5252770" lon="139.5017620">
    <ele>58.3</ele>
    <time>2023-11-05T01:03:11Z</time>
   </trkpt>
   <trkpt lat="35.5252660" lon="139.5017570">
    <ele>58.3</ele>
    <time>2023-11-05T01:03:12Z</time>
   </trkpt>
   <trkpt lat="35.5252310" lon="139.5017520">
    <ele>58.1</ele>
    <time>2023-11-05T01:03:13Z</time>
   </trkpt>
   <trkpt lat="35.5252190" lon="139.5017470">
    <ele>58.0</ele>
    <time>2023-11-05T01:03:14Z</time>
   </trkpt>
   <trkpt lat="35.5251920" lon="139.5017350">
    <ele>57.9</ele>
    <time>2023-11-05T01:03:15Z</time>
   </trkpt>
   <trkpt lat="35.5251840" lon="139.5017330">
    <ele>57.9</ele>
    <time>2023-11-05T01:03:16Z</time>
   </trkpt>
   <trkpt lat="35.5251470" lon="139.5017330">
    <ele>57.7</ele>
    <time>2023-11-05T01:03:17Z</time>
   </trkpt>
   <trkpt lat="35.5251330" lon="139.5017320">
    <ele>57.5</ele>
    <time>2023-11-05T01:03:18Z</time>
   </trkpt>
   <trkpt lat="35.5250970" lon="139.5017350">
    <ele>56.9</ele>
    <time>2023-11-05T01:03:19Z</time>
   </trkpt>
   <trkpt lat="35.5250850" lon="139.5017340">
    <ele>56.7</ele>
    <time>2023-11-05T01:03:20Z</time>
   </trkpt>
   <trkpt lat="35.5250520" lon="139.5017380">
    <ele>56.1</ele>
    <time>2023-11-05T01:03:21Z</time>
   </trkpt>
   <trkpt lat="35.5250390" lon="139.5017410">
    <ele>55.9</ele>
    <time>2023-11-05T01:03:22Z</time>
   </trkpt>
   <trkpt lat="35.5250000" lon="139.5017370">
    <ele>55.3</ele>
    <time>2023-11-05T01:03:23Z</time>
   </trkpt>
   <trkpt lat="35.5249870" lon="139.5017310">
    <ele>55.1</ele>
    <time>2023-11-05T01:03:24Z</time>
   </trkpt>
   <trkpt lat="35.5249500" lon="139.5017300">
    <ele>54.7</ele>
    <time>2023-11-05T01:03:25Z</time>
   </trkpt>
   <trkpt lat="35.5249350" lon="139.5017260">
    <ele>54.7</ele>
    <time>2023-11-05T01:03:26Z</time>
   </trkpt>
   <trkpt lat="35.5249110" lon="139.5017090">
    <ele>54.2</ele>
    <time>2023-11-05T01:03:27Z</time>
   </trkpt>
   <trkpt lat="35.5248990" lon="139.5017050">
    <ele>54.2</ele>
    <time>2023-11-05T01:03:28Z</time>
   </trkpt>
   <trkpt lat="35.5248650" lon="139.5016860">
    <ele>53.9</ele>
    <time>2023-11-05T01:03:29Z</time>
   </trkpt>
   <trkpt lat="35.5248550" lon="139.5016750">
    <ele>53.5</ele>
    <time>2023-11-05T01:03:30Z</time>
   </trkpt>
   <trkpt lat="35.5248590" lon="139.5016320">
    <ele>54.2</ele>
    <time>2023-11-05T01:03:31Z</time>
   </trkpt>
   <trkpt lat="35.5248630" lon="139.5016020">
    <ele>54.5</ele>
    <time>2023-11-05T01:03:32Z</time>
   </trkpt>
   <trkpt lat="35.5248640" lon="139.5015910">
    <ele>54.5</ele>
    <time>2023-11-05T01:03:33Z</time>
   </trkpt>
   <trkpt lat="35.5248510" lon="139.5015480">
    <ele>54.4</ele>
    <time>2023-11-05T01:03:34Z</time>
   </trkpt>
   <trkpt lat="35.5248490" lon="139.5015340">
    <ele>54.4</ele>
    <time>2023-11-05T01:03:35Z</time>
   </trkpt>
   <trkpt lat="35.5248540" lon="139.5014930">
    <ele>55.0</ele>
    <time>2023-11-05T01:03:36Z</time>
   </trkpt>
   <trkpt lat="35.5248510" lon="139.5014800">
    <ele>55.0</ele>
    <time>2023-11-05T01:03:37Z</time>
   </trkpt>
   <trkpt lat="35.5248560" lon="139.5014620">
    <ele>55.0</ele>
    <time>2023-11-05T01:03:38Z</time>
   </trkpt>
   <trkpt lat="35.5248650" lon="139.5014560">
    <ele>55.0</ele>
    <time>2023-11-05T01:03:39Z</time>
   </trkpt>
   <trkpt lat="35.5248710" lon="139.5014540">
    <ele>55.0</ele>
    <time>2023-11-05T01:03:40Z</time>
   </trkpt>
   <trkpt lat="35.5248740" lon="139.5014470">
    <ele>55.0</ele>
    <time>2023-11-05T01:03:41Z</time>
   </trkpt>
   <trkpt lat="35.5248880" lon="139.5014180">
    <ele>55.1</ele>
    <time>2023-11-05T01:03:42Z</time>
   </trkpt>
   <trkpt lat="35.5248930" lon="139.5014130">
    <ele>55.3</ele>
    <time>2023-11-05T01:03:43Z</time>
   </trkpt>
   <trkpt lat="35.5248960" lon="139.5014030">
    <ele>55.6</ele>
    <time>2023-11-05T01:03:44Z</time>
   </trkpt>
   <trkpt lat="35.5249000" lon="139.5013930">
    <ele>55.9</ele>
    <time>2023-11-05T01:03:45Z</time>
   </trkpt>
   <trkpt lat="35.5249030" lon="139.5013820">
    <ele>56.2</ele>
    <time>2023-11-05T01:03:46Z</time>
   </trkpt>
   <trkpt lat="35.5249070" lon="139.5013720">
    <ele>56.5</ele>
    <time>2023-11-05T01:03:47Z</time>
   </trkpt>
   <trkpt lat="35.5249230" lon="139.5013370">
    <ele>57.5</ele>
    <time>2023-11-05T01:03:48Z</time>
   </trkpt>
   <trkpt lat="35.5249300" lon="139.5013300">
    <ele>57.8</ele>
    <time>2023-11-05T01:03:49Z</time>
   </trkpt>
   <trkpt lat="35.5249410" lon="139.5013240">
    <ele>58.2</ele>
    <time>2023-11-05T01:03:50Z</time>
   </trkpt>
   <trkpt lat="35.5249530" lon="139.5013020">
    <ele>58.9</ele>
    <time>2023-11-05T01:03:51Z</time>
   </trkpt>
   <trkpt lat="35.5249640" lon="139.5012870">
    <ele>59.4</ele>
    <time>2023-11-05T01:03:52Z</time>
   </trkpt>
   <trkpt lat="35.5249650" lon="139.5012650">
    <ele>60.0</ele>
    <time>2023-11-05T01:03:53Z</time>
   </trkpt>
   <trkpt lat="35.5249780" lon="139.5012350">
    <ele>60.9</ele>
    <time>2023-11-05T01:03:54Z</time>
   </trkpt>
   <trkpt lat="35.5249830" lon="139.5012230">
    <ele>61.2</ele>
    <time>2023-11-05T01:03:55Z</time>
   </trkpt>
   <trkpt lat="35.5249980" lon="139.5012070">
    <ele>61.9</ele>
    <time>2023-11-05T01:03:56Z</time>
   </trkpt>
   <trkpt lat="35.5250110" lon="139.5012020">
    <ele>61.8</ele>
    <time>2023-11-05T01:03:57Z</time>
   </trkpt>
   <trkpt lat="35.5250210" lon="139.5012060">
    <ele>61.8</ele>
    <time>2023-11-05T01:03:58Z</time>
   </trkpt>
   <trkpt lat="35.5250300" lon="139.5011990">
    <ele>61.8</ele>
    <time>2023-11-05T01:03:59Z</time>
   </trkpt>
   <trkpt lat="35.5250370" lon="139.5011970">
    <ele>61.8</ele>
    <time>2023-11-05T01:04:00Z</time>
   </trkpt>
   <trkpt lat="35.5250450" lon="139.5011940">
    <ele>61.8</ele>
    <time>2023-11-05T01:04:01Z</time>
   </trkpt>
   <trkpt lat="35.5250540" lon="139.5011890">
    <ele>61.8</ele>
    <time>2023-11-05T01:04:02Z</time>
   </trkpt>
   <trkpt lat="35.5250640" lon="139.5011850">
    <ele>61.8</ele>
    <time>2023-11-05T01:04:03Z</time>
   </trkpt>
   <trkpt lat="35.5250790" lon="139.5012000">
    <ele>61.8</ele>
    <time>2023-11-05T01:04:04Z</time>
   </trkpt>
   <trkpt lat="35.5250900" lon="139.5011920">
    <ele>61.7</ele>
    <time>2023-11-05T01:04:05Z</time>
   </trkpt>
   <trkpt lat="35.5251030" lon="139.5011960">
    <ele>61.7</ele>
    <time>2023-11-05T01:04:06Z</time>
   </trkpt>
   <trkpt lat="35.5251130" lon="139.5012000">
    <ele>61.7</ele>
    <time>2023-11-05T01:04:07Z</time>
   </trkpt>
   <trkpt lat="35.5251360" lon="139.5012080">
    <ele>61.7</ele>
    <time>2023-11-05T01:04:08Z</time>
   </trkpt>
   <trkpt lat="35.5251440" lon="139.5012110">
    <ele>61.7</ele>
    <time>2023-11-05T01:04:09Z</time>
   </trkpt>
   <trkpt lat="35.5251520" lon="139.5012150">
    <ele>61.7</ele>
    <time>2023-11-05T01:04:10Z</time>
   </trkpt>
   <trkpt lat="35.5251790" lon="139.5011910">
    <ele>61.6</ele>
    <time>2023-11-05T01:04:11Z</time>
   </trkpt>
   <trkpt lat="35.5251830" lon="139.5011750">
    <ele>61.5</ele>
    <time>2023-11-05T01:04:12Z</time>
   </trkpt>
   <trkpt lat="35.5251780" lon="139.5011380">
    <ele>61.4</ele>
    <time>2023-11-05T01:04:13Z</time>
   </trkpt>
   <trkpt lat="35.5251770" lon="139.5011170">
    <ele>61.4</ele>
    <time>2023-11-05T01:04:14Z</time>
   </trkpt>
   <trkpt lat="35.5251770" lon="139.5010940">
    <ele>61.4</ele>
    <time>2023-11-05T01:04:15Z</time>
   </trkpt>
   <trkpt lat="35.5251850" lon="139.5010590">
    <ele>61.5</ele>
    <time>2023-11-05T01:04:16Z</time>
   </trkpt>
   <trkpt lat="35.5251920" lon="139.5010470">
    <ele>61.5</ele>
    <time>2023-11-05T01:04:17Z</time>
   </trkpt>
   <trkpt lat="35.5251890" lon="139.5010230">
    <ele>61.5</ele>
    <time>2023-11-05T01:04:18Z</time>
   </trkpt>
   <trkpt lat="35.5251930" lon="139.5010060">
    <ele>61.5</ele>
    <time>2023-11-05T01:04:19Z</time>
   </trkpt>
   <trkpt lat="35.5251990" lon="139.5009920">
    <ele>61.5</ele>
    <time>2023-11-05T01:04:20Z</time>
   </trkpt>
   <trkpt lat="35.5252020" lon="139.5009750">
    <ele>61.5</ele>
    <time>2023-11-05T01:04:21Z</time>
   </trkpt>
   <trkpt lat="35.5252060" lon="139.5009680">
    <ele>61.5</ele>
    <time>2023-11-05T01:04:22Z</time>
   </trkpt>
   <trkpt lat="35.5252100" lon="139.5009640">
    <ele>61.4</ele>
    <time>2023-11-05T01:04:23Z</time>
   </trkpt>
   <trkpt lat="35.5252070" lon="139.5009590">
    <ele>61.4</ele>
    <time>2023-11-05T01:04:24Z</time>
   </trkpt>
   <trkpt lat="35.5252150" lon="139.5009500">
    <ele>61.4</ele>
    <time>2023-11-05T01:04:25Z</time>
   </trkpt>
   <trkpt lat="35.5252110" lon="139.5009330">
    <ele>61.3</ele>
    <time>2023-11-05T01:04:26Z</time>
   </trkpt>
   <trkpt lat="35.5252260" lon="139.5009840">
    <ele>61.4</ele>
    <time>2023-11-05T01:04:27Z</time>
   </trkpt>
   <trkpt lat="35.5252380" lon="139.5010510">
    <ele>61.5</ele>
    <time>2023-11-05T01:04:28Z</time>
   </trkpt>
   <trkpt lat="35.5252490" lon="139.5011190">
    <ele>61.4</ele>
    <time>2023-11-05T01:04:29Z</time>
   </trkpt>
   <trkpt lat="35.5252610" lon="139.5011870">
    <ele>61.4</ele>
    <time>2023-11-05T01:05:09Z</time>
   </trkpt>
   <trkpt lat="35.5252730" lon="139.5012550">
    <ele>61.8</ele>
    <time>2023-11-05T01:05:10Z</time>
   </trkpt>
   <trkpt lat="35.5252850" lon="139.5013220">
    <ele>62.3</ele>
    <time>2023-11-05T01:05:11Z</time>
   </trkpt>
   <trkpt lat="35.5253200" lon="139.5013590">
    <ele>62.7</ele>
    <time>2023-11-05T01:05:12Z</time>
   </trkpt>
   <trkpt lat="35.5253420" lon="139.5013810">
    <ele>63.0</ele>
    <time>2023-11-05T01:05:13Z</time>
   </trkpt>
   <trkpt lat="35.5253600" lon="139.5014090">
    <ele>63.3</ele>
    <time>2023-11-05T01:05:14Z</time>
   </trkpt>
   <trkpt lat="35.5253850" lon="139.5014300">
    <ele>63.6</ele>
    <time>2023-11-05T01:05:15Z</time>
   </trkpt>
   <trkpt lat="35.5254090" lon="139.5014610">
    <ele>63.9</ele>
    <time>2023-11-05T01:05:16Z</time>
   </trkpt>
   <trkpt lat="35.5254250" lon="139.5014900">
    <ele>64.2</ele>
    <time>2023-11-05T01:05:17Z</time>
   </trkpt>
   <trkpt lat="35.5254510" lon="139.5015060">
    <ele>64.6</ele>
    <time>2023-11-05T01:05:18Z</time>
   </trkpt>
   <trkpt lat="35.5254740" lon="139.5015330">
    <ele>64.8</ele>
    <time>2023-11-05T01:05:19Z</time>
   </trkpt>
   <trkpt lat="35.5254920" lon="139.5015690">
    <ele>64.3</ele>
    <time>2023-11-05T01:05:20Z</time>
   </trkpt>
   <trkpt lat="35.5254960" lon="139.5015850">
    <ele>64.0</ele>
    <time>2023-11-05T01:05:21Z</time>
   </trkpt>
   <trkpt lat="35.5255100" lon="139.5016280">
    <ele>63.4</ele>
    <time>2023-11-05T01:05:22Z</time>
   </trkpt>
   <trkpt lat="35.5255150" lon="139.5016430">
    <ele>63.2</ele>
    <time>2023-11-05T01:05:23Z</time>
   </trkpt>
   <trkpt lat="35.5255260" lon="139.5016730">
    <ele>62.7</ele>
    <time>2023-11-05T01:05:24Z</time>
   </trkpt>
   <trkpt lat="35.5255310" lon="139.5017130">
    <ele>62.2</ele>
    <time>2023-11-05T01:05:25Z</time>
   </trkpt>
   <trkpt lat="35.5255350" lon="139.5017200">
    <ele>62.1</ele>
    <time>2023-11-05T01:05:26Z</time>
   </trkpt>
   <trkpt lat="35.5252660" lon="139.5013080">
    <ele>62.0</ele>
    <time>2023-11-05T01:07:19Z</time>
   </trkpt>
   <trkpt lat="35.5252640" lon="139.5012930">
    <ele>61.9</ele>
    <time>2023-11-05T01:07:20Z</time>
   </trkpt>
   <trkpt lat="35.5252590" lon="139.5012650">
    <ele>61.7</ele>
    <time>2023-11-05T01:07:21Z</time>
   </trkpt>
   <trkpt lat="35.5252590" lon="139.5012520">
    <ele>61.6</ele>
    <time>2023-11-05T01:07:22Z</time>
   </trkpt>
   <trkpt lat="35.5252560" lon="139.5012280">
    <ele>61.5</ele>
    <time>2023-11-05T01:07:23Z</time>
   </trkpt>
   <trkpt lat="35.5252410" lon="139.5012040">
    <ele>61.3</ele>
    <time>2023-11-05T01:07:24Z</time>
   </trkpt>
   <trkpt lat="35.5252380" lon="139.5011960">
    <ele>61.4</ele>
    <time>2023-11-05T01:07:25Z</time>
   </trkpt>
   <trkpt lat="35.5252330" lon="139.5011560">
    <ele>61.4</ele>
    <time>2023-11-05T01:07:26Z</time>
   </trkpt>
   <trkpt lat="35.5252340" lon="139.5011480">
    <ele>61.4</ele>
    <time>2023-11-05T01:07:27Z</time>
   </trkpt>
   <trkpt lat="35.5252340" lon="139.5011110">
    <ele>61.5</ele>
    <time>2023-11-05T01:07:28Z</time>
   </trkpt>
   <trkpt lat="35.5252360" lon="139.5010970">
    <ele>61.5</ele>
    <time>2023-11-05T01:07:29Z</time>
   </trkpt>
   <trkpt lat="35.5252310" lon="139.5010770">
    <ele>61.5</ele>
    <time>2023-11-05T01:07:30Z</time>
   </trkpt>
   <trkpt lat="35.5252250" lon="139.5010380">
    <ele>61.5</ele>
    <time>2023-11-05T01:07:31Z</time>
   </trkpt>
   <trkpt lat="35.5252210" lon="139.5010210">
    <ele>61.4</ele>
    <time>2023-11-05T01:07:32Z</time>
   </trkpt>
   <trkpt lat="35.5251910" lon="139.5009960">
    <ele>61.3</ele>
    <time>2023-11-05T01:07:33Z</time>
   </trkpt>
   <trkpt lat="35.5251720" lon="139.5009690">
    <ele>61.2</ele>
    <time>2023-11-05T01:07:34Z</time>
   </trkpt>
   <trkpt lat="35.5251650" lon="139.5009430">
    <ele>61.2</ele>
    <time>2023-11-05T01:07:35Z</time>
   </trkpt>
   <trkpt lat="35.5251640" lon="139.5009390">
    <ele>61.2</ele>
    <time>2023-11-05T01:07:36Z</time>
   </trkpt>
   <trkpt lat="35.5251610" lon="139.5009490">
    <ele>61.2</ele>
    <time>2023-11-05T01:07:37Z</time>
   </trkpt>
   <trkpt lat="35.5251910" lon="139.5010010">
    <ele>61.3</ele>
    <time>2023-11-05T01:08:29Z</time>
   </trkpt>
   <trkpt lat="35.5251920" lon="139.5010170">
    <ele>61.4</ele>
    <time>2023-11-05T01:08:30Z</time>
   </trkpt>
   <trkpt lat="35.5252040" lon="139.5010610">
    <ele>61.6</ele>
    <time>2023-11-05T01:08:31Z</time>
   </trkpt>
   <trkpt lat="35.5252300" lon="139.5010480">
    <ele>61.8</ele>
    <time>2023-11-05T01:08:32Z</time>
   </trkpt>
   <trkpt lat="35.5252410" lon="139.5010310">
    <ele>61.6</ele>
    <time>2023-11-05T01:08:33Z</time>
   </trkpt>
   <trkpt lat="35.5252570" lon="139.5010350">
    <ele>61.7</ele>
    <time>2023-11-05T01:08:34Z</time>
   </trkpt>
   <trkpt lat="35.5252900" lon="139.5010490">
    <ele>61.9</ele>
    <time>2023-11-05T01:08:35Z</time>
   </trkpt>
   <trkpt lat="35.5253170" lon="139.5010790">
    <ele>61.6</ele>
    <time>2023-11-05T01:08:36Z</time>
   </trkpt>
   <trkpt lat="35.5253290" lon="139.5010930">
    <ele>61.8</ele>
    <time>2023-11-05T01:08:37Z</time>
   </trkpt>
   <trkpt lat="35.5253330" lon="139.5011250">
    <ele>61.9</ele>
    <time>2023-11-05T01:08:38Z</time>
   </trkpt>
   <trkpt lat="35.5253410" lon="139.5011370">
    <ele>62.0</ele>
    <time>2023-11-05T01:08:39Z</time>
   </trkpt>
   <trkpt lat="35.5253620" lon="139.5011770">
    <ele>61.6</ele>
    <time>2023-11-05T01:08:40Z</time>
   </trkpt>
   <trkpt lat="35.5253700" lon="139.5011870">
    <ele>61.7</ele>
    <time>2023-11-05T01:08:41Z</time>
   </trkpt>
   <trkpt lat="35.5253790" lon="139.5012150">
    <ele>61.8</ele>
    <time>2023-11-05T01:08:42Z</time>
   </trkpt>
   <trkpt lat="35.5253920" lon="139.5012220">
    <ele>61.6</ele>
    <time>2023-11-05T01:08:43Z</time>
   </trkpt>
   <trkpt lat="35.5254230" lon="139.5012390">
    <ele>61.5</ele>
    <time>2023-11-05T01:08:44Z</time>
   </trkpt>
   <trkpt lat="35.5254340" lon="139.5012480">
    <ele>61.6</ele>
    <time>2023-11-05T01:08:45Z</time>
   </trkpt>
   <trkpt lat="35.5254570" lon="139.5012660">
    <ele>61.8</ele>
    <time>2023-11-05T01:08:46Z</time>
   </trkpt>
   <trkpt lat="35.5254700" lon="139.5012910">
    <ele>61.8</ele>
    <time>2023-11-05T01:08:47Z</time>
   </trkpt>
   <trkpt lat="35.5254860" lon="139.5012860">
    <ele>62.0</ele>
    <time>2023-11-05T01:08:48Z</time>
   </trkpt>
   <trkpt lat="35.5255090" lon="139.5012570">
    <ele>61.9</ele>
    <time>2023-11-05T01:08:49Z</time>
   </trkpt>
   <trkpt lat="35.5255170" lon="139.5012500">
    <ele>61.9</ele>
    <time>2023-11-05T01:08:50Z</time>
   </trkpt>
   <trkpt lat="35.5255350" lon="139.5012330">
    <ele>62.1</ele>
    <time>2023-11-05T01:08:51Z</time>
   </trkpt>
   <trkpt lat="35.5255420" lon="139.5012260">
    <ele>62.2</ele>
    <time>2023-11-05T01:08:52Z</time>
   </trkpt>
   <trkpt lat="35.5255490" lon="139.5012190">
    <ele>62.2</ele>
    <time>2023-11-05T01:08:53Z</time>
   </trkpt>
   <trkpt lat="35.5255680" lon="139.5011960">
    <ele>62.0</ele>
    <time>2023-11-05T01:08:54Z</time>
   </trkpt>
   <trkpt lat="35.5255790" lon="139.5011960">
    <ele>62.1</ele>
    <time>2023-11-05T01:08:55Z</time>
   </trkpt>
   <trkpt lat="35.5256020" lon="139.5012060">
    <ele>62.1</ele>
    <time>2023-11-05T01:08:56Z</time>
   </trkpt>
   <trkpt lat="35.5256120" lon="139.5011890">
    <ele>62.2</ele>
    <time>2023-11-05T01:08:57Z</time>
   </trkpt>
   <trkpt lat="35.5256240" lon="139.5011770">
    <ele>62.3</ele>
    <time>2023-11-05T01:08:58Z</time>
   </trkpt>
   <trkpt lat="35.5256330" lon="139.5011640">
    <ele>61.8</ele>
    <time>2023-11-05T01:08:59Z</time>
   </trkpt>
   <trkpt lat="35.5256590" lon="139.5011720">
    <ele>61.8</ele>
    <time>2023-11-05T01:09:04Z</time>
   </trkpt>
   <trkpt lat="35.5256620" lon="139.5011700">
    <ele>61.7</ele>
    <time>2023-11-05T01:09:05Z</time>
   </trkpt>
   <trkpt lat="35.5256780" lon="139.5011290">
    <ele>61.3</ele>
    <time>2023-11-05T01:09:06Z</time>
   </trkpt>
   <trkpt lat="35.5256920" lon="139.5010920">
    <ele>61.3</ele>
    <time>2023-11-05T01:09:07Z</time>
   </trkpt>
   <trkpt lat="35.5256860" lon="139.5010520">
    <ele>60.8</ele>
    <time>2023-11-05T01:09:08Z</time>
   </trkpt>
   <trkpt lat="35.5256930" lon="139.5010360">
    <ele>60.0</ele>
    <time>2023-11-05T01:09:09Z</time>
   </trkpt>
   <trkpt lat="35.5257030" lon="139.5010180">
    <ele>59.8</ele>
    <time>2023-11-05T01:09:10Z</time>
   </trkpt>
   <trkpt lat="35.5257100" lon="139.5009970">
    <ele>59.0</ele>
    <time>2023-11-05T01:09:11Z</time>
   </trkpt>
   <trkpt lat="35.5257010" lon="139.5009790">
    <ele>59.1</ele>
    <time>2023-11-05T01:09:12Z</time>
   </trkpt>
   <trkpt lat="35.5257070" lon="139.5009430">
    <ele>58.1</ele>
    <time>2023-11-05T01:09:13Z</time>
   </trkpt>
   <trkpt lat="35.5257100" lon="139.5009260">
    <ele>58.2</ele>
    <time>2023-11-05T01:09:14Z</time>
   </trkpt>
   <trkpt lat="35.5257130" lon="139.5009100">
    <ele>57.2</ele>
    <time>2023-11-05T01:09:15Z</time>
   </trkpt>
   <trkpt lat="35.5257400" lon="139.5008780">
    <ele>56.9</ele>
    <time>2023-11-05T01:09:16Z</time>
   </trkpt>
   <trkpt lat="35.5257470" lon="139.5008640">
    <ele>55.8</ele>
    <time>2023-11-05T01:09:17Z</time>
   </trkpt>
   <trkpt lat="35.5257730" lon="139.5008570">
    <ele>55.5</ele>
    <time>2023-11-05T01:09:18Z</time>
   </trkpt>
   <trkpt lat="35.5257830" lon="139.5008540">
    <ele>55.6</ele>
    <time>2023-11-05T01:09:19Z</time>
   </trkpt>
   <trkpt lat="35.5258120" lon="139.5008440">
    <ele>55.2</ele>
    <time>2023-11-05T01:09:20Z</time>
   </trkpt>
   <trkpt lat="35.5258350" lon="139.5008130">
    <ele>53.6</ele>
    <time>2023-11-05T01:09:21Z</time>
   </trkpt>
   <trkpt lat="35.5258400" lon="139.5008050">
    <ele>53.7</ele>
    <time>2023-11-05T01:09:22Z</time>
   </trkpt>
   <trkpt lat="35.5258620" lon="139.5007780">
    <ele>52.7</ele>
    <time>2023-11-05T01:09:23Z</time>
   </trkpt>
   <trkpt lat="35.5258690" lon="139.5007690">
    <ele>52.8</ele>
    <time>2023-11-05T01:09:24Z</time>
   </trkpt>
   <trkpt lat="35.5258690" lon="139.5007320">
    <ele>51.9</ele>
    <time>2023-11-05T01:09:25Z</time>
   </trkpt>
   <trkpt lat="35.5258640" lon="139.5007190">
    <ele>52.0</ele>
    <time>2023-11-05T01:09:26Z</time>
   </trkpt>
   <trkpt lat="35.5258640" lon="139.5006850">
    <ele>51.3</ele>
    <time>2023-11-05T01:09:27Z</time>
   </trkpt>
   <trkpt lat="35.5258650" lon="139.5006730">
    <ele>51.3</ele>
    <time>2023-11-05T01:09:28Z</time>
   </trkpt>
   <trkpt lat="35.5258580" lon="139.5006400">
    <ele>50.7</ele>
    <time>2023-11-05T01:09:29Z</time>
   </trkpt>
   <trkpt lat="35.5258600" lon="139.5006010">
    <ele>50.1</ele>
    <time>2023-11-05T01:09:30Z</time>
   </trkpt>
   <trkpt lat="35.5258590" lon="139.5005620">
    <ele>49.3</ele>
    <time>2023-11-05T01:09:31Z</time>
   </trkpt>
   <trkpt lat="35.5258610" lon="139.5005480">
    <ele>49.4</ele>
    <time>2023-11-05T01:09:32Z</time>
   </trkpt>
   <trkpt lat="35.5258710" lon="139.5005080">
    <ele>48.4</ele>
    <time>2023-11-05T01:09:33Z</time>
   </trkpt>
   <trkpt lat="35.5258740" lon="139.5004960">
    <ele>48.5</ele>
    <time>2023-11-05T01:09:34Z</time>
   </trkpt>
   <trkpt lat="35.5259000" lon="139.5004810">
    <ele>48.5</ele>
    <time>2023-11-05T01:09:35Z</time>
   </trkpt>
   <trkpt lat="35.5259080" lon="139.5004790">
    <ele>48.5</ele>
    <time>2023-11-05T01:09:36Z</time>
   </trkpt>
   <trkpt lat="35.5259530" lon="139.5004210">
    <ele>48.4</ele>
    <time>2023-11-05T01:09:37Z</time>
   </trkpt>
   <trkpt lat="35.5259830" lon="139.5003710">
    <ele>48.4</ele>
    <time>2023-11-05T01:09:38Z</time>
   </trkpt>
   <trkpt lat="35.5260140" lon="139.5003210">
    <ele>48.3</ele>
    <time>2023-11-05T01:09:48Z</time>
   </trkpt>
   <trkpt lat="35.5260450" lon="139.5002710">
    <ele>48.1</ele>
    <time>2023-11-05T01:09:49Z</time>
   </trkpt>
   <trkpt lat="35.5260410" lon="139.5002350">
    <ele>48.1</ele>
    <time>2023-11-05T01:09:50Z</time>
   </trkpt>
   <trkpt lat="35.5260430" lon="139.5001840">
    <ele>47.6</ele>
    <time>2023-11-05T01:09:51Z</time>
   </trkpt>
   <trkpt lat="35.5260420" lon="139.5001640">
    <ele>47.4</ele>
    <time>2023-11-05T01:09:52Z</time>
   </trkpt>
   <trkpt lat="35.5260420" lon="139.5001220">
    <ele>47.0</ele>
    <time>2023-11-05T01:09:53Z</time>
   </trkpt>
   <trkpt lat="35.5260420" lon="139.5000850">
    <ele>46.7</ele>
    <time>2023-11-05T01:09:54Z</time>
   </trkpt>
   <trkpt lat="35.5260450" lon="139.5000760">
    <ele>46.6</ele>
    <time>2023-11-05T01:09:55Z</time>
   </trkpt>
   <trkpt lat="35.5260480" lon="139.5000410">
    <ele>46.2</ele>
    <time>2023-11-05T01:09:56Z</time>
   </trkpt>
   <trkpt lat="35.5260460" lon="139.5000060">
    <ele>45.9</ele>
    <time>2023-11-05T01:09:57Z</time>
   </trkpt>
   <trkpt lat="35.5260450" lon="139.4999670">
    <ele>45.5</ele>
    <time>2023-11-05T01:09:58Z</time>
   </trkpt>
   <trkpt lat="35.5260420" lon="139.4999470">
    <ele>45.3</ele>
    <time>2023-11-05T01:09:59Z</time>
   </trkpt>
   <trkpt lat="35.5260470" lon="139.4999020">
    <ele>44.9</ele>
    <time>2023-11-05T01:10:00Z</time>
   </trkpt>
   <trkpt lat="35.5260480" lon="139.4998860">
    <ele>44.8</ele>
    <time>2023-11-05T01:10:01Z</time>
   </trkpt>
   <trkpt lat="35.5260530" lon="139.4998500">
    <ele>44.4</ele>
    <time>2023-11-05T01:10:02Z</time>
   </trkpt>
   <trkpt lat="35.5260610" lon="139.4998150">
    <ele>44.1</ele>
    <time>2023-11-05T01:10:03Z</time>
   </trkpt>
   <trkpt lat="35.5260660" lon="139.4997770">
    <ele>43.8</ele>
    <time>2023-11-05T01:10:04Z</time>
   </trkpt>
   <trkpt lat="35.5260760" lon="139.4997330">
    <ele>43.5</ele>
    <time>2023-11-05T01:10:05Z</time>
   </trkpt>
   <trkpt lat="35.5260780" lon="139.4997190">
    <ele>43.4</ele>
    <time>2023-11-05T01:10:06Z</time>
   </trkpt>
   <trkpt lat="35.5260780" lon="139.4996970">
    <ele>43.3</ele>
    <time>2023-11-05T01:10:07Z</time>
   </trkpt>
   <trkpt lat="35.5260840" lon="139.4996770">
    <ele>43.1</ele>
    <time>2023-11-05T01:10:08Z</time>
   </trkpt>
   <trkpt lat="35.5261170" lon="139.4996460">
    <ele>42.3</ele>
    <time>2023-11-05T01:10:09Z</time>
   </trkpt>
   <trkpt lat="35.5261280" lon="139.4996350">
    <ele>41.3</ele>
    <time>2023-11-05T01:10:10Z</time>
   </trkpt>
   <trkpt lat="35.5261500" lon="139.4995950">
    <ele>39.2</ele>
    <time>2023-11-05T01:10:11Z</time>
   </trkpt>
   <trkpt lat="35.5261550" lon="139.4995800">
    <ele>39.3</ele>
    <time>2023-11-05T01:10:12Z</time>
   </trkpt>
   <trkpt lat="35.5261720" lon="139.4995350">
    <ele>39.4</ele>
    <time>2023-11-05T01:10:13Z</time>
   </trkpt>
   <trkpt lat="35.5261810" lon="139.4995190">
    <ele>39.5</ele>
    <time>2023-11-05T01:10:14Z</time>
   </trkpt>
   <trkpt lat="35.5262020" lon="139.4994740">
    <ele>39.7</ele>
    <time>2023-11-05T01:10:15Z</time>
   </trkpt>
   <trkpt lat="35.5262140" lon="139.4994590">
    <ele>39.7</ele>
    <time>2023-11-05T01:10:16Z</time>
   </trkpt>
   <trkpt lat="35.5262370" lon="139.4994370">
    <ele>39.9</ele>
    <time>2023-11-05T01:10:17Z</time>
   </trkpt>
   <trkpt lat="35.5262480" lon="139.4993980">
    <ele>40.0</ele>
    <time>2023-11-05T01:10:18Z</time>
   </trkpt>
   <trkpt lat="35.5262510" lon="139.4993840">
    <ele>40.1</ele>
    <time>2023-11-05T01:10:19Z</time>
   </trkpt>
   <trkpt lat="35.5262800" lon="139.4993620">
    <ele>40.2</ele>
    <time>2023-11-05T01:10:20Z</time>
   </trkpt>
   <trkpt lat="35.5262930" lon="139.4993520">
    <ele>40.3</ele>
    <time>2023-11-05T01:10:21Z</time>
   </trkpt>
   <trkpt lat="35.5263190" lon="139.4993390">
    <ele>40.4</ele>
    <time>2023-11-05T01:10:22Z</time>
   </trkpt>
   <trkpt lat="35.5263530" lon="139.4993240">
    <ele>40.6</ele>
    <time>2023-11-05T01:10:23Z</time>
   </trkpt>
   <trkpt lat="35.5263630" lon="139.4993170">
    <ele>40.6</ele>
    <time>2023-11-05T01:10:24Z</time>
   </trkpt>
   <trkpt lat="35.5263990" lon="139.4993090">
    <ele>40.8</ele>
    <time>2023-11-05T01:10:25Z</time>
   </trkpt>
   <trkpt lat="35.5264110" lon="139.4993030">
    <ele>40.9</ele>
    <time>2023-11-05T01:10:26Z</time>
   </trkpt>
   <trkpt lat="35.5264400" lon="139.4992940">
    <ele>41.0</ele>
    <time>2023-11-05T01:10:27Z</time>
   </trkpt>
   <trkpt lat="35.5264760" lon="139.4992990">
    <ele>41.1</ele>
    <time>2023-11-05T01:10:28Z</time>
   </trkpt>
   <trkpt lat="35.5264900" lon="139.4992940">
    <ele>41.2</ele>
    <time>2023-11-05T01:10:29Z</time>
   </trkpt>
   <trkpt lat="35.5265200" lon="139.4992940">
    <ele>41.3</ele>
    <time>2023-11-05T01:10:30Z</time>
   </trkpt>
   <trkpt lat="35.5265570" lon="139.4992950">
    <ele>41.4</ele>
    <time>2023-11-05T01:10:31Z</time>
   </trkpt>
   <trkpt lat="35.5265710" lon="139.4992960">
    <ele>41.5</ele>
    <time>2023-11-05T01:10:32Z</time>
   </trkpt>
   <trkpt lat="35.5265930" lon="139.4992660">
    <ele>41.4</ele>
    <time>2023-11-05T01:10:33Z</time>
   </trkpt>
   <trkpt lat="35.5266080" lon="139.4992290">
    <ele>41.2</ele>
    <time>2023-11-05T01:10:34Z</time>
   </trkpt>
   <trkpt lat="35.5266320" lon="139.4992060">
    <ele>41.0</ele>
    <time>2023-11-05T01:10:35Z</time>
   </trkpt>
   <trkpt lat="35.5266380" lon="139.4991990">
    <ele>40.9</ele>
    <time>2023-11-05T01:10:36Z</time>
   </trkpt>
   <trkpt lat="35.5266730" lon="139.4992010">
    <ele>40.6</ele>
    <time>2023-11-05T01:10:37Z</time>
   </trkpt>
   <trkpt lat="35.5267100" lon="139.4991960">
    <ele>40.3</ele>
    <time>2023-11-05T01:10:38Z</time>
   </trkpt>
   <trkpt lat="35.5267210" lon="139.4991970">
    <ele>40.2</ele>
    <time>2023-11-05T01:10:39Z</time>
   </trkpt>
   <trkpt lat="35.5267510" lon="139.4991900">
    <ele>40.0</ele>
    <time>2023-11-05T01:10:40Z</time>
   </trkpt>
   <trkpt lat="35.5267810" lon="139.4991720">
    <ele>39.7</ele>
    <time>2023-11-05T01:10:41Z</time>
   </trkpt>
   <trkpt lat="35.5267920" lon="139.4991680">
    <ele>39.6</ele>
    <time>2023-11-05T01:10:42Z</time>
   </trkpt>
   <trkpt lat="35.5268310" lon="139.4991550">
    <ele>39.2</ele>
    <time>2023-11-05T01:10:43Z</time>
   </trkpt>
   <trkpt lat="35.5268450" lon="139.4991510">
    <ele>39.1</ele>
    <time>2023-11-05T01:10:44Z</time>
   </trkpt>
   <trkpt lat="35.5268830" lon="139.4991380">
    <ele>38.8</ele>
    <time>2023-11-05T01:10:45Z</time>
   </trkpt>
   <trkpt lat="35.5268960" lon="139.4991310">
    <ele>38.7</ele>
    <time>2023-11-05T01:10:46Z</time>
   </trkpt>
   <trkpt lat="35.5269250" lon="139.4991310">
    <ele>38.4</ele>
    <time>2023-11-05T01:10:47Z</time>
   </trkpt>
   <trkpt lat="35.5269540" lon="139.4991060">
    <ele>38.2</ele>
    <time>2023-11-05T01:10:48Z</time>
   </trkpt>
   <trkpt lat="35.5269660" lon="139.4991010">
    <ele>38.1</ele>
    <time>2023-11-05T01:10:49Z</time>
   </trkpt>
   <trkpt lat="35.5270140" lon="139.4990850">
    <ele>37.7</ele>
    <time>2023-11-05T01:10:50Z</time>
   </trkpt>
   <trkpt lat="35.5270510" lon="139.4990800">
    <ele>37.5</ele>
    <time>2023-11-05T01:10:51Z</time>
   </trkpt>
   <trkpt lat="35.5270790" lon="139.4990620">
    <ele>37.3</ele>
    <time>2023-11-05T01:10:52Z</time>
   </trkpt>
   <trkpt lat="35.5270870" lon="139.4990490">
    <ele>37.2</ele>
    <time>2023-11-05T01:10:53Z</time>
   </trkpt>
   <trkpt lat="35.5271200" lon="139.4990300">
    <ele>37.0</ele>
    <time>2023-11-05T01:10:54Z</time>
   </trkpt>
   <trkpt lat="35.5271310" lon="139.4990220">
    <ele>37.0</ele>
    <time>2023-11-05T01:10:55Z</time>
   </trkpt>
   <trkpt lat="35.5271390" lon="139.4989890">
    <ele>37.0</ele>
    <time>2023-11-05T01:10:56Z</time>
   </trkpt>
   <trkpt lat="35.5271340" lon="139.4989520">
    <ele>37.0</ele>
    <time>2023-11-05T01:10:57Z</time>
   </trkpt>
   <trkpt lat="35.5271230" lon="139.4989080">
    <ele>36.9</ele>
    <time>2023-11-05T01:10:58Z</time>
   </trkpt>
   <trkpt lat="35.5271160" lon="139.4988950">
    <ele>36.9</ele>
    <time>2023-11-05T01:10:59Z</time>
   </trkpt>
   <trkpt lat="35.5271180" lon="139.4988500">
    <ele>36.9</ele>
    <time>2023-11-05T01:11:00Z</time>
   </trkpt>
   <trkpt lat="35.5271050" lon="139.4988100">
    <ele>36.9</ele>
    <time>2023-11-05T01:11:01Z</time>
   </trkpt>
   <trkpt lat="35.5271020" lon="139.4987930">
    <ele>36.9</ele>
    <time>2023-11-05T01:11:02Z</time>
   </trkpt>
   <trkpt lat="35.5271090" lon="139.4987480">
    <ele>36.8</ele>
    <time>2023-11-05T01:11:03Z</time>
   </trkpt>
   <trkpt lat="35.5271160" lon="139.4987320">
    <ele>36.8</ele>
    <time>2023-11-05T01:11:04Z</time>
   </trkpt>
   <trkpt lat="35.5271050" lon="139.4986880">
    <ele>36.7</ele>
    <time>2023-11-05T01:11:05Z</time>
   </trkpt>
   <trkpt lat="35.5271020" lon="139.4986730">
    <ele>36.7</ele>
    <time>2023-11-05T01:11:06Z</time>
   </trkpt>
   <trkpt lat="35.5271150" lon="139.4986340">
    <ele>36.6</ele>
    <time>2023-11-05T01:11:07Z</time>
   </trkpt>
   <trkpt lat="35.5271240" lon="139.4986180">
    <ele>36.6</ele>
    <time>2023-11-05T01:11:08Z</time>
   </trkpt>
   <trkpt lat="35.5271430" lon="139.4985750">
    <ele>36.5</ele>
    <time>2023-11-05T01:11:09Z</time>
   </trkpt>
   <trkpt lat="35.5271380" lon="139.4985400">
    <ele>36.5</ele>
    <time>2023-11-05T01:11:10Z</time>
   </trkpt>
   <trkpt lat="35.5271400" lon="139.4984900">
    <ele>36.5</ele>
    <time>2023-11-05T01:11:11Z</time>
   </trkpt>
   <trkpt lat="35.5271450" lon="139.4984730">
    <ele>36.5</ele>
    <time>2023-11-05T01:11:12Z</time>
   </trkpt>
   <trkpt lat="35.5271420" lon="139.4984300">
    <ele>36.5</ele>
    <time>2023-11-05T01:11:13Z</time>
   </trkpt>
   <trkpt lat="35.5271420" lon="139.4984130">
    <ele>36.5</ele>
    <time>2023-11-05T01:11:14Z</time>
   </trkpt>
   <trkpt lat="35.5271370" lon="139.4983770">
    <ele>36.5</ele>
    <time>2023-11-05T01:11:15Z</time>
   </trkpt>
   <trkpt lat="35.5271360" lon="139.4983430">
    <ele>36.5</ele>
    <time>2023-11-05T01:11:16Z</time>
   </trkpt>
   <trkpt lat="35.5271410" lon="139.4983110">
    <ele>36.6</ele>
    <time>2023-11-05T01:11:17Z</time>
   </trkpt>
   <trkpt lat="35.5271330" lon="139.4982780">
    <ele>36.6</ele>
    <time>2023-11-05T01:11:18Z</time>
   </trkpt>
   <trkpt lat="35.5271360" lon="139.4982430">
    <ele>36.6</ele>
    <time>2023-11-05T01:11:19Z</time>
   </trkpt>
   <trkpt lat="35.5271430" lon="139.4982010">
    <ele>36.7</ele>
    <time>2023-11-05T01:11:20Z</time>
   </trkpt>
   <trkpt lat="35.5271320" lon="139.4981650">
    <ele>36.8</ele>
    <time>2023-11-05T01:11:21Z</time>
   </trkpt>
   <trkpt lat="35.5271250" lon="139.4981320">
    <ele>36.9</ele>
    <time>2023-11-05T01:11:22Z</time>
   </trkpt>
   <trkpt lat="35.5271190" lon="139.4980940">
    <ele>37.0</ele>
    <time>2023-11-05T01:11:23Z</time>
   </trkpt>
   <trkpt lat="35.5271270" lon="139.4980820">
    <ele>37.0</ele>
    <time>2023-11-05T01:11:24Z</time>
   </trkpt>
   <trkpt lat="35.5271210" lon="139.4980390">
    <ele>37.1</ele>
    <time>2023-11-05T01:11:25Z</time>
   </trkpt>
   <trkpt lat="35.5271120" lon="139.4980240">
    <ele>37.1</ele>
    <time>2023-11-05T01:11:26Z</time>
   </trkpt>
   <trkpt lat="35.5271180" lon="139.4979990">
    <ele>37.2</ele>
    <time>2023-11-05T01:11:27Z</time>
   </trkpt>
   <trkpt lat="35.5271130" lon="139.4979850">
    <ele>37.2</ele>
    <time>2023-11-05T01:11:28Z</time>
   </trkpt>
   <trkpt lat="35.5271410" lon="139.4979710">
    <ele>37.3</ele>
    <time>2023-11-05T01:11:29Z</time>
   </trkpt>
   <trkpt lat="35.5271480" lon="139.4979640">
    <ele>37.3</ele>
    <time>2023-11-05T01:11:30Z</time>
   </trkpt>
   <trkpt lat="35.5271840" lon="139.4979530">
    <ele>37.4</ele>
    <time>2023-11-05T01:11:31Z</time>
   </trkpt>
   <trkpt lat="35.5272170" lon="139.4979490">
    <ele>37.6</ele>
    <time>2023-11-05T01:11:32Z</time>
   </trkpt>
   <trkpt lat="35.5272470" lon="139.4979350">
    <ele>37.7</ele>
    <time>2023-11-05T01:11:33Z</time>
   </trkpt>
   <trkpt lat="35.5272560" lon="139.4979330">
    <ele>37.8</ele>
    <time>2023-11-05T01:11:34Z</time>
   </trkpt>
   <trkpt lat="35.5272810" lon="139.4979200">
    <ele>37.8</ele>
    <time>2023-11-05T01:11:35Z</time>
   </trkpt>
   <trkpt lat="35.5272870" lon="139.4979070">
    <ele>37.9</ele>
    <time>2023-11-05T01:11:36Z</time>
   </trkpt>
   <trkpt lat="35.5273160" lon="139.4978790">
    <ele>38.0</ele>
    <time>2023-11-05T01:11:37Z</time>
   </trkpt>
   <trkpt lat="35.5273260" lon="139.4978670">
    <ele>38.0</ele>
    <time>2023-11-05T01:11:38Z</time>
   </trkpt>
   <trkpt lat="35.5273620" lon="139.4978490">
    <ele>38.1</ele>
    <time>2023-11-05T01:11:39Z</time>
   </trkpt>
   <trkpt lat="35.5273740" lon="139.4978420">
    <ele>38.2</ele>
    <time>2023-11-05T01:11:40Z</time>
   </trkpt>
   <trkpt lat="35.5273990" lon="139.4978130">
    <ele>38.2</ele>
    <time>2023-11-05T01:11:41Z</time>
   </trkpt>
   <trkpt lat="35.5274060" lon="139.4978050">
    <ele>38.3</ele>
    <time>2023-11-05T01:11:42Z</time>
   </trkpt>
   <trkpt lat="35.5274380" lon="139.4977990">
    <ele>38.4</ele>
    <time>2023-11-05T01:11:43Z</time>
   </trkpt>
   <trkpt lat="35.5274570" lon="139.4978080">
    <ele>38.4</ele>
    <time>2023-11-05T01:11:44Z</time>
   </trkpt>
   <trkpt lat="35.5274940" lon="139.4978360">
    <ele>38.5</ele>
    <time>2023-11-05T01:11:45Z</time>
   </trkpt>
   <trkpt lat="35.5275210" lon="139.4978560">
    <ele>38.6</ele>
    <time>2023-11-05T01:11:46Z</time>
   </trkpt>
   <trkpt lat="35.5275470" lon="139.4978510">
    <ele>38.7</ele>
    <time>2023-11-05T01:11:47Z</time>
   </trkpt>
   <trkpt lat="35.5275570" lon="139.4978560">
    <ele>38.7</ele>
    <time>2023-11-05T01:11:48Z</time>
   </trkpt>
   <trkpt lat="35.5276130" lon="139.4978160">
    <ele>39.2</ele>
    <time>2023-11-05T01:12:52Z</time>
   </trkpt>
   <trkpt lat="35.5276430" lon="139.4978140">
    <ele>39.4</ele>
    <time>2023-11-05T01:12:53Z</time>
   </trkpt>
   <trkpt lat="35.5276790" lon="139.4978060">
    <ele>39.7</ele>
    <time>2023-11-05T01:12:54Z</time>
   </trkpt>
   <trkpt lat="35.5277180" lon="139.4978020">
    <ele>39.9</ele>
    <time>2023-11-05T01:12:55Z</time>
   </trkpt>
   <trkpt lat="35.5277340" lon="139.4978110">
    <ele>40.0</ele>
    <time>2023-11-05T01:12:56Z</time>
   </trkpt>
   <trkpt lat="35.5277620" lon="139.4977900">
    <ele>40.0</ele>
    <time>2023-11-05T01:12:57Z</time>
   </trkpt>
   <trkpt lat="35.5277880" lon="139.4977720">
    <ele>40.0</ele>
    <time>2023-11-05T01:12:58Z</time>
   </trkpt>
   <trkpt lat="35.5278080" lon="139.4977390">
    <ele>39.8</ele>
    <time>2023-11-05T01:12:59Z</time>
   </trkpt>
   <trkpt lat="35.5278150" lon="139.4976860">
    <ele>39.6</ele>
    <time>2023-11-05T01:13:00Z</time>
   </trkpt>
   <trkpt lat="35.5278340" lon="139.4976520">
    <ele>39.4</ele>
    <time>2023-11-05T01:13:01Z</time>
   </trkpt>
   <trkpt lat="35.5278410" lon="139.4976410">
    <ele>39.4</ele>
    <time>2023-11-05T01:13:02Z</time>
   </trkpt>
   <trkpt lat="35.5278760" lon="139.4976340">
    <ele>39.2</ele>
    <time>2023-11-05T01:13:03Z</time>
   </trkpt>
   <trkpt lat="35.5279060" lon="139.4976210">
    <ele>39.1</ele>
    <time>2023-11-05T01:13:04Z</time>
   </trkpt>
   <trkpt lat="35.5279190" lon="139.4976120">
    <ele>39.1</ele>
    <time>2023-11-05T01:13:05Z</time>
   </trkpt>
   <trkpt lat="35.5279450" lon="139.4975960">
    <ele>39.0</ele>
    <time>2023-11-05T01:13:06Z</time>
   </trkpt>
   <trkpt lat="35.5279690" lon="139.4975820">
    <ele>38.9</ele>
    <time>2023-11-05T01:13:07Z</time>
   </trkpt>
   <trkpt lat="35.5280020" lon="139.4975660">
    <ele>38.8</ele>
    <time>2023-11-05T01:13:08Z</time>
   </trkpt>
   <trkpt lat="35.5280120" lon="139.4975590">
    <ele>38.7</ele>
    <time>2023-11-05T01:13:09Z</time>
   </trkpt>
   <trkpt lat="35.5280500" lon="139.4975360">
    <ele>38.6</ele>
    <time>2023-11-05T01:13:10Z</time>
   </trkpt>
   <trkpt lat="35.5280630" lon="139.4975280">
    <ele>38.5</ele>
    <time>2023-11-05T01:13:11Z</time>
   </trkpt>
   <trkpt lat="35.5280830" lon="139.4975040">
    <ele>38.5</ele>
    <time>2023-11-05T01:13:12Z</time>
   </trkpt>
   <trkpt lat="35.5281090" lon="139.4974840">
    <ele>38.6</ele>
    <time>2023-11-05T01:13:13Z</time>
   </trkpt>
   <trkpt lat="35.5281200" lon="139.4974820">
    <ele>38.6</ele>
    <time>2023-11-05T01:13:14Z</time>
   </trkpt>
   <trkpt lat="35.5281640" lon="139.4974810">
    <ele>38.8</ele>
    <time>2023-11-05T01:13:15Z</time>
   </trkpt>
   <trkpt lat="35.5281840" lon="139.4974830">
    <ele>38.9</ele>
    <time>2023-11-05T01:13:16Z</time>
   </trkpt>
   <trkpt lat="35.5282180" lon="139.4974680">
    <ele>39.0</ele>
    <time>2023-11-05T01:13:17Z</time>
   </trkpt>
   <trkpt lat="35.5282290" lon="139.4974620">
    <ele>39.1</ele>
    <time>2023-11-05T01:13:18Z</time>
   </trkpt>
   <trkpt lat="35.5282630" lon="139.4974460">
    <ele>39.2</ele>
    <time>2023-11-05T01:13:19Z</time>
   </trkpt>
   <trkpt lat="35.5282740" lon="139.4974460">
    <ele>39.2</ele>
    <time>2023-11-05T01:13:20Z</time>
   </trkpt>
   <trkpt lat="35.5283010" lon="139.4974480">
    <ele>39.3</ele>
    <time>2023-11-05T01:13:21Z</time>
   </trkpt>
   <trkpt lat="35.5283140" lon="139.4974480">
    <ele>39.4</ele>
    <time>2023-11-05T01:13:22Z</time>
   </trkpt>
   <trkpt lat="35.5283300" lon="139.4974750">
    <ele>39.5</ele>
    <time>2023-11-05T01:13:23Z</time>
   </trkpt>
   <trkpt lat="35.5283390" lon="139.4975130">
    <ele>39.3</ele>
    <time>2023-11-05T01:13:24Z</time>
   </trkpt>
   <trkpt lat="35.5283450" lon="139.4975610">
    <ele>39.4</ele>
    <time>2023-11-05T01:13:25Z</time>
   </trkpt>
   <trkpt lat="35.5283460" lon="139.4975780">
    <ele>39.4</ele>
    <time>2023-11-05T01:13:26Z</time>
   </trkpt>
   <trkpt lat="35.5283390" lon="139.4976200">
    <ele>39.4</ele>
    <time>2023-11-05T01:13:27Z</time>
   </trkpt>
   <trkpt lat="35.5283460" lon="139.4976510">
    <ele>39.4</ele>
    <time>2023-11-05T01:13:28Z</time>
   </trkpt>
   <trkpt lat="35.5283490" lon="139.4976820">
    <ele>39.5</ele>
    <time>2023-11-05T01:13:30Z</time>
   </trkpt>
   <trkpt lat="35.5283450" lon="139.4977190">
    <ele>39.5</ele>
    <time>2023-11-05T01:13:31Z</time>
   </trkpt>
   <trkpt lat="35.5283530" lon="139.4977660">
    <ele>39.6</ele>
    <time>2023-11-05T01:13:32Z</time>
   </trkpt>
   <trkpt lat="35.5283570" lon="139.4977830">
    <ele>39.6</ele>
    <time>2023-11-05T01:13:33Z</time>
   </trkpt>
   <trkpt lat="35.5283620" lon="139.4978320">
    <ele>39.7</ele>
    <time>2023-11-05T01:13:34Z</time>
   </trkpt>
   <trkpt lat="35.5283640" lon="139.4978510">
    <ele>39.8</ele>
    <time>2023-11-05T01:13:35Z</time>
   </trkpt>
   <trkpt lat="35.5283640" lon="139.4978900">
    <ele>39.9</ele>
    <time>2023-11-05T01:13:36Z</time>
   </trkpt>
   <trkpt lat="35.5283790" lon="139.4979350">
    <ele>40.0</ele>
    <time>2023-11-05T01:13:37Z</time>
   </trkpt>
   <trkpt lat="35.5283830" lon="139.4979520">
    <ele>40.1</ele>
    <time>2023-11-05T01:13:38Z</time>
   </trkpt>
   <trkpt lat="35.5283860" lon="139.4980010">
    <ele>40.3</ele>
    <time>2023-11-05T01:13:39Z</time>
   </trkpt>
   <trkpt lat="35.5283860" lon="139.4980170">
    <ele>40.3</ele>
    <time>2023-11-05T01:13:40Z</time>
   </trkpt>
   <trkpt lat="35.5283900" lon="139.4980510">
    <ele>40.5</ele>
    <time>2023-11-05T01:13:41Z</time>
   </trkpt>
   <trkpt lat="35.5283970" lon="139.4980980">
    <ele>40.9</ele>
    <time>2023-11-05T01:13:42Z</time>
   </trkpt>
   <trkpt lat="35.5284000" lon="139.4981170">
    <ele>41.0</ele>
    <time>2023-11-05T01:13:43Z</time>
   </trkpt>
   <trkpt lat="35.5284360" lon="139.4981380">
    <ele>41.7</ele>
    <time>2023-11-05T01:13:44Z</time>
   </trkpt>
   <trkpt lat="35.5284700" lon="139.4981200">
    <ele>42.3</ele>
    <time>2023-11-05T01:13:45Z</time>
   </trkpt>
   <trkpt lat="35.5284960" lon="139.4981060">
    <ele>42.6</ele>
    <time>2023-11-05T01:13:46Z</time>
   </trkpt>
   <trkpt lat="35.5285290" lon="139.4981040">
    <ele>43.0</ele>
    <time>2023-11-05T01:13:47Z</time>
   </trkpt>
   <trkpt lat="35.5285420" lon="139.4981090">
    <ele>43.1</ele>
    <time>2023-11-05T01:13:48Z</time>
   </trkpt>
   <trkpt lat="35.5285800" lon="139.4981050">
    <ele>43.4</ele>
    <time>2023-11-05T01:13:49Z</time>
   </trkpt>
   <trkpt lat="35.5285940" lon="139.4981060">
    <ele>43.5</ele>
    <time>2023-11-05T01:13:50Z</time>
   </trkpt>
   <trkpt lat="35.5286220" lon="139.4981070">
    <ele>43.6</ele>
    <time>2023-11-05T01:13:51Z</time>
   </trkpt>
   <trkpt lat="35.5286620" lon="139.4981130">
    <ele>43.8</ele>
    <time>2023-11-05T01:13:52Z</time>
   </trkpt>
   <trkpt lat="35.5286760" lon="139.4981100">
    <ele>43.9</ele>
    <time>2023-11-05T01:13:53Z</time>
   </trkpt>
   <trkpt lat="35.5287060" lon="139.4981190">
    <ele>44.0</ele>
    <time>2023-11-05T01:13:54Z</time>
   </trkpt>
   <trkpt lat="35.5287140" lon="139.4981190">
    <ele>44.1</ele>
    <time>2023-11-05T01:13:55Z</time>
   </trkpt>
   <trkpt lat="35.5287490" lon="139.4981110">
    <ele>44.7</ele>
    <time>2023-11-05T01:13:56Z</time>
   </trkpt>
   <trkpt lat="35.5287610" lon="139.4981100">
    <ele>45.0</ele>
    <time>2023-11-05T01:13:57Z</time>
   </trkpt>
   <trkpt lat="35.5287930" lon="139.4981160">
    <ele>45.6</ele>
    <time>2023-11-05T01:13:58Z</time>
   </trkpt>
   <trkpt lat="35.5288020" lon="139.4981170">
    <ele>45.8</ele>
    <time>2023-11-05T01:13:59Z</time>
   </trkpt>
   <trkpt lat="35.5288380" lon="139.4981200">
    <ele>46.7</ele>
    <time>2023-11-05T01:14:00Z</time>
   </trkpt>
   <trkpt lat="35.5288490" lon="139.4981220">
    <ele>47.0</ele>
    <time>2023-11-05T01:14:01Z</time>
   </trkpt>
   <trkpt lat="35.5288820" lon="139.4981370">
    <ele>47.8</ele>
    <time>2023-11-05T01:14:02Z</time>
   </trkpt>
   <trkpt lat="35.5288930" lon="139.4981370">
    <ele>48.1</ele>
    <time>2023-11-05T01:14:03Z</time>
   </trkpt>
   <trkpt lat="35.5289340" lon="139.4981460">
    <ele>48.1</ele>
    <time>2023-11-05T01:14:04Z</time>
   </trkpt>
   <trkpt lat="35.5289510" lon="139.4981520">
    <ele>48.1</ele>
    <time>2023-11-05T01:14:05Z</time>
   </trkpt>
   <trkpt lat="35.5289860" lon="139.4981550">
    <ele>48.1</ele>
    <time>2023-11-05T01:14:06Z</time>
   </trkpt>
   <trkpt lat="35.5289980" lon="139.4981530">
    <ele>48.1</ele>
    <time>2023-11-05T01:14:07Z</time>
   </trkpt>
   <trkpt lat="35.5290310" lon="139.4981490">
    <ele>48.2</ele>
    <time>2023-11-05T01:14:08Z</time>
   </trkpt>
   <trkpt lat="35.5290430" lon="139.4981470">
    <ele>48.2</ele>
    <time>2023-11-05T01:14:09Z</time>
   </trkpt>
   <trkpt lat="35.5290720" lon="139.4981490">
    <ele>48.2</ele>
    <time>2023-11-05T01:14:10Z</time>
   </trkpt>
   <trkpt lat="35.5291110" lon="139.4981420">
    <ele>48.2</ele>
    <time>2023-11-05T01:14:11Z</time>
   </trkpt>
   <trkpt lat="35.5291270" lon="139.4981380">
    <ele>48.2</ele>
    <time>2023-11-05T01:14:12Z</time>
   </trkpt>
   <trkpt lat="35.5291570" lon="139.4981290">
    <ele>48.2</ele>
    <time>2023-11-05T01:14:13Z</time>
   </trkpt>
   <trkpt lat="35.5291850" lon="139.4981290">
    <ele>48.3</ele>
    <time>2023-11-05T01:14:14Z</time>
   </trkpt>
   <trkpt lat="35.5292220" lon="139.4981260">
    <ele>48.3</ele>
    <time>2023-11-05T01:14:15Z</time>
   </trkpt>
   <trkpt lat="35.5292330" lon="139.4981280">
    <ele>48.3</ele>
    <time>2023-11-05T01:14:16Z</time>
   </trkpt>
   <trkpt lat="35.5292680" lon="139.4981260">
    <ele>48.4</ele>
    <time>2023-11-05T01:14:17Z</time>
   </trkpt>
   <trkpt lat="35.5292840" lon="139.4981200">
    <ele>48.5</ele>
    <time>2023-11-05T01:14:18Z</time>
   </trkpt>
   <trkpt lat="35.5293180" lon="139.4981180">
    <ele>48.6</ele>
    <time>2023-11-05T01:14:19Z</time>
   </trkpt>
   <trkpt lat="35.5293290" lon="139.4981180">
    <ele>48.6</ele>
    <time>2023-11-05T01:14:20Z</time>
   </trkpt>
   <trkpt lat="35.5293570" lon="139.4981030">
    <ele>48.7</ele>
    <time>2023-11-05T01:14:21Z</time>
   </trkpt>
   <trkpt lat="35.5293890" lon="139.4980920">
    <ele>48.9</ele>
    <time>2023-11-05T01:14:22Z</time>
   </trkpt>
   <trkpt lat="35.5293980" lon="139.4980930">
    <ele>48.9</ele>
    <time>2023-11-05T01:14:23Z</time>
   </trkpt>
   <trkpt lat="35.5294120" lon="139.4980560">
    <ele>48.9</ele>
    <time>2023-11-05T01:14:24Z</time>
   </trkpt>
   <trkpt lat="35.5294100" lon="139.4980220">
    <ele>48.9</ele>
    <time>2023-11-05T01:14:25Z</time>
   </trkpt>
   <trkpt lat="35.5294160" lon="139.4979770">
    <ele>48.9</ele>
    <time>2023-11-05T01:14:26Z</time>
   </trkpt>
   <trkpt lat="35.5294200" lon="139.4979590">
    <ele>48.9</ele>
    <time>2023-11-05T01:14:27Z</time>
   </trkpt>
   <trkpt lat="35.5294220" lon="139.4979240">
    <ele>48.9</ele>
    <time>2023-11-05T01:14:28Z</time>
   </trkpt>
   <trkpt lat="35.5294260" lon="139.4978750">
    <ele>48.9</ele>
    <time>2023-11-05T01:14:29Z</time>
   </trkpt>
   <trkpt lat="35.5294300" lon="139.4978570">
    <ele>49.0</ele>
    <time>2023-11-05T01:14:30Z</time>
   </trkpt>
   <trkpt lat="35.5294320" lon="139.4978180">
    <ele>49.0</ele>
    <time>2023-11-05T01:14:31Z</time>
   </trkpt>
   <trkpt lat="35.5294470" lon="139.4977670">
    <ele>49.0</ele>
    <time>2023-11-05T01:14:32Z</time>
   </trkpt>
   <trkpt lat="35.5294530" lon="139.4977470">
    <ele>49.0</ele>
    <time>2023-11-05T01:14:33Z</time>
   </trkpt>
   <trkpt lat="35.5294520" lon="139.4977150">
    <ele>49.0</ele>
    <time>2023-11-05T01:14:34Z</time>
   </trkpt>
   <trkpt lat="35.5294520" lon="139.4977020">
    <ele>49.0</ele>
    <time>2023-11-05T01:14:35Z</time>
   </trkpt>
   <trkpt lat="35.5294590" lon="139.4976690">
    <ele>49.0</ele>
    <time>2023-11-05T01:14:36Z</time>
   </trkpt>
   <trkpt lat="35.5294660" lon="139.4976370">
    <ele>49.0</ele>
    <time>2023-11-05T01:14:37Z</time>
   </trkpt>
   <trkpt lat="35.5295100" lon="139.4976300">
    <ele>49.1</ele>
    <time>2023-11-05T01:14:38Z</time>
   </trkpt>
   <trkpt lat="35.5295280" lon="139.4976290">
    <ele>49.2</ele>
    <time>2023-11-05T01:14:39Z</time>
   </trkpt>
   <trkpt lat="35.5295580" lon="139.4976310">
    <ele>49.2</ele>
    <time>2023-11-05T01:14:40Z</time>
   </trkpt>
   <trkpt lat="35.5295850" lon="139.4976410">
    <ele>49.3</ele>
    <time>2023-11-05T01:14:41Z</time>
   </trkpt>
   <trkpt lat="35.5296250" lon="139.4976580">
    <ele>49.4</ele>
    <time>2023-11-05T01:14:42Z</time>
   </trkpt>
   <trkpt lat="35.5296380" lon="139.4976660">
    <ele>49.4</ele>
    <time>2023-11-05T01:14:43Z</time>
   </trkpt>
   <trkpt lat="35.5296630" lon="139.4976850">
    <ele>49.5</ele>
    <time>2023-11-05T01:14:44Z</time>
   </trkpt>
   <trkpt lat="35.5296990" lon="139.4976910">
    <ele>49.6</ele>
    <time>2023-11-05T01:14:45Z</time>
   </trkpt>
   <trkpt lat="35.5297100" lon="139.4976940">
    <ele>49.6</ele>
    <time>2023-11-05T01:14:46Z</time>
   </trkpt>
   <trkpt lat="35.5297390" lon="139.4977010">
    <ele>49.6</ele>
    <time>2023-11-05T01:14:47Z</time>
   </trkpt>
   <trkpt lat="35.5297710" lon="139.4977130">
    <ele>49.7</ele>
    <time>2023-11-05T01:14:48Z</time>
   </trkpt>
   <trkpt lat="35.5298070" lon="139.4977170">
    <ele>49.8</ele>
    <time>2023-11-05T01:14:49Z</time>
   </trkpt>
   <trkpt lat="35.5298210" lon="139.4977190">
    <ele>49.8</ele>
    <time>2023-11-05T01:14:50Z</time>
   </trkpt>
   <trkpt lat="35.5298510" lon="139.4977270">
    <ele>49.8</ele>
    <time>2023-11-05T01:14:51Z</time>
   </trkpt>
   <trkpt lat="35.5298590" lon="139.4977290">
    <ele>49.8</ele>
    <time>2023-11-05T01:14:52Z</time>
   </trkpt>
   <trkpt lat="35.5298920" lon="139.4977340">
    <ele>49.9</ele>
    <time>2023-11-05T01:14:53Z</time>
   </trkpt>
   <trkpt lat="35.5299020" lon="139.4977380">
    <ele>49.9</ele>
    <time>2023-11-05T01:14:54Z</time>
   </trkpt>
   <trkpt lat="35.5299360" lon="139.4977480">
    <ele>49.9</ele>
    <time>2023-11-05T01:14:55Z</time>
   </trkpt>
   <trkpt lat="35.5299450" lon="139.4977490">
    <ele>49.9</ele>
    <time>2023-11-05T01:14:56Z</time>
   </trkpt>
   <trkpt lat="35.5299760" lon="139.4977520">
    <ele>50.0</ele>
    <time>2023-11-05T01:14:57Z</time>
   </trkpt>
   <trkpt lat="35.5299870" lon="139.4977540">
    <ele>50.0</ele>
    <time>2023-11-05T01:14:58Z</time>
   </trkpt>
   <trkpt lat="35.5300230" lon="139.4977660">
    <ele>50.0</ele>
    <time>2023-11-05T01:14:59Z</time>
   </trkpt>
   <trkpt lat="35.5300600" lon="139.4977770">
    <ele>50.1</ele>
    <time>2023-11-05T01:15:00Z</time>
   </trkpt>
   <trkpt lat="35.5300720" lon="139.4977800">
    <ele>50.1</ele>
    <time>2023-11-05T01:15:01Z</time>
   </trkpt>
   <trkpt lat="35.5301010" lon="139.4977750">
    <ele>50.1</ele>
    <time>2023-11-05T01:15:02Z</time>
   </trkpt>
   <trkpt lat="35.5301400" lon="139.4977820">
    <ele>50.1</ele>
    <time>2023-11-05T01:15:03Z</time>
   </trkpt>
   <trkpt lat="35.5301540" lon="139.4977840">
    <ele>50.2</ele>
    <time>2023-11-05T01:15:04Z</time>
   </trkpt>
   <trkpt lat="35.5301940" lon="139.4977670">
    <ele>50.2</ele>
    <time>2023-11-05T01:15:05Z</time>
   </trkpt>
   <trkpt lat="35.5302090" lon="139.4977590">
    <ele>50.2</ele>
    <time>2023-11-05T01:15:06Z</time>
   </trkpt>
   <trkpt lat="35.5302420" lon="139.4977440">
    <ele>50.1</ele>
    <time>2023-11-05T01:15:07Z</time>
   </trkpt>
   <trkpt lat="35.5302760" lon="139.4977360">
    <ele>50.1</ele>
    <time>2023-11-05T01:15:08Z</time>
   </trkpt>
   <trkpt lat="35.5302830" lon="139.4977290">
    <ele>50.1</ele>
    <time>2023-11-05T01:15:09Z</time>
   </trkpt>
   <trkpt lat="35.5303160" lon="139.4977220">
    <ele>50.0</ele>
    <time>2023-11-05T01:15:10Z</time>
   </trkpt>
   <trkpt lat="35.5303270" lon="139.4977230">
    <ele>50.0</ele>
    <time>2023-11-05T01:15:11Z</time>
   </trkpt>
   <trkpt lat="35.5303670" lon="139.4977290">
    <ele>50.0</ele>
    <time>2023-11-05T01:15:12Z</time>
   </trkpt>
   <trkpt lat="35.5303810" lon="139.4977310">
    <ele>49.9</ele>
    <time>2023-11-05T01:15:13Z</time>
   </trkpt>
   <trkpt lat="35.5304180" lon="139.4977440">
    <ele>49.9</ele>
    <time>2023-11-05T01:15:14Z</time>
   </trkpt>
   <trkpt lat="35.5304300" lon="139.4977440">
    <ele>49.9</ele>
    <time>2023-11-05T01:15:15Z</time>
   </trkpt>
   <trkpt lat="35.5304590" lon="139.4977540">
    <ele>49.9</ele>
    <time>2023-11-05T01:15:16Z</time>
   </trkpt>
   <trkpt lat="35.5304960" lon="139.4977600">
    <ele>49.8</ele>
    <time>2023-11-05T01:15:17Z</time>
   </trkpt>
   <trkpt lat="35.5305110" lon="139.4977650">
    <ele>49.8</ele>
    <time>2023-11-05T01:15:18Z</time>
   </trkpt>
   <trkpt lat="35.5305290" lon="139.4977580">
    <ele>49.8</ele>
    <time>2023-11-05T01:15:19Z</time>
   </trkpt>
   <trkpt lat="35.5305460" lon="139.4977570">
    <ele>49.8</ele>
    <time>2023-11-05T01:15:20Z</time>
   </trkpt>
   <trkpt lat="35.5305710" lon="139.4977720">
    <ele>49.7</ele>
    <time>2023-11-05T01:15:21Z</time>
   </trkpt>
   <trkpt lat="35.5305990" lon="139.4977800">
    <ele>49.7</ele>
    <time>2023-11-05T01:15:22Z</time>
   </trkpt>
   <trkpt lat="35.5306360" lon="139.4977810">
    <ele>49.7</ele>
    <time>2023-11-05T01:15:23Z</time>
   </trkpt>
   <trkpt lat="35.5306490" lon="139.4977790">
    <ele>49.7</ele>
    <time>2023-11-05T01:15:24Z</time>
   </trkpt>
   <trkpt lat="35.5306810" lon="139.4977800">
    <ele>49.6</ele>
    <time>2023-11-05T01:15:25Z</time>
   </trkpt>
   <trkpt lat="35.5307090" lon="139.4977820">
    <ele>49.6</ele>
    <time>2023-11-05T01:15:26Z</time>
   </trkpt>
   <trkpt lat="35.5307400" lon="139.4977890">
    <ele>49.6</ele>
    <time>2023-11-05T01:15:27Z</time>
   </trkpt>
   <trkpt lat="35.5307520" lon="139.4977860">
    <ele>49.6</ele>
    <time>2023-11-05T01:15:28Z</time>
   </trkpt>
   <trkpt lat="35.5307920" lon="139.4977860">
    <ele>49.5</ele>
    <time>2023-11-05T01:15:29Z</time>
   </trkpt>
   <trkpt lat="35.5308090" lon="139.4977900">
    <ele>49.5</ele>
    <time>2023-11-05T01:15:30Z</time>
   </trkpt>
   <trkpt lat="35.5308410" lon="139.4977990">
    <ele>49.5</ele>
    <time>2023-11-05T01:15:31Z</time>
   </trkpt>
   <trkpt lat="35.5308720" lon="139.4977850">
    <ele>49.5</ele>
    <time>2023-11-05T01:15:32Z</time>
   </trkpt>
   <trkpt lat="35.5309050" lon="139.4977710">
    <ele>49.5</ele>
    <time>2023-11-05T01:15:33Z</time>
   </trkpt>
   <trkpt lat="35.5309190" lon="139.4977660">
    <ele>49.5</ele>
    <time>2023-11-05T01:15:34Z</time>
   </trkpt>
   <trkpt lat="35.5309470" lon="139.4977640">
    <ele>49.5</ele>
    <time>2023-11-05T01:15:35Z</time>
   </trkpt>
   <trkpt lat="35.5309840" lon="139.4977670">
    <ele>49.5</ele>
    <time>2023-11-05T01:15:36Z</time>
   </trkpt>
   <trkpt lat="35.5309950" lon="139.4977710">
    <ele>49.5</ele>
    <time>2023-11-05T01:15:37Z</time>
   </trkpt>
   <trkpt lat="35.5310230" lon="139.4977730">
    <ele>49.5</ele>
    <time>2023-11-05T01:15:38Z</time>
   </trkpt>
   <trkpt lat="35.5310540" lon="139.4977790">
    <ele>49.5</ele>
    <time>2023-11-05T01:15:39Z</time>
   </trkpt>
   <trkpt lat="35.5310670" lon="139.4977780">
    <ele>49.5</ele>
    <time>2023-11-05T01:15:40Z</time>
   </trkpt>
   <trkpt lat="35.5310990" lon="139.4977800">
    <ele>49.5</ele>
    <time>2023-11-05T01:15:41Z</time>
   </trkpt>
   <trkpt lat="35.5311410" lon="139.4977570">
    <ele>49.5</ele>
    <time>2023-11-05T01:15:42Z</time>
   </trkpt>
   <trkpt lat="35.5311630" lon="139.4977310">
    <ele>49.5</ele>
    <time>2023-11-05T01:15:43Z</time>
   </trkpt>
   <trkpt lat="35.5311890" lon="139.4977440">
    <ele>49.5</ele>
    <time>2023-11-05T01:15:44Z</time>
   </trkpt>
   <trkpt lat="35.5312260" lon="139.4977520">
    <ele>49.4</ele>
    <time>2023-11-05T01:15:45Z</time>
   </trkpt>
   <trkpt lat="35.5312370" lon="139.4977600">
    <ele>49.4</ele>
    <time>2023-11-05T01:15:46Z</time>
   </trkpt>
   <trkpt lat="35.5312720" lon="139.4977670">
    <ele>49.3</ele>
    <time>2023-11-05T01:15:47Z</time>
   </trkpt>
   <trkpt lat="35.5312800" lon="139.4977760">
    <ele>49.3</ele>
    <time>2023-11-05T01:15:48Z</time>
   </trkpt>
   <trkpt lat="35.5313020" lon="139.4978060">
    <ele>49.2</ele>
    <time>2023-11-05T01:15:49Z</time>
   </trkpt>
   <trkpt lat="35.5313170" lon="139.4978480">
    <ele>49.0</ele>
    <time>2023-11-05T01:15:50Z</time>
   </trkpt>
   <trkpt lat="35.5313230" lon="139.4978650">
    <ele>49.0</ele>
    <time>2023-11-05T01:15:51Z</time>
   </trkpt>
   <trkpt lat="35.5313410" lon="139.4978910">
    <ele>48.8</ele>
    <time>2023-11-05T01:15:52Z</time>
   </trkpt>
   <trkpt lat="35.5313610" lon="139.4979350">
    <ele>48.7</ele>
    <time>2023-11-05T01:15:53Z</time>
   </trkpt>
   <trkpt lat="35.5313680" lon="139.4979520">
    <ele>48.6</ele>
    <time>2023-11-05T01:15:54Z</time>
   </trkpt>
   <trkpt lat="35.5313960" lon="139.4979750">
    <ele>48.5</ele>
    <time>2023-11-05T01:15:55Z</time>
   </trkpt>
   <trkpt lat="35.5314050" lon="139.4979810">
    <ele>48.4</ele>
    <time>2023-11-05T01:15:56Z</time>
   </trkpt>
   <trkpt lat="35.5314370" lon="139.4980070">
    <ele>48.3</ele>
    <time>2023-11-05T01:15:57Z</time>
   </trkpt>
   <trkpt lat="35.5314500" lon="139.4980150">
    <ele>48.2</ele>
    <time>2023-11-05T01:15:58Z</time>
   </trkpt>
   <trkpt lat="35.5314800" lon="139.4980480">
    <ele>48.1</ele>
    <time>2023-11-05T01:15:59Z</time>
   </trkpt>
   <trkpt lat="35.5314900" lon="139.4980610">
    <ele>48.0</ele>
    <time>2023-11-05T01:16:00Z</time>
   </trkpt>
   <trkpt lat="35.5315160" lon="139.4980860">
    <ele>47.9</ele>
    <time>2023-11-05T01:16:01Z</time>
   </trkpt>
   <trkpt lat="35.5315400" lon="139.4981040">
    <ele>47.8</ele>
    <time>2023-11-05T01:16:02Z</time>
   </trkpt>
   <trkpt lat="35.5315670" lon="139.4981270">
    <ele>47.7</ele>
    <time>2023-11-05T01:16:03Z</time>
   </trkpt>
   <trkpt lat="35.5315780" lon="139.4981330">
    <ele>47.7</ele>
    <time>2023-11-05T01:16:04Z</time>
   </trkpt>
   <trkpt lat="35.5316070" lon="139.4981640">
    <ele>47.5</ele>
    <time>2023-11-05T01:16:05Z</time>
   </trkpt>
   <trkpt lat="35.5316150" lon="139.4981810">
    <ele>43.6</ele>
    <time>2023-11-05T01:16:06Z</time>
   </trkpt>
   <trkpt lat="35.5316320" lon="139.4981910">
    <ele>43.8</ele>
    <time>2023-11-05T01:16:07Z</time>
   </trkpt>
   <trkpt lat="35.5316380" lon="139.4981940">
    <ele>43.9</ele>
    <time>2023-11-05T01:16:08Z</time>
   </trkpt>
   <trkpt lat="35.5316420" lon="139.4981940">
    <ele>43.9</ele>
    <time>2023-11-05T01:16:09Z</time>
   </trkpt>
   <trkpt lat="35.5316440" lon="139.4982170">
    <ele>44.1</ele>
    <time>2023-11-05T01:16:10Z</time>
   </trkpt>
   <trkpt lat="35.5316510" lon="139.4982270">
    <ele>44.3</ele>
    <time>2023-11-05T01:16:11Z</time>
   </trkpt>
   <trkpt lat="35.5316590" lon="139.4982360">
    <ele>44.2</ele>
    <time>2023-11-05T01:16:12Z</time>
   </trkpt>
   <trkpt lat="35.5316660" lon="139.4982460">
    <ele>44.2</ele>
    <time>2023-11-05T01:16:13Z</time>
   </trkpt>
   <trkpt lat="35.5316770" lon="139.4982870">
    <ele>44.0</ele>
    <time>2023-11-05T01:16:14Z</time>
   </trkpt>
   <trkpt lat="35.5316820" lon="139.4983020">
    <ele>43.9</ele>
    <time>2023-11-05T01:16:15Z</time>
   </trkpt>
   <trkpt lat="35.5316680" lon="139.4983490">
    <ele>43.7</ele>
    <time>2023-11-05T01:16:16Z</time>
   </trkpt>
   <trkpt lat="35.5316680" lon="139.4983850">
    <ele>43.6</ele>
    <time>2023-11-05T01:16:17Z</time>
   </trkpt>
   <trkpt lat="35.5316690" lon="139.4983940">
    <ele>43.5</ele>
    <time>2023-11-05T01:16:18Z</time>
   </trkpt>
   <trkpt lat="35.5316650" lon="139.4984390">
    <ele>43.3</ele>
    <time>2023-11-05T01:16:19Z</time>
   </trkpt>
   <trkpt lat="35.5316650" lon="139.4984540">
    <ele>43.3</ele>
    <time>2023-11-05T01:16:20Z</time>
   </trkpt>
   <trkpt lat="35.5316650" lon="139.4984890">
    <ele>43.3</ele>
    <time>2023-11-05T01:16:21Z</time>
   </trkpt>
   <trkpt lat="35.5316750" lon="139.4985220">
    <ele>43.4</ele>
    <time>2023-11-05T01:16:22Z</time>
   </trkpt>
   <trkpt lat="35.5316810" lon="139.4985330">
    <ele>43.4</ele>
    <time>2023-11-05T01:16:23Z</time>
   </trkpt>
   <trkpt lat="35.5317000" lon="139.4985750">
    <ele>43.4</ele>
    <time>2023-11-05T01:16:24Z</time>
   </trkpt>
   <trkpt lat="35.5317080" lon="139.4985890">
    <ele>43.5</ele>
    <time>2023-11-05T01:16:25Z</time>
   </trkpt>
   <trkpt lat="35.5317270" lon="139.4986310">
    <ele>43.5</ele>
    <time>2023-11-05T01:16:26Z</time>
   </trkpt>
   <trkpt lat="35.5317310" lon="139.4986450">
    <ele>43.5</ele>
    <time>2023-11-05T01:16:27Z</time>
   </trkpt>
   <trkpt lat="35.5315630" lon="139.4986940">
    <ele>43.8</ele>
    <time>2023-11-05T01:16:28Z</time>
   </trkpt>
   <trkpt lat="35.5317740" lon="139.4988540">
    <ele>44.2</ele>
    <time>2023-11-05T01:16:33Z</time>
   </trkpt>
   <trkpt lat="35.5318030" lon="139.4988480">
    <ele>44.3</ele>
    <time>2023-11-05T01:16:34Z</time>
   </trkpt>
   <trkpt lat="35.5318250" lon="139.4988140">
    <ele>44.0</ele>
    <time>2023-11-05T01:16:35Z</time>
   </trkpt>
   <trkpt lat="35.5318660" lon="139.4988230">
    <ele>44.6</ele>
    <time>2023-11-05T01:16:36Z</time>
   </trkpt>
   <trkpt lat="35.5319290" lon="139.4987420">
    <ele>44.1</ele>
    <time>2023-11-05T01:16:37Z</time>
   </trkpt>
   <trkpt lat="35.5319560" lon="139.4987140">
    <ele>43.7</ele>
    <time>2023-11-05T01:16:38Z</time>
   </trkpt>
   <trkpt lat="35.5320210" lon="139.4987010">
    <ele>43.5</ele>
    <time>2023-11-05T01:16:39Z</time>
   </trkpt>
   <trkpt lat="35.5320780" lon="139.4986040">
    <ele>42.6</ele>
    <time>2023-11-05T01:16:40Z</time>
   </trkpt>
   <trkpt lat="35.5321140" lon="139.4985840">
    <ele>42.3</ele>
    <time>2023-11-05T01:16:41Z</time>
   </trkpt>
   <trkpt lat="35.5321330" lon="139.4985790">
    <ele>42.4</ele>
    <time>2023-11-05T01:16:42Z</time>
   </trkpt>
   <trkpt lat="35.5321620" lon="139.4985620">
    <ele>42.4</ele>
    <time>2023-11-05T01:16:43Z</time>
   </trkpt>
   <trkpt lat="35.5321810" lon="139.4985840">
    <ele>42.9</ele>
    <time>2023-11-05T01:16:44Z</time>
   </trkpt>
   <trkpt lat="35.5321910" lon="139.4985920">
    <ele>43.1</ele>
    <time>2023-11-05T01:16:45Z</time>
   </trkpt>
   <trkpt lat="35.5322130" lon="139.4986110">
    <ele>43.6</ele>
    <time>2023-11-05T01:16:46Z</time>
   </trkpt>
   <trkpt lat="35.5322180" lon="139.4986220">
    <ele>43.7</ele>
    <time>2023-11-05T01:16:47Z</time>
   </trkpt>
   <trkpt lat="35.5322330" lon="139.4986330">
    <ele>44.0</ele>
    <time>2023-11-05T01:16:48Z</time>
   </trkpt>
   <trkpt lat="35.5322330" lon="139.4986360">
    <ele>44.1</ele>
    <time>2023-11-05T01:16:49Z</time>
   </trkpt>
   <trkpt lat="35.5322970" lon="139.4986340">
    <ele>45.0</ele>
    <time>2023-11-05T01:17:33Z</time>
   </trkpt>
   <trkpt lat="35.5322960" lon="139.4986330">
    <ele>45.0</ele>
    <time>2023-11-05T01:17:34Z</time>
   </trkpt>
   <trkpt lat="35.5323170" lon="139.4986370">
    <ele>45.0</ele>
    <time>2023-11-05T01:17:35Z</time>
   </trkpt>
   <trkpt lat="35.5323520" lon="139.4986480">
    <ele>45.0</ele>
    <time>2023-11-05T01:17:36Z</time>
   </trkpt>
   <trkpt lat="35.5323850" lon="139.4986550">
    <ele>45.0</ele>
    <time>2023-11-05T01:17:37Z</time>
   </trkpt>
   <trkpt lat="35.5323960" lon="139.4986580">
    <ele>45.0</ele>
    <time>2023-11-05T01:17:38Z</time>
   </trkpt>
   <trkpt lat="35.5324110" lon="139.4986660">
    <ele>45.0</ele>
    <time>2023-11-05T01:17:39Z</time>
   </trkpt>
   <trkpt lat="35.5324160" lon="139.4986720">
    <ele>45.0</ele>
    <time>2023-11-05T01:17:40Z</time>
   </trkpt>
   <trkpt lat="35.5324220" lon="139.4986770">
    <ele>45.0</ele>
    <time>2023-11-05T01:17:41Z</time>
   </trkpt>
   <trkpt lat="35.5324280" lon="139.4986830">
    <ele>45.0</ele>
    <time>2023-11-05T01:17:42Z</time>
   </trkpt>
   <trkpt lat="35.5324540" lon="139.4986790">
    <ele>45.0</ele>
    <time>2023-11-05T01:17:43Z</time>
   </trkpt>
   <trkpt lat="35.5324660" lon="139.4986690">
    <ele>45.0</ele>
    <time>2023-11-05T01:17:44Z</time>
   </trkpt>
   <trkpt lat="35.5324780" lon="139.4986580">
    <ele>45.0</ele>
    <time>2023-11-05T01:18:11Z</time>
   </trkpt>
   <trkpt lat="35.5324900" lon="139.4986480">
    <ele>45.0</ele>
    <time>2023-11-05T01:18:12Z</time>
   </trkpt>
   <trkpt lat="35.5325010" lon="139.4986370">
    <ele>44.9</ele>
    <time>2023-11-05T01:18:13Z</time>
   </trkpt>
   <trkpt lat="35.5325300" lon="139.4986720">
    <ele>44.9</ele>
    <time>2023-11-05T01:18:14Z</time>
   </trkpt>
   <trkpt lat="35.5325510" lon="139.4986750">
    <ele>45.0</ele>
    <time>2023-11-05T01:18:15Z</time>
   </trkpt>
   <trkpt lat="35.5325760" lon="139.4986930">
    <ele>45.0</ele>
    <time>2023-11-05T01:18:16Z</time>
   </trkpt>
   <trkpt lat="35.5326060" lon="139.4987040">
    <ele>44.9</ele>
    <time>2023-11-05T01:18:17Z</time>
   </trkpt>
   <trkpt lat="35.5326350" lon="139.4987370">
    <ele>44.9</ele>
    <time>2023-11-05T01:18:18Z</time>
   </trkpt>
   <trkpt lat="35.5326570" lon="139.4987570">
    <ele>44.9</ele>
    <time>2023-11-05T01:18:19Z</time>
   </trkpt>
   <trkpt lat="35.5326850" lon="139.4987860">
    <ele>44.8</ele>
    <time>2023-11-05T01:18:20Z</time>
   </trkpt>
   <trkpt lat="35.5326960" lon="139.4987970">
    <ele>44.8</ele>
    <time>2023-11-05T01:18:21Z</time>
   </trkpt>
   <trkpt lat="35.5327280" lon="139.4988090">
    <ele>44.8</ele>
    <time>2023-11-05T01:18:22Z</time>
   </trkpt>
   <trkpt lat="35.5327400" lon="139.4988100">
    <ele>44.8</ele>
    <time>2023-11-05T01:18:23Z</time>
   </trkpt>
   <trkpt lat="35.5327590" lon="139.4988190">
    <ele>44.7</ele>
    <time>2023-11-05T01:18:24Z</time>
   </trkpt>
   <trkpt lat="35.5327680" lon="139.4988260">
    <ele>44.7</ele>
    <time>2023-11-05T01:18:25Z</time>
   </trkpt>
   <trkpt lat="35.5327750" lon="139.4988450">
    <ele>44.7</ele>
    <time>2023-11-05T01:18:31Z</time>
   </trkpt>
   <trkpt lat="35.5327840" lon="139.4988470">
    <ele>44.7</ele>
    <time>2023-11-05T01:18:32Z</time>
   </trkpt>
   <trkpt lat="35.5327930" lon="139.4988490">
    <ele>44.7</ele>
    <time>2023-11-05T01:18:33Z</time>
   </trkpt>
   <trkpt lat="35.5328010" lon="139.4988510">
    <ele>44.6</ele>
    <time>2023-11-05T01:18:34Z</time>
   </trkpt>
   <trkpt lat="35.5328100" lon="139.4988520">
    <ele>44.6</ele>
    <time>2023-11-05T01:18:35Z</time>
   </trkpt>
   <trkpt lat="35.5328340" lon="139.4988780">
    <ele>44.6</ele>
    <time>2023-11-05T01:18:36Z</time>
   </trkpt>
   <trkpt lat="35.5328600" lon="139.4989140">
    <ele>44.5</ele>
    <time>2023-11-05T01:18:37Z</time>
   </trkpt>
   <trkpt lat="35.5328690" lon="139.4989310">
    <ele>44.5</ele>
    <time>2023-11-05T01:18:38Z</time>
   </trkpt>
   <trkpt lat="35.5329000" lon="139.4989520">
    <ele>44.5</ele>
    <time>2023-11-05T01:18:39Z</time>
   </trkpt>
   <trkpt lat="35.5329220" lon="139.4989770">
    <ele>44.4</ele>
    <time>2023-11-05T01:18:40Z</time>
   </trkpt>
   <trkpt lat="35.5329520" lon="139.4989840">
    <ele>44.4</ele>
    <time>2023-11-05T01:18:41Z</time>
   </trkpt>
   <trkpt lat="35.5329760" lon="139.4990040">
    <ele>44.4</ele>
    <time>2023-11-05T01:18:42Z</time>
   </trkpt>
   <trkpt lat="35.5330140" lon="139.4990180">
    <ele>44.3</ele>
    <time>2023-11-05T01:18:43Z</time>
   </trkpt>
   <trkpt lat="35.5330400" lon="139.4990380">
    <ele>44.3</ele>
    <time>2023-11-05T01:18:44Z</time>
   </trkpt>
   <trkpt lat="35.5330700" lon="139.4990650">
    <ele>44.2</ele>
    <time>2023-11-05T01:18:45Z</time>
   </trkpt>
   <trkpt lat="35.5330820" lon="139.4990770">
    <ele>44.2</ele>
    <time>2023-11-05T01:18:46Z</time>
   </trkpt>
   <trkpt lat="35.5331070" lon="139.4990980">
    <ele>44.2</ele>
    <time>2023-11-05T01:18:47Z</time>
   </trkpt>
   <trkpt lat="35.5331180" lon="139.4991060">
    <ele>44.2</ele>
    <time>2023-11-05T01:18:48Z</time>
   </trkpt>
   <trkpt lat="35.5331570" lon="139.4991290">
    <ele>44.1</ele>
    <time>2023-11-05T01:18:49Z</time>
   </trkpt>
   <trkpt lat="35.5331710" lon="139.4991410">
    <ele>44.1</ele>
    <time>2023-11-05T01:18:50Z</time>
   </trkpt>
   <trkpt lat="35.5332030" lon="139.4991730">
    <ele>44.0</ele>
    <time>2023-11-05T01:18:51Z</time>
   </trkpt>
   <trkpt lat="35.5332140" lon="139.4991850">
    <ele>43.9</ele>
    <time>2023-11-05T01:18:52Z</time>
   </trkpt>
   <trkpt lat="35.5332530" lon="139.4991930">
    <ele>43.8</ele>
    <time>2023-11-05T01:18:53Z</time>
   </trkpt>
   <trkpt lat="35.5332650" lon="139.4991930">
    <ele>43.8</ele>
    <time>2023-11-05T01:18:54Z</time>
   </trkpt>
   <trkpt lat="35.5332950" lon="139.4992000">
    <ele>43.7</ele>
    <time>2023-11-05T01:18:55Z</time>
   </trkpt>
   <trkpt lat="35.5333060" lon="139.4992060">
    <ele>43.7</ele>
    <time>2023-11-05T01:18:56Z</time>
   </trkpt>
   <trkpt lat="35.5333420" lon="139.4992290">
    <ele>43.6</ele>
    <time>2023-11-05T01:18:57Z</time>
   </trkpt>
   <trkpt lat="35.5333540" lon="139.4992340">
    <ele>43.6</ele>
    <time>2023-11-05T01:18:58Z</time>
   </trkpt>
   <trkpt lat="35.5333810" lon="139.4992260">
    <ele>43.5</ele>
    <time>2023-11-05T01:18:59Z</time>
   </trkpt>
   <trkpt lat="35.5334080" lon="139.4992300">
    <ele>43.4</ele>
    <time>2023-11-05T01:19:00Z</time>
   </trkpt>
   <trkpt lat="35.5334410" lon="139.4992380">
    <ele>43.3</ele>
    <time>2023-11-05T01:19:01Z</time>
   </trkpt>
   <trkpt lat="35.5334530" lon="139.4992390">
    <ele>43.3</ele>
    <time>2023-11-05T01:19:02Z</time>
   </trkpt>
   <trkpt lat="35.5334920" lon="139.4992510">
    <ele>43.2</ele>
    <time>2023-11-05T01:19:03Z</time>
   </trkpt>
   <trkpt lat="35.5335060" lon="139.4992550">
    <ele>43.1</ele>
    <time>2023-11-05T01:19:04Z</time>
   </trkpt>
   <trkpt lat="35.5335380" lon="139.4992790">
    <ele>43.0</ele>
    <time>2023-11-05T01:19:05Z</time>
   </trkpt>
   <trkpt lat="35.5335490" lon="139.4992870">
    <ele>43.0</ele>
    <time>2023-11-05T01:19:06Z</time>
   </trkpt>
   <trkpt lat="35.5335770" lon="139.4992990">
    <ele>42.9</ele>
    <time>2023-11-05T01:19:07Z</time>
   </trkpt>
   <trkpt lat="35.5336080" lon="139.4993050">
    <ele>42.8</ele>
    <time>2023-11-05T01:19:08Z</time>
   </trkpt>
   <trkpt lat="35.5336300" lon="139.4993300">
    <ele>42.7</ele>
    <time>2023-11-05T01:19:09Z</time>
   </trkpt>
   <trkpt lat="35.5336750" lon="139.4993550">
    <ele>42.6</ele>
    <time>2023-11-05T01:19:10Z</time>
   </trkpt>
   <trkpt lat="35.5337080" lon="139.4993680">
    <ele>42.5</ele>
    <time>2023-11-05T01:19:11Z</time>
   </trkpt>
   <trkpt lat="35.5337160" lon="139.4993820">
    <ele>42.5</ele>
    <time>2023-11-05T01:19:12Z</time>
   </trkpt>
   <trkpt lat="35.5337490" lon="139.4994060">
    <ele>42.4</ele>
    <time>2023-11-05T01:19:13Z</time>
   </trkpt>
   <trkpt lat="35.5337590" lon="139.4994160">
    <ele>42.3</ele>
    <time>2023-11-05T01:19:14Z</time>
   </trkpt>
   <trkpt lat="35.5337940" lon="139.4994230">
    <ele>42.2</ele>
    <time>2023-11-05T01:19:15Z</time>
   </trkpt>
   <trkpt lat="35.5338050" lon="139.4994290">
    <ele>42.2</ele>
    <time>2023-11-05T01:19:16Z</time>
   </trkpt>
   <trkpt lat="35.5338420" lon="139.4994460">
    <ele>42.1</ele>
    <time>2023-11-05T01:19:17Z</time>
   </trkpt>
   <trkpt lat="35.5338570" lon="139.4994520">
    <ele>42.1</ele>
    <time>2023-11-05T01:19:18Z</time>
   </trkpt>
   <trkpt lat="35.5338810" lon="139.4994680">
    <ele>42.0</ele>
    <time>2023-11-05T01:19:19Z</time>
   </trkpt>
   <trkpt lat="35.5339090" lon="139.4994800">
    <ele>41.9</ele>
    <time>2023-11-05T01:19:20Z</time>
   </trkpt>
   <trkpt lat="35.5339430" lon="139.4994980">
    <ele>41.8</ele>
    <time>2023-11-05T01:19:21Z</time>
   </trkpt>
   <trkpt lat="35.5339560" lon="139.4995030">
    <ele>41.8</ele>
    <time>2023-11-05T01:19:22Z</time>
   </trkpt>
   <trkpt lat="35.5339790" lon="139.4995220">
    <ele>41.7</ele>
    <time>2023-11-05T01:19:23Z</time>
   </trkpt>
   <trkpt lat="35.5340140" lon="139.4995450">
    <ele>41.6</ele>
    <time>2023-11-05T01:19:24Z</time>
   </trkpt>
   <trkpt lat="35.5340270" lon="139.4995530">
    <ele>41.6</ele>
    <time>2023-11-05T01:19:25Z</time>
   </trkpt>
   <trkpt lat="35.5340600" lon="139.4995660">
    <ele>41.5</ele>
    <time>2023-11-05T01:19:26Z</time>
   </trkpt>
   <trkpt lat="35.5340710" lon="139.4995690">
    <ele>41.5</ele>
    <time>2023-11-05T01:19:27Z</time>
   </trkpt>
   <trkpt lat="35.5341090" lon="139.4995850">
    <ele>41.4</ele>
    <time>2023-11-05T01:19:28Z</time>
   </trkpt>
   <trkpt lat="35.5341220" lon="139.4995950">
    <ele>41.4</ele>
    <time>2023-11-05T01:19:29Z</time>
   </trkpt>
   <trkpt lat="35.5341450" lon="139.4996220">
    <ele>41.3</ele>
    <time>2023-11-05T01:19:30Z</time>
   </trkpt>
   <trkpt lat="35.5341660" lon="139.4996440">
    <ele>41.3</ele>
    <time>2023-11-05T01:19:31Z</time>
   </trkpt>
   <trkpt lat="35.5341890" lon="139.4996650">
    <ele>41.2</ele>
    <time>2023-11-05T01:19:32Z</time>
   </trkpt>
   <trkpt lat="35.5342120" lon="139.4996840">
    <ele>41.2</ele>
    <time>2023-11-05T01:19:33Z</time>
   </trkpt>
   <trkpt lat="35.5342450" lon="139.4997070">
    <ele>41.1</ele>
    <time>2023-11-05T01:19:34Z</time>
   </trkpt>
   <trkpt lat="35.5342590" lon="139.4997180">
    <ele>41.1</ele>
    <time>2023-11-05T01:19:35Z</time>
   </trkpt>
   <trkpt lat="35.5342940" lon="139.4997210">
    <ele>41.1</ele>
    <time>2023-11-05T01:19:36Z</time>
   </trkpt>
   <trkpt lat="35.5343040" lon="139.4997310">
    <ele>41.0</ele>
    <time>2023-11-05T01:19:37Z</time>
   </trkpt>
   <trkpt lat="35.5343350" lon="139.4997510">
    <ele>41.0</ele>
    <time>2023-11-05T01:19:38Z</time>
   </trkpt>
   <trkpt lat="35.5343660" lon="139.4997810">
    <ele>40.9</ele>
    <time>2023-11-05T01:19:39Z</time>
   </trkpt>
   <trkpt lat="35.5343740" lon="139.4997990">
    <ele>40.9</ele>
    <time>2023-11-05T01:19:40Z</time>
   </trkpt>
   <trkpt lat="35.5344030" lon="139.4998150">
    <ele>40.9</ele>
    <time>2023-11-05T01:19:41Z</time>
   </trkpt>
   <trkpt lat="35.5344330" lon="139.4998350">
    <ele>40.8</ele>
    <time>2023-11-05T01:19:42Z</time>
   </trkpt>
   <trkpt lat="35.5344430" lon="139.4998520">
    <ele>40.7</ele>
    <time>2023-11-05T01:19:43Z</time>
   </trkpt>
   <trkpt lat="35.5344760" lon="139.4998650">
    <ele>40.6</ele>
    <time>2023-11-05T01:19:44Z</time>
   </trkpt>
   <trkpt lat="35.5344880" lon="139.4998690">
    <ele>40.5</ele>
    <time>2023-11-05T01:19:45Z</time>
   </trkpt>
   <trkpt lat="35.5345160" lon="139.4998740">
    <ele>40.4</ele>
    <time>2023-11-05T01:19:46Z</time>
   </trkpt>
   <trkpt lat="35.5345490" lon="139.4998950">
    <ele>40.2</ele>
    <time>2023-11-05T01:19:48Z</time>
   </trkpt>
   <trkpt lat="35.5345610" lon="139.4999040">
    <ele>40.2</ele>
    <time>2023-11-05T01:19:49Z</time>
   </trkpt>
   <trkpt lat="35.5345950" lon="139.4999180">
    <ele>40.0</ele>
    <time>2023-11-05T01:19:50Z</time>
   </trkpt>
   <trkpt lat="35.5346060" lon="139.4999220">
    <ele>40.0</ele>
    <time>2023-11-05T01:19:51Z</time>
   </trkpt>
   <trkpt lat="35.5346330" lon="139.4999490">
    <ele>39.8</ele>
    <time>2023-11-05T01:19:52Z</time>
   </trkpt>
   <trkpt lat="35.5346420" lon="139.4999680">
    <ele>39.7</ele>
    <time>2023-11-05T01:19:53Z</time>
   </trkpt>
   <trkpt lat="35.5346660" lon="139.5000130">
    <ele>39.5</ele>
    <time>2023-11-05T01:19:54Z</time>
   </trkpt>
   <trkpt lat="35.5346910" lon="139.5000340">
    <ele>39.4</ele>
    <time>2023-11-05T01:19:55Z</time>
   </trkpt>
   <trkpt lat="35.5347220" lon="139.5000350">
    <ele>39.2</ele>
    <time>2023-11-05T01:19:56Z</time>
   </trkpt>
   <trkpt lat="35.5347350" lon="139.5000350">
    <ele>39.2</ele>
    <time>2023-11-05T01:19:57Z</time>
   </trkpt>
   <trkpt lat="35.5347670" lon="139.5000410">
    <ele>39.0</ele>
    <time>2023-11-05T01:19:58Z</time>
   </trkpt>
   <trkpt lat="35.5347780" lon="139.5000470">
    <ele>39.0</ele>
    <time>2023-11-05T01:19:59Z</time>
   </trkpt>
   <trkpt lat="35.5348100" lon="139.5000470">
    <ele>38.8</ele>
    <time>2023-11-05T01:20:00Z</time>
   </trkpt>
   <trkpt lat="35.5348400" lon="139.5000400">
    <ele>38.7</ele>
    <time>2023-11-05T01:20:01Z</time>
   </trkpt>
   <trkpt lat="35.5348700" lon="139.5000590">
    <ele>38.6</ele>
    <time>2023-11-05T01:20:02Z</time>
   </trkpt>
   <trkpt lat="35.5348800" lon="139.5000670">
    <ele>38.5</ele>
    <time>2023-11-05T01:20:03Z</time>
   </trkpt>
   <trkpt lat="35.5349180" lon="139.5000600">
    <ele>38.3</ele>
    <time>2023-11-05T01:20:04Z</time>
   </trkpt>
   <trkpt lat="35.5349340" lon="139.5000530">
    <ele>38.2</ele>
    <time>2023-11-05T01:20:05Z</time>
   </trkpt>
   <trkpt lat="35.5349640" lon="139.5000550">
    <ele>38.1</ele>
    <time>2023-11-05T01:20:06Z</time>
   </trkpt>
   <trkpt lat="35.5349840" lon="139.5000490">
    <ele>38.0</ele>
    <time>2023-11-05T01:20:07Z</time>
   </trkpt>
   <trkpt lat="35.5349930" lon="139.5000650">
    <ele>37.6</ele>
    <time>2023-11-05T01:20:08Z</time>
   </trkpt>
   <trkpt lat="35.5349950" lon="139.5000980">
    <ele>37.6</ele>
    <time>2023-11-05T01:20:09Z</time>
   </trkpt>
   <trkpt lat="35.5349770" lon="139.5001380">
    <ele>37.6</ele>
    <time>2023-11-05T01:20:10Z</time>
   </trkpt>
   <trkpt lat="35.5349710" lon="139.5001510">
    <ele>37.6</ele>
    <time>2023-11-05T01:20:11Z</time>
   </trkpt>
   <trkpt lat="35.5349490" lon="139.5001870">
    <ele>37.5</ele>
    <time>2023-11-05T01:20:12Z</time>
   </trkpt>
   <trkpt lat="35.5349430" lon="139.5001970">
    <ele>37.5</ele>
    <time>2023-11-05T01:20:13Z</time>
   </trkpt>
   <trkpt lat="35.5349210" lon="139.5002170">
    <ele>37.4</ele>
    <time>2023-11-05T01:20:14Z</time>
   </trkpt>
   <trkpt lat="35.5349110" lon="139.5002230">
    <ele>37.3</ele>
    <time>2023-11-05T01:20:15Z</time>
   </trkpt>
   <trkpt lat="35.5348850" lon="139.5002530">
    <ele>37.1</ele>
    <time>2023-11-05T01:20:16Z</time>
   </trkpt>
   <trkpt lat="35.5348800" lon="139.5002700">
    <ele>36.9</ele>
    <time>2023-11-05T01:20:17Z</time>
   </trkpt>
   <trkpt lat="35.5348710" lon="139.5003040">
    <ele>36.6</ele>
    <time>2023-11-05T01:20:18Z</time>
   </trkpt>
   <trkpt lat="35.5348590" lon="139.5003360">
    <ele>36.3</ele>
    <time>2023-11-05T01:20:19Z</time>
   </trkpt>
   <trkpt lat="35.5348260" lon="139.5003590">
    <ele>36.0</ele>
    <time>2023-11-05T01:20:20Z</time>
   </trkpt>
   <trkpt lat="35.5348120" lon="139.5003670">
    <ele>35.9</ele>
    <time>2023-11-05T01:20:21Z</time>
   </trkpt>
   <trkpt lat="35.5347670" lon="139.5003630">
    <ele>35.6</ele>
    <time>2023-11-05T01:20:22Z</time>
   </trkpt>
   <trkpt lat="35.5347350" lon="139.5003670">
    <ele>36.0</ele>
    <time>2023-11-05T01:20:23Z</time>
   </trkpt>
   <trkpt lat="35.5347270" lon="139.5003680">
    <ele>36.3</ele>
    <time>2023-11-05T01:20:24Z</time>
   </trkpt>
   <trkpt lat="35.5347020" lon="139.5003510">
    <ele>37.6</ele>
    <time>2023-11-05T01:20:25Z</time>
   </trkpt>
   <trkpt lat="35.5346760" lon="139.5003620">
    <ele>38.0</ele>
    <time>2023-11-05T01:20:26Z</time>
   </trkpt>
   <trkpt lat="35.5346460" lon="139.5003700">
    <ele>38.0</ele>
    <time>2023-11-05T01:20:27Z</time>
   </trkpt>
   <trkpt lat="35.5346360" lon="139.5003760">
    <ele>38.0</ele>
    <time>2023-11-05T01:20:28Z</time>
   </trkpt>
   <trkpt lat="35.5346100" lon="139.5004120">
    <ele>38.1</ele>
    <time>2023-11-05T01:20:29Z</time>
   </trkpt>
   <trkpt lat="35.5345990" lon="139.5004250">
    <ele>38.1</ele>
    <time>2023-11-05T01:20:30Z</time>
   </trkpt>
   <trkpt lat="35.5345630" lon="139.5004290">
    <ele>38.2</ele>
    <time>2023-11-05T01:20:31Z</time>
   </trkpt>
   <trkpt lat="35.5345280" lon="139.5004350">
    <ele>38.4</ele>
    <time>2023-11-05T01:20:32Z</time>
   </trkpt>
   <trkpt lat="35.5344980" lon="139.5004540">
    <ele>38.5</ele>
    <time>2023-11-05T01:20:33Z</time>
   </trkpt>
   <trkpt lat="35.5344880" lon="139.5004600">
    <ele>38.5</ele>
    <time>2023-11-05T01:20:34Z</time>
   </trkpt>
   <trkpt lat="35.5344800" lon="139.5005000">
    <ele>38.7</ele>
    <time>2023-11-05T01:20:35Z</time>
   </trkpt>
   <trkpt lat="35.5344810" lon="139.5005120">
    <ele>38.7</ele>
    <time>2023-11-05T01:20:36Z</time>
   </trkpt>
   <trkpt lat="35.5345080" lon="139.5005300">
    <ele>38.5</ele>
    <time>2023-11-05T01:20:37Z</time>
   </trkpt>
   <trkpt lat="35.5345450" lon="139.5005240">
    <ele>38.3</ele>
    <time>2023-11-05T01:20:38Z</time>
   </trkpt>
   <trkpt lat="35.5345790" lon="139.5005310">
    <ele>38.2</ele>
    <time>2023-11-05T01:20:39Z</time>
   </trkpt>
   <trkpt lat="35.5345910" lon="139.5005350">
    <ele>38.2</ele>
    <time>2023-11-05T01:20:40Z</time>
   </trkpt>
   <trkpt lat="35.5346170" lon="139.5005440">
    <ele>38.1</ele>
    <time>2023-11-05T01:20:41Z</time>
   </trkpt>
   <trkpt lat="35.5346420" lon="139.5005630">
    <ele>38.1</ele>
    <time>2023-11-05T01:20:42Z</time>
   </trkpt>
   <trkpt lat="35.5346670" lon="139.5005860">
    <ele>38.1</ele>
    <time>2023-11-05T01:20:43Z</time>
   </trkpt>
   <trkpt lat="35.5346750" lon="139.5005900">
    <ele>38.1</ele>
    <time>2023-11-05T01:20:44Z</time>
   </trkpt>
   <trkpt lat="35.5347100" lon="139.5005950">
    <ele>38.2</ele>
    <time>2023-11-05T01:20:45Z</time>
   </trkpt>
   <trkpt lat="35.5347200" lon="139.5005960">
    <ele>38.2</ele>
    <time>2023-11-05T01:20:46Z</time>
   </trkpt>
   <trkpt lat="35.5347530" lon="139.5006120">
    <ele>34.8</ele>
    <time>2023-11-05T01:20:47Z</time>
   </trkpt>
   <trkpt lat="35.5347640" lon="139.5006160">
    <ele>33.5</ele>
    <time>2023-11-05T01:20:48Z</time>
   </trkpt>
   <trkpt lat="35.5347890" lon="139.5006260">
    <ele>30.6</ele>
    <time>2023-11-05T01:20:49Z</time>
   </trkpt>
   <trkpt lat="35.5347980" lon="139.5006270">
    <ele>29.6</ele>
    <time>2023-11-05T01:20:50Z</time>
   </trkpt>
   <trkpt lat="35.5348060" lon="139.5006290">
    <ele>28.6</ele>
    <time>2023-11-05T01:20:51Z</time>
   </trkpt>
   <trkpt lat="35.5348450" lon="139.5006180">
    <ele>27.3</ele>
    <time>2023-11-05T01:20:52Z</time>
   </trkpt>
   <trkpt lat="35.5348570" lon="139.5005880">
    <ele>27.3</ele>
    <time>2023-11-05T01:20:53Z</time>
   </trkpt>
   <trkpt lat="35.5348730" lon="139.5005600">
    <ele>27.3</ele>
    <time>2023-11-05T01:20:54Z</time>
   </trkpt>
   <trkpt lat="35.5348970" lon="139.5005360">
    <ele>27.3</ele>
    <time>2023-11-05T01:20:55Z</time>
   </trkpt>
   <trkpt lat="35.5349100" lon="139.5004920">
    <ele>27.3</ele>
    <time>2023-11-05T01:20:56Z</time>
   </trkpt>
   <trkpt lat="35.5349130" lon="139.5004790">
    <ele>27.3</ele>
    <time>2023-11-05T01:20:57Z</time>
   </trkpt>
   <trkpt lat="35.5349340" lon="139.5004550">
    <ele>27.3</ele>
    <time>2023-11-05T01:20:58Z</time>
   </trkpt>
   <trkpt lat="35.5349630" lon="139.5004410">
    <ele>27.3</ele>
    <time>2023-11-05T01:20:59Z</time>
   </trkpt>
   <trkpt lat="35.5349940" lon="139.5004180">
    <ele>27.3</ele>
    <time>2023-11-05T01:21:00Z</time>
   </trkpt>
   <trkpt lat="35.5350040" lon="139.5004050">
    <ele>27.3</ele>
    <time>2023-11-05T01:21:01Z</time>
   </trkpt>
   <trkpt lat="35.5350210" lon="139.5003640">
    <ele>27.4</ele>
    <time>2023-11-05T01:21:02Z</time>
   </trkpt>
   <trkpt lat="35.5350250" lon="139.5003500">
    <ele>27.4</ele>
    <time>2023-11-05T01:21:03Z</time>
   </trkpt>
   <trkpt lat="35.5350540" lon="139.5003240">
    <ele>27.4</ele>
    <time>2023-11-05T01:21:04Z</time>
   </trkpt>
   <trkpt lat="35.5350590" lon="139.5003100">
    <ele>27.4</ele>
    <time>2023-11-05T01:21:05Z</time>
   </trkpt>
   <trkpt lat="35.5350710" lon="139.5002780">
    <ele>27.5</ele>
    <time>2023-11-05T01:21:06Z</time>
   </trkpt>
   <trkpt lat="35.5350820" lon="139.5002380">
    <ele>27.5</ele>
    <time>2023-11-05T01:21:07Z</time>
   </trkpt>
   <trkpt lat="35.5350820" lon="139.5002210">
    <ele>27.5</ele>
    <time>2023-11-05T01:21:08Z</time>
   </trkpt>
   <trkpt lat="35.5350890" lon="139.5001990">
    <ele>27.5</ele>
    <time>2023-11-05T01:21:09Z</time>
   </trkpt>
   <trkpt lat="35.5350980" lon="139.5001870">
    <ele>27.5</ele>
    <time>2023-11-05T01:21:10Z</time>
   </trkpt>
   <trkpt lat="35.5351150" lon="139.5002180">
    <ele>27.5</ele>
    <time>2023-11-05T01:21:11Z</time>
   </trkpt>
   <trkpt lat="35.5351210" lon="139.5002280">
    <ele>27.5</ele>
    <time>2023-11-05T01:21:12Z</time>
   </trkpt>
   <trkpt lat="35.5351420" lon="139.5002540">
    <ele>27.5</ele>
    <time>2023-11-05T01:21:13Z</time>
   </trkpt>
   <trkpt lat="35.5351500" lon="139.5002640">
    <ele>27.5</ele>
    <time>2023-11-05T01:21:14Z</time>
   </trkpt>
   <trkpt lat="35.5351780" lon="139.5002730">
    <ele>27.5</ele>
    <time>2023-11-05T01:21:15Z</time>
   </trkpt>
   <trkpt lat="35.5351890" lon="139.5002770">
    <ele>27.5</ele>
    <time>2023-11-05T01:21:16Z</time>
   </trkpt>
   <trkpt lat="35.5352130" lon="139.5002980">
    <ele>27.5</ele>
    <time>2023-11-05T01:21:17Z</time>
   </trkpt>
   <trkpt lat="35.5352220" lon="139.5003080">
    <ele>27.5</ele>
    <time>2023-11-05T01:21:18Z</time>
   </trkpt>
   <trkpt lat="35.5352500" lon="139.5003260">
    <ele>27.5</ele>
    <time>2023-11-05T01:21:19Z</time>
   </trkpt>
   <trkpt lat="35.5352580" lon="139.5003300">
    <ele>27.5</ele>
    <time>2023-11-05T01:21:20Z</time>
   </trkpt>
   <trkpt lat="35.5352820" lon="139.5003530">
    <ele>27.4</ele>
    <time>2023-11-05T01:21:21Z</time>
   </trkpt>
   <trkpt lat="35.5352960" lon="139.5003640">
    <ele>27.3</ele>
    <time>2023-11-05T01:21:22Z</time>
   </trkpt>
   <trkpt lat="35.5353090" lon="139.5003750">
    <ele>27.2</ele>
    <time>2023-11-05T01:21:24Z</time>
   </trkpt>
   <trkpt lat="35.5353230" lon="139.5003870">
    <ele>27.1</ele>
    <time>2023-11-05T01:21:25Z</time>
   </trkpt>
   <trkpt lat="35.5353610" lon="139.5003950">
    <ele>26.8</ele>
    <time>2023-11-05T01:21:26Z</time>
   </trkpt>
   <trkpt lat="35.5353730" lon="139.5003970">
    <ele>26.7</ele>
    <time>2023-11-05T01:21:27Z</time>
   </trkpt>
   <trkpt lat="35.5354070" lon="139.5004140">
    <ele>26.5</ele>
    <time>2023-11-05T01:21:28Z</time>
   </trkpt>
   <trkpt lat="35.5354160" lon="139.5004220">
    <ele>26.4</ele>
    <time>2023-11-05T01:21:29Z</time>
   </trkpt>
   <trkpt lat="35.5354470" lon="139.5004400">
    <ele>26.2</ele>
    <time>2023-11-05T01:21:30Z</time>
   </trkpt>
   <trkpt lat="35.5354580" lon="139.5004430">
    <ele>26.2</ele>
    <time>2023-11-05T01:21:31Z</time>
   </trkpt>
   <trkpt lat="35.5354880" lon="139.5004690">
    <ele>26.0</ele>
    <time>2023-11-05T01:21:32Z</time>
   </trkpt>
   <trkpt lat="35.5354970" lon="139.5004770">
    <ele>26.0</ele>
    <time>2023-11-05T01:21:33Z</time>
   </trkpt>
   <trkpt lat="35.5355280" lon="139.5004940">
    <ele>25.9</ele>
    <time>2023-11-05T01:21:34Z</time>
   </trkpt>
   <trkpt lat="35.5355380" lon="139.5005030">
    <ele>25.9</ele>
    <time>2023-11-05T01:21:35Z</time>
   </trkpt>
   <trkpt lat="35.5355700" lon="139.5005210">
    <ele>25.8</ele>
    <time>2023-11-05T01:21:36Z</time>
   </trkpt>
   <trkpt lat="35.5355800" lon="139.5005240">
    <ele>25.8</ele>
    <time>2023-11-05T01:21:37Z</time>
   </trkpt>
   <trkpt lat="35.5356090" lon="139.5005560">
    <ele>25.8</ele>
    <time>2023-11-05T01:21:38Z</time>
   </trkpt>
   <trkpt lat="35.5356200" lon="139.5005660">
    <ele>25.8</ele>
    <time>2023-11-05T01:21:39Z</time>
   </trkpt>
   <trkpt lat="35.5356420" lon="139.5005850">
    <ele>25.8</ele>
    <time>2023-11-05T01:21:40Z</time>
   </trkpt>
   <trkpt lat="35.5356760" lon="139.5005990">
    <ele>25.8</ele>
    <time>2023-11-05T01:21:41Z</time>
   </trkpt>
   <trkpt lat="35.5356860" lon="139.5006050">
    <ele>25.8</ele>
    <time>2023-11-05T01:21:42Z</time>
   </trkpt>
   <trkpt lat="35.5357230" lon="139.5006240">
    <ele>25.8</ele>
    <time>2023-11-05T01:21:43Z</time>
   </trkpt>
   <trkpt lat="35.5357350" lon="139.5006340">
    <ele>25.9</ele>
    <time>2023-11-05T01:21:44Z</time>
   </trkpt>
   <trkpt lat="35.5357650" lon="139.5006560">
    <ele>25.9</ele>
    <time>2023-11-05T01:21:45Z</time>
   </trkpt>
   <trkpt lat="35.5357760" lon="139.5006650">
    <ele>25.9</ele>
    <time>2023-11-05T01:21:46Z</time>
   </trkpt>
   <trkpt lat="35.5358110" lon="139.5006810">
    <ele>25.9</ele>
    <time>2023-11-05T01:21:47Z</time>
   </trkpt>
   <trkpt lat="35.5358230" lon="139.5006870">
    <ele>25.9</ele>
    <time>2023-11-05T01:21:48Z</time>
   </trkpt>
   <trkpt lat="35.5358570" lon="139.5007060">
    <ele>26.0</ele>
    <time>2023-11-05T01:21:49Z</time>
   </trkpt>
   <trkpt lat="35.5358700" lon="139.5007160">
    <ele>26.0</ele>
    <time>2023-11-05T01:21:50Z</time>
   </trkpt>
   <trkpt lat="35.5358980" lon="139.5007370">
    <ele>26.0</ele>
    <time>2023-11-05T01:21:51Z</time>
   </trkpt>
   <trkpt lat="35.5359100" lon="139.5007460">
    <ele>26.0</ele>
    <time>2023-11-05T01:21:52Z</time>
   </trkpt>
   <trkpt lat="35.5359440" lon="139.5007670">
    <ele>26.0</ele>
    <time>2023-11-05T01:21:54Z</time>
   </trkpt>
   <trkpt lat="35.5359560" lon="139.5007750">
    <ele>26.0</ele>
    <time>2023-11-05T01:21:55Z</time>
   </trkpt>
   <trkpt lat="35.5359770" lon="139.5007970">
    <ele>26.0</ele>
    <time>2023-11-05T01:21:56Z</time>
   </trkpt>
   <trkpt lat="35.5360080" lon="139.5008230">
    <ele>26.1</ele>
    <time>2023-11-05T01:21:57Z</time>
   </trkpt>
   <trkpt lat="35.5360230" lon="139.5008280">
    <ele>26.1</ele>
    <time>2023-11-05T01:21:58Z</time>
   </trkpt>
   <trkpt lat="35.5360580" lon="139.5008490">
    <ele>26.2</ele>
    <time>2023-11-05T01:21:59Z</time>
   </trkpt>
   <trkpt lat="35.5360690" lon="139.5008580">
    <ele>26.2</ele>
    <time>2023-11-05T01:22:00Z</time>
   </trkpt>
   <trkpt lat="35.5360970" lon="139.5008840">
    <ele>26.2</ele>
    <time>2023-11-05T01:22:01Z</time>
   </trkpt>
   <trkpt lat="35.5361050" lon="139.5008910">
    <ele>26.2</ele>
    <time>2023-11-05T01:22:02Z</time>
   </trkpt>
   <trkpt lat="35.5361390" lon="139.5009160">
    <ele>26.3</ele>
    <time>2023-11-05T01:22:03Z</time>
   </trkpt>
   <trkpt lat="35.5361500" lon="139.5009230">
    <ele>26.3</ele>
    <time>2023-11-05T01:22:04Z</time>
   </trkpt>
   <trkpt lat="35.5361870" lon="139.5009380">
    <ele>26.4</ele>
    <time>2023-11-05T01:22:05Z</time>
   </trkpt>
   <trkpt lat="35.5361980" lon="139.5009450">
    <ele>26.4</ele>
    <time>2023-11-05T01:22:06Z</time>
   </trkpt>
   <trkpt lat="35.5362210" lon="139.5009640">
    <ele>26.4</ele>
    <time>2023-11-05T01:22:07Z</time>
   </trkpt>
   <trkpt lat="35.5362540" lon="139.5009830">
    <ele>26.5</ele>
    <time>2023-11-05T01:22:08Z</time>
   </trkpt>
   <trkpt lat="35.5362650" lon="139.5009860">
    <ele>26.5</ele>
    <time>2023-11-05T01:22:09Z</time>
   </trkpt>
   <trkpt lat="35.5362870" lon="139.5010080">
    <ele>26.5</ele>
    <time>2023-11-05T01:22:10Z</time>
   </trkpt>
   <trkpt lat="35.5363120" lon="139.5010220">
    <ele>26.6</ele>
    <time>2023-11-05T01:22:11Z</time>
   </trkpt>
   <trkpt lat="35.5363450" lon="139.5010440">
    <ele>26.6</ele>
    <time>2023-11-05T01:22:12Z</time>
   </trkpt>
   <trkpt lat="35.5363580" lon="139.5010520">
    <ele>26.7</ele>
    <time>2023-11-05T01:22:13Z</time>
   </trkpt>
   <trkpt lat="35.5363890" lon="139.5010710">
    <ele>26.8</ele>
    <time>2023-11-05T01:22:14Z</time>
   </trkpt>
   <trkpt lat="35.5363970" lon="139.5010780">
    <ele>26.8</ele>
    <time>2023-11-05T01:22:15Z</time>
   </trkpt>
   <trkpt lat="35.5364350" lon="139.5011110">
    <ele>26.9</ele>
    <time>2023-11-05T01:22:16Z</time>
   </trkpt>
   <trkpt lat="35.5364690" lon="139.5011320">
    <ele>26.9</ele>
    <time>2023-11-05T01:22:17Z</time>
   </trkpt>
   <trkpt lat="35.5364820" lon="139.5011370">
    <ele>26.9</ele>
    <time>2023-11-05T01:22:18Z</time>
   </trkpt>
   <trkpt lat="35.5365150" lon="139.5011550">
    <ele>26.9</ele>
    <time>2023-11-05T01:22:19Z</time>
   </trkpt>
   <trkpt lat="35.5365250" lon="139.5011610">
    <ele>26.9</ele>
    <time>2023-11-05T01:22:20Z</time>
   </trkpt>
   <trkpt lat="35.5365580" lon="139.5011850">
    <ele>26.9</ele>
    <time>2023-11-05T01:22:21Z</time>
   </trkpt>
   <trkpt lat="35.5365720" lon="139.5011870">
    <ele>26.8</ele>
    <time>2023-11-05T01:22:22Z</time>
   </trkpt>
   <trkpt lat="35.5365980" lon="139.5012150">
    <ele>26.8</ele>
    <time>2023-11-05T01:22:23Z</time>
   </trkpt>
   <trkpt lat="35.5366060" lon="139.5012260">
    <ele>26.8</ele>
    <time>2023-11-05T01:22:24Z</time>
   </trkpt>
   <trkpt lat="35.5366410" lon="139.5012390">
    <ele>26.7</ele>
    <time>2023-11-05T01:22:25Z</time>
   </trkpt>
   <trkpt lat="35.5366510" lon="139.5012510">
    <ele>26.7</ele>
    <time>2023-11-05T01:22:26Z</time>
   </trkpt>
   <trkpt lat="35.5366850" lon="139.5012690">
    <ele>26.7</ele>
    <time>2023-11-05T01:22:27Z</time>
   </trkpt>
   <trkpt lat="35.5367000" lon="139.5012690">
    <ele>26.7</ele>
    <time>2023-11-05T01:22:28Z</time>
   </trkpt>
   <trkpt lat="35.5367220" lon="139.5012890">
    <ele>26.7</ele>
    <time>2023-11-05T01:22:29Z</time>
   </trkpt>
   <trkpt lat="35.5367550" lon="139.5013070">
    <ele>26.6</ele>
    <time>2023-11-05T01:22:30Z</time>
   </trkpt>
   <trkpt lat="35.5367670" lon="139.5013120">
    <ele>26.6</ele>
    <time>2023-11-05T01:22:31Z</time>
   </trkpt>
   <trkpt lat="35.5367990" lon="139.5013270">
    <ele>26.6</ele>
    <time>2023-11-05T01:22:32Z</time>
   </trkpt>
   <trkpt lat="35.5368100" lon="139.5013320">
    <ele>26.6</ele>
    <time>2023-11-05T01:22:33Z</time>
   </trkpt>
   <trkpt lat="35.5368390" lon="139.5013540">
    <ele>26.5</ele>
    <time>2023-11-05T01:22:34Z</time>
   </trkpt>
   <trkpt lat="35.5368620" lon="139.5013730">
    <ele>26.5</ele>
    <time>2023-11-05T01:22:35Z</time>
   </trkpt>
   <trkpt lat="35.5368910" lon="139.5014050">
    <ele>26.5</ele>
    <time>2023-11-05T01:22:36Z</time>
   </trkpt>
   <trkpt lat="35.5369200" lon="139.5014170">
    <ele>26.5</ele>
    <time>2023-11-05T01:22:37Z</time>
   </trkpt>
   <trkpt lat="35.5369300" lon="139.5014200">
    <ele>26.4</ele>
    <time>2023-11-05T01:22:38Z</time>
   </trkpt>
   <trkpt lat="35.5369600" lon="139.5014440">
    <ele>26.4</ele>
    <time>2023-11-05T01:22:39Z</time>
   </trkpt>
   <trkpt lat="35.5369680" lon="139.5014550">
    <ele>26.4</ele>
    <time>2023-11-05T01:22:40Z</time>
   </trkpt>
   <trkpt lat="35.5370000" lon="139.5014780">
    <ele>26.4</ele>
    <time>2023-11-05T01:22:41Z</time>
   </trkpt>
   <trkpt lat="35.5370110" lon="139.5014860">
    <ele>26.4</ele>
    <time>2023-11-05T01:22:42Z</time>
   </trkpt>
   <trkpt lat="35.5370380" lon="139.5015000">
    <ele>26.4</ele>
    <time>2023-11-05T01:22:43Z</time>
   </trkpt>
   <trkpt lat="35.5370490" lon="139.5015050">
    <ele>26.4</ele>
    <time>2023-11-05T01:22:44Z</time>
   </trkpt>
   <trkpt lat="35.5370770" lon="139.5015210">
    <ele>26.4</ele>
    <time>2023-11-05T01:22:45Z</time>
   </trkpt>
   <trkpt lat="35.5370850" lon="139.5015260">
    <ele>26.4</ele>
    <time>2023-11-05T01:22:46Z</time>
   </trkpt>
   <trkpt lat="35.5371150" lon="139.5015530">
    <ele>26.4</ele>
    <time>2023-11-05T01:22:47Z</time>
   </trkpt>
   <trkpt lat="35.5371240" lon="139.5015600">
    <ele>26.4</ele>
    <time>2023-11-05T01:22:48Z</time>
   </trkpt>
   <trkpt lat="35.5371530" lon="139.5015820">
    <ele>26.4</ele>
    <time>2023-11-05T01:22:49Z</time>
   </trkpt>
   <trkpt lat="35.5371640" lon="139.5015850">
    <ele>26.4</ele>
    <time>2023-11-05T01:22:50Z</time>
   </trkpt>
   <trkpt lat="35.5371890" lon="139.5016050">
    <ele>26.4</ele>
    <time>2023-11-05T01:22:51Z</time>
   </trkpt>
   <trkpt lat="35.5372250" lon="139.5016160">
    <ele>26.4</ele>
    <time>2023-11-05T01:22:52Z</time>
   </trkpt>
   <trkpt lat="35.5372360" lon="139.5016190">
    <ele>26.4</ele>
    <time>2023-11-05T01:22:53Z</time>
   </trkpt>
   <trkpt lat="35.5372690" lon="139.5016440">
    <ele>26.5</ele>
    <time>2023-11-05T01:22:54Z</time>
   </trkpt>
   <trkpt lat="35.5372780" lon="139.5016530">
    <ele>26.5</ele>
    <time>2023-11-05T01:22:55Z</time>
   </trkpt>
   <trkpt lat="35.5373110" lon="139.5016770">
    <ele>26.5</ele>
    <time>2023-11-05T01:22:56Z</time>
   </trkpt>
   <trkpt lat="35.5373230" lon="139.5016850">
    <ele>26.6</ele>
    <time>2023-11-05T01:22:57Z</time>
   </trkpt>
   <trkpt lat="35.5373550" lon="139.5017050">
    <ele>26.6</ele>
    <time>2023-11-05T01:22:58Z</time>
   </trkpt>
   <trkpt lat="35.5373670" lon="139.5017130">
    <ele>26.7</ele>
    <time>2023-11-05T01:22:59Z</time>
   </trkpt>
   <trkpt lat="35.5373920" lon="139.5017360">
    <ele>26.8</ele>
    <time>2023-11-05T01:23:00Z</time>
   </trkpt>
   <trkpt lat="35.5374220" lon="139.5017630">
    <ele>26.9</ele>
    <time>2023-11-05T01:23:01Z</time>
   </trkpt>
   <trkpt lat="35.5374320" lon="139.5017670">
    <ele>26.9</ele>
    <time>2023-11-05T01:23:02Z</time>
   </trkpt>
   <trkpt lat="35.5374650" lon="139.5017740">
    <ele>27.0</ele>
    <time>2023-11-05T01:23:03Z</time>
   </trkpt>
   <trkpt lat="35.5374740" lon="139.5017800">
    <ele>27.0</ele>
    <time>2023-11-05T01:23:04Z</time>
   </trkpt>
   <trkpt lat="35.5375010" lon="139.5018130">
    <ele>27.1</ele>
    <time>2023-11-05T01:23:05Z</time>
   </trkpt>
   <trkpt lat="35.5375120" lon="139.5018210">
    <ele>27.2</ele>
    <time>2023-11-05T01:23:06Z</time>
   </trkpt>
   <trkpt lat="35.5375340" lon="139.5018580">
    <ele>27.3</ele>
    <time>2023-11-05T01:23:07Z</time>
   </trkpt>
   <trkpt lat="35.5375400" lon="139.5018680">
    <ele>27.4</ele>
    <time>2023-11-05T01:23:08Z</time>
   </trkpt>
   <trkpt lat="35.5375650" lon="139.5018930">
    <ele>27.5</ele>
    <time>2023-11-05T01:23:09Z</time>
   </trkpt>
   <trkpt lat="35.5375730" lon="139.5019020">
    <ele>27.5</ele>
    <time>2023-11-05T01:23:10Z</time>
   </trkpt>
   <trkpt lat="35.5376020" lon="139.5019290">
    <ele>27.7</ele>
    <time>2023-11-05T01:23:11Z</time>
   </trkpt>
   <trkpt lat="35.5376120" lon="139.5019330">
    <ele>27.7</ele>
    <time>2023-11-05T01:23:12Z</time>
   </trkpt>
   <trkpt lat="35.5376320" lon="139.5019540">
    <ele>27.9</ele>
    <time>2023-11-05T01:23:13Z</time>
   </trkpt>
   <trkpt lat="35.5376430" lon="139.5019640">
    <ele>27.9</ele>
    <time>2023-11-05T01:23:14Z</time>
   </trkpt>
   <trkpt lat="35.5376590" lon="139.5019740">
    <ele>28.0</ele>
    <time>2023-11-05T01:23:15Z</time>
   </trkpt>
   <trkpt lat="35.5376660" lon="139.5019910">
    <ele>28.1</ele>
    <time>2023-11-05T01:23:16Z</time>
   </trkpt>
   <trkpt lat="35.5376740" lon="139.5020060">
    <ele>28.2</ele>
    <time>2023-11-05T01:23:17Z</time>
   </trkpt>
   <trkpt lat="35.5378340" lon="139.5020930">
    <ele>29.6</ele>
    <time>2023-11-05T01:24:21Z</time>
   </trkpt>
   <trkpt lat="35.5378310" lon="139.5021170">
    <ele>29.6</ele>
    <time>2023-11-05T01:24:22Z</time>
   </trkpt>
   <trkpt lat="35.5378510" lon="139.5021390">
    <ele>29.6</ele>
    <time>2023-11-05T01:24:23Z</time>
   </trkpt>
   <trkpt lat="35.5378830" lon="139.5021650">
    <ele>29.5</ele>
    <time>2023-11-05T01:24:24Z</time>
   </trkpt>
   <trkpt lat="35.5379000" lon="139.5021770">
    <ele>29.5</ele>
    <time>2023-11-05T01:24:25Z</time>
   </trkpt>
   <trkpt lat="35.5379140" lon="139.5021950">
    <ele>29.5</ele>
    <time>2023-11-05T01:24:26Z</time>
   </trkpt>
   <trkpt lat="35.5379230" lon="139.5022000">
    <ele>29.5</ele>
    <time>2023-11-05T01:24:27Z</time>
   </trkpt>
   <trkpt lat="35.5379490" lon="139.5022280">
    <ele>29.5</ele>
    <time>2023-11-05T01:24:28Z</time>
   </trkpt>
   <trkpt lat="35.5379570" lon="139.5022340">
    <ele>29.5</ele>
    <time>2023-11-05T01:24:29Z</time>
   </trkpt>
   <trkpt lat="35.5379960" lon="139.5022530">
    <ele>29.5</ele>
    <time>2023-11-05T01:24:30Z</time>
   </trkpt>
   <trkpt lat="35.5380120" lon="139.5022550">
    <ele>29.5</ele>
    <time>2023-11-05T01:24:31Z</time>
   </trkpt>
   <trkpt lat="35.5380500" lon="139.5022720">
    <ele>29.5</ele>
    <time>2023-11-05T01:24:32Z</time>
   </trkpt>
   <trkpt lat="35.5380630" lon="139.5022790">
    <ele>29.5</ele>
    <time>2023-11-05T01:24:33Z</time>
   </trkpt>
   <trkpt lat="35.5380880" lon="139.5022960">
    <ele>29.6</ele>
    <time>2023-11-05T01:24:34Z</time>
   </trkpt>
   <trkpt lat="35.5381000" lon="139.5023030">
    <ele>29.6</ele>
    <time>2023-11-05T01:24:35Z</time>
   </trkpt>
   <trkpt lat="35.5381290" lon="139.5023250">
    <ele>29.7</ele>
    <time>2023-11-05T01:24:36Z</time>
   </trkpt>
   <trkpt lat="35.5381400" lon="139.5023320">
    <ele>29.8</ele>
    <time>2023-11-05T01:24:37Z</time>
   </trkpt>
   <trkpt lat="35.5381720" lon="139.5023430">
    <ele>29.9</ele>
    <time>2023-11-05T01:24:38Z</time>
   </trkpt>
   <trkpt lat="35.5381820" lon="139.5023490">
    <ele>29.9</ele>
    <time>2023-11-05T01:24:39Z</time>
   </trkpt>
   <trkpt lat="35.5382120" lon="139.5023660">
    <ele>30.1</ele>
    <time>2023-11-05T01:24:40Z</time>
   </trkpt>
   <trkpt lat="35.5382200" lon="139.5023720">
    <ele>30.1</ele>
    <time>2023-11-05T01:24:41Z</time>
   </trkpt>
   <trkpt lat="35.5382440" lon="139.5024050">
    <ele>30.2</ele>
    <time>2023-11-05T01:24:42Z</time>
   </trkpt>
   <trkpt lat="35.5382520" lon="139.5024140">
    <ele>30.2</ele>
    <time>2023-11-05T01:24:43Z</time>
   </trkpt>
   <trkpt lat="35.5382800" lon="139.5024320">
    <ele>30.2</ele>
    <time>2023-11-05T01:24:44Z</time>
   </trkpt>
   <trkpt lat="35.5382870" lon="139.5024400">
    <ele>30.2</ele>
    <time>2023-11-05T01:24:45Z</time>
   </trkpt>
   <trkpt lat="35.5383090" lon="139.5024640">
    <ele>30.2</ele>
    <time>2023-11-05T01:24:46Z</time>
   </trkpt>
   <trkpt lat="35.5383140" lon="139.5024720">
    <ele>30.2</ele>
    <time>2023-11-05T01:24:47Z</time>
   </trkpt>
   <trkpt lat="35.5383330" lon="139.5025040">
    <ele>30.1</ele>
    <time>2023-11-05T01:24:48Z</time>
   </trkpt>
   <trkpt lat="35.5383370" lon="139.5025160">
    <ele>30.0</ele>
    <time>2023-11-05T01:24:49Z</time>
   </trkpt>
   <trkpt lat="35.5383520" lon="139.5025540">
    <ele>30.1</ele>
    <time>2023-11-05T01:24:50Z</time>
   </trkpt>
   <trkpt lat="35.5383560" lon="139.5025650">
    <ele>30.2</ele>
    <time>2023-11-05T01:24:51Z</time>
   </trkpt>
   <trkpt lat="35.5383560" lon="139.5026050">
    <ele>30.3</ele>
    <time>2023-11-05T01:24:52Z</time>
   </trkpt>
   <trkpt lat="35.5383560" lon="139.5026170">
    <ele>30.3</ele>
    <time>2023-11-05T01:24:53Z</time>
   </trkpt>
   <trkpt lat="35.5383510" lon="139.5026580">
    <ele>30.4</ele>
    <time>2023-11-05T01:24:54Z</time>
   </trkpt>
   <trkpt lat="35.5383500" lon="139.5026710">
    <ele>30.4</ele>
    <time>2023-11-05T01:24:55Z</time>
   </trkpt>
   <trkpt lat="35.5383500" lon="139.5027150">
    <ele>30.5</ele>
    <time>2023-11-05T01:24:56Z</time>
   </trkpt>
   <trkpt lat="35.5383490" lon="139.5027270">
    <ele>30.5</ele>
    <time>2023-11-05T01:24:57Z</time>
   </trkpt>
   <trkpt lat="35.5383400" lon="139.5027610">
    <ele>30.5</ele>
    <time>2023-11-05T01:24:58Z</time>
   </trkpt>
   <trkpt lat="35.5383360" lon="139.5028010">
    <ele>30.6</ele>
    <time>2023-11-05T01:24:59Z</time>
   </trkpt>
   <trkpt lat="35.5383350" lon="139.5028150">
    <ele>30.6</ele>
    <time>2023-11-05T01:25:00Z</time>
   </trkpt>
   <trkpt lat="35.5383290" lon="139.5028600">
    <ele>30.5</ele>
    <time>2023-11-05T01:25:01Z</time>
   </trkpt>
   <trkpt lat="35.5383270" lon="139.5028750">
    <ele>30.5</ele>
    <time>2023-11-05T01:25:02Z</time>
   </trkpt>
   <trkpt lat="35.5383220" lon="139.5029080">
    <ele>30.5</ele>
    <time>2023-11-05T01:25:03Z</time>
   </trkpt>
   <trkpt lat="35.5383080" lon="139.5029410">
    <ele>30.4</ele>
    <time>2023-11-05T01:25:04Z</time>
   </trkpt>
   <trkpt lat="35.5382900" lon="139.5029760">
    <ele>30.3</ele>
    <time>2023-11-05T01:25:05Z</time>
   </trkpt>
   <trkpt lat="35.5382820" lon="139.5029880">
    <ele>30.3</ele>
    <time>2023-11-05T01:25:06Z</time>
   </trkpt>
   <trkpt lat="35.5382690" lon="139.5030180">
    <ele>30.2</ele>
    <time>2023-11-05T01:25:07Z</time>
   </trkpt>
   <trkpt lat="35.5382490" lon="139.5030660">
    <ele>30.1</ele>
    <time>2023-11-05T01:25:08Z</time>
   </trkpt>
   <trkpt lat="35.5382440" lon="139.5030860">
    <ele>30.1</ele>
    <time>2023-11-05T01:25:09Z</time>
   </trkpt>
   <trkpt lat="35.5382840" lon="139.5031150">
    <ele>30.3</ele>
    <time>2023-11-05T01:25:10Z</time>
   </trkpt>
   <trkpt lat="35.5383200" lon="139.5031190">
    <ele>30.5</ele>
    <time>2023-11-05T01:25:11Z</time>
   </trkpt>
   <trkpt lat="35.5383490" lon="139.5031320">
    <ele>30.6</ele>
    <time>2023-11-05T01:25:12Z</time>
   </trkpt>
   <trkpt lat="35.5383590" lon="139.5031380">
    <ele>30.7</ele>
    <time>2023-11-05T01:25:13Z</time>
   </trkpt>
   <trkpt lat="35.5383860" lon="139.5031500">
    <ele>30.8</ele>
    <time>2023-11-05T01:25:14Z</time>
   </trkpt>
   <trkpt lat="35.5384170" lon="139.5031730">
    <ele>31.0</ele>
    <time>2023-11-05T01:25:15Z</time>
   </trkpt>
   <trkpt lat="35.5384280" lon="139.5031830">
    <ele>31.1</ele>
    <time>2023-11-05T01:25:16Z</time>
   </trkpt>
   <trkpt lat="35.5384600" lon="139.5031990">
    <ele>31.3</ele>
    <time>2023-11-05T01:25:17Z</time>
   </trkpt>
   <trkpt lat="35.5384720" lon="139.5032100">
    <ele>31.3</ele>
    <time>2023-11-05T01:25:18Z</time>
   </trkpt>
   <trkpt lat="35.5384990" lon="139.5032300">
    <ele>31.5</ele>
    <time>2023-11-05T01:25:19Z</time>
   </trkpt>
   <trkpt lat="35.5385070" lon="139.5032370">
    <ele>31.6</ele>
    <time>2023-11-05T01:25:20Z</time>
   </trkpt>
   <trkpt lat="35.5385340" lon="139.5032350">
    <ele>31.8</ele>
    <time>2023-11-05T01:25:21Z</time>
   </trkpt>
   <trkpt lat="35.5385680" lon="139.5032490">
    <ele>32.1</ele>
    <time>2023-11-05T01:25:22Z</time>
   </trkpt>
   <trkpt lat="35.5385770" lon="139.5032560">
    <ele>32.2</ele>
    <time>2023-11-05T01:25:23Z</time>
   </trkpt>
   <trkpt lat="35.5386060" lon="139.5032670">
    <ele>32.4</ele>
    <time>2023-11-05T01:25:24Z</time>
   </trkpt>
   <trkpt lat="35.5386160" lon="139.5032700">
    <ele>32.5</ele>
    <time>2023-11-05T01:25:25Z</time>
   </trkpt>
   <trkpt lat="35.5386450" lon="139.5032850">
    <ele>32.9</ele>
    <time>2023-11-05T01:25:26Z</time>
   </trkpt>
   <trkpt lat="35.5386540" lon="139.5032880">
    <ele>33.0</ele>
    <time>2023-11-05T01:25:27Z</time>
   </trkpt>
   <trkpt lat="35.5386880" lon="139.5032940">
    <ele>33.4</ele>
    <time>2023-11-05T01:25:28Z</time>
   </trkpt>
   <trkpt lat="35.5387020" lon="139.5032970">
    <ele>33.5</ele>
    <time>2023-11-05T01:25:29Z</time>
   </trkpt>
   <trkpt lat="35.5387380" lon="139.5033000">
    <ele>34.0</ele>
    <time>2023-11-05T01:25:30Z</time>
   </trkpt>
   <trkpt lat="35.5387510" lon="139.5033010">
    <ele>34.1</ele>
    <time>2023-11-05T01:25:31Z</time>
   </trkpt>
   <trkpt lat="35.5387790" lon="139.5032840">
    <ele>34.5</ele>
    <time>2023-11-05T01:25:32Z</time>
   </trkpt>
   <trkpt lat="35.5387870" lon="139.5032790">
    <ele>34.6</ele>
    <time>2023-11-05T01:25:33Z</time>
   </trkpt>
   <trkpt lat="35.5388150" lon="139.5032660">
    <ele>35.0</ele>
    <time>2023-11-05T01:25:34Z</time>
   </trkpt>
   <trkpt lat="35.5388240" lon="139.5032600">
    <ele>35.1</ele>
    <time>2023-11-05T01:25:35Z</time>
   </trkpt>
   <trkpt lat="35.5388350" lon="139.5032510">
    <ele>35.2</ele>
    <time>2023-11-05T01:25:36Z</time>
   </trkpt>
   <trkpt lat="35.5388560" lon="139.5032490">
    <ele>35.5</ele>
    <time>2023-11-05T01:25:37Z</time>
   </trkpt>
   <trkpt lat="35.5388880" lon="139.5032290">
    <ele>35.9</ele>
    <time>2023-11-05T01:25:38Z</time>
   </trkpt>
   <trkpt lat="35.5388980" lon="139.5032210">
    <ele>36.0</ele>
    <time>2023-11-05T01:25:39Z</time>
   </trkpt>
   <trkpt lat="35.5389270" lon="139.5032040">
    <ele>36.4</ele>
    <time>2023-11-05T01:25:40Z</time>
   </trkpt>
   <trkpt lat="35.5389360" lon="139.5032000">
    <ele>36.5</ele>
    <time>2023-11-05T01:25:41Z</time>
   </trkpt>
   <trkpt lat="35.5389620" lon="139.5031830">
    <ele>36.9</ele>
    <time>2023-11-05T01:25:42Z</time>
   </trkpt>
   <trkpt lat="35.5389720" lon="139.5031790">
    <ele>37.0</ele>
    <time>2023-11-05T01:25:43Z</time>
   </trkpt>
   <trkpt lat="35.5390030" lon="139.5031640">
    <ele>37.4</ele>
    <time>2023-11-05T01:25:44Z</time>
   </trkpt>
   <trkpt lat="35.5390150" lon="139.5031560">
    <ele>37.6</ele>
    <time>2023-11-05T01:25:45Z</time>
   </trkpt>
   <trkpt lat="35.5390420" lon="139.5031420">
    <ele>38.0</ele>
    <time>2023-11-05T01:25:46Z</time>
   </trkpt>
   <trkpt lat="35.5390500" lon="139.5031380">
    <ele>38.1</ele>
    <time>2023-11-05T01:25:47Z</time>
   </trkpt>
   <trkpt lat="35.5390830" lon="139.5031310">
    <ele>38.5</ele>
    <time>2023-11-05T01:25:48Z</time>
   </trkpt>
   <trkpt lat="35.5390910" lon="139.5031300">
    <ele>38.6</ele>
    <time>2023-11-05T01:25:49Z</time>
   </trkpt>
   <trkpt lat="35.5391210" lon="139.5031110">
    <ele>39.1</ele>
    <time>2023-11-05T01:25:50Z</time>
   </trkpt>
   <trkpt lat="35.5391300" lon="139.5031020">
    <ele>39.2</ele>
    <time>2023-11-05T01:25:51Z</time>
   </trkpt>
   <trkpt lat="35.5391620" lon="139.5030820">
    <ele>39.7</ele>
    <time>2023-11-05T01:25:52Z</time>
   </trkpt>
   <trkpt lat="35.5391720" lon="139.5030760">
    <ele>39.8</ele>
    <time>2023-11-05T01:25:53Z</time>
   </trkpt>
   <trkpt lat="35.5391990" lon="139.5030570">
    <ele>40.1</ele>
    <time>2023-11-05T01:25:54Z</time>
   </trkpt>
   <trkpt lat="35.5392070" lon="139.5030500">
    <ele>40.3</ele>
    <time>2023-11-05T01:25:55Z</time>
   </trkpt>
   <trkpt lat="35.5392300" lon="139.5030310">
    <ele>40.5</ele>
    <time>2023-11-05T01:25:56Z</time>
   </trkpt>
   <trkpt lat="35.5392420" lon="139.5030300">
    <ele>40.7</ele>
    <time>2023-11-05T01:25:57Z</time>
   </trkpt>
   <trkpt lat="35.5392710" lon="139.5030300">
    <ele>41.3</ele>
    <time>2023-11-05T01:25:58Z</time>
   </trkpt>
   <trkpt lat="35.5392820" lon="139.5030360">
    <ele>41.3</ele>
    <time>2023-11-05T01:25:59Z</time>
   </trkpt>
   <trkpt lat="35.5393080" lon="139.5030700">
    <ele>41.5</ele>
    <time>2023-11-05T01:26:00Z</time>
   </trkpt>
   <trkpt lat="35.5393140" lon="139.5030830">
    <ele>41.6</ele>
    <time>2023-11-05T01:26:01Z</time>
   </trkpt>
   <trkpt lat="35.5393240" lon="139.5031230">
    <ele>41.8</ele>
    <time>2023-11-05T01:26:02Z</time>
   </trkpt>
   <trkpt lat="35.5393300" lon="139.5031340">
    <ele>41.9</ele>
    <time>2023-11-05T01:26:03Z</time>
   </trkpt>
   <trkpt lat="35.5393530" lon="139.5031650">
    <ele>42.1</ele>
    <time>2023-11-05T01:26:04Z</time>
   </trkpt>
   <trkpt lat="35.5393610" lon="139.5031700">
    <ele>42.1</ele>
    <time>2023-11-05T01:26:05Z</time>
   </trkpt>
   <trkpt lat="35.5393800" lon="139.5032040">
    <ele>42.3</ele>
    <time>2023-11-05T01:26:06Z</time>
   </trkpt>
   <trkpt lat="35.5393860" lon="139.5032150">
    <ele>42.4</ele>
    <time>2023-11-05T01:26:07Z</time>
   </trkpt>
   <trkpt lat="35.5394010" lon="139.5032440">
    <ele>42.6</ele>
    <time>2023-11-05T01:26:08Z</time>
   </trkpt>
   <trkpt lat="35.5394250" lon="139.5032920">
    <ele>42.8</ele>
    <time>2023-11-05T01:26:10Z</time>
   </trkpt>
   <trkpt lat="35.5394440" lon="139.5033260">
    <ele>43.0</ele>
    <time>2023-11-05T01:26:12Z</time>
   </trkpt>
   <trkpt lat="35.5394520" lon="139.5033330">
    <ele>43.1</ele>
    <time>2023-11-05T01:26:13Z</time>
   </trkpt>
   <trkpt lat="35.5394640" lon="139.5033750">
    <ele>43.3</ele>
    <time>2023-11-05T01:26:14Z</time>
   </trkpt>
   <trkpt lat="35.5394710" lon="139.5033870">
    <ele>43.5</ele>
    <time>2023-11-05T01:26:15Z</time>
   </trkpt>
   <trkpt lat="35.5394870" lon="139.5034250">
    <ele>43.8</ele>
    <time>2023-11-05T01:26:16Z</time>
   </trkpt>
   <trkpt lat="35.5394920" lon="139.5034360">
    <ele>43.9</ele>
    <time>2023-11-05T01:26:17Z</time>
   </trkpt>
   <trkpt lat="35.5395120" lon="139.5034730">
    <ele>44.3</ele>
    <time>2023-11-05T01:26:18Z</time>
   </trkpt>
   <trkpt lat="35.5395200" lon="139.5034870">
    <ele>44.4</ele>
    <time>2023-11-05T01:26:19Z</time>
   </trkpt>
   <trkpt lat="35.5395400" lon="139.5035180">
    <ele>44.7</ele>
    <time>2023-11-05T01:26:20Z</time>
   </trkpt>
   <trkpt lat="35.5395480" lon="139.5035240">
    <ele>44.8</ele>
    <time>2023-11-05T01:26:21Z</time>
   </trkpt>
   <trkpt lat="35.5395640" lon="139.5035570">
    <ele>45.1</ele>
    <time>2023-11-05T01:26:22Z</time>
   </trkpt>
   <trkpt lat="35.5395690" lon="139.5035670">
    <ele>45.2</ele>
    <time>2023-11-05T01:26:23Z</time>
   </trkpt>
   <trkpt lat="35.5395810" lon="139.5035990">
    <ele>45.5</ele>
    <time>2023-11-05T01:26:24Z</time>
   </trkpt>
   <trkpt lat="35.5395980" lon="139.5036300">
    <ele>45.8</ele>
    <time>2023-11-05T01:26:25Z</time>
   </trkpt>
   <trkpt lat="35.5396180" lon="139.5036550">
    <ele>46.1</ele>
    <time>2023-11-05T01:26:26Z</time>
   </trkpt>
   <trkpt lat="35.5396240" lon="139.5036630">
    <ele>46.2</ele>
    <time>2023-11-05T01:26:27Z</time>
   </trkpt>
   <trkpt lat="35.5396310" lon="139.5036800">
    <ele>46.4</ele>
    <time>2023-11-05T01:26:28Z</time>
   </trkpt>
   <trkpt lat="35.5396400" lon="139.5036980">
    <ele>46.5</ele>
    <time>2023-11-05T01:26:29Z</time>
   </trkpt>
   <trkpt lat="35.5396490" lon="139.5037180">
    <ele>46.7</ele>
    <time>2023-11-05T01:26:30Z</time>
   </trkpt>
   <trkpt lat="35.5396550" lon="139.5037360">
    <ele>46.9</ele>
    <time>2023-11-05T01:26:31Z</time>
   </trkpt>
   <trkpt lat="35.5396620" lon="139.5037710">
    <ele>47.2</ele>
    <time>2023-11-05T01:26:32Z</time>
   </trkpt>
   <trkpt lat="35.5396640" lon="139.5037830">
    <ele>47.3</ele>
    <time>2023-11-05T01:26:33Z</time>
   </trkpt>
   <trkpt lat="35.5396640" lon="139.5038050">
    <ele>47.5</ele>
    <time>2023-11-05T01:26:34Z</time>
   </trkpt>
   <trkpt lat="35.5396690" lon="139.5038230">
    <ele>47.6</ele>
    <time>2023-11-05T01:26:35Z</time>
   </trkpt>
   <trkpt lat="35.5396620" lon="139.5038540">
    <ele>47.9</ele>
    <time>2023-11-05T01:26:36Z</time>
   </trkpt>
   <trkpt lat="35.5396570" lon="139.5038680">
    <ele>48.0</ele>
    <time>2023-11-05T01:26:37Z</time>
   </trkpt>
   <trkpt lat="35.5396560" lon="139.5038870">
    <ele>48.2</ele>
    <time>2023-11-05T01:26:38Z</time>
   </trkpt>
   <trkpt lat="35.5396560" lon="139.5039080">
    <ele>48.3</ele>
    <time>2023-11-05T01:26:39Z</time>
   </trkpt>
   <trkpt lat="35.5396590" lon="139.5039310">
    <ele>48.5</ele>
    <time>2023-11-05T01:26:40Z</time>
   </trkpt>
   <trkpt lat="35.5396530" lon="139.5039520">
    <ele>48.7</ele>
    <time>2023-11-05T01:26:41Z</time>
   </trkpt>
   <trkpt lat="35.5396500" lon="139.5039720">
    <ele>48.9</ele>
    <time>2023-11-05T01:26:42Z</time>
   </trkpt>
   <trkpt lat="35.5396520" lon="139.5039860">
    <ele>49.0</ele>
    <time>2023-11-05T01:26:43Z</time>
   </trkpt>
   <trkpt lat="35.5396520" lon="139.5040040">
    <ele>49.1</ele>
    <time>2023-11-05T01:26:44Z</time>
   </trkpt>
   <trkpt lat="35.5396500" lon="139.5040240">
    <ele>49.3</ele>
    <time>2023-11-05T01:26:45Z</time>
   </trkpt>
   <trkpt lat="35.5396470" lon="139.5040420">
    <ele>49.4</ele>
    <time>2023-11-05T01:26:46Z</time>
   </trkpt>
   <trkpt lat="35.5396450" lon="139.5040620">
    <ele>49.6</ele>
    <time>2023-11-05T01:26:47Z</time>
   </trkpt>
   <trkpt lat="35.5396470" lon="139.5040820">
    <ele>49.8</ele>
    <time>2023-11-05T01:26:48Z</time>
   </trkpt>
   <trkpt lat="35.5396460" lon="139.5041020">
    <ele>49.9</ele>
    <time>2023-11-05T01:26:49Z</time>
   </trkpt>
   <trkpt lat="35.5396400" lon="139.5041240">
    <ele>50.1</ele>
    <time>2023-11-05T01:26:50Z</time>
   </trkpt>
   <trkpt lat="35.5396430" lon="139.5041410">
    <ele>50.3</ele>
    <time>2023-11-05T01:26:51Z</time>
   </trkpt>
   <trkpt lat="35.5396470" lon="139.5041590">
    <ele>50.4</ele>
    <time>2023-11-05T01:26:52Z</time>
   </trkpt>
   <trkpt lat="35.5396420" lon="139.5041810">
    <ele>50.6</ele>
    <time>2023-11-05T01:26:53Z</time>
   </trkpt>
   <trkpt lat="35.5396430" lon="139.5042010">
    <ele>50.8</ele>
    <time>2023-11-05T01:26:54Z</time>
   </trkpt>
   <trkpt lat="35.5396480" lon="139.5042200">
    <ele>50.9</ele>
    <time>2023-11-05T01:26:55Z</time>
   </trkpt>
   <trkpt lat="35.5396360" lon="139.5042510">
    <ele>51.2</ele>
    <time>2023-11-05T01:26:56Z</time>
   </trkpt>
   <trkpt lat="35.5396310" lon="139.5042620">
    <ele>51.3</ele>
    <time>2023-11-05T01:26:57Z</time>
   </trkpt>
   <trkpt lat="35.5396400" lon="139.5042980">
    <ele>51.6</ele>
    <time>2023-11-05T01:26:58Z</time>
   </trkpt>
   <trkpt lat="35.5396420" lon="139.5043070">
    <ele>51.7</ele>
    <time>2023-11-05T01:26:59Z</time>
   </trkpt>
   <trkpt lat="35.5396580" lon="139.5043350">
    <ele>52.0</ele>
    <time>2023-11-05T01:27:00Z</time>
   </trkpt>
   <trkpt lat="35.5396710" lon="139.5043450">
    <ele>52.1</ele>
    <time>2023-11-05T01:27:01Z</time>
   </trkpt>
   <trkpt lat="35.5396840" lon="139.5043750">
    <ele>52.4</ele>
    <time>2023-11-05T01:27:02Z</time>
   </trkpt>
   <trkpt lat="35.5396910" lon="139.5043820">
    <ele>52.5</ele>
    <time>2023-11-05T01:27:03Z</time>
   </trkpt>
   <trkpt lat="35.5397170" lon="139.5044050">
    <ele>52.8</ele>
    <time>2023-11-05T01:27:04Z</time>
   </trkpt>
   <trkpt lat="35.5397240" lon="139.5044120">
    <ele>52.9</ele>
    <time>2023-11-05T01:27:05Z</time>
   </trkpt>
   <trkpt lat="35.5397480" lon="139.5044400">
    <ele>53.2</ele>
    <time>2023-11-05T01:27:06Z</time>
   </trkpt>
   <trkpt lat="35.5397580" lon="139.5044470">
    <ele>53.4</ele>
    <time>2023-11-05T01:27:07Z</time>
   </trkpt>
   <trkpt lat="35.5397940" lon="139.5044440">
    <ele>53.7</ele>
    <time>2023-11-05T01:27:08Z</time>
   </trkpt>
   <trkpt lat="35.5398050" lon="139.5044350">
    <ele>53.8</ele>
    <time>2023-11-05T01:27:09Z</time>
   </trkpt>
   <trkpt lat="35.5398160" lon="139.5044160">
    <ele>53.9</ele>
    <time>2023-11-05T01:27:10Z</time>
   </trkpt>
   <trkpt lat="35.5398230" lon="139.5044010">
    <ele>53.9</ele>
    <time>2023-11-05T01:27:11Z</time>
   </trkpt>
   <trkpt lat="35.5398510" lon="139.5043810">
    <ele>53.9</ele>
    <time>2023-11-05T01:27:12Z</time>
   </trkpt>
   <trkpt lat="35.5398610" lon="139.5043730">
    <ele>53.9</ele>
    <time>2023-11-05T01:27:13Z</time>
   </trkpt>
   <trkpt lat="35.5398840" lon="139.5043530">
    <ele>53.9</ele>
    <time>2023-11-05T01:27:14Z</time>
   </trkpt>
   <trkpt lat="35.5398920" lon="139.5043480">
    <ele>53.9</ele>
    <time>2023-11-05T01:27:15Z</time>
   </trkpt>
   <trkpt lat="35.5399170" lon="139.5043280">
    <ele>54.0</ele>
    <time>2023-11-05T01:27:16Z</time>
   </trkpt>
   <trkpt lat="35.5399240" lon="139.5043230">
    <ele>54.0</ele>
    <time>2023-11-05T01:27:17Z</time>
   </trkpt>
   <trkpt lat="35.5399410" lon="139.5043100">
    <ele>54.0</ele>
    <time>2023-11-05T01:27:18Z</time>
   </trkpt>
   <trkpt lat="35.5399580" lon="139.5043080">
    <ele>54.0</ele>
    <time>2023-11-05T01:27:19Z</time>
   </trkpt>
   <trkpt lat="35.5399830" lon="139.5042910">
    <ele>54.0</ele>
    <time>2023-11-05T01:27:20Z</time>
   </trkpt>
   <trkpt lat="35.5399940" lon="139.5042880">
    <ele>54.0</ele>
    <time>2023-11-05T01:27:21Z</time>
   </trkpt>
   <trkpt lat="35.5400220" lon="139.5042840">
    <ele>54.1</ele>
    <time>2023-11-05T01:27:22Z</time>
   </trkpt>
   <trkpt lat="35.5400310" lon="139.5042840">
    <ele>54.3</ele>
    <time>2023-11-05T01:27:23Z</time>
   </trkpt>
   <trkpt lat="35.5400620" lon="139.5042730">
    <ele>55.0</ele>
    <time>2023-11-05T01:27:24Z</time>
   </trkpt>
   <trkpt lat="35.5400720" lon="139.5042650">
    <ele>55.3</ele>
    <time>2023-11-05T01:27:25Z</time>
   </trkpt>
   <trkpt lat="35.5400990" lon="139.5042620">
    <ele>55.9</ele>
    <time>2023-11-05T01:27:26Z</time>
   </trkpt>
   <trkpt lat="35.5401090" lon="139.5042620">
    <ele>56.1</ele>
    <time>2023-11-05T01:27:27Z</time>
   </trkpt>
   <trkpt lat="35.5401390" lon="139.5042620">
    <ele>56.8</ele>
    <time>2023-11-05T01:27:28Z</time>
   </trkpt>
   <trkpt lat="35.5401460" lon="139.5042620">
    <ele>56.9</ele>
    <time>2023-11-05T01:27:29Z</time>
   </trkpt>
   <trkpt lat="35.5401790" lon="139.5042800">
    <ele>57.7</ele>
    <time>2023-11-05T01:27:30Z</time>
   </trkpt>
   <trkpt lat="35.5401900" lon="139.5042800">
    <ele>58.0</ele>
    <time>2023-11-05T01:27:31Z</time>
   </trkpt>
   <trkpt lat="35.5402210" lon="139.5042860">
    <ele>58.6</ele>
    <time>2023-11-05T01:27:32Z</time>
   </trkpt>
   <trkpt lat="35.5402300" lon="139.5042900">
    <ele>58.8</ele>
    <time>2023-11-05T01:27:33Z</time>
   </trkpt>
   <trkpt lat="35.5402580" lon="139.5043050">
    <ele>59.4</ele>
    <time>2023-11-05T01:27:34Z</time>
   </trkpt>
   <trkpt lat="35.5402690" lon="139.5043080">
    <ele>59.7</ele>
    <time>2023-11-05T01:27:35Z</time>
   </trkpt>
   <trkpt lat="35.5403000" lon="139.5043120">
    <ele>60.3</ele>
    <time>2023-11-05T01:27:36Z</time>
   </trkpt>
   <trkpt lat="35.5403120" lon="139.5043120">
    <ele>60.6</ele>
    <time>2023-11-05T01:27:37Z</time>
   </trkpt>
   <trkpt lat="35.5403430" lon="139.5043180">
    <ele>60.9</ele>
    <time>2023-11-05T01:27:38Z</time>
   </trkpt>
   <trkpt lat="35.5403530" lon="139.5043220">
    <ele>61.0</ele>
    <time>2023-11-05T01:27:39Z</time>
   </trkpt>
   <trkpt lat="35.5403780" lon="139.5043450">
    <ele>61.1</ele>
    <time>2023-11-05T01:27:40Z</time>
   </trkpt>
   <trkpt lat="35.5403870" lon="139.5043550">
    <ele>61.2</ele>
    <time>2023-11-05T01:27:41Z</time>
   </trkpt>
   <trkpt lat="35.5404120" lon="139.5043720">
    <ele>61.4</ele>
    <time>2023-11-05T01:27:42Z</time>
   </trkpt>
   <trkpt lat="35.5404200" lon="139.5043780">
    <ele>61.4</ele>
    <time>2023-11-05T01:27:43Z</time>
   </trkpt>
   <trkpt lat="35.5404450" lon="139.5043990">
    <ele>61.6</ele>
    <time>2023-11-05T01:27:44Z</time>
   </trkpt>
   <trkpt lat="35.5404560" lon="139.5044030">
    <ele>61.7</ele>
    <time>2023-11-05T01:27:45Z</time>
   </trkpt>
   <trkpt lat="35.5404850" lon="139.5044320">
    <ele>61.8</ele>
    <time>2023-11-05T01:27:46Z</time>
   </trkpt>
   <trkpt lat="35.5404930" lon="139.5044390">
    <ele>61.9</ele>
    <time>2023-11-05T01:27:47Z</time>
   </trkpt>
   <trkpt lat="35.5405270" lon="139.5044640">
    <ele>62.1</ele>
    <time>2023-11-05T01:27:48Z</time>
   </trkpt>
   <trkpt lat="35.5405380" lon="139.5044750">
    <ele>62.1</ele>
    <time>2023-11-05T01:27:49Z</time>
   </trkpt>
   <trkpt lat="35.5405740" lon="139.5044810">
    <ele>62.3</ele>
    <time>2023-11-05T01:27:50Z</time>
   </trkpt>
   <trkpt lat="35.5405880" lon="139.5044810">
    <ele>62.4</ele>
    <time>2023-11-05T01:27:51Z</time>
   </trkpt>
   <trkpt lat="35.5406160" lon="139.5045030">
    <ele>62.5</ele>
    <time>2023-11-05T01:27:52Z</time>
   </trkpt>
   <trkpt lat="35.5406480" lon="139.5045230">
    <ele>62.6</ele>
    <time>2023-11-05T01:27:53Z</time>
   </trkpt>
   <trkpt lat="35.5406560" lon="139.5045360">
    <ele>62.7</ele>
    <time>2023-11-05T01:27:54Z</time>
   </trkpt>
   <trkpt lat="35.5406880" lon="139.5045390">
    <ele>62.8</ele>
    <time>2023-11-05T01:27:55Z</time>
   </trkpt>
   <trkpt lat="35.5406980" lon="139.5045460">
    <ele>62.8</ele>
    <time>2023-11-05T01:27:56Z</time>
   </trkpt>
   <trkpt lat="35.5407290" lon="139.5045670">
    <ele>63.0</ele>
    <time>2023-11-05T01:27:57Z</time>
   </trkpt>
   <trkpt lat="35.5407400" lon="139.5045770">
    <ele>63.0</ele>
    <time>2023-11-05T01:27:58Z</time>
   </trkpt>
   <trkpt lat="35.5407670" lon="139.5046020">
    <ele>62.9</ele>
    <time>2023-11-05T01:27:59Z</time>
   </trkpt>
   <trkpt lat="35.5407750" lon="139.5046130">
    <ele>62.8</ele>
    <time>2023-11-05T01:28:00Z</time>
   </trkpt>
   <trkpt lat="35.5408030" lon="139.5046380">
    <ele>62.7</ele>
    <time>2023-11-05T01:28:01Z</time>
   </trkpt>
   <trkpt lat="35.5408130" lon="139.5046450">
    <ele>62.7</ele>
    <time>2023-11-05T01:28:02Z</time>
   </trkpt>
   <trkpt lat="35.5408390" lon="139.5046670">
    <ele>62.5</ele>
    <time>2023-11-05T01:28:03Z</time>
   </trkpt>
   <trkpt lat="35.5408480" lon="139.5046750">
    <ele>62.5</ele>
    <time>2023-11-05T01:28:04Z</time>
   </trkpt>
   <trkpt lat="35.5408810" lon="139.5046940">
    <ele>62.3</ele>
    <time>2023-11-05T01:28:05Z</time>
   </trkpt>
   <trkpt lat="35.5408880" lon="139.5047040">
    <ele>62.2</ele>
    <time>2023-11-05T01:28:06Z</time>
   </trkpt>
   <trkpt lat="35.5409230" lon="139.5047150">
    <ele>62.1</ele>
    <time>2023-11-05T01:28:07Z</time>
   </trkpt>
   <trkpt lat="35.5409340" lon="139.5047130">
    <ele>62.0</ele>
    <time>2023-11-05T01:28:08Z</time>
   </trkpt>
   <trkpt lat="35.5409640" lon="139.5047310">
    <ele>61.8</ele>
    <time>2023-11-05T01:28:09Z</time>
   </trkpt>
   <trkpt lat="35.5409740" lon="139.5047430">
    <ele>61.7</ele>
    <time>2023-11-05T01:28:10Z</time>
   </trkpt>
   <trkpt lat="35.5410070" lon="139.5047600">
    <ele>61.5</ele>
    <time>2023-11-05T01:28:12Z</time>
   </trkpt>
   <trkpt lat="35.5410160" lon="139.5047680">
    <ele>61.5</ele>
    <time>2023-11-05T01:28:13Z</time>
   </trkpt>
   <trkpt lat="35.5410500" lon="139.5047850">
    <ele>61.2</ele>
    <time>2023-11-05T01:28:14Z</time>
   </trkpt>
   <trkpt lat="35.5410600" lon="139.5047910">
    <ele>61.2</ele>
    <time>2023-11-05T01:28:15Z</time>
   </trkpt>
   <trkpt lat="35.5410790" lon="139.5048160">
    <ele>61.0</ele>
    <time>2023-11-05T01:28:16Z</time>
   </trkpt>
   <trkpt lat="35.5411100" lon="139.5048220">
    <ele>60.8</ele>
    <time>2023-11-05T01:28:17Z</time>
   </trkpt>
   <trkpt lat="35.5411440" lon="139.5048400">
    <ele>60.6</ele>
    <time>2023-11-05T01:28:18Z</time>
   </trkpt>
   <trkpt lat="35.5411550" lon="139.5048450">
    <ele>60.5</ele>
    <time>2023-11-05T01:28:19Z</time>
   </trkpt>
   <trkpt lat="35.5411790" lon="139.5048620">
    <ele>60.4</ele>
    <time>2023-11-05T01:28:20Z</time>
   </trkpt>
   <trkpt lat="35.5412160" lon="139.5048710">
    <ele>60.1</ele>
    <time>2023-11-05T01:28:21Z</time>
   </trkpt>
   <trkpt lat="35.5412270" lon="139.5048760">
    <ele>60.0</ele>
    <time>2023-11-05T01:28:22Z</time>
   </trkpt>
   <trkpt lat="35.5412650" lon="139.5048830">
    <ele>59.8</ele>
    <time>2023-11-05T01:28:23Z</time>
   </trkpt>
   <trkpt lat="35.5412760" lon="139.5048830">
    <ele>59.7</ele>
    <time>2023-11-05T01:28:24Z</time>
   </trkpt>
   <trkpt lat="35.5413130" lon="139.5048880">
    <ele>59.5</ele>
    <time>2023-11-05T01:28:25Z</time>
   </trkpt>
   <trkpt lat="35.5413250" lon="139.5048910">
    <ele>59.4</ele>
    <time>2023-11-05T01:28:26Z</time>
   </trkpt>
   <trkpt lat="35.5413500" lon="139.5049060">
    <ele>59.3</ele>
    <time>2023-11-05T01:28:27Z</time>
   </trkpt>
   <trkpt lat="35.5413860" lon="139.5049200">
    <ele>59.2</ele>
    <time>2023-11-05T01:28:28Z</time>
   </trkpt>
   <trkpt lat="35.5414020" lon="139.5049250">
    <ele>59.1</ele>
    <time>2023-11-05T01:28:29Z</time>
   </trkpt>
   <trkpt lat="35.5414220" lon="139.5049540">
    <ele>59.0</ele>
    <time>2023-11-05T01:28:30Z</time>
   </trkpt>
   <trkpt lat="35.5414630" lon="139.5049590">
    <ele>58.9</ele>
    <time>2023-11-05T01:28:31Z</time>
   </trkpt>
   <trkpt lat="35.5414790" lon="139.5049580">
    <ele>58.8</ele>
    <time>2023-11-05T01:28:32Z</time>
   </trkpt>
   <trkpt lat="35.5415150" lon="139.5049660">
    <ele>58.6</ele>
    <time>2023-11-05T01:28:33Z</time>
   </trkpt>
   <trkpt lat="35.5415270" lon="139.5049700">
    <ele>58.5</ele>
    <time>2023-11-05T01:28:34Z</time>
   </trkpt>
   <trkpt lat="35.5415670" lon="139.5049660">
    <ele>58.3</ele>
    <time>2023-11-05T01:28:35Z</time>
   </trkpt>
   <trkpt lat="35.5415810" lon="139.5049680">
    <ele>58.3</ele>
    <time>2023-11-05T01:28:36Z</time>
   </trkpt>
   <trkpt lat="35.5416150" lon="139.5049840">
    <ele>58.2</ele>
    <time>2023-11-05T01:28:37Z</time>
   </trkpt>
   <trkpt lat="35.5416470" lon="139.5049970">
    <ele>58.0</ele>
    <time>2023-11-05T01:28:38Z</time>
   </trkpt>
   <trkpt lat="35.5416570" lon="139.5050000">
    <ele>58.0</ele>
    <time>2023-11-05T01:28:39Z</time>
   </trkpt>
   <trkpt lat="35.5416840" lon="139.5050090">
    <ele>57.9</ele>
    <time>2023-11-05T01:28:40Z</time>
   </trkpt>
   <trkpt lat="35.5417180" lon="139.5050100">
    <ele>57.7</ele>
    <time>2023-11-05T01:28:41Z</time>
   </trkpt>
   <trkpt lat="35.5417310" lon="139.5050100">
    <ele>57.6</ele>
    <time>2023-11-05T01:28:42Z</time>
   </trkpt>
   <trkpt lat="35.5417670" lon="139.5050270">
    <ele>57.4</ele>
    <time>2023-11-05T01:28:43Z</time>
   </trkpt>
   <trkpt lat="35.5417800" lon="139.5050290">
    <ele>57.3</ele>
    <time>2023-11-05T01:28:44Z</time>
   </trkpt>
   <trkpt lat="35.5418090" lon="139.5050410">
    <ele>57.1</ele>
    <time>2023-11-05T01:28:45Z</time>
   </trkpt>
   <trkpt lat="35.5418170" lon="139.5050460">
    <ele>57.1</ele>
    <time>2023-11-05T01:28:46Z</time>
   </trkpt>
   <trkpt lat="35.5418530" lon="139.5050490">
    <ele>56.9</ele>
    <time>2023-11-05T01:28:47Z</time>
   </trkpt>
   <trkpt lat="35.5418670" lon="139.5050440">
    <ele>56.8</ele>
    <time>2023-11-05T01:28:48Z</time>
   </trkpt>
   <trkpt lat="35.5418990" lon="139.5050490">
    <ele>56.6</ele>
    <time>2023-11-05T01:28:49Z</time>
   </trkpt>
   <trkpt lat="35.5419100" lon="139.5050540">
    <ele>56.5</ele>
    <time>2023-11-05T01:28:50Z</time>
   </trkpt>
   <trkpt lat="35.5419460" lon="139.5050720">
    <ele>56.2</ele>
    <time>2023-11-05T01:28:51Z</time>
   </trkpt>
   <trkpt lat="35.5419600" lon="139.5050790">
    <ele>56.1</ele>
    <time>2023-11-05T01:28:52Z</time>
   </trkpt>
   <trkpt lat="35.5419970" lon="139.5050880">
    <ele>55.9</ele>
    <time>2023-11-05T01:28:53Z</time>
   </trkpt>
   <trkpt lat="35.5420100" lon="139.5050900">
    <ele>55.8</ele>
    <time>2023-11-05T01:28:54Z</time>
   </trkpt>
   <trkpt lat="35.5420410" lon="139.5051140">
    <ele>55.5</ele>
    <time>2023-11-05T01:28:55Z</time>
   </trkpt>
   <trkpt lat="35.5420500" lon="139.5051200">
    <ele>55.4</ele>
    <time>2023-11-05T01:28:56Z</time>
   </trkpt>
   <trkpt lat="35.5420810" lon="139.5051420">
    <ele>55.2</ele>
    <time>2023-11-05T01:28:57Z</time>
   </trkpt>
   <trkpt lat="35.5420910" lon="139.5051480">
    <ele>55.1</ele>
    <time>2023-11-05T01:28:58Z</time>
   </trkpt>
   <trkpt lat="35.5421220" lon="139.5051660">
    <ele>54.8</ele>
    <time>2023-11-05T01:28:59Z</time>
   </trkpt>
   <trkpt lat="35.5421310" lon="139.5051750">
    <ele>54.7</ele>
    <time>2023-11-05T01:29:00Z</time>
   </trkpt>
   <trkpt lat="35.5421710" lon="139.5052000">
    <ele>54.3</ele>
    <time>2023-11-05T01:29:01Z</time>
   </trkpt>
   <trkpt lat="35.5422010" lon="139.5052260">
    <ele>54.0</ele>
    <time>2023-11-05T01:29:02Z</time>
   </trkpt>
   <trkpt lat="35.5422120" lon="139.5052310">
    <ele>53.9</ele>
    <time>2023-11-05T01:29:03Z</time>
   </trkpt>
   <trkpt lat="35.5422330" lon="139.5052530">
    <ele>53.7</ele>
    <time>2023-11-05T01:29:04Z</time>
   </trkpt>
   <trkpt lat="35.5422660" lon="139.5052790">
    <ele>53.4</ele>
    <time>2023-11-05T01:29:05Z</time>
   </trkpt>
   <trkpt lat="35.5422780" lon="139.5052880">
    <ele>53.3</ele>
    <time>2023-11-05T01:29:06Z</time>
   </trkpt>
   <trkpt lat="35.5423070" lon="139.5053130">
    <ele>53.0</ele>
    <time>2023-11-05T01:29:07Z</time>
   </trkpt>
   <trkpt lat="35.5423180" lon="139.5053230">
    <ele>52.9</ele>
    <time>2023-11-05T01:29:08Z</time>
   </trkpt>
   <trkpt lat="35.5423450" lon="139.5053280">
    <ele>52.6</ele>
    <time>2023-11-05T01:29:09Z</time>
   </trkpt>
   <trkpt lat="35.5423740" lon="139.5053420">
    <ele>52.5</ele>
    <time>2023-11-05T01:29:10Z</time>
   </trkpt>
   <trkpt lat="35.5423810" lon="139.5053510">
    <ele>52.5</ele>
    <time>2023-11-05T01:29:11Z</time>
   </trkpt>
   <trkpt lat="35.5424090" lon="139.5053640">
    <ele>52.3</ele>
    <time>2023-11-05T01:29:12Z</time>
   </trkpt>
   <trkpt lat="35.5424360" lon="139.5053950">
    <ele>52.1</ele>
    <time>2023-11-05T01:29:13Z</time>
   </trkpt>
   <trkpt lat="35.5424450" lon="139.5054060">
    <ele>52.1</ele>
    <time>2023-11-05T01:29:14Z</time>
   </trkpt>
   <trkpt lat="35.5424690" lon="139.5054200">
    <ele>51.9</ele>
    <time>2023-11-05T01:29:15Z</time>
   </trkpt>
   <trkpt lat="35.5424960" lon="139.5054490">
    <ele>51.7</ele>
    <time>2023-11-05T01:29:16Z</time>
   </trkpt>
   <trkpt lat="35.5425030" lon="139.5054610">
    <ele>51.6</ele>
    <time>2023-11-05T01:29:17Z</time>
   </trkpt>
   <trkpt lat="35.5425390" lon="139.5054820">
    <ele>51.4</ele>
    <time>2023-11-05T01:29:18Z</time>
   </trkpt>
   <trkpt lat="35.5425580" lon="139.5054830">
    <ele>51.3</ele>
    <time>2023-11-05T01:29:19Z</time>
   </trkpt>
   <trkpt lat="35.5425870" lon="139.5055060">
    <ele>51.0</ele>
    <time>2023-11-05T01:29:20Z</time>
   </trkpt>
   <trkpt lat="35.5426030" lon="139.5055090">
    <ele>50.9</ele>
    <time>2023-11-05T01:29:21Z</time>
   </trkpt>
   <trkpt lat="35.5426120" lon="139.5055410">
    <ele>50.6</ele>
    <time>2023-11-05T01:29:22Z</time>
   </trkpt>
   <trkpt lat="35.5426450" lon="139.5055640">
    <ele>50.2</ele>
    <time>2023-11-05T01:29:23Z</time>
   </trkpt>
   <trkpt lat="35.5426580" lon="139.5055750">
    <ele>50.1</ele>
    <time>2023-11-05T01:29:24Z</time>
   </trkpt>
   <trkpt lat="35.5426830" lon="139.5055950">
    <ele>49.8</ele>
    <time>2023-11-05T01:29:25Z</time>
   </trkpt>
   <trkpt lat="35.5426900" lon="139.5056040">
    <ele>49.7</ele>
    <time>2023-11-05T01:29:26Z</time>
   </trkpt>
   <trkpt lat="35.5427190" lon="139.5056310">
    <ele>49.3</ele>
    <time>2023-11-05T01:29:27Z</time>
   </trkpt>
   <trkpt lat="35.5427290" lon="139.5056400">
    <ele>49.2</ele>
    <time>2023-11-05T01:29:28Z</time>
   </trkpt>
   <trkpt lat="35.5427560" lon="139.5056440">
    <ele>48.9</ele>
    <time>2023-11-05T01:29:29Z</time>
   </trkpt>
   <trkpt lat="35.5427910" lon="139.5056590">
    <ele>48.6</ele>
    <time>2023-11-05T01:29:30Z</time>
   </trkpt>
   <trkpt lat="35.5428050" lon="139.5056670">
    <ele>48.5</ele>
    <time>2023-11-05T01:29:31Z</time>
   </trkpt>
   <trkpt lat="35.5428270" lon="139.5056940">
    <ele>48.2</ele>
    <time>2023-11-05T01:29:32Z</time>
   </trkpt>
   <trkpt lat="35.5428600" lon="139.5057170">
    <ele>47.9</ele>
    <time>2023-11-05T01:29:33Z</time>
   </trkpt>
   <trkpt lat="35.5428720" lon="139.5057300">
    <ele>47.7</ele>
    <time>2023-11-05T01:29:34Z</time>
   </trkpt>
   <trkpt lat="35.5428900" lon="139.5057400">
    <ele>47.6</ele>
    <time>2023-11-05T01:29:35Z</time>
   </trkpt>
   <trkpt lat="35.5429040" lon="139.5057390">
    <ele>47.4</ele>
    <time>2023-11-05T01:29:36Z</time>
   </trkpt>
   <trkpt lat="35.5429200" lon="139.5057470">
    <ele>47.3</ele>
    <time>2023-11-05T01:29:37Z</time>
   </trkpt>
   <trkpt lat="35.5429340" lon="139.5057400">
    <ele>47.2</ele>
    <time>2023-11-05T01:29:38Z</time>
   </trkpt>
   <trkpt lat="35.5429410" lon="139.5057400">
    <ele>47.1</ele>
    <time>2023-11-05T01:29:39Z</time>
   </trkpt>
   <trkpt lat="35.5429460" lon="139.5057580">
    <ele>47.0</ele>
    <time>2023-11-05T01:29:40Z</time>
   </trkpt>
   <trkpt lat="35.5429520" lon="139.5057770">
    <ele>46.8</ele>
    <time>2023-11-05T01:29:45Z</time>
   </trkpt>
   <trkpt lat="35.5429570" lon="139.5057960">
    <ele>46.7</ele>
    <time>2023-11-05T01:29:46Z</time>
   </trkpt>
   <trkpt lat="35.5429890" lon="139.5058090">
    <ele>46.4</ele>
    <time>2023-11-05T01:29:47Z</time>
   </trkpt>
   <trkpt lat="35.5429970" lon="139.5058140">
    <ele>46.3</ele>
    <time>2023-11-05T01:29:48Z</time>
   </trkpt>
   <trkpt lat="35.5430260" lon="139.5058450">
    <ele>46.1</ele>
    <time>2023-11-05T01:29:49Z</time>
   </trkpt>
   <trkpt lat="35.5430350" lon="139.5058570">
    <ele>46.0</ele>
    <time>2023-11-05T01:29:50Z</time>
   </trkpt>
   <trkpt lat="35.5430680" lon="139.5058760">
    <ele>45.8</ele>
    <time>2023-11-05T01:29:51Z</time>
   </trkpt>
   <trkpt lat="35.5430790" lon="139.5058840">
    <ele>45.8</ele>
    <time>2023-11-05T01:29:52Z</time>
   </trkpt>
   <trkpt lat="35.5431080" lon="139.5059150">
    <ele>45.6</ele>
    <time>2023-11-05T01:29:53Z</time>
   </trkpt>
   <trkpt lat="35.5431180" lon="139.5059280">
    <ele>45.5</ele>
    <time>2023-11-05T01:29:54Z</time>
   </trkpt>
   <trkpt lat="35.5431420" lon="139.5059560">
    <ele>45.3</ele>
    <time>2023-11-05T01:29:55Z</time>
   </trkpt>
   <trkpt lat="35.5431510" lon="139.5059680">
    <ele>45.2</ele>
    <time>2023-11-05T01:29:56Z</time>
   </trkpt>
   <trkpt lat="35.5431820" lon="139.5059860">
    <ele>45.0</ele>
    <time>2023-11-05T01:29:57Z</time>
   </trkpt>
   <trkpt lat="35.5431930" lon="139.5059940">
    <ele>45.0</ele>
    <time>2023-11-05T01:29:58Z</time>
   </trkpt>
   <trkpt lat="35.5432230" lon="139.5060130">
    <ele>44.8</ele>
    <time>2023-11-05T01:29:59Z</time>
   </trkpt>
   <trkpt lat="35.5432350" lon="139.5060170">
    <ele>44.7</ele>
    <time>2023-11-05T01:30:00Z</time>
   </trkpt>
   <trkpt lat="35.5432570" lon="139.5060410">
    <ele>44.6</ele>
    <time>2023-11-05T01:30:01Z</time>
   </trkpt>
   <trkpt lat="35.5432790" lon="139.5060660">
    <ele>44.4</ele>
    <time>2023-11-05T01:30:02Z</time>
   </trkpt>
   <trkpt lat="35.5433120" lon="139.5060720">
    <ele>44.2</ele>
    <time>2023-11-05T01:30:03Z</time>
   </trkpt>
   <trkpt lat="35.5433460" lon="139.5061010">
    <ele>44.0</ele>
    <time>2023-11-05T01:30:04Z</time>
   </trkpt>
   <trkpt lat="35.5433560" lon="139.5061170">
    <ele>43.9</ele>
    <time>2023-11-05T01:30:05Z</time>
   </trkpt>
   <trkpt lat="35.5433800" lon="139.5061470">
    <ele>43.9</ele>
    <time>2023-11-05T01:30:06Z</time>
   </trkpt>
   <trkpt lat="35.5434070" lon="139.5061600">
    <ele>43.8</ele>
    <time>2023-11-05T01:30:07Z</time>
   </trkpt>
   <trkpt lat="35.5434410" lon="139.5061590">
    <ele>43.7</ele>
    <time>2023-11-05T01:30:08Z</time>
   </trkpt>
   <trkpt lat="35.5434540" lon="139.5061620">
    <ele>43.7</ele>
    <time>2023-11-05T01:30:09Z</time>
   </trkpt>
   <trkpt lat="35.5434910" lon="139.5061820">
    <ele>43.6</ele>
    <time>2023-11-05T01:30:10Z</time>
   </trkpt>
   <trkpt lat="35.5435020" lon="139.5061950">
    <ele>43.5</ele>
    <time>2023-11-05T01:30:11Z</time>
   </trkpt>
   <trkpt lat="35.5435360" lon="139.5061940">
    <ele>43.5</ele>
    <time>2023-11-05T01:30:12Z</time>
   </trkpt>
   <trkpt lat="35.5435460" lon="139.5061920">
    <ele>43.4</ele>
    <time>2023-11-05T01:30:13Z</time>
   </trkpt>
   <trkpt lat="35.5435850" lon="139.5061960">
    <ele>43.3</ele>
    <time>2023-11-05T01:30:14Z</time>
   </trkpt>
   <trkpt lat="35.5435990" lon="139.5061940">
    <ele>43.3</ele>
    <time>2023-11-05T01:30:15Z</time>
   </trkpt>
   <trkpt lat="35.5436210" lon="139.5061720">
    <ele>43.2</ele>
    <time>2023-11-05T01:30:16Z</time>
   </trkpt>
   <trkpt lat="35.5436360" lon="139.5061340">
    <ele>43.2</ele>
    <time>2023-11-05T01:30:18Z</time>
   </trkpt>
   <trkpt lat="35.5436400" lon="139.5061200">
    <ele>43.1</ele>
    <time>2023-11-05T01:30:19Z</time>
   </trkpt>
   <trkpt lat="35.5436390" lon="139.5061020">
    <ele>43.1</ele>
    <time>2023-11-05T01:30:20Z</time>
   </trkpt>
   <trkpt lat="35.5436530" lon="139.5061140">
    <ele>43.1</ele>
    <time>2023-11-05T01:30:21Z</time>
   </trkpt>
  </trkseg>
 </trk>
</gpx>
