<?xml version="1.0" encoding="UTF-8"?>
<gpx creator="StravaGPX" version="1.1" xmlns="http://www.topografix.com/GPX/1/1" xmlns:xsi="http://www.w3.org/2001/XMLSchema-instance" xsi:schemaLocation="http://www.topografix.com/GPX/1/1 http://www.topografix.com/GPX/1/1/gpx.xsd">
 <metadata>
  <time>2023-09-26T23:47:49Z</time>
 </metadata>
 <trk>
  <name>Padar island</name>
  <type>hiking</type>
  <trkseg>
   <trkpt lat="-8.6775430" lon="119.5551990">
    <ele>28.2</ele>
    <time>2023-09-26T23:47:49Z</time>
   </trkpt>
   <trkpt lat="-8.6775450" lon="119.5551970">
    <ele>28.2</ele>
    <time>2023-09-26T23:47:50Z</time>
   </trkpt>
   <trkpt lat="-8.6775490" lon="119.5551970">
    <ele>28.2</ele>
    <time>2023-09-26T23:47:51Z</time>
   </trkpt>
   <trkpt lat="-8.6775560" lon="119.5551950">
    <ele>28.2</ele>
    <time>2023-09-26T23:47:52Z</time>
   </trkpt>
   <trkpt lat="-8.6775640" lon="119.5551930">
    <ele>28.2</ele>
    <time>2023-09-26T23:47:53Z</time>
   </trkpt>
   <trkpt lat="-8.6775700" lon="119.5551910">
    <ele>28.3</ele>
    <time>2023-09-26T23:47:54Z</time>
   </trkpt>
   <trkpt lat="-8.6775770" lon="119.5551900">
    <ele>28.3</ele>
    <time>2023-09-26T23:47:55Z</time>
   </trkpt>
   <trkpt lat="-8.6775830" lon="119.5551900">
    <ele>28.3</ele>
    <time>2023-09-26T23:47:56Z</time>
   </trkpt>
   <trkpt lat="-8.6775890" lon="119.5551900">
    <ele>28.3</ele>
    <time>2023-09-26T23:47:57Z</time>
   </trkpt>
   <trkpt lat="-8.6775980" lon="119.5551920">
    <ele>28.3</ele>
    <time>2023-09-26T23:47:58Z</time>
   </trkpt>
   <trkpt lat="-8.6776040" lon="119.5551940">
    <ele>28.3</ele>
    <time>2023-09-26T23:47:59Z</time>
   </trkpt>
   <trkpt lat="-8.6776110" lon="119.5551950">
    <ele>28.3</ele>
    <time>2023-09-26T23:48:00Z</time>
   </trkpt>
   <trkpt lat="-8.6776200" lon="119.5551970">
    <ele>28.3</ele>
    <time>2023-09-26T23:48:01Z</time>
   </trkpt>
   <trkpt lat="-8.6776240" lon="119.5551970">
    <ele>28.3</ele>
    <time>2023-09-26T23:48:02Z</time>
   </trkpt>
   <trkpt lat="-8.6776330" lon="119.5552000">
    <ele>28.4</ele>
    <time>2023-09-26T23:48:03Z</time>
   </trkpt>
   <trkpt lat="-8.6776370" lon="119.5552010">
    <ele>28.4</ele>
    <time>2023-09-26T23:48:04Z</time>
   </trkpt>
   <trkpt lat="-8.6776470" lon="119.5552030">
    <ele>28.4</ele>
    <time>2023-09-26T23:48:05Z</time>
   </trkpt>
   <trkpt lat="-8.6776560" lon="119.5552060">
    <ele>28.4</ele>
    <time>2023-09-26T23:48:06Z</time>
   </trkpt>
   <trkpt lat="-8.6776630" lon="119.5552090">
    <ele>28.4</ele>
    <time>2023-09-26T23:48:07Z</time>
   </trkpt>
   <trkpt lat="-8.6776690" lon="119.5552130">
    <ele>28.4</ele>
    <time>2023-09-26T23:48:08Z</time>
   </trkpt>
   <trkpt lat="-8.6776730" lon="119.5552160">
    <ele>28.4</ele>
    <time>2023-09-26T23:48:09Z</time>
   </trkpt>
   <trkpt lat="-8.6776840" lon="119.5552200">
    <ele>28.5</ele>
    <time>2023-09-26T23:48:10Z</time>
   </trkpt>
   <trkpt lat="-8.6776910" lon="119.5552250">
    <ele>28.5</ele>
    <time>2023-09-26T23:48:11Z</time>
   </trkpt>
   <trkpt lat="-8.6776970" lon="119.5552290">
    <ele>28.5</ele>
    <time>2023-09-26T23:48:12Z</time>
   </trkpt>
   <trkpt lat="-8.6777040" lon="119.5552340">
    <ele>28.5</ele>
    <time>2023-09-26T23:48:13Z</time>
   </trkpt>
   <trkpt lat="-8.6777100" lon="119.5552370">
    <ele>28.5</ele>
    <time>2023-09-26T23:48:14Z</time>
   </trkpt>
   <trkpt lat="-8.6777140" lon="119.5552400">
    <ele>28.5</ele>
    <time>2023-09-26T23:48:15Z</time>
   </trkpt>
   <trkpt lat="-8.6777150" lon="119.5552360">
    <ele>28.5</ele>
    <time>2023-09-26T23:48:16Z</time>
   </trkpt>
   <trkpt lat="-8.6777180" lon="119.5552430">
    <ele>28.6</ele>
    <time>2023-09-26T23:48:17Z</time>
   </trkpt>
   <trkpt lat="-8.6777250" lon="119.5552500">
    <ele>28.6</ele>
    <time>2023-09-26T23:48:18Z</time>
   </trkpt>
   <trkpt lat="-8.6777210" lon="119.5552530">
    <ele>28.6</ele>
    <time>2023-09-26T23:48:19Z</time>
   </trkpt>
   <trkpt lat="-8.6777140" lon="119.5552500">
    <ele>28.6</ele>
    <time>2023-09-26T23:48:20Z</time>
   </trkpt>
   <trkpt lat="-8.6777240" lon="119.5552710">
    <ele>28.7</ele>
    <time>2023-09-26T23:48:21Z</time>
   </trkpt>
   <trkpt lat="-8.6777480" lon="119.5552840">
    <ele>28.8</ele>
    <time>2023-09-26T23:48:22Z</time>
   </trkpt>
   <trkpt lat="-8.6777500" lon="119.5552760">
    <ele>28.8</ele>
    <time>2023-09-26T23:48:23Z</time>
   </trkpt>
   <trkpt lat="-8.6777480" lon="119.5552850">
    <ele>28.9</ele>
    <time>2023-09-26T23:48:24Z</time>
   </trkpt>
   <trkpt lat="-8.6777440" lon="119.5552860">
    <ele>28.9</ele>
    <time>2023-09-26T23:48:25Z</time>
   </trkpt>
   <trkpt lat="-8.6777560" lon="119.5552920">
    <ele>29.0</ele>
    <time>2023-09-26T23:48:26Z</time>
   </trkpt>
   <trkpt lat="-8.6777580" lon="119.5552980">
    <ele>29.0</ele>
    <time>2023-09-26T23:48:27Z</time>
   </trkpt>
   <trkpt lat="-8.6777600" lon="119.5553010">
    <ele>29.0</ele>
    <time>2023-09-26T23:48:28Z</time>
   </trkpt>
   <trkpt lat="-8.6777660" lon="119.5553060">
    <ele>29.1</ele>
    <time>2023-09-26T23:48:29Z</time>
   </trkpt>
   <trkpt lat="-8.6777700" lon="119.5553110">
    <ele>29.1</ele>
    <time>2023-09-26T23:48:30Z</time>
   </trkpt>
   <trkpt lat="-8.6777740" lon="119.5553160">
    <ele>29.1</ele>
    <time>2023-09-26T23:48:31Z</time>
   </trkpt>
   <trkpt lat="-8.6777790" lon="119.5553240">
    <ele>29.2</ele>
    <time>2023-09-26T23:48:32Z</time>
   </trkpt>
   <trkpt lat="-8.6777820" lon="119.5553280">
    <ele>29.2</ele>
    <time>2023-09-26T23:48:33Z</time>
   </trkpt>
   <trkpt lat="-8.6777790" lon="119.5553340">
    <ele>29.3</ele>
    <time>2023-09-26T23:48:34Z</time>
   </trkpt>
   <trkpt lat="-8.6777790" lon="119.5553410">
    <ele>29.3</ele>
    <time>2023-09-26T23:48:35Z</time>
   </trkpt>
   <trkpt lat="-8.6777790" lon="119.5553470">
    <ele>29.4</ele>
    <time>2023-09-26T23:48:36Z</time>
   </trkpt>
   <trkpt lat="-8.6777830" lon="119.5553540">
    <ele>29.4</ele>
    <time>2023-09-26T23:48:37Z</time>
   </trkpt>
   <trkpt lat="-8.6777850" lon="119.5553520">
    <ele>29.5</ele>
    <time>2023-09-26T23:48:38Z</time>
   </trkpt>
   <trkpt lat="-8.6777880" lon="119.5553620">
    <ele>29.5</ele>
    <time>2023-09-26T23:48:39Z</time>
   </trkpt>
   <trkpt lat="-8.6777990" lon="119.5553670">
    <ele>29.6</ele>
    <time>2023-09-26T23:48:40Z</time>
   </trkpt>
   <trkpt lat="-8.6777950" lon="119.5553630">
    <ele>29.7</ele>
    <time>2023-09-26T23:48:41Z</time>
   </trkpt>
   <trkpt lat="-8.6778050" lon="119.5553650">
    <ele>29.8</ele>
    <time>2023-09-26T23:48:42Z</time>
   </trkpt>
   <trkpt lat="-8.6778120" lon="119.5553660">
    <ele>29.8</ele>
    <time>2023-09-26T23:48:43Z</time>
   </trkpt>
   <trkpt lat="-8.6778090" lon="119.5553710">
    <ele>29.9</ele>
    <time>2023-09-26T23:48:44Z</time>
   </trkpt>
   <trkpt lat="-8.6778090" lon="119.5553830">
    <ele>30.0</ele>
    <time>2023-09-26T23:48:45Z</time>
   </trkpt>
   <trkpt lat="-8.6778110" lon="119.5553930">
    <ele>30.1</ele>
    <time>2023-09-26T23:48:46Z</time>
   </trkpt>
   <trkpt lat="-8.6778100" lon="119.5553930">
    <ele>30.1</ele>
    <time>2023-09-26T23:48:47Z</time>
   </trkpt>
   <trkpt lat="-8.6778130" lon="119.5553980">
    <ele>30.1</ele>
    <time>2023-09-26T23:48:48Z</time>
   </trkpt>
   <trkpt lat="-8.6778210" lon="119.5554050">
    <ele>30.2</ele>
    <time>2023-09-26T23:48:49Z</time>
   </trkpt>
   <trkpt lat="-8.6778250" lon="119.5554090">
    <ele>30.3</ele>
    <time>2023-09-26T23:48:50Z</time>
   </trkpt>
   <trkpt lat="-8.6778290" lon="119.5554180">
    <ele>30.4</ele>
    <time>2023-09-26T23:48:51Z</time>
   </trkpt>
   <trkpt lat="-8.6778270" lon="119.5554190">
    <ele>30.4</ele>
    <time>2023-09-26T23:48:52Z</time>
   </trkpt>
   <trkpt lat="-8.6778260" lon="119.5554250">
    <ele>30.4</ele>
    <time>2023-09-26T23:48:53Z</time>
   </trkpt>
   <trkpt lat="-8.6778310" lon="119.5554220">
    <ele>30.5</ele>
    <time>2023-09-26T23:48:54Z</time>
   </trkpt>
   <trkpt lat="-8.6778360" lon="119.5554240">
    <ele>30.5</ele>
    <time>2023-09-26T23:48:55Z</time>
   </trkpt>
   <trkpt lat="-8.6778420" lon="119.5554290">
    <ele>30.6</ele>
    <time>2023-09-26T23:48:56Z</time>
   </trkpt>
   <trkpt lat="-8.6778450" lon="119.5554330">
    <ele>30.6</ele>
    <time>2023-09-26T23:48:57Z</time>
   </trkpt>
   <trkpt lat="-8.6778470" lon="119.5554330">
    <ele>30.7</ele>
    <time>2023-09-26T23:48:58Z</time>
   </trkpt>
   <trkpt lat="-8.6778530" lon="119.5554400">
    <ele>30.7</ele>
    <time>2023-09-26T23:48:59Z</time>
   </trkpt>
   <trkpt lat="-8.6778550" lon="119.5554430">
    <ele>30.8</ele>
    <time>2023-09-26T23:49:00Z</time>
   </trkpt>
   <trkpt lat="-8.6778540" lon="119.5554460">
    <ele>30.8</ele>
    <time>2023-09-26T23:49:01Z</time>
   </trkpt>
   <trkpt lat="-8.6778570" lon="119.5554530">
    <ele>30.9</ele>
    <time>2023-09-26T23:49:02Z</time>
   </trkpt>
   <trkpt lat="-8.6778600" lon="119.5554530">
    <ele>30.9</ele>
    <time>2023-09-26T23:49:03Z</time>
   </trkpt>
   <trkpt lat="-8.6778640" lon="119.5554620">
    <ele>31.0</ele>
    <time>2023-09-26T23:49:04Z</time>
   </trkpt>
   <trkpt lat="-8.6778680" lon="119.5554660">
    <ele>31.0</ele>
    <time>2023-09-26T23:49:05Z</time>
   </trkpt>
   <trkpt lat="-8.6778720" lon="119.5554730">
    <ele>31.0</ele>
    <time>2023-09-26T23:49:06Z</time>
   </trkpt>
   <trkpt lat="-8.6778690" lon="119.5554760">
    <ele>31.0</ele>
    <time>2023-09-26T23:49:07Z</time>
   </trkpt>
   <trkpt lat="-8.6778700" lon="119.5554760">
    <ele>31.0</ele>
    <time>2023-09-26T23:49:08Z</time>
   </trkpt>
   <trkpt lat="-8.6778730" lon="119.5554830">
    <ele>31.0</ele>
    <time>2023-09-26T23:49:09Z</time>
   </trkpt>
   <trkpt lat="-8.6778760" lon="119.5554830">
    <ele>31.0</ele>
    <time>2023-09-26T23:49:10Z</time>
   </trkpt>
   <trkpt lat="-8.6778800" lon="119.5554920">
    <ele>31.1</ele>
    <time>2023-09-26T23:49:11Z</time>
   </trkpt>
   <trkpt lat="-8.6778880" lon="119.5554990">
    <ele>31.1</ele>
    <time>2023-09-26T23:49:12Z</time>
   </trkpt>
   <trkpt lat="-8.6778890" lon="119.5555030">
    <ele>31.1</ele>
    <time>2023-09-26T23:49:13Z</time>
   </trkpt>
   <trkpt lat="-8.6778890" lon="119.5555090">
    <ele>31.1</ele>
    <time>2023-09-26T23:49:14Z</time>
   </trkpt>
   <trkpt lat="-8.6778910" lon="119.5555130">
    <ele>31.1</ele>
    <time>2023-09-26T23:49:15Z</time>
   </trkpt>
   <trkpt lat="-8.6778980" lon="119.5555210">
    <ele>31.1</ele>
    <time>2023-09-26T23:49:16Z</time>
   </trkpt>
   <trkpt lat="-8.6778980" lon="119.5555230">
    <ele>31.1</ele>
    <time>2023-09-26T23:49:17Z</time>
   </trkpt>
   <trkpt lat="-8.6778980" lon="119.5555220">
    <ele>31.1</ele>
    <time>2023-09-26T23:49:18Z</time>
   </trkpt>
   <trkpt lat="-8.6779000" lon="119.5555230">
    <ele>31.1</ele>
    <time>2023-09-26T23:49:19Z</time>
   </trkpt>
   <trkpt lat="-8.6779010" lon="119.5555290">
    <ele>31.1</ele>
    <time>2023-09-26T23:49:20Z</time>
   </trkpt>
   <trkpt lat="-8.6779020" lon="119.5555320">
    <ele>31.1</ele>
    <time>2023-09-26T23:49:21Z</time>
   </trkpt>
   <trkpt lat="-8.6779050" lon="119.5555330">
    <ele>31.1</ele>
    <time>2023-09-26T23:49:22Z</time>
   </trkpt>
   <trkpt lat="-8.6779080" lon="119.5555400">
    <ele>31.1</ele>
    <time>2023-09-26T23:49:23Z</time>
   </trkpt>
   <trkpt lat="-8.6779090" lon="119.5555450">
    <ele>31.1</ele>
    <time>2023-09-26T23:49:24Z</time>
   </trkpt>
   <trkpt lat="-8.6779100" lon="119.5555500">
    <ele>31.1</ele>
    <time>2023-09-26T23:49:25Z</time>
   </trkpt>
   <trkpt lat="-8.6779100" lon="119.5555580">
    <ele>31.1</ele>
    <time>2023-09-26T23:49:26Z</time>
   </trkpt>
   <trkpt lat="-8.6779130" lon="119.5555600">
    <ele>31.0</ele>
    <time>2023-09-26T23:49:27Z</time>
   </trkpt>
   <trkpt lat="-8.6779150" lon="119.5555580">
    <ele>31.0</ele>
    <time>2023-09-26T23:49:28Z</time>
   </trkpt>
   <trkpt lat="-8.6779180" lon="119.5555620">
    <ele>31.0</ele>
    <time>2023-09-26T23:49:29Z</time>
   </trkpt>
   <trkpt lat="-8.6779190" lon="119.5555660">
    <ele>31.0</ele>
    <time>2023-09-26T23:49:30Z</time>
   </trkpt>
   <trkpt lat="-8.6779190" lon="119.5555720">
    <ele>31.0</ele>
    <time>2023-09-26T23:49:31Z</time>
   </trkpt>
   <trkpt lat="-8.6779220" lon="119.5555740">
    <ele>31.0</ele>
    <time>2023-09-26T23:49:32Z</time>
   </trkpt>
   <trkpt lat="-8.6779270" lon="119.5555850">
    <ele>30.9</ele>
    <time>2023-09-26T23:49:33Z</time>
   </trkpt>
   <trkpt lat="-8.6779310" lon="119.5555910">
    <ele>30.9</ele>
    <time>2023-09-26T23:49:34Z</time>
   </trkpt>
   <trkpt lat="-8.6779320" lon="119.5555920">
    <ele>30.9</ele>
    <time>2023-09-26T23:49:35Z</time>
   </trkpt>
   <trkpt lat="-8.6779370" lon="119.5556020">
    <ele>30.9</ele>
    <time>2023-09-26T23:49:36Z</time>
   </trkpt>
   <trkpt lat="-8.6779360" lon="119.5556090">
    <ele>30.8</ele>
    <time>2023-09-26T23:49:37Z</time>
   </trkpt>
   <trkpt lat="-8.6779370" lon="119.5556140">
    <ele>30.8</ele>
    <time>2023-09-26T23:49:38Z</time>
   </trkpt>
   <trkpt lat="-8.6779420" lon="119.5556230">
    <ele>30.8</ele>
    <time>2023-09-26T23:49:39Z</time>
   </trkpt>
   <trkpt lat="-8.6779500" lon="119.5556290">
    <ele>30.7</ele>
    <time>2023-09-26T23:49:40Z</time>
   </trkpt>
   <trkpt lat="-8.6779480" lon="119.5556330">
    <ele>30.7</ele>
    <time>2023-09-26T23:49:41Z</time>
   </trkpt>
   <trkpt lat="-8.6779560" lon="119.5556430">
    <ele>30.6</ele>
    <time>2023-09-26T23:49:42Z</time>
   </trkpt>
   <trkpt lat="-8.6779560" lon="119.5556520">
    <ele>30.6</ele>
    <time>2023-09-26T23:49:43Z</time>
   </trkpt>
   <trkpt lat="-8.6779530" lon="119.5556560">
    <ele>30.5</ele>
    <time>2023-09-26T23:49:44Z</time>
   </trkpt>
   <trkpt lat="-8.6779550" lon="119.5556600">
    <ele>30.5</ele>
    <time>2023-09-26T23:49:45Z</time>
   </trkpt>
   <trkpt lat="-8.6779610" lon="119.5556670">
    <ele>30.5</ele>
    <time>2023-09-26T23:49:46Z</time>
   </trkpt>
   <trkpt lat="-8.6779650" lon="119.5556720">
    <ele>30.5</ele>
    <time>2023-09-26T23:49:47Z</time>
   </trkpt>
   <trkpt lat="-8.6779670" lon="119.5556730">
    <ele>30.5</ele>
    <time>2023-09-26T23:49:48Z</time>
   </trkpt>
   <trkpt lat="-8.6779720" lon="119.5556820">
    <ele>30.4</ele>
    <time>2023-09-26T23:49:49Z</time>
   </trkpt>
   <trkpt lat="-8.6779740" lon="119.5556890">
    <ele>30.4</ele>
    <time>2023-09-26T23:49:50Z</time>
   </trkpt>
   <trkpt lat="-8.6779780" lon="119.5556980">
    <ele>30.4</ele>
    <time>2023-09-26T23:49:51Z</time>
   </trkpt>
   <trkpt lat="-8.6779810" lon="119.5557050">
    <ele>30.4</ele>
    <time>2023-09-26T23:49:52Z</time>
   </trkpt>
   <trkpt lat="-8.6779790" lon="119.5557100">
    <ele>30.4</ele>
    <time>2023-09-26T23:49:53Z</time>
   </trkpt>
   <trkpt lat="-8.6779810" lon="119.5557180">
    <ele>30.4</ele>
    <time>2023-09-26T23:49:54Z</time>
   </trkpt>
   <trkpt lat="-8.6779840" lon="119.5557280">
    <ele>30.4</ele>
    <time>2023-09-26T23:49:55Z</time>
   </trkpt>
   <trkpt lat="-8.6779860" lon="119.5557360">
    <ele>30.4</ele>
    <time>2023-09-26T23:49:56Z</time>
   </trkpt>
   <trkpt lat="-8.6779880" lon="119.5557400">
    <ele>30.4</ele>
    <time>2023-09-26T23:49:57Z</time>
   </trkpt>
   <trkpt lat="-8.6779870" lon="119.5557470">
    <ele>30.4</ele>
    <time>2023-09-26T23:49:58Z</time>
   </trkpt>
   <trkpt lat="-8.6779900" lon="119.5557490">
    <ele>30.4</ele>
    <time>2023-09-26T23:49:59Z</time>
   </trkpt>
   <trkpt lat="-8.6779930" lon="119.5557520">
    <ele>30.4</ele>
    <time>2023-09-26T23:50:00Z</time>
   </trkpt>
   <trkpt lat="-8.6779940" lon="119.5557530">
    <ele>30.4</ele>
    <time>2023-09-26T23:50:01Z</time>
   </trkpt>
   <trkpt lat="-8.6779970" lon="119.5557590">
    <ele>30.4</ele>
    <time>2023-09-26T23:50:02Z</time>
   </trkpt>
   <trkpt lat="-8.6780010" lon="119.5557620">
    <ele>30.4</ele>
    <time>2023-09-26T23:50:03Z</time>
   </trkpt>
   <trkpt lat="-8.6780090" lon="119.5557670">
    <ele>30.4</ele>
    <time>2023-09-26T23:50:04Z</time>
   </trkpt>
   <trkpt lat="-8.6780100" lon="119.5557650">
    <ele>30.4</ele>
    <time>2023-09-26T23:50:05Z</time>
   </trkpt>
   <trkpt lat="-8.6780110" lon="119.5557670">
    <ele>30.4</ele>
    <time>2023-09-26T23:50:06Z</time>
   </trkpt>
   <trkpt lat="-8.6780090" lon="119.5557780">
    <ele>30.5</ele>
    <time>2023-09-26T23:50:07Z</time>
   </trkpt>
   <trkpt lat="-8.6780050" lon="119.5557820">
    <ele>30.5</ele>
    <time>2023-09-26T23:50:08Z</time>
   </trkpt>
   <trkpt lat="-8.6780090" lon="119.5557870">
    <ele>30.5</ele>
    <time>2023-09-26T23:50:09Z</time>
   </trkpt>
   <trkpt lat="-8.6780120" lon="119.5557890">
    <ele>30.5</ele>
    <time>2023-09-26T23:50:10Z</time>
   </trkpt>
   <trkpt lat="-8.6780150" lon="119.5557970">
    <ele>30.6</ele>
    <time>2023-09-26T23:50:11Z</time>
   </trkpt>
   <trkpt lat="-8.6780200" lon="119.5558020">
    <ele>30.6</ele>
    <time>2023-09-26T23:50:12Z</time>
   </trkpt>
   <trkpt lat="-8.6780220" lon="119.5558060">
    <ele>30.6</ele>
    <time>2023-09-26T23:50:13Z</time>
   </trkpt>
   <trkpt lat="-8.6780220" lon="119.5558130">
    <ele>30.7</ele>
    <time>2023-09-26T23:50:14Z</time>
   </trkpt>
   <trkpt lat="-8.6780190" lon="119.5558180">
    <ele>30.7</ele>
    <time>2023-09-26T23:50:15Z</time>
   </trkpt>
   <trkpt lat="-8.6780220" lon="119.5558210">
    <ele>30.8</ele>
    <time>2023-09-26T23:50:16Z</time>
   </trkpt>
   <trkpt lat="-8.6780230" lon="119.5558270">
    <ele>30.8</ele>
    <time>2023-09-26T23:50:17Z</time>
   </trkpt>
   <trkpt lat="-8.6780290" lon="119.5558320">
    <ele>30.9</ele>
    <time>2023-09-26T23:50:18Z</time>
   </trkpt>
   <trkpt lat="-8.6780320" lon="119.5558360">
    <ele>31.0</ele>
    <time>2023-09-26T23:50:19Z</time>
   </trkpt>
   <trkpt lat="-8.6780340" lon="119.5558390">
    <ele>31.0</ele>
    <time>2023-09-26T23:50:20Z</time>
   </trkpt>
   <trkpt lat="-8.6780380" lon="119.5558430">
    <ele>31.1</ele>
    <time>2023-09-26T23:50:21Z</time>
   </trkpt>
   <trkpt lat="-8.6780410" lon="119.5558500">
    <ele>31.1</ele>
    <time>2023-09-26T23:50:22Z</time>
   </trkpt>
   <trkpt lat="-8.6780430" lon="119.5558480">
    <ele>31.2</ele>
    <time>2023-09-26T23:50:23Z</time>
   </trkpt>
   <trkpt lat="-8.6780450" lon="119.5558520">
    <ele>31.2</ele>
    <time>2023-09-26T23:50:24Z</time>
   </trkpt>
   <trkpt lat="-8.6780520" lon="119.5558580">
    <ele>31.3</ele>
    <time>2023-09-26T23:50:25Z</time>
   </trkpt>
   <trkpt lat="-8.6780630" lon="119.5558660">
    <ele>31.5</ele>
    <time>2023-09-26T23:50:26Z</time>
   </trkpt>
   <trkpt lat="-8.6780640" lon="119.5558650">
    <ele>31.5</ele>
    <time>2023-09-26T23:50:27Z</time>
   </trkpt>
   <trkpt lat="-8.6780710" lon="119.5558690">
    <ele>31.6</ele>
    <time>2023-09-26T23:50:28Z</time>
   </trkpt>
   <trkpt lat="-8.6780690" lon="119.5558730">
    <ele>31.7</ele>
    <time>2023-09-26T23:50:29Z</time>
   </trkpt>
   <trkpt lat="-8.6780740" lon="119.5558770">
    <ele>31.8</ele>
    <time>2023-09-26T23:50:30Z</time>
   </trkpt>
   <trkpt lat="-8.6780780" lon="119.5558850">
    <ele>31.9</ele>
    <time>2023-09-26T23:50:31Z</time>
   </trkpt>
   <trkpt lat="-8.6780830" lon="119.5558910">
    <ele>32.0</ele>
    <time>2023-09-26T23:50:32Z</time>
   </trkpt>
   <trkpt lat="-8.6780880" lon="119.5558960">
    <ele>32.1</ele>
    <time>2023-09-26T23:50:33Z</time>
   </trkpt>
   <trkpt lat="-8.6780920" lon="119.5559020">
    <ele>32.2</ele>
    <time>2023-09-26T23:50:34Z</time>
   </trkpt>
   <trkpt lat="-8.6780950" lon="119.5559000">
    <ele>32.3</ele>
    <time>2023-09-26T23:50:35Z</time>
   </trkpt>
   <trkpt lat="-8.6781000" lon="119.5559030">
    <ele>32.4</ele>
    <time>2023-09-26T23:50:36Z</time>
   </trkpt>
   <trkpt lat="-8.6781020" lon="119.5559030">
    <ele>32.4</ele>
    <time>2023-09-26T23:50:37Z</time>
   </trkpt>
   <trkpt lat="-8.6781130" lon="119.5559060">
    <ele>32.6</ele>
    <time>2023-09-26T23:50:38Z</time>
   </trkpt>
   <trkpt lat="-8.6781250" lon="119.5559110">
    <ele>32.8</ele>
    <time>2023-09-26T23:50:39Z</time>
   </trkpt>
   <trkpt lat="-8.6781290" lon="119.5559120">
    <ele>32.9</ele>
    <time>2023-09-26T23:50:40Z</time>
   </trkpt>
   <trkpt lat="-8.6781330" lon="119.5559130">
    <ele>33.0</ele>
    <time>2023-09-26T23:50:41Z</time>
   </trkpt>
   <trkpt lat="-8.6781370" lon="119.5559140">
    <ele>33.0</ele>
    <time>2023-09-26T23:50:42Z</time>
   </trkpt>
   <trkpt lat="-8.6781410" lon="119.5559150">
    <ele>33.1</ele>
    <time>2023-09-26T23:50:43Z</time>
   </trkpt>
   <trkpt lat="-8.6781450" lon="119.5559160">
    <ele>33.2</ele>
    <time>2023-09-26T23:50:44Z</time>
   </trkpt>
   <trkpt lat="-8.6781490" lon="119.5559170">
    <ele>33.2</ele>
    <time>2023-09-26T23:50:45Z</time>
   </trkpt>
   <trkpt lat="-8.6781450" lon="119.5559120">
    <ele>33.4</ele>
    <time>2023-09-26T23:50:46Z</time>
   </trkpt>
   <trkpt lat="-8.6781490" lon="119.5559130">
    <ele>33.4</ele>
    <time>2023-09-26T23:50:47Z</time>
   </trkpt>
   <trkpt lat="-8.6781580" lon="119.5559150">
    <ele>33.6</ele>
    <time>2023-09-26T23:50:48Z</time>
   </trkpt>
   <trkpt lat="-8.6781690" lon="119.5559160">
    <ele>33.8</ele>
    <time>2023-09-26T23:50:49Z</time>
   </trkpt>
   <trkpt lat="-8.6781730" lon="119.5559150">
    <ele>33.9</ele>
    <time>2023-09-26T23:50:50Z</time>
   </trkpt>
   <trkpt lat="-8.6781740" lon="119.5559180">
    <ele>33.9</ele>
    <time>2023-09-26T23:50:51Z</time>
   </trkpt>
   <trkpt lat="-8.6781760" lon="119.5559180">
    <ele>33.9</ele>
    <time>2023-09-26T23:50:52Z</time>
   </trkpt>
   <trkpt lat="-8.6781780" lon="119.5559150">
    <ele>34.0</ele>
    <time>2023-09-26T23:50:53Z</time>
   </trkpt>
   <trkpt lat="-8.6781850" lon="119.5559200">
    <ele>34.2</ele>
    <time>2023-09-26T23:50:54Z</time>
   </trkpt>
   <trkpt lat="-8.6781890" lon="119.5559260">
    <ele>34.3</ele>
    <time>2023-09-26T23:50:55Z</time>
   </trkpt>
   <trkpt lat="-8.6781940" lon="119.5559240">
    <ele>34.4</ele>
    <time>2023-09-26T23:50:56Z</time>
   </trkpt>
   <trkpt lat="-8.6782020" lon="119.5559280">
    <ele>34.5</ele>
    <time>2023-09-26T23:50:57Z</time>
   </trkpt>
   <trkpt lat="-8.6782060" lon="119.5559290">
    <ele>34.6</ele>
    <time>2023-09-26T23:50:58Z</time>
   </trkpt>
   <trkpt lat="-8.6782090" lon="119.5559280">
    <ele>34.7</ele>
    <time>2023-09-26T23:50:59Z</time>
   </trkpt>
   <trkpt lat="-8.6782160" lon="119.5559260">
    <ele>34.8</ele>
    <time>2023-09-26T23:51:00Z</time>
   </trkpt>
   <trkpt lat="-8.6782220" lon="119.5559300">
    <ele>34.9</ele>
    <time>2023-09-26T23:51:01Z</time>
   </trkpt>
   <trkpt lat="-8.6782270" lon="119.5559320">
    <ele>35.0</ele>
    <time>2023-09-26T23:51:02Z</time>
   </trkpt>
   <trkpt lat="-8.6782300" lon="119.5559350">
    <ele>35.1</ele>
    <time>2023-09-26T23:51:03Z</time>
   </trkpt>
   <trkpt lat="-8.6782350" lon="119.5559340">
    <ele>35.2</ele>
    <time>2023-09-26T23:51:04Z</time>
   </trkpt>
   <trkpt lat="-8.6782420" lon="119.5559360">
    <ele>35.3</ele>
    <time>2023-09-26T23:51:05Z</time>
   </trkpt>
   <trkpt lat="-8.6782390" lon="119.5559340">
    <ele>35.4</ele>
    <time>2023-09-26T23:51:06Z</time>
   </trkpt>
   <trkpt lat="-8.6782400" lon="119.5559340">
    <ele>35.4</ele>
    <time>2023-09-26T23:51:07Z</time>
   </trkpt>
   <trkpt lat="-8.6782410" lon="119.5559320">
    <ele>35.4</ele>
    <time>2023-09-26T23:51:08Z</time>
   </trkpt>
   <trkpt lat="-8.6782370" lon="119.5559350">
    <ele>35.5</ele>
    <time>2023-09-26T23:51:09Z</time>
   </trkpt>
   <trkpt lat="-8.6782400" lon="119.5559390">
    <ele>35.6</ele>
    <time>2023-09-26T23:51:10Z</time>
   </trkpt>
   <trkpt lat="-8.6782380" lon="119.5559390">
    <ele>35.6</ele>
    <time>2023-09-26T23:51:11Z</time>
   </trkpt>
   <trkpt lat="-8.6782380" lon="119.5559410">
    <ele>35.7</ele>
    <time>2023-09-26T23:51:12Z</time>
   </trkpt>
   <trkpt lat="-8.6782390" lon="119.5559420">
    <ele>35.7</ele>
    <time>2023-09-26T23:51:13Z</time>
   </trkpt>
   <trkpt lat="-8.6782400" lon="119.5559460">
    <ele>35.8</ele>
    <time>2023-09-26T23:51:14Z</time>
   </trkpt>
   <trkpt lat="-8.6782400" lon="119.5559490">
    <ele>35.8</ele>
    <time>2023-09-26T23:51:15Z</time>
   </trkpt>
   <trkpt lat="-8.6782400" lon="119.5559490">
    <ele>35.8</ele>
    <time>2023-09-26T23:51:16Z</time>
   </trkpt>
   <trkpt lat="-8.6782410" lon="119.5559470">
    <ele>35.9</ele>
    <time>2023-09-26T23:51:17Z</time>
   </trkpt>
   <trkpt lat="-8.6782460" lon="119.5559490">
    <ele>36.0</ele>
    <time>2023-09-26T23:51:18Z</time>
   </trkpt>
   <trkpt lat="-8.6782500" lon="119.5559470">
    <ele>36.0</ele>
    <time>2023-09-26T23:51:19Z</time>
   </trkpt>
   <trkpt lat="-8.6782610" lon="119.5559480">
    <ele>36.2</ele>
    <time>2023-09-26T23:51:20Z</time>
   </trkpt>
   <trkpt lat="-8.6782650" lon="119.5559440">
    <ele>36.3</ele>
    <time>2023-09-26T23:51:21Z</time>
   </trkpt>
   <trkpt lat="-8.6782690" lon="119.5559460">
    <ele>36.4</ele>
    <time>2023-09-26T23:51:22Z</time>
   </trkpt>
   <trkpt lat="-8.6782710" lon="119.5559490">
    <ele>36.5</ele>
    <time>2023-09-26T23:51:23Z</time>
   </trkpt>
   <trkpt lat="-8.6782830" lon="119.5559530">
    <ele>36.7</ele>
    <time>2023-09-26T23:51:24Z</time>
   </trkpt>
   <trkpt lat="-8.6782870" lon="119.5559550">
    <ele>36.8</ele>
    <time>2023-09-26T23:51:25Z</time>
   </trkpt>
   <trkpt lat="-8.6782900" lon="119.5559510">
    <ele>36.9</ele>
    <time>2023-09-26T23:51:26Z</time>
   </trkpt>
   <trkpt lat="-8.6782930" lon="119.5559500">
    <ele>37.0</ele>
    <time>2023-09-26T23:51:27Z</time>
   </trkpt>
   <trkpt lat="-8.6783000" lon="119.5559490">
    <ele>37.1</ele>
    <time>2023-09-26T23:51:28Z</time>
   </trkpt>
   <trkpt lat="-8.6783040" lon="119.5559500">
    <ele>37.2</ele>
    <time>2023-09-26T23:51:29Z</time>
   </trkpt>
   <trkpt lat="-8.6783070" lon="119.5559470">
    <ele>37.2</ele>
    <time>2023-09-26T23:51:30Z</time>
   </trkpt>
   <trkpt lat="-8.6783070" lon="119.5559470">
    <ele>37.2</ele>
    <time>2023-09-26T23:51:31Z</time>
   </trkpt>
   <trkpt lat="-8.6783160" lon="119.5559460">
    <ele>37.4</ele>
    <time>2023-09-26T23:51:32Z</time>
   </trkpt>
   <trkpt lat="-8.6783220" lon="119.5559430">
    <ele>37.5</ele>
    <time>2023-09-26T23:51:33Z</time>
   </trkpt>
   <trkpt lat="-8.6783240" lon="119.5559400">
    <ele>37.6</ele>
    <time>2023-09-26T23:51:34Z</time>
   </trkpt>
   <trkpt lat="-8.6783280" lon="119.5559390">
    <ele>37.7</ele>
    <time>2023-09-26T23:51:35Z</time>
   </trkpt>
   <trkpt lat="-8.6783380" lon="119.5559370">
    <ele>37.9</ele>
    <time>2023-09-26T23:51:36Z</time>
   </trkpt>
   <trkpt lat="-8.6783370" lon="119.5559410">
    <ele>37.9</ele>
    <time>2023-09-26T23:51:37Z</time>
   </trkpt>
   <trkpt lat="-8.6783370" lon="119.5559400">
    <ele>37.9</ele>
    <time>2023-09-26T23:51:38Z</time>
   </trkpt>
   <trkpt lat="-8.6783360" lon="119.5559410">
    <ele>38.0</ele>
    <time>2023-09-26T23:51:39Z</time>
   </trkpt>
   <trkpt lat="-8.6783440" lon="119.5559410">
    <ele>38.1</ele>
    <time>2023-09-26T23:51:40Z</time>
   </trkpt>
   <trkpt lat="-8.6783480" lon="119.5559410">
    <ele>38.2</ele>
    <time>2023-09-26T23:51:41Z</time>
   </trkpt>
   <trkpt lat="-8.6783530" lon="119.5559450">
    <ele>38.3</ele>
    <time>2023-09-26T23:51:42Z</time>
   </trkpt>
   <trkpt lat="-8.6783590" lon="119.5559470">
    <ele>38.4</ele>
    <time>2023-09-26T23:51:43Z</time>
   </trkpt>
   <trkpt lat="-8.6783730" lon="119.5559460">
    <ele>38.7</ele>
    <time>2023-09-26T23:51:44Z</time>
   </trkpt>
   <trkpt lat="-8.6783770" lon="119.5559520">
    <ele>38.8</ele>
    <time>2023-09-26T23:51:45Z</time>
   </trkpt>
   <trkpt lat="-8.6783780" lon="119.5559540">
    <ele>38.9</ele>
    <time>2023-09-26T23:51:46Z</time>
   </trkpt>
   <trkpt lat="-8.6783820" lon="119.5559550">
    <ele>39.0</ele>
    <time>2023-09-26T23:51:47Z</time>
   </trkpt>
   <trkpt lat="-8.6783870" lon="119.5559560">
    <ele>39.1</ele>
    <time>2023-09-26T23:51:48Z</time>
   </trkpt>
   <trkpt lat="-8.6783950" lon="119.5559580">
    <ele>39.2</ele>
    <time>2023-09-26T23:51:49Z</time>
   </trkpt>
   <trkpt lat="-8.6784020" lon="119.5559590">
    <ele>39.4</ele>
    <time>2023-09-26T23:51:50Z</time>
   </trkpt>
   <trkpt lat="-8.6784030" lon="119.5559590">
    <ele>39.4</ele>
    <time>2023-09-26T23:51:51Z</time>
   </trkpt>
   <trkpt lat="-8.6784070" lon="119.5559590">
    <ele>39.4</ele>
    <time>2023-09-26T23:51:52Z</time>
   </trkpt>
   <trkpt lat="-8.6784170" lon="119.5559630">
    <ele>39.7</ele>
    <time>2023-09-26T23:51:53Z</time>
   </trkpt>
   <trkpt lat="-8.6784190" lon="119.5559600">
    <ele>39.7</ele>
    <time>2023-09-26T23:51:54Z</time>
   </trkpt>
   <trkpt lat="-8.6784180" lon="119.5559600">
    <ele>39.7</ele>
    <time>2023-09-26T23:51:55Z</time>
   </trkpt>
   <trkpt lat="-8.6784230" lon="119.5559640">
    <ele>39.9</ele>
    <time>2023-09-26T23:51:56Z</time>
   </trkpt>
   <trkpt lat="-8.6784210" lon="119.5559640">
    <ele>39.9</ele>
    <time>2023-09-26T23:51:57Z</time>
   </trkpt>
   <trkpt lat="-8.6784220" lon="119.5559620">
    <ele>40.0</ele>
    <time>2023-09-26T23:51:58Z</time>
   </trkpt>
   <trkpt lat="-8.6784270" lon="119.5559720">
    <ele>40.2</ele>
    <time>2023-09-26T23:51:59Z</time>
   </trkpt>
   <trkpt lat="-8.6784330" lon="119.5559680">
    <ele>40.3</ele>
    <time>2023-09-26T23:52:00Z</time>
   </trkpt>
   <trkpt lat="-8.6784350" lon="119.5559710">
    <ele>40.4</ele>
    <time>2023-09-26T23:52:01Z</time>
   </trkpt>
   <trkpt lat="-8.6784380" lon="119.5559740">
    <ele>40.5</ele>
    <time>2023-09-26T23:52:02Z</time>
   </trkpt>
   <trkpt lat="-8.6784390" lon="119.5559750">
    <ele>40.5</ele>
    <time>2023-09-26T23:52:03Z</time>
   </trkpt>
   <trkpt lat="-8.6784400" lon="119.5559740">
    <ele>40.5</ele>
    <time>2023-09-26T23:52:04Z</time>
   </trkpt>
   <trkpt lat="-8.6784440" lon="119.5559740">
    <ele>40.6</ele>
    <time>2023-09-26T23:52:05Z</time>
   </trkpt>
   <trkpt lat="-8.6784470" lon="119.5559730">
    <ele>40.7</ele>
    <time>2023-09-26T23:52:06Z</time>
   </trkpt>
   <trkpt lat="-8.6784540" lon="119.5559770">
    <ele>40.8</ele>
    <time>2023-09-26T23:52:07Z</time>
   </trkpt>
   <trkpt lat="-8.6784620" lon="119.5559830">
    <ele>41.0</ele>
    <time>2023-09-26T23:52:08Z</time>
   </trkpt>
   <trkpt lat="-8.6784600" lon="119.5559810">
    <ele>41.1</ele>
    <time>2023-09-26T23:52:09Z</time>
   </trkpt>
   <trkpt lat="-8.6784640" lon="119.5559800">
    <ele>41.2</ele>
    <time>2023-09-26T23:52:10Z</time>
   </trkpt>
   <trkpt lat="-8.6784660" lon="119.5559830">
    <ele>41.2</ele>
    <time>2023-09-26T23:52:11Z</time>
   </trkpt>
   <trkpt lat="-8.6784700" lon="119.5559810">
    <ele>41.3</ele>
    <time>2023-09-26T23:52:12Z</time>
   </trkpt>
   <trkpt lat="-8.6784730" lon="119.5559820">
    <ele>41.4</ele>
    <time>2023-09-26T23:52:13Z</time>
   </trkpt>
   <trkpt lat="-8.6784780" lon="119.5559840">
    <ele>41.5</ele>
    <time>2023-09-26T23:52:14Z</time>
   </trkpt>
   <trkpt lat="-8.6784820" lon="119.5559810">
    <ele>41.6</ele>
    <time>2023-09-26T23:52:15Z</time>
   </trkpt>
   <trkpt lat="-8.6784860" lon="119.5559840">
    <ele>41.7</ele>
    <time>2023-09-26T23:52:16Z</time>
   </trkpt>
   <trkpt lat="-8.6784880" lon="119.5559870">
    <ele>41.8</ele>
    <time>2023-09-26T23:52:17Z</time>
   </trkpt>
   <trkpt lat="-8.6784890" lon="119.5559890">
    <ele>41.8</ele>
    <time>2023-09-26T23:52:18Z</time>
   </trkpt>
   <trkpt lat="-8.6784990" lon="119.5559850">
    <ele>42.0</ele>
    <time>2023-09-26T23:52:19Z</time>
   </trkpt>
   <trkpt lat="-8.6785080" lon="119.5559850">
    <ele>42.2</ele>
    <time>2023-09-26T23:52:20Z</time>
   </trkpt>
   <trkpt lat="-8.6785110" lon="119.5559870">
    <ele>42.3</ele>
    <time>2023-09-26T23:52:21Z</time>
   </trkpt>
   <trkpt lat="-8.6785080" lon="119.5559920">
    <ele>42.4</ele>
    <time>2023-09-26T23:52:22Z</time>
   </trkpt>
   <trkpt lat="-8.6785120" lon="119.5559900">
    <ele>42.5</ele>
    <time>2023-09-26T23:52:23Z</time>
   </trkpt>
   <trkpt lat="-8.6785220" lon="119.5559890">
    <ele>42.8</ele>
    <time>2023-09-26T23:52:24Z</time>
   </trkpt>
   <trkpt lat="-8.6785220" lon="119.5559930">
    <ele>42.9</ele>
    <time>2023-09-26T23:52:25Z</time>
   </trkpt>
   <trkpt lat="-8.6785310" lon="119.5559960">
    <ele>43.1</ele>
    <time>2023-09-26T23:52:26Z</time>
   </trkpt>
   <trkpt lat="-8.6785320" lon="119.5559920">
    <ele>43.2</ele>
    <time>2023-09-26T23:52:27Z</time>
   </trkpt>
   <trkpt lat="-8.6785400" lon="119.5559910">
    <ele>43.3</ele>
    <time>2023-09-26T23:52:28Z</time>
   </trkpt>
   <trkpt lat="-8.6785440" lon="119.5559920">
    <ele>43.4</ele>
    <time>2023-09-26T23:52:29Z</time>
   </trkpt>
   <trkpt lat="-8.6785400" lon="119.5559980">
    <ele>43.6</ele>
    <time>2023-09-26T23:52:30Z</time>
   </trkpt>
   <trkpt lat="-8.6785410" lon="119.5560010">
    <ele>43.7</ele>
    <time>2023-09-26T23:52:31Z</time>
   </trkpt>
   <trkpt lat="-8.6785450" lon="119.5560010">
    <ele>43.8</ele>
    <time>2023-09-26T23:52:32Z</time>
   </trkpt>
   <trkpt lat="-8.6785460" lon="119.5560010">
    <ele>43.8</ele>
    <time>2023-09-26T23:52:33Z</time>
   </trkpt>
   <trkpt lat="-8.6785470" lon="119.5560010">
    <ele>43.8</ele>
    <time>2023-09-26T23:52:34Z</time>
   </trkpt>
   <trkpt lat="-8.6785600" lon="119.5560030">
    <ele>44.1</ele>
    <time>2023-09-26T23:52:35Z</time>
   </trkpt>
   <trkpt lat="-8.6785610" lon="119.5560040">
    <ele>44.1</ele>
    <time>2023-09-26T23:52:36Z</time>
   </trkpt>
   <trkpt lat="-8.6785590" lon="119.5560040">
    <ele>44.2</ele>
    <time>2023-09-26T23:52:37Z</time>
   </trkpt>
   <trkpt lat="-8.6785610" lon="119.5560080">
    <ele>44.3</ele>
    <time>2023-09-26T23:52:38Z</time>
   </trkpt>
   <trkpt lat="-8.6785620" lon="119.5560060">
    <ele>44.3</ele>
    <time>2023-09-26T23:52:39Z</time>
   </trkpt>
   <trkpt lat="-8.6785690" lon="119.5560090">
    <ele>44.5</ele>
    <time>2023-09-26T23:52:40Z</time>
   </trkpt>
   <trkpt lat="-8.6785730" lon="119.5560070">
    <ele>44.6</ele>
    <time>2023-09-26T23:52:41Z</time>
   </trkpt>
   <trkpt lat="-8.6785730" lon="119.5560050">
    <ele>44.7</ele>
    <time>2023-09-26T23:52:42Z</time>
   </trkpt>
   <trkpt lat="-8.6785750" lon="119.5560080">
    <ele>44.8</ele>
    <time>2023-09-26T23:52:43Z</time>
   </trkpt>
   <trkpt lat="-8.6785760" lon="119.5560090">
    <ele>44.8</ele>
    <time>2023-09-26T23:52:44Z</time>
   </trkpt>
   <trkpt lat="-8.6785870" lon="119.5560030">
    <ele>45.1</ele>
    <time>2023-09-26T23:52:45Z</time>
   </trkpt>
   <trkpt lat="-8.6785890" lon="119.5560080">
    <ele>45.2</ele>
    <time>2023-09-26T23:52:46Z</time>
   </trkpt>
   <trkpt lat="-8.6785940" lon="119.5560150">
    <ele>45.4</ele>
    <time>2023-09-26T23:52:47Z</time>
   </trkpt>
   <trkpt lat="-8.6785930" lon="119.5560130">
    <ele>45.5</ele>
    <time>2023-09-26T23:52:48Z</time>
   </trkpt>
   <trkpt lat="-8.6785930" lon="119.5560150">
    <ele>45.5</ele>
    <time>2023-09-26T23:52:49Z</time>
   </trkpt>
   <trkpt lat="-8.6786000" lon="119.5560110">
    <ele>45.7</ele>
    <time>2023-09-26T23:52:50Z</time>
   </trkpt>
   <trkpt lat="-8.6786000" lon="119.5560120">
    <ele>45.8</ele>
    <time>2023-09-26T23:52:51Z</time>
   </trkpt>
   <trkpt lat="-8.6786050" lon="119.5560150">
    <ele>45.9</ele>
    <time>2023-09-26T23:52:52Z</time>
   </trkpt>
   <trkpt lat="-8.6786120" lon="119.5560170">
    <ele>46.1</ele>
    <time>2023-09-26T23:52:53Z</time>
   </trkpt>
   <trkpt lat="-8.6786140" lon="119.5560230">
    <ele>46.2</ele>
    <time>2023-09-26T23:52:54Z</time>
   </trkpt>
   <trkpt lat="-8.6786170" lon="119.5560230">
    <ele>46.3</ele>
    <time>2023-09-26T23:52:55Z</time>
   </trkpt>
   <trkpt lat="-8.6786220" lon="119.5560190">
    <ele>46.5</ele>
    <time>2023-09-26T23:52:56Z</time>
   </trkpt>
   <trkpt lat="-8.6786190" lon="119.5560230">
    <ele>46.6</ele>
    <time>2023-09-26T23:52:57Z</time>
   </trkpt>
   <trkpt lat="-8.6786230" lon="119.5560230">
    <ele>46.7</ele>
    <time>2023-09-26T23:52:58Z</time>
   </trkpt>
   <trkpt lat="-8.6786250" lon="119.5560200">
    <ele>46.8</ele>
    <time>2023-09-26T23:52:59Z</time>
   </trkpt>
   <trkpt lat="-8.6786210" lon="119.5560200">
    <ele>46.9</ele>
    <time>2023-09-26T23:53:00Z</time>
   </trkpt>
   <trkpt lat="-8.6786230" lon="119.5560250">
    <ele>47.0</ele>
    <time>2023-09-26T23:53:01Z</time>
   </trkpt>
   <trkpt lat="-8.6786230" lon="119.5560250">
    <ele>47.0</ele>
    <time>2023-09-26T23:53:02Z</time>
   </trkpt>
   <trkpt lat="-8.6786210" lon="119.5560350">
    <ele>47.2</ele>
    <time>2023-09-26T23:53:03Z</time>
   </trkpt>
   <trkpt lat="-8.6786210" lon="119.5560360">
    <ele>47.3</ele>
    <time>2023-09-26T23:53:04Z</time>
   </trkpt>
   <trkpt lat="-8.6786180" lon="119.5560350">
    <ele>47.3</ele>
    <time>2023-09-26T23:53:05Z</time>
   </trkpt>
   <trkpt lat="-8.6786140" lon="119.5560320">
    <ele>47.5</ele>
    <time>2023-09-26T23:53:06Z</time>
   </trkpt>
   <trkpt lat="-8.6786100" lon="119.5560240">
    <ele>47.7</ele>
    <time>2023-09-26T23:53:07Z</time>
   </trkpt>
   <trkpt lat="-8.6786090" lon="119.5560300">
    <ele>47.8</ele>
    <time>2023-09-26T23:53:08Z</time>
   </trkpt>
   <trkpt lat="-8.6786190" lon="119.5560270">
    <ele>48.1</ele>
    <time>2023-09-26T23:53:09Z</time>
   </trkpt>
   <trkpt lat="-8.6786250" lon="119.5560320">
    <ele>48.3</ele>
    <time>2023-09-26T23:53:10Z</time>
   </trkpt>
   <trkpt lat="-8.6786200" lon="119.5560310">
    <ele>48.4</ele>
    <time>2023-09-26T23:53:11Z</time>
   </trkpt>
   <trkpt lat="-8.6786260" lon="119.5560320">
    <ele>48.6</ele>
    <time>2023-09-26T23:53:12Z</time>
   </trkpt>
   <trkpt lat="-8.6786330" lon="119.5560340">
    <ele>48.7</ele>
    <time>2023-09-26T23:53:13Z</time>
   </trkpt>
   <trkpt lat="-8.6786480" lon="119.5560370">
    <ele>49.1</ele>
    <time>2023-09-26T23:53:14Z</time>
   </trkpt>
   <trkpt lat="-8.6786520" lon="119.5560430">
    <ele>49.3</ele>
    <time>2023-09-26T23:53:15Z</time>
   </trkpt>
   <trkpt lat="-8.6786590" lon="119.5560420">
    <ele>49.5</ele>
    <time>2023-09-26T23:53:16Z</time>
   </trkpt>
   <trkpt lat="-8.6786630" lon="119.5560470">
    <ele>49.6</ele>
    <time>2023-09-26T23:53:17Z</time>
   </trkpt>
   <trkpt lat="-8.6786630" lon="119.5560420">
    <ele>49.7</ele>
    <time>2023-09-26T23:53:18Z</time>
   </trkpt>
   <trkpt lat="-8.6786660" lon="119.5560450">
    <ele>49.8</ele>
    <time>2023-09-26T23:53:19Z</time>
   </trkpt>
   <trkpt lat="-8.6786660" lon="119.5560470">
    <ele>49.9</ele>
    <time>2023-09-26T23:53:20Z</time>
   </trkpt>
   <trkpt lat="-8.6786670" lon="119.5560440">
    <ele>50.0</ele>
    <time>2023-09-26T23:53:21Z</time>
   </trkpt>
   <trkpt lat="-8.6786670" lon="119.5560440">
    <ele>50.0</ele>
    <time>2023-09-26T23:53:22Z</time>
   </trkpt>
   <trkpt lat="-8.6786670" lon="119.5560440">
    <ele>50.0</ele>
    <time>2023-09-26T23:53:23Z</time>
   </trkpt>
   <trkpt lat="-8.6786670" lon="119.5560440">
    <ele>50.0</ele>
    <time>2023-09-26T23:53:24Z</time>
   </trkpt>
   <trkpt lat="-8.6786670" lon="119.5560440">
    <ele>50.0</ele>
    <time>2023-09-26T23:53:25Z</time>
   </trkpt>
   <trkpt lat="-8.6786670" lon="119.5560440">
    <ele>50.0</ele>
    <time>2023-09-26T23:53:26Z</time>
   </trkpt>
   <trkpt lat="-8.6786670" lon="119.5560440">
    <ele>50.0</ele>
    <time>2023-09-26T23:53:27Z</time>
   </trkpt>
   <trkpt lat="-8.6786670" lon="119.5560440">
    <ele>50.0</ele>
    <time>2023-09-26T23:53:28Z</time>
   </trkpt>
   <trkpt lat="-8.6786670" lon="119.5560440">
    <ele>50.0</ele>
    <time>2023-09-26T23:53:29Z</time>
   </trkpt>
   <trkpt lat="-8.6786670" lon="119.5560440">
    <ele>50.0</ele>
    <time>2023-09-26T23:53:30Z</time>
   </trkpt>
   <trkpt lat="-8.6786600" lon="119.5560380">
    <ele>50.2</ele>
    <time>2023-09-26T23:53:31Z</time>
   </trkpt>
   <trkpt lat="-8.6786590" lon="119.5560390">
    <ele>50.2</ele>
    <time>2023-09-26T23:53:32Z</time>
   </trkpt>
   <trkpt lat="-8.6786590" lon="119.5560390">
    <ele>50.2</ele>
    <time>2023-09-26T23:53:33Z</time>
   </trkpt>
   <trkpt lat="-8.6786590" lon="119.5560390">
    <ele>50.2</ele>
    <time>2023-09-26T23:53:34Z</time>
   </trkpt>
   <trkpt lat="-8.6786590" lon="119.5560390">
    <ele>50.2</ele>
    <time>2023-09-26T23:53:35Z</time>
   </trkpt>
   <trkpt lat="-8.6786590" lon="119.5560390">
    <ele>50.2</ele>
    <time>2023-09-26T23:53:36Z</time>
   </trkpt>
   <trkpt lat="-8.6786590" lon="119.5560390">
    <ele>50.2</ele>
    <time>2023-09-26T23:53:37Z</time>
   </trkpt>
   <trkpt lat="-8.6786590" lon="119.5560390">
    <ele>50.2</ele>
    <time>2023-09-26T23:53:38Z</time>
   </trkpt>
   <trkpt lat="-8.6786590" lon="119.5560390">
    <ele>50.2</ele>
    <time>2023-09-26T23:53:39Z</time>
   </trkpt>
   <trkpt lat="-8.6786590" lon="119.5560390">
    <ele>50.2</ele>
    <time>2023-09-26T23:53:40Z</time>
   </trkpt>
   <trkpt lat="-8.6786590" lon="119.5560390">
    <ele>50.2</ele>
    <time>2023-09-26T23:53:41Z</time>
   </trkpt>
   <trkpt lat="-8.6786590" lon="119.5560390">
    <ele>50.2</ele>
    <time>2023-09-26T23:53:42Z</time>
   </trkpt>
   <trkpt lat="-8.6786590" lon="119.5560390">
    <ele>50.2</ele>
    <time>2023-09-26T23:53:43Z</time>
   </trkpt>
   <trkpt lat="-8.6786590" lon="119.5560390">
    <ele>50.2</ele>
    <time>2023-09-26T23:53:44Z</time>
   </trkpt>
   <trkpt lat="-8.6786590" lon="119.5560390">
    <ele>50.2</ele>
    <time>2023-09-26T23:53:45Z</time>
   </trkpt>
   <trkpt lat="-8.6786590" lon="119.5560390">
    <ele>50.2</ele>
    <time>2023-09-26T23:53:46Z</time>
   </trkpt>
   <trkpt lat="-8.6786590" lon="119.5560390">
    <ele>50.2</ele>
    <time>2023-09-26T23:53:47Z</time>
   </trkpt>
   <trkpt lat="-8.6786590" lon="119.5560390">
    <ele>50.2</ele>
    <time>2023-09-26T23:53:48Z</time>
   </trkpt>
   <trkpt lat="-8.6786590" lon="119.5560390">
    <ele>50.2</ele>
    <time>2023-09-26T23:53:49Z</time>
   </trkpt>
   <trkpt lat="-8.6786590" lon="119.5560390">
    <ele>50.2</ele>
    <time>2023-09-26T23:53:50Z</time>
   </trkpt>
   <trkpt lat="-8.6786590" lon="119.5560390">
    <ele>50.2</ele>
    <time>2023-09-26T23:53:51Z</time>
   </trkpt>
   <trkpt lat="-8.6786590" lon="119.5560390">
    <ele>50.2</ele>
    <time>2023-09-26T23:53:52Z</time>
   </trkpt>
   <trkpt lat="-8.6786590" lon="119.5560390">
    <ele>50.2</ele>
    <time>2023-09-26T23:53:53Z</time>
   </trkpt>
   <trkpt lat="-8.6786590" lon="119.5560390">
    <ele>50.2</ele>
    <time>2023-09-26T23:53:54Z</time>
   </trkpt>
   <trkpt lat="-8.6786590" lon="119.5560390">
    <ele>50.2</ele>
    <time>2023-09-26T23:53:55Z</time>
   </trkpt>
   <trkpt lat="-8.6786590" lon="119.5560390">
    <ele>50.2</ele>
    <time>2023-09-26T23:53:56Z</time>
   </trkpt>
   <trkpt lat="-8.6786590" lon="119.5560390">
    <ele>50.2</ele>
    <time>2023-09-26T23:53:57Z</time>
   </trkpt>
   <trkpt lat="-8.6786570" lon="119.5560390">
    <ele>50.3</ele>
    <time>2023-09-26T23:53:58Z</time>
   </trkpt>
   <trkpt lat="-8.6786560" lon="119.5560420">
    <ele>50.3</ele>
    <time>2023-09-26T23:53:59Z</time>
   </trkpt>
   <trkpt lat="-8.6786590" lon="119.5560470">
    <ele>50.5</ele>
    <time>2023-09-26T23:54:00Z</time>
   </trkpt>
   <trkpt lat="-8.6786600" lon="119.5560480">
    <ele>50.5</ele>
    <time>2023-09-26T23:54:01Z</time>
   </trkpt>
   <trkpt lat="-8.6786600" lon="119.5560470">
    <ele>50.5</ele>
    <time>2023-09-26T23:54:02Z</time>
   </trkpt>
   <trkpt lat="-8.6786610" lon="119.5560450">
    <ele>50.6</ele>
    <time>2023-09-26T23:54:03Z</time>
   </trkpt>
   <trkpt lat="-8.6786630" lon="119.5560450">
    <ele>50.6</ele>
    <time>2023-09-26T23:54:04Z</time>
   </trkpt>
   <trkpt lat="-8.6786650" lon="119.5560430">
    <ele>50.7</ele>
    <time>2023-09-26T23:54:05Z</time>
   </trkpt>
   <trkpt lat="-8.6786660" lon="119.5560440">
    <ele>50.7</ele>
    <time>2023-09-26T23:54:06Z</time>
   </trkpt>
   <trkpt lat="-8.6786680" lon="119.5560500">
    <ele>50.9</ele>
    <time>2023-09-26T23:54:07Z</time>
   </trkpt>
   <trkpt lat="-8.6786720" lon="119.5560520">
    <ele>51.0</ele>
    <time>2023-09-26T23:54:08Z</time>
   </trkpt>
   <trkpt lat="-8.6786700" lon="119.5560490">
    <ele>51.1</ele>
    <time>2023-09-26T23:54:09Z</time>
   </trkpt>
   <trkpt lat="-8.6786680" lon="119.5560540">
    <ele>51.2</ele>
    <time>2023-09-26T23:54:10Z</time>
   </trkpt>
   <trkpt lat="-8.6786670" lon="119.5560570">
    <ele>51.3</ele>
    <time>2023-09-26T23:54:11Z</time>
   </trkpt>
   <trkpt lat="-8.6786680" lon="119.5560600">
    <ele>51.4</ele>
    <time>2023-09-26T23:54:12Z</time>
   </trkpt>
   <trkpt lat="-8.6786670" lon="119.5560550">
    <ele>51.5</ele>
    <time>2023-09-26T23:54:13Z</time>
   </trkpt>
   <trkpt lat="-8.6786670" lon="119.5560590">
    <ele>51.6</ele>
    <time>2023-09-26T23:54:14Z</time>
   </trkpt>
   <trkpt lat="-8.6786710" lon="119.5560600">
    <ele>51.7</ele>
    <time>2023-09-26T23:54:15Z</time>
   </trkpt>
   <trkpt lat="-8.6786720" lon="119.5560620">
    <ele>51.7</ele>
    <time>2023-09-26T23:54:16Z</time>
   </trkpt>
   <trkpt lat="-8.6786720" lon="119.5560620">
    <ele>51.7</ele>
    <time>2023-09-26T23:54:17Z</time>
   </trkpt>
   <trkpt lat="-8.6786760" lon="119.5560630">
    <ele>51.8</ele>
    <time>2023-09-26T23:54:18Z</time>
   </trkpt>
   <trkpt lat="-8.6786780" lon="119.5560630">
    <ele>51.9</ele>
    <time>2023-09-26T23:54:19Z</time>
   </trkpt>
   <trkpt lat="-8.6786810" lon="119.5560660">
    <ele>52.0</ele>
    <time>2023-09-26T23:54:20Z</time>
   </trkpt>
   <trkpt lat="-8.6786840" lon="119.5560690">
    <ele>52.1</ele>
    <time>2023-09-26T23:54:21Z</time>
   </trkpt>
   <trkpt lat="-8.6786860" lon="119.5560680">
    <ele>52.1</ele>
    <time>2023-09-26T23:54:22Z</time>
   </trkpt>
   <trkpt lat="-8.6786900" lon="119.5560710">
    <ele>52.3</ele>
    <time>2023-09-26T23:54:23Z</time>
   </trkpt>
   <trkpt lat="-8.6786930" lon="119.5560720">
    <ele>52.3</ele>
    <time>2023-09-26T23:54:24Z</time>
   </trkpt>
   <trkpt lat="-8.6786970" lon="119.5560750">
    <ele>52.5</ele>
    <time>2023-09-26T23:54:25Z</time>
   </trkpt>
   <trkpt lat="-8.6787000" lon="119.5560800">
    <ele>52.6</ele>
    <time>2023-09-26T23:54:26Z</time>
   </trkpt>
   <trkpt lat="-8.6787050" lon="119.5560830">
    <ele>52.7</ele>
    <time>2023-09-26T23:54:27Z</time>
   </trkpt>
   <trkpt lat="-8.6787070" lon="119.5560830">
    <ele>52.8</ele>
    <time>2023-09-26T23:54:28Z</time>
   </trkpt>
   <trkpt lat="-8.6787120" lon="119.5560830">
    <ele>52.9</ele>
    <time>2023-09-26T23:54:29Z</time>
   </trkpt>
   <trkpt lat="-8.6787190" lon="119.5560840">
    <ele>53.1</ele>
    <time>2023-09-26T23:54:30Z</time>
   </trkpt>
   <trkpt lat="-8.6787200" lon="119.5560830">
    <ele>53.1</ele>
    <time>2023-09-26T23:54:31Z</time>
   </trkpt>
   <trkpt lat="-8.6787230" lon="119.5560830">
    <ele>53.2</ele>
    <time>2023-09-26T23:54:32Z</time>
   </trkpt>
   <trkpt lat="-8.6787260" lon="119.5560840">
    <ele>53.2</ele>
    <time>2023-09-26T23:54:33Z</time>
   </trkpt>
   <trkpt lat="-8.6787260" lon="119.5560870">
    <ele>53.3</ele>
    <time>2023-09-26T23:54:34Z</time>
   </trkpt>
   <trkpt lat="-8.6787260" lon="119.5560880">
    <ele>53.3</ele>
    <time>2023-09-26T23:54:35Z</time>
   </trkpt>
   <trkpt lat="-8.6787270" lon="119.5560890">
    <ele>53.4</ele>
    <time>2023-09-26T23:54:36Z</time>
   </trkpt>
   <trkpt lat="-8.6787260" lon="119.5560880">
    <ele>53.4</ele>
    <time>2023-09-26T23:54:37Z</time>
   </trkpt>
   <trkpt lat="-8.6787290" lon="119.5560890">
    <ele>53.5</ele>
    <time>2023-09-26T23:54:38Z</time>
   </trkpt>
   <trkpt lat="-8.6787290" lon="119.5560910">
    <ele>53.5</ele>
    <time>2023-09-26T23:54:39Z</time>
   </trkpt>
   <trkpt lat="-8.6787310" lon="119.5560930">
    <ele>53.6</ele>
    <time>2023-09-26T23:54:40Z</time>
   </trkpt>
   <trkpt lat="-8.6787330" lon="119.5560950">
    <ele>53.7</ele>
    <time>2023-09-26T23:54:41Z</time>
   </trkpt>
   <trkpt lat="-8.6787290" lon="119.5560920">
    <ele>53.8</ele>
    <time>2023-09-26T23:54:42Z</time>
   </trkpt>
   <trkpt lat="-8.6787290" lon="119.5560940">
    <ele>53.8</ele>
    <time>2023-09-26T23:54:43Z</time>
   </trkpt>
   <trkpt lat="-8.6787310" lon="119.5560930">
    <ele>53.9</ele>
    <time>2023-09-26T23:54:44Z</time>
   </trkpt>
   <trkpt lat="-8.6787310" lon="119.5560910">
    <ele>53.9</ele>
    <time>2023-09-26T23:54:45Z</time>
   </trkpt>
   <trkpt lat="-8.6787310" lon="119.5560910">
    <ele>53.9</ele>
    <time>2023-09-26T23:54:46Z</time>
   </trkpt>
   <trkpt lat="-8.6787310" lon="119.5560870">
    <ele>54.0</ele>
    <time>2023-09-26T23:54:47Z</time>
   </trkpt>
   <trkpt lat="-8.6787330" lon="119.5560860">
    <ele>54.1</ele>
    <time>2023-09-26T23:54:48Z</time>
   </trkpt>
   <trkpt lat="-8.6787310" lon="119.5560870">
    <ele>54.1</ele>
    <time>2023-09-26T23:54:49Z</time>
   </trkpt>
   <trkpt lat="-8.6787320" lon="119.5560880">
    <ele>54.2</ele>
    <time>2023-09-26T23:54:50Z</time>
   </trkpt>
   <trkpt lat="-8.6787320" lon="119.5560880">
    <ele>54.2</ele>
    <time>2023-09-26T23:54:51Z</time>
   </trkpt>
   <trkpt lat="-8.6787300" lon="119.5560880">
    <ele>54.2</ele>
    <time>2023-09-26T23:54:52Z</time>
   </trkpt>
   <trkpt lat="-8.6787310" lon="119.5560860">
    <ele>54.3</ele>
    <time>2023-09-26T23:54:53Z</time>
   </trkpt>
   <trkpt lat="-8.6787320" lon="119.5560880">
    <ele>54.3</ele>
    <time>2023-09-26T23:54:54Z</time>
   </trkpt>
   <trkpt lat="-8.6787360" lon="119.5560920">
    <ele>54.5</ele>
    <time>2023-09-26T23:54:55Z</time>
   </trkpt>
   <trkpt lat="-8.6787330" lon="119.5560900">
    <ele>54.5</ele>
    <time>2023-09-26T23:54:56Z</time>
   </trkpt>
   <trkpt lat="-8.6787340" lon="119.5560920">
    <ele>54.6</ele>
    <time>2023-09-26T23:54:57Z</time>
   </trkpt>
   <trkpt lat="-8.6787340" lon="119.5560910">
    <ele>54.6</ele>
    <time>2023-09-26T23:54:58Z</time>
   </trkpt>
   <trkpt lat="-8.6787330" lon="119.5560880">
    <ele>54.7</ele>
    <time>2023-09-26T23:54:59Z</time>
   </trkpt>
   <trkpt lat="-8.6787350" lon="119.5560900">
    <ele>54.8</ele>
    <time>2023-09-26T23:55:00Z</time>
   </trkpt>
   <trkpt lat="-8.6787350" lon="119.5560900">
    <ele>54.8</ele>
    <time>2023-09-26T23:55:01Z</time>
   </trkpt>
   <trkpt lat="-8.6787350" lon="119.5560900">
    <ele>54.8</ele>
    <time>2023-09-26T23:55:02Z</time>
   </trkpt>
   <trkpt lat="-8.6787370" lon="119.5560910">
    <ele>54.8</ele>
    <time>2023-09-26T23:55:03Z</time>
   </trkpt>
   <trkpt lat="-8.6787410" lon="119.5560890">
    <ele>54.9</ele>
    <time>2023-09-26T23:55:04Z</time>
   </trkpt>
   <trkpt lat="-8.6787450" lon="119.5560980">
    <ele>55.1</ele>
    <time>2023-09-26T23:55:05Z</time>
   </trkpt>
   <trkpt lat="-8.6787470" lon="119.5561000">
    <ele>55.2</ele>
    <time>2023-09-26T23:55:06Z</time>
   </trkpt>
   <trkpt lat="-8.6787530" lon="119.5561000">
    <ele>55.4</ele>
    <time>2023-09-26T23:55:07Z</time>
   </trkpt>
   <trkpt lat="-8.6787510" lon="119.5561020">
    <ele>55.4</ele>
    <time>2023-09-26T23:55:08Z</time>
   </trkpt>
   <trkpt lat="-8.6787670" lon="119.5560980">
    <ele>55.8</ele>
    <time>2023-09-26T23:55:09Z</time>
   </trkpt>
   <trkpt lat="-8.6787690" lon="119.5560990">
    <ele>55.9</ele>
    <time>2023-09-26T23:55:10Z</time>
   </trkpt>
   <trkpt lat="-8.6787670" lon="119.5561070">
    <ele>56.1</ele>
    <time>2023-09-26T23:55:11Z</time>
   </trkpt>
   <trkpt lat="-8.6787760" lon="119.5561110">
    <ele>56.3</ele>
    <time>2023-09-26T23:55:12Z</time>
   </trkpt>
   <trkpt lat="-8.6787790" lon="119.5561150">
    <ele>56.4</ele>
    <time>2023-09-26T23:55:13Z</time>
   </trkpt>
   <trkpt lat="-8.6787810" lon="119.5561180">
    <ele>56.5</ele>
    <time>2023-09-26T23:55:14Z</time>
   </trkpt>
   <trkpt lat="-8.6787840" lon="119.5561200">
    <ele>56.6</ele>
    <time>2023-09-26T23:55:15Z</time>
   </trkpt>
   <trkpt lat="-8.6787870" lon="119.5561230">
    <ele>56.7</ele>
    <time>2023-09-26T23:55:16Z</time>
   </trkpt>
   <trkpt lat="-8.6787890" lon="119.5561250">
    <ele>56.8</ele>
    <time>2023-09-26T23:55:17Z</time>
   </trkpt>
   <trkpt lat="-8.6787920" lon="119.5561280">
    <ele>56.9</ele>
    <time>2023-09-26T23:55:18Z</time>
   </trkpt>
   <trkpt lat="-8.6787950" lon="119.5561300">
    <ele>57.0</ele>
    <time>2023-09-26T23:55:19Z</time>
   </trkpt>
   <trkpt lat="-8.6787980" lon="119.5561330">
    <ele>57.1</ele>
    <time>2023-09-26T23:55:20Z</time>
   </trkpt>
   <trkpt lat="-8.6788000" lon="119.5561350">
    <ele>57.1</ele>
    <time>2023-09-26T23:55:21Z</time>
   </trkpt>
   <trkpt lat="-8.6788030" lon="119.5561370">
    <ele>57.2</ele>
    <time>2023-09-26T23:55:22Z</time>
   </trkpt>
   <trkpt lat="-8.6788060" lon="119.5561400">
    <ele>57.3</ele>
    <time>2023-09-26T23:55:23Z</time>
   </trkpt>
   <trkpt lat="-8.6788150" lon="119.5561420">
    <ele>57.6</ele>
    <time>2023-09-26T23:55:24Z</time>
   </trkpt>
   <trkpt lat="-8.6788140" lon="119.5561410">
    <ele>57.6</ele>
    <time>2023-09-26T23:55:25Z</time>
   </trkpt>
   <trkpt lat="-8.6788170" lon="119.5561450">
    <ele>57.7</ele>
    <time>2023-09-26T23:55:26Z</time>
   </trkpt>
   <trkpt lat="-8.6788220" lon="119.5561500">
    <ele>57.9</ele>
    <time>2023-09-26T23:55:27Z</time>
   </trkpt>
   <trkpt lat="-8.6788280" lon="119.5561510">
    <ele>58.0</ele>
    <time>2023-09-26T23:55:28Z</time>
   </trkpt>
   <trkpt lat="-8.6788280" lon="119.5561520">
    <ele>58.1</ele>
    <time>2023-09-26T23:55:29Z</time>
   </trkpt>
   <trkpt lat="-8.6788340" lon="119.5561590">
    <ele>58.3</ele>
    <time>2023-09-26T23:55:30Z</time>
   </trkpt>
   <trkpt lat="-8.6788360" lon="119.5561610">
    <ele>58.4</ele>
    <time>2023-09-26T23:55:31Z</time>
   </trkpt>
   <trkpt lat="-8.6788370" lon="119.5561620">
    <ele>58.4</ele>
    <time>2023-09-26T23:55:32Z</time>
   </trkpt>
   <trkpt lat="-8.6788420" lon="119.5561670">
    <ele>58.6</ele>
    <time>2023-09-26T23:55:33Z</time>
   </trkpt>
   <trkpt lat="-8.6788410" lon="119.5561650">
    <ele>58.6</ele>
    <time>2023-09-26T23:55:34Z</time>
   </trkpt>
   <trkpt lat="-8.6788450" lon="119.5561660">
    <ele>58.7</ele>
    <time>2023-09-26T23:55:35Z</time>
   </trkpt>
   <trkpt lat="-8.6788490" lon="119.5561710">
    <ele>58.9</ele>
    <time>2023-09-26T23:55:36Z</time>
   </trkpt>
   <trkpt lat="-8.6788510" lon="119.5561720">
    <ele>58.9</ele>
    <time>2023-09-26T23:55:37Z</time>
   </trkpt>
   <trkpt lat="-8.6788580" lon="119.5561740">
    <ele>59.1</ele>
    <time>2023-09-26T23:55:38Z</time>
   </trkpt>
   <trkpt lat="-8.6788610" lon="119.5561780">
    <ele>59.2</ele>
    <time>2023-09-26T23:55:39Z</time>
   </trkpt>
   <trkpt lat="-8.6788630" lon="119.5561830">
    <ele>59.4</ele>
    <time>2023-09-26T23:55:40Z</time>
   </trkpt>
   <trkpt lat="-8.6788630" lon="119.5561820">
    <ele>59.4</ele>
    <time>2023-09-26T23:55:41Z</time>
   </trkpt>
   <trkpt lat="-8.6788600" lon="119.5561830">
    <ele>59.5</ele>
    <time>2023-09-26T23:55:42Z</time>
   </trkpt>
   <trkpt lat="-8.6788670" lon="119.5561840">
    <ele>59.7</ele>
    <time>2023-09-26T23:55:43Z</time>
   </trkpt>
   <trkpt lat="-8.6788690" lon="119.5561800">
    <ele>59.8</ele>
    <time>2023-09-26T23:55:44Z</time>
   </trkpt>
   <trkpt lat="-8.6788730" lon="119.5561840">
    <ele>59.9</ele>
    <time>2023-09-26T23:55:45Z</time>
   </trkpt>
   <trkpt lat="-8.6788790" lon="119.5561820">
    <ele>60.1</ele>
    <time>2023-09-26T23:55:46Z</time>
   </trkpt>
   <trkpt lat="-8.6788820" lon="119.5561880">
    <ele>60.2</ele>
    <time>2023-09-26T23:55:47Z</time>
   </trkpt>
   <trkpt lat="-8.6788880" lon="119.5561930">
    <ele>60.4</ele>
    <time>2023-09-26T23:55:48Z</time>
   </trkpt>
   <trkpt lat="-8.6788890" lon="119.5561960">
    <ele>60.5</ele>
    <time>2023-09-26T23:55:49Z</time>
   </trkpt>
   <trkpt lat="-8.6788910" lon="119.5561990">
    <ele>60.6</ele>
    <time>2023-09-26T23:55:50Z</time>
   </trkpt>
   <trkpt lat="-8.6788930" lon="119.5562030">
    <ele>60.7</ele>
    <time>2023-09-26T23:55:51Z</time>
   </trkpt>
   <trkpt lat="-8.6788950" lon="119.5562060">
    <ele>60.8</ele>
    <time>2023-09-26T23:55:52Z</time>
   </trkpt>
   <trkpt lat="-8.6788970" lon="119.5562100">
    <ele>60.9</ele>
    <time>2023-09-26T23:55:53Z</time>
   </trkpt>
   <trkpt lat="-8.6788990" lon="119.5562130">
    <ele>61.0</ele>
    <time>2023-09-26T23:55:54Z</time>
   </trkpt>
   <trkpt lat="-8.6789000" lon="119.5562170">
    <ele>61.1</ele>
    <time>2023-09-26T23:55:55Z</time>
   </trkpt>
   <trkpt lat="-8.6789020" lon="119.5562200">
    <ele>61.2</ele>
    <time>2023-09-26T23:55:56Z</time>
   </trkpt>
   <trkpt lat="-8.6789040" lon="119.5562240">
    <ele>61.3</ele>
    <time>2023-09-26T23:55:57Z</time>
   </trkpt>
   <trkpt lat="-8.6789080" lon="119.5562220">
    <ele>61.4</ele>
    <time>2023-09-26T23:55:58Z</time>
   </trkpt>
   <trkpt lat="-8.6789110" lon="119.5562160">
    <ele>61.6</ele>
    <time>2023-09-26T23:55:59Z</time>
   </trkpt>
   <trkpt lat="-8.6789110" lon="119.5562110">
    <ele>61.7</ele>
    <time>2023-09-26T23:56:00Z</time>
   </trkpt>
   <trkpt lat="-8.6789160" lon="119.5562160">
    <ele>61.9</ele>
    <time>2023-09-26T23:56:01Z</time>
   </trkpt>
   <trkpt lat="-8.6789190" lon="119.5562150">
    <ele>61.9</ele>
    <time>2023-09-26T23:56:02Z</time>
   </trkpt>
   <trkpt lat="-8.6789240" lon="119.5562190">
    <ele>62.1</ele>
    <time>2023-09-26T23:56:03Z</time>
   </trkpt>
   <trkpt lat="-8.6789230" lon="119.5562200">
    <ele>62.1</ele>
    <time>2023-09-26T23:56:04Z</time>
   </trkpt>
   <trkpt lat="-8.6789270" lon="119.5562260">
    <ele>62.3</ele>
    <time>2023-09-26T23:56:05Z</time>
   </trkpt>
   <trkpt lat="-8.6789290" lon="119.5562310">
    <ele>62.4</ele>
    <time>2023-09-26T23:56:06Z</time>
   </trkpt>
   <trkpt lat="-8.6789370" lon="119.5562360">
    <ele>62.7</ele>
    <time>2023-09-26T23:56:07Z</time>
   </trkpt>
   <trkpt lat="-8.6789460" lon="119.5562360">
    <ele>62.9</ele>
    <time>2023-09-26T23:56:08Z</time>
   </trkpt>
   <trkpt lat="-8.6789520" lon="119.5562440">
    <ele>63.1</ele>
    <time>2023-09-26T23:56:09Z</time>
   </trkpt>
   <trkpt lat="-8.6789560" lon="119.5562540">
    <ele>63.4</ele>
    <time>2023-09-26T23:56:10Z</time>
   </trkpt>
   <trkpt lat="-8.6789570" lon="119.5562560">
    <ele>63.4</ele>
    <time>2023-09-26T23:56:11Z</time>
   </trkpt>
   <trkpt lat="-8.6789610" lon="119.5562590">
    <ele>63.5</ele>
    <time>2023-09-26T23:56:12Z</time>
   </trkpt>
   <trkpt lat="-8.6789640" lon="119.5562610">
    <ele>63.6</ele>
    <time>2023-09-26T23:56:13Z</time>
   </trkpt>
   <trkpt lat="-8.6789640" lon="119.5562530">
    <ele>63.8</ele>
    <time>2023-09-26T23:56:14Z</time>
   </trkpt>
   <trkpt lat="-8.6789730" lon="119.5562610">
    <ele>64.1</ele>
    <time>2023-09-26T23:56:15Z</time>
   </trkpt>
   <trkpt lat="-8.6789760" lon="119.5562580">
    <ele>64.2</ele>
    <time>2023-09-26T23:56:16Z</time>
   </trkpt>
   <trkpt lat="-8.6789810" lon="119.5562650">
    <ele>64.4</ele>
    <time>2023-09-26T23:56:17Z</time>
   </trkpt>
   <trkpt lat="-8.6789850" lon="119.5562670">
    <ele>64.5</ele>
    <time>2023-09-26T23:56:18Z</time>
   </trkpt>
   <trkpt lat="-8.6789890" lon="119.5562720">
    <ele>64.6</ele>
    <time>2023-09-26T23:56:19Z</time>
   </trkpt>
   <trkpt lat="-8.6789920" lon="119.5562750">
    <ele>64.7</ele>
    <time>2023-09-26T23:56:20Z</time>
   </trkpt>
   <trkpt lat="-8.6789960" lon="119.5562810">
    <ele>64.9</ele>
    <time>2023-09-26T23:56:21Z</time>
   </trkpt>
   <trkpt lat="-8.6790000" lon="119.5562820">
    <ele>65.0</ele>
    <time>2023-09-26T23:56:22Z</time>
   </trkpt>
   <trkpt lat="-8.6790040" lon="119.5562870">
    <ele>65.1</ele>
    <time>2023-09-26T23:56:23Z</time>
   </trkpt>
   <trkpt lat="-8.6790070" lon="119.5562890">
    <ele>65.2</ele>
    <time>2023-09-26T23:56:24Z</time>
   </trkpt>
   <trkpt lat="-8.6790120" lon="119.5562920">
    <ele>65.3</ele>
    <time>2023-09-26T23:56:25Z</time>
   </trkpt>
   <trkpt lat="-8.6790190" lon="119.5562940">
    <ele>65.5</ele>
    <time>2023-09-26T23:56:26Z</time>
   </trkpt>
   <trkpt lat="-8.6790220" lon="119.5562990">
    <ele>65.6</ele>
    <time>2023-09-26T23:56:27Z</time>
   </trkpt>
   <trkpt lat="-8.6790280" lon="119.5563030">
    <ele>65.7</ele>
    <time>2023-09-26T23:56:28Z</time>
   </trkpt>
   <trkpt lat="-8.6790330" lon="119.5563060">
    <ele>65.8</ele>
    <time>2023-09-26T23:56:29Z</time>
   </trkpt>
   <trkpt lat="-8.6790300" lon="119.5563060">
    <ele>65.9</ele>
    <time>2023-09-26T23:56:30Z</time>
   </trkpt>
   <trkpt lat="-8.6790320" lon="119.5563140">
    <ele>66.1</ele>
    <time>2023-09-26T23:56:31Z</time>
   </trkpt>
   <trkpt lat="-8.6790340" lon="119.5563220">
    <ele>66.2</ele>
    <time>2023-09-26T23:56:32Z</time>
   </trkpt>
   <trkpt lat="-8.6790360" lon="119.5563270">
    <ele>66.3</ele>
    <time>2023-09-26T23:56:33Z</time>
   </trkpt>
   <trkpt lat="-8.6790390" lon="119.5563310">
    <ele>66.4</ele>
    <time>2023-09-26T23:56:34Z</time>
   </trkpt>
   <trkpt lat="-8.6790410" lon="119.5563370">
    <ele>66.6</ele>
    <time>2023-09-26T23:56:35Z</time>
   </trkpt>
   <trkpt lat="-8.6790440" lon="119.5563450">
    <ele>66.7</ele>
    <time>2023-09-26T23:56:36Z</time>
   </trkpt>
   <trkpt lat="-8.6790420" lon="119.5563500">
    <ele>66.8</ele>
    <time>2023-09-26T23:56:37Z</time>
   </trkpt>
   <trkpt lat="-8.6790430" lon="119.5563540">
    <ele>66.9</ele>
    <time>2023-09-26T23:56:38Z</time>
   </trkpt>
   <trkpt lat="-8.6790440" lon="119.5563610">
    <ele>67.0</ele>
    <time>2023-09-26T23:56:39Z</time>
   </trkpt>
   <trkpt lat="-8.6790450" lon="119.5563630">
    <ele>67.1</ele>
    <time>2023-09-26T23:56:40Z</time>
   </trkpt>
   <trkpt lat="-8.6790480" lon="119.5563690">
    <ele>67.2</ele>
    <time>2023-09-26T23:56:41Z</time>
   </trkpt>
   <trkpt lat="-8.6790480" lon="119.5563720">
    <ele>67.3</ele>
    <time>2023-09-26T23:56:42Z</time>
   </trkpt>
   <trkpt lat="-8.6790530" lon="119.5563770">
    <ele>67.4</ele>
    <time>2023-09-26T23:56:43Z</time>
   </trkpt>
   <trkpt lat="-8.6790550" lon="119.5563810">
    <ele>67.5</ele>
    <time>2023-09-26T23:56:44Z</time>
   </trkpt>
   <trkpt lat="-8.6790570" lon="119.5563850">
    <ele>67.6</ele>
    <time>2023-09-26T23:56:45Z</time>
   </trkpt>
   <trkpt lat="-8.6790620" lon="119.5563890">
    <ele>67.7</ele>
    <time>2023-09-26T23:56:46Z</time>
   </trkpt>
   <trkpt lat="-8.6790650" lon="119.5563930">
    <ele>67.8</ele>
    <time>2023-09-26T23:56:47Z</time>
   </trkpt>
   <trkpt lat="-8.6790660" lon="119.5563940">
    <ele>67.8</ele>
    <time>2023-09-26T23:56:48Z</time>
   </trkpt>
   <trkpt lat="-8.6790680" lon="119.5563990">
    <ele>67.9</ele>
    <time>2023-09-26T23:56:49Z</time>
   </trkpt>
   <trkpt lat="-8.6790680" lon="119.5564020">
    <ele>67.9</ele>
    <time>2023-09-26T23:56:50Z</time>
   </trkpt>
   <trkpt lat="-8.6790690" lon="119.5564040">
    <ele>68.0</ele>
    <time>2023-09-26T23:56:51Z</time>
   </trkpt>
   <trkpt lat="-8.6790740" lon="119.5564070">
    <ele>68.1</ele>
    <time>2023-09-26T23:56:52Z</time>
   </trkpt>
   <trkpt lat="-8.6790800" lon="119.5564150">
    <ele>68.3</ele>
    <time>2023-09-26T23:56:53Z</time>
   </trkpt>
   <trkpt lat="-8.6790850" lon="119.5564170">
    <ele>68.4</ele>
    <time>2023-09-26T23:56:54Z</time>
   </trkpt>
   <trkpt lat="-8.6790830" lon="119.5564160">
    <ele>68.4</ele>
    <time>2023-09-26T23:56:55Z</time>
   </trkpt>
   <trkpt lat="-8.6790870" lon="119.5564160">
    <ele>68.5</ele>
    <time>2023-09-26T23:56:56Z</time>
   </trkpt>
   <trkpt lat="-8.6790890" lon="119.5564190">
    <ele>68.6</ele>
    <time>2023-09-26T23:56:57Z</time>
   </trkpt>
   <trkpt lat="-8.6790970" lon="119.5564280">
    <ele>68.8</ele>
    <time>2023-09-26T23:56:58Z</time>
   </trkpt>
   <trkpt lat="-8.6790970" lon="119.5564330">
    <ele>68.9</ele>
    <time>2023-09-26T23:56:59Z</time>
   </trkpt>
   <trkpt lat="-8.6790940" lon="119.5564400">
    <ele>69.0</ele>
    <time>2023-09-26T23:57:00Z</time>
   </trkpt>
   <trkpt lat="-8.6790890" lon="119.5564460">
    <ele>69.6</ele>
    <time>2023-09-26T23:57:01Z</time>
   </trkpt>
   <trkpt lat="-8.6790890" lon="119.5564460">
    <ele>69.6</ele>
    <time>2023-09-26T23:57:02Z</time>
   </trkpt>
   <trkpt lat="-8.6790920" lon="119.5564470">
    <ele>69.6</ele>
    <time>2023-09-26T23:57:03Z</time>
   </trkpt>
   <trkpt lat="-8.6790970" lon="119.5564570">
    <ele>69.7</ele>
    <time>2023-09-26T23:57:04Z</time>
   </trkpt>
   <trkpt lat="-8.6791000" lon="119.5564610">
    <ele>69.7</ele>
    <time>2023-09-26T23:57:05Z</time>
   </trkpt>
   <trkpt lat="-8.6791050" lon="119.5564620">
    <ele>69.7</ele>
    <time>2023-09-26T23:57:06Z</time>
   </trkpt>
   <trkpt lat="-8.6791100" lon="119.5564650">
    <ele>69.7</ele>
    <time>2023-09-26T23:57:07Z</time>
   </trkpt>
   <trkpt lat="-8.6791130" lon="119.5564620">
    <ele>69.8</ele>
    <time>2023-09-26T23:57:08Z</time>
   </trkpt>
   <trkpt lat="-8.6791140" lon="119.5564590">
    <ele>69.8</ele>
    <time>2023-09-26T23:57:09Z</time>
   </trkpt>
   <trkpt lat="-8.6791150" lon="119.5564590">
    <ele>69.8</ele>
    <time>2023-09-26T23:57:10Z</time>
   </trkpt>
   <trkpt lat="-8.6791150" lon="119.5564580">
    <ele>69.8</ele>
    <time>2023-09-26T23:57:11Z</time>
   </trkpt>
   <trkpt lat="-8.6791170" lon="119.5564580">
    <ele>69.8</ele>
    <time>2023-09-26T23:57:12Z</time>
   </trkpt>
   <trkpt lat="-8.6791170" lon="119.5564580">
    <ele>69.8</ele>
    <time>2023-09-26T23:57:13Z</time>
   </trkpt>
   <trkpt lat="-8.6791170" lon="119.5564580">
    <ele>69.8</ele>
    <time>2023-09-26T23:57:14Z</time>
   </trkpt>
   <trkpt lat="-8.6791140" lon="119.5564590">
    <ele>69.8</ele>
    <time>2023-09-26T23:57:15Z</time>
   </trkpt>
   <trkpt lat="-8.6791160" lon="119.5564590">
    <ele>69.8</ele>
    <time>2023-09-26T23:57:16Z</time>
   </trkpt>
   <trkpt lat="-8.6791120" lon="119.5564580">
    <ele>69.8</ele>
    <time>2023-09-26T23:57:17Z</time>
   </trkpt>
   <trkpt lat="-8.6791140" lon="119.5564580">
    <ele>69.9</ele>
    <time>2023-09-26T23:57:18Z</time>
   </trkpt>
   <trkpt lat="-8.6791150" lon="119.5564590">
    <ele>69.9</ele>
    <time>2023-09-26T23:57:19Z</time>
   </trkpt>
   <trkpt lat="-8.6791150" lon="119.5564590">
    <ele>69.9</ele>
    <time>2023-09-26T23:57:20Z</time>
   </trkpt>
   <trkpt lat="-8.6791150" lon="119.5564590">
    <ele>69.9</ele>
    <time>2023-09-26T23:57:21Z</time>
   </trkpt>
   <trkpt lat="-8.6791150" lon="119.5564590">
    <ele>69.9</ele>
    <time>2023-09-26T23:57:22Z</time>
   </trkpt>
   <trkpt lat="-8.6791150" lon="119.5564590">
    <ele>69.9</ele>
    <time>2023-09-26T23:57:23Z</time>
   </trkpt>
   <trkpt lat="-8.6791110" lon="119.5564590">
    <ele>69.9</ele>
    <time>2023-09-26T23:57:24Z</time>
   </trkpt>
   <trkpt lat="-8.6791120" lon="119.5564590">
    <ele>69.9</ele>
    <time>2023-09-26T23:57:25Z</time>
   </trkpt>
   <trkpt lat="-8.6791130" lon="119.5564590">
    <ele>69.9</ele>
    <time>2023-09-26T23:57:26Z</time>
   </trkpt>
   <trkpt lat="-8.6791130" lon="119.5564590">
    <ele>69.9</ele>
    <time>2023-09-26T23:57:27Z</time>
   </trkpt>
   <trkpt lat="-8.6791130" lon="119.5564590">
    <ele>69.9</ele>
    <time>2023-09-26T23:57:28Z</time>
   </trkpt>
   <trkpt lat="-8.6791130" lon="119.5564590">
    <ele>69.9</ele>
    <time>2023-09-26T23:57:29Z</time>
   </trkpt>
   <trkpt lat="-8.6791140" lon="119.5564550">
    <ele>69.9</ele>
    <time>2023-09-26T23:57:30Z</time>
   </trkpt>
   <trkpt lat="-8.6791150" lon="119.5564550">
    <ele>69.9</ele>
    <time>2023-09-26T23:57:31Z</time>
   </trkpt>
   <trkpt lat="-8.6791180" lon="119.5564550">
    <ele>69.9</ele>
    <time>2023-09-26T23:57:32Z</time>
   </trkpt>
   <trkpt lat="-8.6791190" lon="119.5564560">
    <ele>69.9</ele>
    <time>2023-09-26T23:57:33Z</time>
   </trkpt>
   <trkpt lat="-8.6791100" lon="119.5564570">
    <ele>70.0</ele>
    <time>2023-09-26T23:57:34Z</time>
   </trkpt>
   <trkpt lat="-8.6791120" lon="119.5564570">
    <ele>70.0</ele>
    <time>2023-09-26T23:57:35Z</time>
   </trkpt>
   <trkpt lat="-8.6791120" lon="119.5564570">
    <ele>70.0</ele>
    <time>2023-09-26T23:57:36Z</time>
   </trkpt>
   <trkpt lat="-8.6791120" lon="119.5564590">
    <ele>70.0</ele>
    <time>2023-09-26T23:57:37Z</time>
   </trkpt>
   <trkpt lat="-8.6791110" lon="119.5564580">
    <ele>70.0</ele>
    <time>2023-09-26T23:57:38Z</time>
   </trkpt>
   <trkpt lat="-8.6791110" lon="119.5564580">
    <ele>70.0</ele>
    <time>2023-09-26T23:57:39Z</time>
   </trkpt>
   <trkpt lat="-8.6791110" lon="119.5564580">
    <ele>70.0</ele>
    <time>2023-09-26T23:57:40Z</time>
   </trkpt>
   <trkpt lat="-8.6791090" lon="119.5564600">
    <ele>70.0</ele>
    <time>2023-09-26T23:57:41Z</time>
   </trkpt>
   <trkpt lat="-8.6791090" lon="119.5564600">
    <ele>70.0</ele>
    <time>2023-09-26T23:57:42Z</time>
   </trkpt>
   <trkpt lat="-8.6791100" lon="119.5564610">
    <ele>70.0</ele>
    <time>2023-09-26T23:57:43Z</time>
   </trkpt>
   <trkpt lat="-8.6791120" lon="119.5564600">
    <ele>70.0</ele>
    <time>2023-09-26T23:57:44Z</time>
   </trkpt>
   <trkpt lat="-8.6791110" lon="119.5564560">
    <ele>70.1</ele>
    <time>2023-09-26T23:57:45Z</time>
   </trkpt>
   <trkpt lat="-8.6791110" lon="119.5564560">
    <ele>70.1</ele>
    <time>2023-09-26T23:57:46Z</time>
   </trkpt>
   <trkpt lat="-8.6791110" lon="119.5564560">
    <ele>70.1</ele>
    <time>2023-09-26T23:57:47Z</time>
   </trkpt>
   <trkpt lat="-8.6791120" lon="119.5564530">
    <ele>70.1</ele>
    <time>2023-09-26T23:57:48Z</time>
   </trkpt>
   <trkpt lat="-8.6791140" lon="119.5564520">
    <ele>70.1</ele>
    <time>2023-09-26T23:57:49Z</time>
   </trkpt>
   <trkpt lat="-8.6791140" lon="119.5564520">
    <ele>70.1</ele>
    <time>2023-09-26T23:57:50Z</time>
   </trkpt>
   <trkpt lat="-8.6791140" lon="119.5564520">
    <ele>70.1</ele>
    <time>2023-09-26T23:57:51Z</time>
   </trkpt>
   <trkpt lat="-8.6791140" lon="119.5564520">
    <ele>70.1</ele>
    <time>2023-09-26T23:57:52Z</time>
   </trkpt>
   <trkpt lat="-8.6791140" lon="119.5564520">
    <ele>70.1</ele>
    <time>2023-09-26T23:57:53Z</time>
   </trkpt>
   <trkpt lat="-8.6791140" lon="119.5564520">
    <ele>70.1</ele>
    <time>2023-09-26T23:57:54Z</time>
   </trkpt>
   <trkpt lat="-8.6791140" lon="119.5564520">
    <ele>70.1</ele>
    <time>2023-09-26T23:57:55Z</time>
   </trkpt>
   <trkpt lat="-8.6791140" lon="119.5564520">
    <ele>70.1</ele>
    <time>2023-09-26T23:57:56Z</time>
   </trkpt>
   <trkpt lat="-8.6791140" lon="119.5564520">
    <ele>70.1</ele>
    <time>2023-09-26T23:57:57Z</time>
   </trkpt>
   <trkpt lat="-8.6791140" lon="119.5564520">
    <ele>70.1</ele>
    <time>2023-09-26T23:57:58Z</time>
   </trkpt>
   <trkpt lat="-8.6791140" lon="119.5564520">
    <ele>70.1</ele>
    <time>2023-09-26T23:57:59Z</time>
   </trkpt>
   <trkpt lat="-8.6791140" lon="119.5564520">
    <ele>70.1</ele>
    <time>2023-09-26T23:58:00Z</time>
   </trkpt>
   <trkpt lat="-8.6791140" lon="119.5564520">
    <ele>70.1</ele>
    <time>2023-09-26T23:58:01Z</time>
   </trkpt>
   <trkpt lat="-8.6791140" lon="119.5564520">
    <ele>70.1</ele>
    <time>2023-09-26T23:58:02Z</time>
   </trkpt>
   <trkpt lat="-8.6791150" lon="119.5564520">
    <ele>70.1</ele>
    <time>2023-09-26T23:58:03Z</time>
   </trkpt>
   <trkpt lat="-8.6791150" lon="119.5564520">
    <ele>70.1</ele>
    <time>2023-09-26T23:58:04Z</time>
   </trkpt>
   <trkpt lat="-8.6791150" lon="119.5564520">
    <ele>70.1</ele>
    <time>2023-09-26T23:58:05Z</time>
   </trkpt>
   <trkpt lat="-8.6791150" lon="119.5564520">
    <ele>70.1</ele>
    <time>2023-09-26T23:58:06Z</time>
   </trkpt>
   <trkpt lat="-8.6791150" lon="119.5564520">
    <ele>70.1</ele>
    <time>2023-09-26T23:58:07Z</time>
   </trkpt>
   <trkpt lat="-8.6791150" lon="119.5564520">
    <ele>70.1</ele>
    <time>2023-09-26T23:58:08Z</time>
   </trkpt>
   <trkpt lat="-8.6791150" lon="119.5564560">
    <ele>70.1</ele>
    <time>2023-09-26T23:58:09Z</time>
   </trkpt>
   <trkpt lat="-8.6791140" lon="119.5564540">
    <ele>70.1</ele>
    <time>2023-09-26T23:58:10Z</time>
   </trkpt>
   <trkpt lat="-8.6791140" lon="119.5564540">
    <ele>70.1</ele>
    <time>2023-09-26T23:58:11Z</time>
   </trkpt>
   <trkpt lat="-8.6791140" lon="119.5564540">
    <ele>70.1</ele>
    <time>2023-09-26T23:58:12Z</time>
   </trkpt>
   <trkpt lat="-8.6791140" lon="119.5564540">
    <ele>70.1</ele>
    <time>2023-09-26T23:58:13Z</time>
   </trkpt>
   <trkpt lat="-8.6791140" lon="119.5564540">
    <ele>70.1</ele>
    <time>2023-09-26T23:58:14Z</time>
   </trkpt>
   <trkpt lat="-8.6791140" lon="119.5564540">
    <ele>70.1</ele>
    <time>2023-09-26T23:58:15Z</time>
   </trkpt>
   <trkpt lat="-8.6791150" lon="119.5564530">
    <ele>70.1</ele>
    <time>2023-09-26T23:58:16Z</time>
   </trkpt>
   <trkpt lat="-8.6791130" lon="119.5564520">
    <ele>70.2</ele>
    <time>2023-09-26T23:58:17Z</time>
   </trkpt>
   <trkpt lat="-8.6791120" lon="119.5564520">
    <ele>70.2</ele>
    <time>2023-09-26T23:58:18Z</time>
   </trkpt>
   <trkpt lat="-8.6791140" lon="119.5564520">
    <ele>70.2</ele>
    <time>2023-09-26T23:58:19Z</time>
   </trkpt>
   <trkpt lat="-8.6791150" lon="119.5564510">
    <ele>70.2</ele>
    <time>2023-09-26T23:58:20Z</time>
   </trkpt>
   <trkpt lat="-8.6791160" lon="119.5564510">
    <ele>70.2</ele>
    <time>2023-09-26T23:58:21Z</time>
   </trkpt>
   <trkpt lat="-8.6791160" lon="119.5564500">
    <ele>70.2</ele>
    <time>2023-09-26T23:58:22Z</time>
   </trkpt>
   <trkpt lat="-8.6791150" lon="119.5564500">
    <ele>70.2</ele>
    <time>2023-09-26T23:58:23Z</time>
   </trkpt>
   <trkpt lat="-8.6791140" lon="119.5564510">
    <ele>70.2</ele>
    <time>2023-09-26T23:58:24Z</time>
   </trkpt>
   <trkpt lat="-8.6791170" lon="119.5564510">
    <ele>70.2</ele>
    <time>2023-09-26T23:58:25Z</time>
   </trkpt>
   <trkpt lat="-8.6791170" lon="119.5564510">
    <ele>70.2</ele>
    <time>2023-09-26T23:58:26Z</time>
   </trkpt>
   <trkpt lat="-8.6791170" lon="119.5564510">
    <ele>70.2</ele>
    <time>2023-09-26T23:58:27Z</time>
   </trkpt>
   <trkpt lat="-8.6791170" lon="119.5564510">
    <ele>70.2</ele>
    <time>2023-09-26T23:58:28Z</time>
   </trkpt>
   <trkpt lat="-8.6791130" lon="119.5564490">
    <ele>70.2</ele>
    <time>2023-09-26T23:58:29Z</time>
   </trkpt>
   <trkpt lat="-8.6791100" lon="119.5564500">
    <ele>70.3</ele>
    <time>2023-09-26T23:58:30Z</time>
   </trkpt>
   <trkpt lat="-8.6791120" lon="119.5564520">
    <ele>70.3</ele>
    <time>2023-09-26T23:58:31Z</time>
   </trkpt>
   <trkpt lat="-8.6791120" lon="119.5564510">
    <ele>70.3</ele>
    <time>2023-09-26T23:58:32Z</time>
   </trkpt>
   <trkpt lat="-8.6791100" lon="119.5564500">
    <ele>70.3</ele>
    <time>2023-09-26T23:58:33Z</time>
   </trkpt>
   <trkpt lat="-8.6791120" lon="119.5564510">
    <ele>70.3</ele>
    <time>2023-09-26T23:58:34Z</time>
   </trkpt>
   <trkpt lat="-8.6791110" lon="119.5564490">
    <ele>70.3</ele>
    <time>2023-09-26T23:58:35Z</time>
   </trkpt>
   <trkpt lat="-8.6791110" lon="119.5564490">
    <ele>70.3</ele>
    <time>2023-09-26T23:58:36Z</time>
   </trkpt>
   <trkpt lat="-8.6791110" lon="119.5564470">
    <ele>70.3</ele>
    <time>2023-09-26T23:58:37Z</time>
   </trkpt>
   <trkpt lat="-8.6791110" lon="119.5564460">
    <ele>70.3</ele>
    <time>2023-09-26T23:58:38Z</time>
   </trkpt>
   <trkpt lat="-8.6791090" lon="119.5564480">
    <ele>70.3</ele>
    <time>2023-09-26T23:58:39Z</time>
   </trkpt>
   <trkpt lat="-8.6791080" lon="119.5564500">
    <ele>70.3</ele>
    <time>2023-09-26T23:58:40Z</time>
   </trkpt>
   <trkpt lat="-8.6791110" lon="119.5564460">
    <ele>70.4</ele>
    <time>2023-09-26T23:58:41Z</time>
   </trkpt>
   <trkpt lat="-8.6791120" lon="119.5564480">
    <ele>70.4</ele>
    <time>2023-09-26T23:58:42Z</time>
   </trkpt>
   <trkpt lat="-8.6791110" lon="119.5564470">
    <ele>70.4</ele>
    <time>2023-09-26T23:58:43Z</time>
   </trkpt>
   <trkpt lat="-8.6791090" lon="119.5564460">
    <ele>70.4</ele>
    <time>2023-09-26T23:58:44Z</time>
   </trkpt>
   <trkpt lat="-8.6791100" lon="119.5564490">
    <ele>70.4</ele>
    <time>2023-09-26T23:58:45Z</time>
   </trkpt>
   <trkpt lat="-8.6791150" lon="119.5564500">
    <ele>70.4</ele>
    <time>2023-09-26T23:58:46Z</time>
   </trkpt>
   <trkpt lat="-8.6791120" lon="119.5564470">
    <ele>70.5</ele>
    <time>2023-09-26T23:58:47Z</time>
   </trkpt>
   <trkpt lat="-8.6791130" lon="119.5564470">
    <ele>70.5</ele>
    <time>2023-09-26T23:58:48Z</time>
   </trkpt>
   <trkpt lat="-8.6791130" lon="119.5564470">
    <ele>70.5</ele>
    <time>2023-09-26T23:58:49Z</time>
   </trkpt>
   <trkpt lat="-8.6791130" lon="119.5564470">
    <ele>70.5</ele>
    <time>2023-09-26T23:58:50Z</time>
   </trkpt>
   <trkpt lat="-8.6791110" lon="119.5564460">
    <ele>70.5</ele>
    <time>2023-09-26T23:58:51Z</time>
   </trkpt>
   <trkpt lat="-8.6791120" lon="119.5564490">
    <ele>70.5</ele>
    <time>2023-09-26T23:58:52Z</time>
   </trkpt>
   <trkpt lat="-8.6791100" lon="119.5564490">
    <ele>70.5</ele>
    <time>2023-09-26T23:58:53Z</time>
   </trkpt>
   <trkpt lat="-8.6791100" lon="119.5564480">
    <ele>70.5</ele>
    <time>2023-09-26T23:58:54Z</time>
   </trkpt>
   <trkpt lat="-8.6791090" lon="119.5564490">
    <ele>70.5</ele>
    <time>2023-09-26T23:58:55Z</time>
   </trkpt>
   <trkpt lat="-8.6791140" lon="119.5564470">
    <ele>70.6</ele>
    <time>2023-09-26T23:58:56Z</time>
   </trkpt>
   <trkpt lat="-8.6791120" lon="119.5564470">
    <ele>70.6</ele>
    <time>2023-09-26T23:58:57Z</time>
   </trkpt>
   <trkpt lat="-8.6791120" lon="119.5564490">
    <ele>70.6</ele>
    <time>2023-09-26T23:58:58Z</time>
   </trkpt>
   <trkpt lat="-8.6791130" lon="119.5564540">
    <ele>70.6</ele>
    <time>2023-09-26T23:58:59Z</time>
   </trkpt>
   <trkpt lat="-8.6791140" lon="119.5564500">
    <ele>70.6</ele>
    <time>2023-09-26T23:59:00Z</time>
   </trkpt>
   <trkpt lat="-8.6791120" lon="119.5564500">
    <ele>70.6</ele>
    <time>2023-09-26T23:59:01Z</time>
   </trkpt>
   <trkpt lat="-8.6791120" lon="119.5564470">
    <ele>70.6</ele>
    <time>2023-09-26T23:59:02Z</time>
   </trkpt>
   <trkpt lat="-8.6791110" lon="119.5564440">
    <ele>70.7</ele>
    <time>2023-09-26T23:59:03Z</time>
   </trkpt>
   <trkpt lat="-8.6791120" lon="119.5564410">
    <ele>70.7</ele>
    <time>2023-09-26T23:59:04Z</time>
   </trkpt>
   <trkpt lat="-8.6791120" lon="119.5564410">
    <ele>70.7</ele>
    <time>2023-09-26T23:59:05Z</time>
   </trkpt>
   <trkpt lat="-8.6791130" lon="119.5564450">
    <ele>70.7</ele>
    <time>2023-09-26T23:59:06Z</time>
   </trkpt>
   <trkpt lat="-8.6791160" lon="119.5564420">
    <ele>70.7</ele>
    <time>2023-09-26T23:59:07Z</time>
   </trkpt>
   <trkpt lat="-8.6791160" lon="119.5564390">
    <ele>70.7</ele>
    <time>2023-09-26T23:59:08Z</time>
   </trkpt>
   <trkpt lat="-8.6791170" lon="119.5564290">
    <ele>70.8</ele>
    <time>2023-09-26T23:59:09Z</time>
   </trkpt>
   <trkpt lat="-8.6791220" lon="119.5564280">
    <ele>70.8</ele>
    <time>2023-09-26T23:59:10Z</time>
   </trkpt>
   <trkpt lat="-8.6791210" lon="119.5564260">
    <ele>70.8</ele>
    <time>2023-09-26T23:59:11Z</time>
   </trkpt>
   <trkpt lat="-8.6791220" lon="119.5564240">
    <ele>70.8</ele>
    <time>2023-09-26T23:59:12Z</time>
   </trkpt>
   <trkpt lat="-8.6791210" lon="119.5564230">
    <ele>70.8</ele>
    <time>2023-09-26T23:59:13Z</time>
   </trkpt>
   <trkpt lat="-8.6791220" lon="119.5564210">
    <ele>70.9</ele>
    <time>2023-09-26T23:59:14Z</time>
   </trkpt>
   <trkpt lat="-8.6791210" lon="119.5564210">
    <ele>70.9</ele>
    <time>2023-09-26T23:59:15Z</time>
   </trkpt>
   <trkpt lat="-8.6791200" lon="119.5564230">
    <ele>70.9</ele>
    <time>2023-09-26T23:59:16Z</time>
   </trkpt>
   <trkpt lat="-8.6791200" lon="119.5564230">
    <ele>70.9</ele>
    <time>2023-09-26T23:59:17Z</time>
   </trkpt>
   <trkpt lat="-8.6791200" lon="119.5564230">
    <ele>70.9</ele>
    <time>2023-09-26T23:59:18Z</time>
   </trkpt>
   <trkpt lat="-8.6791200" lon="119.5564230">
    <ele>70.9</ele>
    <time>2023-09-26T23:59:19Z</time>
   </trkpt>
   <trkpt lat="-8.6791200" lon="119.5564230">
    <ele>70.9</ele>
    <time>2023-09-26T23:59:20Z</time>
   </trkpt>
   <trkpt lat="-8.6791200" lon="119.5564260">
    <ele>70.9</ele>
    <time>2023-09-26T23:59:21Z</time>
   </trkpt>
   <trkpt lat="-8.6791230" lon="119.5564290">
    <ele>70.9</ele>
    <time>2023-09-26T23:59:22Z</time>
   </trkpt>
   <trkpt lat="-8.6791270" lon="119.5564310">
    <ele>70.9</ele>
    <time>2023-09-26T23:59:23Z</time>
   </trkpt>
   <trkpt lat="-8.6791320" lon="119.5564320">
    <ele>71.0</ele>
    <time>2023-09-26T23:59:24Z</time>
   </trkpt>
   <trkpt lat="-8.6791320" lon="119.5564320">
    <ele>71.0</ele>
    <time>2023-09-26T23:59:25Z</time>
   </trkpt>
   <trkpt lat="-8.6791320" lon="119.5564320">
    <ele>71.0</ele>
    <time>2023-09-26T23:59:26Z</time>
   </trkpt>
   <trkpt lat="-8.6791320" lon="119.5564320">
    <ele>71.0</ele>
    <time>2023-09-26T23:59:27Z</time>
   </trkpt>
   <trkpt lat="-8.6791320" lon="119.5564320">
    <ele>71.0</ele>
    <time>2023-09-26T23:59:28Z</time>
   </trkpt>
   <trkpt lat="-8.6791270" lon="119.5564340">
    <ele>71.0</ele>
    <time>2023-09-26T23:59:29Z</time>
   </trkpt>
   <trkpt lat="-8.6791210" lon="119.5564360">
    <ele>71.0</ele>
    <time>2023-09-26T23:59:30Z</time>
   </trkpt>
   <trkpt lat="-8.6791170" lon="119.5564380">
    <ele>71.0</ele>
    <time>2023-09-26T23:59:31Z</time>
   </trkpt>
   <trkpt lat="-8.6791180" lon="119.5564330">
    <ele>71.1</ele>
    <time>2023-09-26T23:59:32Z</time>
   </trkpt>
   <trkpt lat="-8.6791100" lon="119.5564420">
    <ele>71.1</ele>
    <time>2023-09-26T23:59:33Z</time>
   </trkpt>
   <trkpt lat="-8.6791120" lon="119.5564430">
    <ele>71.1</ele>
    <time>2023-09-26T23:59:34Z</time>
   </trkpt>
   <trkpt lat="-8.6791120" lon="119.5564430">
    <ele>71.1</ele>
    <time>2023-09-26T23:59:35Z</time>
   </trkpt>
   <trkpt lat="-8.6791120" lon="119.5564430">
    <ele>71.1</ele>
    <time>2023-09-26T23:59:36Z</time>
   </trkpt>
   <trkpt lat="-8.6791130" lon="119.5564400">
    <ele>71.2</ele>
    <time>2023-09-26T23:59:37Z</time>
   </trkpt>
   <trkpt lat="-8.6791140" lon="119.5564420">
    <ele>71.2</ele>
    <time>2023-09-26T23:59:38Z</time>
   </trkpt>
   <trkpt lat="-8.6791160" lon="119.5564450">
    <ele>71.2</ele>
    <time>2023-09-26T23:59:39Z</time>
   </trkpt>
   <trkpt lat="-8.6791110" lon="119.5564500">
    <ele>71.2</ele>
    <time>2023-09-26T23:59:40Z</time>
   </trkpt>
   <trkpt lat="-8.6791150" lon="119.5564480">
    <ele>71.3</ele>
    <time>2023-09-26T23:59:41Z</time>
   </trkpt>
   <trkpt lat="-8.6791160" lon="119.5564490">
    <ele>71.3</ele>
    <time>2023-09-26T23:59:42Z</time>
   </trkpt>
   <trkpt lat="-8.6791150" lon="119.5564470">
    <ele>71.3</ele>
    <time>2023-09-26T23:59:43Z</time>
   </trkpt>
   <trkpt lat="-8.6791170" lon="119.5564430">
    <ele>71.3</ele>
    <time>2023-09-26T23:59:44Z</time>
   </trkpt>
   <trkpt lat="-8.6791200" lon="119.5564370">
    <ele>71.3</ele>
    <time>2023-09-26T23:59:45Z</time>
   </trkpt>
   <trkpt lat="-8.6791240" lon="119.5564330">
    <ele>71.4</ele>
    <time>2023-09-26T23:59:46Z</time>
   </trkpt>
   <trkpt lat="-8.6791220" lon="119.5564270">
    <ele>71.4</ele>
    <time>2023-09-26T23:59:47Z</time>
   </trkpt>
   <trkpt lat="-8.6791260" lon="119.5564180">
    <ele>71.4</ele>
    <time>2023-09-26T23:59:48Z</time>
   </trkpt>
   <trkpt lat="-8.6791270" lon="119.5564150">
    <ele>71.5</ele>
    <time>2023-09-26T23:59:49Z</time>
   </trkpt>
   <trkpt lat="-8.6791330" lon="119.5564140">
    <ele>71.5</ele>
    <time>2023-09-26T23:59:50Z</time>
   </trkpt>
   <trkpt lat="-8.6791430" lon="119.5564050">
    <ele>71.6</ele>
    <time>2023-09-26T23:59:51Z</time>
   </trkpt>
   <trkpt lat="-8.6791510" lon="119.5564030">
    <ele>71.6</ele>
    <time>2023-09-26T23:59:52Z</time>
   </trkpt>
   <trkpt lat="-8.6791520" lon="119.5563990">
    <ele>71.6</ele>
    <time>2023-09-26T23:59:53Z</time>
   </trkpt>
   <trkpt lat="-8.6791620" lon="119.5563990">
    <ele>71.7</ele>
    <time>2023-09-26T23:59:54Z</time>
   </trkpt>
   <trkpt lat="-8.6791720" lon="119.5564020">
    <ele>71.7</ele>
    <time>2023-09-26T23:59:55Z</time>
   </trkpt>
   <trkpt lat="-8.6791800" lon="119.5564020">
    <ele>71.8</ele>
    <time>2023-09-26T23:59:56Z</time>
   </trkpt>
   <trkpt lat="-8.6791880" lon="119.5564050">
    <ele>71.8</ele>
    <time>2023-09-26T23:59:57Z</time>
   </trkpt>
   <trkpt lat="-8.6791940" lon="119.5564040">
    <ele>71.8</ele>
    <time>2023-09-26T23:59:58Z</time>
   </trkpt>
   <trkpt lat="-8.6792010" lon="119.5564020">
    <ele>71.9</ele>
    <time>2023-09-26T23:59:59Z</time>
   </trkpt>
   <trkpt lat="-8.6792070" lon="119.5564040">
    <ele>71.9</ele>
    <time>2023-09-27T00:00:00Z</time>
   </trkpt>
   <trkpt lat="-8.6792100" lon="119.5564000">
    <ele>71.9</ele>
    <time>2023-09-27T00:00:01Z</time>
   </trkpt>
   <trkpt lat="-8.6792200" lon="119.5564050">
    <ele>72.0</ele>
    <time>2023-09-27T00:00:02Z</time>
   </trkpt>
   <trkpt lat="-8.6792230" lon="119.5564050">
    <ele>72.0</ele>
    <time>2023-09-27T00:00:03Z</time>
   </trkpt>
   <trkpt lat="-8.6792280" lon="119.5564030">
    <ele>72.0</ele>
    <time>2023-09-27T00:00:04Z</time>
   </trkpt>
   <trkpt lat="-8.6792360" lon="119.5564030">
    <ele>72.1</ele>
    <time>2023-09-27T00:00:05Z</time>
   </trkpt>
   <trkpt lat="-8.6792440" lon="119.5564020">
    <ele>72.1</ele>
    <time>2023-09-27T00:00:06Z</time>
   </trkpt>
   <trkpt lat="-8.6792510" lon="119.5564030">
    <ele>72.2</ele>
    <time>2023-09-27T00:00:07Z</time>
   </trkpt>
   <trkpt lat="-8.6792580" lon="119.5564030">
    <ele>72.2</ele>
    <time>2023-09-27T00:00:08Z</time>
   </trkpt>
   <trkpt lat="-8.6792620" lon="119.5564040">
    <ele>72.2</ele>
    <time>2023-09-27T00:00:09Z</time>
   </trkpt>
   <trkpt lat="-8.6792660" lon="119.5564040">
    <ele>72.2</ele>
    <time>2023-09-27T00:00:10Z</time>
   </trkpt>
   <trkpt lat="-8.6792700" lon="119.5564050">
    <ele>72.3</ele>
    <time>2023-09-27T00:00:11Z</time>
   </trkpt>
   <trkpt lat="-8.6792740" lon="119.5564050">
    <ele>72.3</ele>
    <time>2023-09-27T00:00:12Z</time>
   </trkpt>
   <trkpt lat="-8.6792780" lon="119.5564060">
    <ele>72.3</ele>
    <time>2023-09-27T00:00:13Z</time>
   </trkpt>
   <trkpt lat="-8.6792820" lon="119.5564060">
    <ele>72.3</ele>
    <time>2023-09-27T00:00:14Z</time>
   </trkpt>
   <trkpt lat="-8.6792860" lon="119.5564070">
    <ele>72.3</ele>
    <time>2023-09-27T00:00:15Z</time>
   </trkpt>
   <trkpt lat="-8.6792900" lon="119.5564070">
    <ele>72.4</ele>
    <time>2023-09-27T00:00:16Z</time>
   </trkpt>
   <trkpt lat="-8.6792940" lon="119.5564080">
    <ele>72.4</ele>
    <time>2023-09-27T00:00:17Z</time>
   </trkpt>
   <trkpt lat="-8.6792980" lon="119.5564080">
    <ele>72.4</ele>
    <time>2023-09-27T00:00:18Z</time>
   </trkpt>
   <trkpt lat="-8.6793020" lon="119.5564090">
    <ele>72.4</ele>
    <time>2023-09-27T00:00:19Z</time>
   </trkpt>
   <trkpt lat="-8.6793080" lon="119.5564130">
    <ele>72.5</ele>
    <time>2023-09-27T00:00:20Z</time>
   </trkpt>
   <trkpt lat="-8.6793120" lon="119.5564080">
    <ele>72.5</ele>
    <time>2023-09-27T00:00:21Z</time>
   </trkpt>
   <trkpt lat="-8.6793110" lon="119.5564090">
    <ele>72.5</ele>
    <time>2023-09-27T00:00:22Z</time>
   </trkpt>
   <trkpt lat="-8.6793240" lon="119.5564090">
    <ele>72.6</ele>
    <time>2023-09-27T00:00:23Z</time>
   </trkpt>
   <trkpt lat="-8.6793260" lon="119.5564100">
    <ele>72.6</ele>
    <time>2023-09-27T00:00:24Z</time>
   </trkpt>
   <trkpt lat="-8.6793300" lon="119.5564090">
    <ele>72.6</ele>
    <time>2023-09-27T00:00:25Z</time>
   </trkpt>
   <trkpt lat="-8.6793370" lon="119.5564130">
    <ele>72.7</ele>
    <time>2023-09-27T00:00:26Z</time>
   </trkpt>
   <trkpt lat="-8.6793410" lon="119.5564130">
    <ele>72.7</ele>
    <time>2023-09-27T00:00:27Z</time>
   </trkpt>
   <trkpt lat="-8.6793430" lon="119.5564090">
    <ele>72.7</ele>
    <time>2023-09-27T00:00:28Z</time>
   </trkpt>
   <trkpt lat="-8.6793470" lon="119.5564120">
    <ele>72.7</ele>
    <time>2023-09-27T00:00:29Z</time>
   </trkpt>
   <trkpt lat="-8.6793450" lon="119.5564150">
    <ele>72.7</ele>
    <time>2023-09-27T00:00:30Z</time>
   </trkpt>
   <trkpt lat="-8.6793480" lon="119.5564170">
    <ele>72.8</ele>
    <time>2023-09-27T00:00:31Z</time>
   </trkpt>
   <trkpt lat="-8.6793590" lon="119.5564190">
    <ele>72.8</ele>
    <time>2023-09-27T00:00:32Z</time>
   </trkpt>
   <trkpt lat="-8.6793560" lon="119.5564170">
    <ele>72.8</ele>
    <time>2023-09-27T00:00:33Z</time>
   </trkpt>
   <trkpt lat="-8.6793590" lon="119.5564160">
    <ele>72.9</ele>
    <time>2023-09-27T00:00:34Z</time>
   </trkpt>
   <trkpt lat="-8.6793640" lon="119.5564200">
    <ele>72.9</ele>
    <time>2023-09-27T00:00:35Z</time>
   </trkpt>
   <trkpt lat="-8.6793670" lon="119.5564200">
    <ele>72.9</ele>
    <time>2023-09-27T00:00:36Z</time>
   </trkpt>
   <trkpt lat="-8.6793690" lon="119.5564220">
    <ele>72.9</ele>
    <time>2023-09-27T00:00:37Z</time>
   </trkpt>
   <trkpt lat="-8.6793700" lon="119.5564170">
    <ele>72.9</ele>
    <time>2023-09-27T00:00:38Z</time>
   </trkpt>
   <trkpt lat="-8.6793760" lon="119.5564130">
    <ele>73.0</ele>
    <time>2023-09-27T00:00:39Z</time>
   </trkpt>
   <trkpt lat="-8.6793810" lon="119.5564080">
    <ele>73.0</ele>
    <time>2023-09-27T00:00:40Z</time>
   </trkpt>
   <trkpt lat="-8.6793840" lon="119.5564080">
    <ele>73.0</ele>
    <time>2023-09-27T00:00:41Z</time>
   </trkpt>
   <trkpt lat="-8.6793930" lon="119.5564090">
    <ele>73.1</ele>
    <time>2023-09-27T00:00:42Z</time>
   </trkpt>
   <trkpt lat="-8.6793900" lon="119.5564090">
    <ele>73.1</ele>
    <time>2023-09-27T00:00:43Z</time>
   </trkpt>
   <trkpt lat="-8.6793970" lon="119.5564100">
    <ele>73.1</ele>
    <time>2023-09-27T00:00:44Z</time>
   </trkpt>
   <trkpt lat="-8.6793970" lon="119.5564120">
    <ele>73.1</ele>
    <time>2023-09-27T00:00:45Z</time>
   </trkpt>
   <trkpt lat="-8.6794010" lon="119.5564080">
    <ele>73.2</ele>
    <time>2023-09-27T00:00:46Z</time>
   </trkpt>
   <trkpt lat="-8.6794100" lon="119.5564060">
    <ele>73.2</ele>
    <time>2023-09-27T00:00:47Z</time>
   </trkpt>
   <trkpt lat="-8.6794120" lon="119.5564140">
    <ele>73.3</ele>
    <time>2023-09-27T00:00:48Z</time>
   </trkpt>
   <trkpt lat="-8.6794110" lon="119.5564140">
    <ele>73.3</ele>
    <time>2023-09-27T00:00:49Z</time>
   </trkpt>
   <trkpt lat="-8.6794170" lon="119.5564130">
    <ele>73.3</ele>
    <time>2023-09-27T00:00:50Z</time>
   </trkpt>
   <trkpt lat="-8.6794200" lon="119.5564110">
    <ele>73.3</ele>
    <time>2023-09-27T00:00:51Z</time>
   </trkpt>
   <trkpt lat="-8.6794300" lon="119.5564110">
    <ele>73.4</ele>
    <time>2023-09-27T00:00:52Z</time>
   </trkpt>
   <trkpt lat="-8.6794290" lon="119.5564090">
    <ele>73.4</ele>
    <time>2023-09-27T00:00:53Z</time>
   </trkpt>
   <trkpt lat="-8.6794340" lon="119.5564060">
    <ele>73.4</ele>
    <time>2023-09-27T00:00:54Z</time>
   </trkpt>
   <trkpt lat="-8.6794340" lon="119.5564090">
    <ele>73.4</ele>
    <time>2023-09-27T00:00:55Z</time>
   </trkpt>
   <trkpt lat="-8.6794340" lon="119.5564090">
    <ele>73.4</ele>
    <time>2023-09-27T00:00:56Z</time>
   </trkpt>
   <trkpt lat="-8.6794340" lon="119.5564090">
    <ele>73.4</ele>
    <time>2023-09-27T00:00:57Z</time>
   </trkpt>
   <trkpt lat="-8.6794400" lon="119.5564030">
    <ele>73.5</ele>
    <time>2023-09-27T00:00:58Z</time>
   </trkpt>
   <trkpt lat="-8.6794440" lon="119.5564020">
    <ele>73.5</ele>
    <time>2023-09-27T00:00:59Z</time>
   </trkpt>
   <trkpt lat="-8.6794530" lon="119.5564060">
    <ele>73.5</ele>
    <time>2023-09-27T00:01:00Z</time>
   </trkpt>
   <trkpt lat="-8.6794590" lon="119.5564060">
    <ele>73.6</ele>
    <time>2023-09-27T00:01:01Z</time>
   </trkpt>
   <trkpt lat="-8.6794620" lon="119.5564060">
    <ele>73.6</ele>
    <time>2023-09-27T00:01:02Z</time>
   </trkpt>
   <trkpt lat="-8.6794670" lon="119.5564080">
    <ele>73.6</ele>
    <time>2023-09-27T00:01:03Z</time>
   </trkpt>
   <trkpt lat="-8.6794680" lon="119.5564090">
    <ele>73.6</ele>
    <time>2023-09-27T00:01:04Z</time>
   </trkpt>
   <trkpt lat="-8.6794670" lon="119.5564100">
    <ele>73.6</ele>
    <time>2023-09-27T00:01:05Z</time>
   </trkpt>
   <trkpt lat="-8.6794770" lon="119.5564080">
    <ele>73.7</ele>
    <time>2023-09-27T00:01:06Z</time>
   </trkpt>
   <trkpt lat="-8.6794870" lon="119.5564140">
    <ele>73.7</ele>
    <time>2023-09-27T00:01:07Z</time>
   </trkpt>
   <trkpt lat="-8.6794860" lon="119.5564160">
    <ele>73.8</ele>
    <time>2023-09-27T00:01:08Z</time>
   </trkpt>
   <trkpt lat="-8.6794890" lon="119.5564160">
    <ele>73.8</ele>
    <time>2023-09-27T00:01:09Z</time>
   </trkpt>
   <trkpt lat="-8.6794950" lon="119.5564160">
    <ele>73.8</ele>
    <time>2023-09-27T00:01:10Z</time>
   </trkpt>
   <trkpt lat="-8.6795000" lon="119.5564150">
    <ele>73.8</ele>
    <time>2023-09-27T00:01:11Z</time>
   </trkpt>
   <trkpt lat="-8.6794980" lon="119.5564210">
    <ele>73.9</ele>
    <time>2023-09-27T00:01:12Z</time>
   </trkpt>
   <trkpt lat="-8.6795000" lon="119.5564260">
    <ele>73.9</ele>
    <time>2023-09-27T00:01:13Z</time>
   </trkpt>
   <trkpt lat="-8.6795060" lon="119.5564210">
    <ele>73.9</ele>
    <time>2023-09-27T00:01:14Z</time>
   </trkpt>
   <trkpt lat="-8.6795140" lon="119.5564180">
    <ele>74.0</ele>
    <time>2023-09-27T00:01:15Z</time>
   </trkpt>
   <trkpt lat="-8.6795150" lon="119.5564170">
    <ele>74.0</ele>
    <time>2023-09-27T00:01:16Z</time>
   </trkpt>
   <trkpt lat="-8.6795220" lon="119.5564170">
    <ele>74.0</ele>
    <time>2023-09-27T00:01:17Z</time>
   </trkpt>
   <trkpt lat="-8.6795250" lon="119.5564260">
    <ele>74.1</ele>
    <time>2023-09-27T00:01:19Z</time>
   </trkpt>
   <trkpt lat="-8.6795290" lon="119.5564240">
    <ele>74.1</ele>
    <time>2023-09-27T00:01:20Z</time>
   </trkpt>
   <trkpt lat="-8.6795340" lon="119.5564230">
    <ele>74.1</ele>
    <time>2023-09-27T00:01:21Z</time>
   </trkpt>
   <trkpt lat="-8.6795360" lon="119.5564290">
    <ele>74.1</ele>
    <time>2023-09-27T00:01:22Z</time>
   </trkpt>
   <trkpt lat="-8.6795370" lon="119.5564370">
    <ele>74.2</ele>
    <time>2023-09-27T00:01:23Z</time>
   </trkpt>
   <trkpt lat="-8.6795370" lon="119.5564460">
    <ele>74.2</ele>
    <time>2023-09-27T00:01:24Z</time>
   </trkpt>
   <trkpt lat="-8.6795350" lon="119.5564480">
    <ele>74.3</ele>
    <time>2023-09-27T00:01:25Z</time>
   </trkpt>
   <trkpt lat="-8.6795390" lon="119.5564570">
    <ele>74.3</ele>
    <time>2023-09-27T00:01:26Z</time>
   </trkpt>
   <trkpt lat="-8.6795400" lon="119.5564520">
    <ele>74.3</ele>
    <time>2023-09-27T00:01:27Z</time>
   </trkpt>
   <trkpt lat="-8.6795450" lon="119.5564570">
    <ele>74.4</ele>
    <time>2023-09-27T00:01:28Z</time>
   </trkpt>
   <trkpt lat="-8.6795490" lon="119.5564650">
    <ele>74.4</ele>
    <time>2023-09-27T00:01:29Z</time>
   </trkpt>
   <trkpt lat="-8.6795530" lon="119.5564640">
    <ele>74.4</ele>
    <time>2023-09-27T00:01:30Z</time>
   </trkpt>
   <trkpt lat="-8.6795570" lon="119.5564670">
    <ele>74.5</ele>
    <time>2023-09-27T00:01:31Z</time>
   </trkpt>
   <trkpt lat="-8.6795610" lon="119.5564750">
    <ele>74.5</ele>
    <time>2023-09-27T00:01:32Z</time>
   </trkpt>
   <trkpt lat="-8.6795590" lon="119.5564820">
    <ele>74.5</ele>
    <time>2023-09-27T00:01:33Z</time>
   </trkpt>
   <trkpt lat="-8.6795700" lon="119.5564880">
    <ele>74.6</ele>
    <time>2023-09-27T00:01:34Z</time>
   </trkpt>
   <trkpt lat="-8.6795800" lon="119.5564790">
    <ele>74.7</ele>
    <time>2023-09-27T00:01:35Z</time>
   </trkpt>
   <trkpt lat="-8.6795780" lon="119.5564790">
    <ele>74.7</ele>
    <time>2023-09-27T00:01:36Z</time>
   </trkpt>
   <trkpt lat="-8.6795890" lon="119.5564780">
    <ele>74.7</ele>
    <time>2023-09-27T00:01:37Z</time>
   </trkpt>
   <trkpt lat="-8.6795950" lon="119.5564790">
    <ele>74.8</ele>
    <time>2023-09-27T00:01:38Z</time>
   </trkpt>
   <trkpt lat="-8.6796010" lon="119.5564810">
    <ele>74.8</ele>
    <time>2023-09-27T00:01:39Z</time>
   </trkpt>
   <trkpt lat="-8.6796040" lon="119.5564840">
    <ele>74.8</ele>
    <time>2023-09-27T00:01:40Z</time>
   </trkpt>
   <trkpt lat="-8.6796110" lon="119.5564830">
    <ele>74.9</ele>
    <time>2023-09-27T00:01:41Z</time>
   </trkpt>
   <trkpt lat="-8.6796120" lon="119.5564860">
    <ele>74.9</ele>
    <time>2023-09-27T00:01:42Z</time>
   </trkpt>
   <trkpt lat="-8.6796170" lon="119.5564830">
    <ele>74.9</ele>
    <time>2023-09-27T00:01:43Z</time>
   </trkpt>
   <trkpt lat="-8.6796350" lon="119.5564760">
    <ele>75.0</ele>
    <time>2023-09-27T00:01:44Z</time>
   </trkpt>
   <trkpt lat="-8.6796420" lon="119.5564690">
    <ele>75.1</ele>
    <time>2023-09-27T00:01:45Z</time>
   </trkpt>
   <trkpt lat="-8.6796480" lon="119.5564620">
    <ele>75.1</ele>
    <time>2023-09-27T00:01:46Z</time>
   </trkpt>
   <trkpt lat="-8.6796550" lon="119.5564570">
    <ele>75.2</ele>
    <time>2023-09-27T00:01:47Z</time>
   </trkpt>
   <trkpt lat="-8.6796620" lon="119.5564580">
    <ele>75.2</ele>
    <time>2023-09-27T00:01:48Z</time>
   </trkpt>
   <trkpt lat="-8.6796660" lon="119.5564570">
    <ele>75.2</ele>
    <time>2023-09-27T00:01:49Z</time>
   </trkpt>
   <trkpt lat="-8.6796760" lon="119.5564610">
    <ele>75.3</ele>
    <time>2023-09-27T00:01:50Z</time>
   </trkpt>
   <trkpt lat="-8.6796750" lon="119.5564600">
    <ele>75.3</ele>
    <time>2023-09-27T00:01:51Z</time>
   </trkpt>
   <trkpt lat="-8.6796770" lon="119.5564620">
    <ele>75.3</ele>
    <time>2023-09-27T00:01:52Z</time>
   </trkpt>
   <trkpt lat="-8.6796780" lon="119.5564660">
    <ele>75.3</ele>
    <time>2023-09-27T00:01:53Z</time>
   </trkpt>
   <trkpt lat="-8.6796840" lon="119.5564650">
    <ele>75.3</ele>
    <time>2023-09-27T00:01:54Z</time>
   </trkpt>
   <trkpt lat="-8.6796880" lon="119.5564670">
    <ele>75.4</ele>
    <time>2023-09-27T00:01:55Z</time>
   </trkpt>
   <trkpt lat="-8.6796940" lon="119.5564670">
    <ele>75.4</ele>
    <time>2023-09-27T00:01:56Z</time>
   </trkpt>
   <trkpt lat="-8.6796990" lon="119.5564680">
    <ele>75.4</ele>
    <time>2023-09-27T00:01:57Z</time>
   </trkpt>
   <trkpt lat="-8.6797070" lon="119.5564670">
    <ele>75.5</ele>
    <time>2023-09-27T00:01:58Z</time>
   </trkpt>
   <trkpt lat="-8.6797110" lon="119.5564680">
    <ele>75.5</ele>
    <time>2023-09-27T00:01:59Z</time>
   </trkpt>
   <trkpt lat="-8.6797130" lon="119.5564680">
    <ele>75.5</ele>
    <time>2023-09-27T00:02:00Z</time>
   </trkpt>
   <trkpt lat="-8.6797120" lon="119.5564660">
    <ele>75.5</ele>
    <time>2023-09-27T00:02:01Z</time>
   </trkpt>
   <trkpt lat="-8.6797180" lon="119.5564690">
    <ele>75.5</ele>
    <time>2023-09-27T00:02:02Z</time>
   </trkpt>
   <trkpt lat="-8.6797210" lon="119.5564730">
    <ele>75.6</ele>
    <time>2023-09-27T00:02:03Z</time>
   </trkpt>
   <trkpt lat="-8.6797260" lon="119.5564690">
    <ele>75.6</ele>
    <time>2023-09-27T00:02:04Z</time>
   </trkpt>
   <trkpt lat="-8.6797320" lon="119.5564690">
    <ele>75.6</ele>
    <time>2023-09-27T00:02:05Z</time>
   </trkpt>
   <trkpt lat="-8.6797340" lon="119.5564730">
    <ele>75.7</ele>
    <time>2023-09-27T00:02:06Z</time>
   </trkpt>
   <trkpt lat="-8.6797380" lon="119.5564760">
    <ele>75.7</ele>
    <time>2023-09-27T00:02:07Z</time>
   </trkpt>
   <trkpt lat="-8.6797370" lon="119.5564790">
    <ele>75.7</ele>
    <time>2023-09-27T00:02:08Z</time>
   </trkpt>
   <trkpt lat="-8.6797400" lon="119.5564810">
    <ele>75.7</ele>
    <time>2023-09-27T00:02:09Z</time>
   </trkpt>
   <trkpt lat="-8.6797420" lon="119.5564850">
    <ele>75.7</ele>
    <time>2023-09-27T00:02:10Z</time>
   </trkpt>
   <trkpt lat="-8.6797480" lon="119.5564880">
    <ele>75.8</ele>
    <time>2023-09-27T00:02:11Z</time>
   </trkpt>
   <trkpt lat="-8.6797500" lon="119.5564890">
    <ele>75.8</ele>
    <time>2023-09-27T00:02:12Z</time>
   </trkpt>
   <trkpt lat="-8.6797550" lon="119.5564940">
    <ele>75.8</ele>
    <time>2023-09-27T00:02:13Z</time>
   </trkpt>
   <trkpt lat="-8.6797550" lon="119.5564950">
    <ele>75.8</ele>
    <time>2023-09-27T00:02:14Z</time>
   </trkpt>
   <trkpt lat="-8.6797600" lon="119.5564960">
    <ele>75.9</ele>
    <time>2023-09-27T00:02:15Z</time>
   </trkpt>
   <trkpt lat="-8.6797620" lon="119.5564940">
    <ele>75.9</ele>
    <time>2023-09-27T00:02:16Z</time>
   </trkpt>
   <trkpt lat="-8.6797700" lon="119.5564990">
    <ele>75.9</ele>
    <time>2023-09-27T00:02:17Z</time>
   </trkpt>
   <trkpt lat="-8.6797750" lon="119.5565020">
    <ele>76.0</ele>
    <time>2023-09-27T00:02:18Z</time>
   </trkpt>
   <trkpt lat="-8.6797760" lon="119.5565050">
    <ele>76.0</ele>
    <time>2023-09-27T00:02:19Z</time>
   </trkpt>
   <trkpt lat="-8.6797810" lon="119.5565110">
    <ele>76.0</ele>
    <time>2023-09-27T00:02:20Z</time>
   </trkpt>
   <trkpt lat="-8.6797810" lon="119.5565190">
    <ele>76.1</ele>
    <time>2023-09-27T00:02:21Z</time>
   </trkpt>
   <trkpt lat="-8.6797880" lon="119.5565250">
    <ele>76.1</ele>
    <time>2023-09-27T00:02:22Z</time>
   </trkpt>
   <trkpt lat="-8.6797880" lon="119.5565320">
    <ele>76.1</ele>
    <time>2023-09-27T00:02:23Z</time>
   </trkpt>
   <trkpt lat="-8.6797910" lon="119.5565380">
    <ele>76.2</ele>
    <time>2023-09-27T00:02:24Z</time>
   </trkpt>
   <trkpt lat="-8.6797880" lon="119.5565380">
    <ele>76.2</ele>
    <time>2023-09-27T00:02:25Z</time>
   </trkpt>
   <trkpt lat="-8.6797910" lon="119.5565400">
    <ele>76.2</ele>
    <time>2023-09-27T00:02:26Z</time>
   </trkpt>
   <trkpt lat="-8.6797890" lon="119.5565360">
    <ele>76.2</ele>
    <time>2023-09-27T00:02:27Z</time>
   </trkpt>
   <trkpt lat="-8.6797950" lon="119.5565350">
    <ele>76.3</ele>
    <time>2023-09-27T00:02:28Z</time>
   </trkpt>
   <trkpt lat="-8.6797950" lon="119.5565390">
    <ele>76.3</ele>
    <time>2023-09-27T00:02:29Z</time>
   </trkpt>
   <trkpt lat="-8.6798020" lon="119.5565380">
    <ele>76.3</ele>
    <time>2023-09-27T00:02:30Z</time>
   </trkpt>
   <trkpt lat="-8.6798040" lon="119.5565390">
    <ele>76.3</ele>
    <time>2023-09-27T00:02:31Z</time>
   </trkpt>
   <trkpt lat="-8.6798040" lon="119.5565360">
    <ele>76.3</ele>
    <time>2023-09-27T00:02:32Z</time>
   </trkpt>
   <trkpt lat="-8.6798040" lon="119.5565360">
    <ele>76.3</ele>
    <time>2023-09-27T00:02:33Z</time>
   </trkpt>
   <trkpt lat="-8.6798070" lon="119.5565370">
    <ele>76.4</ele>
    <time>2023-09-27T00:02:34Z</time>
   </trkpt>
   <trkpt lat="-8.6798130" lon="119.5565420">
    <ele>76.4</ele>
    <time>2023-09-27T00:02:35Z</time>
   </trkpt>
   <trkpt lat="-8.6798220" lon="119.5565510">
    <ele>76.5</ele>
    <time>2023-09-27T00:02:36Z</time>
   </trkpt>
   <trkpt lat="-8.6798280" lon="119.5565570">
    <ele>76.5</ele>
    <time>2023-09-27T00:02:37Z</time>
   </trkpt>
   <trkpt lat="-8.6798320" lon="119.5565650">
    <ele>76.6</ele>
    <time>2023-09-27T00:02:38Z</time>
   </trkpt>
   <trkpt lat="-8.6798330" lon="119.5565670">
    <ele>76.6</ele>
    <time>2023-09-27T00:02:39Z</time>
   </trkpt>
   <trkpt lat="-8.6798380" lon="119.5565710">
    <ele>76.6</ele>
    <time>2023-09-27T00:02:40Z</time>
   </trkpt>
   <trkpt lat="-8.6798390" lon="119.5565760">
    <ele>76.6</ele>
    <time>2023-09-27T00:02:41Z</time>
   </trkpt>
   <trkpt lat="-8.6798440" lon="119.5565790">
    <ele>76.7</ele>
    <time>2023-09-27T00:02:42Z</time>
   </trkpt>
   <trkpt lat="-8.6798500" lon="119.5565830">
    <ele>76.7</ele>
    <time>2023-09-27T00:02:43Z</time>
   </trkpt>
   <trkpt lat="-8.6798540" lon="119.5565840">
    <ele>76.7</ele>
    <time>2023-09-27T00:02:44Z</time>
   </trkpt>
   <trkpt lat="-8.6798620" lon="119.5565810">
    <ele>76.8</ele>
    <time>2023-09-27T00:02:45Z</time>
   </trkpt>
   <trkpt lat="-8.6798670" lon="119.5565800">
    <ele>76.8</ele>
    <time>2023-09-27T00:02:46Z</time>
   </trkpt>
   <trkpt lat="-8.6798710" lon="119.5565810">
    <ele>76.8</ele>
    <time>2023-09-27T00:02:47Z</time>
   </trkpt>
   <trkpt lat="-8.6798760" lon="119.5565810">
    <ele>76.8</ele>
    <time>2023-09-27T00:02:48Z</time>
   </trkpt>
   <trkpt lat="-8.6798770" lon="119.5565900">
    <ele>76.9</ele>
    <time>2023-09-27T00:02:49Z</time>
   </trkpt>
   <trkpt lat="-8.6798810" lon="119.5565920">
    <ele>76.9</ele>
    <time>2023-09-27T00:02:50Z</time>
   </trkpt>
   <trkpt lat="-8.6798860" lon="119.5565990">
    <ele>76.9</ele>
    <time>2023-09-27T00:02:51Z</time>
   </trkpt>
   <trkpt lat="-8.6798890" lon="119.5566010">
    <ele>77.0</ele>
    <time>2023-09-27T00:02:52Z</time>
   </trkpt>
   <trkpt lat="-8.6798880" lon="119.5566020">
    <ele>77.0</ele>
    <time>2023-09-27T00:02:53Z</time>
   </trkpt>
   <trkpt lat="-8.6798860" lon="119.5566060">
    <ele>77.0</ele>
    <time>2023-09-27T00:02:54Z</time>
   </trkpt>
   <trkpt lat="-8.6798960" lon="119.5566100">
    <ele>77.1</ele>
    <time>2023-09-27T00:02:55Z</time>
   </trkpt>
   <trkpt lat="-8.6798970" lon="119.5566160">
    <ele>77.1</ele>
    <time>2023-09-27T00:02:56Z</time>
   </trkpt>
   <trkpt lat="-8.6799010" lon="119.5566180">
    <ele>77.1</ele>
    <time>2023-09-27T00:02:57Z</time>
   </trkpt>
   <trkpt lat="-8.6799050" lon="119.5566180">
    <ele>77.1</ele>
    <time>2023-09-27T00:02:58Z</time>
   </trkpt>
   <trkpt lat="-8.6799090" lon="119.5566240">
    <ele>77.2</ele>
    <time>2023-09-27T00:02:59Z</time>
   </trkpt>
   <trkpt lat="-8.6799130" lon="119.5566270">
    <ele>77.2</ele>
    <time>2023-09-27T00:03:00Z</time>
   </trkpt>
   <trkpt lat="-8.6799180" lon="119.5566250">
    <ele>77.2</ele>
    <time>2023-09-27T00:03:01Z</time>
   </trkpt>
   <trkpt lat="-8.6799230" lon="119.5566170">
    <ele>77.3</ele>
    <time>2023-09-27T00:03:02Z</time>
   </trkpt>
   <trkpt lat="-8.6799340" lon="119.5566120">
    <ele>77.3</ele>
    <time>2023-09-27T00:03:03Z</time>
   </trkpt>
   <trkpt lat="-8.6799300" lon="119.5566120">
    <ele>77.3</ele>
    <time>2023-09-27T00:03:04Z</time>
   </trkpt>
   <trkpt lat="-8.6799380" lon="119.5566100">
    <ele>77.4</ele>
    <time>2023-09-27T00:03:05Z</time>
   </trkpt>
   <trkpt lat="-8.6799400" lon="119.5566050">
    <ele>77.4</ele>
    <time>2023-09-27T00:03:06Z</time>
   </trkpt>
   <trkpt lat="-8.6799460" lon="119.5566050">
    <ele>77.5</ele>
    <time>2023-09-27T00:03:07Z</time>
   </trkpt>
   <trkpt lat="-8.6799470" lon="119.5566070">
    <ele>77.5</ele>
    <time>2023-09-27T00:03:08Z</time>
   </trkpt>
   <trkpt lat="-8.6799520" lon="119.5566090">
    <ele>77.5</ele>
    <time>2023-09-27T00:03:09Z</time>
   </trkpt>
   <trkpt lat="-8.6799570" lon="119.5566090">
    <ele>77.5</ele>
    <time>2023-09-27T00:03:10Z</time>
   </trkpt>
   <trkpt lat="-8.6799600" lon="119.5566080">
    <ele>77.5</ele>
    <time>2023-09-27T00:03:11Z</time>
   </trkpt>
   <trkpt lat="-8.6799620" lon="119.5566110">
    <ele>77.6</ele>
    <time>2023-09-27T00:03:12Z</time>
   </trkpt>
   <trkpt lat="-8.6799620" lon="119.5566070">
    <ele>77.6</ele>
    <time>2023-09-27T00:03:13Z</time>
   </trkpt>
   <trkpt lat="-8.6799600" lon="119.5566080">
    <ele>77.6</ele>
    <time>2023-09-27T00:03:14Z</time>
   </trkpt>
   <trkpt lat="-8.6799550" lon="119.5566080">
    <ele>77.6</ele>
    <time>2023-09-27T00:03:15Z</time>
   </trkpt>
   <trkpt lat="-8.6799540" lon="119.5566090">
    <ele>77.6</ele>
    <time>2023-09-27T00:03:16Z</time>
   </trkpt>
   <trkpt lat="-8.6799530" lon="119.5566090">
    <ele>77.6</ele>
    <time>2023-09-27T00:03:17Z</time>
   </trkpt>
   <trkpt lat="-8.6799540" lon="119.5566140">
    <ele>77.6</ele>
    <time>2023-09-27T00:03:18Z</time>
   </trkpt>
   <trkpt lat="-8.6799540" lon="119.5566120">
    <ele>77.7</ele>
    <time>2023-09-27T00:03:19Z</time>
   </trkpt>
   <trkpt lat="-8.6799540" lon="119.5566090">
    <ele>77.7</ele>
    <time>2023-09-27T00:03:20Z</time>
   </trkpt>
   <trkpt lat="-8.6799580" lon="119.5566110">
    <ele>77.7</ele>
    <time>2023-09-27T00:03:21Z</time>
   </trkpt>
   <trkpt lat="-8.6799690" lon="119.5566090">
    <ele>77.8</ele>
    <time>2023-09-27T00:03:22Z</time>
   </trkpt>
   <trkpt lat="-8.6799750" lon="119.5566050">
    <ele>77.8</ele>
    <time>2023-09-27T00:03:23Z</time>
   </trkpt>
   <trkpt lat="-8.6799830" lon="119.5566020">
    <ele>77.8</ele>
    <time>2023-09-27T00:03:24Z</time>
   </trkpt>
   <trkpt lat="-8.6799840" lon="119.5565960">
    <ele>77.9</ele>
    <time>2023-09-27T00:03:25Z</time>
   </trkpt>
   <trkpt lat="-8.6799900" lon="119.5565940">
    <ele>77.9</ele>
    <time>2023-09-27T00:03:26Z</time>
   </trkpt>
   <trkpt lat="-8.6799920" lon="119.5565990">
    <ele>77.9</ele>
    <time>2023-09-27T00:03:27Z</time>
   </trkpt>
   <trkpt lat="-8.6800030" lon="119.5565980">
    <ele>78.0</ele>
    <time>2023-09-27T00:03:28Z</time>
   </trkpt>
   <trkpt lat="-8.6800160" lon="119.5566010">
    <ele>78.1</ele>
    <time>2023-09-27T00:03:29Z</time>
   </trkpt>
   <trkpt lat="-8.6800220" lon="119.5566030">
    <ele>78.1</ele>
    <time>2023-09-27T00:03:30Z</time>
   </trkpt>
   <trkpt lat="-8.6800270" lon="119.5566050">
    <ele>78.1</ele>
    <time>2023-09-27T00:03:31Z</time>
   </trkpt>
   <trkpt lat="-8.6800330" lon="119.5566070">
    <ele>78.1</ele>
    <time>2023-09-27T00:03:32Z</time>
   </trkpt>
   <trkpt lat="-8.6800390" lon="119.5566090">
    <ele>78.2</ele>
    <time>2023-09-27T00:03:33Z</time>
   </trkpt>
   <trkpt lat="-8.6800320" lon="119.5566050">
    <ele>78.2</ele>
    <time>2023-09-27T00:03:34Z</time>
   </trkpt>
   <trkpt lat="-8.6800420" lon="119.5566060">
    <ele>78.3</ele>
    <time>2023-09-27T00:03:35Z</time>
   </trkpt>
   <trkpt lat="-8.6800450" lon="119.5566090">
    <ele>78.3</ele>
    <time>2023-09-27T00:03:36Z</time>
   </trkpt>
   <trkpt lat="-8.6800430" lon="119.5566190">
    <ele>78.4</ele>
    <time>2023-09-27T00:03:37Z</time>
   </trkpt>
   <trkpt lat="-8.6800390" lon="119.5566230">
    <ele>78.4</ele>
    <time>2023-09-27T00:03:38Z</time>
   </trkpt>
   <trkpt lat="-8.6800370" lon="119.5566230">
    <ele>78.4</ele>
    <time>2023-09-27T00:03:39Z</time>
   </trkpt>
   <trkpt lat="-8.6800340" lon="119.5566240">
    <ele>78.4</ele>
    <time>2023-09-27T00:03:40Z</time>
   </trkpt>
   <trkpt lat="-8.6800260" lon="119.5566330">
    <ele>78.5</ele>
    <time>2023-09-27T00:03:41Z</time>
   </trkpt>
   <trkpt lat="-8.6800180" lon="119.5566350">
    <ele>78.5</ele>
    <time>2023-09-27T00:03:42Z</time>
   </trkpt>
   <trkpt lat="-8.6800250" lon="119.5566250">
    <ele>78.6</ele>
    <time>2023-09-27T00:03:43Z</time>
   </trkpt>
   <trkpt lat="-8.6800260" lon="119.5566250">
    <ele>78.6</ele>
    <time>2023-09-27T00:03:44Z</time>
   </trkpt>
   <trkpt lat="-8.6800270" lon="119.5566250">
    <ele>78.6</ele>
    <time>2023-09-27T00:03:45Z</time>
   </trkpt>
   <trkpt lat="-8.6800290" lon="119.5566250">
    <ele>78.6</ele>
    <time>2023-09-27T00:03:46Z</time>
   </trkpt>
   <trkpt lat="-8.6800300" lon="119.5566250">
    <ele>78.6</ele>
    <time>2023-09-27T00:03:47Z</time>
   </trkpt>
   <trkpt lat="-8.6800310" lon="119.5566250">
    <ele>78.6</ele>
    <time>2023-09-27T00:03:48Z</time>
   </trkpt>
   <trkpt lat="-8.6800330" lon="119.5566240">
    <ele>78.6</ele>
    <time>2023-09-27T00:03:49Z</time>
   </trkpt>
   <trkpt lat="-8.6800340" lon="119.5566240">
    <ele>78.6</ele>
    <time>2023-09-27T00:03:50Z</time>
   </trkpt>
   <trkpt lat="-8.6800350" lon="119.5566240">
    <ele>78.6</ele>
    <time>2023-09-27T00:03:51Z</time>
   </trkpt>
   <trkpt lat="-8.6800370" lon="119.5566240">
    <ele>78.6</ele>
    <time>2023-09-27T00:03:52Z</time>
   </trkpt>
   <trkpt lat="-8.6800380" lon="119.5566240">
    <ele>78.6</ele>
    <time>2023-09-27T00:03:53Z</time>
   </trkpt>
   <trkpt lat="-8.6800390" lon="119.5566240">
    <ele>78.6</ele>
    <time>2023-09-27T00:03:54Z</time>
   </trkpt>
   <trkpt lat="-8.6800410" lon="119.5566240">
    <ele>78.7</ele>
    <time>2023-09-27T00:03:55Z</time>
   </trkpt>
   <trkpt lat="-8.6800420" lon="119.5566240">
    <ele>78.7</ele>
    <time>2023-09-27T00:03:56Z</time>
   </trkpt>
   <trkpt lat="-8.6800430" lon="119.5566240">
    <ele>78.7</ele>
    <time>2023-09-27T00:03:57Z</time>
   </trkpt>
   <trkpt lat="-8.6800450" lon="119.5566230">
    <ele>78.7</ele>
    <time>2023-09-27T00:03:58Z</time>
   </trkpt>
   <trkpt lat="-8.6800460" lon="119.5566230">
    <ele>78.7</ele>
    <time>2023-09-27T00:03:59Z</time>
   </trkpt>
   <trkpt lat="-8.6800470" lon="119.5566230">
    <ele>78.7</ele>
    <time>2023-09-27T00:04:00Z</time>
   </trkpt>
   <trkpt lat="-8.6800480" lon="119.5566230">
    <ele>78.7</ele>
    <time>2023-09-27T00:04:01Z</time>
   </trkpt>
   <trkpt lat="-8.6800500" lon="119.5566230">
    <ele>78.7</ele>
    <time>2023-09-27T00:04:02Z</time>
   </trkpt>
   <trkpt lat="-8.6800510" lon="119.5566230">
    <ele>78.7</ele>
    <time>2023-09-27T00:04:03Z</time>
   </trkpt>
   <trkpt lat="-8.6800520" lon="119.5566230">
    <ele>78.7</ele>
    <time>2023-09-27T00:04:04Z</time>
   </trkpt>
   <trkpt lat="-8.6800540" lon="119.5566230">
    <ele>78.7</ele>
    <time>2023-09-27T00:04:05Z</time>
   </trkpt>
   <trkpt lat="-8.6800480" lon="119.5566160">
    <ele>78.8</ele>
    <time>2023-09-27T00:04:06Z</time>
   </trkpt>
   <trkpt lat="-8.6800570" lon="119.5566220">
    <ele>78.8</ele>
    <time>2023-09-27T00:04:07Z</time>
   </trkpt>
   <trkpt lat="-8.6800610" lon="119.5566220">
    <ele>78.9</ele>
    <time>2023-09-27T00:04:08Z</time>
   </trkpt>
   <trkpt lat="-8.6800670" lon="119.5566170">
    <ele>78.9</ele>
    <time>2023-09-27T00:04:09Z</time>
   </trkpt>
   <trkpt lat="-8.6800730" lon="119.5566160">
    <ele>78.9</ele>
    <time>2023-09-27T00:04:10Z</time>
   </trkpt>
   <trkpt lat="-8.6800770" lon="119.5566140">
    <ele>78.9</ele>
    <time>2023-09-27T00:04:11Z</time>
   </trkpt>
   <trkpt lat="-8.6800820" lon="119.5566120">
    <ele>79.0</ele>
    <time>2023-09-27T00:04:12Z</time>
   </trkpt>
   <trkpt lat="-8.6800860" lon="119.5566120">
    <ele>79.0</ele>
    <time>2023-09-27T00:04:13Z</time>
   </trkpt>
   <trkpt lat="-8.6800930" lon="119.5566110">
    <ele>79.0</ele>
    <time>2023-09-27T00:04:14Z</time>
   </trkpt>
   <trkpt lat="-8.6800970" lon="119.5566080">
    <ele>79.1</ele>
    <time>2023-09-27T00:04:15Z</time>
   </trkpt>
   <trkpt lat="-8.6800990" lon="119.5566060">
    <ele>79.1</ele>
    <time>2023-09-27T00:04:16Z</time>
   </trkpt>
   <trkpt lat="-8.6801020" lon="119.5566020">
    <ele>79.1</ele>
    <time>2023-09-27T00:04:17Z</time>
   </trkpt>
   <trkpt lat="-8.6801080" lon="119.5566030">
    <ele>79.1</ele>
    <time>2023-09-27T00:04:18Z</time>
   </trkpt>
   <trkpt lat="-8.6801140" lon="119.5566000">
    <ele>79.2</ele>
    <time>2023-09-27T00:04:19Z</time>
   </trkpt>
   <trkpt lat="-8.6801150" lon="119.5565990">
    <ele>79.2</ele>
    <time>2023-09-27T00:04:20Z</time>
   </trkpt>
   <trkpt lat="-8.6801240" lon="119.5565980">
    <ele>79.2</ele>
    <time>2023-09-27T00:04:21Z</time>
   </trkpt>
   <trkpt lat="-8.6801250" lon="119.5565990">
    <ele>79.2</ele>
    <time>2023-09-27T00:04:22Z</time>
   </trkpt>
   <trkpt lat="-8.6801280" lon="119.5566050">
    <ele>79.3</ele>
    <time>2023-09-27T00:04:23Z</time>
   </trkpt>
   <trkpt lat="-8.6801300" lon="119.5566090">
    <ele>79.3</ele>
    <time>2023-09-27T00:04:24Z</time>
   </trkpt>
   <trkpt lat="-8.6801320" lon="119.5566110">
    <ele>79.3</ele>
    <time>2023-09-27T00:04:25Z</time>
   </trkpt>
   <trkpt lat="-8.6801390" lon="119.5566140">
    <ele>79.3</ele>
    <time>2023-09-27T00:04:26Z</time>
   </trkpt>
   <trkpt lat="-8.6801450" lon="119.5566180">
    <ele>79.4</ele>
    <time>2023-09-27T00:04:27Z</time>
   </trkpt>
   <trkpt lat="-8.6801460" lon="119.5566180">
    <ele>79.4</ele>
    <time>2023-09-27T00:04:28Z</time>
   </trkpt>
   <trkpt lat="-8.6801480" lon="119.5566180">
    <ele>79.4</ele>
    <time>2023-09-27T00:04:29Z</time>
   </trkpt>
   <trkpt lat="-8.6801500" lon="119.5566190">
    <ele>79.4</ele>
    <time>2023-09-27T00:04:30Z</time>
   </trkpt>
   <trkpt lat="-8.6801520" lon="119.5566190">
    <ele>79.4</ele>
    <time>2023-09-27T00:04:31Z</time>
   </trkpt>
   <trkpt lat="-8.6801540" lon="119.5566190">
    <ele>79.4</ele>
    <time>2023-09-27T00:04:32Z</time>
   </trkpt>
   <trkpt lat="-8.6801550" lon="119.5566200">
    <ele>79.4</ele>
    <time>2023-09-27T00:04:33Z</time>
   </trkpt>
   <trkpt lat="-8.6801570" lon="119.5566200">
    <ele>79.4</ele>
    <time>2023-09-27T00:04:34Z</time>
   </trkpt>
   <trkpt lat="-8.6801590" lon="119.5566200">
    <ele>79.5</ele>
    <time>2023-09-27T00:04:35Z</time>
   </trkpt>
   <trkpt lat="-8.6801610" lon="119.5566210">
    <ele>79.5</ele>
    <time>2023-09-27T00:04:36Z</time>
   </trkpt>
   <trkpt lat="-8.6801630" lon="119.5566210">
    <ele>79.5</ele>
    <time>2023-09-27T00:04:37Z</time>
   </trkpt>
   <trkpt lat="-8.6801640" lon="119.5566210">
    <ele>79.5</ele>
    <time>2023-09-27T00:04:38Z</time>
   </trkpt>
   <trkpt lat="-8.6801660" lon="119.5566220">
    <ele>79.5</ele>
    <time>2023-09-27T00:04:39Z</time>
   </trkpt>
   <trkpt lat="-8.6801680" lon="119.5566220">
    <ele>79.5</ele>
    <time>2023-09-27T00:04:40Z</time>
   </trkpt>
   <trkpt lat="-8.6801700" lon="119.5566220">
    <ele>79.5</ele>
    <time>2023-09-27T00:04:41Z</time>
   </trkpt>
   <trkpt lat="-8.6801720" lon="119.5566230">
    <ele>79.5</ele>
    <time>2023-09-27T00:04:42Z</time>
   </trkpt>
   <trkpt lat="-8.6801740" lon="119.5566230">
    <ele>79.5</ele>
    <time>2023-09-27T00:04:43Z</time>
   </trkpt>
   <trkpt lat="-8.6801750" lon="119.5566230">
    <ele>79.5</ele>
    <time>2023-09-27T00:04:44Z</time>
   </trkpt>
   <trkpt lat="-8.6801770" lon="119.5566240">
    <ele>79.6</ele>
    <time>2023-09-27T00:04:45Z</time>
   </trkpt>
   <trkpt lat="-8.6801790" lon="119.5566240">
    <ele>79.6</ele>
    <time>2023-09-27T00:04:46Z</time>
   </trkpt>
   <trkpt lat="-8.6801810" lon="119.5566240">
    <ele>79.6</ele>
    <time>2023-09-27T00:04:47Z</time>
   </trkpt>
   <trkpt lat="-8.6801830" lon="119.5566250">
    <ele>79.6</ele>
    <time>2023-09-27T00:04:48Z</time>
   </trkpt>
   <trkpt lat="-8.6801840" lon="119.5566250">
    <ele>79.6</ele>
    <time>2023-09-27T00:04:49Z</time>
   </trkpt>
   <trkpt lat="-8.6801860" lon="119.5566250">
    <ele>79.6</ele>
    <time>2023-09-27T00:04:50Z</time>
   </trkpt>
   <trkpt lat="-8.6801880" lon="119.5566260">
    <ele>79.6</ele>
    <time>2023-09-27T00:04:51Z</time>
   </trkpt>
   <trkpt lat="-8.6801900" lon="119.5566260">
    <ele>79.6</ele>
    <time>2023-09-27T00:04:52Z</time>
   </trkpt>
   <trkpt lat="-8.6801920" lon="119.5566260">
    <ele>79.6</ele>
    <time>2023-09-27T00:04:53Z</time>
   </trkpt>
   <trkpt lat="-8.6801940" lon="119.5566270">
    <ele>79.6</ele>
    <time>2023-09-27T00:04:54Z</time>
   </trkpt>
   <trkpt lat="-8.6801950" lon="119.5566270">
    <ele>79.6</ele>
    <time>2023-09-27T00:04:55Z</time>
   </trkpt>
   <trkpt lat="-8.6801970" lon="119.5566270">
    <ele>79.7</ele>
    <time>2023-09-27T00:04:56Z</time>
   </trkpt>
   <trkpt lat="-8.6801990" lon="119.5566270">
    <ele>79.7</ele>
    <time>2023-09-27T00:04:57Z</time>
   </trkpt>
   <trkpt lat="-8.6802010" lon="119.5566280">
    <ele>79.7</ele>
    <time>2023-09-27T00:04:58Z</time>
   </trkpt>
   <trkpt lat="-8.6802030" lon="119.5566280">
    <ele>79.7</ele>
    <time>2023-09-27T00:04:59Z</time>
   </trkpt>
   <trkpt lat="-8.6802040" lon="119.5566280">
    <ele>79.7</ele>
    <time>2023-09-27T00:05:00Z</time>
   </trkpt>
   <trkpt lat="-8.6802060" lon="119.5566290">
    <ele>79.7</ele>
    <time>2023-09-27T00:05:01Z</time>
   </trkpt>
   <trkpt lat="-8.6802130" lon="119.5566320">
    <ele>79.7</ele>
    <time>2023-09-27T00:05:02Z</time>
   </trkpt>
   <trkpt lat="-8.6802160" lon="119.5566330">
    <ele>79.8</ele>
    <time>2023-09-27T00:05:03Z</time>
   </trkpt>
   <trkpt lat="-8.6802200" lon="119.5566340">
    <ele>79.8</ele>
    <time>2023-09-27T00:05:04Z</time>
   </trkpt>
   <trkpt lat="-8.6802240" lon="119.5566350">
    <ele>79.8</ele>
    <time>2023-09-27T00:05:05Z</time>
   </trkpt>
   <trkpt lat="-8.6802280" lon="119.5566360">
    <ele>79.8</ele>
    <time>2023-09-27T00:05:06Z</time>
   </trkpt>
   <trkpt lat="-8.6802320" lon="119.5566370">
    <ele>79.8</ele>
    <time>2023-09-27T00:05:07Z</time>
   </trkpt>
   <trkpt lat="-8.6802350" lon="119.5566380">
    <ele>79.9</ele>
    <time>2023-09-27T00:05:08Z</time>
   </trkpt>
   <trkpt lat="-8.6802390" lon="119.5566390">
    <ele>79.9</ele>
    <time>2023-09-27T00:05:09Z</time>
   </trkpt>
   <trkpt lat="-8.6802430" lon="119.5566400">
    <ele>79.9</ele>
    <time>2023-09-27T00:05:10Z</time>
   </trkpt>
   <trkpt lat="-8.6802470" lon="119.5566410">
    <ele>79.9</ele>
    <time>2023-09-27T00:05:11Z</time>
   </trkpt>
   <trkpt lat="-8.6802510" lon="119.5566410">
    <ele>80.0</ele>
    <time>2023-09-27T00:05:12Z</time>
   </trkpt>
   <trkpt lat="-8.6802540" lon="119.5566420">
    <ele>80.0</ele>
    <time>2023-09-27T00:05:13Z</time>
   </trkpt>
   <trkpt lat="-8.6802600" lon="119.5566450">
    <ele>80.0</ele>
    <time>2023-09-27T00:05:14Z</time>
   </trkpt>
   <trkpt lat="-8.6802650" lon="119.5566480">
    <ele>80.0</ele>
    <time>2023-09-27T00:05:15Z</time>
   </trkpt>
   <trkpt lat="-8.6802730" lon="119.5566490">
    <ele>80.1</ele>
    <time>2023-09-27T00:05:16Z</time>
   </trkpt>
   <trkpt lat="-8.6802780" lon="119.5566550">
    <ele>80.1</ele>
    <time>2023-09-27T00:05:17Z</time>
   </trkpt>
   <trkpt lat="-8.6802800" lon="119.5566560">
    <ele>80.1</ele>
    <time>2023-09-27T00:05:18Z</time>
   </trkpt>
   <trkpt lat="-8.6802820" lon="119.5566550">
    <ele>80.1</ele>
    <time>2023-09-27T00:05:19Z</time>
   </trkpt>
   <trkpt lat="-8.6802900" lon="119.5566580">
    <ele>80.2</ele>
    <time>2023-09-27T00:05:20Z</time>
   </trkpt>
   <trkpt lat="-8.6802930" lon="119.5566580">
    <ele>80.2</ele>
    <time>2023-09-27T00:05:21Z</time>
   </trkpt>
   <trkpt lat="-8.6802930" lon="119.5566590">
    <ele>80.2</ele>
    <time>2023-09-27T00:05:22Z</time>
   </trkpt>
   <trkpt lat="-8.6803000" lon="119.5566620">
    <ele>80.2</ele>
    <time>2023-09-27T00:05:23Z</time>
   </trkpt>
   <trkpt lat="-8.6803010" lon="119.5566650">
    <ele>80.3</ele>
    <time>2023-09-27T00:05:24Z</time>
   </trkpt>
   <trkpt lat="-8.6803010" lon="119.5566640">
    <ele>80.3</ele>
    <time>2023-09-27T00:05:25Z</time>
   </trkpt>
   <trkpt lat="-8.6803050" lon="119.5566620">
    <ele>80.3</ele>
    <time>2023-09-27T00:05:26Z</time>
   </trkpt>
   <trkpt lat="-8.6803080" lon="119.5566630">
    <ele>80.3</ele>
    <time>2023-09-27T00:05:27Z</time>
   </trkpt>
   <trkpt lat="-8.6803120" lon="119.5566690">
    <ele>80.3</ele>
    <time>2023-09-27T00:05:28Z</time>
   </trkpt>
   <trkpt lat="-8.6803130" lon="119.5566710">
    <ele>80.4</ele>
    <time>2023-09-27T00:05:29Z</time>
   </trkpt>
   <trkpt lat="-8.6803140" lon="119.5566730">
    <ele>80.4</ele>
    <time>2023-09-27T00:05:30Z</time>
   </trkpt>
   <trkpt lat="-8.6803150" lon="119.5566750">
    <ele>80.4</ele>
    <time>2023-09-27T00:05:31Z</time>
   </trkpt>
   <trkpt lat="-8.6803160" lon="119.5566770">
    <ele>80.4</ele>
    <time>2023-09-27T00:05:32Z</time>
   </trkpt>
   <trkpt lat="-8.6803170" lon="119.5566790">
    <ele>80.4</ele>
    <time>2023-09-27T00:05:33Z</time>
   </trkpt>
   <trkpt lat="-8.6803170" lon="119.5566810">
    <ele>80.4</ele>
    <time>2023-09-27T00:05:34Z</time>
   </trkpt>
   <trkpt lat="-8.6803180" lon="119.5566830">
    <ele>80.4</ele>
    <time>2023-09-27T00:05:35Z</time>
   </trkpt>
   <trkpt lat="-8.6803190" lon="119.5566850">
    <ele>80.4</ele>
    <time>2023-09-27T00:05:36Z</time>
   </trkpt>
   <trkpt lat="-8.6803200" lon="119.5566870">
    <ele>80.4</ele>
    <time>2023-09-27T00:05:37Z</time>
   </trkpt>
   <trkpt lat="-8.6803210" lon="119.5566890">
    <ele>80.5</ele>
    <time>2023-09-27T00:05:38Z</time>
   </trkpt>
   <trkpt lat="-8.6803220" lon="119.5566900">
    <ele>80.5</ele>
    <time>2023-09-27T00:05:39Z</time>
   </trkpt>
   <trkpt lat="-8.6803230" lon="119.5566920">
    <ele>80.5</ele>
    <time>2023-09-27T00:05:40Z</time>
   </trkpt>
   <trkpt lat="-8.6803240" lon="119.5566940">
    <ele>80.5</ele>
    <time>2023-09-27T00:05:41Z</time>
   </trkpt>
   <trkpt lat="-8.6803240" lon="119.5566960">
    <ele>80.5</ele>
    <time>2023-09-27T00:05:42Z</time>
   </trkpt>
   <trkpt lat="-8.6803250" lon="119.5566980">
    <ele>80.5</ele>
    <time>2023-09-27T00:05:43Z</time>
   </trkpt>
   <trkpt lat="-8.6803260" lon="119.5567000">
    <ele>80.5</ele>
    <time>2023-09-27T00:05:44Z</time>
   </trkpt>
   <trkpt lat="-8.6803270" lon="119.5567020">
    <ele>80.5</ele>
    <time>2023-09-27T00:05:45Z</time>
   </trkpt>
   <trkpt lat="-8.6803280" lon="119.5567040">
    <ele>80.5</ele>
    <time>2023-09-27T00:05:46Z</time>
   </trkpt>
   <trkpt lat="-8.6803290" lon="119.5567060">
    <ele>80.6</ele>
    <time>2023-09-27T00:05:47Z</time>
   </trkpt>
   <trkpt lat="-8.6803300" lon="119.5567080">
    <ele>80.6</ele>
    <time>2023-09-27T00:05:48Z</time>
   </trkpt>
   <trkpt lat="-8.6803300" lon="119.5567100">
    <ele>80.6</ele>
    <time>2023-09-27T00:05:49Z</time>
   </trkpt>
   <trkpt lat="-8.6803310" lon="119.5567120">
    <ele>80.6</ele>
    <time>2023-09-27T00:05:50Z</time>
   </trkpt>
   <trkpt lat="-8.6803320" lon="119.5567140">
    <ele>80.6</ele>
    <time>2023-09-27T00:05:51Z</time>
   </trkpt>
   <trkpt lat="-8.6803280" lon="119.5567210">
    <ele>80.6</ele>
    <time>2023-09-27T00:05:52Z</time>
   </trkpt>
   <trkpt lat="-8.6803290" lon="119.5567150">
    <ele>80.7</ele>
    <time>2023-09-27T00:05:53Z</time>
   </trkpt>
   <trkpt lat="-8.6803280" lon="119.5567150">
    <ele>80.7</ele>
    <time>2023-09-27T00:05:54Z</time>
   </trkpt>
   <trkpt lat="-8.6803270" lon="119.5567110">
    <ele>80.7</ele>
    <time>2023-09-27T00:05:55Z</time>
   </trkpt>
   <trkpt lat="-8.6803210" lon="119.5567160">
    <ele>80.7</ele>
    <time>2023-09-27T00:05:56Z</time>
   </trkpt>
   <trkpt lat="-8.6803180" lon="119.5567140">
    <ele>80.8</ele>
    <time>2023-09-27T00:05:57Z</time>
   </trkpt>
   <trkpt lat="-8.6803190" lon="119.5567150">
    <ele>80.8</ele>
    <time>2023-09-27T00:05:58Z</time>
   </trkpt>
   <trkpt lat="-8.6803200" lon="119.5567190">
    <ele>80.8</ele>
    <time>2023-09-27T00:05:59Z</time>
   </trkpt>
   <trkpt lat="-8.6803280" lon="119.5567170">
    <ele>80.8</ele>
    <time>2023-09-27T00:06:00Z</time>
   </trkpt>
   <trkpt lat="-8.6803270" lon="119.5567230">
    <ele>80.9</ele>
    <time>2023-09-27T00:06:01Z</time>
   </trkpt>
   <trkpt lat="-8.6803290" lon="119.5567240">
    <ele>80.9</ele>
    <time>2023-09-27T00:06:02Z</time>
   </trkpt>
   <trkpt lat="-8.6803350" lon="119.5567250">
    <ele>80.9</ele>
    <time>2023-09-27T00:06:03Z</time>
   </trkpt>
   <trkpt lat="-8.6803350" lon="119.5567250">
    <ele>80.9</ele>
    <time>2023-09-27T00:06:04Z</time>
   </trkpt>
   <trkpt lat="-8.6803370" lon="119.5567220">
    <ele>80.9</ele>
    <time>2023-09-27T00:06:05Z</time>
   </trkpt>
   <trkpt lat="-8.6803370" lon="119.5567230">
    <ele>80.9</ele>
    <time>2023-09-27T00:06:06Z</time>
   </trkpt>
   <trkpt lat="-8.6803430" lon="119.5567250">
    <ele>81.0</ele>
    <time>2023-09-27T00:06:07Z</time>
   </trkpt>
   <trkpt lat="-8.6803500" lon="119.5567270">
    <ele>81.0</ele>
    <time>2023-09-27T00:06:08Z</time>
   </trkpt>
   <trkpt lat="-8.6803600" lon="119.5567350">
    <ele>81.1</ele>
    <time>2023-09-27T00:06:09Z</time>
   </trkpt>
   <trkpt lat="-8.6803620" lon="119.5567340">
    <ele>81.1</ele>
    <time>2023-09-27T00:06:10Z</time>
   </trkpt>
   <trkpt lat="-8.6803620" lon="119.5567330">
    <ele>81.1</ele>
    <time>2023-09-27T00:06:11Z</time>
   </trkpt>
   <trkpt lat="-8.6803620" lon="119.5567330">
    <ele>81.1</ele>
    <time>2023-09-27T00:06:12Z</time>
   </trkpt>
   <trkpt lat="-8.6803620" lon="119.5567320">
    <ele>81.1</ele>
    <time>2023-09-27T00:06:13Z</time>
   </trkpt>
   <trkpt lat="-8.6803620" lon="119.5567310">
    <ele>81.1</ele>
    <time>2023-09-27T00:06:14Z</time>
   </trkpt>
   <trkpt lat="-8.6803620" lon="119.5567310">
    <ele>81.1</ele>
    <time>2023-09-27T00:06:15Z</time>
   </trkpt>
   <trkpt lat="-8.6803620" lon="119.5567300">
    <ele>81.1</ele>
    <time>2023-09-27T00:06:16Z</time>
   </trkpt>
   <trkpt lat="-8.6803620" lon="119.5567300">
    <ele>81.1</ele>
    <time>2023-09-27T00:06:17Z</time>
   </trkpt>
   <trkpt lat="-8.6803620" lon="119.5567290">
    <ele>81.1</ele>
    <time>2023-09-27T00:06:18Z</time>
   </trkpt>
   <trkpt lat="-8.6803620" lon="119.5567280">
    <ele>81.1</ele>
    <time>2023-09-27T00:06:19Z</time>
   </trkpt>
   <trkpt lat="-8.6803620" lon="119.5567280">
    <ele>81.1</ele>
    <time>2023-09-27T00:06:20Z</time>
   </trkpt>
   <trkpt lat="-8.6803620" lon="119.5567270">
    <ele>81.1</ele>
    <time>2023-09-27T00:06:21Z</time>
   </trkpt>
   <trkpt lat="-8.6803620" lon="119.5567270">
    <ele>81.1</ele>
    <time>2023-09-27T00:06:22Z</time>
   </trkpt>
   <trkpt lat="-8.6803620" lon="119.5567260">
    <ele>81.1</ele>
    <time>2023-09-27T00:06:23Z</time>
   </trkpt>
   <trkpt lat="-8.6803620" lon="119.5567260">
    <ele>81.1</ele>
    <time>2023-09-27T00:06:24Z</time>
   </trkpt>
   <trkpt lat="-8.6803620" lon="119.5567250">
    <ele>81.1</ele>
    <time>2023-09-27T00:06:25Z</time>
   </trkpt>
   <trkpt lat="-8.6803620" lon="119.5567240">
    <ele>81.1</ele>
    <time>2023-09-27T00:06:26Z</time>
   </trkpt>
   <trkpt lat="-8.6803620" lon="119.5567240">
    <ele>81.1</ele>
    <time>2023-09-27T00:06:27Z</time>
   </trkpt>
   <trkpt lat="-8.6803620" lon="119.5567230">
    <ele>81.1</ele>
    <time>2023-09-27T00:06:28Z</time>
   </trkpt>
   <trkpt lat="-8.6803620" lon="119.5567230">
    <ele>81.1</ele>
    <time>2023-09-27T00:06:29Z</time>
   </trkpt>
   <trkpt lat="-8.6803620" lon="119.5567220">
    <ele>81.1</ele>
    <time>2023-09-27T00:06:30Z</time>
   </trkpt>
   <trkpt lat="-8.6803620" lon="119.5567210">
    <ele>81.1</ele>
    <time>2023-09-27T00:06:31Z</time>
   </trkpt>
   <trkpt lat="-8.6803620" lon="119.5567210">
    <ele>81.1</ele>
    <time>2023-09-27T00:06:32Z</time>
   </trkpt>
   <trkpt lat="-8.6803620" lon="119.5567200">
    <ele>81.1</ele>
    <time>2023-09-27T00:06:33Z</time>
   </trkpt>
   <trkpt lat="-8.6803630" lon="119.5567200">
    <ele>81.2</ele>
    <time>2023-09-27T00:06:34Z</time>
   </trkpt>
   <trkpt lat="-8.6803630" lon="119.5567190">
    <ele>81.2</ele>
    <time>2023-09-27T00:06:35Z</time>
   </trkpt>
   <trkpt lat="-8.6803630" lon="119.5567190">
    <ele>81.2</ele>
    <time>2023-09-27T00:06:36Z</time>
   </trkpt>
   <trkpt lat="-8.6803630" lon="119.5567180">
    <ele>81.2</ele>
    <time>2023-09-27T00:06:37Z</time>
   </trkpt>
   <trkpt lat="-8.6803630" lon="119.5567170">
    <ele>81.2</ele>
    <time>2023-09-27T00:06:38Z</time>
   </trkpt>
   <trkpt lat="-8.6803630" lon="119.5567170">
    <ele>81.2</ele>
    <time>2023-09-27T00:06:39Z</time>
   </trkpt>
   <trkpt lat="-8.6803630" lon="119.5567160">
    <ele>81.2</ele>
    <time>2023-09-27T00:06:40Z</time>
   </trkpt>
   <trkpt lat="-8.6803630" lon="119.5567160">
    <ele>81.2</ele>
    <time>2023-09-27T00:06:41Z</time>
   </trkpt>
   <trkpt lat="-8.6803630" lon="119.5567150">
    <ele>81.2</ele>
    <time>2023-09-27T00:06:42Z</time>
   </trkpt>
   <trkpt lat="-8.6803630" lon="119.5567140">
    <ele>81.2</ele>
    <time>2023-09-27T00:06:43Z</time>
   </trkpt>
   <trkpt lat="-8.6803630" lon="119.5567140">
    <ele>81.2</ele>
    <time>2023-09-27T00:06:44Z</time>
   </trkpt>
   <trkpt lat="-8.6803630" lon="119.5567130">
    <ele>81.2</ele>
    <time>2023-09-27T00:06:45Z</time>
   </trkpt>
   <trkpt lat="-8.6803630" lon="119.5567130">
    <ele>81.2</ele>
    <time>2023-09-27T00:06:46Z</time>
   </trkpt>
   <trkpt lat="-8.6803630" lon="119.5567120">
    <ele>81.2</ele>
    <time>2023-09-27T00:06:47Z</time>
   </trkpt>
   <trkpt lat="-8.6803630" lon="119.5567120">
    <ele>81.2</ele>
    <time>2023-09-27T00:06:48Z</time>
   </trkpt>
   <trkpt lat="-8.6803630" lon="119.5567110">
    <ele>81.2</ele>
    <time>2023-09-27T00:06:49Z</time>
   </trkpt>
   <trkpt lat="-8.6803630" lon="119.5567100">
    <ele>81.2</ele>
    <time>2023-09-27T00:06:50Z</time>
   </trkpt>
   <trkpt lat="-8.6803630" lon="119.5567100">
    <ele>81.2</ele>
    <time>2023-09-27T00:06:51Z</time>
   </trkpt>
   <trkpt lat="-8.6803630" lon="119.5567090">
    <ele>81.2</ele>
    <time>2023-09-27T00:06:52Z</time>
   </trkpt>
   <trkpt lat="-8.6803630" lon="119.5567090">
    <ele>81.2</ele>
    <time>2023-09-27T00:06:53Z</time>
   </trkpt>
   <trkpt lat="-8.6803630" lon="119.5567080">
    <ele>81.2</ele>
    <time>2023-09-27T00:06:54Z</time>
   </trkpt>
   <trkpt lat="-8.6803630" lon="119.5567070">
    <ele>81.2</ele>
    <time>2023-09-27T00:06:55Z</time>
   </trkpt>
   <trkpt lat="-8.6803630" lon="119.5567070">
    <ele>81.2</ele>
    <time>2023-09-27T00:06:56Z</time>
   </trkpt>
   <trkpt lat="-8.6803630" lon="119.5567060">
    <ele>81.2</ele>
    <time>2023-09-27T00:06:57Z</time>
   </trkpt>
   <trkpt lat="-8.6803630" lon="119.5567060">
    <ele>81.2</ele>
    <time>2023-09-27T00:06:58Z</time>
   </trkpt>
   <trkpt lat="-8.6803640" lon="119.5567050">
    <ele>81.2</ele>
    <time>2023-09-27T00:06:59Z</time>
   </trkpt>
   <trkpt lat="-8.6803640" lon="119.5567050">
    <ele>81.2</ele>
    <time>2023-09-27T00:07:00Z</time>
   </trkpt>
   <trkpt lat="-8.6803640" lon="119.5567040">
    <ele>81.2</ele>
    <time>2023-09-27T00:07:01Z</time>
   </trkpt>
   <trkpt lat="-8.6803640" lon="119.5567030">
    <ele>81.2</ele>
    <time>2023-09-27T00:07:02Z</time>
   </trkpt>
   <trkpt lat="-8.6803640" lon="119.5567030">
    <ele>81.2</ele>
    <time>2023-09-27T00:07:03Z</time>
   </trkpt>
   <trkpt lat="-8.6803640" lon="119.5567020">
    <ele>81.2</ele>
    <time>2023-09-27T00:07:04Z</time>
   </trkpt>
   <trkpt lat="-8.6803640" lon="119.5567020">
    <ele>81.2</ele>
    <time>2023-09-27T00:07:05Z</time>
   </trkpt>
   <trkpt lat="-8.6803640" lon="119.5567010">
    <ele>81.3</ele>
    <time>2023-09-27T00:07:06Z</time>
   </trkpt>
   <trkpt lat="-8.6803640" lon="119.5567000">
    <ele>81.3</ele>
    <time>2023-09-27T00:07:07Z</time>
   </trkpt>
   <trkpt lat="-8.6803640" lon="119.5567000">
    <ele>81.3</ele>
    <time>2023-09-27T00:07:08Z</time>
   </trkpt>
   <trkpt lat="-8.6803640" lon="119.5566990">
    <ele>81.3</ele>
    <time>2023-09-27T00:07:09Z</time>
   </trkpt>
   <trkpt lat="-8.6803640" lon="119.5566990">
    <ele>81.3</ele>
    <time>2023-09-27T00:07:10Z</time>
   </trkpt>
   <trkpt lat="-8.6803640" lon="119.5566980">
    <ele>81.3</ele>
    <time>2023-09-27T00:07:11Z</time>
   </trkpt>
   <trkpt lat="-8.6803640" lon="119.5566980">
    <ele>81.3</ele>
    <time>2023-09-27T00:07:12Z</time>
   </trkpt>
   <trkpt lat="-8.6803640" lon="119.5566970">
    <ele>81.3</ele>
    <time>2023-09-27T00:07:13Z</time>
   </trkpt>
   <trkpt lat="-8.6803640" lon="119.5566960">
    <ele>81.3</ele>
    <time>2023-09-27T00:07:14Z</time>
   </trkpt>
   <trkpt lat="-8.6803640" lon="119.5566960">
    <ele>81.3</ele>
    <time>2023-09-27T00:07:15Z</time>
   </trkpt>
   <trkpt lat="-8.6803640" lon="119.5566950">
    <ele>81.3</ele>
    <time>2023-09-27T00:07:16Z</time>
   </trkpt>
   <trkpt lat="-8.6803640" lon="119.5566950">
    <ele>81.3</ele>
    <time>2023-09-27T00:07:17Z</time>
   </trkpt>
   <trkpt lat="-8.6803640" lon="119.5566940">
    <ele>81.3</ele>
    <time>2023-09-27T00:07:18Z</time>
   </trkpt>
   <trkpt lat="-8.6803640" lon="119.5566930">
    <ele>81.3</ele>
    <time>2023-09-27T00:07:19Z</time>
   </trkpt>
   <trkpt lat="-8.6803640" lon="119.5566930">
    <ele>81.3</ele>
    <time>2023-09-27T00:07:20Z</time>
   </trkpt>
   <trkpt lat="-8.6803640" lon="119.5566920">
    <ele>81.3</ele>
    <time>2023-09-27T00:07:21Z</time>
   </trkpt>
   <trkpt lat="-8.6803640" lon="119.5566920">
    <ele>81.3</ele>
    <time>2023-09-27T00:07:22Z</time>
   </trkpt>
   <trkpt lat="-8.6803640" lon="119.5566910">
    <ele>81.3</ele>
    <time>2023-09-27T00:07:23Z</time>
   </trkpt>
   <trkpt lat="-8.6803640" lon="119.5566910">
    <ele>81.3</ele>
    <time>2023-09-27T00:07:24Z</time>
   </trkpt>
   <trkpt lat="-8.6803650" lon="119.5566900">
    <ele>81.3</ele>
    <time>2023-09-27T00:07:25Z</time>
   </trkpt>
   <trkpt lat="-8.6803650" lon="119.5566890">
    <ele>81.3</ele>
    <time>2023-09-27T00:07:26Z</time>
   </trkpt>
   <trkpt lat="-8.6803650" lon="119.5566890">
    <ele>81.3</ele>
    <time>2023-09-27T00:07:27Z</time>
   </trkpt>
   <trkpt lat="-8.6803650" lon="119.5566880">
    <ele>81.3</ele>
    <time>2023-09-27T00:07:28Z</time>
   </trkpt>
   <trkpt lat="-8.6803650" lon="119.5566880">
    <ele>81.3</ele>
    <time>2023-09-27T00:07:29Z</time>
   </trkpt>
   <trkpt lat="-8.6803650" lon="119.5566870">
    <ele>81.3</ele>
    <time>2023-09-27T00:07:30Z</time>
   </trkpt>
   <trkpt lat="-8.6803650" lon="119.5566860">
    <ele>81.3</ele>
    <time>2023-09-27T00:07:31Z</time>
   </trkpt>
   <trkpt lat="-8.6803650" lon="119.5566860">
    <ele>81.3</ele>
    <time>2023-09-27T00:07:32Z</time>
   </trkpt>
   <trkpt lat="-8.6803650" lon="119.5566850">
    <ele>81.3</ele>
    <time>2023-09-27T00:07:33Z</time>
   </trkpt>
   <trkpt lat="-8.6803650" lon="119.5566850">
    <ele>81.3</ele>
    <time>2023-09-27T00:07:34Z</time>
   </trkpt>
   <trkpt lat="-8.6803650" lon="119.5566840">
    <ele>81.3</ele>
    <time>2023-09-27T00:07:35Z</time>
   </trkpt>
   <trkpt lat="-8.6803650" lon="119.5566840">
    <ele>81.3</ele>
    <time>2023-09-27T00:07:36Z</time>
   </trkpt>
   <trkpt lat="-8.6803600" lon="119.5566900">
    <ele>81.4</ele>
    <time>2023-09-27T00:07:37Z</time>
   </trkpt>
   <trkpt lat="-8.6803590" lon="119.5566900">
    <ele>81.4</ele>
    <time>2023-09-27T00:07:38Z</time>
   </trkpt>
   <trkpt lat="-8.6803580" lon="119.5566910">
    <ele>81.4</ele>
    <time>2023-09-27T00:07:39Z</time>
   </trkpt>
   <trkpt lat="-8.6803570" lon="119.5566910">
    <ele>81.4</ele>
    <time>2023-09-27T00:07:40Z</time>
   </trkpt>
   <trkpt lat="-8.6803560" lon="119.5566910">
    <ele>81.4</ele>
    <time>2023-09-27T00:07:41Z</time>
   </trkpt>
   <trkpt lat="-8.6803550" lon="119.5566920">
    <ele>81.4</ele>
    <time>2023-09-27T00:07:42Z</time>
   </trkpt>
   <trkpt lat="-8.6803540" lon="119.5566920">
    <ele>81.4</ele>
    <time>2023-09-27T00:07:43Z</time>
   </trkpt>
   <trkpt lat="-8.6803530" lon="119.5566920">
    <ele>81.4</ele>
    <time>2023-09-27T00:07:44Z</time>
   </trkpt>
   <trkpt lat="-8.6803520" lon="119.5566930">
    <ele>81.4</ele>
    <time>2023-09-27T00:07:45Z</time>
   </trkpt>
   <trkpt lat="-8.6803510" lon="119.5566930">
    <ele>81.4</ele>
    <time>2023-09-27T00:07:46Z</time>
   </trkpt>
   <trkpt lat="-8.6803500" lon="119.5566930">
    <ele>81.4</ele>
    <time>2023-09-27T00:07:47Z</time>
   </trkpt>
   <trkpt lat="-8.6803490" lon="119.5566940">
    <ele>81.4</ele>
    <time>2023-09-27T00:07:48Z</time>
   </trkpt>
   <trkpt lat="-8.6803480" lon="119.5566940">
    <ele>81.5</ele>
    <time>2023-09-27T00:07:49Z</time>
   </trkpt>
   <trkpt lat="-8.6803480" lon="119.5566950">
    <ele>81.5</ele>
    <time>2023-09-27T00:07:50Z</time>
   </trkpt>
   <trkpt lat="-8.6803470" lon="119.5566950">
    <ele>81.5</ele>
    <time>2023-09-27T00:07:51Z</time>
   </trkpt>
   <trkpt lat="-8.6803460" lon="119.5566950">
    <ele>81.5</ele>
    <time>2023-09-27T00:07:52Z</time>
   </trkpt>
   <trkpt lat="-8.6803450" lon="119.5566960">
    <ele>81.5</ele>
    <time>2023-09-27T00:07:53Z</time>
   </trkpt>
   <trkpt lat="-8.6803440" lon="119.5566960">
    <ele>81.5</ele>
    <time>2023-09-27T00:07:54Z</time>
   </trkpt>
   <trkpt lat="-8.6803430" lon="119.5566960">
    <ele>81.5</ele>
    <time>2023-09-27T00:07:55Z</time>
   </trkpt>
   <trkpt lat="-8.6803420" lon="119.5566970">
    <ele>81.5</ele>
    <time>2023-09-27T00:07:56Z</time>
   </trkpt>
   <trkpt lat="-8.6803410" lon="119.5566970">
    <ele>81.5</ele>
    <time>2023-09-27T00:07:57Z</time>
   </trkpt>
   <trkpt lat="-8.6803400" lon="119.5566970">
    <ele>81.5</ele>
    <time>2023-09-27T00:07:58Z</time>
   </trkpt>
   <trkpt lat="-8.6803390" lon="119.5566980">
    <ele>81.5</ele>
    <time>2023-09-27T00:07:59Z</time>
   </trkpt>
   <trkpt lat="-8.6803380" lon="119.5566980">
    <ele>81.5</ele>
    <time>2023-09-27T00:08:00Z</time>
   </trkpt>
   <trkpt lat="-8.6803370" lon="119.5566990">
    <ele>81.5</ele>
    <time>2023-09-27T00:08:01Z</time>
   </trkpt>
   <trkpt lat="-8.6803360" lon="119.5566990">
    <ele>81.5</ele>
    <time>2023-09-27T00:08:02Z</time>
   </trkpt>
   <trkpt lat="-8.6803350" lon="119.5566990">
    <ele>81.5</ele>
    <time>2023-09-27T00:08:03Z</time>
   </trkpt>
   <trkpt lat="-8.6803350" lon="119.5567000">
    <ele>81.5</ele>
    <time>2023-09-27T00:08:04Z</time>
   </trkpt>
   <trkpt lat="-8.6803340" lon="119.5567000">
    <ele>81.5</ele>
    <time>2023-09-27T00:08:05Z</time>
   </trkpt>
   <trkpt lat="-8.6803330" lon="119.5567000">
    <ele>81.5</ele>
    <time>2023-09-27T00:08:06Z</time>
   </trkpt>
   <trkpt lat="-8.6803320" lon="119.5567010">
    <ele>81.6</ele>
    <time>2023-09-27T00:08:07Z</time>
   </trkpt>
   <trkpt lat="-8.6803310" lon="119.5567010">
    <ele>81.6</ele>
    <time>2023-09-27T00:08:08Z</time>
   </trkpt>
   <trkpt lat="-8.6803300" lon="119.5567010">
    <ele>81.6</ele>
    <time>2023-09-27T00:08:09Z</time>
   </trkpt>
   <trkpt lat="-8.6803290" lon="119.5567020">
    <ele>81.6</ele>
    <time>2023-09-27T00:08:10Z</time>
   </trkpt>
   <trkpt lat="-8.6803280" lon="119.5567020">
    <ele>81.6</ele>
    <time>2023-09-27T00:08:11Z</time>
   </trkpt>
   <trkpt lat="-8.6803270" lon="119.5567030">
    <ele>81.6</ele>
    <time>2023-09-27T00:08:12Z</time>
   </trkpt>
   <trkpt lat="-8.6803260" lon="119.5567030">
    <ele>81.6</ele>
    <time>2023-09-27T00:08:13Z</time>
   </trkpt>
   <trkpt lat="-8.6803250" lon="119.5567030">
    <ele>81.6</ele>
    <time>2023-09-27T00:08:14Z</time>
   </trkpt>
   <trkpt lat="-8.6803240" lon="119.5567040">
    <ele>81.6</ele>
    <time>2023-09-27T00:08:15Z</time>
   </trkpt>
   <trkpt lat="-8.6803230" lon="119.5567040">
    <ele>81.6</ele>
    <time>2023-09-27T00:08:16Z</time>
   </trkpt>
   <trkpt lat="-8.6803220" lon="119.5567040">
    <ele>81.6</ele>
    <time>2023-09-27T00:08:17Z</time>
   </trkpt>
   <trkpt lat="-8.6803210" lon="119.5567050">
    <ele>81.6</ele>
    <time>2023-09-27T00:08:18Z</time>
   </trkpt>
   <trkpt lat="-8.6803210" lon="119.5567050">
    <ele>81.6</ele>
    <time>2023-09-27T00:08:19Z</time>
   </trkpt>
   <trkpt lat="-8.6803200" lon="119.5567050">
    <ele>81.6</ele>
    <time>2023-09-27T00:08:20Z</time>
   </trkpt>
   <trkpt lat="-8.6803190" lon="119.5567060">
    <ele>81.6</ele>
    <time>2023-09-27T00:08:21Z</time>
   </trkpt>
   <trkpt lat="-8.6803180" lon="119.5567060">
    <ele>81.6</ele>
    <time>2023-09-27T00:08:22Z</time>
   </trkpt>
   <trkpt lat="-8.6803170" lon="119.5567070">
    <ele>81.6</ele>
    <time>2023-09-27T00:08:23Z</time>
   </trkpt>
   <trkpt lat="-8.6803160" lon="119.5567070">
    <ele>81.7</ele>
    <time>2023-09-27T00:08:24Z</time>
   </trkpt>
   <trkpt lat="-8.6803150" lon="119.5567070">
    <ele>81.7</ele>
    <time>2023-09-27T00:08:25Z</time>
   </trkpt>
   <trkpt lat="-8.6803140" lon="119.5567080">
    <ele>81.7</ele>
    <time>2023-09-27T00:08:26Z</time>
   </trkpt>
   <trkpt lat="-8.6803130" lon="119.5567080">
    <ele>81.7</ele>
    <time>2023-09-27T00:08:27Z</time>
   </trkpt>
   <trkpt lat="-8.6803120" lon="119.5567080">
    <ele>81.7</ele>
    <time>2023-09-27T00:08:28Z</time>
   </trkpt>
   <trkpt lat="-8.6803110" lon="119.5567090">
    <ele>81.7</ele>
    <time>2023-09-27T00:08:29Z</time>
   </trkpt>
   <trkpt lat="-8.6803100" lon="119.5567090">
    <ele>81.7</ele>
    <time>2023-09-27T00:08:30Z</time>
   </trkpt>
   <trkpt lat="-8.6803090" lon="119.5567090">
    <ele>81.7</ele>
    <time>2023-09-27T00:08:31Z</time>
   </trkpt>
   <trkpt lat="-8.6803080" lon="119.5567100">
    <ele>81.7</ele>
    <time>2023-09-27T00:08:32Z</time>
   </trkpt>
   <trkpt lat="-8.6803070" lon="119.5567100">
    <ele>81.7</ele>
    <time>2023-09-27T00:08:33Z</time>
   </trkpt>
   <trkpt lat="-8.6803070" lon="119.5567100">
    <ele>81.7</ele>
    <time>2023-09-27T00:08:34Z</time>
   </trkpt>
   <trkpt lat="-8.6803060" lon="119.5567110">
    <ele>81.7</ele>
    <time>2023-09-27T00:08:35Z</time>
   </trkpt>
   <trkpt lat="-8.6803050" lon="119.5567110">
    <ele>81.7</ele>
    <time>2023-09-27T00:08:36Z</time>
   </trkpt>
   <trkpt lat="-8.6803040" lon="119.5567120">
    <ele>81.7</ele>
    <time>2023-09-27T00:08:37Z</time>
   </trkpt>
   <trkpt lat="-8.6803030" lon="119.5567120">
    <ele>81.7</ele>
    <time>2023-09-27T00:08:38Z</time>
   </trkpt>
   <trkpt lat="-8.6803020" lon="119.5567120">
    <ele>81.7</ele>
    <time>2023-09-27T00:08:39Z</time>
   </trkpt>
   <trkpt lat="-8.6803020" lon="119.5567150">
    <ele>81.7</ele>
    <time>2023-09-27T00:08:40Z</time>
   </trkpt>
   <trkpt lat="-8.6803010" lon="119.5567120">
    <ele>81.8</ele>
    <time>2023-09-27T00:08:41Z</time>
   </trkpt>
   <trkpt lat="-8.6802980" lon="119.5567150">
    <ele>81.8</ele>
    <time>2023-09-27T00:08:42Z</time>
   </trkpt>
   <trkpt lat="-8.6802970" lon="119.5567140">
    <ele>81.8</ele>
    <time>2023-09-27T00:08:43Z</time>
   </trkpt>
   <trkpt lat="-8.6803020" lon="119.5567120">
    <ele>81.8</ele>
    <time>2023-09-27T00:08:44Z</time>
   </trkpt>
   <trkpt lat="-8.6803020" lon="119.5567100">
    <ele>81.8</ele>
    <time>2023-09-27T00:08:45Z</time>
   </trkpt>
   <trkpt lat="-8.6803030" lon="119.5567090">
    <ele>81.8</ele>
    <time>2023-09-27T00:08:46Z</time>
   </trkpt>
   <trkpt lat="-8.6803060" lon="119.5567060">
    <ele>81.9</ele>
    <time>2023-09-27T00:08:47Z</time>
   </trkpt>
   <trkpt lat="-8.6803030" lon="119.5567070">
    <ele>81.9</ele>
    <time>2023-09-27T00:08:48Z</time>
   </trkpt>
   <trkpt lat="-8.6803030" lon="119.5567080">
    <ele>81.9</ele>
    <time>2023-09-27T00:08:49Z</time>
   </trkpt>
   <trkpt lat="-8.6803130" lon="119.5567320">
    <ele>82.0</ele>
    <time>2023-09-27T00:08:50Z</time>
   </trkpt>
   <trkpt lat="-8.6803120" lon="119.5567110">
    <ele>82.1</ele>
    <time>2023-09-27T00:08:51Z</time>
   </trkpt>
   <trkpt lat="-8.6803060" lon="119.5567110">
    <ele>82.2</ele>
    <time>2023-09-27T00:08:52Z</time>
   </trkpt>
   <trkpt lat="-8.6803050" lon="119.5567100">
    <ele>82.2</ele>
    <time>2023-09-27T00:08:53Z</time>
   </trkpt>
   <trkpt lat="-8.6803010" lon="119.5567090">
    <ele>82.2</ele>
    <time>2023-09-27T00:08:54Z</time>
   </trkpt>
   <trkpt lat="-8.6803040" lon="119.5567060">
    <ele>82.2</ele>
    <time>2023-09-27T00:08:55Z</time>
   </trkpt>
   <trkpt lat="-8.6803000" lon="119.5567060">
    <ele>82.2</ele>
    <time>2023-09-27T00:08:56Z</time>
   </trkpt>
   <trkpt lat="-8.6803010" lon="119.5567050">
    <ele>82.2</ele>
    <time>2023-09-27T00:08:57Z</time>
   </trkpt>
   <trkpt lat="-8.6803010" lon="119.5567050">
    <ele>82.2</ele>
    <time>2023-09-27T00:08:58Z</time>
   </trkpt>
   <trkpt lat="-8.6803010" lon="119.5567050">
    <ele>82.2</ele>
    <time>2023-09-27T00:08:59Z</time>
   </trkpt>
   <trkpt lat="-8.6803010" lon="119.5567050">
    <ele>82.2</ele>
    <time>2023-09-27T00:09:00Z</time>
   </trkpt>
   <trkpt lat="-8.6803010" lon="119.5567050">
    <ele>82.2</ele>
    <time>2023-09-27T00:09:01Z</time>
   </trkpt>
   <trkpt lat="-8.6803010" lon="119.5567050">
    <ele>82.2</ele>
    <time>2023-09-27T00:09:02Z</time>
   </trkpt>
   <trkpt lat="-8.6803010" lon="119.5567050">
    <ele>82.2</ele>
    <time>2023-09-27T00:09:03Z</time>
   </trkpt>
   <trkpt lat="-8.6803010" lon="119.5567050">
    <ele>82.2</ele>
    <time>2023-09-27T00:09:04Z</time>
   </trkpt>
   <trkpt lat="-8.6803010" lon="119.5567050">
    <ele>82.2</ele>
    <time>2023-09-27T00:09:05Z</time>
   </trkpt>
   <trkpt lat="-8.6802980" lon="119.5567060">
    <ele>82.3</ele>
    <time>2023-09-27T00:09:06Z</time>
   </trkpt>
   <trkpt lat="-8.6802960" lon="119.5567050">
    <ele>82.3</ele>
    <time>2023-09-27T00:09:07Z</time>
   </trkpt>
   <trkpt lat="-8.6802920" lon="119.5567070">
    <ele>82.3</ele>
    <time>2023-09-27T00:09:08Z</time>
   </trkpt>
   <trkpt lat="-8.6802950" lon="119.5567060">
    <ele>82.3</ele>
    <time>2023-09-27T00:09:09Z</time>
   </trkpt>
   <trkpt lat="-8.6802950" lon="119.5567060">
    <ele>82.3</ele>
    <time>2023-09-27T00:09:10Z</time>
   </trkpt>
   <trkpt lat="-8.6802950" lon="119.5567060">
    <ele>82.3</ele>
    <time>2023-09-27T00:09:11Z</time>
   </trkpt>
   <trkpt lat="-8.6802970" lon="119.5567040">
    <ele>82.3</ele>
    <time>2023-09-27T00:09:12Z</time>
   </trkpt>
   <trkpt lat="-8.6802960" lon="119.5567050">
    <ele>82.3</ele>
    <time>2023-09-27T00:09:13Z</time>
   </trkpt>
   <trkpt lat="-8.6802950" lon="119.5567030">
    <ele>82.3</ele>
    <time>2023-09-27T00:09:14Z</time>
   </trkpt>
   <trkpt lat="-8.6802950" lon="119.5567030">
    <ele>82.3</ele>
    <time>2023-09-27T00:09:15Z</time>
   </trkpt>
   <trkpt lat="-8.6802980" lon="119.5567030">
    <ele>82.4</ele>
    <time>2023-09-27T00:09:16Z</time>
   </trkpt>
   <trkpt lat="-8.6802980" lon="119.5567040">
    <ele>82.4</ele>
    <time>2023-09-27T00:09:17Z</time>
   </trkpt>
   <trkpt lat="-8.6802990" lon="119.5567030">
    <ele>82.4</ele>
    <time>2023-09-27T00:09:18Z</time>
   </trkpt>
   <trkpt lat="-8.6802980" lon="119.5567030">
    <ele>82.4</ele>
    <time>2023-09-27T00:09:19Z</time>
   </trkpt>
   <trkpt lat="-8.6802980" lon="119.5567030">
    <ele>82.4</ele>
    <time>2023-09-27T00:09:20Z</time>
   </trkpt>
   <trkpt lat="-8.6802990" lon="119.5567040">
    <ele>82.4</ele>
    <time>2023-09-27T00:09:21Z</time>
   </trkpt>
   <trkpt lat="-8.6802990" lon="119.5567040">
    <ele>82.4</ele>
    <time>2023-09-27T00:09:22Z</time>
   </trkpt>
   <trkpt lat="-8.6802990" lon="119.5567040">
    <ele>82.4</ele>
    <time>2023-09-27T00:09:23Z</time>
   </trkpt>
   <trkpt lat="-8.6802990" lon="119.5567040">
    <ele>82.4</ele>
    <time>2023-09-27T00:09:24Z</time>
   </trkpt>
   <trkpt lat="-8.6802980" lon="119.5567000">
    <ele>82.4</ele>
    <time>2023-09-27T00:09:25Z</time>
   </trkpt>
   <trkpt lat="-8.6802970" lon="119.5567000">
    <ele>82.4</ele>
    <time>2023-09-27T00:09:26Z</time>
   </trkpt>
   <trkpt lat="-8.6802960" lon="119.5567010">
    <ele>82.4</ele>
    <time>2023-09-27T00:09:27Z</time>
   </trkpt>
   <trkpt lat="-8.6802960" lon="119.5567010">
    <ele>82.4</ele>
    <time>2023-09-27T00:09:28Z</time>
   </trkpt>
   <trkpt lat="-8.6802960" lon="119.5567010">
    <ele>82.4</ele>
    <time>2023-09-27T00:09:29Z</time>
   </trkpt>
   <trkpt lat="-8.6802960" lon="119.5567010">
    <ele>82.4</ele>
    <time>2023-09-27T00:09:30Z</time>
   </trkpt>
   <trkpt lat="-8.6802950" lon="119.5567020">
    <ele>82.4</ele>
    <time>2023-09-27T00:09:31Z</time>
   </trkpt>
   <trkpt lat="-8.6802950" lon="119.5567010">
    <ele>82.4</ele>
    <time>2023-09-27T00:09:32Z</time>
   </trkpt>
   <trkpt lat="-8.6802940" lon="119.5567020">
    <ele>82.4</ele>
    <time>2023-09-27T00:09:33Z</time>
   </trkpt>
   <trkpt lat="-8.6802940" lon="119.5567020">
    <ele>82.4</ele>
    <time>2023-09-27T00:09:34Z</time>
   </trkpt>
   <trkpt lat="-8.6802940" lon="119.5567000">
    <ele>82.4</ele>
    <time>2023-09-27T00:09:35Z</time>
   </trkpt>
   <trkpt lat="-8.6802940" lon="119.5567000">
    <ele>82.4</ele>
    <time>2023-09-27T00:09:36Z</time>
   </trkpt>
   <trkpt lat="-8.6802940" lon="119.5567000">
    <ele>82.4</ele>
    <time>2023-09-27T00:09:37Z</time>
   </trkpt>
   <trkpt lat="-8.6802940" lon="119.5567000">
    <ele>82.4</ele>
    <time>2023-09-27T00:09:38Z</time>
   </trkpt>
   <trkpt lat="-8.6802960" lon="119.5566990">
    <ele>82.5</ele>
    <time>2023-09-27T00:09:39Z</time>
   </trkpt>
   <trkpt lat="-8.6802960" lon="119.5566990">
    <ele>82.5</ele>
    <time>2023-09-27T00:09:40Z</time>
   </trkpt>
   <trkpt lat="-8.6802980" lon="119.5566980">
    <ele>82.5</ele>
    <time>2023-09-27T00:09:41Z</time>
   </trkpt>
   <trkpt lat="-8.6802980" lon="119.5566980">
    <ele>82.5</ele>
    <time>2023-09-27T00:09:42Z</time>
   </trkpt>
   <trkpt lat="-8.6802980" lon="119.5566980">
    <ele>82.5</ele>
    <time>2023-09-27T00:09:43Z</time>
   </trkpt>
   <trkpt lat="-8.6803010" lon="119.5566960">
    <ele>82.5</ele>
    <time>2023-09-27T00:09:44Z</time>
   </trkpt>
   <trkpt lat="-8.6803070" lon="119.5566970">
    <ele>82.5</ele>
    <time>2023-09-27T00:09:45Z</time>
   </trkpt>
   <trkpt lat="-8.6803050" lon="119.5566970">
    <ele>82.5</ele>
    <time>2023-09-27T00:09:46Z</time>
   </trkpt>
   <trkpt lat="-8.6803060" lon="119.5566970">
    <ele>82.5</ele>
    <time>2023-09-27T00:09:47Z</time>
   </trkpt>
   <trkpt lat="-8.6803050" lon="119.5566980">
    <ele>82.5</ele>
    <time>2023-09-27T00:09:48Z</time>
   </trkpt>
   <trkpt lat="-8.6803060" lon="119.5567000">
    <ele>82.5</ele>
    <time>2023-09-27T00:09:49Z</time>
   </trkpt>
   <trkpt lat="-8.6803040" lon="119.5566970">
    <ele>82.6</ele>
    <time>2023-09-27T00:09:50Z</time>
   </trkpt>
   <trkpt lat="-8.6803040" lon="119.5566950">
    <ele>82.6</ele>
    <time>2023-09-27T00:09:51Z</time>
   </trkpt>
   <trkpt lat="-8.6803050" lon="119.5566940">
    <ele>82.6</ele>
    <time>2023-09-27T00:09:52Z</time>
   </trkpt>
   <trkpt lat="-8.6803040" lon="119.5566940">
    <ele>82.6</ele>
    <time>2023-09-27T00:09:53Z</time>
   </trkpt>
   <trkpt lat="-8.6803050" lon="119.5567000">
    <ele>82.6</ele>
    <time>2023-09-27T00:09:54Z</time>
   </trkpt>
   <trkpt lat="-8.6803060" lon="119.5567000">
    <ele>82.6</ele>
    <time>2023-09-27T00:09:55Z</time>
   </trkpt>
   <trkpt lat="-8.6803050" lon="119.5566990">
    <ele>82.6</ele>
    <time>2023-09-27T00:09:56Z</time>
   </trkpt>
   <trkpt lat="-8.6803030" lon="119.5566980">
    <ele>82.6</ele>
    <time>2023-09-27T00:09:57Z</time>
   </trkpt>
   <trkpt lat="-8.6803030" lon="119.5567000">
    <ele>82.7</ele>
    <time>2023-09-27T00:09:58Z</time>
   </trkpt>
   <trkpt lat="-8.6803030" lon="119.5567010">
    <ele>82.7</ele>
    <time>2023-09-27T00:09:59Z</time>
   </trkpt>
   <trkpt lat="-8.6803010" lon="119.5567010">
    <ele>82.7</ele>
    <time>2023-09-27T00:10:00Z</time>
   </trkpt>
   <trkpt lat="-8.6803020" lon="119.5567020">
    <ele>82.7</ele>
    <time>2023-09-27T00:10:01Z</time>
   </trkpt>
   <trkpt lat="-8.6803000" lon="119.5567010">
    <ele>82.7</ele>
    <time>2023-09-27T00:10:02Z</time>
   </trkpt>
   <trkpt lat="-8.6803000" lon="119.5567020">
    <ele>82.7</ele>
    <time>2023-09-27T00:10:03Z</time>
   </trkpt>
   <trkpt lat="-8.6803000" lon="119.5567040">
    <ele>82.7</ele>
    <time>2023-09-27T00:10:04Z</time>
   </trkpt>
   <trkpt lat="-8.6802990" lon="119.5567040">
    <ele>82.7</ele>
    <time>2023-09-27T00:10:05Z</time>
   </trkpt>
   <trkpt lat="-8.6802980" lon="119.5567050">
    <ele>82.7</ele>
    <time>2023-09-27T00:10:06Z</time>
   </trkpt>
   <trkpt lat="-8.6802960" lon="119.5567060">
    <ele>82.7</ele>
    <time>2023-09-27T00:10:07Z</time>
   </trkpt>
   <trkpt lat="-8.6802940" lon="119.5567060">
    <ele>82.7</ele>
    <time>2023-09-27T00:10:08Z</time>
   </trkpt>
   <trkpt lat="-8.6802930" lon="119.5567050">
    <ele>82.7</ele>
    <time>2023-09-27T00:10:09Z</time>
   </trkpt>
   <trkpt lat="-8.6802990" lon="119.5567060">
    <ele>82.8</ele>
    <time>2023-09-27T00:10:10Z</time>
   </trkpt>
   <trkpt lat="-8.6802950" lon="119.5567070">
    <ele>82.8</ele>
    <time>2023-09-27T00:10:11Z</time>
   </trkpt>
   <trkpt lat="-8.6802940" lon="119.5567080">
    <ele>82.8</ele>
    <time>2023-09-27T00:10:12Z</time>
   </trkpt>
   <trkpt lat="-8.6802950" lon="119.5567080">
    <ele>82.8</ele>
    <time>2023-09-27T00:10:13Z</time>
   </trkpt>
   <trkpt lat="-8.6802950" lon="119.5567070">
    <ele>82.8</ele>
    <time>2023-09-27T00:10:14Z</time>
   </trkpt>
   <trkpt lat="-8.6802950" lon="119.5567070">
    <ele>82.8</ele>
    <time>2023-09-27T00:10:15Z</time>
   </trkpt>
   <trkpt lat="-8.6802950" lon="119.5567070">
    <ele>82.8</ele>
    <time>2023-09-27T00:10:16Z</time>
   </trkpt>
   <trkpt lat="-8.6802940" lon="119.5567040">
    <ele>82.8</ele>
    <time>2023-09-27T00:10:17Z</time>
   </trkpt>
   <trkpt lat="-8.6802900" lon="119.5567080">
    <ele>82.9</ele>
    <time>2023-09-27T00:10:18Z</time>
   </trkpt>
   <trkpt lat="-8.6802940" lon="119.5567040">
    <ele>82.9</ele>
    <time>2023-09-27T00:10:19Z</time>
   </trkpt>
   <trkpt lat="-8.6802940" lon="119.5567030">
    <ele>82.9</ele>
    <time>2023-09-27T00:10:20Z</time>
   </trkpt>
   <trkpt lat="-8.6802940" lon="119.5567030">
    <ele>82.9</ele>
    <time>2023-09-27T00:10:21Z</time>
   </trkpt>
   <trkpt lat="-8.6802920" lon="119.5567030">
    <ele>82.9</ele>
    <time>2023-09-27T00:10:22Z</time>
   </trkpt>
   <trkpt lat="-8.6802940" lon="119.5567000">
    <ele>82.9</ele>
    <time>2023-09-27T00:10:23Z</time>
   </trkpt>
   <trkpt lat="-8.6802940" lon="119.5567000">
    <ele>82.9</ele>
    <time>2023-09-27T00:10:24Z</time>
   </trkpt>
   <trkpt lat="-8.6802940" lon="119.5567000">
    <ele>82.9</ele>
    <time>2023-09-27T00:10:25Z</time>
   </trkpt>
   <trkpt lat="-8.6802940" lon="119.5567000">
    <ele>82.9</ele>
    <time>2023-09-27T00:10:26Z</time>
   </trkpt>
   <trkpt lat="-8.6802940" lon="119.5567000">
    <ele>82.9</ele>
    <time>2023-09-27T00:10:27Z</time>
   </trkpt>
   <trkpt lat="-8.6802920" lon="119.5566970">
    <ele>82.9</ele>
    <time>2023-09-27T00:10:28Z</time>
   </trkpt>
   <trkpt lat="-8.6802920" lon="119.5566970">
    <ele>82.9</ele>
    <time>2023-09-27T00:10:29Z</time>
   </trkpt>
   <trkpt lat="-8.6802920" lon="119.5566970">
    <ele>82.9</ele>
    <time>2023-09-27T00:10:30Z</time>
   </trkpt>
   <trkpt lat="-8.6802920" lon="119.5566970">
    <ele>82.9</ele>
    <time>2023-09-27T00:10:31Z</time>
   </trkpt>
   <trkpt lat="-8.6802920" lon="119.5566970">
    <ele>82.9</ele>
    <time>2023-09-27T00:10:32Z</time>
   </trkpt>
   <trkpt lat="-8.6802910" lon="119.5566960">
    <ele>83.0</ele>
    <time>2023-09-27T00:10:33Z</time>
   </trkpt>
   <trkpt lat="-8.6802920" lon="119.5566970">
    <ele>83.0</ele>
    <time>2023-09-27T00:10:34Z</time>
   </trkpt>
   <trkpt lat="-8.6802950" lon="119.5567010">
    <ele>83.0</ele>
    <time>2023-09-27T00:10:35Z</time>
   </trkpt>
   <trkpt lat="-8.6802960" lon="119.5567010">
    <ele>83.0</ele>
    <time>2023-09-27T00:10:36Z</time>
   </trkpt>
   <trkpt lat="-8.6802970" lon="119.5567010">
    <ele>83.0</ele>
    <time>2023-09-27T00:10:37Z</time>
   </trkpt>
   <trkpt lat="-8.6802970" lon="119.5567010">
    <ele>83.0</ele>
    <time>2023-09-27T00:10:38Z</time>
   </trkpt>
   <trkpt lat="-8.6802970" lon="119.5567010">
    <ele>83.0</ele>
    <time>2023-09-27T00:10:39Z</time>
   </trkpt>
   <trkpt lat="-8.6802970" lon="119.5567010">
    <ele>83.0</ele>
    <time>2023-09-27T00:10:40Z</time>
   </trkpt>
   <trkpt lat="-8.6802970" lon="119.5567010">
    <ele>83.0</ele>
    <time>2023-09-27T00:10:41Z</time>
   </trkpt>
   <trkpt lat="-8.6802970" lon="119.5567010">
    <ele>83.0</ele>
    <time>2023-09-27T00:10:42Z</time>
   </trkpt>
   <trkpt lat="-8.6802970" lon="119.5567010">
    <ele>83.0</ele>
    <time>2023-09-27T00:10:43Z</time>
   </trkpt>
   <trkpt lat="-8.6802970" lon="119.5567010">
    <ele>83.0</ele>
    <time>2023-09-27T00:10:44Z</time>
   </trkpt>
   <trkpt lat="-8.6802990" lon="119.5566960">
    <ele>83.0</ele>
    <time>2023-09-27T00:10:45Z</time>
   </trkpt>
   <trkpt lat="-8.6802990" lon="119.5566960">
    <ele>83.0</ele>
    <time>2023-09-27T00:10:46Z</time>
   </trkpt>
   <trkpt lat="-8.6802990" lon="119.5566960">
    <ele>83.0</ele>
    <time>2023-09-27T00:10:47Z</time>
   </trkpt>
   <trkpt lat="-8.6803000" lon="119.5566970">
    <ele>83.0</ele>
    <time>2023-09-27T00:10:48Z</time>
   </trkpt>
   <trkpt lat="-8.6803000" lon="119.5566970">
    <ele>83.0</ele>
    <time>2023-09-27T00:10:49Z</time>
   </trkpt>
   <trkpt lat="-8.6803010" lon="119.5566970">
    <ele>83.0</ele>
    <time>2023-09-27T00:10:50Z</time>
   </trkpt>
   <trkpt lat="-8.6803030" lon="119.5566980">
    <ele>83.0</ele>
    <time>2023-09-27T00:10:51Z</time>
   </trkpt>
   <trkpt lat="-8.6803030" lon="119.5566990">
    <ele>83.1</ele>
    <time>2023-09-27T00:10:52Z</time>
   </trkpt>
   <trkpt lat="-8.6803040" lon="119.5566980">
    <ele>83.1</ele>
    <time>2023-09-27T00:10:53Z</time>
   </trkpt>
   <trkpt lat="-8.6803050" lon="119.5566980">
    <ele>83.1</ele>
    <time>2023-09-27T00:10:54Z</time>
   </trkpt>
   <trkpt lat="-8.6803050" lon="119.5566980">
    <ele>83.1</ele>
    <time>2023-09-27T00:10:55Z</time>
   </trkpt>
   <trkpt lat="-8.6803040" lon="119.5566970">
    <ele>83.1</ele>
    <time>2023-09-27T00:10:56Z</time>
   </trkpt>
   <trkpt lat="-8.6803030" lon="119.5566970">
    <ele>83.1</ele>
    <time>2023-09-27T00:10:57Z</time>
   </trkpt>
   <trkpt lat="-8.6803030" lon="119.5566970">
    <ele>83.1</ele>
    <time>2023-09-27T00:10:58Z</time>
   </trkpt>
   <trkpt lat="-8.6803000" lon="119.5566950">
    <ele>83.1</ele>
    <time>2023-09-27T00:10:59Z</time>
   </trkpt>
   <trkpt lat="-8.6803000" lon="119.5566950">
    <ele>83.1</ele>
    <time>2023-09-27T00:11:00Z</time>
   </trkpt>
   <trkpt lat="-8.6803010" lon="119.5566940">
    <ele>83.1</ele>
    <time>2023-09-27T00:11:01Z</time>
   </trkpt>
   <trkpt lat="-8.6803010" lon="119.5566940">
    <ele>83.1</ele>
    <time>2023-09-27T00:11:02Z</time>
   </trkpt>
   <trkpt lat="-8.6803010" lon="119.5566940">
    <ele>83.1</ele>
    <time>2023-09-27T00:11:03Z</time>
   </trkpt>
   <trkpt lat="-8.6803000" lon="119.5566940">
    <ele>83.1</ele>
    <time>2023-09-27T00:11:04Z</time>
   </trkpt>
   <trkpt lat="-8.6803000" lon="119.5566930">
    <ele>83.1</ele>
    <time>2023-09-27T00:11:05Z</time>
   </trkpt>
   <trkpt lat="-8.6803000" lon="119.5566950">
    <ele>83.1</ele>
    <time>2023-09-27T00:11:06Z</time>
   </trkpt>
   <trkpt lat="-8.6803000" lon="119.5566940">
    <ele>83.1</ele>
    <time>2023-09-27T00:11:07Z</time>
   </trkpt>
   <trkpt lat="-8.6802990" lon="119.5566930">
    <ele>83.1</ele>
    <time>2023-09-27T00:11:08Z</time>
   </trkpt>
   <trkpt lat="-8.6802990" lon="119.5566930">
    <ele>83.1</ele>
    <time>2023-09-27T00:11:09Z</time>
   </trkpt>
   <trkpt lat="-8.6802990" lon="119.5566930">
    <ele>83.1</ele>
    <time>2023-09-27T00:11:10Z</time>
   </trkpt>
   <trkpt lat="-8.6802990" lon="119.5566930">
    <ele>83.1</ele>
    <time>2023-09-27T00:11:11Z</time>
   </trkpt>
   <trkpt lat="-8.6802990" lon="119.5566930">
    <ele>83.1</ele>
    <time>2023-09-27T00:11:12Z</time>
   </trkpt>
   <trkpt lat="-8.6802990" lon="119.5566930">
    <ele>83.1</ele>
    <time>2023-09-27T00:11:13Z</time>
   </trkpt>
   <trkpt lat="-8.6802990" lon="119.5566930">
    <ele>83.1</ele>
    <time>2023-09-27T00:11:14Z</time>
   </trkpt>
   <trkpt lat="-8.6802990" lon="119.5566930">
    <ele>83.1</ele>
    <time>2023-09-27T00:11:15Z</time>
   </trkpt>
   <trkpt lat="-8.6803040" lon="119.5566940">
    <ele>83.2</ele>
    <time>2023-09-27T00:11:16Z</time>
   </trkpt>
   <trkpt lat="-8.6803040" lon="119.5566940">
    <ele>83.2</ele>
    <time>2023-09-27T00:11:17Z</time>
   </trkpt>
   <trkpt lat="-8.6803040" lon="119.5566940">
    <ele>83.2</ele>
    <time>2023-09-27T00:11:18Z</time>
   </trkpt>
   <trkpt lat="-8.6803040" lon="119.5566940">
    <ele>83.2</ele>
    <time>2023-09-27T00:11:19Z</time>
   </trkpt>
   <trkpt lat="-8.6803040" lon="119.5566940">
    <ele>83.2</ele>
    <time>2023-09-27T00:11:20Z</time>
   </trkpt>
   <trkpt lat="-8.6803040" lon="119.5566940">
    <ele>83.2</ele>
    <time>2023-09-27T00:11:21Z</time>
   </trkpt>
   <trkpt lat="-8.6803040" lon="119.5566940">
    <ele>83.2</ele>
    <time>2023-09-27T00:11:22Z</time>
   </trkpt>
   <trkpt lat="-8.6803040" lon="119.5566940">
    <ele>83.2</ele>
    <time>2023-09-27T00:11:23Z</time>
   </trkpt>
   <trkpt lat="-8.6803050" lon="119.5566940">
    <ele>83.2</ele>
    <time>2023-09-27T00:11:24Z</time>
   </trkpt>
   <trkpt lat="-8.6803040" lon="119.5566940">
    <ele>83.2</ele>
    <time>2023-09-27T00:11:25Z</time>
   </trkpt>
   <trkpt lat="-8.6803010" lon="119.5566940">
    <ele>83.2</ele>
    <time>2023-09-27T00:11:26Z</time>
   </trkpt>
   <trkpt lat="-8.6802980" lon="119.5566930">
    <ele>83.2</ele>
    <time>2023-09-27T00:11:27Z</time>
   </trkpt>
   <trkpt lat="-8.6802950" lon="119.5566930">
    <ele>83.2</ele>
    <time>2023-09-27T00:11:28Z</time>
   </trkpt>
   <trkpt lat="-8.6802940" lon="119.5566920">
    <ele>83.2</ele>
    <time>2023-09-27T00:11:29Z</time>
   </trkpt>
   <trkpt lat="-8.6802980" lon="119.5566920">
    <ele>83.2</ele>
    <time>2023-09-27T00:11:30Z</time>
   </trkpt>
   <trkpt lat="-8.6803060" lon="119.5566860">
    <ele>83.3</ele>
    <time>2023-09-27T00:11:31Z</time>
   </trkpt>
   <trkpt lat="-8.6803050" lon="119.5566900">
    <ele>83.3</ele>
    <time>2023-09-27T00:11:32Z</time>
   </trkpt>
   <trkpt lat="-8.6803030" lon="119.5566910">
    <ele>83.3</ele>
    <time>2023-09-27T00:11:33Z</time>
   </trkpt>
   <trkpt lat="-8.6803020" lon="119.5566890">
    <ele>83.3</ele>
    <time>2023-09-27T00:11:34Z</time>
   </trkpt>
   <trkpt lat="-8.6803020" lon="119.5566890">
    <ele>83.3</ele>
    <time>2023-09-27T00:11:35Z</time>
   </trkpt>
   <trkpt lat="-8.6803030" lon="119.5566850">
    <ele>83.4</ele>
    <time>2023-09-27T00:11:36Z</time>
   </trkpt>
   <trkpt lat="-8.6803040" lon="119.5566860">
    <ele>83.4</ele>
    <time>2023-09-27T00:11:37Z</time>
   </trkpt>
   <trkpt lat="-8.6803050" lon="119.5566840">
    <ele>83.4</ele>
    <time>2023-09-27T00:11:38Z</time>
   </trkpt>
   <trkpt lat="-8.6803080" lon="119.5566840">
    <ele>83.4</ele>
    <time>2023-09-27T00:11:39Z</time>
   </trkpt>
   <trkpt lat="-8.6803120" lon="119.5566730">
    <ele>83.5</ele>
    <time>2023-09-27T00:11:40Z</time>
   </trkpt>
   <trkpt lat="-8.6803090" lon="119.5566770">
    <ele>83.5</ele>
    <time>2023-09-27T00:11:41Z</time>
   </trkpt>
   <trkpt lat="-8.6803110" lon="119.5566800">
    <ele>83.5</ele>
    <time>2023-09-27T00:11:42Z</time>
   </trkpt>
   <trkpt lat="-8.6803130" lon="119.5566840">
    <ele>83.5</ele>
    <time>2023-09-27T00:11:43Z</time>
   </trkpt>
   <trkpt lat="-8.6803250" lon="119.5566600">
    <ele>83.7</ele>
    <time>2023-09-27T00:11:44Z</time>
   </trkpt>
   <trkpt lat="-8.6803280" lon="119.5566720">
    <ele>83.7</ele>
    <time>2023-09-27T00:11:45Z</time>
   </trkpt>
   <trkpt lat="-8.6803230" lon="119.5566740">
    <ele>83.8</ele>
    <time>2023-09-27T00:11:46Z</time>
   </trkpt>
   <trkpt lat="-8.6803290" lon="119.5566770">
    <ele>83.8</ele>
    <time>2023-09-27T00:11:47Z</time>
   </trkpt>
   <trkpt lat="-8.6803310" lon="119.5566810">
    <ele>83.8</ele>
    <time>2023-09-27T00:11:48Z</time>
   </trkpt>
   <trkpt lat="-8.6803340" lon="119.5566860">
    <ele>83.8</ele>
    <time>2023-09-27T00:11:49Z</time>
   </trkpt>
   <trkpt lat="-8.6803390" lon="119.5566820">
    <ele>83.9</ele>
    <time>2023-09-27T00:11:50Z</time>
   </trkpt>
   <trkpt lat="-8.6803470" lon="119.5566810">
    <ele>83.9</ele>
    <time>2023-09-27T00:11:51Z</time>
   </trkpt>
   <trkpt lat="-8.6803470" lon="119.5566780">
    <ele>83.9</ele>
    <time>2023-09-27T00:11:52Z</time>
   </trkpt>
   <trkpt lat="-8.6803480" lon="119.5566780">
    <ele>83.9</ele>
    <time>2023-09-27T00:11:53Z</time>
   </trkpt>
   <trkpt lat="-8.6803560" lon="119.5566830">
    <ele>84.0</ele>
    <time>2023-09-27T00:11:54Z</time>
   </trkpt>
   <trkpt lat="-8.6803610" lon="119.5566850">
    <ele>84.0</ele>
    <time>2023-09-27T00:11:55Z</time>
   </trkpt>
   <trkpt lat="-8.6803680" lon="119.5566830">
    <ele>84.1</ele>
    <time>2023-09-27T00:11:56Z</time>
   </trkpt>
   <trkpt lat="-8.6803600" lon="119.5566930">
    <ele>84.1</ele>
    <time>2023-09-27T00:11:57Z</time>
   </trkpt>
   <trkpt lat="-8.6803680" lon="119.5566930">
    <ele>84.2</ele>
    <time>2023-09-27T00:11:58Z</time>
   </trkpt>
   <trkpt lat="-8.6803680" lon="119.5566930">
    <ele>84.2</ele>
    <time>2023-09-27T00:11:59Z</time>
   </trkpt>
   <trkpt lat="-8.6803700" lon="119.5567030">
    <ele>84.2</ele>
    <time>2023-09-27T00:12:00Z</time>
   </trkpt>
   <trkpt lat="-8.6803760" lon="119.5567070">
    <ele>84.3</ele>
    <time>2023-09-27T00:12:01Z</time>
   </trkpt>
   <trkpt lat="-8.6803770" lon="119.5567060">
    <ele>84.3</ele>
    <time>2023-09-27T00:12:02Z</time>
   </trkpt>
   <trkpt lat="-8.6803840" lon="119.5567050">
    <ele>84.3</ele>
    <time>2023-09-27T00:12:03Z</time>
   </trkpt>
   <trkpt lat="-8.6803820" lon="119.5567060">
    <ele>84.3</ele>
    <time>2023-09-27T00:12:04Z</time>
   </trkpt>
   <trkpt lat="-8.6803870" lon="119.5567030">
    <ele>84.3</ele>
    <time>2023-09-27T00:12:05Z</time>
   </trkpt>
   <trkpt lat="-8.6803930" lon="119.5566990">
    <ele>84.4</ele>
    <time>2023-09-27T00:12:06Z</time>
   </trkpt>
   <trkpt lat="-8.6803960" lon="119.5567020">
    <ele>84.4</ele>
    <time>2023-09-27T00:12:07Z</time>
   </trkpt>
   <trkpt lat="-8.6804010" lon="119.5567040">
    <ele>84.4</ele>
    <time>2023-09-27T00:12:08Z</time>
   </trkpt>
   <trkpt lat="-8.6804020" lon="119.5567060">
    <ele>84.4</ele>
    <time>2023-09-27T00:12:09Z</time>
   </trkpt>
   <trkpt lat="-8.6804040" lon="119.5567050">
    <ele>84.5</ele>
    <time>2023-09-27T00:12:10Z</time>
   </trkpt>
   <trkpt lat="-8.6804050" lon="119.5567040">
    <ele>84.5</ele>
    <time>2023-09-27T00:12:11Z</time>
   </trkpt>
   <trkpt lat="-8.6804120" lon="119.5567050">
    <ele>84.5</ele>
    <time>2023-09-27T00:12:12Z</time>
   </trkpt>
   <trkpt lat="-8.6804140" lon="119.5566980">
    <ele>84.5</ele>
    <time>2023-09-27T00:12:13Z</time>
   </trkpt>
   <trkpt lat="-8.6804090" lon="119.5567080">
    <ele>84.6</ele>
    <time>2023-09-27T00:12:14Z</time>
   </trkpt>
   <trkpt lat="-8.6804110" lon="119.5567110">
    <ele>84.6</ele>
    <time>2023-09-27T00:12:15Z</time>
   </trkpt>
   <trkpt lat="-8.6804140" lon="119.5567130">
    <ele>84.6</ele>
    <time>2023-09-27T00:12:16Z</time>
   </trkpt>
   <trkpt lat="-8.6804130" lon="119.5567200">
    <ele>84.7</ele>
    <time>2023-09-27T00:12:17Z</time>
   </trkpt>
   <trkpt lat="-8.6804120" lon="119.5567190">
    <ele>84.7</ele>
    <time>2023-09-27T00:12:18Z</time>
   </trkpt>
   <trkpt lat="-8.6804110" lon="119.5567200">
    <ele>84.7</ele>
    <time>2023-09-27T00:12:19Z</time>
   </trkpt>
   <trkpt lat="-8.6804110" lon="119.5567210">
    <ele>84.7</ele>
    <time>2023-09-27T00:12:20Z</time>
   </trkpt>
   <trkpt lat="-8.6804120" lon="119.5567250">
    <ele>84.7</ele>
    <time>2023-09-27T00:12:21Z</time>
   </trkpt>
   <trkpt lat="-8.6804130" lon="119.5567230">
    <ele>84.7</ele>
    <time>2023-09-27T00:12:22Z</time>
   </trkpt>
   <trkpt lat="-8.6804150" lon="119.5567190">
    <ele>84.7</ele>
    <time>2023-09-27T00:12:23Z</time>
   </trkpt>
   <trkpt lat="-8.6804170" lon="119.5567180">
    <ele>84.8</ele>
    <time>2023-09-27T00:12:24Z</time>
   </trkpt>
   <trkpt lat="-8.6804200" lon="119.5567210">
    <ele>84.8</ele>
    <time>2023-09-27T00:12:25Z</time>
   </trkpt>
   <trkpt lat="-8.6804220" lon="119.5567220">
    <ele>84.8</ele>
    <time>2023-09-27T00:12:26Z</time>
   </trkpt>
   <trkpt lat="-8.6804230" lon="119.5567140">
    <ele>84.8</ele>
    <time>2023-09-27T00:12:27Z</time>
   </trkpt>
   <trkpt lat="-8.6804260" lon="119.5567150">
    <ele>84.8</ele>
    <time>2023-09-27T00:12:28Z</time>
   </trkpt>
   <trkpt lat="-8.6804260" lon="119.5567150">
    <ele>84.8</ele>
    <time>2023-09-27T00:12:29Z</time>
   </trkpt>
   <trkpt lat="-8.6804320" lon="119.5567190">
    <ele>84.9</ele>
    <time>2023-09-27T00:12:30Z</time>
   </trkpt>
   <trkpt lat="-8.6804370" lon="119.5567200">
    <ele>84.9</ele>
    <time>2023-09-27T00:12:31Z</time>
   </trkpt>
   <trkpt lat="-8.6804430" lon="119.5567250">
    <ele>84.9</ele>
    <time>2023-09-27T00:12:32Z</time>
   </trkpt>
   <trkpt lat="-8.6804450" lon="119.5567250">
    <ele>85.0</ele>
    <time>2023-09-27T00:12:33Z</time>
   </trkpt>
   <trkpt lat="-8.6804500" lon="119.5567280">
    <ele>85.0</ele>
    <time>2023-09-27T00:12:34Z</time>
   </trkpt>
   <trkpt lat="-8.6804560" lon="119.5567260">
    <ele>85.0</ele>
    <time>2023-09-27T00:12:35Z</time>
   </trkpt>
   <trkpt lat="-8.6804630" lon="119.5567240">
    <ele>85.1</ele>
    <time>2023-09-27T00:12:36Z</time>
   </trkpt>
   <trkpt lat="-8.6804680" lon="119.5567360">
    <ele>85.1</ele>
    <time>2023-09-27T00:12:37Z</time>
   </trkpt>
   <trkpt lat="-8.6804730" lon="119.5567410">
    <ele>85.2</ele>
    <time>2023-09-27T00:12:38Z</time>
   </trkpt>
   <trkpt lat="-8.6804760" lon="119.5567380">
    <ele>85.2</ele>
    <time>2023-09-27T00:12:39Z</time>
   </trkpt>
   <trkpt lat="-8.6804830" lon="119.5567400">
    <ele>85.2</ele>
    <time>2023-09-27T00:12:40Z</time>
   </trkpt>
   <trkpt lat="-8.6804920" lon="119.5567450">
    <ele>85.3</ele>
    <time>2023-09-27T00:12:41Z</time>
   </trkpt>
   <trkpt lat="-8.6804990" lon="119.5567450">
    <ele>85.3</ele>
    <time>2023-09-27T00:12:42Z</time>
   </trkpt>
   <trkpt lat="-8.6805110" lon="119.5567440">
    <ele>85.4</ele>
    <time>2023-09-27T00:12:43Z</time>
   </trkpt>
   <trkpt lat="-8.6805110" lon="119.5567380">
    <ele>85.4</ele>
    <time>2023-09-27T00:12:44Z</time>
   </trkpt>
   <trkpt lat="-8.6805160" lon="119.5567410">
    <ele>85.4</ele>
    <time>2023-09-27T00:12:45Z</time>
   </trkpt>
   <trkpt lat="-8.6805200" lon="119.5567430">
    <ele>85.5</ele>
    <time>2023-09-27T00:12:46Z</time>
   </trkpt>
   <trkpt lat="-8.6805290" lon="119.5567420">
    <ele>85.5</ele>
    <time>2023-09-27T00:12:47Z</time>
   </trkpt>
   <trkpt lat="-8.6805380" lon="119.5567360">
    <ele>85.6</ele>
    <time>2023-09-27T00:12:48Z</time>
   </trkpt>
   <trkpt lat="-8.6805420" lon="119.5567360">
    <ele>85.6</ele>
    <time>2023-09-27T00:12:49Z</time>
   </trkpt>
   <trkpt lat="-8.6805470" lon="119.5567450">
    <ele>85.6</ele>
    <time>2023-09-27T00:12:50Z</time>
   </trkpt>
   <trkpt lat="-8.6805470" lon="119.5567540">
    <ele>85.7</ele>
    <time>2023-09-27T00:12:51Z</time>
   </trkpt>
   <trkpt lat="-8.6805490" lon="119.5567530">
    <ele>85.7</ele>
    <time>2023-09-27T00:12:52Z</time>
   </trkpt>
   <trkpt lat="-8.6805550" lon="119.5567520">
    <ele>85.7</ele>
    <time>2023-09-27T00:12:53Z</time>
   </trkpt>
   <trkpt lat="-8.6805590" lon="119.5567500">
    <ele>85.7</ele>
    <time>2023-09-27T00:12:54Z</time>
   </trkpt>
   <trkpt lat="-8.6805640" lon="119.5567620">
    <ele>85.8</ele>
    <time>2023-09-27T00:12:55Z</time>
   </trkpt>
   <trkpt lat="-8.6805700" lon="119.5567620">
    <ele>85.8</ele>
    <time>2023-09-27T00:12:56Z</time>
   </trkpt>
   <trkpt lat="-8.6805750" lon="119.5567600">
    <ele>85.9</ele>
    <time>2023-09-27T00:12:57Z</time>
   </trkpt>
   <trkpt lat="-8.6805770" lon="119.5567610">
    <ele>85.9</ele>
    <time>2023-09-27T00:12:58Z</time>
   </trkpt>
   <trkpt lat="-8.6805790" lon="119.5567620">
    <ele>85.9</ele>
    <time>2023-09-27T00:12:59Z</time>
   </trkpt>
   <trkpt lat="-8.6805880" lon="119.5567650">
    <ele>85.9</ele>
    <time>2023-09-27T00:13:00Z</time>
   </trkpt>
   <trkpt lat="-8.6805880" lon="119.5567700">
    <ele>86.0</ele>
    <time>2023-09-27T00:13:01Z</time>
   </trkpt>
   <trkpt lat="-8.6805860" lon="119.5567730">
    <ele>86.0</ele>
    <time>2023-09-27T00:13:02Z</time>
   </trkpt>
   <trkpt lat="-8.6805870" lon="119.5567750">
    <ele>86.0</ele>
    <time>2023-09-27T00:13:03Z</time>
   </trkpt>
   <trkpt lat="-8.6805870" lon="119.5567730">
    <ele>86.0</ele>
    <time>2023-09-27T00:13:04Z</time>
   </trkpt>
   <trkpt lat="-8.6805890" lon="119.5567750">
    <ele>86.0</ele>
    <time>2023-09-27T00:13:05Z</time>
   </trkpt>
   <trkpt lat="-8.6805900" lon="119.5567770">
    <ele>86.0</ele>
    <time>2023-09-27T00:13:06Z</time>
   </trkpt>
   <trkpt lat="-8.6805880" lon="119.5567770">
    <ele>86.0</ele>
    <time>2023-09-27T00:13:07Z</time>
   </trkpt>
   <trkpt lat="-8.6805940" lon="119.5567770">
    <ele>86.1</ele>
    <time>2023-09-27T00:13:08Z</time>
   </trkpt>
   <trkpt lat="-8.6805990" lon="119.5567830">
    <ele>86.1</ele>
    <time>2023-09-27T00:13:09Z</time>
   </trkpt>
   <trkpt lat="-8.6806090" lon="119.5567830">
    <ele>86.2</ele>
    <time>2023-09-27T00:13:10Z</time>
   </trkpt>
   <trkpt lat="-8.6806010" lon="119.5567890">
    <ele>86.2</ele>
    <time>2023-09-27T00:13:11Z</time>
   </trkpt>
   <trkpt lat="-8.6806050" lon="119.5567920">
    <ele>86.2</ele>
    <time>2023-09-27T00:13:12Z</time>
   </trkpt>
   <trkpt lat="-8.6806130" lon="119.5567910">
    <ele>86.3</ele>
    <time>2023-09-27T00:13:13Z</time>
   </trkpt>
   <trkpt lat="-8.6806160" lon="119.5567950">
    <ele>86.3</ele>
    <time>2023-09-27T00:13:14Z</time>
   </trkpt>
   <trkpt lat="-8.6806180" lon="119.5568010">
    <ele>86.3</ele>
    <time>2023-09-27T00:13:15Z</time>
   </trkpt>
   <trkpt lat="-8.6806260" lon="119.5568050">
    <ele>86.4</ele>
    <time>2023-09-27T00:13:16Z</time>
   </trkpt>
   <trkpt lat="-8.6806300" lon="119.5568090">
    <ele>86.4</ele>
    <time>2023-09-27T00:13:17Z</time>
   </trkpt>
   <trkpt lat="-8.6806310" lon="119.5568110">
    <ele>86.4</ele>
    <time>2023-09-27T00:13:18Z</time>
   </trkpt>
   <trkpt lat="-8.6806360" lon="119.5568110">
    <ele>86.5</ele>
    <time>2023-09-27T00:13:19Z</time>
   </trkpt>
   <trkpt lat="-8.6806360" lon="119.5568110">
    <ele>86.5</ele>
    <time>2023-09-27T00:13:20Z</time>
   </trkpt>
   <trkpt lat="-8.6806440" lon="119.5568090">
    <ele>86.5</ele>
    <time>2023-09-27T00:13:21Z</time>
   </trkpt>
   <trkpt lat="-8.6806440" lon="119.5568110">
    <ele>86.5</ele>
    <time>2023-09-27T00:13:22Z</time>
   </trkpt>
   <trkpt lat="-8.6806430" lon="119.5568160">
    <ele>86.5</ele>
    <time>2023-09-27T00:13:23Z</time>
   </trkpt>
   <trkpt lat="-8.6806520" lon="119.5568200">
    <ele>86.6</ele>
    <time>2023-09-27T00:13:24Z</time>
   </trkpt>
   <trkpt lat="-8.6806570" lon="119.5568140">
    <ele>86.6</ele>
    <time>2023-09-27T00:13:25Z</time>
   </trkpt>
   <trkpt lat="-8.6806650" lon="119.5568160">
    <ele>86.7</ele>
    <time>2023-09-27T00:13:26Z</time>
   </trkpt>
   <trkpt lat="-8.6806720" lon="119.5568140">
    <ele>86.7</ele>
    <time>2023-09-27T00:13:27Z</time>
   </trkpt>
   <trkpt lat="-8.6806680" lon="119.5568200">
    <ele>86.8</ele>
    <time>2023-09-27T00:13:28Z</time>
   </trkpt>
   <trkpt lat="-8.6806640" lon="119.5568240">
    <ele>86.8</ele>
    <time>2023-09-27T00:13:29Z</time>
   </trkpt>
   <trkpt lat="-8.6806680" lon="119.5568260">
    <ele>86.8</ele>
    <time>2023-09-27T00:13:30Z</time>
   </trkpt>
   <trkpt lat="-8.6806710" lon="119.5568280">
    <ele>86.8</ele>
    <time>2023-09-27T00:13:31Z</time>
   </trkpt>
   <trkpt lat="-8.6806750" lon="119.5568310">
    <ele>86.8</ele>
    <time>2023-09-27T00:13:32Z</time>
   </trkpt>
   <trkpt lat="-8.6806840" lon="119.5568290">
    <ele>86.9</ele>
    <time>2023-09-27T00:13:33Z</time>
   </trkpt>
   <trkpt lat="-8.6806800" lon="119.5568250">
    <ele>86.9</ele>
    <time>2023-09-27T00:13:34Z</time>
   </trkpt>
   <trkpt lat="-8.6806860" lon="119.5568240">
    <ele>87.0</ele>
    <time>2023-09-27T00:13:35Z</time>
   </trkpt>
   <trkpt lat="-8.6806890" lon="119.5568280">
    <ele>87.0</ele>
    <time>2023-09-27T00:13:36Z</time>
   </trkpt>
   <trkpt lat="-8.6806910" lon="119.5568260">
    <ele>87.0</ele>
    <time>2023-09-27T00:13:37Z</time>
   </trkpt>
   <trkpt lat="-8.6807010" lon="119.5568240">
    <ele>87.0</ele>
    <time>2023-09-27T00:13:38Z</time>
   </trkpt>
   <trkpt lat="-8.6807050" lon="119.5568340">
    <ele>87.1</ele>
    <time>2023-09-27T00:13:39Z</time>
   </trkpt>
   <trkpt lat="-8.6807100" lon="119.5568360">
    <ele>87.1</ele>
    <time>2023-09-27T00:13:40Z</time>
   </trkpt>
   <trkpt lat="-8.6807170" lon="119.5568350">
    <ele>87.2</ele>
    <time>2023-09-27T00:13:41Z</time>
   </trkpt>
   <trkpt lat="-8.6807180" lon="119.5568340">
    <ele>87.2</ele>
    <time>2023-09-27T00:13:42Z</time>
   </trkpt>
   <trkpt lat="-8.6807190" lon="119.5568370">
    <ele>87.2</ele>
    <time>2023-09-27T00:13:43Z</time>
   </trkpt>
   <trkpt lat="-8.6807220" lon="119.5568360">
    <ele>87.2</ele>
    <time>2023-09-27T00:13:44Z</time>
   </trkpt>
   <trkpt lat="-8.6807280" lon="119.5568430">
    <ele>87.3</ele>
    <time>2023-09-27T00:13:45Z</time>
   </trkpt>
   <trkpt lat="-8.6807250" lon="119.5568480">
    <ele>87.3</ele>
    <time>2023-09-27T00:13:46Z</time>
   </trkpt>
   <trkpt lat="-8.6807270" lon="119.5568480">
    <ele>87.3</ele>
    <time>2023-09-27T00:13:47Z</time>
   </trkpt>
   <trkpt lat="-8.6807300" lon="119.5568510">
    <ele>87.3</ele>
    <time>2023-09-27T00:13:48Z</time>
   </trkpt>
   <trkpt lat="-8.6807340" lon="119.5568560">
    <ele>87.4</ele>
    <time>2023-09-27T00:13:49Z</time>
   </trkpt>
   <trkpt lat="-8.6807380" lon="119.5568610">
    <ele>87.4</ele>
    <time>2023-09-27T00:13:50Z</time>
   </trkpt>
   <trkpt lat="-8.6807440" lon="119.5568670">
    <ele>87.4</ele>
    <time>2023-09-27T00:13:51Z</time>
   </trkpt>
   <trkpt lat="-8.6807460" lon="119.5568680">
    <ele>87.4</ele>
    <time>2023-09-27T00:13:52Z</time>
   </trkpt>
   <trkpt lat="-8.6807480" lon="119.5568680">
    <ele>87.5</ele>
    <time>2023-09-27T00:13:53Z</time>
   </trkpt>
   <trkpt lat="-8.6807540" lon="119.5568710">
    <ele>87.5</ele>
    <time>2023-09-27T00:13:54Z</time>
   </trkpt>
   <trkpt lat="-8.6807600" lon="119.5568730">
    <ele>87.5</ele>
    <time>2023-09-27T00:13:55Z</time>
   </trkpt>
   <trkpt lat="-8.6807680" lon="119.5568680">
    <ele>87.6</ele>
    <time>2023-09-27T00:13:56Z</time>
   </trkpt>
   <trkpt lat="-8.6807740" lon="119.5568600">
    <ele>87.6</ele>
    <time>2023-09-27T00:13:57Z</time>
   </trkpt>
   <trkpt lat="-8.6807790" lon="119.5568530">
    <ele>87.7</ele>
    <time>2023-09-27T00:13:58Z</time>
   </trkpt>
   <trkpt lat="-8.6807850" lon="119.5568460">
    <ele>87.7</ele>
    <time>2023-09-27T00:13:59Z</time>
   </trkpt>
   <trkpt lat="-8.6807870" lon="119.5568610">
    <ele>87.8</ele>
    <time>2023-09-27T00:14:00Z</time>
   </trkpt>
   <trkpt lat="-8.6807900" lon="119.5568590">
    <ele>87.8</ele>
    <time>2023-09-27T00:14:01Z</time>
   </trkpt>
   <trkpt lat="-8.6807960" lon="119.5568590">
    <ele>87.8</ele>
    <time>2023-09-27T00:14:02Z</time>
   </trkpt>
   <trkpt lat="-8.6807990" lon="119.5568610">
    <ele>87.9</ele>
    <time>2023-09-27T00:14:03Z</time>
   </trkpt>
   <trkpt lat="-8.6808020" lon="119.5568650">
    <ele>87.9</ele>
    <time>2023-09-27T00:14:04Z</time>
   </trkpt>
   <trkpt lat="-8.6808050" lon="119.5568630">
    <ele>87.9</ele>
    <time>2023-09-27T00:14:05Z</time>
   </trkpt>
   <trkpt lat="-8.6808140" lon="119.5568670">
    <ele>88.0</ele>
    <time>2023-09-27T00:14:06Z</time>
   </trkpt>
   <trkpt lat="-8.6808150" lon="119.5568620">
    <ele>88.0</ele>
    <time>2023-09-27T00:14:07Z</time>
   </trkpt>
   <trkpt lat="-8.6808130" lon="119.5568640">
    <ele>88.0</ele>
    <time>2023-09-27T00:14:08Z</time>
   </trkpt>
   <trkpt lat="-8.6808210" lon="119.5568620">
    <ele>88.0</ele>
    <time>2023-09-27T00:14:09Z</time>
   </trkpt>
   <trkpt lat="-8.6808160" lon="119.5568590">
    <ele>88.1</ele>
    <time>2023-09-27T00:14:10Z</time>
   </trkpt>
   <trkpt lat="-8.6808180" lon="119.5568550">
    <ele>88.1</ele>
    <time>2023-09-27T00:14:11Z</time>
   </trkpt>
   <trkpt lat="-8.6808190" lon="119.5568500">
    <ele>88.1</ele>
    <time>2023-09-27T00:14:12Z</time>
   </trkpt>
   <trkpt lat="-8.6808320" lon="119.5568470">
    <ele>88.2</ele>
    <time>2023-09-27T00:14:13Z</time>
   </trkpt>
   <trkpt lat="-8.6808380" lon="119.5568420">
    <ele>88.2</ele>
    <time>2023-09-27T00:14:14Z</time>
   </trkpt>
   <trkpt lat="-8.6808350" lon="119.5568410">
    <ele>88.2</ele>
    <time>2023-09-27T00:14:15Z</time>
   </trkpt>
   <trkpt lat="-8.6808370" lon="119.5568410">
    <ele>88.3</ele>
    <time>2023-09-27T00:14:16Z</time>
   </trkpt>
   <trkpt lat="-8.6808410" lon="119.5568380">
    <ele>88.3</ele>
    <time>2023-09-27T00:14:17Z</time>
   </trkpt>
   <trkpt lat="-8.6808410" lon="119.5568400">
    <ele>88.3</ele>
    <time>2023-09-27T00:14:19Z</time>
   </trkpt>
   <trkpt lat="-8.6808410" lon="119.5568400">
    <ele>88.3</ele>
    <time>2023-09-27T00:14:20Z</time>
   </trkpt>
   <trkpt lat="-8.6808480" lon="119.5568430">
    <ele>88.3</ele>
    <time>2023-09-27T00:14:21Z</time>
   </trkpt>
   <trkpt lat="-8.6808510" lon="119.5568480">
    <ele>88.4</ele>
    <time>2023-09-27T00:14:22Z</time>
   </trkpt>
   <trkpt lat="-8.6808530" lon="119.5568480">
    <ele>88.4</ele>
    <time>2023-09-27T00:14:23Z</time>
   </trkpt>
   <trkpt lat="-8.6808430" lon="119.5568410">
    <ele>88.4</ele>
    <time>2023-09-27T00:14:24Z</time>
   </trkpt>
   <trkpt lat="-8.6808470" lon="119.5568460">
    <ele>88.5</ele>
    <time>2023-09-27T00:14:25Z</time>
   </trkpt>
   <trkpt lat="-8.6808500" lon="119.5568460">
    <ele>88.5</ele>
    <time>2023-09-27T00:14:26Z</time>
   </trkpt>
   <trkpt lat="-8.6808510" lon="119.5568460">
    <ele>88.5</ele>
    <time>2023-09-27T00:14:27Z</time>
   </trkpt>
   <trkpt lat="-8.6808520" lon="119.5568450">
    <ele>88.5</ele>
    <time>2023-09-27T00:14:28Z</time>
   </trkpt>
   <trkpt lat="-8.6808520" lon="119.5568450">
    <ele>88.5</ele>
    <time>2023-09-27T00:14:29Z</time>
   </trkpt>
   <trkpt lat="-8.6808520" lon="119.5568450">
    <ele>88.5</ele>
    <time>2023-09-27T00:14:30Z</time>
   </trkpt>
   <trkpt lat="-8.6808540" lon="119.5568540">
    <ele>88.5</ele>
    <time>2023-09-27T00:14:31Z</time>
   </trkpt>
   <trkpt lat="-8.6808500" lon="119.5568490">
    <ele>88.6</ele>
    <time>2023-09-27T00:14:32Z</time>
   </trkpt>
   <trkpt lat="-8.6808520" lon="119.5568460">
    <ele>88.6</ele>
    <time>2023-09-27T00:14:33Z</time>
   </trkpt>
   <trkpt lat="-8.6808560" lon="119.5568410">
    <ele>88.6</ele>
    <time>2023-09-27T00:14:34Z</time>
   </trkpt>
   <trkpt lat="-8.6808600" lon="119.5568460">
    <ele>88.7</ele>
    <time>2023-09-27T00:14:35Z</time>
   </trkpt>
   <trkpt lat="-8.6808610" lon="119.5568450">
    <ele>88.7</ele>
    <time>2023-09-27T00:14:36Z</time>
   </trkpt>
   <trkpt lat="-8.6808650" lon="119.5568480">
    <ele>88.7</ele>
    <time>2023-09-27T00:14:37Z</time>
   </trkpt>
   <trkpt lat="-8.6808700" lon="119.5568510">
    <ele>88.7</ele>
    <time>2023-09-27T00:14:38Z</time>
   </trkpt>
   <trkpt lat="-8.6808710" lon="119.5568540">
    <ele>88.7</ele>
    <time>2023-09-27T00:14:39Z</time>
   </trkpt>
   <trkpt lat="-8.6808710" lon="119.5568520">
    <ele>88.7</ele>
    <time>2023-09-27T00:14:40Z</time>
   </trkpt>
   <trkpt lat="-8.6808740" lon="119.5568530">
    <ele>88.8</ele>
    <time>2023-09-27T00:14:41Z</time>
   </trkpt>
   <trkpt lat="-8.6808800" lon="119.5568550">
    <ele>88.8</ele>
    <time>2023-09-27T00:14:42Z</time>
   </trkpt>
   <trkpt lat="-8.6808820" lon="119.5568550">
    <ele>88.8</ele>
    <time>2023-09-27T00:14:43Z</time>
   </trkpt>
   <trkpt lat="-8.6808840" lon="119.5568560">
    <ele>88.8</ele>
    <time>2023-09-27T00:14:44Z</time>
   </trkpt>
   <trkpt lat="-8.6808830" lon="119.5568570">
    <ele>88.8</ele>
    <time>2023-09-27T00:14:45Z</time>
   </trkpt>
   <trkpt lat="-8.6808860" lon="119.5568640">
    <ele>88.9</ele>
    <time>2023-09-27T00:14:46Z</time>
   </trkpt>
   <trkpt lat="-8.6808890" lon="119.5568670">
    <ele>88.9</ele>
    <time>2023-09-27T00:14:47Z</time>
   </trkpt>
   <trkpt lat="-8.6808930" lon="119.5568740">
    <ele>88.9</ele>
    <time>2023-09-27T00:14:48Z</time>
   </trkpt>
   <trkpt lat="-8.6808940" lon="119.5568730">
    <ele>88.9</ele>
    <time>2023-09-27T00:14:49Z</time>
   </trkpt>
   <trkpt lat="-8.6808960" lon="119.5568780">
    <ele>89.0</ele>
    <time>2023-09-27T00:14:50Z</time>
   </trkpt>
   <trkpt lat="-8.6809010" lon="119.5568790">
    <ele>89.0</ele>
    <time>2023-09-27T00:14:51Z</time>
   </trkpt>
   <trkpt lat="-8.6809050" lon="119.5568770">
    <ele>89.0</ele>
    <time>2023-09-27T00:14:52Z</time>
   </trkpt>
   <trkpt lat="-8.6809090" lon="119.5568790">
    <ele>89.0</ele>
    <time>2023-09-27T00:14:53Z</time>
   </trkpt>
   <trkpt lat="-8.6809090" lon="119.5568760">
    <ele>89.1</ele>
    <time>2023-09-27T00:14:54Z</time>
   </trkpt>
   <trkpt lat="-8.6809110" lon="119.5568720">
    <ele>89.1</ele>
    <time>2023-09-27T00:14:55Z</time>
   </trkpt>
   <trkpt lat="-8.6809110" lon="119.5568740">
    <ele>89.1</ele>
    <time>2023-09-27T00:14:56Z</time>
   </trkpt>
   <trkpt lat="-8.6809190" lon="119.5568800">
    <ele>89.1</ele>
    <time>2023-09-27T00:14:57Z</time>
   </trkpt>
   <trkpt lat="-8.6809190" lon="119.5568840">
    <ele>89.1</ele>
    <time>2023-09-27T00:14:58Z</time>
   </trkpt>
   <trkpt lat="-8.6809150" lon="119.5568920">
    <ele>89.1</ele>
    <time>2023-09-27T00:14:59Z</time>
   </trkpt>
   <trkpt lat="-8.6809140" lon="119.5568990">
    <ele>89.1</ele>
    <time>2023-09-27T00:15:00Z</time>
   </trkpt>
   <trkpt lat="-8.6809210" lon="119.5569020">
    <ele>89.0</ele>
    <time>2023-09-27T00:15:01Z</time>
   </trkpt>
   <trkpt lat="-8.6809210" lon="119.5569010">
    <ele>89.0</ele>
    <time>2023-09-27T00:15:02Z</time>
   </trkpt>
   <trkpt lat="-8.6809230" lon="119.5569100">
    <ele>89.0</ele>
    <time>2023-09-27T00:15:03Z</time>
   </trkpt>
   <trkpt lat="-8.6809230" lon="119.5569100">
    <ele>89.0</ele>
    <time>2023-09-27T00:15:04Z</time>
   </trkpt>
   <trkpt lat="-8.6809240" lon="119.5569080">
    <ele>89.0</ele>
    <time>2023-09-27T00:15:05Z</time>
   </trkpt>
   <trkpt lat="-8.6809240" lon="119.5569080">
    <ele>89.0</ele>
    <time>2023-09-27T00:15:06Z</time>
   </trkpt>
   <trkpt lat="-8.6809230" lon="119.5569100">
    <ele>89.0</ele>
    <time>2023-09-27T00:15:07Z</time>
   </trkpt>
   <trkpt lat="-8.6809220" lon="119.5569120">
    <ele>89.0</ele>
    <time>2023-09-27T00:15:08Z</time>
   </trkpt>
   <trkpt lat="-8.6809210" lon="119.5569120">
    <ele>89.0</ele>
    <time>2023-09-27T00:15:09Z</time>
   </trkpt>
   <trkpt lat="-8.6809220" lon="119.5569140">
    <ele>89.0</ele>
    <time>2023-09-27T00:15:10Z</time>
   </trkpt>
   <trkpt lat="-8.6809200" lon="119.5569120">
    <ele>88.9</ele>
    <time>2023-09-27T00:15:11Z</time>
   </trkpt>
   <trkpt lat="-8.6809220" lon="119.5569130">
    <ele>88.9</ele>
    <time>2023-09-27T00:15:12Z</time>
   </trkpt>
   <trkpt lat="-8.6809220" lon="119.5569130">
    <ele>88.9</ele>
    <time>2023-09-27T00:15:13Z</time>
   </trkpt>
   <trkpt lat="-8.6809210" lon="119.5569130">
    <ele>88.9</ele>
    <time>2023-09-27T00:15:14Z</time>
   </trkpt>
   <trkpt lat="-8.6809220" lon="119.5569190">
    <ele>88.9</ele>
    <time>2023-09-27T00:15:15Z</time>
   </trkpt>
   <trkpt lat="-8.6809280" lon="119.5569230">
    <ele>88.9</ele>
    <time>2023-09-27T00:15:16Z</time>
   </trkpt>
   <trkpt lat="-8.6809330" lon="119.5569260">
    <ele>88.9</ele>
    <time>2023-09-27T00:15:17Z</time>
   </trkpt>
   <trkpt lat="-8.6809360" lon="119.5569220">
    <ele>88.8</ele>
    <time>2023-09-27T00:15:18Z</time>
   </trkpt>
   <trkpt lat="-8.6809430" lon="119.5569300">
    <ele>88.8</ele>
    <time>2023-09-27T00:15:19Z</time>
   </trkpt>
   <trkpt lat="-8.6809460" lon="119.5569360">
    <ele>88.8</ele>
    <time>2023-09-27T00:15:20Z</time>
   </trkpt>
   <trkpt lat="-8.6809460" lon="119.5569360">
    <ele>88.8</ele>
    <time>2023-09-27T00:15:21Z</time>
   </trkpt>
   <trkpt lat="-8.6809450" lon="119.5569350">
    <ele>88.8</ele>
    <time>2023-09-27T00:15:22Z</time>
   </trkpt>
   <trkpt lat="-8.6809450" lon="119.5569350">
    <ele>88.8</ele>
    <time>2023-09-27T00:15:23Z</time>
   </trkpt>
   <trkpt lat="-8.6809450" lon="119.5569350">
    <ele>88.8</ele>
    <time>2023-09-27T00:15:24Z</time>
   </trkpt>
   <trkpt lat="-8.6809450" lon="119.5569350">
    <ele>88.8</ele>
    <time>2023-09-27T00:15:25Z</time>
   </trkpt>
   <trkpt lat="-8.6809450" lon="119.5569350">
    <ele>88.8</ele>
    <time>2023-09-27T00:15:26Z</time>
   </trkpt>
   <trkpt lat="-8.6809450" lon="119.5569350">
    <ele>88.8</ele>
    <time>2023-09-27T00:15:27Z</time>
   </trkpt>
   <trkpt lat="-8.6809450" lon="119.5569350">
    <ele>88.8</ele>
    <time>2023-09-27T00:15:28Z</time>
   </trkpt>
   <trkpt lat="-8.6809450" lon="119.5569350">
    <ele>88.8</ele>
    <time>2023-09-27T00:15:29Z</time>
   </trkpt>
   <trkpt lat="-8.6809440" lon="119.5569350">
    <ele>88.8</ele>
    <time>2023-09-27T00:15:30Z</time>
   </trkpt>
   <trkpt lat="-8.6809440" lon="119.5569350">
    <ele>88.8</ele>
    <time>2023-09-27T00:15:31Z</time>
   </trkpt>
   <trkpt lat="-8.6809440" lon="119.5569350">
    <ele>88.8</ele>
    <time>2023-09-27T00:15:32Z</time>
   </trkpt>
   <trkpt lat="-8.6809440" lon="119.5569350">
    <ele>88.8</ele>
    <time>2023-09-27T00:15:33Z</time>
   </trkpt>
   <trkpt lat="-8.6809440" lon="119.5569340">
    <ele>88.8</ele>
    <time>2023-09-27T00:15:34Z</time>
   </trkpt>
   <trkpt lat="-8.6809440" lon="119.5569340">
    <ele>88.8</ele>
    <time>2023-09-27T00:15:35Z</time>
   </trkpt>
   <trkpt lat="-8.6809440" lon="119.5569340">
    <ele>88.8</ele>
    <time>2023-09-27T00:15:36Z</time>
   </trkpt>
   <trkpt lat="-8.6809430" lon="119.5569340">
    <ele>88.8</ele>
    <time>2023-09-27T00:15:37Z</time>
   </trkpt>
   <trkpt lat="-8.6809430" lon="119.5569340">
    <ele>88.8</ele>
    <time>2023-09-27T00:15:38Z</time>
   </trkpt>
   <trkpt lat="-8.6809430" lon="119.5569340">
    <ele>88.8</ele>
    <time>2023-09-27T00:15:39Z</time>
   </trkpt>
   <trkpt lat="-8.6809430" lon="119.5569340">
    <ele>88.8</ele>
    <time>2023-09-27T00:15:40Z</time>
   </trkpt>
   <trkpt lat="-8.6809430" lon="119.5569340">
    <ele>88.8</ele>
    <time>2023-09-27T00:15:41Z</time>
   </trkpt>
   <trkpt lat="-8.6809430" lon="119.5569340">
    <ele>88.8</ele>
    <time>2023-09-27T00:15:42Z</time>
   </trkpt>
   <trkpt lat="-8.6809430" lon="119.5569340">
    <ele>88.8</ele>
    <time>2023-09-27T00:15:43Z</time>
   </trkpt>
   <trkpt lat="-8.6809430" lon="119.5569340">
    <ele>88.8</ele>
    <time>2023-09-27T00:15:44Z</time>
   </trkpt>
   <trkpt lat="-8.6809420" lon="119.5569340">
    <ele>88.8</ele>
    <time>2023-09-27T00:15:45Z</time>
   </trkpt>
   <trkpt lat="-8.6809420" lon="119.5569330">
    <ele>88.8</ele>
    <time>2023-09-27T00:15:46Z</time>
   </trkpt>
   <trkpt lat="-8.6809420" lon="119.5569330">
    <ele>88.8</ele>
    <time>2023-09-27T00:15:47Z</time>
   </trkpt>
   <trkpt lat="-8.6809420" lon="119.5569330">
    <ele>88.8</ele>
    <time>2023-09-27T00:15:48Z</time>
   </trkpt>
   <trkpt lat="-8.6809420" lon="119.5569330">
    <ele>88.8</ele>
    <time>2023-09-27T00:15:49Z</time>
   </trkpt>
   <trkpt lat="-8.6809420" lon="119.5569330">
    <ele>88.8</ele>
    <time>2023-09-27T00:15:50Z</time>
   </trkpt>
   <trkpt lat="-8.6809420" lon="119.5569330">
    <ele>88.8</ele>
    <time>2023-09-27T00:15:51Z</time>
   </trkpt>
   <trkpt lat="-8.6809410" lon="119.5569330">
    <ele>88.8</ele>
    <time>2023-09-27T00:15:52Z</time>
   </trkpt>
   <trkpt lat="-8.6809410" lon="119.5569330">
    <ele>88.8</ele>
    <time>2023-09-27T00:15:53Z</time>
   </trkpt>
   <trkpt lat="-8.6809410" lon="119.5569330">
    <ele>88.8</ele>
    <time>2023-09-27T00:15:54Z</time>
   </trkpt>
   <trkpt lat="-8.6809410" lon="119.5569330">
    <ele>88.8</ele>
    <time>2023-09-27T00:15:55Z</time>
   </trkpt>
   <trkpt lat="-8.6809410" lon="119.5569330">
    <ele>88.8</ele>
    <time>2023-09-27T00:15:56Z</time>
   </trkpt>
   <trkpt lat="-8.6809410" lon="119.5569330">
    <ele>88.8</ele>
    <time>2023-09-27T00:15:57Z</time>
   </trkpt>
   <trkpt lat="-8.6809410" lon="119.5569330">
    <ele>88.8</ele>
    <time>2023-09-27T00:15:58Z</time>
   </trkpt>
   <trkpt lat="-8.6809410" lon="119.5569320">
    <ele>88.8</ele>
    <time>2023-09-27T00:15:59Z</time>
   </trkpt>
   <trkpt lat="-8.6809400" lon="119.5569320">
    <ele>88.8</ele>
    <time>2023-09-27T00:16:00Z</time>
   </trkpt>
   <trkpt lat="-8.6809400" lon="119.5569320">
    <ele>88.8</ele>
    <time>2023-09-27T00:16:01Z</time>
   </trkpt>
   <trkpt lat="-8.6809400" lon="119.5569320">
    <ele>88.8</ele>
    <time>2023-09-27T00:16:02Z</time>
   </trkpt>
   <trkpt lat="-8.6809400" lon="119.5569320">
    <ele>88.8</ele>
    <time>2023-09-27T00:16:03Z</time>
   </trkpt>
   <trkpt lat="-8.6809400" lon="119.5569320">
    <ele>88.8</ele>
    <time>2023-09-27T00:16:04Z</time>
   </trkpt>
   <trkpt lat="-8.6809400" lon="119.5569320">
    <ele>88.8</ele>
    <time>2023-09-27T00:16:05Z</time>
   </trkpt>
   <trkpt lat="-8.6809400" lon="119.5569320">
    <ele>88.8</ele>
    <time>2023-09-27T00:16:06Z</time>
   </trkpt>
   <trkpt lat="-8.6809390" lon="119.5569320">
    <ele>88.8</ele>
    <time>2023-09-27T00:16:07Z</time>
   </trkpt>
   <trkpt lat="-8.6809390" lon="119.5569320">
    <ele>88.8</ele>
    <time>2023-09-27T00:16:08Z</time>
   </trkpt>
   <trkpt lat="-8.6809390" lon="119.5569320">
    <ele>88.8</ele>
    <time>2023-09-27T00:16:09Z</time>
   </trkpt>
   <trkpt lat="-8.6809390" lon="119.5569320">
    <ele>88.8</ele>
    <time>2023-09-27T00:16:10Z</time>
   </trkpt>
   <trkpt lat="-8.6809390" lon="119.5569310">
    <ele>88.7</ele>
    <time>2023-09-27T00:16:11Z</time>
   </trkpt>
   <trkpt lat="-8.6809390" lon="119.5569310">
    <ele>88.7</ele>
    <time>2023-09-27T00:16:12Z</time>
   </trkpt>
   <trkpt lat="-8.6809390" lon="119.5569310">
    <ele>88.7</ele>
    <time>2023-09-27T00:16:13Z</time>
   </trkpt>
   <trkpt lat="-8.6809390" lon="119.5569310">
    <ele>88.7</ele>
    <time>2023-09-27T00:16:14Z</time>
   </trkpt>
   <trkpt lat="-8.6809380" lon="119.5569310">
    <ele>88.7</ele>
    <time>2023-09-27T00:16:15Z</time>
   </trkpt>
   <trkpt lat="-8.6809380" lon="119.5569310">
    <ele>88.7</ele>
    <time>2023-09-27T00:16:16Z</time>
   </trkpt>
   <trkpt lat="-8.6809380" lon="119.5569310">
    <ele>88.7</ele>
    <time>2023-09-27T00:16:17Z</time>
   </trkpt>
   <trkpt lat="-8.6809380" lon="119.5569310">
    <ele>88.7</ele>
    <time>2023-09-27T00:16:18Z</time>
   </trkpt>
   <trkpt lat="-8.6809380" lon="119.5569310">
    <ele>88.7</ele>
    <time>2023-09-27T00:16:19Z</time>
   </trkpt>
   <trkpt lat="-8.6809380" lon="119.5569310">
    <ele>88.7</ele>
    <time>2023-09-27T00:16:20Z</time>
   </trkpt>
   <trkpt lat="-8.6809380" lon="119.5569310">
    <ele>88.7</ele>
    <time>2023-09-27T00:16:21Z</time>
   </trkpt>
   <trkpt lat="-8.6809370" lon="119.5569310">
    <ele>88.7</ele>
    <time>2023-09-27T00:16:22Z</time>
   </trkpt>
   <trkpt lat="-8.6809370" lon="119.5569300">
    <ele>88.7</ele>
    <time>2023-09-27T00:16:23Z</time>
   </trkpt>
   <trkpt lat="-8.6809370" lon="119.5569300">
    <ele>88.7</ele>
    <time>2023-09-27T00:16:24Z</time>
   </trkpt>
   <trkpt lat="-8.6809370" lon="119.5569300">
    <ele>88.7</ele>
    <time>2023-09-27T00:16:25Z</time>
   </trkpt>
   <trkpt lat="-8.6809370" lon="119.5569300">
    <ele>88.7</ele>
    <time>2023-09-27T00:16:26Z</time>
   </trkpt>
   <trkpt lat="-8.6809370" lon="119.5569300">
    <ele>88.7</ele>
    <time>2023-09-27T00:16:27Z</time>
   </trkpt>
   <trkpt lat="-8.6809370" lon="119.5569300">
    <ele>88.7</ele>
    <time>2023-09-27T00:16:28Z</time>
   </trkpt>
   <trkpt lat="-8.6809370" lon="119.5569300">
    <ele>88.7</ele>
    <time>2023-09-27T00:16:29Z</time>
   </trkpt>
   <trkpt lat="-8.6809360" lon="119.5569300">
    <ele>88.7</ele>
    <time>2023-09-27T00:16:30Z</time>
   </trkpt>
   <trkpt lat="-8.6809360" lon="119.5569300">
    <ele>88.7</ele>
    <time>2023-09-27T00:16:31Z</time>
   </trkpt>
   <trkpt lat="-8.6809360" lon="119.5569300">
    <ele>88.7</ele>
    <time>2023-09-27T00:16:32Z</time>
   </trkpt>
   <trkpt lat="-8.6809360" lon="119.5569300">
    <ele>88.7</ele>
    <time>2023-09-27T00:16:33Z</time>
   </trkpt>
   <trkpt lat="-8.6809360" lon="119.5569300">
    <ele>88.7</ele>
    <time>2023-09-27T00:16:34Z</time>
   </trkpt>
   <trkpt lat="-8.6809360" lon="119.5569300">
    <ele>88.7</ele>
    <time>2023-09-27T00:16:35Z</time>
   </trkpt>
   <trkpt lat="-8.6809360" lon="119.5569290">
    <ele>88.7</ele>
    <time>2023-09-27T00:16:36Z</time>
   </trkpt>
   <trkpt lat="-8.6809350" lon="119.5569290">
    <ele>88.7</ele>
    <time>2023-09-27T00:16:37Z</time>
   </trkpt>
   <trkpt lat="-8.6809350" lon="119.5569290">
    <ele>88.7</ele>
    <time>2023-09-27T00:16:38Z</time>
   </trkpt>
   <trkpt lat="-8.6809350" lon="119.5569290">
    <ele>88.7</ele>
    <time>2023-09-27T00:16:39Z</time>
   </trkpt>
   <trkpt lat="-8.6809350" lon="119.5569290">
    <ele>88.7</ele>
    <time>2023-09-27T00:16:40Z</time>
   </trkpt>
   <trkpt lat="-8.6809350" lon="119.5569290">
    <ele>88.7</ele>
    <time>2023-09-27T00:16:41Z</time>
   </trkpt>
   <trkpt lat="-8.6809350" lon="119.5569290">
    <ele>88.7</ele>
    <time>2023-09-27T00:16:42Z</time>
   </trkpt>
   <trkpt lat="-8.6809350" lon="119.5569290">
    <ele>88.7</ele>
    <time>2023-09-27T00:16:43Z</time>
   </trkpt>
   <trkpt lat="-8.6809350" lon="119.5569290">
    <ele>88.7</ele>
    <time>2023-09-27T00:16:44Z</time>
   </trkpt>
   <trkpt lat="-8.6809340" lon="119.5569290">
    <ele>88.7</ele>
    <time>2023-09-27T00:16:45Z</time>
   </trkpt>
   <trkpt lat="-8.6809340" lon="119.5569290">
    <ele>88.7</ele>
    <time>2023-09-27T00:16:46Z</time>
   </trkpt>
   <trkpt lat="-8.6809340" lon="119.5569290">
    <ele>88.7</ele>
    <time>2023-09-27T00:16:47Z</time>
   </trkpt>
   <trkpt lat="-8.6809340" lon="119.5569280">
    <ele>88.7</ele>
    <time>2023-09-27T00:16:48Z</time>
   </trkpt>
   <trkpt lat="-8.6809340" lon="119.5569280">
    <ele>88.7</ele>
    <time>2023-09-27T00:16:49Z</time>
   </trkpt>
   <trkpt lat="-8.6809340" lon="119.5569280">
    <ele>88.7</ele>
    <time>2023-09-27T00:16:50Z</time>
   </trkpt>
   <trkpt lat="-8.6809340" lon="119.5569280">
    <ele>88.7</ele>
    <time>2023-09-27T00:16:51Z</time>
   </trkpt>
   <trkpt lat="-8.6809330" lon="119.5569280">
    <ele>88.7</ele>
    <time>2023-09-27T00:16:52Z</time>
   </trkpt>
   <trkpt lat="-8.6809330" lon="119.5569280">
    <ele>88.7</ele>
    <time>2023-09-27T00:16:53Z</time>
   </trkpt>
   <trkpt lat="-8.6809330" lon="119.5569280">
    <ele>88.7</ele>
    <time>2023-09-27T00:16:54Z</time>
   </trkpt>
   <trkpt lat="-8.6809330" lon="119.5569280">
    <ele>88.7</ele>
    <time>2023-09-27T00:16:55Z</time>
   </trkpt>
   <trkpt lat="-8.6809330" lon="119.5569280">
    <ele>88.7</ele>
    <time>2023-09-27T00:16:56Z</time>
   </trkpt>
   <trkpt lat="-8.6809330" lon="119.5569280">
    <ele>88.7</ele>
    <time>2023-09-27T00:16:57Z</time>
   </trkpt>
   <trkpt lat="-8.6809330" lon="119.5569280">
    <ele>88.7</ele>
    <time>2023-09-27T00:16:58Z</time>
   </trkpt>
   <trkpt lat="-8.6809330" lon="119.5569280">
    <ele>88.7</ele>
    <time>2023-09-27T00:16:59Z</time>
   </trkpt>
   <trkpt lat="-8.6809320" lon="119.5569280">
    <ele>88.7</ele>
    <time>2023-09-27T00:17:00Z</time>
   </trkpt>
   <trkpt lat="-8.6809320" lon="119.5569270">
    <ele>88.7</ele>
    <time>2023-09-27T00:17:01Z</time>
   </trkpt>
   <trkpt lat="-8.6809320" lon="119.5569270">
    <ele>88.7</ele>
    <time>2023-09-27T00:17:02Z</time>
   </trkpt>
   <trkpt lat="-8.6809320" lon="119.5569270">
    <ele>88.7</ele>
    <time>2023-09-27T00:17:03Z</time>
   </trkpt>
   <trkpt lat="-8.6809320" lon="119.5569270">
    <ele>88.7</ele>
    <time>2023-09-27T00:17:04Z</time>
   </trkpt>
   <trkpt lat="-8.6809320" lon="119.5569270">
    <ele>88.7</ele>
    <time>2023-09-27T00:17:05Z</time>
   </trkpt>
   <trkpt lat="-8.6809320" lon="119.5569270">
    <ele>88.7</ele>
    <time>2023-09-27T00:17:06Z</time>
   </trkpt>
   <trkpt lat="-8.6809310" lon="119.5569270">
    <ele>88.7</ele>
    <time>2023-09-27T00:17:07Z</time>
   </trkpt>
   <trkpt lat="-8.6809310" lon="119.5569270">
    <ele>88.7</ele>
    <time>2023-09-27T00:17:08Z</time>
   </trkpt>
   <trkpt lat="-8.6809310" lon="119.5569270">
    <ele>88.7</ele>
    <time>2023-09-27T00:17:09Z</time>
   </trkpt>
   <trkpt lat="-8.6809310" lon="119.5569270">
    <ele>88.7</ele>
    <time>2023-09-27T00:17:10Z</time>
   </trkpt>
   <trkpt lat="-8.6809310" lon="119.5569270">
    <ele>88.7</ele>
    <time>2023-09-27T00:17:11Z</time>
   </trkpt>
   <trkpt lat="-8.6809310" lon="119.5569270">
    <ele>88.7</ele>
    <time>2023-09-27T00:17:12Z</time>
   </trkpt>
   <trkpt lat="-8.6809310" lon="119.5569260">
    <ele>88.7</ele>
    <time>2023-09-27T00:17:13Z</time>
   </trkpt>
   <trkpt lat="-8.6809310" lon="119.5569260">
    <ele>88.7</ele>
    <time>2023-09-27T00:17:14Z</time>
   </trkpt>
   <trkpt lat="-8.6809300" lon="119.5569260">
    <ele>88.7</ele>
    <time>2023-09-27T00:17:15Z</time>
   </trkpt>
   <trkpt lat="-8.6809300" lon="119.5569260">
    <ele>88.7</ele>
    <time>2023-09-27T00:17:16Z</time>
   </trkpt>
   <trkpt lat="-8.6809300" lon="119.5569260">
    <ele>88.7</ele>
    <time>2023-09-27T00:17:17Z</time>
   </trkpt>
   <trkpt lat="-8.6809300" lon="119.5569260">
    <ele>88.7</ele>
    <time>2023-09-27T00:17:18Z</time>
   </trkpt>
   <trkpt lat="-8.6809300" lon="119.5569260">
    <ele>88.7</ele>
    <time>2023-09-27T00:17:19Z</time>
   </trkpt>
   <trkpt lat="-8.6809300" lon="119.5569260">
    <ele>88.7</ele>
    <time>2023-09-27T00:17:20Z</time>
   </trkpt>
   <trkpt lat="-8.6809300" lon="119.5569260">
    <ele>88.7</ele>
    <time>2023-09-27T00:17:21Z</time>
   </trkpt>
   <trkpt lat="-8.6809290" lon="119.5569260">
    <ele>88.7</ele>
    <time>2023-09-27T00:17:22Z</time>
   </trkpt>
   <trkpt lat="-8.6809290" lon="119.5569260">
    <ele>88.7</ele>
    <time>2023-09-27T00:17:23Z</time>
   </trkpt>
   <trkpt lat="-8.6809290" lon="119.5569260">
    <ele>88.7</ele>
    <time>2023-09-27T00:17:24Z</time>
   </trkpt>
   <trkpt lat="-8.6809290" lon="119.5569250">
    <ele>88.7</ele>
    <time>2023-09-27T00:17:25Z</time>
   </trkpt>
   <trkpt lat="-8.6809290" lon="119.5569250">
    <ele>88.7</ele>
    <time>2023-09-27T00:17:26Z</time>
   </trkpt>
   <trkpt lat="-8.6809290" lon="119.5569250">
    <ele>88.7</ele>
    <time>2023-09-27T00:17:27Z</time>
   </trkpt>
   <trkpt lat="-8.6809290" lon="119.5569250">
    <ele>88.7</ele>
    <time>2023-09-27T00:17:28Z</time>
   </trkpt>
   <trkpt lat="-8.6809290" lon="119.5569250">
    <ele>88.7</ele>
    <time>2023-09-27T00:17:29Z</time>
   </trkpt>
   <trkpt lat="-8.6809280" lon="119.5569250">
    <ele>88.7</ele>
    <time>2023-09-27T00:17:30Z</time>
   </trkpt>
   <trkpt lat="-8.6809280" lon="119.5569250">
    <ele>88.7</ele>
    <time>2023-09-27T00:17:31Z</time>
   </trkpt>
   <trkpt lat="-8.6809280" lon="119.5569250">
    <ele>88.7</ele>
    <time>2023-09-27T00:17:32Z</time>
   </trkpt>
   <trkpt lat="-8.6809280" lon="119.5569250">
    <ele>88.7</ele>
    <time>2023-09-27T00:17:33Z</time>
   </trkpt>
   <trkpt lat="-8.6809280" lon="119.5569250">
    <ele>88.7</ele>
    <time>2023-09-27T00:17:34Z</time>
   </trkpt>
   <trkpt lat="-8.6809280" lon="119.5569250">
    <ele>88.7</ele>
    <time>2023-09-27T00:17:35Z</time>
   </trkpt>
   <trkpt lat="-8.6809280" lon="119.5569250">
    <ele>88.7</ele>
    <time>2023-09-27T00:17:36Z</time>
   </trkpt>
   <trkpt lat="-8.6809270" lon="119.5569250">
    <ele>88.7</ele>
    <time>2023-09-27T00:17:37Z</time>
   </trkpt>
   <trkpt lat="-8.6809270" lon="119.5569240">
    <ele>88.7</ele>
    <time>2023-09-27T00:17:38Z</time>
   </trkpt>
   <trkpt lat="-8.6809270" lon="119.5569240">
    <ele>88.7</ele>
    <time>2023-09-27T00:17:39Z</time>
   </trkpt>
   <trkpt lat="-8.6809270" lon="119.5569240">
    <ele>88.7</ele>
    <time>2023-09-27T00:17:40Z</time>
   </trkpt>
   <trkpt lat="-8.6809270" lon="119.5569240">
    <ele>88.7</ele>
    <time>2023-09-27T00:17:41Z</time>
   </trkpt>
   <trkpt lat="-8.6809270" lon="119.5569240">
    <ele>88.7</ele>
    <time>2023-09-27T00:17:42Z</time>
   </trkpt>
   <trkpt lat="-8.6809270" lon="119.5569240">
    <ele>88.7</ele>
    <time>2023-09-27T00:17:43Z</time>
   </trkpt>
   <trkpt lat="-8.6809270" lon="119.5569240">
    <ele>88.7</ele>
    <time>2023-09-27T00:17:44Z</time>
   </trkpt>
   <trkpt lat="-8.6809260" lon="119.5569240">
    <ele>88.7</ele>
    <time>2023-09-27T00:17:45Z</time>
   </trkpt>
   <trkpt lat="-8.6809260" lon="119.5569240">
    <ele>88.7</ele>
    <time>2023-09-27T00:17:46Z</time>
   </trkpt>
   <trkpt lat="-8.6809260" lon="119.5569240">
    <ele>88.7</ele>
    <time>2023-09-27T00:17:47Z</time>
   </trkpt>
   <trkpt lat="-8.6809260" lon="119.5569240">
    <ele>88.7</ele>
    <time>2023-09-27T00:17:48Z</time>
   </trkpt>
   <trkpt lat="-8.6809260" lon="119.5569240">
    <ele>88.7</ele>
    <time>2023-09-27T00:17:49Z</time>
   </trkpt>
   <trkpt lat="-8.6809260" lon="119.5569230">
    <ele>88.7</ele>
    <time>2023-09-27T00:17:50Z</time>
   </trkpt>
   <trkpt lat="-8.6809260" lon="119.5569230">
    <ele>88.7</ele>
    <time>2023-09-27T00:17:51Z</time>
   </trkpt>
   <trkpt lat="-8.6809250" lon="119.5569230">
    <ele>88.7</ele>
    <time>2023-09-27T00:17:52Z</time>
   </trkpt>
   <trkpt lat="-8.6809250" lon="119.5569230">
    <ele>88.7</ele>
    <time>2023-09-27T00:17:53Z</time>
   </trkpt>
   <trkpt lat="-8.6809250" lon="119.5569230">
    <ele>88.7</ele>
    <time>2023-09-27T00:17:54Z</time>
   </trkpt>
   <trkpt lat="-8.6809250" lon="119.5569230">
    <ele>88.7</ele>
    <time>2023-09-27T00:17:55Z</time>
   </trkpt>
   <trkpt lat="-8.6809250" lon="119.5569230">
    <ele>88.7</ele>
    <time>2023-09-27T00:17:56Z</time>
   </trkpt>
   <trkpt lat="-8.6809250" lon="119.5569230">
    <ele>88.7</ele>
    <time>2023-09-27T00:17:57Z</time>
   </trkpt>
   <trkpt lat="-8.6809250" lon="119.5569230">
    <ele>88.7</ele>
    <time>2023-09-27T00:17:58Z</time>
   </trkpt>
   <trkpt lat="-8.6809250" lon="119.5569230">
    <ele>88.7</ele>
    <time>2023-09-27T00:17:59Z</time>
   </trkpt>
   <trkpt lat="-8.6809240" lon="119.5569230">
    <ele>88.7</ele>
    <time>2023-09-27T00:18:00Z</time>
   </trkpt>
   <trkpt lat="-8.6809240" lon="119.5569230">
    <ele>88.7</ele>
    <time>2023-09-27T00:18:01Z</time>
   </trkpt>
   <trkpt lat="-8.6809240" lon="119.5569220">
    <ele>88.7</ele>
    <time>2023-09-27T00:18:02Z</time>
   </trkpt>
   <trkpt lat="-8.6809240" lon="119.5569220">
    <ele>88.7</ele>
    <time>2023-09-27T00:18:03Z</time>
   </trkpt>
   <trkpt lat="-8.6809240" lon="119.5569220">
    <ele>88.7</ele>
    <time>2023-09-27T00:18:04Z</time>
   </trkpt>
   <trkpt lat="-8.6809240" lon="119.5569220">
    <ele>88.7</ele>
    <time>2023-09-27T00:18:05Z</time>
   </trkpt>
   <trkpt lat="-8.6809240" lon="119.5569220">
    <ele>88.7</ele>
    <time>2023-09-27T00:18:06Z</time>
   </trkpt>
   <trkpt lat="-8.6809230" lon="119.5569220">
    <ele>88.7</ele>
    <time>2023-09-27T00:18:07Z</time>
   </trkpt>
   <trkpt lat="-8.6809230" lon="119.5569220">
    <ele>88.7</ele>
    <time>2023-09-27T00:18:08Z</time>
   </trkpt>
   <trkpt lat="-8.6809230" lon="119.5569220">
    <ele>88.7</ele>
    <time>2023-09-27T00:18:09Z</time>
   </trkpt>
   <trkpt lat="-8.6809230" lon="119.5569220">
    <ele>88.7</ele>
    <time>2023-09-27T00:18:10Z</time>
   </trkpt>
   <trkpt lat="-8.6809230" lon="119.5569220">
    <ele>88.7</ele>
    <time>2023-09-27T00:18:11Z</time>
   </trkpt>
   <trkpt lat="-8.6809230" lon="119.5569220">
    <ele>88.7</ele>
    <time>2023-09-27T00:18:12Z</time>
   </trkpt>
   <trkpt lat="-8.6809230" lon="119.5569220">
    <ele>88.7</ele>
    <time>2023-09-27T00:18:13Z</time>
   </trkpt>
   <trkpt lat="-8.6809230" lon="119.5569220">
    <ele>88.7</ele>
    <time>2023-09-27T00:18:14Z</time>
   </trkpt>
   <trkpt lat="-8.6809220" lon="119.5569210">
    <ele>88.7</ele>
    <time>2023-09-27T00:18:15Z</time>
   </trkpt>
   <trkpt lat="-8.6809220" lon="119.5569210">
    <ele>88.7</ele>
    <time>2023-09-27T00:18:16Z</time>
   </trkpt>
   <trkpt lat="-8.6809220" lon="119.5569210">
    <ele>88.7</ele>
    <time>2023-09-27T00:18:17Z</time>
   </trkpt>
   <trkpt lat="-8.6809220" lon="119.5569210">
    <ele>88.7</ele>
    <time>2023-09-27T00:18:18Z</time>
   </trkpt>
   <trkpt lat="-8.6809220" lon="119.5569210">
    <ele>88.7</ele>
    <time>2023-09-27T00:18:19Z</time>
   </trkpt>
   <trkpt lat="-8.6809220" lon="119.5569210">
    <ele>88.7</ele>
    <time>2023-09-27T00:18:20Z</time>
   </trkpt>
   <trkpt lat="-8.6809220" lon="119.5569210">
    <ele>88.7</ele>
    <time>2023-09-27T00:18:21Z</time>
   </trkpt>
   <trkpt lat="-8.6809210" lon="119.5569210">
    <ele>88.7</ele>
    <time>2023-09-27T00:18:22Z</time>
   </trkpt>
   <trkpt lat="-8.6809210" lon="119.5569210">
    <ele>88.7</ele>
    <time>2023-09-27T00:18:23Z</time>
   </trkpt>
   <trkpt lat="-8.6809210" lon="119.5569210">
    <ele>88.7</ele>
    <time>2023-09-27T00:18:24Z</time>
   </trkpt>
   <trkpt lat="-8.6809210" lon="119.5569210">
    <ele>88.7</ele>
    <time>2023-09-27T00:18:25Z</time>
   </trkpt>
   <trkpt lat="-8.6809210" lon="119.5569210">
    <ele>88.7</ele>
    <time>2023-09-27T00:18:26Z</time>
   </trkpt>
   <trkpt lat="-8.6809210" lon="119.5569200">
    <ele>88.6</ele>
    <time>2023-09-27T00:18:27Z</time>
   </trkpt>
   <trkpt lat="-8.6809210" lon="119.5569200">
    <ele>88.6</ele>
    <time>2023-09-27T00:18:28Z</time>
   </trkpt>
   <trkpt lat="-8.6809210" lon="119.5569200">
    <ele>88.6</ele>
    <time>2023-09-27T00:18:29Z</time>
   </trkpt>
   <trkpt lat="-8.6809200" lon="119.5569200">
    <ele>88.6</ele>
    <time>2023-09-27T00:18:30Z</time>
   </trkpt>
   <trkpt lat="-8.6809200" lon="119.5569200">
    <ele>88.6</ele>
    <time>2023-09-27T00:18:31Z</time>
   </trkpt>
   <trkpt lat="-8.6809200" lon="119.5569200">
    <ele>88.6</ele>
    <time>2023-09-27T00:18:32Z</time>
   </trkpt>
   <trkpt lat="-8.6809200" lon="119.5569200">
    <ele>88.6</ele>
    <time>2023-09-27T00:18:33Z</time>
   </trkpt>
   <trkpt lat="-8.6809200" lon="119.5569200">
    <ele>88.6</ele>
    <time>2023-09-27T00:18:34Z</time>
   </trkpt>
   <trkpt lat="-8.6809200" lon="119.5569200">
    <ele>88.6</ele>
    <time>2023-09-27T00:18:35Z</time>
   </trkpt>
   <trkpt lat="-8.6809200" lon="119.5569200">
    <ele>88.6</ele>
    <time>2023-09-27T00:18:36Z</time>
   </trkpt>
   <trkpt lat="-8.6809190" lon="119.5569200">
    <ele>88.6</ele>
    <time>2023-09-27T00:18:37Z</time>
   </trkpt>
   <trkpt lat="-8.6809190" lon="119.5569200">
    <ele>88.6</ele>
    <time>2023-09-27T00:18:38Z</time>
   </trkpt>
   <trkpt lat="-8.6809190" lon="119.5569190">
    <ele>88.6</ele>
    <time>2023-09-27T00:18:39Z</time>
   </trkpt>
   <trkpt lat="-8.6809190" lon="119.5569190">
    <ele>88.6</ele>
    <time>2023-09-27T00:18:40Z</time>
   </trkpt>
   <trkpt lat="-8.6809190" lon="119.5569190">
    <ele>88.6</ele>
    <time>2023-09-27T00:18:41Z</time>
   </trkpt>
   <trkpt lat="-8.6809190" lon="119.5569190">
    <ele>88.6</ele>
    <time>2023-09-27T00:18:42Z</time>
   </trkpt>
   <trkpt lat="-8.6809190" lon="119.5569190">
    <ele>88.6</ele>
    <time>2023-09-27T00:18:43Z</time>
   </trkpt>
   <trkpt lat="-8.6809190" lon="119.5569190">
    <ele>88.6</ele>
    <time>2023-09-27T00:18:44Z</time>
   </trkpt>
   <trkpt lat="-8.6809180" lon="119.5569190">
    <ele>88.6</ele>
    <time>2023-09-27T00:18:45Z</time>
   </trkpt>
   <trkpt lat="-8.6809180" lon="119.5569190">
    <ele>88.6</ele>
    <time>2023-09-27T00:18:46Z</time>
   </trkpt>
   <trkpt lat="-8.6809180" lon="119.5569190">
    <ele>88.6</ele>
    <time>2023-09-27T00:18:47Z</time>
   </trkpt>
   <trkpt lat="-8.6809180" lon="119.5569190">
    <ele>88.6</ele>
    <time>2023-09-27T00:18:48Z</time>
   </trkpt>
   <trkpt lat="-8.6809180" lon="119.5569190">
    <ele>88.6</ele>
    <time>2023-09-27T00:18:49Z</time>
   </trkpt>
   <trkpt lat="-8.6809180" lon="119.5569190">
    <ele>88.6</ele>
    <time>2023-09-27T00:18:50Z</time>
   </trkpt>
   <trkpt lat="-8.6809180" lon="119.5569190">
    <ele>88.6</ele>
    <time>2023-09-27T00:18:51Z</time>
   </trkpt>
   <trkpt lat="-8.6809170" lon="119.5569180">
    <ele>88.6</ele>
    <time>2023-09-27T00:18:52Z</time>
   </trkpt>
   <trkpt lat="-8.6809170" lon="119.5569180">
    <ele>88.6</ele>
    <time>2023-09-27T00:18:53Z</time>
   </trkpt>
   <trkpt lat="-8.6809170" lon="119.5569180">
    <ele>88.6</ele>
    <time>2023-09-27T00:18:54Z</time>
   </trkpt>
   <trkpt lat="-8.6809170" lon="119.5569180">
    <ele>88.6</ele>
    <time>2023-09-27T00:18:55Z</time>
   </trkpt>
   <trkpt lat="-8.6809170" lon="119.5569180">
    <ele>88.6</ele>
    <time>2023-09-27T00:18:56Z</time>
   </trkpt>
   <trkpt lat="-8.6809170" lon="119.5569180">
    <ele>88.6</ele>
    <time>2023-09-27T00:18:57Z</time>
   </trkpt>
   <trkpt lat="-8.6809170" lon="119.5569180">
    <ele>88.6</ele>
    <time>2023-09-27T00:18:58Z</time>
   </trkpt>
   <trkpt lat="-8.6809170" lon="119.5569180">
    <ele>88.6</ele>
    <time>2023-09-27T00:18:59Z</time>
   </trkpt>
   <trkpt lat="-8.6809160" lon="119.5569180">
    <ele>88.6</ele>
    <time>2023-09-27T00:19:00Z</time>
   </trkpt>
   <trkpt lat="-8.6809160" lon="119.5569180">
    <ele>88.6</ele>
    <time>2023-09-27T00:19:01Z</time>
   </trkpt>
   <trkpt lat="-8.6809160" lon="119.5569180">
    <ele>88.6</ele>
    <time>2023-09-27T00:19:02Z</time>
   </trkpt>
   <trkpt lat="-8.6809160" lon="119.5569180">
    <ele>88.6</ele>
    <time>2023-09-27T00:19:03Z</time>
   </trkpt>
   <trkpt lat="-8.6809160" lon="119.5569170">
    <ele>88.6</ele>
    <time>2023-09-27T00:19:04Z</time>
   </trkpt>
   <trkpt lat="-8.6809160" lon="119.5569170">
    <ele>88.6</ele>
    <time>2023-09-27T00:19:05Z</time>
   </trkpt>
   <trkpt lat="-8.6809160" lon="119.5569170">
    <ele>88.6</ele>
    <time>2023-09-27T00:19:06Z</time>
   </trkpt>
   <trkpt lat="-8.6809150" lon="119.5569170">
    <ele>88.6</ele>
    <time>2023-09-27T00:19:07Z</time>
   </trkpt>
   <trkpt lat="-8.6809150" lon="119.5569170">
    <ele>88.6</ele>
    <time>2023-09-27T00:19:08Z</time>
   </trkpt>
   <trkpt lat="-8.6809150" lon="119.5569170">
    <ele>88.6</ele>
    <time>2023-09-27T00:19:09Z</time>
   </trkpt>
   <trkpt lat="-8.6809150" lon="119.5569170">
    <ele>88.6</ele>
    <time>2023-09-27T00:19:10Z</time>
   </trkpt>
   <trkpt lat="-8.6809150" lon="119.5569170">
    <ele>88.6</ele>
    <time>2023-09-27T00:19:11Z</time>
   </trkpt>
   <trkpt lat="-8.6809150" lon="119.5569170">
    <ele>88.6</ele>
    <time>2023-09-27T00:19:12Z</time>
   </trkpt>
   <trkpt lat="-8.6809150" lon="119.5569170">
    <ele>88.6</ele>
    <time>2023-09-27T00:19:13Z</time>
   </trkpt>
   <trkpt lat="-8.6809150" lon="119.5569170">
    <ele>88.6</ele>
    <time>2023-09-27T00:19:14Z</time>
   </trkpt>
   <trkpt lat="-8.6809140" lon="119.5569170">
    <ele>88.6</ele>
    <time>2023-09-27T00:19:15Z</time>
   </trkpt>
   <trkpt lat="-8.6809140" lon="119.5569170">
    <ele>88.6</ele>
    <time>2023-09-27T00:19:16Z</time>
   </trkpt>
   <trkpt lat="-8.6809140" lon="119.5569160">
    <ele>88.6</ele>
    <time>2023-09-27T00:19:17Z</time>
   </trkpt>
   <trkpt lat="-8.6809140" lon="119.5569160">
    <ele>88.6</ele>
    <time>2023-09-27T00:19:18Z</time>
   </trkpt>
   <trkpt lat="-8.6809140" lon="119.5569160">
    <ele>88.6</ele>
    <time>2023-09-27T00:19:19Z</time>
   </trkpt>
   <trkpt lat="-8.6809140" lon="119.5569160">
    <ele>88.6</ele>
    <time>2023-09-27T00:19:20Z</time>
   </trkpt>
   <trkpt lat="-8.6809140" lon="119.5569160">
    <ele>88.6</ele>
    <time>2023-09-27T00:19:21Z</time>
   </trkpt>
   <trkpt lat="-8.6809130" lon="119.5569160">
    <ele>88.6</ele>
    <time>2023-09-27T00:19:22Z</time>
   </trkpt>
   <trkpt lat="-8.6809130" lon="119.5569160">
    <ele>88.6</ele>
    <time>2023-09-27T00:19:23Z</time>
   </trkpt>
   <trkpt lat="-8.6809130" lon="119.5569160">
    <ele>88.6</ele>
    <time>2023-09-27T00:19:24Z</time>
   </trkpt>
   <trkpt lat="-8.6809130" lon="119.5569160">
    <ele>88.6</ele>
    <time>2023-09-27T00:19:25Z</time>
   </trkpt>
   <trkpt lat="-8.6809130" lon="119.5569160">
    <ele>88.6</ele>
    <time>2023-09-27T00:19:26Z</time>
   </trkpt>
   <trkpt lat="-8.6809130" lon="119.5569160">
    <ele>88.6</ele>
    <time>2023-09-27T00:19:27Z</time>
   </trkpt>
   <trkpt lat="-8.6809130" lon="119.5569160">
    <ele>88.6</ele>
    <time>2023-09-27T00:19:28Z</time>
   </trkpt>
   <trkpt lat="-8.6809130" lon="119.5569150">
    <ele>88.6</ele>
    <time>2023-09-27T00:19:29Z</time>
   </trkpt>
   <trkpt lat="-8.6809120" lon="119.5569150">
    <ele>88.6</ele>
    <time>2023-09-27T00:19:30Z</time>
   </trkpt>
   <trkpt lat="-8.6809120" lon="119.5569150">
    <ele>88.6</ele>
    <time>2023-09-27T00:19:31Z</time>
   </trkpt>
   <trkpt lat="-8.6809120" lon="119.5569150">
    <ele>88.6</ele>
    <time>2023-09-27T00:19:32Z</time>
   </trkpt>
   <trkpt lat="-8.6809120" lon="119.5569150">
    <ele>88.6</ele>
    <time>2023-09-27T00:19:33Z</time>
   </trkpt>
   <trkpt lat="-8.6809120" lon="119.5569150">
    <ele>88.6</ele>
    <time>2023-09-27T00:19:34Z</time>
   </trkpt>
   <trkpt lat="-8.6809120" lon="119.5569150">
    <ele>88.6</ele>
    <time>2023-09-27T00:19:35Z</time>
   </trkpt>
   <trkpt lat="-8.6809120" lon="119.5569150">
    <ele>88.6</ele>
    <time>2023-09-27T00:19:36Z</time>
   </trkpt>
   <trkpt lat="-8.6809110" lon="119.5569150">
    <ele>88.6</ele>
    <time>2023-09-27T00:19:37Z</time>
   </trkpt>
   <trkpt lat="-8.6809110" lon="119.5569150">
    <ele>88.6</ele>
    <time>2023-09-27T00:19:38Z</time>
   </trkpt>
   <trkpt lat="-8.6809110" lon="119.5569150">
    <ele>88.6</ele>
    <time>2023-09-27T00:19:39Z</time>
   </trkpt>
   <trkpt lat="-8.6809110" lon="119.5569150">
    <ele>88.6</ele>
    <time>2023-09-27T00:19:40Z</time>
   </trkpt>
   <trkpt lat="-8.6809110" lon="119.5569140">
    <ele>88.6</ele>
    <time>2023-09-27T00:19:41Z</time>
   </trkpt>
   <trkpt lat="-8.6809110" lon="119.5569140">
    <ele>88.6</ele>
    <time>2023-09-27T00:19:42Z</time>
   </trkpt>
   <trkpt lat="-8.6809110" lon="119.5569140">
    <ele>88.6</ele>
    <time>2023-09-27T00:19:43Z</time>
   </trkpt>
   <trkpt lat="-8.6809110" lon="119.5569140">
    <ele>88.6</ele>
    <time>2023-09-27T00:19:44Z</time>
   </trkpt>
   <trkpt lat="-8.6809100" lon="119.5569140">
    <ele>88.6</ele>
    <time>2023-09-27T00:19:45Z</time>
   </trkpt>
   <trkpt lat="-8.6809100" lon="119.5569140">
    <ele>88.6</ele>
    <time>2023-09-27T00:19:46Z</time>
   </trkpt>
   <trkpt lat="-8.6809100" lon="119.5569140">
    <ele>88.6</ele>
    <time>2023-09-27T00:19:47Z</time>
   </trkpt>
   <trkpt lat="-8.6809100" lon="119.5569140">
    <ele>88.6</ele>
    <time>2023-09-27T00:19:48Z</time>
   </trkpt>
   <trkpt lat="-8.6809100" lon="119.5569140">
    <ele>88.6</ele>
    <time>2023-09-27T00:19:49Z</time>
   </trkpt>
   <trkpt lat="-8.6809100" lon="119.5569140">
    <ele>88.6</ele>
    <time>2023-09-27T00:19:50Z</time>
   </trkpt>
   <trkpt lat="-8.6809100" lon="119.5569140">
    <ele>88.6</ele>
    <time>2023-09-27T00:19:51Z</time>
   </trkpt>
   <trkpt lat="-8.6809090" lon="119.5569140">
    <ele>88.6</ele>
    <time>2023-09-27T00:19:52Z</time>
   </trkpt>
   <trkpt lat="-8.6809090" lon="119.5569140">
    <ele>88.6</ele>
    <time>2023-09-27T00:19:53Z</time>
   </trkpt>
   <trkpt lat="-8.6809090" lon="119.5569130">
    <ele>88.6</ele>
    <time>2023-09-27T00:19:54Z</time>
   </trkpt>
   <trkpt lat="-8.6809090" lon="119.5569130">
    <ele>88.6</ele>
    <time>2023-09-27T00:19:55Z</time>
   </trkpt>
   <trkpt lat="-8.6809090" lon="119.5569130">
    <ele>88.6</ele>
    <time>2023-09-27T00:19:56Z</time>
   </trkpt>
   <trkpt lat="-8.6809090" lon="119.5569130">
    <ele>88.6</ele>
    <time>2023-09-27T00:19:57Z</time>
   </trkpt>
   <trkpt lat="-8.6809090" lon="119.5569130">
    <ele>88.6</ele>
    <time>2023-09-27T00:19:58Z</time>
   </trkpt>
   <trkpt lat="-8.6809090" lon="119.5569130">
    <ele>88.6</ele>
    <time>2023-09-27T00:19:59Z</time>
   </trkpt>
   <trkpt lat="-8.6809080" lon="119.5569130">
    <ele>88.6</ele>
    <time>2023-09-27T00:20:00Z</time>
   </trkpt>
   <trkpt lat="-8.6809080" lon="119.5569130">
    <ele>88.6</ele>
    <time>2023-09-27T00:20:01Z</time>
   </trkpt>
   <trkpt lat="-8.6809080" lon="119.5569130">
    <ele>88.6</ele>
    <time>2023-09-27T00:20:02Z</time>
   </trkpt>
   <trkpt lat="-8.6809080" lon="119.5569130">
    <ele>88.6</ele>
    <time>2023-09-27T00:20:03Z</time>
   </trkpt>
   <trkpt lat="-8.6809080" lon="119.5569130">
    <ele>88.6</ele>
    <time>2023-09-27T00:20:04Z</time>
   </trkpt>
   <trkpt lat="-8.6809150" lon="119.5569000">
    <ele>88.5</ele>
    <time>2023-09-27T00:20:05Z</time>
   </trkpt>
   <trkpt lat="-8.6809250" lon="119.5569050">
    <ele>88.5</ele>
    <time>2023-09-27T00:20:06Z</time>
   </trkpt>
   <trkpt lat="-8.6809320" lon="119.5569070">
    <ele>88.5</ele>
    <time>2023-09-27T00:20:07Z</time>
   </trkpt>
   <trkpt lat="-8.6809370" lon="119.5569080">
    <ele>88.4</ele>
    <time>2023-09-27T00:20:08Z</time>
   </trkpt>
   <trkpt lat="-8.6809360" lon="119.5569130">
    <ele>88.4</ele>
    <time>2023-09-27T00:20:09Z</time>
   </trkpt>
   <trkpt lat="-8.6809370" lon="119.5569070">
    <ele>88.4</ele>
    <time>2023-09-27T00:20:10Z</time>
   </trkpt>
   <trkpt lat="-8.6809410" lon="119.5569050">
    <ele>88.4</ele>
    <time>2023-09-27T00:20:11Z</time>
   </trkpt>
   <trkpt lat="-8.6809400" lon="119.5569030">
    <ele>88.4</ele>
    <time>2023-09-27T00:20:12Z</time>
   </trkpt>
   <trkpt lat="-8.6809400" lon="119.5569000">
    <ele>88.4</ele>
    <time>2023-09-27T00:20:13Z</time>
   </trkpt>
   <trkpt lat="-8.6809430" lon="119.5569000">
    <ele>88.4</ele>
    <time>2023-09-27T00:20:14Z</time>
   </trkpt>
   <trkpt lat="-8.6809430" lon="119.5569000">
    <ele>88.4</ele>
    <time>2023-09-27T00:20:15Z</time>
   </trkpt>
   <trkpt lat="-8.6809430" lon="119.5568990">
    <ele>88.4</ele>
    <time>2023-09-27T00:20:16Z</time>
   </trkpt>
   <trkpt lat="-8.6809410" lon="119.5568950">
    <ele>88.3</ele>
    <time>2023-09-27T00:20:17Z</time>
   </trkpt>
   <trkpt lat="-8.6809410" lon="119.5568930">
    <ele>88.3</ele>
    <time>2023-09-27T00:20:18Z</time>
   </trkpt>
   <trkpt lat="-8.6809430" lon="119.5568920">
    <ele>88.3</ele>
    <time>2023-09-27T00:20:19Z</time>
   </trkpt>
   <trkpt lat="-8.6809450" lon="119.5568900">
    <ele>88.3</ele>
    <time>2023-09-27T00:20:20Z</time>
   </trkpt>
   <trkpt lat="-8.6809450" lon="119.5568900">
    <ele>88.3</ele>
    <time>2023-09-27T00:20:21Z</time>
   </trkpt>
   <trkpt lat="-8.6809450" lon="119.5568900">
    <ele>88.3</ele>
    <time>2023-09-27T00:20:22Z</time>
   </trkpt>
   <trkpt lat="-8.6809410" lon="119.5568880">
    <ele>88.3</ele>
    <time>2023-09-27T00:20:23Z</time>
   </trkpt>
   <trkpt lat="-8.6809410" lon="119.5568860">
    <ele>88.3</ele>
    <time>2023-09-27T00:20:24Z</time>
   </trkpt>
   <trkpt lat="-8.6809430" lon="119.5568900">
    <ele>88.3</ele>
    <time>2023-09-27T00:20:25Z</time>
   </trkpt>
   <trkpt lat="-8.6809420" lon="119.5568900">
    <ele>88.3</ele>
    <time>2023-09-27T00:20:26Z</time>
   </trkpt>
   <trkpt lat="-8.6809420" lon="119.5568890">
    <ele>88.3</ele>
    <time>2023-09-27T00:20:27Z</time>
   </trkpt>
   <trkpt lat="-8.6809430" lon="119.5568860">
    <ele>88.3</ele>
    <time>2023-09-27T00:20:28Z</time>
   </trkpt>
   <trkpt lat="-8.6809460" lon="119.5568850">
    <ele>88.2</ele>
    <time>2023-09-27T00:20:29Z</time>
   </trkpt>
   <trkpt lat="-8.6809430" lon="119.5568810">
    <ele>88.2</ele>
    <time>2023-09-27T00:20:30Z</time>
   </trkpt>
   <trkpt lat="-8.6809470" lon="119.5568760">
    <ele>88.2</ele>
    <time>2023-09-27T00:20:31Z</time>
   </trkpt>
   <trkpt lat="-8.6809480" lon="119.5568700">
    <ele>88.2</ele>
    <time>2023-09-27T00:20:32Z</time>
   </trkpt>
   <trkpt lat="-8.6809480" lon="119.5568700">
    <ele>88.2</ele>
    <time>2023-09-27T00:20:33Z</time>
   </trkpt>
   <trkpt lat="-8.6809510" lon="119.5568730">
    <ele>88.2</ele>
    <time>2023-09-27T00:20:34Z</time>
   </trkpt>
   <trkpt lat="-8.6809500" lon="119.5568730">
    <ele>88.2</ele>
    <time>2023-09-27T00:20:35Z</time>
   </trkpt>
   <trkpt lat="-8.6809500" lon="119.5568730">
    <ele>88.2</ele>
    <time>2023-09-27T00:20:36Z</time>
   </trkpt>
   <trkpt lat="-8.6809540" lon="119.5568740">
    <ele>88.1</ele>
    <time>2023-09-27T00:20:37Z</time>
   </trkpt>
   <trkpt lat="-8.6809520" lon="119.5568740">
    <ele>88.1</ele>
    <time>2023-09-27T00:20:38Z</time>
   </trkpt>
   <trkpt lat="-8.6809550" lon="119.5568770">
    <ele>88.1</ele>
    <time>2023-09-27T00:20:39Z</time>
   </trkpt>
   <trkpt lat="-8.6809560" lon="119.5568780">
    <ele>88.1</ele>
    <time>2023-09-27T00:20:40Z</time>
   </trkpt>
   <trkpt lat="-8.6809570" lon="119.5568730">
    <ele>88.1</ele>
    <time>2023-09-27T00:20:41Z</time>
   </trkpt>
   <trkpt lat="-8.6809560" lon="119.5568720">
    <ele>88.1</ele>
    <time>2023-09-27T00:20:42Z</time>
   </trkpt>
   <trkpt lat="-8.6809580" lon="119.5568730">
    <ele>88.1</ele>
    <time>2023-09-27T00:20:43Z</time>
   </trkpt>
   <trkpt lat="-8.6809580" lon="119.5568730">
    <ele>88.1</ele>
    <time>2023-09-27T00:20:44Z</time>
   </trkpt>
   <trkpt lat="-8.6809580" lon="119.5568730">
    <ele>88.1</ele>
    <time>2023-09-27T00:20:45Z</time>
   </trkpt>
   <trkpt lat="-8.6809580" lon="119.5568730">
    <ele>88.1</ele>
    <time>2023-09-27T00:20:46Z</time>
   </trkpt>
   <trkpt lat="-8.6809580" lon="119.5568730">
    <ele>88.1</ele>
    <time>2023-09-27T00:20:47Z</time>
   </trkpt>
   <trkpt lat="-8.6809580" lon="119.5568730">
    <ele>88.1</ele>
    <time>2023-09-27T00:20:48Z</time>
   </trkpt>
   <trkpt lat="-8.6809580" lon="119.5568730">
    <ele>88.1</ele>
    <time>2023-09-27T00:20:49Z</time>
   </trkpt>
   <trkpt lat="-8.6809580" lon="119.5568730">
    <ele>88.1</ele>
    <time>2023-09-27T00:20:50Z</time>
   </trkpt>
   <trkpt lat="-8.6809580" lon="119.5568730">
    <ele>88.1</ele>
    <time>2023-09-27T00:20:51Z</time>
   </trkpt>
   <trkpt lat="-8.6809580" lon="119.5568730">
    <ele>88.1</ele>
    <time>2023-09-27T00:20:52Z</time>
   </trkpt>
   <trkpt lat="-8.6809580" lon="119.5568730">
    <ele>88.1</ele>
    <time>2023-09-27T00:20:53Z</time>
   </trkpt>
   <trkpt lat="-8.6809550" lon="119.5568590">
    <ele>88.0</ele>
    <time>2023-09-27T00:20:54Z</time>
   </trkpt>
   <trkpt lat="-8.6809560" lon="119.5568600">
    <ele>88.0</ele>
    <time>2023-09-27T00:20:55Z</time>
   </trkpt>
   <trkpt lat="-8.6809560" lon="119.5568670">
    <ele>88.0</ele>
    <time>2023-09-27T00:20:56Z</time>
   </trkpt>
   <trkpt lat="-8.6809580" lon="119.5568650">
    <ele>88.0</ele>
    <time>2023-09-27T00:20:57Z</time>
   </trkpt>
   <trkpt lat="-8.6809580" lon="119.5568650">
    <ele>88.0</ele>
    <time>2023-09-27T00:20:58Z</time>
   </trkpt>
   <trkpt lat="-8.6809580" lon="119.5568650">
    <ele>88.0</ele>
    <time>2023-09-27T00:20:59Z</time>
   </trkpt>
   <trkpt lat="-8.6809580" lon="119.5568650">
    <ele>88.0</ele>
    <time>2023-09-27T00:21:00Z</time>
   </trkpt>
   <trkpt lat="-8.6809580" lon="119.5568650">
    <ele>88.0</ele>
    <time>2023-09-27T00:21:01Z</time>
   </trkpt>
   <trkpt lat="-8.6809580" lon="119.5568650">
    <ele>88.0</ele>
    <time>2023-09-27T00:21:02Z</time>
   </trkpt>
   <trkpt lat="-8.6809600" lon="119.5568620">
    <ele>88.0</ele>
    <time>2023-09-27T00:21:03Z</time>
   </trkpt>
   <trkpt lat="-8.6809580" lon="119.5568630">
    <ele>88.0</ele>
    <time>2023-09-27T00:21:04Z</time>
   </trkpt>
   <trkpt lat="-8.6809570" lon="119.5568630">
    <ele>88.0</ele>
    <time>2023-09-27T00:21:05Z</time>
   </trkpt>
   <trkpt lat="-8.6809560" lon="119.5568650">
    <ele>88.0</ele>
    <time>2023-09-27T00:21:06Z</time>
   </trkpt>
   <trkpt lat="-8.6809560" lon="119.5568650">
    <ele>88.0</ele>
    <time>2023-09-27T00:21:07Z</time>
   </trkpt>
   <trkpt lat="-8.6809550" lon="119.5568660">
    <ele>88.0</ele>
    <time>2023-09-27T00:21:08Z</time>
   </trkpt>
   <trkpt lat="-8.6809520" lon="119.5568630">
    <ele>87.9</ele>
    <time>2023-09-27T00:21:09Z</time>
   </trkpt>
   <trkpt lat="-8.6809510" lon="119.5568660">
    <ele>87.9</ele>
    <time>2023-09-27T00:21:10Z</time>
   </trkpt>
   <trkpt lat="-8.6809490" lon="119.5568650">
    <ele>87.9</ele>
    <time>2023-09-27T00:21:11Z</time>
   </trkpt>
   <trkpt lat="-8.6809420" lon="119.5568670">
    <ele>87.9</ele>
    <time>2023-09-27T00:21:12Z</time>
   </trkpt>
   <trkpt lat="-8.6809400" lon="119.5568700">
    <ele>87.9</ele>
    <time>2023-09-27T00:21:13Z</time>
   </trkpt>
   <trkpt lat="-8.6809330" lon="119.5568750">
    <ele>87.9</ele>
    <time>2023-09-27T00:21:14Z</time>
   </trkpt>
   <trkpt lat="-8.6809300" lon="119.5568780">
    <ele>87.8</ele>
    <time>2023-09-27T00:21:15Z</time>
   </trkpt>
   <trkpt lat="-8.6809260" lon="119.5568820">
    <ele>87.8</ele>
    <time>2023-09-27T00:21:16Z</time>
   </trkpt>
   <trkpt lat="-8.6809200" lon="119.5568810">
    <ele>87.8</ele>
    <time>2023-09-27T00:21:17Z</time>
   </trkpt>
   <trkpt lat="-8.6809120" lon="119.5568810">
    <ele>87.8</ele>
    <time>2023-09-27T00:21:18Z</time>
   </trkpt>
   <trkpt lat="-8.6809050" lon="119.5568800">
    <ele>87.7</ele>
    <time>2023-09-27T00:21:19Z</time>
   </trkpt>
   <trkpt lat="-8.6809060" lon="119.5568720">
    <ele>87.7</ele>
    <time>2023-09-27T00:21:20Z</time>
   </trkpt>
   <trkpt lat="-8.6809000" lon="119.5568690">
    <ele>87.7</ele>
    <time>2023-09-27T00:21:21Z</time>
   </trkpt>
   <trkpt lat="-8.6808950" lon="119.5568660">
    <ele>87.7</ele>
    <time>2023-09-27T00:21:22Z</time>
   </trkpt>
   <trkpt lat="-8.6808850" lon="119.5568630">
    <ele>87.6</ele>
    <time>2023-09-27T00:21:23Z</time>
   </trkpt>
   <trkpt lat="-8.6808790" lon="119.5568620">
    <ele>87.6</ele>
    <time>2023-09-27T00:21:24Z</time>
   </trkpt>
   <trkpt lat="-8.6808720" lon="119.5568610">
    <ele>87.6</ele>
    <time>2023-09-27T00:21:25Z</time>
   </trkpt>
   <trkpt lat="-8.6808740" lon="119.5568530">
    <ele>87.6</ele>
    <time>2023-09-27T00:21:26Z</time>
   </trkpt>
   <trkpt lat="-8.6808750" lon="119.5568480">
    <ele>87.5</ele>
    <time>2023-09-27T00:21:27Z</time>
   </trkpt>
   <trkpt lat="-8.6808720" lon="119.5568460">
    <ele>87.5</ele>
    <time>2023-09-27T00:21:28Z</time>
   </trkpt>
   <trkpt lat="-8.6808650" lon="119.5568410">
    <ele>87.5</ele>
    <time>2023-09-27T00:21:29Z</time>
   </trkpt>
   <trkpt lat="-8.6808630" lon="119.5568380">
    <ele>87.5</ele>
    <time>2023-09-27T00:21:30Z</time>
   </trkpt>
   <trkpt lat="-8.6808570" lon="119.5568350">
    <ele>87.5</ele>
    <time>2023-09-27T00:21:31Z</time>
   </trkpt>
   <trkpt lat="-8.6808580" lon="119.5568380">
    <ele>87.5</ele>
    <time>2023-09-27T00:21:32Z</time>
   </trkpt>
   <trkpt lat="-8.6808540" lon="119.5568400">
    <ele>87.4</ele>
    <time>2023-09-27T00:21:33Z</time>
   </trkpt>
   <trkpt lat="-8.6808450" lon="119.5568400">
    <ele>87.4</ele>
    <time>2023-09-27T00:21:34Z</time>
   </trkpt>
   <trkpt lat="-8.6808390" lon="119.5568420">
    <ele>87.4</ele>
    <time>2023-09-27T00:21:35Z</time>
   </trkpt>
   <trkpt lat="-8.6808370" lon="119.5568490">
    <ele>87.4</ele>
    <time>2023-09-27T00:21:36Z</time>
   </trkpt>
   <trkpt lat="-8.6808340" lon="119.5568550">
    <ele>87.3</ele>
    <time>2023-09-27T00:21:37Z</time>
   </trkpt>
   <trkpt lat="-8.6808260" lon="119.5568500">
    <ele>87.3</ele>
    <time>2023-09-27T00:21:38Z</time>
   </trkpt>
   <trkpt lat="-8.6808200" lon="119.5568460">
    <ele>87.3</ele>
    <time>2023-09-27T00:21:39Z</time>
   </trkpt>
   <trkpt lat="-8.6808150" lon="119.5568410">
    <ele>87.2</ele>
    <time>2023-09-27T00:21:40Z</time>
   </trkpt>
   <trkpt lat="-8.6808060" lon="119.5568420">
    <ele>87.2</ele>
    <time>2023-09-27T00:21:41Z</time>
   </trkpt>
   <trkpt lat="-8.6807980" lon="119.5568400">
    <ele>87.2</ele>
    <time>2023-09-27T00:21:42Z</time>
   </trkpt>
   <trkpt lat="-8.6807930" lon="119.5568350">
    <ele>87.2</ele>
    <time>2023-09-27T00:21:43Z</time>
   </trkpt>
   <trkpt lat="-8.6807900" lon="119.5568310">
    <ele>87.1</ele>
    <time>2023-09-27T00:21:44Z</time>
   </trkpt>
   <trkpt lat="-8.6807870" lon="119.5568270">
    <ele>87.1</ele>
    <time>2023-09-27T00:21:45Z</time>
   </trkpt>
   <trkpt lat="-8.6807790" lon="119.5568290">
    <ele>87.1</ele>
    <time>2023-09-27T00:21:46Z</time>
   </trkpt>
   <trkpt lat="-8.6807770" lon="119.5568290">
    <ele>87.1</ele>
    <time>2023-09-27T00:21:47Z</time>
   </trkpt>
   <trkpt lat="-8.6807750" lon="119.5568330">
    <ele>87.1</ele>
    <time>2023-09-27T00:21:48Z</time>
   </trkpt>
   <trkpt lat="-8.6807710" lon="119.5568360">
    <ele>87.1</ele>
    <time>2023-09-27T00:21:49Z</time>
   </trkpt>
   <trkpt lat="-8.6807690" lon="119.5568360">
    <ele>87.0</ele>
    <time>2023-09-27T00:21:50Z</time>
   </trkpt>
   <trkpt lat="-8.6807700" lon="119.5568360">
    <ele>87.0</ele>
    <time>2023-09-27T00:21:51Z</time>
   </trkpt>
   <trkpt lat="-8.6807740" lon="119.5568310">
    <ele>87.0</ele>
    <time>2023-09-27T00:21:52Z</time>
   </trkpt>
   <trkpt lat="-8.6807730" lon="119.5568310">
    <ele>87.0</ele>
    <time>2023-09-27T00:21:53Z</time>
   </trkpt>
   <trkpt lat="-8.6807720" lon="119.5568350">
    <ele>87.0</ele>
    <time>2023-09-27T00:21:54Z</time>
   </trkpt>
   <trkpt lat="-8.6807690" lon="119.5568370">
    <ele>87.0</ele>
    <time>2023-09-27T00:21:55Z</time>
   </trkpt>
   <trkpt lat="-8.6807670" lon="119.5568350">
    <ele>87.0</ele>
    <time>2023-09-27T00:21:56Z</time>
   </trkpt>
   <trkpt lat="-8.6807660" lon="119.5568340">
    <ele>87.0</ele>
    <time>2023-09-27T00:21:57Z</time>
   </trkpt>
   <trkpt lat="-8.6807590" lon="119.5568310">
    <ele>86.9</ele>
    <time>2023-09-27T00:21:58Z</time>
   </trkpt>
   <trkpt lat="-8.6807550" lon="119.5568340">
    <ele>86.9</ele>
    <time>2023-09-27T00:21:59Z</time>
   </trkpt>
   <trkpt lat="-8.6807530" lon="119.5568350">
    <ele>86.9</ele>
    <time>2023-09-27T00:22:00Z</time>
   </trkpt>
   <trkpt lat="-8.6807500" lon="119.5568410">
    <ele>86.9</ele>
    <time>2023-09-27T00:22:01Z</time>
   </trkpt>
   <trkpt lat="-8.6807500" lon="119.5568440">
    <ele>86.9</ele>
    <time>2023-09-27T00:22:02Z</time>
   </trkpt>
   <trkpt lat="-8.6807490" lon="119.5568450">
    <ele>86.9</ele>
    <time>2023-09-27T00:22:03Z</time>
   </trkpt>
   <trkpt lat="-8.6807500" lon="119.5568460">
    <ele>86.9</ele>
    <time>2023-09-27T00:22:04Z</time>
   </trkpt>
   <trkpt lat="-8.6807500" lon="119.5568440">
    <ele>86.9</ele>
    <time>2023-09-27T00:22:05Z</time>
   </trkpt>
   <trkpt lat="-8.6807500" lon="119.5568440">
    <ele>86.9</ele>
    <time>2023-09-27T00:22:06Z</time>
   </trkpt>
   <trkpt lat="-8.6807510" lon="119.5568440">
    <ele>86.9</ele>
    <time>2023-09-27T00:22:07Z</time>
   </trkpt>
   <trkpt lat="-8.6807540" lon="119.5568430">
    <ele>86.9</ele>
    <time>2023-09-27T00:22:08Z</time>
   </trkpt>
   <trkpt lat="-8.6807530" lon="119.5568440">
    <ele>86.9</ele>
    <time>2023-09-27T00:22:09Z</time>
   </trkpt>
   <trkpt lat="-8.6807540" lon="119.5568460">
    <ele>86.8</ele>
    <time>2023-09-27T00:22:10Z</time>
   </trkpt>
   <trkpt lat="-8.6807510" lon="119.5568470">
    <ele>86.8</ele>
    <time>2023-09-27T00:22:11Z</time>
   </trkpt>
   <trkpt lat="-8.6807510" lon="119.5568480">
    <ele>86.8</ele>
    <time>2023-09-27T00:22:12Z</time>
   </trkpt>
   <trkpt lat="-8.6807530" lon="119.5568530">
    <ele>86.8</ele>
    <time>2023-09-27T00:22:13Z</time>
   </trkpt>
   <trkpt lat="-8.6807540" lon="119.5568550">
    <ele>86.8</ele>
    <time>2023-09-27T00:22:14Z</time>
   </trkpt>
   <trkpt lat="-8.6807540" lon="119.5568550">
    <ele>86.8</ele>
    <time>2023-09-27T00:22:15Z</time>
   </trkpt>
   <trkpt lat="-8.6807510" lon="119.5568530">
    <ele>86.8</ele>
    <time>2023-09-27T00:22:16Z</time>
   </trkpt>
   <trkpt lat="-8.6807460" lon="119.5568530">
    <ele>86.8</ele>
    <time>2023-09-27T00:22:17Z</time>
   </trkpt>
   <trkpt lat="-8.6807430" lon="119.5568580">
    <ele>86.8</ele>
    <time>2023-09-27T00:22:18Z</time>
   </trkpt>
   <trkpt lat="-8.6807380" lon="119.5568610">
    <ele>86.7</ele>
    <time>2023-09-27T00:22:19Z</time>
   </trkpt>
   <trkpt lat="-8.6807380" lon="119.5568630">
    <ele>86.7</ele>
    <time>2023-09-27T00:22:20Z</time>
   </trkpt>
   <trkpt lat="-8.6807350" lon="119.5568660">
    <ele>86.7</ele>
    <time>2023-09-27T00:22:21Z</time>
   </trkpt>
   <trkpt lat="-8.6807340" lon="119.5568630">
    <ele>86.7</ele>
    <time>2023-09-27T00:22:22Z</time>
   </trkpt>
   <trkpt lat="-8.6807320" lon="119.5568610">
    <ele>86.7</ele>
    <time>2023-09-27T00:22:23Z</time>
   </trkpt>
   <trkpt lat="-8.6807260" lon="119.5568600">
    <ele>86.7</ele>
    <time>2023-09-27T00:22:25Z</time>
   </trkpt>
   <trkpt lat="-8.6807230" lon="119.5568560">
    <ele>86.6</ele>
    <time>2023-09-27T00:22:26Z</time>
   </trkpt>
   <trkpt lat="-8.6807220" lon="119.5568500">
    <ele>86.6</ele>
    <time>2023-09-27T00:22:27Z</time>
   </trkpt>
   <trkpt lat="-8.6807200" lon="119.5568450">
    <ele>86.6</ele>
    <time>2023-09-27T00:22:28Z</time>
   </trkpt>
   <trkpt lat="-8.6807180" lon="119.5568400">
    <ele>86.6</ele>
    <time>2023-09-27T00:22:29Z</time>
   </trkpt>
   <trkpt lat="-8.6807170" lon="119.5568370">
    <ele>86.6</ele>
    <time>2023-09-27T00:22:30Z</time>
   </trkpt>
   <trkpt lat="-8.6807110" lon="119.5568360">
    <ele>86.6</ele>
    <time>2023-09-27T00:22:31Z</time>
   </trkpt>
   <trkpt lat="-8.6807090" lon="119.5568340">
    <ele>86.5</ele>
    <time>2023-09-27T00:22:32Z</time>
   </trkpt>
   <trkpt lat="-8.6807010" lon="119.5568360">
    <ele>86.5</ele>
    <time>2023-09-27T00:22:33Z</time>
   </trkpt>
   <trkpt lat="-8.6806970" lon="119.5568320">
    <ele>86.5</ele>
    <time>2023-09-27T00:22:34Z</time>
   </trkpt>
   <trkpt lat="-8.6806910" lon="119.5568330">
    <ele>86.5</ele>
    <time>2023-09-27T00:22:35Z</time>
   </trkpt>
   <trkpt lat="-8.6806850" lon="119.5568340">
    <ele>86.5</ele>
    <time>2023-09-27T00:22:36Z</time>
   </trkpt>
   <trkpt lat="-8.6806820" lon="119.5568330">
    <ele>86.4</ele>
    <time>2023-09-27T00:22:37Z</time>
   </trkpt>
   <trkpt lat="-8.6806780" lon="119.5568310">
    <ele>86.4</ele>
    <time>2023-09-27T00:22:38Z</time>
   </trkpt>
   <trkpt lat="-8.6806770" lon="119.5568330">
    <ele>86.4</ele>
    <time>2023-09-27T00:22:39Z</time>
   </trkpt>
   <trkpt lat="-8.6806730" lon="119.5568330">
    <ele>86.4</ele>
    <time>2023-09-27T00:22:40Z</time>
   </trkpt>
   <trkpt lat="-8.6806680" lon="119.5568270">
    <ele>86.4</ele>
    <time>2023-09-27T00:22:41Z</time>
   </trkpt>
   <trkpt lat="-8.6806590" lon="119.5568330">
    <ele>86.3</ele>
    <time>2023-09-27T00:22:42Z</time>
   </trkpt>
   <trkpt lat="-8.6806520" lon="119.5568290">
    <ele>86.3</ele>
    <time>2023-09-27T00:22:43Z</time>
   </trkpt>
   <trkpt lat="-8.6806460" lon="119.5568310">
    <ele>86.3</ele>
    <time>2023-09-27T00:22:44Z</time>
   </trkpt>
   <trkpt lat="-8.6806470" lon="119.5568260">
    <ele>86.3</ele>
    <time>2023-09-27T00:22:45Z</time>
   </trkpt>
   <trkpt lat="-8.6806420" lon="119.5568230">
    <ele>86.2</ele>
    <time>2023-09-27T00:22:46Z</time>
   </trkpt>
   <trkpt lat="-8.6806380" lon="119.5568210">
    <ele>86.2</ele>
    <time>2023-09-27T00:22:47Z</time>
   </trkpt>
   <trkpt lat="-8.6806270" lon="119.5568230">
    <ele>86.2</ele>
    <time>2023-09-27T00:22:48Z</time>
   </trkpt>
   <trkpt lat="-8.6806210" lon="119.5568230">
    <ele>86.2</ele>
    <time>2023-09-27T00:22:49Z</time>
   </trkpt>
   <trkpt lat="-8.6806170" lon="119.5568270">
    <ele>86.1</ele>
    <time>2023-09-27T00:22:50Z</time>
   </trkpt>
   <trkpt lat="-8.6806130" lon="119.5568250">
    <ele>86.1</ele>
    <time>2023-09-27T00:22:51Z</time>
   </trkpt>
   <trkpt lat="-8.6806100" lon="119.5568240">
    <ele>86.1</ele>
    <time>2023-09-27T00:22:52Z</time>
   </trkpt>
   <trkpt lat="-8.6806110" lon="119.5568230">
    <ele>86.1</ele>
    <time>2023-09-27T00:22:53Z</time>
   </trkpt>
   <trkpt lat="-8.6806080" lon="119.5568220">
    <ele>86.1</ele>
    <time>2023-09-27T00:22:54Z</time>
   </trkpt>
   <trkpt lat="-8.6806020" lon="119.5568160">
    <ele>86.1</ele>
    <time>2023-09-27T00:22:55Z</time>
   </trkpt>
   <trkpt lat="-8.6805940" lon="119.5568160">
    <ele>86.0</ele>
    <time>2023-09-27T00:22:56Z</time>
   </trkpt>
   <trkpt lat="-8.6805930" lon="119.5568140">
    <ele>86.0</ele>
    <time>2023-09-27T00:22:57Z</time>
   </trkpt>
   <trkpt lat="-8.6805920" lon="119.5568120">
    <ele>86.0</ele>
    <time>2023-09-27T00:22:58Z</time>
   </trkpt>
   <trkpt lat="-8.6805920" lon="119.5568070">
    <ele>86.0</ele>
    <time>2023-09-27T00:22:59Z</time>
   </trkpt>
   <trkpt lat="-8.6805920" lon="119.5568070">
    <ele>86.0</ele>
    <time>2023-09-27T00:23:00Z</time>
   </trkpt>
   <trkpt lat="-8.6805920" lon="119.5568050">
    <ele>86.0</ele>
    <time>2023-09-27T00:23:01Z</time>
   </trkpt>
   <trkpt lat="-8.6805900" lon="119.5568040">
    <ele>86.0</ele>
    <time>2023-09-27T00:23:02Z</time>
   </trkpt>
   <trkpt lat="-8.6805900" lon="119.5568030">
    <ele>86.0</ele>
    <time>2023-09-27T00:23:03Z</time>
   </trkpt>
   <trkpt lat="-8.6805900" lon="119.5568030">
    <ele>86.0</ele>
    <time>2023-09-27T00:23:04Z</time>
   </trkpt>
   <trkpt lat="-8.6805900" lon="119.5568030">
    <ele>86.0</ele>
    <time>2023-09-27T00:23:05Z</time>
   </trkpt>
   <trkpt lat="-8.6805890" lon="119.5568060">
    <ele>86.0</ele>
    <time>2023-09-27T00:23:06Z</time>
   </trkpt>
   <trkpt lat="-8.6805890" lon="119.5568090">
    <ele>86.0</ele>
    <time>2023-09-27T00:23:07Z</time>
   </trkpt>
   <trkpt lat="-8.6805860" lon="119.5568090">
    <ele>86.0</ele>
    <time>2023-09-27T00:23:08Z</time>
   </trkpt>
   <trkpt lat="-8.6805870" lon="119.5568060">
    <ele>86.0</ele>
    <time>2023-09-27T00:23:09Z</time>
   </trkpt>
   <trkpt lat="-8.6805880" lon="119.5568050">
    <ele>85.9</ele>
    <time>2023-09-27T00:23:10Z</time>
   </trkpt>
   <trkpt lat="-8.6805850" lon="119.5567990">
    <ele>85.9</ele>
    <time>2023-09-27T00:23:11Z</time>
   </trkpt>
   <trkpt lat="-8.6805850" lon="119.5567960">
    <ele>85.9</ele>
    <time>2023-09-27T00:23:12Z</time>
   </trkpt>
   <trkpt lat="-8.6805900" lon="119.5567930">
    <ele>85.9</ele>
    <time>2023-09-27T00:23:13Z</time>
   </trkpt>
   <trkpt lat="-8.6805910" lon="119.5567910">
    <ele>85.9</ele>
    <time>2023-09-27T00:23:14Z</time>
   </trkpt>
   <trkpt lat="-8.6805880" lon="119.5567880">
    <ele>85.9</ele>
    <time>2023-09-27T00:23:15Z</time>
   </trkpt>
   <trkpt lat="-8.6805860" lon="119.5567850">
    <ele>85.9</ele>
    <time>2023-09-27T00:23:16Z</time>
   </trkpt>
   <trkpt lat="-8.6805770" lon="119.5567800">
    <ele>85.8</ele>
    <time>2023-09-27T00:23:17Z</time>
   </trkpt>
   <trkpt lat="-8.6805740" lon="119.5567800">
    <ele>85.8</ele>
    <time>2023-09-27T00:23:18Z</time>
   </trkpt>
   <trkpt lat="-8.6805720" lon="119.5567790">
    <ele>85.8</ele>
    <time>2023-09-27T00:23:19Z</time>
   </trkpt>
   <trkpt lat="-8.6805690" lon="119.5567800">
    <ele>85.8</ele>
    <time>2023-09-27T00:23:20Z</time>
   </trkpt>
   <trkpt lat="-8.6805690" lon="119.5567810">
    <ele>85.8</ele>
    <time>2023-09-27T00:23:21Z</time>
   </trkpt>
   <trkpt lat="-8.6805680" lon="119.5567800">
    <ele>85.8</ele>
    <time>2023-09-27T00:23:22Z</time>
   </trkpt>
   <trkpt lat="-8.6805640" lon="119.5567820">
    <ele>85.8</ele>
    <time>2023-09-27T00:23:23Z</time>
   </trkpt>
   <trkpt lat="-8.6805530" lon="119.5567830">
    <ele>85.7</ele>
    <time>2023-09-27T00:23:24Z</time>
   </trkpt>
   <trkpt lat="-8.6805550" lon="119.5567770">
    <ele>85.7</ele>
    <time>2023-09-27T00:23:25Z</time>
   </trkpt>
   <trkpt lat="-8.6805520" lon="119.5567730">
    <ele>85.7</ele>
    <time>2023-09-27T00:23:26Z</time>
   </trkpt>
   <trkpt lat="-8.6805480" lon="119.5567680">
    <ele>85.7</ele>
    <time>2023-09-27T00:23:27Z</time>
   </trkpt>
   <trkpt lat="-8.6805390" lon="119.5567730">
    <ele>85.6</ele>
    <time>2023-09-27T00:23:28Z</time>
   </trkpt>
   <trkpt lat="-8.6805340" lon="119.5567710">
    <ele>85.6</ele>
    <time>2023-09-27T00:23:29Z</time>
   </trkpt>
   <trkpt lat="-8.6805340" lon="119.5567720">
    <ele>85.6</ele>
    <time>2023-09-27T00:23:30Z</time>
   </trkpt>
   <trkpt lat="-8.6805250" lon="119.5567740">
    <ele>85.6</ele>
    <time>2023-09-27T00:23:31Z</time>
   </trkpt>
   <trkpt lat="-8.6805230" lon="119.5567740">
    <ele>85.6</ele>
    <time>2023-09-27T00:23:32Z</time>
   </trkpt>
   <trkpt lat="-8.6805270" lon="119.5567700">
    <ele>85.5</ele>
    <time>2023-09-27T00:23:33Z</time>
   </trkpt>
   <trkpt lat="-8.6805280" lon="119.5567710">
    <ele>85.5</ele>
    <time>2023-09-27T00:23:34Z</time>
   </trkpt>
   <trkpt lat="-8.6805280" lon="119.5567720">
    <ele>85.5</ele>
    <time>2023-09-27T00:23:35Z</time>
   </trkpt>
   <trkpt lat="-8.6805330" lon="119.5567760">
    <ele>85.5</ele>
    <time>2023-09-27T00:23:36Z</time>
   </trkpt>
   <trkpt lat="-8.6805400" lon="119.5567750">
    <ele>85.5</ele>
    <time>2023-09-27T00:23:37Z</time>
   </trkpt>
   <trkpt lat="-8.6805490" lon="119.5567730">
    <ele>85.5</ele>
    <time>2023-09-27T00:23:38Z</time>
   </trkpt>
   <trkpt lat="-8.6805510" lon="119.5567760">
    <ele>85.4</ele>
    <time>2023-09-27T00:23:39Z</time>
   </trkpt>
   <trkpt lat="-8.6805520" lon="119.5567820">
    <ele>85.4</ele>
    <time>2023-09-27T00:23:40Z</time>
   </trkpt>
   <trkpt lat="-8.6805510" lon="119.5567830">
    <ele>85.4</ele>
    <time>2023-09-27T00:23:41Z</time>
   </trkpt>
   <trkpt lat="-8.6805440" lon="119.5567800">
    <ele>85.4</ele>
    <time>2023-09-27T00:23:42Z</time>
   </trkpt>
   <trkpt lat="-8.6805410" lon="119.5567850">
    <ele>85.4</ele>
    <time>2023-09-27T00:23:43Z</time>
   </trkpt>
   <trkpt lat="-8.6805430" lon="119.5567830">
    <ele>85.4</ele>
    <time>2023-09-27T00:23:44Z</time>
   </trkpt>
   <trkpt lat="-8.6805400" lon="119.5567830">
    <ele>85.3</ele>
    <time>2023-09-27T00:23:45Z</time>
   </trkpt>
   <trkpt lat="-8.6805440" lon="119.5567840">
    <ele>85.3</ele>
    <time>2023-09-27T00:23:46Z</time>
   </trkpt>
   <trkpt lat="-8.6805520" lon="119.5567790">
    <ele>85.3</ele>
    <time>2023-09-27T00:23:47Z</time>
   </trkpt>
   <trkpt lat="-8.6805530" lon="119.5567860">
    <ele>85.3</ele>
    <time>2023-09-27T00:23:48Z</time>
   </trkpt>
   <trkpt lat="-8.6805430" lon="119.5567890">
    <ele>85.2</ele>
    <time>2023-09-27T00:23:49Z</time>
   </trkpt>
   <trkpt lat="-8.6805390" lon="119.5567880">
    <ele>85.2</ele>
    <time>2023-09-27T00:23:50Z</time>
   </trkpt>
   <trkpt lat="-8.6805420" lon="119.5567900">
    <ele>85.2</ele>
    <time>2023-09-27T00:23:51Z</time>
   </trkpt>
   <trkpt lat="-8.6805420" lon="119.5567910">
    <ele>85.2</ele>
    <time>2023-09-27T00:23:52Z</time>
   </trkpt>
   <trkpt lat="-8.6805410" lon="119.5567910">
    <ele>85.2</ele>
    <time>2023-09-27T00:23:53Z</time>
   </trkpt>
   <trkpt lat="-8.6805400" lon="119.5567910">
    <ele>85.2</ele>
    <time>2023-09-27T00:23:54Z</time>
   </trkpt>
   <trkpt lat="-8.6805400" lon="119.5567920">
    <ele>85.2</ele>
    <time>2023-09-27T00:23:55Z</time>
   </trkpt>
   <trkpt lat="-8.6805380" lon="119.5567940">
    <ele>85.2</ele>
    <time>2023-09-27T00:23:56Z</time>
   </trkpt>
   <trkpt lat="-8.6805390" lon="119.5567940">
    <ele>85.2</ele>
    <time>2023-09-27T00:23:57Z</time>
   </trkpt>
   <trkpt lat="-8.6805360" lon="119.5567960">
    <ele>85.2</ele>
    <time>2023-09-27T00:23:58Z</time>
   </trkpt>
   <trkpt lat="-8.6805350" lon="119.5567980">
    <ele>85.2</ele>
    <time>2023-09-27T00:23:59Z</time>
   </trkpt>
   <trkpt lat="-8.6805330" lon="119.5568000">
    <ele>85.1</ele>
    <time>2023-09-27T00:24:00Z</time>
   </trkpt>
   <trkpt lat="-8.6805340" lon="119.5567990">
    <ele>85.1</ele>
    <time>2023-09-27T00:24:01Z</time>
   </trkpt>
   <trkpt lat="-8.6805310" lon="119.5567980">
    <ele>85.1</ele>
    <time>2023-09-27T00:24:02Z</time>
   </trkpt>
   <trkpt lat="-8.6805300" lon="119.5567990">
    <ele>85.1</ele>
    <time>2023-09-27T00:24:03Z</time>
   </trkpt>
   <trkpt lat="-8.6805330" lon="119.5567960">
    <ele>85.1</ele>
    <time>2023-09-27T00:24:04Z</time>
   </trkpt>
   <trkpt lat="-8.6805370" lon="119.5567930">
    <ele>85.1</ele>
    <time>2023-09-27T00:24:05Z</time>
   </trkpt>
   <trkpt lat="-8.6805430" lon="119.5567940">
    <ele>85.1</ele>
    <time>2023-09-27T00:24:06Z</time>
   </trkpt>
   <trkpt lat="-8.6805470" lon="119.5567910">
    <ele>85.1</ele>
    <time>2023-09-27T00:24:07Z</time>
   </trkpt>
   <trkpt lat="-8.6805490" lon="119.5567830">
    <ele>85.0</ele>
    <time>2023-09-27T00:24:08Z</time>
   </trkpt>
   <trkpt lat="-8.6805510" lon="119.5567810">
    <ele>85.0</ele>
    <time>2023-09-27T00:24:09Z</time>
   </trkpt>
   <trkpt lat="-8.6805520" lon="119.5567760">
    <ele>85.0</ele>
    <time>2023-09-27T00:24:10Z</time>
   </trkpt>
   <trkpt lat="-8.6805520" lon="119.5567790">
    <ele>85.0</ele>
    <time>2023-09-27T00:24:11Z</time>
   </trkpt>
   <trkpt lat="-8.6805530" lon="119.5567810">
    <ele>85.0</ele>
    <time>2023-09-27T00:24:12Z</time>
   </trkpt>
   <trkpt lat="-8.6805550" lon="119.5567840">
    <ele>85.0</ele>
    <time>2023-09-27T00:24:13Z</time>
   </trkpt>
   <trkpt lat="-8.6805540" lon="119.5567900">
    <ele>84.9</ele>
    <time>2023-09-27T00:24:14Z</time>
   </trkpt>
   <trkpt lat="-8.6805540" lon="119.5567900">
    <ele>84.9</ele>
    <time>2023-09-27T00:24:15Z</time>
   </trkpt>
   <trkpt lat="-8.6805440" lon="119.5567910">
    <ele>84.9</ele>
    <time>2023-09-27T00:24:16Z</time>
   </trkpt>
   <trkpt lat="-8.6805480" lon="119.5567940">
    <ele>84.9</ele>
    <time>2023-09-27T00:24:17Z</time>
   </trkpt>
   <trkpt lat="-8.6805460" lon="119.5567950">
    <ele>84.9</ele>
    <time>2023-09-27T00:24:18Z</time>
   </trkpt>
   <trkpt lat="-8.6805460" lon="119.5567950">
    <ele>84.9</ele>
    <time>2023-09-27T00:24:19Z</time>
   </trkpt>
   <trkpt lat="-8.6805400" lon="119.5567960">
    <ele>84.9</ele>
    <time>2023-09-27T00:24:20Z</time>
   </trkpt>
   <trkpt lat="-8.6805390" lon="119.5567970">
    <ele>84.9</ele>
    <time>2023-09-27T00:24:21Z</time>
   </trkpt>
   <trkpt lat="-8.6805380" lon="119.5567970">
    <ele>84.9</ele>
    <time>2023-09-27T00:24:22Z</time>
   </trkpt>
   <trkpt lat="-8.6805390" lon="119.5567980">
    <ele>84.8</ele>
    <time>2023-09-27T00:24:23Z</time>
   </trkpt>
   <trkpt lat="-8.6805370" lon="119.5567950">
    <ele>84.8</ele>
    <time>2023-09-27T00:24:24Z</time>
   </trkpt>
   <trkpt lat="-8.6805380" lon="119.5567940">
    <ele>84.8</ele>
    <time>2023-09-27T00:24:25Z</time>
   </trkpt>
   <trkpt lat="-8.6805360" lon="119.5567950">
    <ele>84.8</ele>
    <time>2023-09-27T00:24:26Z</time>
   </trkpt>
   <trkpt lat="-8.6805370" lon="119.5567940">
    <ele>84.8</ele>
    <time>2023-09-27T00:24:27Z</time>
   </trkpt>
   <trkpt lat="-8.6805340" lon="119.5567960">
    <ele>84.8</ele>
    <time>2023-09-27T00:24:28Z</time>
   </trkpt>
   <trkpt lat="-8.6805340" lon="119.5567950">
    <ele>84.8</ele>
    <time>2023-09-27T00:24:29Z</time>
   </trkpt>
   <trkpt lat="-8.6805360" lon="119.5567960">
    <ele>84.8</ele>
    <time>2023-09-27T00:24:30Z</time>
   </trkpt>
   <trkpt lat="-8.6805360" lon="119.5567970">
    <ele>84.8</ele>
    <time>2023-09-27T00:24:31Z</time>
   </trkpt>
   <trkpt lat="-8.6805400" lon="119.5567960">
    <ele>84.8</ele>
    <time>2023-09-27T00:24:32Z</time>
   </trkpt>
   <trkpt lat="-8.6805430" lon="119.5567940">
    <ele>84.8</ele>
    <time>2023-09-27T00:24:33Z</time>
   </trkpt>
   <trkpt lat="-8.6805450" lon="119.5567930">
    <ele>84.8</ele>
    <time>2023-09-27T00:24:34Z</time>
   </trkpt>
   <trkpt lat="-8.6805470" lon="119.5567930">
    <ele>84.7</ele>
    <time>2023-09-27T00:24:35Z</time>
   </trkpt>
   <trkpt lat="-8.6805530" lon="119.5567890">
    <ele>84.7</ele>
    <time>2023-09-27T00:24:36Z</time>
   </trkpt>
   <trkpt lat="-8.6805560" lon="119.5567890">
    <ele>84.7</ele>
    <time>2023-09-27T00:24:37Z</time>
   </trkpt>
   <trkpt lat="-8.6805520" lon="119.5567880">
    <ele>84.7</ele>
    <time>2023-09-27T00:24:38Z</time>
   </trkpt>
   <trkpt lat="-8.6805460" lon="119.5567930">
    <ele>84.7</ele>
    <time>2023-09-27T00:24:39Z</time>
   </trkpt>
   <trkpt lat="-8.6805410" lon="119.5567950">
    <ele>84.6</ele>
    <time>2023-09-27T00:24:40Z</time>
   </trkpt>
   <trkpt lat="-8.6805400" lon="119.5567940">
    <ele>84.6</ele>
    <time>2023-09-27T00:24:41Z</time>
   </trkpt>
   <trkpt lat="-8.6805370" lon="119.5567980">
    <ele>84.6</ele>
    <time>2023-09-27T00:24:42Z</time>
   </trkpt>
   <trkpt lat="-8.6805380" lon="119.5567990">
    <ele>84.6</ele>
    <time>2023-09-27T00:24:43Z</time>
   </trkpt>
   <trkpt lat="-8.6805380" lon="119.5567990">
    <ele>84.6</ele>
    <time>2023-09-27T00:24:44Z</time>
   </trkpt>
   <trkpt lat="-8.6805430" lon="119.5567970">
    <ele>84.6</ele>
    <time>2023-09-27T00:24:45Z</time>
   </trkpt>
   <trkpt lat="-8.6805420" lon="119.5567970">
    <ele>84.6</ele>
    <time>2023-09-27T00:24:46Z</time>
   </trkpt>
   <trkpt lat="-8.6805440" lon="119.5567980">
    <ele>84.6</ele>
    <time>2023-09-27T00:24:47Z</time>
   </trkpt>
   <trkpt lat="-8.6805430" lon="119.5567990">
    <ele>84.6</ele>
    <time>2023-09-27T00:24:48Z</time>
   </trkpt>
   <trkpt lat="-8.6805380" lon="119.5567990">
    <ele>84.6</ele>
    <time>2023-09-27T00:24:49Z</time>
   </trkpt>
   <trkpt lat="-8.6805290" lon="119.5568020">
    <ele>84.5</ele>
    <time>2023-09-27T00:24:50Z</time>
   </trkpt>
   <trkpt lat="-8.6805330" lon="119.5567990">
    <ele>84.5</ele>
    <time>2023-09-27T00:24:51Z</time>
   </trkpt>
   <trkpt lat="-8.6805350" lon="119.5568010">
    <ele>84.5</ele>
    <time>2023-09-27T00:24:52Z</time>
   </trkpt>
   <trkpt lat="-8.6805390" lon="119.5568000">
    <ele>84.5</ele>
    <time>2023-09-27T00:24:53Z</time>
   </trkpt>
   <trkpt lat="-8.6805390" lon="119.5567980">
    <ele>84.5</ele>
    <time>2023-09-27T00:24:54Z</time>
   </trkpt>
   <trkpt lat="-8.6805440" lon="119.5567960">
    <ele>84.5</ele>
    <time>2023-09-27T00:24:55Z</time>
   </trkpt>
   <trkpt lat="-8.6805500" lon="119.5567900">
    <ele>84.4</ele>
    <time>2023-09-27T00:24:56Z</time>
   </trkpt>
   <trkpt lat="-8.6805560" lon="119.5567880">
    <ele>84.4</ele>
    <time>2023-09-27T00:24:57Z</time>
   </trkpt>
   <trkpt lat="-8.6805580" lon="119.5567850">
    <ele>84.4</ele>
    <time>2023-09-27T00:24:58Z</time>
   </trkpt>
   <trkpt lat="-8.6805590" lon="119.5567840">
    <ele>84.4</ele>
    <time>2023-09-27T00:24:59Z</time>
   </trkpt>
   <trkpt lat="-8.6805590" lon="119.5567840">
    <ele>84.4</ele>
    <time>2023-09-27T00:25:00Z</time>
   </trkpt>
   <trkpt lat="-8.6805590" lon="119.5567840">
    <ele>84.4</ele>
    <time>2023-09-27T00:25:01Z</time>
   </trkpt>
   <trkpt lat="-8.6805590" lon="119.5567840">
    <ele>84.4</ele>
    <time>2023-09-27T00:25:02Z</time>
   </trkpt>
   <trkpt lat="-8.6805590" lon="119.5567840">
    <ele>84.4</ele>
    <time>2023-09-27T00:25:03Z</time>
   </trkpt>
   <trkpt lat="-8.6805590" lon="119.5567840">
    <ele>84.4</ele>
    <time>2023-09-27T00:25:04Z</time>
   </trkpt>
   <trkpt lat="-8.6805580" lon="119.5567810">
    <ele>84.4</ele>
    <time>2023-09-27T00:25:05Z</time>
   </trkpt>
   <trkpt lat="-8.6805590" lon="119.5567810">
    <ele>84.4</ele>
    <time>2023-09-27T00:25:06Z</time>
   </trkpt>
   <trkpt lat="-8.6805590" lon="119.5567790">
    <ele>84.4</ele>
    <time>2023-09-27T00:25:07Z</time>
   </trkpt>
   <trkpt lat="-8.6805580" lon="119.5567840">
    <ele>84.4</ele>
    <time>2023-09-27T00:25:08Z</time>
   </trkpt>
   <trkpt lat="-8.6805540" lon="119.5567850">
    <ele>84.3</ele>
    <time>2023-09-27T00:25:09Z</time>
   </trkpt>
   <trkpt lat="-8.6805480" lon="119.5567910">
    <ele>84.3</ele>
    <time>2023-09-27T00:25:10Z</time>
   </trkpt>
   <trkpt lat="-8.6805450" lon="119.5567910">
    <ele>84.3</ele>
    <time>2023-09-27T00:25:11Z</time>
   </trkpt>
   <trkpt lat="-8.6805440" lon="119.5567910">
    <ele>84.3</ele>
    <time>2023-09-27T00:25:12Z</time>
   </trkpt>
   <trkpt lat="-8.6805410" lon="119.5567920">
    <ele>84.3</ele>
    <time>2023-09-27T00:25:13Z</time>
   </trkpt>
   <trkpt lat="-8.6805400" lon="119.5567920">
    <ele>84.3</ele>
    <time>2023-09-27T00:25:14Z</time>
   </trkpt>
   <trkpt lat="-8.6805370" lon="119.5567920">
    <ele>84.3</ele>
    <time>2023-09-27T00:25:15Z</time>
   </trkpt>
   <trkpt lat="-8.6805360" lon="119.5567930">
    <ele>84.3</ele>
    <time>2023-09-27T00:25:16Z</time>
   </trkpt>
   <trkpt lat="-8.6805350" lon="119.5567920">
    <ele>84.3</ele>
    <time>2023-09-27T00:25:17Z</time>
   </trkpt>
   <trkpt lat="-8.6805350" lon="119.5567930">
    <ele>84.3</ele>
    <time>2023-09-27T00:25:18Z</time>
   </trkpt>
   <trkpt lat="-8.6805330" lon="119.5567950">
    <ele>84.2</ele>
    <time>2023-09-27T00:25:19Z</time>
   </trkpt>
   <trkpt lat="-8.6805360" lon="119.5567920">
    <ele>84.2</ele>
    <time>2023-09-27T00:25:20Z</time>
   </trkpt>
   <trkpt lat="-8.6805360" lon="119.5567920">
    <ele>84.2</ele>
    <time>2023-09-27T00:25:21Z</time>
   </trkpt>
   <trkpt lat="-8.6805360" lon="119.5567920">
    <ele>84.2</ele>
    <time>2023-09-27T00:25:22Z</time>
   </trkpt>
   <trkpt lat="-8.6805360" lon="119.5567920">
    <ele>84.2</ele>
    <time>2023-09-27T00:25:23Z</time>
   </trkpt>
   <trkpt lat="-8.6805390" lon="119.5567910">
    <ele>84.2</ele>
    <time>2023-09-27T00:25:24Z</time>
   </trkpt>
   <trkpt lat="-8.6805390" lon="119.5567920">
    <ele>84.2</ele>
    <time>2023-09-27T00:25:25Z</time>
   </trkpt>
   <trkpt lat="-8.6805390" lon="119.5567920">
    <ele>84.2</ele>
    <time>2023-09-27T00:25:26Z</time>
   </trkpt>
   <trkpt lat="-8.6805390" lon="119.5567920">
    <ele>84.2</ele>
    <time>2023-09-27T00:25:27Z</time>
   </trkpt>
   <trkpt lat="-8.6805390" lon="119.5567920">
    <ele>84.2</ele>
    <time>2023-09-27T00:25:28Z</time>
   </trkpt>
   <trkpt lat="-8.6805390" lon="119.5567920">
    <ele>84.2</ele>
    <time>2023-09-27T00:25:29Z</time>
   </trkpt>
   <trkpt lat="-8.6805390" lon="119.5567920">
    <ele>84.2</ele>
    <time>2023-09-27T00:25:30Z</time>
   </trkpt>
   <trkpt lat="-8.6805390" lon="119.5567920">
    <ele>84.2</ele>
    <time>2023-09-27T00:25:31Z</time>
   </trkpt>
   <trkpt lat="-8.6805390" lon="119.5567920">
    <ele>84.2</ele>
    <time>2023-09-27T00:25:32Z</time>
   </trkpt>
   <trkpt lat="-8.6805390" lon="119.5567920">
    <ele>84.2</ele>
    <time>2023-09-27T00:25:33Z</time>
   </trkpt>
   <trkpt lat="-8.6805390" lon="119.5567920">
    <ele>84.2</ele>
    <time>2023-09-27T00:25:34Z</time>
   </trkpt>
   <trkpt lat="-8.6805390" lon="119.5567920">
    <ele>84.2</ele>
    <time>2023-09-27T00:25:35Z</time>
   </trkpt>
   <trkpt lat="-8.6805390" lon="119.5567920">
    <ele>84.2</ele>
    <time>2023-09-27T00:25:36Z</time>
   </trkpt>
   <trkpt lat="-8.6805390" lon="119.5567920">
    <ele>84.2</ele>
    <time>2023-09-27T00:25:37Z</time>
   </trkpt>
   <trkpt lat="-8.6805390" lon="119.5567920">
    <ele>84.2</ele>
    <time>2023-09-27T00:25:38Z</time>
   </trkpt>
   <trkpt lat="-8.6805440" lon="119.5567920">
    <ele>84.2</ele>
    <time>2023-09-27T00:25:39Z</time>
   </trkpt>
   <trkpt lat="-8.6805430" lon="119.5567920">
    <ele>84.2</ele>
    <time>2023-09-27T00:25:40Z</time>
   </trkpt>
   <trkpt lat="-8.6805430" lon="119.5567920">
    <ele>84.2</ele>
    <time>2023-09-27T00:25:41Z</time>
   </trkpt>
   <trkpt lat="-8.6805430" lon="119.5567920">
    <ele>84.2</ele>
    <time>2023-09-27T00:25:42Z</time>
   </trkpt>
   <trkpt lat="-8.6805430" lon="119.5567920">
    <ele>84.2</ele>
    <time>2023-09-27T00:25:43Z</time>
   </trkpt>
   <trkpt lat="-8.6805430" lon="119.5567920">
    <ele>84.2</ele>
    <time>2023-09-27T00:25:44Z</time>
   </trkpt>
   <trkpt lat="-8.6805400" lon="119.5567950">
    <ele>84.2</ele>
    <time>2023-09-27T00:25:45Z</time>
   </trkpt>
   <trkpt lat="-8.6805410" lon="119.5567960">
    <ele>84.2</ele>
    <time>2023-09-27T00:25:46Z</time>
   </trkpt>
   <trkpt lat="-8.6805410" lon="119.5567960">
    <ele>84.2</ele>
    <time>2023-09-27T00:25:47Z</time>
   </trkpt>
   <trkpt lat="-8.6805410" lon="119.5567960">
    <ele>84.2</ele>
    <time>2023-09-27T00:25:48Z</time>
   </trkpt>
   <trkpt lat="-8.6805410" lon="119.5567960">
    <ele>84.2</ele>
    <time>2023-09-27T00:25:49Z</time>
   </trkpt>
   <trkpt lat="-8.6805410" lon="119.5567960">
    <ele>84.2</ele>
    <time>2023-09-27T00:25:50Z</time>
   </trkpt>
   <trkpt lat="-8.6805410" lon="119.5567960">
    <ele>84.2</ele>
    <time>2023-09-27T00:25:51Z</time>
   </trkpt>
   <trkpt lat="-8.6805410" lon="119.5567960">
    <ele>84.2</ele>
    <time>2023-09-27T00:25:52Z</time>
   </trkpt>
   <trkpt lat="-8.6805410" lon="119.5567960">
    <ele>84.2</ele>
    <time>2023-09-27T00:25:53Z</time>
   </trkpt>
   <trkpt lat="-8.6805400" lon="119.5567900">
    <ele>84.2</ele>
    <time>2023-09-27T00:25:54Z</time>
   </trkpt>
   <trkpt lat="-8.6805400" lon="119.5567900">
    <ele>84.2</ele>
    <time>2023-09-27T00:25:55Z</time>
   </trkpt>
   <trkpt lat="-8.6805400" lon="119.5567900">
    <ele>84.2</ele>
    <time>2023-09-27T00:25:56Z</time>
   </trkpt>
   <trkpt lat="-8.6805310" lon="119.5567840">
    <ele>84.1</ele>
    <time>2023-09-27T00:25:57Z</time>
   </trkpt>
   <trkpt lat="-8.6805310" lon="119.5567840">
    <ele>84.1</ele>
    <time>2023-09-27T00:25:58Z</time>
   </trkpt>
   <trkpt lat="-8.6805310" lon="119.5567840">
    <ele>84.1</ele>
    <time>2023-09-27T00:25:59Z</time>
   </trkpt>
   <trkpt lat="-8.6805300" lon="119.5567810">
    <ele>84.1</ele>
    <time>2023-09-27T00:26:00Z</time>
   </trkpt>
   <trkpt lat="-8.6805300" lon="119.5567810">
    <ele>84.1</ele>
    <time>2023-09-27T00:26:01Z</time>
   </trkpt>
   <trkpt lat="-8.6805270" lon="119.5567750">
    <ele>84.1</ele>
    <time>2023-09-27T00:26:02Z</time>
   </trkpt>
   <trkpt lat="-8.6805340" lon="119.5567820">
    <ele>84.0</ele>
    <time>2023-09-27T00:26:03Z</time>
   </trkpt>
   <trkpt lat="-8.6805390" lon="119.5567820">
    <ele>84.0</ele>
    <time>2023-09-27T00:26:04Z</time>
   </trkpt>
   <trkpt lat="-8.6805340" lon="119.5567740">
    <ele>84.0</ele>
    <time>2023-09-27T00:26:05Z</time>
   </trkpt>
   <trkpt lat="-8.6805370" lon="119.5567750">
    <ele>84.0</ele>
    <time>2023-09-27T00:26:06Z</time>
   </trkpt>
   <trkpt lat="-8.6805390" lon="119.5567790">
    <ele>84.0</ele>
    <time>2023-09-27T00:26:07Z</time>
   </trkpt>
   <trkpt lat="-8.6805400" lon="119.5567850">
    <ele>83.9</ele>
    <time>2023-09-27T00:26:08Z</time>
   </trkpt>
   <trkpt lat="-8.6805440" lon="119.5567940">
    <ele>83.9</ele>
    <time>2023-09-27T00:26:09Z</time>
   </trkpt>
   <trkpt lat="-8.6805430" lon="119.5567940">
    <ele>83.9</ele>
    <time>2023-09-27T00:26:10Z</time>
   </trkpt>
   <trkpt lat="-8.6805450" lon="119.5567930">
    <ele>83.9</ele>
    <time>2023-09-27T00:26:11Z</time>
   </trkpt>
   <trkpt lat="-8.6805430" lon="119.5567950">
    <ele>83.9</ele>
    <time>2023-09-27T00:26:12Z</time>
   </trkpt>
   <trkpt lat="-8.6805430" lon="119.5567960">
    <ele>83.9</ele>
    <time>2023-09-27T00:26:13Z</time>
   </trkpt>
   <trkpt lat="-8.6805440" lon="119.5567970">
    <ele>83.9</ele>
    <time>2023-09-27T00:26:14Z</time>
   </trkpt>
   <trkpt lat="-8.6805450" lon="119.5567970">
    <ele>83.9</ele>
    <time>2023-09-27T00:26:15Z</time>
   </trkpt>
   <trkpt lat="-8.6805450" lon="119.5567990">
    <ele>83.9</ele>
    <time>2023-09-27T00:26:16Z</time>
   </trkpt>
   <trkpt lat="-8.6805440" lon="119.5568010">
    <ele>83.9</ele>
    <time>2023-09-27T00:26:17Z</time>
   </trkpt>
   <trkpt lat="-8.6805430" lon="119.5568070">
    <ele>83.8</ele>
    <time>2023-09-27T00:26:18Z</time>
   </trkpt>
   <trkpt lat="-8.6805390" lon="119.5568110">
    <ele>83.8</ele>
    <time>2023-09-27T00:26:19Z</time>
   </trkpt>
   <trkpt lat="-8.6805400" lon="119.5568090">
    <ele>83.8</ele>
    <time>2023-09-27T00:26:20Z</time>
   </trkpt>
   <trkpt lat="-8.6805410" lon="119.5568040">
    <ele>83.8</ele>
    <time>2023-09-27T00:26:21Z</time>
   </trkpt>
   <trkpt lat="-8.6805400" lon="119.5568060">
    <ele>83.8</ele>
    <time>2023-09-27T00:26:22Z</time>
   </trkpt>
   <trkpt lat="-8.6805380" lon="119.5568060">
    <ele>83.8</ele>
    <time>2023-09-27T00:26:23Z</time>
   </trkpt>
   <trkpt lat="-8.6805400" lon="119.5568030">
    <ele>83.8</ele>
    <time>2023-09-27T00:26:24Z</time>
   </trkpt>
   <trkpt lat="-8.6805410" lon="119.5568030">
    <ele>83.8</ele>
    <time>2023-09-27T00:26:25Z</time>
   </trkpt>
   <trkpt lat="-8.6805400" lon="119.5568010">
    <ele>83.8</ele>
    <time>2023-09-27T00:26:26Z</time>
   </trkpt>
   <trkpt lat="-8.6805400" lon="119.5567990">
    <ele>83.7</ele>
    <time>2023-09-27T00:26:27Z</time>
   </trkpt>
   <trkpt lat="-8.6805410" lon="119.5568020">
    <ele>83.7</ele>
    <time>2023-09-27T00:26:28Z</time>
   </trkpt>
   <trkpt lat="-8.6805430" lon="119.5568030">
    <ele>83.7</ele>
    <time>2023-09-27T00:26:29Z</time>
   </trkpt>
   <trkpt lat="-8.6805410" lon="119.5568030">
    <ele>83.7</ele>
    <time>2023-09-27T00:26:30Z</time>
   </trkpt>
   <trkpt lat="-8.6805420" lon="119.5568020">
    <ele>83.7</ele>
    <time>2023-09-27T00:26:31Z</time>
   </trkpt>
   <trkpt lat="-8.6805400" lon="119.5568050">
    <ele>83.7</ele>
    <time>2023-09-27T00:26:32Z</time>
   </trkpt>
   <trkpt lat="-8.6805410" lon="119.5568050">
    <ele>83.7</ele>
    <time>2023-09-27T00:26:33Z</time>
   </trkpt>
   <trkpt lat="-8.6805390" lon="119.5568080">
    <ele>83.7</ele>
    <time>2023-09-27T00:26:34Z</time>
   </trkpt>
   <trkpt lat="-8.6805390" lon="119.5568110">
    <ele>83.7</ele>
    <time>2023-09-27T00:26:35Z</time>
   </trkpt>
   <trkpt lat="-8.6805400" lon="119.5568140">
    <ele>83.7</ele>
    <time>2023-09-27T00:26:36Z</time>
   </trkpt>
   <trkpt lat="-8.6805390" lon="119.5568130">
    <ele>83.7</ele>
    <time>2023-09-27T00:26:37Z</time>
   </trkpt>
   <trkpt lat="-8.6805400" lon="119.5568150">
    <ele>83.7</ele>
    <time>2023-09-27T00:26:38Z</time>
   </trkpt>
   <trkpt lat="-8.6805370" lon="119.5568160">
    <ele>83.6</ele>
    <time>2023-09-27T00:26:39Z</time>
   </trkpt>
   <trkpt lat="-8.6805270" lon="119.5568120">
    <ele>83.6</ele>
    <time>2023-09-27T00:26:40Z</time>
   </trkpt>
   <trkpt lat="-8.6805320" lon="119.5568070">
    <ele>83.6</ele>
    <time>2023-09-27T00:26:41Z</time>
   </trkpt>
   <trkpt lat="-8.6805340" lon="119.5568070">
    <ele>83.6</ele>
    <time>2023-09-27T00:26:42Z</time>
   </trkpt>
   <trkpt lat="-8.6805350" lon="119.5568050">
    <ele>83.6</ele>
    <time>2023-09-27T00:26:43Z</time>
   </trkpt>
   <trkpt lat="-8.6805380" lon="119.5568010">
    <ele>83.5</ele>
    <time>2023-09-27T00:26:44Z</time>
   </trkpt>
   <trkpt lat="-8.6805370" lon="119.5567980">
    <ele>83.5</ele>
    <time>2023-09-27T00:26:45Z</time>
   </trkpt>
   <trkpt lat="-8.6805360" lon="119.5567970">
    <ele>83.5</ele>
    <time>2023-09-27T00:26:46Z</time>
   </trkpt>
   <trkpt lat="-8.6805360" lon="119.5567970">
    <ele>83.5</ele>
    <time>2023-09-27T00:26:47Z</time>
   </trkpt>
   <trkpt lat="-8.6805360" lon="119.5567970">
    <ele>83.5</ele>
    <time>2023-09-27T00:26:48Z</time>
   </trkpt>
   <trkpt lat="-8.6805420" lon="119.5567960">
    <ele>83.5</ele>
    <time>2023-09-27T00:26:49Z</time>
   </trkpt>
   <trkpt lat="-8.6805420" lon="119.5567960">
    <ele>83.5</ele>
    <time>2023-09-27T00:26:50Z</time>
   </trkpt>
   <trkpt lat="-8.6805420" lon="119.5567960">
    <ele>83.5</ele>
    <time>2023-09-27T00:26:51Z</time>
   </trkpt>
   <trkpt lat="-8.6805420" lon="119.5567960">
    <ele>83.5</ele>
    <time>2023-09-27T00:26:52Z</time>
   </trkpt>
   <trkpt lat="-8.6805420" lon="119.5567960">
    <ele>83.5</ele>
    <time>2023-09-27T00:26:53Z</time>
   </trkpt>
   <trkpt lat="-8.6805420" lon="119.5567960">
    <ele>83.5</ele>
    <time>2023-09-27T00:26:54Z</time>
   </trkpt>
   <trkpt lat="-8.6805420" lon="119.5567960">
    <ele>83.5</ele>
    <time>2023-09-27T00:26:55Z</time>
   </trkpt>
   <trkpt lat="-8.6805420" lon="119.5567960">
    <ele>83.5</ele>
    <time>2023-09-27T00:26:56Z</time>
   </trkpt>
   <trkpt lat="-8.6805420" lon="119.5567960">
    <ele>83.5</ele>
    <time>2023-09-27T00:26:57Z</time>
   </trkpt>
   <trkpt lat="-8.6805420" lon="119.5567960">
    <ele>83.5</ele>
    <time>2023-09-27T00:26:58Z</time>
   </trkpt>
   <trkpt lat="-8.6805580" lon="119.5567950">
    <ele>83.5</ele>
    <time>2023-09-27T00:26:59Z</time>
   </trkpt>
   <trkpt lat="-8.6805570" lon="119.5567950">
    <ele>83.4</ele>
    <time>2023-09-27T00:27:00Z</time>
   </trkpt>
   <trkpt lat="-8.6805570" lon="119.5567950">
    <ele>83.4</ele>
    <time>2023-09-27T00:27:01Z</time>
   </trkpt>
   <trkpt lat="-8.6805580" lon="119.5567940">
    <ele>83.4</ele>
    <time>2023-09-27T00:27:02Z</time>
   </trkpt>
   <trkpt lat="-8.6805580" lon="119.5567940">
    <ele>83.4</ele>
    <time>2023-09-27T00:27:03Z</time>
   </trkpt>
   <trkpt lat="-8.6805550" lon="119.5567900">
    <ele>83.4</ele>
    <time>2023-09-27T00:27:04Z</time>
   </trkpt>
   <trkpt lat="-8.6805560" lon="119.5567870">
    <ele>83.4</ele>
    <time>2023-09-27T00:27:05Z</time>
   </trkpt>
   <trkpt lat="-8.6805560" lon="119.5567870">
    <ele>83.4</ele>
    <time>2023-09-27T00:27:06Z</time>
   </trkpt>
   <trkpt lat="-8.6805580" lon="119.5567880">
    <ele>83.4</ele>
    <time>2023-09-27T00:27:07Z</time>
   </trkpt>
   <trkpt lat="-8.6805580" lon="119.5567880">
    <ele>83.4</ele>
    <time>2023-09-27T00:27:08Z</time>
   </trkpt>
   <trkpt lat="-8.6805580" lon="119.5567880">
    <ele>83.4</ele>
    <time>2023-09-27T00:27:09Z</time>
   </trkpt>
   <trkpt lat="-8.6805580" lon="119.5567880">
    <ele>83.4</ele>
    <time>2023-09-27T00:27:10Z</time>
   </trkpt>
   <trkpt lat="-8.6805580" lon="119.5567880">
    <ele>83.4</ele>
    <time>2023-09-27T00:27:11Z</time>
   </trkpt>
   <trkpt lat="-8.6805500" lon="119.5567850">
    <ele>83.4</ele>
    <time>2023-09-27T00:27:12Z</time>
   </trkpt>
   <trkpt lat="-8.6805500" lon="119.5567850">
    <ele>83.4</ele>
    <time>2023-09-27T00:27:13Z</time>
   </trkpt>
   <trkpt lat="-8.6805500" lon="119.5567850">
    <ele>83.4</ele>
    <time>2023-09-27T00:27:14Z</time>
   </trkpt>
   <trkpt lat="-8.6805530" lon="119.5567920">
    <ele>83.3</ele>
    <time>2023-09-27T00:27:15Z</time>
   </trkpt>
   <trkpt lat="-8.6805500" lon="119.5567930">
    <ele>83.3</ele>
    <time>2023-09-27T00:27:16Z</time>
   </trkpt>
   <trkpt lat="-8.6805530" lon="119.5567970">
    <ele>83.3</ele>
    <time>2023-09-27T00:27:17Z</time>
   </trkpt>
   <trkpt lat="-8.6805480" lon="119.5567970">
    <ele>83.3</ele>
    <time>2023-09-27T00:27:18Z</time>
   </trkpt>
   <trkpt lat="-8.6805470" lon="119.5567870">
    <ele>83.3</ele>
    <time>2023-09-27T00:27:19Z</time>
   </trkpt>
   <trkpt lat="-8.6805560" lon="119.5567920">
    <ele>83.2</ele>
    <time>2023-09-27T00:27:20Z</time>
   </trkpt>
   <trkpt lat="-8.6805610" lon="119.5567950">
    <ele>83.2</ele>
    <time>2023-09-27T00:27:21Z</time>
   </trkpt>
   <trkpt lat="-8.6805610" lon="119.5567950">
    <ele>83.2</ele>
    <time>2023-09-27T00:27:22Z</time>
   </trkpt>
   <trkpt lat="-8.6805570" lon="119.5567920">
    <ele>83.2</ele>
    <time>2023-09-27T00:27:23Z</time>
   </trkpt>
   <trkpt lat="-8.6805450" lon="119.5567930">
    <ele>83.1</ele>
    <time>2023-09-27T00:27:24Z</time>
   </trkpt>
   <trkpt lat="-8.6805480" lon="119.5567870">
    <ele>83.1</ele>
    <time>2023-09-27T00:27:25Z</time>
   </trkpt>
   <trkpt lat="-8.6805510" lon="119.5567890">
    <ele>83.1</ele>
    <time>2023-09-27T00:27:26Z</time>
   </trkpt>
   <trkpt lat="-8.6805510" lon="119.5567890">
    <ele>83.1</ele>
    <time>2023-09-27T00:27:27Z</time>
   </trkpt>
   <trkpt lat="-8.6805510" lon="119.5567890">
    <ele>83.1</ele>
    <time>2023-09-27T00:27:28Z</time>
   </trkpt>
   <trkpt lat="-8.6805530" lon="119.5567880">
    <ele>83.1</ele>
    <time>2023-09-27T00:27:29Z</time>
   </trkpt>
   <trkpt lat="-8.6805500" lon="119.5567880">
    <ele>83.1</ele>
    <time>2023-09-27T00:27:30Z</time>
   </trkpt>
   <trkpt lat="-8.6805490" lon="119.5567830">
    <ele>83.1</ele>
    <time>2023-09-27T00:27:31Z</time>
   </trkpt>
   <trkpt lat="-8.6805550" lon="119.5567860">
    <ele>83.1</ele>
    <time>2023-09-27T00:27:32Z</time>
   </trkpt>
   <trkpt lat="-8.6805510" lon="119.5567900">
    <ele>83.0</ele>
    <time>2023-09-27T00:27:33Z</time>
   </trkpt>
   <trkpt lat="-8.6805500" lon="119.5567900">
    <ele>83.0</ele>
    <time>2023-09-27T00:27:34Z</time>
   </trkpt>
   <trkpt lat="-8.6805510" lon="119.5567910">
    <ele>83.0</ele>
    <time>2023-09-27T00:27:35Z</time>
   </trkpt>
   <trkpt lat="-8.6805510" lon="119.5567910">
    <ele>83.0</ele>
    <time>2023-09-27T00:27:36Z</time>
   </trkpt>
   <trkpt lat="-8.6805510" lon="119.5567910">
    <ele>83.0</ele>
    <time>2023-09-27T00:27:37Z</time>
   </trkpt>
   <trkpt lat="-8.6805510" lon="119.5567910">
    <ele>83.0</ele>
    <time>2023-09-27T00:27:38Z</time>
   </trkpt>
   <trkpt lat="-8.6805510" lon="119.5567910">
    <ele>83.0</ele>
    <time>2023-09-27T00:27:39Z</time>
   </trkpt>
   <trkpt lat="-8.6805520" lon="119.5567910">
    <ele>83.0</ele>
    <time>2023-09-27T00:27:40Z</time>
   </trkpt>
   <trkpt lat="-8.6805520" lon="119.5567910">
    <ele>83.0</ele>
    <time>2023-09-27T00:27:41Z</time>
   </trkpt>
   <trkpt lat="-8.6805520" lon="119.5567910">
    <ele>83.0</ele>
    <time>2023-09-27T00:27:42Z</time>
   </trkpt>
   <trkpt lat="-8.6805520" lon="119.5567910">
    <ele>83.0</ele>
    <time>2023-09-27T00:27:43Z</time>
   </trkpt>
   <trkpt lat="-8.6805520" lon="119.5567910">
    <ele>83.0</ele>
    <time>2023-09-27T00:27:44Z</time>
   </trkpt>
   <trkpt lat="-8.6805520" lon="119.5567910">
    <ele>83.0</ele>
    <time>2023-09-27T00:27:45Z</time>
   </trkpt>
   <trkpt lat="-8.6805520" lon="119.5567910">
    <ele>83.0</ele>
    <time>2023-09-27T00:27:46Z</time>
   </trkpt>
   <trkpt lat="-8.6805530" lon="119.5567860">
    <ele>83.0</ele>
    <time>2023-09-27T00:27:47Z</time>
   </trkpt>
   <trkpt lat="-8.6805420" lon="119.5567870">
    <ele>83.0</ele>
    <time>2023-09-27T00:27:48Z</time>
   </trkpt>
   <trkpt lat="-8.6805290" lon="119.5567820">
    <ele>82.9</ele>
    <time>2023-09-27T00:27:49Z</time>
   </trkpt>
   <trkpt lat="-8.6805270" lon="119.5567820">
    <ele>82.9</ele>
    <time>2023-09-27T00:27:50Z</time>
   </trkpt>
   <trkpt lat="-8.6805290" lon="119.5567840">
    <ele>82.9</ele>
    <time>2023-09-27T00:27:51Z</time>
   </trkpt>
   <trkpt lat="-8.6805360" lon="119.5567910">
    <ele>82.9</ele>
    <time>2023-09-27T00:27:52Z</time>
   </trkpt>
   <trkpt lat="-8.6805320" lon="119.5567780">
    <ele>82.8</ele>
    <time>2023-09-27T00:27:53Z</time>
   </trkpt>
   <trkpt lat="-8.6805310" lon="119.5567790">
    <ele>82.8</ele>
    <time>2023-09-27T00:27:54Z</time>
   </trkpt>
   <trkpt lat="-8.6805310" lon="119.5567790">
    <ele>82.8</ele>
    <time>2023-09-27T00:27:55Z</time>
   </trkpt>
   <trkpt lat="-8.6805310" lon="119.5567790">
    <ele>82.8</ele>
    <time>2023-09-27T00:27:56Z</time>
   </trkpt>
   <trkpt lat="-8.6805310" lon="119.5567790">
    <ele>82.8</ele>
    <time>2023-09-27T00:27:57Z</time>
   </trkpt>
   <trkpt lat="-8.6805310" lon="119.5567790">
    <ele>82.8</ele>
    <time>2023-09-27T00:27:58Z</time>
   </trkpt>
   <trkpt lat="-8.6805390" lon="119.5567850">
    <ele>82.8</ele>
    <time>2023-09-27T00:27:59Z</time>
   </trkpt>
   <trkpt lat="-8.6805390" lon="119.5567850">
    <ele>82.8</ele>
    <time>2023-09-27T00:28:00Z</time>
   </trkpt>
   <trkpt lat="-8.6805390" lon="119.5567850">
    <ele>82.8</ele>
    <time>2023-09-27T00:28:01Z</time>
   </trkpt>
   <trkpt lat="-8.6805390" lon="119.5567850">
    <ele>82.8</ele>
    <time>2023-09-27T00:28:02Z</time>
   </trkpt>
   <trkpt lat="-8.6805390" lon="119.5567850">
    <ele>82.8</ele>
    <time>2023-09-27T00:28:03Z</time>
   </trkpt>
   <trkpt lat="-8.6805390" lon="119.5567850">
    <ele>82.8</ele>
    <time>2023-09-27T00:28:04Z</time>
   </trkpt>
   <trkpt lat="-8.6805390" lon="119.5567850">
    <ele>82.8</ele>
    <time>2023-09-27T00:28:05Z</time>
   </trkpt>
   <trkpt lat="-8.6805390" lon="119.5567850">
    <ele>82.8</ele>
    <time>2023-09-27T00:28:06Z</time>
   </trkpt>
   <trkpt lat="-8.6805390" lon="119.5567850">
    <ele>82.8</ele>
    <time>2023-09-27T00:28:07Z</time>
   </trkpt>
   <trkpt lat="-8.6805390" lon="119.5567850">
    <ele>82.8</ele>
    <time>2023-09-27T00:28:08Z</time>
   </trkpt>
   <trkpt lat="-8.6805390" lon="119.5567850">
    <ele>82.8</ele>
    <time>2023-09-27T00:28:09Z</time>
   </trkpt>
   <trkpt lat="-8.6805390" lon="119.5567850">
    <ele>82.8</ele>
    <time>2023-09-27T00:28:10Z</time>
   </trkpt>
   <trkpt lat="-8.6805390" lon="119.5567850">
    <ele>82.8</ele>
    <time>2023-09-27T00:28:11Z</time>
   </trkpt>
   <trkpt lat="-8.6805390" lon="119.5567850">
    <ele>82.8</ele>
    <time>2023-09-27T00:28:12Z</time>
   </trkpt>
   <trkpt lat="-8.6805460" lon="119.5567740">
    <ele>82.7</ele>
    <time>2023-09-27T00:28:13Z</time>
   </trkpt>
   <trkpt lat="-8.6805460" lon="119.5567740">
    <ele>82.7</ele>
    <time>2023-09-27T00:28:14Z</time>
   </trkpt>
   <trkpt lat="-8.6805460" lon="119.5567740">
    <ele>82.7</ele>
    <time>2023-09-27T00:28:15Z</time>
   </trkpt>
   <trkpt lat="-8.6805460" lon="119.5567740">
    <ele>82.7</ele>
    <time>2023-09-27T00:28:16Z</time>
   </trkpt>
   <trkpt lat="-8.6805460" lon="119.5567740">
    <ele>82.7</ele>
    <time>2023-09-27T00:28:17Z</time>
   </trkpt>
   <trkpt lat="-8.6805460" lon="119.5567740">
    <ele>82.7</ele>
    <time>2023-09-27T00:28:18Z</time>
   </trkpt>
   <trkpt lat="-8.6805500" lon="119.5567750">
    <ele>82.7</ele>
    <time>2023-09-27T00:28:19Z</time>
   </trkpt>
   <trkpt lat="-8.6805500" lon="119.5567750">
    <ele>82.7</ele>
    <time>2023-09-27T00:28:20Z</time>
   </trkpt>
   <trkpt lat="-8.6805500" lon="119.5567750">
    <ele>82.7</ele>
    <time>2023-09-27T00:28:21Z</time>
   </trkpt>
   <trkpt lat="-8.6805500" lon="119.5567750">
    <ele>82.7</ele>
    <time>2023-09-27T00:28:22Z</time>
   </trkpt>
   <trkpt lat="-8.6805500" lon="119.5567750">
    <ele>82.7</ele>
    <time>2023-09-27T00:28:23Z</time>
   </trkpt>
   <trkpt lat="-8.6805500" lon="119.5567750">
    <ele>82.7</ele>
    <time>2023-09-27T00:28:24Z</time>
   </trkpt>
   <trkpt lat="-8.6805500" lon="119.5567750">
    <ele>82.7</ele>
    <time>2023-09-27T00:28:25Z</time>
   </trkpt>
   <trkpt lat="-8.6805500" lon="119.5567750">
    <ele>82.7</ele>
    <time>2023-09-27T00:28:26Z</time>
   </trkpt>
   <trkpt lat="-8.6805560" lon="119.5567820">
    <ele>82.7</ele>
    <time>2023-09-27T00:28:27Z</time>
   </trkpt>
   <trkpt lat="-8.6805560" lon="119.5567820">
    <ele>82.7</ele>
    <time>2023-09-27T00:28:28Z</time>
   </trkpt>
   <trkpt lat="-8.6805560" lon="119.5567820">
    <ele>82.7</ele>
    <time>2023-09-27T00:28:29Z</time>
   </trkpt>
   <trkpt lat="-8.6805560" lon="119.5567820">
    <ele>82.7</ele>
    <time>2023-09-27T00:28:30Z</time>
   </trkpt>
   <trkpt lat="-8.6805560" lon="119.5567820">
    <ele>82.7</ele>
    <time>2023-09-27T00:28:31Z</time>
   </trkpt>
   <trkpt lat="-8.6805560" lon="119.5567820">
    <ele>82.7</ele>
    <time>2023-09-27T00:28:32Z</time>
   </trkpt>
   <trkpt lat="-8.6805560" lon="119.5567820">
    <ele>82.7</ele>
    <time>2023-09-27T00:28:33Z</time>
   </trkpt>
   <trkpt lat="-8.6805560" lon="119.5567820">
    <ele>82.7</ele>
    <time>2023-09-27T00:28:34Z</time>
   </trkpt>
   <trkpt lat="-8.6805560" lon="119.5567820">
    <ele>82.7</ele>
    <time>2023-09-27T00:28:35Z</time>
   </trkpt>
   <trkpt lat="-8.6805560" lon="119.5567820">
    <ele>82.7</ele>
    <time>2023-09-27T00:28:36Z</time>
   </trkpt>
   <trkpt lat="-8.6805560" lon="119.5567820">
    <ele>82.7</ele>
    <time>2023-09-27T00:28:37Z</time>
   </trkpt>
   <trkpt lat="-8.6805560" lon="119.5567820">
    <ele>82.7</ele>
    <time>2023-09-27T00:28:38Z</time>
   </trkpt>
   <trkpt lat="-8.6805560" lon="119.5567820">
    <ele>82.7</ele>
    <time>2023-09-27T00:28:39Z</time>
   </trkpt>
   <trkpt lat="-8.6805560" lon="119.5567820">
    <ele>82.7</ele>
    <time>2023-09-27T00:28:40Z</time>
   </trkpt>
   <trkpt lat="-8.6805650" lon="119.5567800">
    <ele>82.6</ele>
    <time>2023-09-27T00:28:41Z</time>
   </trkpt>
   <trkpt lat="-8.6805450" lon="119.5567820">
    <ele>82.6</ele>
    <time>2023-09-27T00:28:42Z</time>
   </trkpt>
   <trkpt lat="-8.6805520" lon="119.5567820">
    <ele>82.5</ele>
    <time>2023-09-27T00:28:43Z</time>
   </trkpt>
   <trkpt lat="-8.6805510" lon="119.5567820">
    <ele>82.5</ele>
    <time>2023-09-27T00:28:44Z</time>
   </trkpt>
   <trkpt lat="-8.6805520" lon="119.5567850">
    <ele>82.5</ele>
    <time>2023-09-27T00:28:45Z</time>
   </trkpt>
   <trkpt lat="-8.6805500" lon="119.5567860">
    <ele>82.5</ele>
    <time>2023-09-27T00:28:46Z</time>
   </trkpt>
   <trkpt lat="-8.6805480" lon="119.5567840">
    <ele>82.5</ele>
    <time>2023-09-27T00:28:47Z</time>
   </trkpt>
   <trkpt lat="-8.6805480" lon="119.5567840">
    <ele>82.5</ele>
    <time>2023-09-27T00:28:48Z</time>
   </trkpt>
   <trkpt lat="-8.6805480" lon="119.5567840">
    <ele>82.5</ele>
    <time>2023-09-27T00:28:49Z</time>
   </trkpt>
   <trkpt lat="-8.6805480" lon="119.5567840">
    <ele>82.5</ele>
    <time>2023-09-27T00:28:50Z</time>
   </trkpt>
   <trkpt lat="-8.6805480" lon="119.5567840">
    <ele>82.5</ele>
    <time>2023-09-27T00:28:51Z</time>
   </trkpt>
   <trkpt lat="-8.6805480" lon="119.5567840">
    <ele>82.5</ele>
    <time>2023-09-27T00:28:52Z</time>
   </trkpt>
   <trkpt lat="-8.6805480" lon="119.5567840">
    <ele>82.5</ele>
    <time>2023-09-27T00:28:53Z</time>
   </trkpt>
   <trkpt lat="-8.6805480" lon="119.5567840">
    <ele>82.5</ele>
    <time>2023-09-27T00:28:54Z</time>
   </trkpt>
   <trkpt lat="-8.6805480" lon="119.5567840">
    <ele>82.5</ele>
    <time>2023-09-27T00:28:55Z</time>
   </trkpt>
   <trkpt lat="-8.6805480" lon="119.5567840">
    <ele>82.5</ele>
    <time>2023-09-27T00:28:56Z</time>
   </trkpt>
   <trkpt lat="-8.6805480" lon="119.5567840">
    <ele>82.5</ele>
    <time>2023-09-27T00:28:57Z</time>
   </trkpt>
   <trkpt lat="-8.6805480" lon="119.5567840">
    <ele>82.5</ele>
    <time>2023-09-27T00:28:58Z</time>
   </trkpt>
   <trkpt lat="-8.6805480" lon="119.5567840">
    <ele>82.5</ele>
    <time>2023-09-27T00:28:59Z</time>
   </trkpt>
   <trkpt lat="-8.6805480" lon="119.5567840">
    <ele>82.5</ele>
    <time>2023-09-27T00:29:00Z</time>
   </trkpt>
   <trkpt lat="-8.6805480" lon="119.5567840">
    <ele>82.5</ele>
    <time>2023-09-27T00:29:01Z</time>
   </trkpt>
   <trkpt lat="-8.6805480" lon="119.5567840">
    <ele>82.5</ele>
    <time>2023-09-27T00:29:02Z</time>
   </trkpt>
   <trkpt lat="-8.6805480" lon="119.5567840">
    <ele>82.5</ele>
    <time>2023-09-27T00:29:03Z</time>
   </trkpt>
   <trkpt lat="-8.6805480" lon="119.5567840">
    <ele>82.5</ele>
    <time>2023-09-27T00:29:04Z</time>
   </trkpt>
   <trkpt lat="-8.6805480" lon="119.5567840">
    <ele>82.5</ele>
    <time>2023-09-27T00:29:05Z</time>
   </trkpt>
   <trkpt lat="-8.6805480" lon="119.5567840">
    <ele>82.5</ele>
    <time>2023-09-27T00:29:06Z</time>
   </trkpt>
   <trkpt lat="-8.6805480" lon="119.5567840">
    <ele>82.5</ele>
    <time>2023-09-27T00:29:07Z</time>
   </trkpt>
   <trkpt lat="-8.6805480" lon="119.5567840">
    <ele>82.5</ele>
    <time>2023-09-27T00:29:08Z</time>
   </trkpt>
   <trkpt lat="-8.6805480" lon="119.5567840">
    <ele>82.5</ele>
    <time>2023-09-27T00:29:09Z</time>
   </trkpt>
   <trkpt lat="-8.6805480" lon="119.5567840">
    <ele>82.5</ele>
    <time>2023-09-27T00:29:10Z</time>
   </trkpt>
   <trkpt lat="-8.6805480" lon="119.5567840">
    <ele>82.5</ele>
    <time>2023-09-27T00:29:11Z</time>
   </trkpt>
   <trkpt lat="-8.6805480" lon="119.5567840">
    <ele>82.5</ele>
    <time>2023-09-27T00:29:12Z</time>
   </trkpt>
   <trkpt lat="-8.6805480" lon="119.5567840">
    <ele>82.5</ele>
    <time>2023-09-27T00:29:13Z</time>
   </trkpt>
   <trkpt lat="-8.6805480" lon="119.5567840">
    <ele>82.5</ele>
    <time>2023-09-27T00:29:14Z</time>
   </trkpt>
   <trkpt lat="-8.6805480" lon="119.5567840">
    <ele>82.5</ele>
    <time>2023-09-27T00:29:15Z</time>
   </trkpt>
   <trkpt lat="-8.6805480" lon="119.5567840">
    <ele>82.5</ele>
    <time>2023-09-27T00:29:16Z</time>
   </trkpt>
   <trkpt lat="-8.6805480" lon="119.5567840">
    <ele>82.5</ele>
    <time>2023-09-27T00:29:17Z</time>
   </trkpt>
   <trkpt lat="-8.6805480" lon="119.5567840">
    <ele>82.5</ele>
    <time>2023-09-27T00:29:18Z</time>
   </trkpt>
   <trkpt lat="-8.6805480" lon="119.5567840">
    <ele>82.5</ele>
    <time>2023-09-27T00:29:19Z</time>
   </trkpt>
   <trkpt lat="-8.6805480" lon="119.5567840">
    <ele>82.5</ele>
    <time>2023-09-27T00:29:20Z</time>
   </trkpt>
   <trkpt lat="-8.6805480" lon="119.5567840">
    <ele>82.5</ele>
    <time>2023-09-27T00:29:21Z</time>
   </trkpt>
   <trkpt lat="-8.6805480" lon="119.5567840">
    <ele>82.5</ele>
    <time>2023-09-27T00:29:22Z</time>
   </trkpt>
   <trkpt lat="-8.6805480" lon="119.5567840">
    <ele>82.5</ele>
    <time>2023-09-27T00:29:23Z</time>
   </trkpt>
   <trkpt lat="-8.6805480" lon="119.5567840">
    <ele>82.5</ele>
    <time>2023-09-27T00:29:24Z</time>
   </trkpt>
   <trkpt lat="-8.6805480" lon="119.5567840">
    <ele>82.5</ele>
    <time>2023-09-27T00:29:25Z</time>
   </trkpt>
   <trkpt lat="-8.6805480" lon="119.5567840">
    <ele>82.5</ele>
    <time>2023-09-27T00:29:26Z</time>
   </trkpt>
   <trkpt lat="-8.6805480" lon="119.5567840">
    <ele>82.5</ele>
    <time>2023-09-27T00:29:27Z</time>
   </trkpt>
   <trkpt lat="-8.6805480" lon="119.5567840">
    <ele>82.5</ele>
    <time>2023-09-27T00:29:28Z</time>
   </trkpt>
   <trkpt lat="-8.6805480" lon="119.5567840">
    <ele>82.5</ele>
    <time>2023-09-27T00:29:29Z</time>
   </trkpt>
   <trkpt lat="-8.6805480" lon="119.5567840">
    <ele>82.5</ele>
    <time>2023-09-27T00:29:30Z</time>
   </trkpt>
   <trkpt lat="-8.6805480" lon="119.5567840">
    <ele>82.5</ele>
    <time>2023-09-27T00:29:31Z</time>
   </trkpt>
   <trkpt lat="-8.6805480" lon="119.5567840">
    <ele>82.5</ele>
    <time>2023-09-27T00:29:32Z</time>
   </trkpt>
   <trkpt lat="-8.6805480" lon="119.5567840">
    <ele>82.5</ele>
    <time>2023-09-27T00:29:33Z</time>
   </trkpt>
   <trkpt lat="-8.6805480" lon="119.5567840">
    <ele>82.5</ele>
    <time>2023-09-27T00:29:34Z</time>
   </trkpt>
   <trkpt lat="-8.6805480" lon="119.5567840">
    <ele>82.5</ele>
    <time>2023-09-27T00:29:35Z</time>
   </trkpt>
   <trkpt lat="-8.6805480" lon="119.5567840">
    <ele>82.5</ele>
    <time>2023-09-27T00:29:36Z</time>
   </trkpt>
   <trkpt lat="-8.6805480" lon="119.5567840">
    <ele>82.5</ele>
    <time>2023-09-27T00:29:37Z</time>
   </trkpt>
   <trkpt lat="-8.6805480" lon="119.5567840">
    <ele>82.5</ele>
    <time>2023-09-27T00:29:38Z</time>
   </trkpt>
   <trkpt lat="-8.6805480" lon="119.5567840">
    <ele>82.5</ele>
    <time>2023-09-27T00:29:39Z</time>
   </trkpt>
   <trkpt lat="-8.6805480" lon="119.5567840">
    <ele>82.5</ele>
    <time>2023-09-27T00:29:40Z</time>
   </trkpt>
   <trkpt lat="-8.6805480" lon="119.5567840">
    <ele>82.5</ele>
    <time>2023-09-27T00:29:41Z</time>
   </trkpt>
   <trkpt lat="-8.6805480" lon="119.5567840">
    <ele>82.5</ele>
    <time>2023-09-27T00:29:42Z</time>
   </trkpt>
   <trkpt lat="-8.6805480" lon="119.5567840">
    <ele>82.5</ele>
    <time>2023-09-27T00:29:43Z</time>
   </trkpt>
   <trkpt lat="-8.6805480" lon="119.5567840">
    <ele>82.5</ele>
    <time>2023-09-27T00:29:44Z</time>
   </trkpt>
   <trkpt lat="-8.6805390" lon="119.5567810">
    <ele>82.5</ele>
    <time>2023-09-27T00:29:45Z</time>
   </trkpt>
   <trkpt lat="-8.6805400" lon="119.5567790">
    <ele>82.5</ele>
    <time>2023-09-27T00:29:46Z</time>
   </trkpt>
   <trkpt lat="-8.6805410" lon="119.5567810">
    <ele>82.5</ele>
    <time>2023-09-27T00:29:47Z</time>
   </trkpt>
   <trkpt lat="-8.6805400" lon="119.5567810">
    <ele>82.5</ele>
    <time>2023-09-27T00:29:48Z</time>
   </trkpt>
   <trkpt lat="-8.6805400" lon="119.5567810">
    <ele>82.5</ele>
    <time>2023-09-27T00:29:49Z</time>
   </trkpt>
   <trkpt lat="-8.6805400" lon="119.5567810">
    <ele>82.5</ele>
    <time>2023-09-27T00:29:50Z</time>
   </trkpt>
   <trkpt lat="-8.6805400" lon="119.5567810">
    <ele>82.5</ele>
    <time>2023-09-27T00:29:51Z</time>
   </trkpt>
   <trkpt lat="-8.6805400" lon="119.5567810">
    <ele>82.5</ele>
    <time>2023-09-27T00:29:52Z</time>
   </trkpt>
   <trkpt lat="-8.6805400" lon="119.5567810">
    <ele>82.5</ele>
    <time>2023-09-27T00:29:53Z</time>
   </trkpt>
   <trkpt lat="-8.6805400" lon="119.5567810">
    <ele>82.5</ele>
    <time>2023-09-27T00:29:54Z</time>
   </trkpt>
   <trkpt lat="-8.6805400" lon="119.5567810">
    <ele>82.5</ele>
    <time>2023-09-27T00:29:55Z</time>
   </trkpt>
   <trkpt lat="-8.6805400" lon="119.5567810">
    <ele>82.5</ele>
    <time>2023-09-27T00:29:56Z</time>
   </trkpt>
   <trkpt lat="-8.6805400" lon="119.5567810">
    <ele>82.5</ele>
    <time>2023-09-27T00:29:57Z</time>
   </trkpt>
   <trkpt lat="-8.6805400" lon="119.5567810">
    <ele>82.5</ele>
    <time>2023-09-27T00:29:58Z</time>
   </trkpt>
   <trkpt lat="-8.6805400" lon="119.5567810">
    <ele>82.5</ele>
    <time>2023-09-27T00:29:59Z</time>
   </trkpt>
   <trkpt lat="-8.6805400" lon="119.5567810">
    <ele>82.5</ele>
    <time>2023-09-27T00:30:00Z</time>
   </trkpt>
   <trkpt lat="-8.6805400" lon="119.5567810">
    <ele>82.5</ele>
    <time>2023-09-27T00:30:01Z</time>
   </trkpt>
   <trkpt lat="-8.6805500" lon="119.5567790">
    <ele>82.4</ele>
    <time>2023-09-27T00:30:02Z</time>
   </trkpt>
   <trkpt lat="-8.6805500" lon="119.5567790">
    <ele>82.4</ele>
    <time>2023-09-27T00:30:03Z</time>
   </trkpt>
   <trkpt lat="-8.6805500" lon="119.5567790">
    <ele>82.4</ele>
    <time>2023-09-27T00:30:04Z</time>
   </trkpt>
   <trkpt lat="-8.6805500" lon="119.5567790">
    <ele>82.4</ele>
    <time>2023-09-27T00:30:05Z</time>
   </trkpt>
   <trkpt lat="-8.6805500" lon="119.5567790">
    <ele>82.4</ele>
    <time>2023-09-27T00:30:06Z</time>
   </trkpt>
   <trkpt lat="-8.6805500" lon="119.5567790">
    <ele>82.4</ele>
    <time>2023-09-27T00:30:07Z</time>
   </trkpt>
   <trkpt lat="-8.6805500" lon="119.5567790">
    <ele>82.4</ele>
    <time>2023-09-27T00:30:08Z</time>
   </trkpt>
   <trkpt lat="-8.6805500" lon="119.5567790">
    <ele>82.4</ele>
    <time>2023-09-27T00:30:09Z</time>
   </trkpt>
   <trkpt lat="-8.6805500" lon="119.5567790">
    <ele>82.4</ele>
    <time>2023-09-27T00:30:10Z</time>
   </trkpt>
   <trkpt lat="-8.6805500" lon="119.5567790">
    <ele>82.4</ele>
    <time>2023-09-27T00:30:11Z</time>
   </trkpt>
   <trkpt lat="-8.6805500" lon="119.5567790">
    <ele>82.4</ele>
    <time>2023-09-27T00:30:12Z</time>
   </trkpt>
   <trkpt lat="-8.6805500" lon="119.5567790">
    <ele>82.4</ele>
    <time>2023-09-27T00:30:13Z</time>
   </trkpt>
   <trkpt lat="-8.6805500" lon="119.5567790">
    <ele>82.4</ele>
    <time>2023-09-27T00:30:14Z</time>
   </trkpt>
   <trkpt lat="-8.6805500" lon="119.5567790">
    <ele>82.4</ele>
    <time>2023-09-27T00:30:15Z</time>
   </trkpt>
   <trkpt lat="-8.6805500" lon="119.5567790">
    <ele>82.4</ele>
    <time>2023-09-27T00:30:16Z</time>
   </trkpt>
   <trkpt lat="-8.6805500" lon="119.5567790">
    <ele>82.4</ele>
    <time>2023-09-27T00:30:17Z</time>
   </trkpt>
   <trkpt lat="-8.6805500" lon="119.5567790">
    <ele>82.4</ele>
    <time>2023-09-27T00:30:18Z</time>
   </trkpt>
   <trkpt lat="-8.6805500" lon="119.5567790">
    <ele>82.4</ele>
    <time>2023-09-27T00:30:19Z</time>
   </trkpt>
   <trkpt lat="-8.6805500" lon="119.5567790">
    <ele>82.4</ele>
    <time>2023-09-27T00:30:20Z</time>
   </trkpt>
   <trkpt lat="-8.6805500" lon="119.5567790">
    <ele>82.4</ele>
    <time>2023-09-27T00:30:21Z</time>
   </trkpt>
   <trkpt lat="-8.6805500" lon="119.5567790">
    <ele>82.4</ele>
    <time>2023-09-27T00:30:22Z</time>
   </trkpt>
   <trkpt lat="-8.6805500" lon="119.5567790">
    <ele>82.4</ele>
    <time>2023-09-27T00:30:23Z</time>
   </trkpt>
   <trkpt lat="-8.6805500" lon="119.5567790">
    <ele>82.4</ele>
    <time>2023-09-27T00:30:24Z</time>
   </trkpt>
   <trkpt lat="-8.6805500" lon="119.5567790">
    <ele>82.4</ele>
    <time>2023-09-27T00:30:25Z</time>
   </trkpt>
   <trkpt lat="-8.6805500" lon="119.5567790">
    <ele>82.4</ele>
    <time>2023-09-27T00:30:26Z</time>
   </trkpt>
   <trkpt lat="-8.6805500" lon="119.5567790">
    <ele>82.4</ele>
    <time>2023-09-27T00:30:27Z</time>
   </trkpt>
   <trkpt lat="-8.6805500" lon="119.5567790">
    <ele>82.4</ele>
    <time>2023-09-27T00:30:28Z</time>
   </trkpt>
   <trkpt lat="-8.6805500" lon="119.5567790">
    <ele>82.4</ele>
    <time>2023-09-27T00:30:29Z</time>
   </trkpt>
   <trkpt lat="-8.6805500" lon="119.5567790">
    <ele>82.4</ele>
    <time>2023-09-27T00:30:30Z</time>
   </trkpt>
   <trkpt lat="-8.6805500" lon="119.5567790">
    <ele>82.4</ele>
    <time>2023-09-27T00:30:31Z</time>
   </trkpt>
   <trkpt lat="-8.6805500" lon="119.5567790">
    <ele>82.4</ele>
    <time>2023-09-27T00:30:32Z</time>
   </trkpt>
   <trkpt lat="-8.6805500" lon="119.5567790">
    <ele>82.4</ele>
    <time>2023-09-27T00:30:33Z</time>
   </trkpt>
   <trkpt lat="-8.6805500" lon="119.5567790">
    <ele>82.4</ele>
    <time>2023-09-27T00:30:34Z</time>
   </trkpt>
   <trkpt lat="-8.6805500" lon="119.5567790">
    <ele>82.4</ele>
    <time>2023-09-27T00:30:35Z</time>
   </trkpt>
   <trkpt lat="-8.6805500" lon="119.5567790">
    <ele>82.4</ele>
    <time>2023-09-27T00:30:36Z</time>
   </trkpt>
   <trkpt lat="-8.6805500" lon="119.5567790">
    <ele>82.4</ele>
    <time>2023-09-27T00:30:37Z</time>
   </trkpt>
   <trkpt lat="-8.6805500" lon="119.5567790">
    <ele>82.4</ele>
    <time>2023-09-27T00:30:38Z</time>
   </trkpt>
   <trkpt lat="-8.6805500" lon="119.5567790">
    <ele>82.4</ele>
    <time>2023-09-27T00:30:39Z</time>
   </trkpt>
   <trkpt lat="-8.6805500" lon="119.5567790">
    <ele>82.4</ele>
    <time>2023-09-27T00:30:40Z</time>
   </trkpt>
   <trkpt lat="-8.6805500" lon="119.5567790">
    <ele>82.4</ele>
    <time>2023-09-27T00:30:41Z</time>
   </trkpt>
   <trkpt lat="-8.6805500" lon="119.5567790">
    <ele>82.4</ele>
    <time>2023-09-27T00:30:42Z</time>
   </trkpt>
   <trkpt lat="-8.6805500" lon="119.5567790">
    <ele>82.4</ele>
    <time>2023-09-27T00:30:43Z</time>
   </trkpt>
   <trkpt lat="-8.6805500" lon="119.5567790">
    <ele>82.4</ele>
    <time>2023-09-27T00:30:44Z</time>
   </trkpt>
   <trkpt lat="-8.6805500" lon="119.5567790">
    <ele>82.4</ele>
    <time>2023-09-27T00:30:45Z</time>
   </trkpt>
   <trkpt lat="-8.6805500" lon="119.5567790">
    <ele>82.4</ele>
    <time>2023-09-27T00:30:46Z</time>
   </trkpt>
   <trkpt lat="-8.6805500" lon="119.5567790">
    <ele>82.4</ele>
    <time>2023-09-27T00:30:47Z</time>
   </trkpt>
   <trkpt lat="-8.6805500" lon="119.5567790">
    <ele>82.4</ele>
    <time>2023-09-27T00:30:48Z</time>
   </trkpt>
   <trkpt lat="-8.6805500" lon="119.5567790">
    <ele>82.4</ele>
    <time>2023-09-27T00:30:49Z</time>
   </trkpt>
   <trkpt lat="-8.6805500" lon="119.5567790">
    <ele>82.4</ele>
    <time>2023-09-27T00:30:50Z</time>
   </trkpt>
   <trkpt lat="-8.6805470" lon="119.5567790">
    <ele>82.4</ele>
    <time>2023-09-27T00:30:51Z</time>
   </trkpt>
   <trkpt lat="-8.6805470" lon="119.5567790">
    <ele>82.4</ele>
    <time>2023-09-27T00:30:52Z</time>
   </trkpt>
   <trkpt lat="-8.6805470" lon="119.5567790">
    <ele>82.4</ele>
    <time>2023-09-27T00:30:53Z</time>
   </trkpt>
   <trkpt lat="-8.6805470" lon="119.5567790">
    <ele>82.4</ele>
    <time>2023-09-27T00:30:54Z</time>
   </trkpt>
   <trkpt lat="-8.6805410" lon="119.5567780">
    <ele>82.4</ele>
    <time>2023-09-27T00:30:55Z</time>
   </trkpt>
   <trkpt lat="-8.6805410" lon="119.5567780">
    <ele>82.4</ele>
    <time>2023-09-27T00:30:56Z</time>
   </trkpt>
   <trkpt lat="-8.6805410" lon="119.5567780">
    <ele>82.4</ele>
    <time>2023-09-27T00:30:57Z</time>
   </trkpt>
   <trkpt lat="-8.6805430" lon="119.5567820">
    <ele>82.4</ele>
    <time>2023-09-27T00:30:58Z</time>
   </trkpt>
   <trkpt lat="-8.6805430" lon="119.5567820">
    <ele>82.4</ele>
    <time>2023-09-27T00:30:59Z</time>
   </trkpt>
   <trkpt lat="-8.6805430" lon="119.5567820">
    <ele>82.4</ele>
    <time>2023-09-27T00:31:00Z</time>
   </trkpt>
   <trkpt lat="-8.6805430" lon="119.5567820">
    <ele>82.4</ele>
    <time>2023-09-27T00:31:01Z</time>
   </trkpt>
   <trkpt lat="-8.6805430" lon="119.5567820">
    <ele>82.4</ele>
    <time>2023-09-27T00:31:02Z</time>
   </trkpt>
   <trkpt lat="-8.6805430" lon="119.5567820">
    <ele>82.4</ele>
    <time>2023-09-27T00:31:03Z</time>
   </trkpt>
   <trkpt lat="-8.6805430" lon="119.5567820">
    <ele>82.4</ele>
    <time>2023-09-27T00:31:04Z</time>
   </trkpt>
   <trkpt lat="-8.6805340" lon="119.5567770">
    <ele>82.3</ele>
    <time>2023-09-27T00:31:05Z</time>
   </trkpt>
   <trkpt lat="-8.6805320" lon="119.5567640">
    <ele>82.3</ele>
    <time>2023-09-27T00:31:06Z</time>
   </trkpt>
   <trkpt lat="-8.6805370" lon="119.5567720">
    <ele>82.3</ele>
    <time>2023-09-27T00:31:07Z</time>
   </trkpt>
   <trkpt lat="-8.6805370" lon="119.5567720">
    <ele>82.3</ele>
    <time>2023-09-27T00:31:08Z</time>
   </trkpt>
   <trkpt lat="-8.6805370" lon="119.5567720">
    <ele>82.3</ele>
    <time>2023-09-27T00:31:09Z</time>
   </trkpt>
   <trkpt lat="-8.6805370" lon="119.5567720">
    <ele>82.3</ele>
    <time>2023-09-27T00:31:10Z</time>
   </trkpt>
   <trkpt lat="-8.6805370" lon="119.5567720">
    <ele>82.3</ele>
    <time>2023-09-27T00:31:11Z</time>
   </trkpt>
   <trkpt lat="-8.6805370" lon="119.5567720">
    <ele>82.3</ele>
    <time>2023-09-27T00:31:12Z</time>
   </trkpt>
   <trkpt lat="-8.6805370" lon="119.5567720">
    <ele>82.3</ele>
    <time>2023-09-27T00:31:13Z</time>
   </trkpt>
   <trkpt lat="-8.6805370" lon="119.5567720">
    <ele>82.3</ele>
    <time>2023-09-27T00:31:14Z</time>
   </trkpt>
   <trkpt lat="-8.6805370" lon="119.5567720">
    <ele>82.3</ele>
    <time>2023-09-27T00:31:15Z</time>
   </trkpt>
   <trkpt lat="-8.6805370" lon="119.5567720">
    <ele>82.3</ele>
    <time>2023-09-27T00:31:16Z</time>
   </trkpt>
   <trkpt lat="-8.6805370" lon="119.5567720">
    <ele>82.3</ele>
    <time>2023-09-27T00:31:17Z</time>
   </trkpt>
   <trkpt lat="-8.6805370" lon="119.5567720">
    <ele>82.3</ele>
    <time>2023-09-27T00:31:18Z</time>
   </trkpt>
   <trkpt lat="-8.6805370" lon="119.5567720">
    <ele>82.3</ele>
    <time>2023-09-27T00:31:19Z</time>
   </trkpt>
   <trkpt lat="-8.6805370" lon="119.5567720">
    <ele>82.3</ele>
    <time>2023-09-27T00:31:20Z</time>
   </trkpt>
   <trkpt lat="-8.6805400" lon="119.5567850">
    <ele>82.2</ele>
    <time>2023-09-27T00:31:21Z</time>
   </trkpt>
   <trkpt lat="-8.6805460" lon="119.5567840">
    <ele>82.2</ele>
    <time>2023-09-27T00:31:22Z</time>
   </trkpt>
   <trkpt lat="-8.6805440" lon="119.5567860">
    <ele>82.2</ele>
    <time>2023-09-27T00:31:23Z</time>
   </trkpt>
   <trkpt lat="-8.6805440" lon="119.5567730">
    <ele>82.1</ele>
    <time>2023-09-27T00:31:24Z</time>
   </trkpt>
   <trkpt lat="-8.6805400" lon="119.5567830">
    <ele>82.1</ele>
    <time>2023-09-27T00:31:25Z</time>
   </trkpt>
   <trkpt lat="-8.6805430" lon="119.5567840">
    <ele>82.1</ele>
    <time>2023-09-27T00:31:26Z</time>
   </trkpt>
   <trkpt lat="-8.6805430" lon="119.5567840">
    <ele>82.1</ele>
    <time>2023-09-27T00:31:27Z</time>
   </trkpt>
   <trkpt lat="-8.6805430" lon="119.5567840">
    <ele>82.1</ele>
    <time>2023-09-27T00:31:28Z</time>
   </trkpt>
   <trkpt lat="-8.6805430" lon="119.5567840">
    <ele>82.1</ele>
    <time>2023-09-27T00:31:29Z</time>
   </trkpt>
   <trkpt lat="-8.6805430" lon="119.5567840">
    <ele>82.1</ele>
    <time>2023-09-27T00:31:30Z</time>
   </trkpt>
   <trkpt lat="-8.6805430" lon="119.5567840">
    <ele>82.1</ele>
    <time>2023-09-27T00:31:31Z</time>
   </trkpt>
   <trkpt lat="-8.6805430" lon="119.5567920">
    <ele>82.1</ele>
    <time>2023-09-27T00:31:32Z</time>
   </trkpt>
   <trkpt lat="-8.6805430" lon="119.5567900">
    <ele>82.1</ele>
    <time>2023-09-27T00:31:33Z</time>
   </trkpt>
   <trkpt lat="-8.6805430" lon="119.5567900">
    <ele>82.1</ele>
    <time>2023-09-27T00:31:34Z</time>
   </trkpt>
   <trkpt lat="-8.6805430" lon="119.5567900">
    <ele>82.1</ele>
    <time>2023-09-27T00:31:35Z</time>
   </trkpt>
   <trkpt lat="-8.6805410" lon="119.5567970">
    <ele>82.0</ele>
    <time>2023-09-27T00:31:36Z</time>
   </trkpt>
   <trkpt lat="-8.6805410" lon="119.5567970">
    <ele>82.0</ele>
    <time>2023-09-27T00:31:37Z</time>
   </trkpt>
   <trkpt lat="-8.6805410" lon="119.5567970">
    <ele>82.0</ele>
    <time>2023-09-27T00:31:38Z</time>
   </trkpt>
   <trkpt lat="-8.6805410" lon="119.5567970">
    <ele>82.0</ele>
    <time>2023-09-27T00:31:39Z</time>
   </trkpt>
   <trkpt lat="-8.6805390" lon="119.5567940">
    <ele>82.0</ele>
    <time>2023-09-27T00:31:40Z</time>
   </trkpt>
   <trkpt lat="-8.6805390" lon="119.5567930">
    <ele>82.0</ele>
    <time>2023-09-27T00:31:41Z</time>
   </trkpt>
   <trkpt lat="-8.6805390" lon="119.5567930">
    <ele>82.0</ele>
    <time>2023-09-27T00:31:42Z</time>
   </trkpt>
   <trkpt lat="-8.6805390" lon="119.5567930">
    <ele>82.0</ele>
    <time>2023-09-27T00:31:43Z</time>
   </trkpt>
   <trkpt lat="-8.6805390" lon="119.5567920">
    <ele>82.0</ele>
    <time>2023-09-27T00:31:44Z</time>
   </trkpt>
   <trkpt lat="-8.6805400" lon="119.5567910">
    <ele>82.0</ele>
    <time>2023-09-27T00:31:45Z</time>
   </trkpt>
   <trkpt lat="-8.6805400" lon="119.5567910">
    <ele>82.0</ele>
    <time>2023-09-27T00:31:46Z</time>
   </trkpt>
   <trkpt lat="-8.6805420" lon="119.5567920">
    <ele>82.0</ele>
    <time>2023-09-27T00:31:47Z</time>
   </trkpt>
   <trkpt lat="-8.6805420" lon="119.5567920">
    <ele>82.0</ele>
    <time>2023-09-27T00:31:48Z</time>
   </trkpt>
   <trkpt lat="-8.6805420" lon="119.5567920">
    <ele>82.0</ele>
    <time>2023-09-27T00:31:49Z</time>
   </trkpt>
   <trkpt lat="-8.6805420" lon="119.5567920">
    <ele>82.0</ele>
    <time>2023-09-27T00:31:50Z</time>
   </trkpt>
   <trkpt lat="-8.6805440" lon="119.5567910">
    <ele>82.0</ele>
    <time>2023-09-27T00:31:51Z</time>
   </trkpt>
   <trkpt lat="-8.6805440" lon="119.5567920">
    <ele>82.0</ele>
    <time>2023-09-27T00:31:52Z</time>
   </trkpt>
   <trkpt lat="-8.6805420" lon="119.5567930">
    <ele>82.0</ele>
    <time>2023-09-27T00:31:53Z</time>
   </trkpt>
   <trkpt lat="-8.6805410" lon="119.5567960">
    <ele>82.0</ele>
    <time>2023-09-27T00:31:54Z</time>
   </trkpt>
   <trkpt lat="-8.6805420" lon="119.5567940">
    <ele>82.0</ele>
    <time>2023-09-27T00:31:55Z</time>
   </trkpt>
   <trkpt lat="-8.6805440" lon="119.5567940">
    <ele>81.9</ele>
    <time>2023-09-27T00:31:56Z</time>
   </trkpt>
   <trkpt lat="-8.6805440" lon="119.5567920">
    <ele>81.9</ele>
    <time>2023-09-27T00:31:57Z</time>
   </trkpt>
   <trkpt lat="-8.6805450" lon="119.5567930">
    <ele>81.9</ele>
    <time>2023-09-27T00:31:58Z</time>
   </trkpt>
   <trkpt lat="-8.6805450" lon="119.5567930">
    <ele>81.9</ele>
    <time>2023-09-27T00:31:59Z</time>
   </trkpt>
   <trkpt lat="-8.6805450" lon="119.5567930">
    <ele>81.9</ele>
    <time>2023-09-27T00:32:00Z</time>
   </trkpt>
   <trkpt lat="-8.6805450" lon="119.5567930">
    <ele>81.9</ele>
    <time>2023-09-27T00:32:01Z</time>
   </trkpt>
   <trkpt lat="-8.6805460" lon="119.5567900">
    <ele>81.9</ele>
    <time>2023-09-27T00:32:02Z</time>
   </trkpt>
   <trkpt lat="-8.6805470" lon="119.5567920">
    <ele>81.9</ele>
    <time>2023-09-27T00:32:03Z</time>
   </trkpt>
   <trkpt lat="-8.6805480" lon="119.5567920">
    <ele>81.9</ele>
    <time>2023-09-27T00:32:04Z</time>
   </trkpt>
   <trkpt lat="-8.6805510" lon="119.5567870">
    <ele>81.9</ele>
    <time>2023-09-27T00:32:05Z</time>
   </trkpt>
   <trkpt lat="-8.6805500" lon="119.5567880">
    <ele>81.9</ele>
    <time>2023-09-27T00:32:06Z</time>
   </trkpt>
   <trkpt lat="-8.6805500" lon="119.5567880">
    <ele>81.9</ele>
    <time>2023-09-27T00:32:07Z</time>
   </trkpt>
   <trkpt lat="-8.6805500" lon="119.5567880">
    <ele>81.9</ele>
    <time>2023-09-27T00:32:08Z</time>
   </trkpt>
   <trkpt lat="-8.6805500" lon="119.5567880">
    <ele>81.9</ele>
    <time>2023-09-27T00:32:09Z</time>
   </trkpt>
   <trkpt lat="-8.6805500" lon="119.5567880">
    <ele>81.9</ele>
    <time>2023-09-27T00:32:10Z</time>
   </trkpt>
   <trkpt lat="-8.6805500" lon="119.5567880">
    <ele>81.9</ele>
    <time>2023-09-27T00:32:11Z</time>
   </trkpt>
   <trkpt lat="-8.6805580" lon="119.5567980">
    <ele>81.8</ele>
    <time>2023-09-27T00:32:12Z</time>
   </trkpt>
   <trkpt lat="-8.6805580" lon="119.5567980">
    <ele>81.8</ele>
    <time>2023-09-27T00:32:13Z</time>
   </trkpt>
   <trkpt lat="-8.6805580" lon="119.5568000">
    <ele>81.8</ele>
    <time>2023-09-27T00:32:14Z</time>
   </trkpt>
   <trkpt lat="-8.6805570" lon="119.5567980">
    <ele>81.8</ele>
    <time>2023-09-27T00:32:15Z</time>
   </trkpt>
   <trkpt lat="-8.6805590" lon="119.5568000">
    <ele>81.8</ele>
    <time>2023-09-27T00:32:16Z</time>
   </trkpt>
   <trkpt lat="-8.6805600" lon="119.5567990">
    <ele>81.8</ele>
    <time>2023-09-27T00:32:17Z</time>
   </trkpt>
   <trkpt lat="-8.6805590" lon="119.5568000">
    <ele>81.8</ele>
    <time>2023-09-27T00:32:18Z</time>
   </trkpt>
   <trkpt lat="-8.6805590" lon="119.5568000">
    <ele>81.8</ele>
    <time>2023-09-27T00:32:19Z</time>
   </trkpt>
   <trkpt lat="-8.6805590" lon="119.5568000">
    <ele>81.8</ele>
    <time>2023-09-27T00:32:20Z</time>
   </trkpt>
   <trkpt lat="-8.6805580" lon="119.5568030">
    <ele>81.8</ele>
    <time>2023-09-27T00:32:21Z</time>
   </trkpt>
   <trkpt lat="-8.6805570" lon="119.5568040">
    <ele>81.8</ele>
    <time>2023-09-27T00:32:22Z</time>
   </trkpt>
   <trkpt lat="-8.6805570" lon="119.5568040">
    <ele>81.8</ele>
    <time>2023-09-27T00:32:23Z</time>
   </trkpt>
   <trkpt lat="-8.6805570" lon="119.5568040">
    <ele>81.8</ele>
    <time>2023-09-27T00:32:24Z</time>
   </trkpt>
   <trkpt lat="-8.6805560" lon="119.5568050">
    <ele>81.8</ele>
    <time>2023-09-27T00:32:25Z</time>
   </trkpt>
   <trkpt lat="-8.6805560" lon="119.5568070">
    <ele>81.8</ele>
    <time>2023-09-27T00:32:26Z</time>
   </trkpt>
   <trkpt lat="-8.6805560" lon="119.5568080">
    <ele>81.8</ele>
    <time>2023-09-27T00:32:27Z</time>
   </trkpt>
   <trkpt lat="-8.6805570" lon="119.5568080">
    <ele>81.8</ele>
    <time>2023-09-27T00:32:28Z</time>
   </trkpt>
   <trkpt lat="-8.6805560" lon="119.5568080">
    <ele>81.8</ele>
    <time>2023-09-27T00:32:29Z</time>
   </trkpt>
   <trkpt lat="-8.6805560" lon="119.5568080">
    <ele>81.8</ele>
    <time>2023-09-27T00:32:30Z</time>
   </trkpt>
   <trkpt lat="-8.6805560" lon="119.5568080">
    <ele>81.8</ele>
    <time>2023-09-27T00:32:31Z</time>
   </trkpt>
   <trkpt lat="-8.6805560" lon="119.5568080">
    <ele>81.8</ele>
    <time>2023-09-27T00:32:32Z</time>
   </trkpt>
   <trkpt lat="-8.6805560" lon="119.5568080">
    <ele>81.8</ele>
    <time>2023-09-27T00:32:33Z</time>
   </trkpt>
   <trkpt lat="-8.6805490" lon="119.5568020">
    <ele>81.7</ele>
    <time>2023-09-27T00:32:34Z</time>
   </trkpt>
   <trkpt lat="-8.6805490" lon="119.5568020">
    <ele>81.7</ele>
    <time>2023-09-27T00:32:35Z</time>
   </trkpt>
   <trkpt lat="-8.6805490" lon="119.5568020">
    <ele>81.7</ele>
    <time>2023-09-27T00:32:36Z</time>
   </trkpt>
   <trkpt lat="-8.6805500" lon="119.5568020">
    <ele>81.7</ele>
    <time>2023-09-27T00:32:37Z</time>
   </trkpt>
   <trkpt lat="-8.6805480" lon="119.5568030">
    <ele>81.7</ele>
    <time>2023-09-27T00:32:38Z</time>
   </trkpt>
   <trkpt lat="-8.6805500" lon="119.5567990">
    <ele>81.7</ele>
    <time>2023-09-27T00:32:39Z</time>
   </trkpt>
   <trkpt lat="-8.6805540" lon="119.5567980">
    <ele>81.7</ele>
    <time>2023-09-27T00:32:40Z</time>
   </trkpt>
   <trkpt lat="-8.6805670" lon="119.5567740">
    <ele>81.6</ele>
    <time>2023-09-27T00:32:41Z</time>
   </trkpt>
   <trkpt lat="-8.6805710" lon="119.5567680">
    <ele>81.6</ele>
    <time>2023-09-27T00:32:42Z</time>
   </trkpt>
   <trkpt lat="-8.6805720" lon="119.5567690">
    <ele>81.6</ele>
    <time>2023-09-27T00:32:43Z</time>
   </trkpt>
   <trkpt lat="-8.6805710" lon="119.5567770">
    <ele>81.5</ele>
    <time>2023-09-27T00:32:44Z</time>
   </trkpt>
   <trkpt lat="-8.6805710" lon="119.5567770">
    <ele>81.5</ele>
    <time>2023-09-27T00:32:45Z</time>
   </trkpt>
   <trkpt lat="-8.6805710" lon="119.5567770">
    <ele>81.5</ele>
    <time>2023-09-27T00:32:46Z</time>
   </trkpt>
   <trkpt lat="-8.6805710" lon="119.5567770">
    <ele>81.5</ele>
    <time>2023-09-27T00:32:47Z</time>
   </trkpt>
   <trkpt lat="-8.6805710" lon="119.5567770">
    <ele>81.5</ele>
    <time>2023-09-27T00:32:48Z</time>
   </trkpt>
   <trkpt lat="-8.6805710" lon="119.5567770">
    <ele>81.5</ele>
    <time>2023-09-27T00:32:49Z</time>
   </trkpt>
   <trkpt lat="-8.6805510" lon="119.5567890">
    <ele>81.5</ele>
    <time>2023-09-27T00:32:50Z</time>
   </trkpt>
   <trkpt lat="-8.6805510" lon="119.5567890">
    <ele>81.5</ele>
    <time>2023-09-27T00:32:51Z</time>
   </trkpt>
   <trkpt lat="-8.6805510" lon="119.5567890">
    <ele>81.5</ele>
    <time>2023-09-27T00:32:52Z</time>
   </trkpt>
   <trkpt lat="-8.6805510" lon="119.5567890">
    <ele>81.5</ele>
    <time>2023-09-27T00:32:53Z</time>
   </trkpt>
   <trkpt lat="-8.6805510" lon="119.5567890">
    <ele>81.5</ele>
    <time>2023-09-27T00:32:54Z</time>
   </trkpt>
   <trkpt lat="-8.6805510" lon="119.5567890">
    <ele>81.5</ele>
    <time>2023-09-27T00:32:55Z</time>
   </trkpt>
   <trkpt lat="-8.6805510" lon="119.5567890">
    <ele>81.5</ele>
    <time>2023-09-27T00:32:56Z</time>
   </trkpt>
   <trkpt lat="-8.6805510" lon="119.5567890">
    <ele>81.5</ele>
    <time>2023-09-27T00:32:57Z</time>
   </trkpt>
   <trkpt lat="-8.6805510" lon="119.5567890">
    <ele>81.5</ele>
    <time>2023-09-27T00:32:58Z</time>
   </trkpt>
   <trkpt lat="-8.6805510" lon="119.5567890">
    <ele>81.5</ele>
    <time>2023-09-27T00:32:59Z</time>
   </trkpt>
   <trkpt lat="-8.6805510" lon="119.5567890">
    <ele>81.5</ele>
    <time>2023-09-27T00:33:00Z</time>
   </trkpt>
   <trkpt lat="-8.6805510" lon="119.5567890">
    <ele>81.5</ele>
    <time>2023-09-27T00:33:01Z</time>
   </trkpt>
   <trkpt lat="-8.6805510" lon="119.5567890">
    <ele>81.5</ele>
    <time>2023-09-27T00:33:02Z</time>
   </trkpt>
   <trkpt lat="-8.6805510" lon="119.5567890">
    <ele>81.5</ele>
    <time>2023-09-27T00:33:03Z</time>
   </trkpt>
   <trkpt lat="-8.6805510" lon="119.5567890">
    <ele>81.5</ele>
    <time>2023-09-27T00:33:04Z</time>
   </trkpt>
   <trkpt lat="-8.6805510" lon="119.5567890">
    <ele>81.5</ele>
    <time>2023-09-27T00:33:05Z</time>
   </trkpt>
   <trkpt lat="-8.6805500" lon="119.5567920">
    <ele>81.4</ele>
    <time>2023-09-27T00:33:06Z</time>
   </trkpt>
   <trkpt lat="-8.6805520" lon="119.5567920">
    <ele>81.4</ele>
    <time>2023-09-27T00:33:07Z</time>
   </trkpt>
   <trkpt lat="-8.6805540" lon="119.5567920">
    <ele>81.4</ele>
    <time>2023-09-27T00:33:08Z</time>
   </trkpt>
   <trkpt lat="-8.6805500" lon="119.5567900">
    <ele>81.4</ele>
    <time>2023-09-27T00:33:09Z</time>
   </trkpt>
   <trkpt lat="-8.6805480" lon="119.5567880">
    <ele>81.4</ele>
    <time>2023-09-27T00:33:10Z</time>
   </trkpt>
   <trkpt lat="-8.6805350" lon="119.5567920">
    <ele>81.4</ele>
    <time>2023-09-27T00:33:11Z</time>
   </trkpt>
   <trkpt lat="-8.6805430" lon="119.5567920">
    <ele>81.3</ele>
    <time>2023-09-27T00:33:12Z</time>
   </trkpt>
   <trkpt lat="-8.6805450" lon="119.5567880">
    <ele>81.3</ele>
    <time>2023-09-27T00:33:13Z</time>
   </trkpt>
   <trkpt lat="-8.6805460" lon="119.5567890">
    <ele>81.3</ele>
    <time>2023-09-27T00:33:14Z</time>
   </trkpt>
   <trkpt lat="-8.6805450" lon="119.5567870">
    <ele>81.3</ele>
    <time>2023-09-27T00:33:15Z</time>
   </trkpt>
   <trkpt lat="-8.6805440" lon="119.5567870">
    <ele>81.3</ele>
    <time>2023-09-27T00:33:16Z</time>
   </trkpt>
   <trkpt lat="-8.6805440" lon="119.5567880">
    <ele>81.3</ele>
    <time>2023-09-27T00:33:17Z</time>
   </trkpt>
   <trkpt lat="-8.6805460" lon="119.5567860">
    <ele>81.3</ele>
    <time>2023-09-27T00:33:18Z</time>
   </trkpt>
   <trkpt lat="-8.6805530" lon="119.5567800">
    <ele>81.2</ele>
    <time>2023-09-27T00:33:19Z</time>
   </trkpt>
   <trkpt lat="-8.6805480" lon="119.5567830">
    <ele>81.2</ele>
    <time>2023-09-27T00:33:20Z</time>
   </trkpt>
   <trkpt lat="-8.6805520" lon="119.5567890">
    <ele>81.2</ele>
    <time>2023-09-27T00:33:21Z</time>
   </trkpt>
   <trkpt lat="-8.6805510" lon="119.5567860">
    <ele>81.2</ele>
    <time>2023-09-27T00:33:22Z</time>
   </trkpt>
   <trkpt lat="-8.6805510" lon="119.5567860">
    <ele>81.2</ele>
    <time>2023-09-27T00:33:23Z</time>
   </trkpt>
   <trkpt lat="-8.6805510" lon="119.5567860">
    <ele>81.2</ele>
    <time>2023-09-27T00:33:24Z</time>
   </trkpt>
   <trkpt lat="-8.6805500" lon="119.5567860">
    <ele>81.2</ele>
    <time>2023-09-27T00:33:25Z</time>
   </trkpt>
   <trkpt lat="-8.6805520" lon="119.5567850">
    <ele>81.2</ele>
    <time>2023-09-27T00:33:26Z</time>
   </trkpt>
   <trkpt lat="-8.6805440" lon="119.5567850">
    <ele>81.1</ele>
    <time>2023-09-27T00:33:27Z</time>
   </trkpt>
   <trkpt lat="-8.6805490" lon="119.5567860">
    <ele>81.1</ele>
    <time>2023-09-27T00:33:28Z</time>
   </trkpt>
   <trkpt lat="-8.6805490" lon="119.5567860">
    <ele>81.1</ele>
    <time>2023-09-27T00:33:29Z</time>
   </trkpt>
   <trkpt lat="-8.6805490" lon="119.5567860">
    <ele>81.1</ele>
    <time>2023-09-27T00:33:30Z</time>
   </trkpt>
   <trkpt lat="-8.6805490" lon="119.5567860">
    <ele>81.1</ele>
    <time>2023-09-27T00:33:31Z</time>
   </trkpt>
   <trkpt lat="-8.6805490" lon="119.5567860">
    <ele>81.1</ele>
    <time>2023-09-27T00:33:32Z</time>
   </trkpt>
   <trkpt lat="-8.6805490" lon="119.5567860">
    <ele>81.1</ele>
    <time>2023-09-27T00:33:33Z</time>
   </trkpt>
   <trkpt lat="-8.6805540" lon="119.5567760">
    <ele>81.1</ele>
    <time>2023-09-27T00:33:34Z</time>
   </trkpt>
   <trkpt lat="-8.6805540" lon="119.5567760">
    <ele>81.1</ele>
    <time>2023-09-27T00:33:35Z</time>
   </trkpt>
   <trkpt lat="-8.6805540" lon="119.5567760">
    <ele>81.1</ele>
    <time>2023-09-27T00:33:36Z</time>
   </trkpt>
   <trkpt lat="-8.6805540" lon="119.5567760">
    <ele>81.1</ele>
    <time>2023-09-27T00:33:37Z</time>
   </trkpt>
   <trkpt lat="-8.6805540" lon="119.5567760">
    <ele>81.1</ele>
    <time>2023-09-27T00:33:38Z</time>
   </trkpt>
   <trkpt lat="-8.6805540" lon="119.5567760">
    <ele>81.1</ele>
    <time>2023-09-27T00:33:39Z</time>
   </trkpt>
   <trkpt lat="-8.6805540" lon="119.5567760">
    <ele>81.1</ele>
    <time>2023-09-27T00:33:40Z</time>
   </trkpt>
   <trkpt lat="-8.6805540" lon="119.5567760">
    <ele>81.1</ele>
    <time>2023-09-27T00:33:41Z</time>
   </trkpt>
   <trkpt lat="-8.6805540" lon="119.5567760">
    <ele>81.1</ele>
    <time>2023-09-27T00:33:42Z</time>
   </trkpt>
   <trkpt lat="-8.6805540" lon="119.5567760">
    <ele>81.1</ele>
    <time>2023-09-27T00:33:43Z</time>
   </trkpt>
   <trkpt lat="-8.6805540" lon="119.5567760">
    <ele>81.1</ele>
    <time>2023-09-27T00:33:44Z</time>
   </trkpt>
   <trkpt lat="-8.6805540" lon="119.5567760">
    <ele>81.1</ele>
    <time>2023-09-27T00:33:45Z</time>
   </trkpt>
   <trkpt lat="-8.6805540" lon="119.5567760">
    <ele>81.1</ele>
    <time>2023-09-27T00:33:46Z</time>
   </trkpt>
   <trkpt lat="-8.6805540" lon="119.5567760">
    <ele>81.1</ele>
    <time>2023-09-27T00:33:47Z</time>
   </trkpt>
   <trkpt lat="-8.6805540" lon="119.5567760">
    <ele>81.1</ele>
    <time>2023-09-27T00:33:48Z</time>
   </trkpt>
   <trkpt lat="-8.6805540" lon="119.5567760">
    <ele>81.1</ele>
    <time>2023-09-27T00:33:49Z</time>
   </trkpt>
   <trkpt lat="-8.6805540" lon="119.5567760">
    <ele>81.1</ele>
    <time>2023-09-27T00:33:50Z</time>
   </trkpt>
   <trkpt lat="-8.6805540" lon="119.5567760">
    <ele>81.1</ele>
    <time>2023-09-27T00:33:51Z</time>
   </trkpt>
   <trkpt lat="-8.6805540" lon="119.5567760">
    <ele>81.1</ele>
    <time>2023-09-27T00:33:52Z</time>
   </trkpt>
   <trkpt lat="-8.6805540" lon="119.5567760">
    <ele>81.1</ele>
    <time>2023-09-27T00:33:53Z</time>
   </trkpt>
   <trkpt lat="-8.6805540" lon="119.5567760">
    <ele>81.1</ele>
    <time>2023-09-27T00:33:54Z</time>
   </trkpt>
   <trkpt lat="-8.6805540" lon="119.5567760">
    <ele>81.1</ele>
    <time>2023-09-27T00:33:55Z</time>
   </trkpt>
   <trkpt lat="-8.6805540" lon="119.5567760">
    <ele>81.1</ele>
    <time>2023-09-27T00:33:56Z</time>
   </trkpt>
   <trkpt lat="-8.6805540" lon="119.5567760">
    <ele>81.1</ele>
    <time>2023-09-27T00:33:57Z</time>
   </trkpt>
   <trkpt lat="-8.6805540" lon="119.5567760">
    <ele>81.1</ele>
    <time>2023-09-27T00:33:58Z</time>
   </trkpt>
   <trkpt lat="-8.6805540" lon="119.5567760">
    <ele>81.1</ele>
    <time>2023-09-27T00:33:59Z</time>
   </trkpt>
   <trkpt lat="-8.6805680" lon="119.5567750">
    <ele>81.0</ele>
    <time>2023-09-27T00:34:00Z</time>
   </trkpt>
   <trkpt lat="-8.6805680" lon="119.5567750">
    <ele>81.0</ele>
    <time>2023-09-27T00:34:01Z</time>
   </trkpt>
   <trkpt lat="-8.6805680" lon="119.5567750">
    <ele>81.0</ele>
    <time>2023-09-27T00:34:02Z</time>
   </trkpt>
   <trkpt lat="-8.6805680" lon="119.5567750">
    <ele>81.0</ele>
    <time>2023-09-27T00:34:03Z</time>
   </trkpt>
   <trkpt lat="-8.6805680" lon="119.5567750">
    <ele>81.0</ele>
    <time>2023-09-27T00:34:04Z</time>
   </trkpt>
   <trkpt lat="-8.6805680" lon="119.5567750">
    <ele>81.0</ele>
    <time>2023-09-27T00:34:05Z</time>
   </trkpt>
   <trkpt lat="-8.6805680" lon="119.5567750">
    <ele>81.0</ele>
    <time>2023-09-27T00:34:06Z</time>
   </trkpt>
   <trkpt lat="-8.6805680" lon="119.5567750">
    <ele>81.0</ele>
    <time>2023-09-27T00:34:07Z</time>
   </trkpt>
   <trkpt lat="-8.6805680" lon="119.5567750">
    <ele>81.0</ele>
    <time>2023-09-27T00:34:08Z</time>
   </trkpt>
   <trkpt lat="-8.6805680" lon="119.5567750">
    <ele>81.0</ele>
    <time>2023-09-27T00:34:09Z</time>
   </trkpt>
   <trkpt lat="-8.6805680" lon="119.5567750">
    <ele>81.0</ele>
    <time>2023-09-27T00:34:10Z</time>
   </trkpt>
   <trkpt lat="-8.6805680" lon="119.5567750">
    <ele>81.0</ele>
    <time>2023-09-27T00:34:11Z</time>
   </trkpt>
   <trkpt lat="-8.6805680" lon="119.5567750">
    <ele>81.0</ele>
    <time>2023-09-27T00:34:12Z</time>
   </trkpt>
   <trkpt lat="-8.6805680" lon="119.5567750">
    <ele>81.0</ele>
    <time>2023-09-27T00:34:13Z</time>
   </trkpt>
   <trkpt lat="-8.6805680" lon="119.5567750">
    <ele>81.0</ele>
    <time>2023-09-27T00:34:14Z</time>
   </trkpt>
   <trkpt lat="-8.6805680" lon="119.5567750">
    <ele>81.0</ele>
    <time>2023-09-27T00:34:15Z</time>
   </trkpt>
   <trkpt lat="-8.6805680" lon="119.5567750">
    <ele>81.0</ele>
    <time>2023-09-27T00:34:16Z</time>
   </trkpt>
   <trkpt lat="-8.6805550" lon="119.5567870">
    <ele>81.0</ele>
    <time>2023-09-27T00:34:17Z</time>
   </trkpt>
   <trkpt lat="-8.6805550" lon="119.5567870">
    <ele>81.0</ele>
    <time>2023-09-27T00:34:18Z</time>
   </trkpt>
   <trkpt lat="-8.6805550" lon="119.5567870">
    <ele>81.0</ele>
    <time>2023-09-27T00:34:19Z</time>
   </trkpt>
   <trkpt lat="-8.6805550" lon="119.5567870">
    <ele>81.0</ele>
    <time>2023-09-27T00:34:20Z</time>
   </trkpt>
   <trkpt lat="-8.6805550" lon="119.5567870">
    <ele>81.0</ele>
    <time>2023-09-27T00:34:21Z</time>
   </trkpt>
   <trkpt lat="-8.6805590" lon="119.5567750">
    <ele>80.9</ele>
    <time>2023-09-27T00:34:22Z</time>
   </trkpt>
   <trkpt lat="-8.6805590" lon="119.5567750">
    <ele>80.9</ele>
    <time>2023-09-27T00:34:23Z</time>
   </trkpt>
   <trkpt lat="-8.6805590" lon="119.5567750">
    <ele>80.9</ele>
    <time>2023-09-27T00:34:24Z</time>
   </trkpt>
   <trkpt lat="-8.6805590" lon="119.5567750">
    <ele>80.9</ele>
    <time>2023-09-27T00:34:25Z</time>
   </trkpt>
   <trkpt lat="-8.6805590" lon="119.5567750">
    <ele>80.9</ele>
    <time>2023-09-27T00:34:26Z</time>
   </trkpt>
   <trkpt lat="-8.6805590" lon="119.5567750">
    <ele>80.9</ele>
    <time>2023-09-27T00:34:27Z</time>
   </trkpt>
   <trkpt lat="-8.6805500" lon="119.5567790">
    <ele>80.9</ele>
    <time>2023-09-27T00:34:28Z</time>
   </trkpt>
   <trkpt lat="-8.6805500" lon="119.5567790">
    <ele>80.9</ele>
    <time>2023-09-27T00:34:29Z</time>
   </trkpt>
   <trkpt lat="-8.6805420" lon="119.5567720">
    <ele>80.9</ele>
    <time>2023-09-27T00:34:30Z</time>
   </trkpt>
   <trkpt lat="-8.6805420" lon="119.5567720">
    <ele>80.9</ele>
    <time>2023-09-27T00:34:31Z</time>
   </trkpt>
   <trkpt lat="-8.6805440" lon="119.5567680">
    <ele>80.8</ele>
    <time>2023-09-27T00:34:32Z</time>
   </trkpt>
   <trkpt lat="-8.6805410" lon="119.5567710">
    <ele>80.8</ele>
    <time>2023-09-27T00:34:33Z</time>
   </trkpt>
   <trkpt lat="-8.6805450" lon="119.5567740">
    <ele>80.8</ele>
    <time>2023-09-27T00:34:34Z</time>
   </trkpt>
   <trkpt lat="-8.6805420" lon="119.5567750">
    <ele>80.8</ele>
    <time>2023-09-27T00:34:35Z</time>
   </trkpt>
   <trkpt lat="-8.6805470" lon="119.5567750">
    <ele>80.8</ele>
    <time>2023-09-27T00:34:36Z</time>
   </trkpt>
   <trkpt lat="-8.6805380" lon="119.5567710">
    <ele>80.7</ele>
    <time>2023-09-27T00:34:37Z</time>
   </trkpt>
   <trkpt lat="-8.6805380" lon="119.5567710">
    <ele>80.7</ele>
    <time>2023-09-27T00:34:38Z</time>
   </trkpt>
   <trkpt lat="-8.6805380" lon="119.5567710">
    <ele>80.7</ele>
    <time>2023-09-27T00:34:39Z</time>
   </trkpt>
   <trkpt lat="-8.6805460" lon="119.5567760">
    <ele>80.7</ele>
    <time>2023-09-27T00:34:40Z</time>
   </trkpt>
   <trkpt lat="-8.6805490" lon="119.5567760">
    <ele>80.7</ele>
    <time>2023-09-27T00:34:41Z</time>
   </trkpt>
   <trkpt lat="-8.6805490" lon="119.5567780">
    <ele>80.7</ele>
    <time>2023-09-27T00:34:42Z</time>
   </trkpt>
   <trkpt lat="-8.6805490" lon="119.5567780">
    <ele>80.7</ele>
    <time>2023-09-27T00:34:43Z</time>
   </trkpt>
   <trkpt lat="-8.6805490" lon="119.5567780">
    <ele>80.7</ele>
    <time>2023-09-27T00:34:44Z</time>
   </trkpt>
   <trkpt lat="-8.6805490" lon="119.5567780">
    <ele>80.7</ele>
    <time>2023-09-27T00:34:45Z</time>
   </trkpt>
   <trkpt lat="-8.6805490" lon="119.5567780">
    <ele>80.7</ele>
    <time>2023-09-27T00:34:46Z</time>
   </trkpt>
   <trkpt lat="-8.6805490" lon="119.5567780">
    <ele>80.7</ele>
    <time>2023-09-27T00:34:47Z</time>
   </trkpt>
   <trkpt lat="-8.6805590" lon="119.5567760">
    <ele>80.7</ele>
    <time>2023-09-27T00:34:48Z</time>
   </trkpt>
   <trkpt lat="-8.6805540" lon="119.5567720">
    <ele>80.6</ele>
    <time>2023-09-27T00:34:49Z</time>
   </trkpt>
   <trkpt lat="-8.6805550" lon="119.5567730">
    <ele>80.6</ele>
    <time>2023-09-27T00:34:50Z</time>
   </trkpt>
   <trkpt lat="-8.6805570" lon="119.5567690">
    <ele>80.6</ele>
    <time>2023-09-27T00:34:51Z</time>
   </trkpt>
   <trkpt lat="-8.6805490" lon="119.5567690">
    <ele>80.6</ele>
    <time>2023-09-27T00:34:52Z</time>
   </trkpt>
   <trkpt lat="-8.6805500" lon="119.5567770">
    <ele>80.6</ele>
    <time>2023-09-27T00:34:53Z</time>
   </trkpt>
   <trkpt lat="-8.6805510" lon="119.5567760">
    <ele>80.6</ele>
    <time>2023-09-27T00:34:54Z</time>
   </trkpt>
   <trkpt lat="-8.6805510" lon="119.5567770">
    <ele>80.6</ele>
    <time>2023-09-27T00:34:55Z</time>
   </trkpt>
   <trkpt lat="-8.6805510" lon="119.5567770">
    <ele>80.6</ele>
    <time>2023-09-27T00:34:56Z</time>
   </trkpt>
   <trkpt lat="-8.6805510" lon="119.5567770">
    <ele>80.6</ele>
    <time>2023-09-27T00:34:57Z</time>
   </trkpt>
   <trkpt lat="-8.6805510" lon="119.5567770">
    <ele>80.6</ele>
    <time>2023-09-27T00:34:58Z</time>
   </trkpt>
   <trkpt lat="-8.6805570" lon="119.5567690">
    <ele>80.5</ele>
    <time>2023-09-27T00:34:59Z</time>
   </trkpt>
   <trkpt lat="-8.6805570" lon="119.5567720">
    <ele>80.5</ele>
    <time>2023-09-27T00:35:00Z</time>
   </trkpt>
   <trkpt lat="-8.6805570" lon="119.5567720">
    <ele>80.5</ele>
    <time>2023-09-27T00:35:01Z</time>
   </trkpt>
   <trkpt lat="-8.6805570" lon="119.5567720">
    <ele>80.5</ele>
    <time>2023-09-27T00:35:02Z</time>
   </trkpt>
   <trkpt lat="-8.6805570" lon="119.5567720">
    <ele>80.5</ele>
    <time>2023-09-27T00:35:03Z</time>
   </trkpt>
   <trkpt lat="-8.6805570" lon="119.5567720">
    <ele>80.5</ele>
    <time>2023-09-27T00:35:04Z</time>
   </trkpt>
   <trkpt lat="-8.6805570" lon="119.5567720">
    <ele>80.5</ele>
    <time>2023-09-27T00:35:05Z</time>
   </trkpt>
   <trkpt lat="-8.6805560" lon="119.5567800">
    <ele>80.5</ele>
    <time>2023-09-27T00:35:06Z</time>
   </trkpt>
   <trkpt lat="-8.6805560" lon="119.5567790">
    <ele>80.5</ele>
    <time>2023-09-27T00:35:07Z</time>
   </trkpt>
   <trkpt lat="-8.6805570" lon="119.5567850">
    <ele>80.5</ele>
    <time>2023-09-27T00:35:08Z</time>
   </trkpt>
   <trkpt lat="-8.6805550" lon="119.5567840">
    <ele>80.4</ele>
    <time>2023-09-27T00:35:09Z</time>
   </trkpt>
   <trkpt lat="-8.6805550" lon="119.5567840">
    <ele>80.4</ele>
    <time>2023-09-27T00:35:10Z</time>
   </trkpt>
   <trkpt lat="-8.6805550" lon="119.5567840">
    <ele>80.4</ele>
    <time>2023-09-27T00:35:11Z</time>
   </trkpt>
   <trkpt lat="-8.6805550" lon="119.5567840">
    <ele>80.4</ele>
    <time>2023-09-27T00:35:12Z</time>
   </trkpt>
   <trkpt lat="-8.6805550" lon="119.5567840">
    <ele>80.4</ele>
    <time>2023-09-27T00:35:13Z</time>
   </trkpt>
   <trkpt lat="-8.6805550" lon="119.5567840">
    <ele>80.4</ele>
    <time>2023-09-27T00:35:14Z</time>
   </trkpt>
   <trkpt lat="-8.6805500" lon="119.5567830">
    <ele>80.4</ele>
    <time>2023-09-27T00:35:15Z</time>
   </trkpt>
   <trkpt lat="-8.6805500" lon="119.5567820">
    <ele>80.4</ele>
    <time>2023-09-27T00:35:16Z</time>
   </trkpt>
   <trkpt lat="-8.6805490" lon="119.5567850">
    <ele>80.4</ele>
    <time>2023-09-27T00:35:17Z</time>
   </trkpt>
   <trkpt lat="-8.6805490" lon="119.5567840">
    <ele>80.4</ele>
    <time>2023-09-27T00:35:18Z</time>
   </trkpt>
   <trkpt lat="-8.6805490" lon="119.5567850">
    <ele>80.4</ele>
    <time>2023-09-27T00:35:19Z</time>
   </trkpt>
   <trkpt lat="-8.6805480" lon="119.5567850">
    <ele>80.4</ele>
    <time>2023-09-27T00:35:20Z</time>
   </trkpt>
   <trkpt lat="-8.6805470" lon="119.5567830">
    <ele>80.4</ele>
    <time>2023-09-27T00:35:21Z</time>
   </trkpt>
   <trkpt lat="-8.6805550" lon="119.5567800">
    <ele>80.4</ele>
    <time>2023-09-27T00:35:22Z</time>
   </trkpt>
   <trkpt lat="-8.6805530" lon="119.5567780">
    <ele>80.4</ele>
    <time>2023-09-27T00:35:23Z</time>
   </trkpt>
   <trkpt lat="-8.6805510" lon="119.5567780">
    <ele>80.3</ele>
    <time>2023-09-27T00:35:24Z</time>
   </trkpt>
   <trkpt lat="-8.6805510" lon="119.5567780">
    <ele>80.3</ele>
    <time>2023-09-27T00:35:25Z</time>
   </trkpt>
   <trkpt lat="-8.6805510" lon="119.5567780">
    <ele>80.3</ele>
    <time>2023-09-27T00:35:26Z</time>
   </trkpt>
   <trkpt lat="-8.6805510" lon="119.5567780">
    <ele>80.3</ele>
    <time>2023-09-27T00:35:27Z</time>
   </trkpt>
   <trkpt lat="-8.6805510" lon="119.5567780">
    <ele>80.3</ele>
    <time>2023-09-27T00:35:28Z</time>
   </trkpt>
   <trkpt lat="-8.6805720" lon="119.5567840">
    <ele>80.3</ele>
    <time>2023-09-27T00:35:29Z</time>
   </trkpt>
   <trkpt lat="-8.6805650" lon="119.5567860">
    <ele>80.2</ele>
    <time>2023-09-27T00:35:30Z</time>
   </trkpt>
   <trkpt lat="-8.6805650" lon="119.5567860">
    <ele>80.2</ele>
    <time>2023-09-27T00:35:31Z</time>
   </trkpt>
   <trkpt lat="-8.6805650" lon="119.5567860">
    <ele>80.2</ele>
    <time>2023-09-27T00:35:32Z</time>
   </trkpt>
   <trkpt lat="-8.6805650" lon="119.5567860">
    <ele>80.2</ele>
    <time>2023-09-27T00:35:33Z</time>
   </trkpt>
   <trkpt lat="-8.6805650" lon="119.5567860">
    <ele>80.2</ele>
    <time>2023-09-27T00:35:34Z</time>
   </trkpt>
   <trkpt lat="-8.6805650" lon="119.5567860">
    <ele>80.2</ele>
    <time>2023-09-27T00:35:35Z</time>
   </trkpt>
   <trkpt lat="-8.6805640" lon="119.5567880">
    <ele>80.2</ele>
    <time>2023-09-27T00:35:36Z</time>
   </trkpt>
   <trkpt lat="-8.6805630" lon="119.5567870">
    <ele>80.2</ele>
    <time>2023-09-27T00:35:37Z</time>
   </trkpt>
   <trkpt lat="-8.6805620" lon="119.5567870">
    <ele>80.2</ele>
    <time>2023-09-27T00:35:38Z</time>
   </trkpt>
   <trkpt lat="-8.6805620" lon="119.5567870">
    <ele>80.2</ele>
    <time>2023-09-27T00:35:39Z</time>
   </trkpt>
   <trkpt lat="-8.6805620" lon="119.5567870">
    <ele>80.2</ele>
    <time>2023-09-27T00:35:40Z</time>
   </trkpt>
   <trkpt lat="-8.6805620" lon="119.5567870">
    <ele>80.2</ele>
    <time>2023-09-27T00:35:41Z</time>
   </trkpt>
   <trkpt lat="-8.6805620" lon="119.5567870">
    <ele>80.2</ele>
    <time>2023-09-27T00:35:42Z</time>
   </trkpt>
   <trkpt lat="-8.6805620" lon="119.5567870">
    <ele>80.2</ele>
    <time>2023-09-27T00:35:43Z</time>
   </trkpt>
   <trkpt lat="-8.6805620" lon="119.5567870">
    <ele>80.2</ele>
    <time>2023-09-27T00:35:44Z</time>
   </trkpt>
   <trkpt lat="-8.6805620" lon="119.5567870">
    <ele>80.2</ele>
    <time>2023-09-27T00:35:45Z</time>
   </trkpt>
   <trkpt lat="-8.6805620" lon="119.5567870">
    <ele>80.2</ele>
    <time>2023-09-27T00:35:46Z</time>
   </trkpt>
   <trkpt lat="-8.6805620" lon="119.5567870">
    <ele>80.2</ele>
    <time>2023-09-27T00:35:47Z</time>
   </trkpt>
   <trkpt lat="-8.6805620" lon="119.5567870">
    <ele>80.2</ele>
    <time>2023-09-27T00:35:48Z</time>
   </trkpt>
   <trkpt lat="-8.6805620" lon="119.5567870">
    <ele>80.2</ele>
    <time>2023-09-27T00:35:49Z</time>
   </trkpt>
   <trkpt lat="-8.6805620" lon="119.5567870">
    <ele>80.2</ele>
    <time>2023-09-27T00:35:50Z</time>
   </trkpt>
   <trkpt lat="-8.6805620" lon="119.5567870">
    <ele>80.2</ele>
    <time>2023-09-27T00:35:51Z</time>
   </trkpt>
   <trkpt lat="-8.6805620" lon="119.5567870">
    <ele>80.2</ele>
    <time>2023-09-27T00:35:52Z</time>
   </trkpt>
   <trkpt lat="-8.6805620" lon="119.5567870">
    <ele>80.2</ele>
    <time>2023-09-27T00:35:53Z</time>
   </trkpt>
   <trkpt lat="-8.6805620" lon="119.5567870">
    <ele>80.2</ele>
    <time>2023-09-27T00:35:54Z</time>
   </trkpt>
   <trkpt lat="-8.6805620" lon="119.5567870">
    <ele>80.2</ele>
    <time>2023-09-27T00:35:55Z</time>
   </trkpt>
   <trkpt lat="-8.6805620" lon="119.5567870">
    <ele>80.2</ele>
    <time>2023-09-27T00:35:56Z</time>
   </trkpt>
   <trkpt lat="-8.6805620" lon="119.5567870">
    <ele>80.2</ele>
    <time>2023-09-27T00:35:57Z</time>
   </trkpt>
   <trkpt lat="-8.6805620" lon="119.5567870">
    <ele>80.2</ele>
    <time>2023-09-27T00:35:58Z</time>
   </trkpt>
   <trkpt lat="-8.6805620" lon="119.5567870">
    <ele>80.2</ele>
    <time>2023-09-27T00:35:59Z</time>
   </trkpt>
   <trkpt lat="-8.6805620" lon="119.5567870">
    <ele>80.2</ele>
    <time>2023-09-27T00:36:00Z</time>
   </trkpt>
   <trkpt lat="-8.6805620" lon="119.5567870">
    <ele>80.2</ele>
    <time>2023-09-27T00:36:01Z</time>
   </trkpt>
   <trkpt lat="-8.6805620" lon="119.5567870">
    <ele>80.2</ele>
    <time>2023-09-27T00:36:02Z</time>
   </trkpt>
   <trkpt lat="-8.6805620" lon="119.5567870">
    <ele>80.2</ele>
    <time>2023-09-27T00:36:03Z</time>
   </trkpt>
   <trkpt lat="-8.6805620" lon="119.5567870">
    <ele>80.2</ele>
    <time>2023-09-27T00:36:04Z</time>
   </trkpt>
   <trkpt lat="-8.6805620" lon="119.5567870">
    <ele>80.2</ele>
    <time>2023-09-27T00:36:05Z</time>
   </trkpt>
   <trkpt lat="-8.6805620" lon="119.5567870">
    <ele>80.2</ele>
    <time>2023-09-27T00:36:07Z</time>
   </trkpt>
   <trkpt lat="-8.6805620" lon="119.5567870">
    <ele>80.2</ele>
    <time>2023-09-27T00:36:08Z</time>
   </trkpt>
   <trkpt lat="-8.6805620" lon="119.5567870">
    <ele>80.2</ele>
    <time>2023-09-27T00:36:09Z</time>
   </trkpt>
   <trkpt lat="-8.6805620" lon="119.5567870">
    <ele>80.2</ele>
    <time>2023-09-27T00:36:10Z</time>
   </trkpt>
   <trkpt lat="-8.6805620" lon="119.5567870">
    <ele>80.2</ele>
    <time>2023-09-27T00:36:11Z</time>
   </trkpt>
   <trkpt lat="-8.6805620" lon="119.5567870">
    <ele>80.2</ele>
    <time>2023-09-27T00:36:12Z</time>
   </trkpt>
   <trkpt lat="-8.6805620" lon="119.5567870">
    <ele>80.2</ele>
    <time>2023-09-27T00:36:13Z</time>
   </trkpt>
   <trkpt lat="-8.6805620" lon="119.5567870">
    <ele>80.2</ele>
    <time>2023-09-27T00:36:14Z</time>
   </trkpt>
   <trkpt lat="-8.6805620" lon="119.5567870">
    <ele>80.2</ele>
    <time>2023-09-27T00:36:15Z</time>
   </trkpt>
   <trkpt lat="-8.6805610" lon="119.5567870">
    <ele>80.2</ele>
    <time>2023-09-27T00:36:16Z</time>
   </trkpt>
   <trkpt lat="-8.6805610" lon="119.5567870">
    <ele>80.2</ele>
    <time>2023-09-27T00:36:17Z</time>
   </trkpt>
   <trkpt lat="-8.6805610" lon="119.5567870">
    <ele>80.2</ele>
    <time>2023-09-27T00:36:18Z</time>
   </trkpt>
   <trkpt lat="-8.6805610" lon="119.5567870">
    <ele>80.2</ele>
    <time>2023-09-27T00:36:19Z</time>
   </trkpt>
   <trkpt lat="-8.6805610" lon="119.5567870">
    <ele>80.2</ele>
    <time>2023-09-27T00:36:20Z</time>
   </trkpt>
   <trkpt lat="-8.6805610" lon="119.5567870">
    <ele>80.2</ele>
    <time>2023-09-27T00:36:21Z</time>
   </trkpt>
   <trkpt lat="-8.6805610" lon="119.5567870">
    <ele>80.2</ele>
    <time>2023-09-27T00:36:22Z</time>
   </trkpt>
   <trkpt lat="-8.6805610" lon="119.5567870">
    <ele>80.2</ele>
    <time>2023-09-27T00:36:23Z</time>
   </trkpt>
   <trkpt lat="-8.6805610" lon="119.5567870">
    <ele>80.2</ele>
    <time>2023-09-27T00:36:24Z</time>
   </trkpt>
   <trkpt lat="-8.6805610" lon="119.5567870">
    <ele>80.2</ele>
    <time>2023-09-27T00:36:25Z</time>
   </trkpt>
   <trkpt lat="-8.6805610" lon="119.5567870">
    <ele>80.2</ele>
    <time>2023-09-27T00:36:26Z</time>
   </trkpt>
   <trkpt lat="-8.6805610" lon="119.5567870">
    <ele>80.2</ele>
    <time>2023-09-27T00:36:27Z</time>
   </trkpt>
   <trkpt lat="-8.6805610" lon="119.5567870">
    <ele>80.2</ele>
    <time>2023-09-27T00:36:28Z</time>
   </trkpt>
   <trkpt lat="-8.6805610" lon="119.5567870">
    <ele>80.2</ele>
    <time>2023-09-27T00:36:29Z</time>
   </trkpt>
   <trkpt lat="-8.6805610" lon="119.5567870">
    <ele>80.2</ele>
    <time>2023-09-27T00:36:30Z</time>
   </trkpt>
   <trkpt lat="-8.6805610" lon="119.5567870">
    <ele>80.2</ele>
    <time>2023-09-27T00:36:31Z</time>
   </trkpt>
   <trkpt lat="-8.6805610" lon="119.5567870">
    <ele>80.2</ele>
    <time>2023-09-27T00:36:32Z</time>
   </trkpt>
   <trkpt lat="-8.6805610" lon="119.5567870">
    <ele>80.2</ele>
    <time>2023-09-27T00:36:33Z</time>
   </trkpt>
   <trkpt lat="-8.6805610" lon="119.5567870">
    <ele>80.2</ele>
    <time>2023-09-27T00:36:34Z</time>
   </trkpt>
   <trkpt lat="-8.6805610" lon="119.5567870">
    <ele>80.2</ele>
    <time>2023-09-27T00:36:35Z</time>
   </trkpt>
   <trkpt lat="-8.6805610" lon="119.5567870">
    <ele>80.2</ele>
    <time>2023-09-27T00:36:36Z</time>
   </trkpt>
   <trkpt lat="-8.6805610" lon="119.5567870">
    <ele>80.2</ele>
    <time>2023-09-27T00:36:37Z</time>
   </trkpt>
   <trkpt lat="-8.6805610" lon="119.5567870">
    <ele>80.2</ele>
    <time>2023-09-27T00:36:38Z</time>
   </trkpt>
   <trkpt lat="-8.6805610" lon="119.5567870">
    <ele>80.2</ele>
    <time>2023-09-27T00:36:39Z</time>
   </trkpt>
   <trkpt lat="-8.6805620" lon="119.5567860">
    <ele>80.2</ele>
    <time>2023-09-27T00:36:40Z</time>
   </trkpt>
   <trkpt lat="-8.6805620" lon="119.5567870">
    <ele>80.2</ele>
    <time>2023-09-27T00:36:41Z</time>
   </trkpt>
   <trkpt lat="-8.6805600" lon="119.5567870">
    <ele>80.2</ele>
    <time>2023-09-27T00:36:42Z</time>
   </trkpt>
   <trkpt lat="-8.6805620" lon="119.5567870">
    <ele>80.2</ele>
    <time>2023-09-27T00:36:43Z</time>
   </trkpt>
   <trkpt lat="-8.6805620" lon="119.5567870">
    <ele>80.2</ele>
    <time>2023-09-27T00:36:44Z</time>
   </trkpt>
   <trkpt lat="-8.6805620" lon="119.5567870">
    <ele>80.2</ele>
    <time>2023-09-27T00:36:45Z</time>
   </trkpt>
   <trkpt lat="-8.6805620" lon="119.5567870">
    <ele>80.2</ele>
    <time>2023-09-27T00:36:46Z</time>
   </trkpt>
   <trkpt lat="-8.6805620" lon="119.5567870">
    <ele>80.2</ele>
    <time>2023-09-27T00:36:47Z</time>
   </trkpt>
   <trkpt lat="-8.6805620" lon="119.5567870">
    <ele>80.2</ele>
    <time>2023-09-27T00:36:48Z</time>
   </trkpt>
   <trkpt lat="-8.6805620" lon="119.5567870">
    <ele>80.2</ele>
    <time>2023-09-27T00:36:49Z</time>
   </trkpt>
   <trkpt lat="-8.6805620" lon="119.5567870">
    <ele>80.2</ele>
    <time>2023-09-27T00:36:50Z</time>
   </trkpt>
   <trkpt lat="-8.6805620" lon="119.5567870">
    <ele>80.2</ele>
    <time>2023-09-27T00:36:51Z</time>
   </trkpt>
   <trkpt lat="-8.6805620" lon="119.5567870">
    <ele>80.2</ele>
    <time>2023-09-27T00:36:52Z</time>
   </trkpt>
   <trkpt lat="-8.6805620" lon="119.5567870">
    <ele>80.2</ele>
    <time>2023-09-27T00:36:53Z</time>
   </trkpt>
   <trkpt lat="-8.6805620" lon="119.5567870">
    <ele>80.2</ele>
    <time>2023-09-27T00:36:54Z</time>
   </trkpt>
   <trkpt lat="-8.6805620" lon="119.5567870">
    <ele>80.2</ele>
    <time>2023-09-27T00:36:55Z</time>
   </trkpt>
   <trkpt lat="-8.6805620" lon="119.5567870">
    <ele>80.2</ele>
    <time>2023-09-27T00:36:56Z</time>
   </trkpt>
   <trkpt lat="-8.6805620" lon="119.5567870">
    <ele>80.2</ele>
    <time>2023-09-27T00:36:57Z</time>
   </trkpt>
   <trkpt lat="-8.6805620" lon="119.5567870">
    <ele>80.2</ele>
    <time>2023-09-27T00:36:58Z</time>
   </trkpt>
   <trkpt lat="-8.6805620" lon="119.5567870">
    <ele>80.2</ele>
    <time>2023-09-27T00:36:59Z</time>
   </trkpt>
   <trkpt lat="-8.6805620" lon="119.5567870">
    <ele>80.2</ele>
    <time>2023-09-27T00:37:00Z</time>
   </trkpt>
   <trkpt lat="-8.6805620" lon="119.5567870">
    <ele>80.2</ele>
    <time>2023-09-27T00:37:01Z</time>
   </trkpt>
   <trkpt lat="-8.6805710" lon="119.5567870">
    <ele>80.2</ele>
    <time>2023-09-27T00:37:02Z</time>
   </trkpt>
   <trkpt lat="-8.6805700" lon="119.5567870">
    <ele>80.2</ele>
    <time>2023-09-27T00:37:03Z</time>
   </trkpt>
   <trkpt lat="-8.6805720" lon="119.5567870">
    <ele>80.2</ele>
    <time>2023-09-27T00:37:04Z</time>
   </trkpt>
   <trkpt lat="-8.6805670" lon="119.5567890">
    <ele>80.1</ele>
    <time>2023-09-27T00:37:05Z</time>
   </trkpt>
   <trkpt lat="-8.6805660" lon="119.5567850">
    <ele>80.1</ele>
    <time>2023-09-27T00:37:06Z</time>
   </trkpt>
   <trkpt lat="-8.6805690" lon="119.5567800">
    <ele>80.1</ele>
    <time>2023-09-27T00:37:07Z</time>
   </trkpt>
   <trkpt lat="-8.6805700" lon="119.5567830">
    <ele>80.1</ele>
    <time>2023-09-27T00:37:08Z</time>
   </trkpt>
   <trkpt lat="-8.6805700" lon="119.5567830">
    <ele>80.1</ele>
    <time>2023-09-27T00:37:09Z</time>
   </trkpt>
   <trkpt lat="-8.6805700" lon="119.5567830">
    <ele>80.1</ele>
    <time>2023-09-27T00:37:10Z</time>
   </trkpt>
   <trkpt lat="-8.6805700" lon="119.5567830">
    <ele>80.1</ele>
    <time>2023-09-27T00:37:11Z</time>
   </trkpt>
   <trkpt lat="-8.6805700" lon="119.5567830">
    <ele>80.1</ele>
    <time>2023-09-27T00:37:12Z</time>
   </trkpt>
   <trkpt lat="-8.6805700" lon="119.5567830">
    <ele>80.1</ele>
    <time>2023-09-27T00:37:13Z</time>
   </trkpt>
   <trkpt lat="-8.6805700" lon="119.5567830">
    <ele>80.1</ele>
    <time>2023-09-27T00:37:14Z</time>
   </trkpt>
   <trkpt lat="-8.6805550" lon="119.5567930">
    <ele>80.0</ele>
    <time>2023-09-27T00:37:15Z</time>
   </trkpt>
   <trkpt lat="-8.6805550" lon="119.5567930">
    <ele>80.0</ele>
    <time>2023-09-27T00:37:16Z</time>
   </trkpt>
   <trkpt lat="-8.6805570" lon="119.5567930">
    <ele>80.0</ele>
    <time>2023-09-27T00:37:17Z</time>
   </trkpt>
   <trkpt lat="-8.6805570" lon="119.5567930">
    <ele>80.0</ele>
    <time>2023-09-27T00:37:18Z</time>
   </trkpt>
   <trkpt lat="-8.6805570" lon="119.5567930">
    <ele>80.0</ele>
    <time>2023-09-27T00:37:19Z</time>
   </trkpt>
   <trkpt lat="-8.6805570" lon="119.5567930">
    <ele>80.0</ele>
    <time>2023-09-27T00:37:20Z</time>
   </trkpt>
   <trkpt lat="-8.6805570" lon="119.5567930">
    <ele>80.0</ele>
    <time>2023-09-27T00:37:21Z</time>
   </trkpt>
   <trkpt lat="-8.6805570" lon="119.5567930">
    <ele>80.0</ele>
    <time>2023-09-27T00:37:22Z</time>
   </trkpt>
   <trkpt lat="-8.6805570" lon="119.5567930">
    <ele>80.0</ele>
    <time>2023-09-27T00:37:23Z</time>
   </trkpt>
   <trkpt lat="-8.6805570" lon="119.5567930">
    <ele>80.0</ele>
    <time>2023-09-27T00:37:24Z</time>
   </trkpt>
   <trkpt lat="-8.6805570" lon="119.5567930">
    <ele>80.0</ele>
    <time>2023-09-27T00:37:25Z</time>
   </trkpt>
   <trkpt lat="-8.6805570" lon="119.5567930">
    <ele>80.0</ele>
    <time>2023-09-27T00:37:26Z</time>
   </trkpt>
   <trkpt lat="-8.6805570" lon="119.5567930">
    <ele>80.0</ele>
    <time>2023-09-27T00:37:27Z</time>
   </trkpt>
   <trkpt lat="-8.6805490" lon="119.5567860">
    <ele>80.0</ele>
    <time>2023-09-27T00:37:29Z</time>
   </trkpt>
   <trkpt lat="-8.6805490" lon="119.5567860">
    <ele>80.0</ele>
    <time>2023-09-27T00:37:30Z</time>
   </trkpt>
   <trkpt lat="-8.6805490" lon="119.5567860">
    <ele>80.0</ele>
    <time>2023-09-27T00:37:31Z</time>
   </trkpt>
   <trkpt lat="-8.6805490" lon="119.5567860">
    <ele>80.0</ele>
    <time>2023-09-27T00:37:32Z</time>
   </trkpt>
   <trkpt lat="-8.6805490" lon="119.5567860">
    <ele>80.0</ele>
    <time>2023-09-27T00:37:33Z</time>
   </trkpt>
   <trkpt lat="-8.6805490" lon="119.5567860">
    <ele>80.0</ele>
    <time>2023-09-27T00:37:34Z</time>
   </trkpt>
   <trkpt lat="-8.6805490" lon="119.5567860">
    <ele>80.0</ele>
    <time>2023-09-27T00:37:35Z</time>
   </trkpt>
   <trkpt lat="-8.6805490" lon="119.5567860">
    <ele>80.0</ele>
    <time>2023-09-27T00:37:36Z</time>
   </trkpt>
   <trkpt lat="-8.6805530" lon="119.5567950">
    <ele>79.9</ele>
    <time>2023-09-27T00:37:37Z</time>
   </trkpt>
   <trkpt lat="-8.6805530" lon="119.5567950">
    <ele>79.9</ele>
    <time>2023-09-27T00:37:38Z</time>
   </trkpt>
   <trkpt lat="-8.6805530" lon="119.5567950">
    <ele>79.9</ele>
    <time>2023-09-27T00:37:39Z</time>
   </trkpt>
   <trkpt lat="-8.6805530" lon="119.5567950">
    <ele>79.9</ele>
    <time>2023-09-27T00:37:40Z</time>
   </trkpt>
   <trkpt lat="-8.6805530" lon="119.5567950">
    <ele>79.9</ele>
    <time>2023-09-27T00:37:41Z</time>
   </trkpt>
   <trkpt lat="-8.6805530" lon="119.5567890">
    <ele>79.9</ele>
    <time>2023-09-27T00:37:42Z</time>
   </trkpt>
   <trkpt lat="-8.6805530" lon="119.5567890">
    <ele>79.9</ele>
    <time>2023-09-27T00:37:43Z</time>
   </trkpt>
   <trkpt lat="-8.6805530" lon="119.5567890">
    <ele>79.9</ele>
    <time>2023-09-27T00:37:44Z</time>
   </trkpt>
   <trkpt lat="-8.6805530" lon="119.5567890">
    <ele>79.9</ele>
    <time>2023-09-27T00:37:45Z</time>
   </trkpt>
   <trkpt lat="-8.6805510" lon="119.5567890">
    <ele>79.9</ele>
    <time>2023-09-27T00:37:46Z</time>
   </trkpt>
   <trkpt lat="-8.6805590" lon="119.5567950">
    <ele>79.9</ele>
    <time>2023-09-27T00:37:47Z</time>
   </trkpt>
   <trkpt lat="-8.6805650" lon="119.5567870">
    <ele>79.8</ele>
    <time>2023-09-27T00:37:48Z</time>
   </trkpt>
   <trkpt lat="-8.6805680" lon="119.5567890">
    <ele>79.8</ele>
    <time>2023-09-27T00:37:49Z</time>
   </trkpt>
   <trkpt lat="-8.6805670" lon="119.5567900">
    <ele>79.8</ele>
    <time>2023-09-27T00:37:50Z</time>
   </trkpt>
   <trkpt lat="-8.6805650" lon="119.5567890">
    <ele>79.8</ele>
    <time>2023-09-27T00:37:51Z</time>
   </trkpt>
   <trkpt lat="-8.6805630" lon="119.5567920">
    <ele>79.8</ele>
    <time>2023-09-27T00:37:52Z</time>
   </trkpt>
   <trkpt lat="-8.6805600" lon="119.5567950">
    <ele>79.8</ele>
    <time>2023-09-27T00:37:53Z</time>
   </trkpt>
   <trkpt lat="-8.6805630" lon="119.5567980">
    <ele>79.8</ele>
    <time>2023-09-27T00:37:54Z</time>
   </trkpt>
   <trkpt lat="-8.6805640" lon="119.5567950">
    <ele>79.8</ele>
    <time>2023-09-27T00:37:55Z</time>
   </trkpt>
   <trkpt lat="-8.6805620" lon="119.5567980">
    <ele>79.8</ele>
    <time>2023-09-27T00:37:56Z</time>
   </trkpt>
   <trkpt lat="-8.6805610" lon="119.5568000">
    <ele>79.7</ele>
    <time>2023-09-27T00:37:57Z</time>
   </trkpt>
   <trkpt lat="-8.6805590" lon="119.5567970">
    <ele>79.7</ele>
    <time>2023-09-27T00:37:58Z</time>
   </trkpt>
   <trkpt lat="-8.6805600" lon="119.5567960">
    <ele>79.7</ele>
    <time>2023-09-27T00:37:59Z</time>
   </trkpt>
   <trkpt lat="-8.6805570" lon="119.5567940">
    <ele>79.7</ele>
    <time>2023-09-27T00:38:00Z</time>
   </trkpt>
   <trkpt lat="-8.6805580" lon="119.5567910">
    <ele>79.7</ele>
    <time>2023-09-27T00:38:01Z</time>
   </trkpt>
   <trkpt lat="-8.6805570" lon="119.5567920">
    <ele>79.7</ele>
    <time>2023-09-27T00:38:02Z</time>
   </trkpt>
   <trkpt lat="-8.6805580" lon="119.5567910">
    <ele>79.7</ele>
    <time>2023-09-27T00:38:03Z</time>
   </trkpt>
   <trkpt lat="-8.6805590" lon="119.5567900">
    <ele>79.7</ele>
    <time>2023-09-27T00:38:04Z</time>
   </trkpt>
   <trkpt lat="-8.6805560" lon="119.5567940">
    <ele>79.7</ele>
    <time>2023-09-27T00:38:05Z</time>
   </trkpt>
   <trkpt lat="-8.6805540" lon="119.5567960">
    <ele>79.7</ele>
    <time>2023-09-27T00:38:06Z</time>
   </trkpt>
   <trkpt lat="-8.6805540" lon="119.5567970">
    <ele>79.7</ele>
    <time>2023-09-27T00:38:07Z</time>
   </trkpt>
   <trkpt lat="-8.6805550" lon="119.5567950">
    <ele>79.6</ele>
    <time>2023-09-27T00:38:08Z</time>
   </trkpt>
   <trkpt lat="-8.6805520" lon="119.5567930">
    <ele>79.6</ele>
    <time>2023-09-27T00:38:09Z</time>
   </trkpt>
   <trkpt lat="-8.6805530" lon="119.5567930">
    <ele>79.6</ele>
    <time>2023-09-27T00:38:10Z</time>
   </trkpt>
   <trkpt lat="-8.6805470" lon="119.5567880">
    <ele>79.6</ele>
    <time>2023-09-27T00:38:11Z</time>
   </trkpt>
   <trkpt lat="-8.6805460" lon="119.5567920">
    <ele>79.6</ele>
    <time>2023-09-27T00:38:13Z</time>
   </trkpt>
   <trkpt lat="-8.6805480" lon="119.5567940">
    <ele>79.6</ele>
    <time>2023-09-27T00:38:14Z</time>
   </trkpt>
   <trkpt lat="-8.6805480" lon="119.5567940">
    <ele>79.6</ele>
    <time>2023-09-27T00:38:15Z</time>
   </trkpt>
   <trkpt lat="-8.6805480" lon="119.5567940">
    <ele>79.6</ele>
    <time>2023-09-27T00:38:16Z</time>
   </trkpt>
   <trkpt lat="-8.6805480" lon="119.5567940">
    <ele>79.6</ele>
    <time>2023-09-27T00:38:17Z</time>
   </trkpt>
   <trkpt lat="-8.6805480" lon="119.5567940">
    <ele>79.6</ele>
    <time>2023-09-27T00:38:18Z</time>
   </trkpt>
   <trkpt lat="-8.6805480" lon="119.5567940">
    <ele>79.6</ele>
    <time>2023-09-27T00:38:19Z</time>
   </trkpt>
   <trkpt lat="-8.6805480" lon="119.5567940">
    <ele>79.6</ele>
    <time>2023-09-27T00:38:20Z</time>
   </trkpt>
   <trkpt lat="-8.6805480" lon="119.5567940">
    <ele>79.6</ele>
    <time>2023-09-27T00:38:21Z</time>
   </trkpt>
   <trkpt lat="-8.6805510" lon="119.5567970">
    <ele>79.6</ele>
    <time>2023-09-27T00:38:22Z</time>
   </trkpt>
   <trkpt lat="-8.6805530" lon="119.5567970">
    <ele>79.6</ele>
    <time>2023-09-27T00:38:23Z</time>
   </trkpt>
   <trkpt lat="-8.6805550" lon="119.5567990">
    <ele>79.5</ele>
    <time>2023-09-27T00:38:24Z</time>
   </trkpt>
   <trkpt lat="-8.6805580" lon="119.5567920">
    <ele>79.5</ele>
    <time>2023-09-27T00:38:25Z</time>
   </trkpt>
   <trkpt lat="-8.6805590" lon="119.5567910">
    <ele>79.5</ele>
    <time>2023-09-27T00:38:26Z</time>
   </trkpt>
   <trkpt lat="-8.6805610" lon="119.5567810">
    <ele>79.5</ele>
    <time>2023-09-27T00:38:27Z</time>
   </trkpt>
   <trkpt lat="-8.6805560" lon="119.5567870">
    <ele>79.5</ele>
    <time>2023-09-27T00:38:28Z</time>
   </trkpt>
   <trkpt lat="-8.6805600" lon="119.5567840">
    <ele>79.4</ele>
    <time>2023-09-27T00:38:29Z</time>
   </trkpt>
   <trkpt lat="-8.6805490" lon="119.5567850">
    <ele>79.4</ele>
    <time>2023-09-27T00:38:30Z</time>
   </trkpt>
   <trkpt lat="-8.6805470" lon="119.5567910">
    <ele>79.4</ele>
    <time>2023-09-27T00:38:31Z</time>
   </trkpt>
   <trkpt lat="-8.6805460" lon="119.5567770">
    <ele>79.3</ele>
    <time>2023-09-27T00:38:32Z</time>
   </trkpt>
   <trkpt lat="-8.6805460" lon="119.5567900">
    <ele>79.3</ele>
    <time>2023-09-27T00:38:33Z</time>
   </trkpt>
   <trkpt lat="-8.6805400" lon="119.5567890">
    <ele>79.3</ele>
    <time>2023-09-27T00:38:34Z</time>
   </trkpt>
   <trkpt lat="-8.6805480" lon="119.5567890">
    <ele>79.2</ele>
    <time>2023-09-27T00:38:35Z</time>
   </trkpt>
   <trkpt lat="-8.6805440" lon="119.5567940">
    <ele>79.2</ele>
    <time>2023-09-27T00:38:36Z</time>
   </trkpt>
   <trkpt lat="-8.6805400" lon="119.5567930">
    <ele>79.2</ele>
    <time>2023-09-27T00:38:37Z</time>
   </trkpt>
   <trkpt lat="-8.6805460" lon="119.5567900">
    <ele>79.2</ele>
    <time>2023-09-27T00:38:38Z</time>
   </trkpt>
   <trkpt lat="-8.6805470" lon="119.5567900">
    <ele>79.2</ele>
    <time>2023-09-27T00:38:39Z</time>
   </trkpt>
   <trkpt lat="-8.6805440" lon="119.5567920">
    <ele>79.1</ele>
    <time>2023-09-27T00:38:40Z</time>
   </trkpt>
   <trkpt lat="-8.6805500" lon="119.5567930">
    <ele>79.1</ele>
    <time>2023-09-27T00:38:41Z</time>
   </trkpt>
   <trkpt lat="-8.6805510" lon="119.5567890">
    <ele>79.1</ele>
    <time>2023-09-27T00:38:42Z</time>
   </trkpt>
   <trkpt lat="-8.6805510" lon="119.5567890">
    <ele>79.1</ele>
    <time>2023-09-27T00:38:43Z</time>
   </trkpt>
   <trkpt lat="-8.6805540" lon="119.5567900">
    <ele>79.1</ele>
    <time>2023-09-27T00:38:44Z</time>
   </trkpt>
   <trkpt lat="-8.6805540" lon="119.5567880">
    <ele>79.1</ele>
    <time>2023-09-27T00:38:45Z</time>
   </trkpt>
   <trkpt lat="-8.6805530" lon="119.5567860">
    <ele>79.1</ele>
    <time>2023-09-27T00:38:46Z</time>
   </trkpt>
   <trkpt lat="-8.6805510" lon="119.5567880">
    <ele>79.1</ele>
    <time>2023-09-27T00:38:47Z</time>
   </trkpt>
   <trkpt lat="-8.6805520" lon="119.5567880">
    <ele>79.1</ele>
    <time>2023-09-27T00:38:48Z</time>
   </trkpt>
   <trkpt lat="-8.6805530" lon="119.5567890">
    <ele>79.1</ele>
    <time>2023-09-27T00:38:49Z</time>
   </trkpt>
   <trkpt lat="-8.6805520" lon="119.5567850">
    <ele>79.1</ele>
    <time>2023-09-27T00:38:50Z</time>
   </trkpt>
   <trkpt lat="-8.6805510" lon="119.5567870">
    <ele>79.0</ele>
    <time>2023-09-27T00:38:51Z</time>
   </trkpt>
   <trkpt lat="-8.6805540" lon="119.5567860">
    <ele>79.0</ele>
    <time>2023-09-27T00:38:52Z</time>
   </trkpt>
   <trkpt lat="-8.6805530" lon="119.5567870">
    <ele>79.0</ele>
    <time>2023-09-27T00:38:53Z</time>
   </trkpt>
   <trkpt lat="-8.6805500" lon="119.5567870">
    <ele>79.0</ele>
    <time>2023-09-27T00:38:54Z</time>
   </trkpt>
   <trkpt lat="-8.6805520" lon="119.5567880">
    <ele>79.0</ele>
    <time>2023-09-27T00:38:55Z</time>
   </trkpt>
   <trkpt lat="-8.6805510" lon="119.5567880">
    <ele>79.0</ele>
    <time>2023-09-27T00:38:56Z</time>
   </trkpt>
   <trkpt lat="-8.6805510" lon="119.5567880">
    <ele>79.0</ele>
    <time>2023-09-27T00:38:57Z</time>
   </trkpt>
   <trkpt lat="-8.6805500" lon="119.5567890">
    <ele>79.0</ele>
    <time>2023-09-27T00:38:58Z</time>
   </trkpt>
   <trkpt lat="-8.6805500" lon="119.5567890">
    <ele>79.0</ele>
    <time>2023-09-27T00:38:59Z</time>
   </trkpt>
   <trkpt lat="-8.6805500" lon="119.5567890">
    <ele>79.0</ele>
    <time>2023-09-27T00:39:00Z</time>
   </trkpt>
   <trkpt lat="-8.6805500" lon="119.5567890">
    <ele>79.0</ele>
    <time>2023-09-27T00:39:01Z</time>
   </trkpt>
   <trkpt lat="-8.6805500" lon="119.5567930">
    <ele>79.0</ele>
    <time>2023-09-27T00:39:02Z</time>
   </trkpt>
   <trkpt lat="-8.6805490" lon="119.5567940">
    <ele>79.0</ele>
    <time>2023-09-27T00:39:03Z</time>
   </trkpt>
   <trkpt lat="-8.6805500" lon="119.5567970">
    <ele>79.0</ele>
    <time>2023-09-27T00:39:04Z</time>
   </trkpt>
   <trkpt lat="-8.6805480" lon="119.5567980">
    <ele>79.0</ele>
    <time>2023-09-27T00:39:05Z</time>
   </trkpt>
   <trkpt lat="-8.6805480" lon="119.5567960">
    <ele>79.0</ele>
    <time>2023-09-27T00:39:06Z</time>
   </trkpt>
   <trkpt lat="-8.6805470" lon="119.5567970">
    <ele>79.0</ele>
    <time>2023-09-27T00:39:07Z</time>
   </trkpt>
   <trkpt lat="-8.6805480" lon="119.5567980">
    <ele>78.9</ele>
    <time>2023-09-27T00:39:08Z</time>
   </trkpt>
   <trkpt lat="-8.6805490" lon="119.5568010">
    <ele>78.9</ele>
    <time>2023-09-27T00:39:09Z</time>
   </trkpt>
   <trkpt lat="-8.6805490" lon="119.5568010">
    <ele>78.9</ele>
    <time>2023-09-27T00:39:10Z</time>
   </trkpt>
   <trkpt lat="-8.6805490" lon="119.5568010">
    <ele>78.9</ele>
    <time>2023-09-27T00:39:11Z</time>
   </trkpt>
   <trkpt lat="-8.6805490" lon="119.5568010">
    <ele>78.9</ele>
    <time>2023-09-27T00:39:12Z</time>
   </trkpt>
   <trkpt lat="-8.6805480" lon="119.5567960">
    <ele>78.9</ele>
    <time>2023-09-27T00:39:13Z</time>
   </trkpt>
   <trkpt lat="-8.6805500" lon="119.5568040">
    <ele>78.9</ele>
    <time>2023-09-27T00:39:14Z</time>
   </trkpt>
   <trkpt lat="-8.6805510" lon="119.5568020">
    <ele>78.9</ele>
    <time>2023-09-27T00:39:15Z</time>
   </trkpt>
   <trkpt lat="-8.6805540" lon="119.5568020">
    <ele>78.9</ele>
    <time>2023-09-27T00:39:16Z</time>
   </trkpt>
   <trkpt lat="-8.6805540" lon="119.5568020">
    <ele>78.9</ele>
    <time>2023-09-27T00:39:17Z</time>
   </trkpt>
   <trkpt lat="-8.6805540" lon="119.5568020">
    <ele>78.9</ele>
    <time>2023-09-27T00:39:18Z</time>
   </trkpt>
   <trkpt lat="-8.6805580" lon="119.5568030">
    <ele>78.9</ele>
    <time>2023-09-27T00:39:19Z</time>
   </trkpt>
   <trkpt lat="-8.6805590" lon="119.5568020">
    <ele>78.8</ele>
    <time>2023-09-27T00:39:20Z</time>
   </trkpt>
   <trkpt lat="-8.6805580" lon="119.5568010">
    <ele>78.8</ele>
    <time>2023-09-27T00:39:21Z</time>
   </trkpt>
   <trkpt lat="-8.6805580" lon="119.5568010">
    <ele>78.8</ele>
    <time>2023-09-27T00:39:22Z</time>
   </trkpt>
   <trkpt lat="-8.6805580" lon="119.5568010">
    <ele>78.8</ele>
    <time>2023-09-27T00:39:23Z</time>
   </trkpt>
   <trkpt lat="-8.6805600" lon="119.5567990">
    <ele>78.8</ele>
    <time>2023-09-27T00:39:24Z</time>
   </trkpt>
   <trkpt lat="-8.6805570" lon="119.5568000">
    <ele>78.8</ele>
    <time>2023-09-27T00:39:25Z</time>
   </trkpt>
   <trkpt lat="-8.6805570" lon="119.5567970">
    <ele>78.8</ele>
    <time>2023-09-27T00:39:26Z</time>
   </trkpt>
   <trkpt lat="-8.6805560" lon="119.5568010">
    <ele>78.8</ele>
    <time>2023-09-27T00:39:27Z</time>
   </trkpt>
   <trkpt lat="-8.6805560" lon="119.5567970">
    <ele>78.8</ele>
    <time>2023-09-27T00:39:28Z</time>
   </trkpt>
   <trkpt lat="-8.6805580" lon="119.5567960">
    <ele>78.8</ele>
    <time>2023-09-27T00:39:29Z</time>
   </trkpt>
   <trkpt lat="-8.6805560" lon="119.5567960">
    <ele>78.8</ele>
    <time>2023-09-27T00:39:30Z</time>
   </trkpt>
   <trkpt lat="-8.6805560" lon="119.5567970">
    <ele>78.8</ele>
    <time>2023-09-27T00:39:31Z</time>
   </trkpt>
   <trkpt lat="-8.6805560" lon="119.5567970">
    <ele>78.8</ele>
    <time>2023-09-27T00:39:32Z</time>
   </trkpt>
   <trkpt lat="-8.6805570" lon="119.5567970">
    <ele>78.8</ele>
    <time>2023-09-27T00:39:33Z</time>
   </trkpt>
   <trkpt lat="-8.6805570" lon="119.5567970">
    <ele>78.8</ele>
    <time>2023-09-27T00:39:34Z</time>
   </trkpt>
   <trkpt lat="-8.6805570" lon="119.5567980">
    <ele>78.8</ele>
    <time>2023-09-27T00:39:35Z</time>
   </trkpt>
   <trkpt lat="-8.6805580" lon="119.5567980">
    <ele>78.8</ele>
    <time>2023-09-27T00:39:36Z</time>
   </trkpt>
   <trkpt lat="-8.6805560" lon="119.5567980">
    <ele>78.7</ele>
    <time>2023-09-27T00:39:37Z</time>
   </trkpt>
   <trkpt lat="-8.6805570" lon="119.5567990">
    <ele>78.7</ele>
    <time>2023-09-27T00:39:38Z</time>
   </trkpt>
   <trkpt lat="-8.6805580" lon="119.5567990">
    <ele>78.7</ele>
    <time>2023-09-27T00:39:39Z</time>
   </trkpt>
   <trkpt lat="-8.6805560" lon="119.5567990">
    <ele>78.7</ele>
    <time>2023-09-27T00:39:40Z</time>
   </trkpt>
   <trkpt lat="-8.6805570" lon="119.5568000">
    <ele>78.7</ele>
    <time>2023-09-27T00:39:41Z</time>
   </trkpt>
   <trkpt lat="-8.6805570" lon="119.5567960">
    <ele>78.7</ele>
    <time>2023-09-27T00:39:42Z</time>
   </trkpt>
   <trkpt lat="-8.6805560" lon="119.5567960">
    <ele>78.7</ele>
    <time>2023-09-27T00:39:43Z</time>
   </trkpt>
   <trkpt lat="-8.6805560" lon="119.5567970">
    <ele>78.7</ele>
    <time>2023-09-27T00:39:44Z</time>
   </trkpt>
   <trkpt lat="-8.6805560" lon="119.5567970">
    <ele>78.7</ele>
    <time>2023-09-27T00:39:45Z</time>
   </trkpt>
   <trkpt lat="-8.6805560" lon="119.5567970">
    <ele>78.7</ele>
    <time>2023-09-27T00:39:46Z</time>
   </trkpt>
   <trkpt lat="-8.6805560" lon="119.5567970">
    <ele>78.7</ele>
    <time>2023-09-27T00:39:47Z</time>
   </trkpt>
   <trkpt lat="-8.6805560" lon="119.5567970">
    <ele>78.7</ele>
    <time>2023-09-27T00:39:48Z</time>
   </trkpt>
   <trkpt lat="-8.6805560" lon="119.5567970">
    <ele>78.7</ele>
    <time>2023-09-27T00:39:49Z</time>
   </trkpt>
   <trkpt lat="-8.6805560" lon="119.5567970">
    <ele>78.7</ele>
    <time>2023-09-27T00:39:50Z</time>
   </trkpt>
   <trkpt lat="-8.6805560" lon="119.5567970">
    <ele>78.7</ele>
    <time>2023-09-27T00:39:51Z</time>
   </trkpt>
   <trkpt lat="-8.6805560" lon="119.5567970">
    <ele>78.7</ele>
    <time>2023-09-27T00:39:52Z</time>
   </trkpt>
   <trkpt lat="-8.6805560" lon="119.5567970">
    <ele>78.7</ele>
    <time>2023-09-27T00:39:53Z</time>
   </trkpt>
   <trkpt lat="-8.6805510" lon="119.5567900">
    <ele>78.7</ele>
    <time>2023-09-27T00:39:54Z</time>
   </trkpt>
   <trkpt lat="-8.6805490" lon="119.5567900">
    <ele>78.7</ele>
    <time>2023-09-27T00:39:55Z</time>
   </trkpt>
   <trkpt lat="-8.6805520" lon="119.5567920">
    <ele>78.7</ele>
    <time>2023-09-27T00:39:56Z</time>
   </trkpt>
   <trkpt lat="-8.6805530" lon="119.5567930">
    <ele>78.7</ele>
    <time>2023-09-27T00:39:57Z</time>
   </trkpt>
   <trkpt lat="-8.6805540" lon="119.5567930">
    <ele>78.6</ele>
    <time>2023-09-27T00:39:58Z</time>
   </trkpt>
   <trkpt lat="-8.6805540" lon="119.5567930">
    <ele>78.6</ele>
    <time>2023-09-27T00:39:59Z</time>
   </trkpt>
   <trkpt lat="-8.6805540" lon="119.5567930">
    <ele>78.6</ele>
    <time>2023-09-27T00:40:00Z</time>
   </trkpt>
   <trkpt lat="-8.6805540" lon="119.5567930">
    <ele>78.6</ele>
    <time>2023-09-27T00:40:01Z</time>
   </trkpt>
   <trkpt lat="-8.6805540" lon="119.5567930">
    <ele>78.6</ele>
    <time>2023-09-27T00:40:02Z</time>
   </trkpt>
   <trkpt lat="-8.6805540" lon="119.5567930">
    <ele>78.6</ele>
    <time>2023-09-27T00:40:03Z</time>
   </trkpt>
   <trkpt lat="-8.6805540" lon="119.5567930">
    <ele>78.6</ele>
    <time>2023-09-27T00:40:04Z</time>
   </trkpt>
   <trkpt lat="-8.6805540" lon="119.5567930">
    <ele>78.6</ele>
    <time>2023-09-27T00:40:05Z</time>
   </trkpt>
   <trkpt lat="-8.6805570" lon="119.5567970">
    <ele>78.6</ele>
    <time>2023-09-27T00:40:06Z</time>
   </trkpt>
   <trkpt lat="-8.6805570" lon="119.5567970">
    <ele>78.6</ele>
    <time>2023-09-27T00:40:07Z</time>
   </trkpt>
   <trkpt lat="-8.6805570" lon="119.5567970">
    <ele>78.6</ele>
    <time>2023-09-27T00:40:08Z</time>
   </trkpt>
   <trkpt lat="-8.6805560" lon="119.5567960">
    <ele>78.6</ele>
    <time>2023-09-27T00:40:09Z</time>
   </trkpt>
   <trkpt lat="-8.6805570" lon="119.5567940">
    <ele>78.6</ele>
    <time>2023-09-27T00:40:10Z</time>
   </trkpt>
   <trkpt lat="-8.6805560" lon="119.5567940">
    <ele>78.6</ele>
    <time>2023-09-27T00:40:11Z</time>
   </trkpt>
   <trkpt lat="-8.6805550" lon="119.5567940">
    <ele>78.6</ele>
    <time>2023-09-27T00:40:12Z</time>
   </trkpt>
   <trkpt lat="-8.6805540" lon="119.5567940">
    <ele>78.6</ele>
    <time>2023-09-27T00:40:13Z</time>
   </trkpt>
   <trkpt lat="-8.6805530" lon="119.5567940">
    <ele>78.6</ele>
    <time>2023-09-27T00:40:14Z</time>
   </trkpt>
   <trkpt lat="-8.6805530" lon="119.5567950">
    <ele>78.6</ele>
    <time>2023-09-27T00:40:15Z</time>
   </trkpt>
   <trkpt lat="-8.6805530" lon="119.5567950">
    <ele>78.6</ele>
    <time>2023-09-27T00:40:16Z</time>
   </trkpt>
   <trkpt lat="-8.6805530" lon="119.5567930">
    <ele>78.6</ele>
    <time>2023-09-27T00:40:17Z</time>
   </trkpt>
   <trkpt lat="-8.6805530" lon="119.5567930">
    <ele>78.6</ele>
    <time>2023-09-27T00:40:18Z</time>
   </trkpt>
   <trkpt lat="-8.6805530" lon="119.5567940">
    <ele>78.6</ele>
    <time>2023-09-27T00:40:19Z</time>
   </trkpt>
   <trkpt lat="-8.6805530" lon="119.5567940">
    <ele>78.6</ele>
    <time>2023-09-27T00:40:20Z</time>
   </trkpt>
   <trkpt lat="-8.6805520" lon="119.5567930">
    <ele>78.6</ele>
    <time>2023-09-27T00:40:21Z</time>
   </trkpt>
   <trkpt lat="-8.6805510" lon="119.5567930">
    <ele>78.6</ele>
    <time>2023-09-27T00:40:22Z</time>
   </trkpt>
   <trkpt lat="-8.6805510" lon="119.5567930">
    <ele>78.6</ele>
    <time>2023-09-27T00:40:23Z</time>
   </trkpt>
   <trkpt lat="-8.6805500" lon="119.5567920">
    <ele>78.6</ele>
    <time>2023-09-27T00:40:24Z</time>
   </trkpt>
   <trkpt lat="-8.6805500" lon="119.5567910">
    <ele>78.6</ele>
    <time>2023-09-27T00:40:25Z</time>
   </trkpt>
   <trkpt lat="-8.6805510" lon="119.5567900">
    <ele>78.6</ele>
    <time>2023-09-27T00:40:26Z</time>
   </trkpt>
   <trkpt lat="-8.6805510" lon="119.5567900">
    <ele>78.6</ele>
    <time>2023-09-27T00:40:27Z</time>
   </trkpt>
   <trkpt lat="-8.6805510" lon="119.5567900">
    <ele>78.6</ele>
    <time>2023-09-27T00:40:28Z</time>
   </trkpt>
   <trkpt lat="-8.6805510" lon="119.5567900">
    <ele>78.6</ele>
    <time>2023-09-27T00:40:29Z</time>
   </trkpt>
   <trkpt lat="-8.6805500" lon="119.5567900">
    <ele>78.6</ele>
    <time>2023-09-27T00:40:30Z</time>
   </trkpt>
   <trkpt lat="-8.6805500" lon="119.5567900">
    <ele>78.6</ele>
    <time>2023-09-27T00:40:31Z</time>
   </trkpt>
   <trkpt lat="-8.6805500" lon="119.5567900">
    <ele>78.6</ele>
    <time>2023-09-27T00:40:32Z</time>
   </trkpt>
   <trkpt lat="-8.6805500" lon="119.5567910">
    <ele>78.6</ele>
    <time>2023-09-27T00:40:33Z</time>
   </trkpt>
   <trkpt lat="-8.6805500" lon="119.5567920">
    <ele>78.6</ele>
    <time>2023-09-27T00:40:34Z</time>
   </trkpt>
   <trkpt lat="-8.6805520" lon="119.5567920">
    <ele>78.5</ele>
    <time>2023-09-27T00:40:35Z</time>
   </trkpt>
   <trkpt lat="-8.6805510" lon="119.5567920">
    <ele>78.5</ele>
    <time>2023-09-27T00:40:36Z</time>
   </trkpt>
   <trkpt lat="-8.6805500" lon="119.5567910">
    <ele>78.5</ele>
    <time>2023-09-27T00:40:37Z</time>
   </trkpt>
   <trkpt lat="-8.6805500" lon="119.5567910">
    <ele>78.5</ele>
    <time>2023-09-27T00:40:38Z</time>
   </trkpt>
   <trkpt lat="-8.6805490" lon="119.5567910">
    <ele>78.5</ele>
    <time>2023-09-27T00:40:39Z</time>
   </trkpt>
   <trkpt lat="-8.6805490" lon="119.5567910">
    <ele>78.5</ele>
    <time>2023-09-27T00:40:40Z</time>
   </trkpt>
   <trkpt lat="-8.6805500" lon="119.5567900">
    <ele>78.5</ele>
    <time>2023-09-27T00:40:41Z</time>
   </trkpt>
   <trkpt lat="-8.6805490" lon="119.5567900">
    <ele>78.5</ele>
    <time>2023-09-27T00:40:42Z</time>
   </trkpt>
   <trkpt lat="-8.6805500" lon="119.5567900">
    <ele>78.5</ele>
    <time>2023-09-27T00:40:43Z</time>
   </trkpt>
   <trkpt lat="-8.6805500" lon="119.5567900">
    <ele>78.5</ele>
    <time>2023-09-27T00:40:44Z</time>
   </trkpt>
   <trkpt lat="-8.6805490" lon="119.5567900">
    <ele>78.5</ele>
    <time>2023-09-27T00:40:45Z</time>
   </trkpt>
   <trkpt lat="-8.6805480" lon="119.5567890">
    <ele>78.5</ele>
    <time>2023-09-27T00:40:46Z</time>
   </trkpt>
   <trkpt lat="-8.6805480" lon="119.5567880">
    <ele>78.5</ele>
    <time>2023-09-27T00:40:47Z</time>
   </trkpt>
   <trkpt lat="-8.6805480" lon="119.5567880">
    <ele>78.5</ele>
    <time>2023-09-27T00:40:48Z</time>
   </trkpt>
   <trkpt lat="-8.6805470" lon="119.5567870">
    <ele>78.5</ele>
    <time>2023-09-27T00:40:49Z</time>
   </trkpt>
   <trkpt lat="-8.6805470" lon="119.5567870">
    <ele>78.5</ele>
    <time>2023-09-27T00:40:50Z</time>
   </trkpt>
   <trkpt lat="-8.6805470" lon="119.5567860">
    <ele>78.5</ele>
    <time>2023-09-27T00:40:51Z</time>
   </trkpt>
   <trkpt lat="-8.6805460" lon="119.5567860">
    <ele>78.5</ele>
    <time>2023-09-27T00:40:52Z</time>
   </trkpt>
   <trkpt lat="-8.6805460" lon="119.5567850">
    <ele>78.5</ele>
    <time>2023-09-27T00:40:53Z</time>
   </trkpt>
   <trkpt lat="-8.6805460" lon="119.5567850">
    <ele>78.5</ele>
    <time>2023-09-27T00:40:54Z</time>
   </trkpt>
   <trkpt lat="-8.6805470" lon="119.5567850">
    <ele>78.5</ele>
    <time>2023-09-27T00:40:55Z</time>
   </trkpt>
   <trkpt lat="-8.6805460" lon="119.5567850">
    <ele>78.5</ele>
    <time>2023-09-27T00:40:56Z</time>
   </trkpt>
   <trkpt lat="-8.6805460" lon="119.5567850">
    <ele>78.5</ele>
    <time>2023-09-27T00:40:57Z</time>
   </trkpt>
   <trkpt lat="-8.6805460" lon="119.5567850">
    <ele>78.5</ele>
    <time>2023-09-27T00:40:58Z</time>
   </trkpt>
   <trkpt lat="-8.6805460" lon="119.5567840">
    <ele>78.5</ele>
    <time>2023-09-27T00:40:59Z</time>
   </trkpt>
   <trkpt lat="-8.6805460" lon="119.5567840">
    <ele>78.5</ele>
    <time>2023-09-27T00:41:00Z</time>
   </trkpt>
   <trkpt lat="-8.6805460" lon="119.5567840">
    <ele>78.5</ele>
    <time>2023-09-27T00:41:01Z</time>
   </trkpt>
   <trkpt lat="-8.6805460" lon="119.5567840">
    <ele>78.5</ele>
    <time>2023-09-27T00:41:02Z</time>
   </trkpt>
   <trkpt lat="-8.6805460" lon="119.5567830">
    <ele>78.5</ele>
    <time>2023-09-27T00:41:03Z</time>
   </trkpt>
   <trkpt lat="-8.6805460" lon="119.5567830">
    <ele>78.5</ele>
    <time>2023-09-27T00:41:04Z</time>
   </trkpt>
   <trkpt lat="-8.6805450" lon="119.5567820">
    <ele>78.5</ele>
    <time>2023-09-27T00:41:05Z</time>
   </trkpt>
   <trkpt lat="-8.6805450" lon="119.5567810">
    <ele>78.5</ele>
    <time>2023-09-27T00:41:06Z</time>
   </trkpt>
   <trkpt lat="-8.6805450" lon="119.5567810">
    <ele>78.5</ele>
    <time>2023-09-27T00:41:07Z</time>
   </trkpt>
   <trkpt lat="-8.6805450" lon="119.5567800">
    <ele>78.5</ele>
    <time>2023-09-27T00:41:08Z</time>
   </trkpt>
   <trkpt lat="-8.6805450" lon="119.5567800">
    <ele>78.5</ele>
    <time>2023-09-27T00:41:09Z</time>
   </trkpt>
   <trkpt lat="-8.6805450" lon="119.5567800">
    <ele>78.5</ele>
    <time>2023-09-27T00:41:10Z</time>
   </trkpt>
   <trkpt lat="-8.6805450" lon="119.5567800">
    <ele>78.5</ele>
    <time>2023-09-27T00:41:11Z</time>
   </trkpt>
   <trkpt lat="-8.6805450" lon="119.5567800">
    <ele>78.5</ele>
    <time>2023-09-27T00:41:12Z</time>
   </trkpt>
   <trkpt lat="-8.6805450" lon="119.5567800">
    <ele>78.5</ele>
    <time>2023-09-27T00:41:13Z</time>
   </trkpt>
   <trkpt lat="-8.6805450" lon="119.5567800">
    <ele>78.5</ele>
    <time>2023-09-27T00:41:14Z</time>
   </trkpt>
   <trkpt lat="-8.6805450" lon="119.5567800">
    <ele>78.5</ele>
    <time>2023-09-27T00:41:15Z</time>
   </trkpt>
   <trkpt lat="-8.6805450" lon="119.5567800">
    <ele>78.5</ele>
    <time>2023-09-27T00:41:16Z</time>
   </trkpt>
   <trkpt lat="-8.6805450" lon="119.5567790">
    <ele>78.5</ele>
    <time>2023-09-27T00:41:17Z</time>
   </trkpt>
   <trkpt lat="-8.6805460" lon="119.5567790">
    <ele>78.5</ele>
    <time>2023-09-27T00:41:18Z</time>
   </trkpt>
   <trkpt lat="-8.6805450" lon="119.5567800">
    <ele>78.5</ele>
    <time>2023-09-27T00:41:19Z</time>
   </trkpt>
   <trkpt lat="-8.6805450" lon="119.5567810">
    <ele>78.5</ele>
    <time>2023-09-27T00:41:20Z</time>
   </trkpt>
   <trkpt lat="-8.6805450" lon="119.5567810">
    <ele>78.5</ele>
    <time>2023-09-27T00:41:21Z</time>
   </trkpt>
   <trkpt lat="-8.6805450" lon="119.5567810">
    <ele>78.5</ele>
    <time>2023-09-27T00:41:22Z</time>
   </trkpt>
   <trkpt lat="-8.6805450" lon="119.5567810">
    <ele>78.5</ele>
    <time>2023-09-27T00:41:23Z</time>
   </trkpt>
   <trkpt lat="-8.6805450" lon="119.5567810">
    <ele>78.5</ele>
    <time>2023-09-27T00:41:24Z</time>
   </trkpt>
   <trkpt lat="-8.6805450" lon="119.5567800">
    <ele>78.5</ele>
    <time>2023-09-27T00:41:25Z</time>
   </trkpt>
   <trkpt lat="-8.6805460" lon="119.5567800">
    <ele>78.4</ele>
    <time>2023-09-27T00:41:26Z</time>
   </trkpt>
   <trkpt lat="-8.6805460" lon="119.5567800">
    <ele>78.4</ele>
    <time>2023-09-27T00:41:27Z</time>
   </trkpt>
   <trkpt lat="-8.6805460" lon="119.5567790">
    <ele>78.4</ele>
    <time>2023-09-27T00:41:28Z</time>
   </trkpt>
   <trkpt lat="-8.6805460" lon="119.5567790">
    <ele>78.4</ele>
    <time>2023-09-27T00:41:29Z</time>
   </trkpt>
   <trkpt lat="-8.6805460" lon="119.5567790">
    <ele>78.4</ele>
    <time>2023-09-27T00:41:30Z</time>
   </trkpt>
   <trkpt lat="-8.6805450" lon="119.5567790">
    <ele>78.4</ele>
    <time>2023-09-27T00:41:31Z</time>
   </trkpt>
   <trkpt lat="-8.6805450" lon="119.5567800">
    <ele>78.4</ele>
    <time>2023-09-27T00:41:32Z</time>
   </trkpt>
   <trkpt lat="-8.6805460" lon="119.5567800">
    <ele>78.4</ele>
    <time>2023-09-27T00:41:33Z</time>
   </trkpt>
   <trkpt lat="-8.6805460" lon="119.5567790">
    <ele>78.4</ele>
    <time>2023-09-27T00:41:34Z</time>
   </trkpt>
   <trkpt lat="-8.6805460" lon="119.5567790">
    <ele>78.4</ele>
    <time>2023-09-27T00:41:35Z</time>
   </trkpt>
   <trkpt lat="-8.6805460" lon="119.5567800">
    <ele>78.4</ele>
    <time>2023-09-27T00:41:36Z</time>
   </trkpt>
   <trkpt lat="-8.6805460" lon="119.5567790">
    <ele>78.4</ele>
    <time>2023-09-27T00:41:37Z</time>
   </trkpt>
   <trkpt lat="-8.6805460" lon="119.5567800">
    <ele>78.4</ele>
    <time>2023-09-27T00:41:38Z</time>
   </trkpt>
   <trkpt lat="-8.6805460" lon="119.5567800">
    <ele>78.4</ele>
    <time>2023-09-27T00:41:39Z</time>
   </trkpt>
   <trkpt lat="-8.6805460" lon="119.5567790">
    <ele>78.4</ele>
    <time>2023-09-27T00:41:40Z</time>
   </trkpt>
   <trkpt lat="-8.6805460" lon="119.5567790">
    <ele>78.4</ele>
    <time>2023-09-27T00:41:41Z</time>
   </trkpt>
   <trkpt lat="-8.6805450" lon="119.5567790">
    <ele>78.4</ele>
    <time>2023-09-27T00:41:42Z</time>
   </trkpt>
   <trkpt lat="-8.6805450" lon="119.5567790">
    <ele>78.4</ele>
    <time>2023-09-27T00:41:43Z</time>
   </trkpt>
   <trkpt lat="-8.6805440" lon="119.5567790">
    <ele>78.4</ele>
    <time>2023-09-27T00:41:44Z</time>
   </trkpt>
   <trkpt lat="-8.6805440" lon="119.5567790">
    <ele>78.4</ele>
    <time>2023-09-27T00:41:45Z</time>
   </trkpt>
   <trkpt lat="-8.6805440" lon="119.5567800">
    <ele>78.4</ele>
    <time>2023-09-27T00:41:46Z</time>
   </trkpt>
   <trkpt lat="-8.6805440" lon="119.5567810">
    <ele>78.4</ele>
    <time>2023-09-27T00:41:47Z</time>
   </trkpt>
   <trkpt lat="-8.6805450" lon="119.5567830">
    <ele>78.4</ele>
    <time>2023-09-27T00:41:48Z</time>
   </trkpt>
   <trkpt lat="-8.6805440" lon="119.5567820">
    <ele>78.4</ele>
    <time>2023-09-27T00:41:49Z</time>
   </trkpt>
   <trkpt lat="-8.6805440" lon="119.5567850">
    <ele>78.4</ele>
    <time>2023-09-27T00:41:50Z</time>
   </trkpt>
   <trkpt lat="-8.6805440" lon="119.5567840">
    <ele>78.4</ele>
    <time>2023-09-27T00:41:51Z</time>
   </trkpt>
   <trkpt lat="-8.6805440" lon="119.5567840">
    <ele>78.4</ele>
    <time>2023-09-27T00:41:52Z</time>
   </trkpt>
   <trkpt lat="-8.6805450" lon="119.5567860">
    <ele>78.4</ele>
    <time>2023-09-27T00:41:53Z</time>
   </trkpt>
   <trkpt lat="-8.6805470" lon="119.5567850">
    <ele>78.4</ele>
    <time>2023-09-27T00:41:54Z</time>
   </trkpt>
   <trkpt lat="-8.6805470" lon="119.5567850">
    <ele>78.4</ele>
    <time>2023-09-27T00:41:55Z</time>
   </trkpt>
   <trkpt lat="-8.6805470" lon="119.5567850">
    <ele>78.4</ele>
    <time>2023-09-27T00:41:56Z</time>
   </trkpt>
   <trkpt lat="-8.6805470" lon="119.5567860">
    <ele>78.4</ele>
    <time>2023-09-27T00:41:57Z</time>
   </trkpt>
   <trkpt lat="-8.6805470" lon="119.5567840">
    <ele>78.3</ele>
    <time>2023-09-27T00:41:58Z</time>
   </trkpt>
   <trkpt lat="-8.6805470" lon="119.5567840">
    <ele>78.3</ele>
    <time>2023-09-27T00:41:59Z</time>
   </trkpt>
   <trkpt lat="-8.6805470" lon="119.5567850">
    <ele>78.3</ele>
    <time>2023-09-27T00:42:00Z</time>
   </trkpt>
   <trkpt lat="-8.6805490" lon="119.5567840">
    <ele>78.3</ele>
    <time>2023-09-27T00:42:01Z</time>
   </trkpt>
   <trkpt lat="-8.6805500" lon="119.5567830">
    <ele>78.3</ele>
    <time>2023-09-27T00:42:02Z</time>
   </trkpt>
   <trkpt lat="-8.6805500" lon="119.5567840">
    <ele>78.3</ele>
    <time>2023-09-27T00:42:03Z</time>
   </trkpt>
   <trkpt lat="-8.6805510" lon="119.5567830">
    <ele>78.3</ele>
    <time>2023-09-27T00:42:04Z</time>
   </trkpt>
   <trkpt lat="-8.6805510" lon="119.5567840">
    <ele>78.3</ele>
    <time>2023-09-27T00:42:05Z</time>
   </trkpt>
   <trkpt lat="-8.6805500" lon="119.5567830">
    <ele>78.3</ele>
    <time>2023-09-27T00:42:06Z</time>
   </trkpt>
   <trkpt lat="-8.6805500" lon="119.5567830">
    <ele>78.3</ele>
    <time>2023-09-27T00:42:07Z</time>
   </trkpt>
   <trkpt lat="-8.6805500" lon="119.5567840">
    <ele>78.3</ele>
    <time>2023-09-27T00:42:08Z</time>
   </trkpt>
   <trkpt lat="-8.6805500" lon="119.5567850">
    <ele>78.3</ele>
    <time>2023-09-27T00:42:09Z</time>
   </trkpt>
   <trkpt lat="-8.6805500" lon="119.5567850">
    <ele>78.3</ele>
    <time>2023-09-27T00:42:10Z</time>
   </trkpt>
   <trkpt lat="-8.6805500" lon="119.5567850">
    <ele>78.3</ele>
    <time>2023-09-27T00:42:11Z</time>
   </trkpt>
   <trkpt lat="-8.6805510" lon="119.5567840">
    <ele>78.3</ele>
    <time>2023-09-27T00:42:12Z</time>
   </trkpt>
   <trkpt lat="-8.6805510" lon="119.5567840">
    <ele>78.3</ele>
    <time>2023-09-27T00:42:13Z</time>
   </trkpt>
   <trkpt lat="-8.6805510" lon="119.5567830">
    <ele>78.3</ele>
    <time>2023-09-27T00:42:14Z</time>
   </trkpt>
   <trkpt lat="-8.6805500" lon="119.5567830">
    <ele>78.3</ele>
    <time>2023-09-27T00:42:15Z</time>
   </trkpt>
   <trkpt lat="-8.6805470" lon="119.5567860">
    <ele>78.3</ele>
    <time>2023-09-27T00:42:16Z</time>
   </trkpt>
   <trkpt lat="-8.6805470" lon="119.5567850">
    <ele>78.3</ele>
    <time>2023-09-27T00:42:17Z</time>
   </trkpt>
   <trkpt lat="-8.6805480" lon="119.5567850">
    <ele>78.3</ele>
    <time>2023-09-27T00:42:18Z</time>
   </trkpt>
   <trkpt lat="-8.6805490" lon="119.5567870">
    <ele>78.3</ele>
    <time>2023-09-27T00:42:19Z</time>
   </trkpt>
   <trkpt lat="-8.6805500" lon="119.5567850">
    <ele>78.3</ele>
    <time>2023-09-27T00:42:20Z</time>
   </trkpt>
   <trkpt lat="-8.6805490" lon="119.5567870">
    <ele>78.2</ele>
    <time>2023-09-27T00:42:21Z</time>
   </trkpt>
   <trkpt lat="-8.6805500" lon="119.5567870">
    <ele>78.2</ele>
    <time>2023-09-27T00:42:22Z</time>
   </trkpt>
   <trkpt lat="-8.6805500" lon="119.5567860">
    <ele>78.2</ele>
    <time>2023-09-27T00:42:23Z</time>
   </trkpt>
   <trkpt lat="-8.6805490" lon="119.5567870">
    <ele>78.2</ele>
    <time>2023-09-27T00:42:24Z</time>
   </trkpt>
   <trkpt lat="-8.6805500" lon="119.5567860">
    <ele>78.2</ele>
    <time>2023-09-27T00:42:25Z</time>
   </trkpt>
   <trkpt lat="-8.6805510" lon="119.5567850">
    <ele>78.2</ele>
    <time>2023-09-27T00:42:26Z</time>
   </trkpt>
   <trkpt lat="-8.6805500" lon="119.5567860">
    <ele>78.2</ele>
    <time>2023-09-27T00:42:27Z</time>
   </trkpt>
   <trkpt lat="-8.6805500" lon="119.5567860">
    <ele>78.2</ele>
    <time>2023-09-27T00:42:28Z</time>
   </trkpt>
   <trkpt lat="-8.6805470" lon="119.5567850">
    <ele>78.2</ele>
    <time>2023-09-27T00:42:29Z</time>
   </trkpt>
   <trkpt lat="-8.6805480" lon="119.5567870">
    <ele>78.2</ele>
    <time>2023-09-27T00:42:30Z</time>
   </trkpt>
   <trkpt lat="-8.6805480" lon="119.5567890">
    <ele>78.2</ele>
    <time>2023-09-27T00:42:31Z</time>
   </trkpt>
   <trkpt lat="-8.6805490" lon="119.5567890">
    <ele>78.2</ele>
    <time>2023-09-27T00:42:32Z</time>
   </trkpt>
   <trkpt lat="-8.6805460" lon="119.5567930">
    <ele>78.2</ele>
    <time>2023-09-27T00:42:33Z</time>
   </trkpt>
   <trkpt lat="-8.6805450" lon="119.5567930">
    <ele>78.2</ele>
    <time>2023-09-27T00:42:34Z</time>
   </trkpt>
   <trkpt lat="-8.6805470" lon="119.5567900">
    <ele>78.2</ele>
    <time>2023-09-27T00:42:35Z</time>
   </trkpt>
   <trkpt lat="-8.6805480" lon="119.5567930">
    <ele>78.1</ele>
    <time>2023-09-27T00:42:36Z</time>
   </trkpt>
   <trkpt lat="-8.6805470" lon="119.5567950">
    <ele>78.1</ele>
    <time>2023-09-27T00:42:37Z</time>
   </trkpt>
   <trkpt lat="-8.6805460" lon="119.5567940">
    <ele>78.1</ele>
    <time>2023-09-27T00:42:38Z</time>
   </trkpt>
   <trkpt lat="-8.6805460" lon="119.5567950">
    <ele>78.1</ele>
    <time>2023-09-27T00:42:39Z</time>
   </trkpt>
   <trkpt lat="-8.6805460" lon="119.5567950">
    <ele>78.1</ele>
    <time>2023-09-27T00:42:40Z</time>
   </trkpt>
   <trkpt lat="-8.6805460" lon="119.5567950">
    <ele>78.1</ele>
    <time>2023-09-27T00:42:41Z</time>
   </trkpt>
   <trkpt lat="-8.6805460" lon="119.5567950">
    <ele>78.1</ele>
    <time>2023-09-27T00:42:42Z</time>
   </trkpt>
   <trkpt lat="-8.6805460" lon="119.5567950">
    <ele>78.1</ele>
    <time>2023-09-27T00:42:43Z</time>
   </trkpt>
   <trkpt lat="-8.6805460" lon="119.5567950">
    <ele>78.1</ele>
    <time>2023-09-27T00:42:44Z</time>
   </trkpt>
   <trkpt lat="-8.6805460" lon="119.5567950">
    <ele>78.1</ele>
    <time>2023-09-27T00:42:45Z</time>
   </trkpt>
   <trkpt lat="-8.6805460" lon="119.5567950">
    <ele>78.1</ele>
    <time>2023-09-27T00:42:46Z</time>
   </trkpt>
   <trkpt lat="-8.6805460" lon="119.5567950">
    <ele>78.1</ele>
    <time>2023-09-27T00:42:47Z</time>
   </trkpt>
   <trkpt lat="-8.6805460" lon="119.5567950">
    <ele>78.1</ele>
    <time>2023-09-27T00:42:48Z</time>
   </trkpt>
   <trkpt lat="-8.6805460" lon="119.5567950">
    <ele>78.1</ele>
    <time>2023-09-27T00:42:49Z</time>
   </trkpt>
   <trkpt lat="-8.6805460" lon="119.5567950">
    <ele>78.1</ele>
    <time>2023-09-27T00:42:50Z</time>
   </trkpt>
   <trkpt lat="-8.6805460" lon="119.5567950">
    <ele>78.1</ele>
    <time>2023-09-27T00:42:51Z</time>
   </trkpt>
   <trkpt lat="-8.6805460" lon="119.5567950">
    <ele>78.1</ele>
    <time>2023-09-27T00:42:52Z</time>
   </trkpt>
   <trkpt lat="-8.6805460" lon="119.5567950">
    <ele>78.1</ele>
    <time>2023-09-27T00:42:53Z</time>
   </trkpt>
   <trkpt lat="-8.6805460" lon="119.5567950">
    <ele>78.1</ele>
    <time>2023-09-27T00:42:54Z</time>
   </trkpt>
   <trkpt lat="-8.6805460" lon="119.5567950">
    <ele>78.1</ele>
    <time>2023-09-27T00:42:55Z</time>
   </trkpt>
   <trkpt lat="-8.6805500" lon="119.5568010">
    <ele>78.1</ele>
    <time>2023-09-27T00:42:56Z</time>
   </trkpt>
   <trkpt lat="-8.6805490" lon="119.5568000">
    <ele>78.1</ele>
    <time>2023-09-27T00:42:57Z</time>
   </trkpt>
   <trkpt lat="-8.6805490" lon="119.5567990">
    <ele>78.1</ele>
    <time>2023-09-27T00:42:58Z</time>
   </trkpt>
   <trkpt lat="-8.6805500" lon="119.5567990">
    <ele>78.1</ele>
    <time>2023-09-27T00:42:59Z</time>
   </trkpt>
   <trkpt lat="-8.6805510" lon="119.5567970">
    <ele>78.1</ele>
    <time>2023-09-27T00:43:00Z</time>
   </trkpt>
   <trkpt lat="-8.6805510" lon="119.5567970">
    <ele>78.1</ele>
    <time>2023-09-27T00:43:01Z</time>
   </trkpt>
   <trkpt lat="-8.6805510" lon="119.5567970">
    <ele>78.1</ele>
    <time>2023-09-27T00:43:02Z</time>
   </trkpt>
   <trkpt lat="-8.6805510" lon="119.5567970">
    <ele>78.1</ele>
    <time>2023-09-27T00:43:03Z</time>
   </trkpt>
   <trkpt lat="-8.6805510" lon="119.5567970">
    <ele>78.1</ele>
    <time>2023-09-27T00:43:04Z</time>
   </trkpt>
   <trkpt lat="-8.6805510" lon="119.5567970">
    <ele>78.1</ele>
    <time>2023-09-27T00:43:05Z</time>
   </trkpt>
   <trkpt lat="-8.6805510" lon="119.5567970">
    <ele>78.1</ele>
    <time>2023-09-27T00:43:06Z</time>
   </trkpt>
   <trkpt lat="-8.6805510" lon="119.5567960">
    <ele>78.1</ele>
    <time>2023-09-27T00:43:07Z</time>
   </trkpt>
   <trkpt lat="-8.6805510" lon="119.5567960">
    <ele>78.1</ele>
    <time>2023-09-27T00:43:08Z</time>
   </trkpt>
   <trkpt lat="-8.6805510" lon="119.5567960">
    <ele>78.1</ele>
    <time>2023-09-27T00:43:09Z</time>
   </trkpt>
   <trkpt lat="-8.6805510" lon="119.5567960">
    <ele>78.1</ele>
    <time>2023-09-27T00:43:10Z</time>
   </trkpt>
   <trkpt lat="-8.6805510" lon="119.5567960">
    <ele>78.1</ele>
    <time>2023-09-27T00:43:11Z</time>
   </trkpt>
   <trkpt lat="-8.6805510" lon="119.5567960">
    <ele>78.1</ele>
    <time>2023-09-27T00:43:12Z</time>
   </trkpt>
   <trkpt lat="-8.6805510" lon="119.5567960">
    <ele>78.1</ele>
    <time>2023-09-27T00:43:13Z</time>
   </trkpt>
   <trkpt lat="-8.6805510" lon="119.5567960">
    <ele>78.1</ele>
    <time>2023-09-27T00:43:14Z</time>
   </trkpt>
   <trkpt lat="-8.6805510" lon="119.5567960">
    <ele>78.1</ele>
    <time>2023-09-27T00:43:15Z</time>
   </trkpt>
   <trkpt lat="-8.6805510" lon="119.5567960">
    <ele>78.1</ele>
    <time>2023-09-27T00:43:16Z</time>
   </trkpt>
   <trkpt lat="-8.6805510" lon="119.5567960">
    <ele>78.1</ele>
    <time>2023-09-27T00:43:17Z</time>
   </trkpt>
   <trkpt lat="-8.6805510" lon="119.5567960">
    <ele>78.1</ele>
    <time>2023-09-27T00:43:18Z</time>
   </trkpt>
   <trkpt lat="-8.6805510" lon="119.5567960">
    <ele>78.1</ele>
    <time>2023-09-27T00:43:19Z</time>
   </trkpt>
   <trkpt lat="-8.6805510" lon="119.5567960">
    <ele>78.1</ele>
    <time>2023-09-27T00:43:20Z</time>
   </trkpt>
   <trkpt lat="-8.6805510" lon="119.5567960">
    <ele>78.1</ele>
    <time>2023-09-27T00:43:21Z</time>
   </trkpt>
   <trkpt lat="-8.6805510" lon="119.5567960">
    <ele>78.1</ele>
    <time>2023-09-27T00:43:22Z</time>
   </trkpt>
   <trkpt lat="-8.6805510" lon="119.5567960">
    <ele>78.1</ele>
    <time>2023-09-27T00:43:23Z</time>
   </trkpt>
   <trkpt lat="-8.6805510" lon="119.5567960">
    <ele>78.1</ele>
    <time>2023-09-27T00:43:24Z</time>
   </trkpt>
   <trkpt lat="-8.6805510" lon="119.5567960">
    <ele>78.1</ele>
    <time>2023-09-27T00:43:25Z</time>
   </trkpt>
   <trkpt lat="-8.6805520" lon="119.5567950">
    <ele>78.1</ele>
    <time>2023-09-27T00:43:26Z</time>
   </trkpt>
   <trkpt lat="-8.6805530" lon="119.5567950">
    <ele>78.1</ele>
    <time>2023-09-27T00:43:27Z</time>
   </trkpt>
   <trkpt lat="-8.6805530" lon="119.5567950">
    <ele>78.1</ele>
    <time>2023-09-27T00:43:28Z</time>
   </trkpt>
   <trkpt lat="-8.6805530" lon="119.5567950">
    <ele>78.1</ele>
    <time>2023-09-27T00:43:29Z</time>
   </trkpt>
   <trkpt lat="-8.6805520" lon="119.5567920">
    <ele>78.1</ele>
    <time>2023-09-27T00:43:30Z</time>
   </trkpt>
   <trkpt lat="-8.6805520" lon="119.5567920">
    <ele>78.1</ele>
    <time>2023-09-27T00:43:31Z</time>
   </trkpt>
   <trkpt lat="-8.6805520" lon="119.5567920">
    <ele>78.1</ele>
    <time>2023-09-27T00:43:32Z</time>
   </trkpt>
   <trkpt lat="-8.6805520" lon="119.5567920">
    <ele>78.1</ele>
    <time>2023-09-27T00:43:33Z</time>
   </trkpt>
   <trkpt lat="-8.6805520" lon="119.5567920">
    <ele>78.1</ele>
    <time>2023-09-27T00:43:34Z</time>
   </trkpt>
   <trkpt lat="-8.6805500" lon="119.5567900">
    <ele>78.1</ele>
    <time>2023-09-27T00:43:35Z</time>
   </trkpt>
   <trkpt lat="-8.6805500" lon="119.5567900">
    <ele>78.1</ele>
    <time>2023-09-27T00:43:36Z</time>
   </trkpt>
   <trkpt lat="-8.6805500" lon="119.5567900">
    <ele>78.1</ele>
    <time>2023-09-27T00:43:37Z</time>
   </trkpt>
   <trkpt lat="-8.6805500" lon="119.5567900">
    <ele>78.1</ele>
    <time>2023-09-27T00:43:38Z</time>
   </trkpt>
   <trkpt lat="-8.6805500" lon="119.5567910">
    <ele>78.0</ele>
    <time>2023-09-27T00:43:39Z</time>
   </trkpt>
   <trkpt lat="-8.6805490" lon="119.5567910">
    <ele>78.0</ele>
    <time>2023-09-27T00:43:40Z</time>
   </trkpt>
   <trkpt lat="-8.6805490" lon="119.5567910">
    <ele>78.0</ele>
    <time>2023-09-27T00:43:41Z</time>
   </trkpt>
   <trkpt lat="-8.6805490" lon="119.5567910">
    <ele>78.0</ele>
    <time>2023-09-27T00:43:42Z</time>
   </trkpt>
   <trkpt lat="-8.6805490" lon="119.5567910">
    <ele>78.0</ele>
    <time>2023-09-27T00:43:43Z</time>
   </trkpt>
   <trkpt lat="-8.6805490" lon="119.5567910">
    <ele>78.0</ele>
    <time>2023-09-27T00:43:44Z</time>
   </trkpt>
   <trkpt lat="-8.6805480" lon="119.5567900">
    <ele>78.0</ele>
    <time>2023-09-27T00:43:45Z</time>
   </trkpt>
   <trkpt lat="-8.6805510" lon="119.5567910">
    <ele>78.0</ele>
    <time>2023-09-27T00:43:46Z</time>
   </trkpt>
   <trkpt lat="-8.6805510" lon="119.5567910">
    <ele>78.0</ele>
    <time>2023-09-27T00:43:47Z</time>
   </trkpt>
   <trkpt lat="-8.6805510" lon="119.5567910">
    <ele>78.0</ele>
    <time>2023-09-27T00:43:48Z</time>
   </trkpt>
   <trkpt lat="-8.6805510" lon="119.5567910">
    <ele>78.0</ele>
    <time>2023-09-27T00:43:49Z</time>
   </trkpt>
   <trkpt lat="-8.6805510" lon="119.5567910">
    <ele>78.0</ele>
    <time>2023-09-27T00:43:50Z</time>
   </trkpt>
   <trkpt lat="-8.6805510" lon="119.5567920">
    <ele>78.0</ele>
    <time>2023-09-27T00:43:51Z</time>
   </trkpt>
   <trkpt lat="-8.6805510" lon="119.5567920">
    <ele>78.0</ele>
    <time>2023-09-27T00:43:52Z</time>
   </trkpt>
   <trkpt lat="-8.6805510" lon="119.5567920">
    <ele>78.0</ele>
    <time>2023-09-27T00:43:53Z</time>
   </trkpt>
   <trkpt lat="-8.6805510" lon="119.5567920">
    <ele>78.0</ele>
    <time>2023-09-27T00:43:54Z</time>
   </trkpt>
   <trkpt lat="-8.6805510" lon="119.5567920">
    <ele>78.0</ele>
    <time>2023-09-27T00:43:55Z</time>
   </trkpt>
   <trkpt lat="-8.6805500" lon="119.5567870">
    <ele>78.0</ele>
    <time>2023-09-27T00:43:56Z</time>
   </trkpt>
   <trkpt lat="-8.6805500" lon="119.5567870">
    <ele>78.0</ele>
    <time>2023-09-27T00:43:57Z</time>
   </trkpt>
   <trkpt lat="-8.6805500" lon="119.5567860">
    <ele>78.0</ele>
    <time>2023-09-27T00:43:58Z</time>
   </trkpt>
   <trkpt lat="-8.6805500" lon="119.5567860">
    <ele>78.0</ele>
    <time>2023-09-27T00:43:59Z</time>
   </trkpt>
   <trkpt lat="-8.6805500" lon="119.5567860">
    <ele>78.0</ele>
    <time>2023-09-27T00:44:00Z</time>
   </trkpt>
   <trkpt lat="-8.6805500" lon="119.5567860">
    <ele>78.0</ele>
    <time>2023-09-27T00:44:01Z</time>
   </trkpt>
   <trkpt lat="-8.6805510" lon="119.5567880">
    <ele>78.0</ele>
    <time>2023-09-27T00:44:02Z</time>
   </trkpt>
   <trkpt lat="-8.6805510" lon="119.5567880">
    <ele>78.0</ele>
    <time>2023-09-27T00:44:03Z</time>
   </trkpt>
   <trkpt lat="-8.6805510" lon="119.5567860">
    <ele>78.0</ele>
    <time>2023-09-27T00:44:04Z</time>
   </trkpt>
   <trkpt lat="-8.6805510" lon="119.5567880">
    <ele>78.0</ele>
    <time>2023-09-27T00:44:05Z</time>
   </trkpt>
   <trkpt lat="-8.6805510" lon="119.5567880">
    <ele>78.0</ele>
    <time>2023-09-27T00:44:06Z</time>
   </trkpt>
   <trkpt lat="-8.6805510" lon="119.5567880">
    <ele>78.0</ele>
    <time>2023-09-27T00:44:07Z</time>
   </trkpt>
   <trkpt lat="-8.6805510" lon="119.5567880">
    <ele>78.0</ele>
    <time>2023-09-27T00:44:08Z</time>
   </trkpt>
   <trkpt lat="-8.6805530" lon="119.5567900">
    <ele>78.0</ele>
    <time>2023-09-27T00:44:09Z</time>
   </trkpt>
   <trkpt lat="-8.6805510" lon="119.5567890">
    <ele>78.0</ele>
    <time>2023-09-27T00:44:10Z</time>
   </trkpt>
   <trkpt lat="-8.6805510" lon="119.5567890">
    <ele>78.0</ele>
    <time>2023-09-27T00:44:11Z</time>
   </trkpt>
   <trkpt lat="-8.6805510" lon="119.5567890">
    <ele>78.0</ele>
    <time>2023-09-27T00:44:12Z</time>
   </trkpt>
   <trkpt lat="-8.6805490" lon="119.5567880">
    <ele>78.0</ele>
    <time>2023-09-27T00:44:13Z</time>
   </trkpt>
   <trkpt lat="-8.6805500" lon="119.5567890">
    <ele>77.9</ele>
    <time>2023-09-27T00:44:14Z</time>
   </trkpt>
   <trkpt lat="-8.6805510" lon="119.5567870">
    <ele>77.9</ele>
    <time>2023-09-27T00:44:15Z</time>
   </trkpt>
   <trkpt lat="-8.6805520" lon="119.5567880">
    <ele>77.9</ele>
    <time>2023-09-27T00:44:16Z</time>
   </trkpt>
   <trkpt lat="-8.6805510" lon="119.5567900">
    <ele>77.9</ele>
    <time>2023-09-27T00:44:17Z</time>
   </trkpt>
   <trkpt lat="-8.6805500" lon="119.5567890">
    <ele>77.9</ele>
    <time>2023-09-27T00:44:18Z</time>
   </trkpt>
   <trkpt lat="-8.6805500" lon="119.5567890">
    <ele>77.9</ele>
    <time>2023-09-27T00:44:19Z</time>
   </trkpt>
   <trkpt lat="-8.6805490" lon="119.5567860">
    <ele>77.9</ele>
    <time>2023-09-27T00:44:20Z</time>
   </trkpt>
   <trkpt lat="-8.6805500" lon="119.5567860">
    <ele>77.9</ele>
    <time>2023-09-27T00:44:21Z</time>
   </trkpt>
   <trkpt lat="-8.6805500" lon="119.5567870">
    <ele>77.9</ele>
    <time>2023-09-27T00:44:22Z</time>
   </trkpt>
   <trkpt lat="-8.6805500" lon="119.5567900">
    <ele>77.9</ele>
    <time>2023-09-27T00:44:23Z</time>
   </trkpt>
   <trkpt lat="-8.6805510" lon="119.5567910">
    <ele>77.9</ele>
    <time>2023-09-27T00:44:24Z</time>
   </trkpt>
   <trkpt lat="-8.6805460" lon="119.5567910">
    <ele>77.9</ele>
    <time>2023-09-27T00:44:25Z</time>
   </trkpt>
   <trkpt lat="-8.6805460" lon="119.5567920">
    <ele>77.9</ele>
    <time>2023-09-27T00:44:26Z</time>
   </trkpt>
   <trkpt lat="-8.6805460" lon="119.5567920">
    <ele>77.9</ele>
    <time>2023-09-27T00:44:27Z</time>
   </trkpt>
   <trkpt lat="-8.6805440" lon="119.5567930">
    <ele>77.9</ele>
    <time>2023-09-27T00:44:28Z</time>
   </trkpt>
   <trkpt lat="-8.6805420" lon="119.5567950">
    <ele>77.9</ele>
    <time>2023-09-27T00:44:29Z</time>
   </trkpt>
   <trkpt lat="-8.6805420" lon="119.5567940">
    <ele>77.8</ele>
    <time>2023-09-27T00:44:30Z</time>
   </trkpt>
   <trkpt lat="-8.6805430" lon="119.5567940">
    <ele>77.8</ele>
    <time>2023-09-27T00:44:31Z</time>
   </trkpt>
   <trkpt lat="-8.6805460" lon="119.5567960">
    <ele>77.8</ele>
    <time>2023-09-27T00:44:32Z</time>
   </trkpt>
   <trkpt lat="-8.6805460" lon="119.5567900">
    <ele>77.8</ele>
    <time>2023-09-27T00:44:33Z</time>
   </trkpt>
   <trkpt lat="-8.6805410" lon="119.5567900">
    <ele>77.8</ele>
    <time>2023-09-27T00:44:34Z</time>
   </trkpt>
   <trkpt lat="-8.6805400" lon="119.5567950">
    <ele>77.8</ele>
    <time>2023-09-27T00:44:35Z</time>
   </trkpt>
   <trkpt lat="-8.6805440" lon="119.5567900">
    <ele>77.8</ele>
    <time>2023-09-27T00:44:36Z</time>
   </trkpt>
   <trkpt lat="-8.6805430" lon="119.5567890">
    <ele>77.7</ele>
    <time>2023-09-27T00:44:37Z</time>
   </trkpt>
   <trkpt lat="-8.6805420" lon="119.5567890">
    <ele>77.7</ele>
    <time>2023-09-27T00:44:38Z</time>
   </trkpt>
   <trkpt lat="-8.6805420" lon="119.5567890">
    <ele>77.7</ele>
    <time>2023-09-27T00:44:39Z</time>
   </trkpt>
   <trkpt lat="-8.6805420" lon="119.5567890">
    <ele>77.7</ele>
    <time>2023-09-27T00:44:40Z</time>
   </trkpt>
   <trkpt lat="-8.6805450" lon="119.5567890">
    <ele>77.7</ele>
    <time>2023-09-27T00:44:41Z</time>
   </trkpt>
   <trkpt lat="-8.6805470" lon="119.5567890">
    <ele>77.7</ele>
    <time>2023-09-27T00:44:42Z</time>
   </trkpt>
   <trkpt lat="-8.6805460" lon="119.5567890">
    <ele>77.7</ele>
    <time>2023-09-27T00:44:43Z</time>
   </trkpt>
   <trkpt lat="-8.6805420" lon="119.5567880">
    <ele>77.7</ele>
    <time>2023-09-27T00:44:44Z</time>
   </trkpt>
   <trkpt lat="-8.6805420" lon="119.5567880">
    <ele>77.7</ele>
    <time>2023-09-27T00:44:45Z</time>
   </trkpt>
   <trkpt lat="-8.6805420" lon="119.5567860">
    <ele>77.7</ele>
    <time>2023-09-27T00:44:46Z</time>
   </trkpt>
   <trkpt lat="-8.6805440" lon="119.5567820">
    <ele>77.7</ele>
    <time>2023-09-27T00:44:47Z</time>
   </trkpt>
   <trkpt lat="-8.6805460" lon="119.5567820">
    <ele>77.7</ele>
    <time>2023-09-27T00:44:48Z</time>
   </trkpt>
   <trkpt lat="-8.6805480" lon="119.5567800">
    <ele>77.7</ele>
    <time>2023-09-27T00:44:49Z</time>
   </trkpt>
   <trkpt lat="-8.6805490" lon="119.5567800">
    <ele>77.7</ele>
    <time>2023-09-27T00:44:50Z</time>
   </trkpt>
   <trkpt lat="-8.6805430" lon="119.5567770">
    <ele>77.6</ele>
    <time>2023-09-27T00:44:51Z</time>
   </trkpt>
   <trkpt lat="-8.6805490" lon="119.5567780">
    <ele>77.6</ele>
    <time>2023-09-27T00:44:52Z</time>
   </trkpt>
   <trkpt lat="-8.6805480" lon="119.5567790">
    <ele>77.6</ele>
    <time>2023-09-27T00:44:53Z</time>
   </trkpt>
   <trkpt lat="-8.6805480" lon="119.5567790">
    <ele>77.6</ele>
    <time>2023-09-27T00:44:54Z</time>
   </trkpt>
   <trkpt lat="-8.6805460" lon="119.5567860">
    <ele>77.6</ele>
    <time>2023-09-27T00:44:55Z</time>
   </trkpt>
   <trkpt lat="-8.6805440" lon="119.5567870">
    <ele>77.6</ele>
    <time>2023-09-27T00:44:56Z</time>
   </trkpt>
   <trkpt lat="-8.6805450" lon="119.5567870">
    <ele>77.6</ele>
    <time>2023-09-27T00:44:57Z</time>
   </trkpt>
   <trkpt lat="-8.6805480" lon="119.5567930">
    <ele>77.6</ele>
    <time>2023-09-27T00:44:58Z</time>
   </trkpt>
   <trkpt lat="-8.6805480" lon="119.5567930">
    <ele>77.6</ele>
    <time>2023-09-27T00:44:59Z</time>
   </trkpt>
   <trkpt lat="-8.6805480" lon="119.5567930">
    <ele>77.6</ele>
    <time>2023-09-27T00:45:00Z</time>
   </trkpt>
   <trkpt lat="-8.6805480" lon="119.5567930">
    <ele>77.6</ele>
    <time>2023-09-27T00:45:01Z</time>
   </trkpt>
   <trkpt lat="-8.6805480" lon="119.5567930">
    <ele>77.6</ele>
    <time>2023-09-27T00:45:02Z</time>
   </trkpt>
   <trkpt lat="-8.6805480" lon="119.5567930">
    <ele>77.6</ele>
    <time>2023-09-27T00:45:03Z</time>
   </trkpt>
   <trkpt lat="-8.6805480" lon="119.5567930">
    <ele>77.6</ele>
    <time>2023-09-27T00:45:04Z</time>
   </trkpt>
   <trkpt lat="-8.6805480" lon="119.5567930">
    <ele>77.6</ele>
    <time>2023-09-27T00:45:05Z</time>
   </trkpt>
   <trkpt lat="-8.6805480" lon="119.5567930">
    <ele>77.6</ele>
    <time>2023-09-27T00:45:06Z</time>
   </trkpt>
   <trkpt lat="-8.6805480" lon="119.5567930">
    <ele>77.6</ele>
    <time>2023-09-27T00:45:07Z</time>
   </trkpt>
   <trkpt lat="-8.6805480" lon="119.5567930">
    <ele>77.6</ele>
    <time>2023-09-27T00:45:08Z</time>
   </trkpt>
   <trkpt lat="-8.6805470" lon="119.5567940">
    <ele>77.5</ele>
    <time>2023-09-27T00:45:09Z</time>
   </trkpt>
   <trkpt lat="-8.6805460" lon="119.5567930">
    <ele>77.5</ele>
    <time>2023-09-27T00:45:10Z</time>
   </trkpt>
   <trkpt lat="-8.6805460" lon="119.5567930">
    <ele>77.5</ele>
    <time>2023-09-27T00:45:11Z</time>
   </trkpt>
   <trkpt lat="-8.6805490" lon="119.5567990">
    <ele>77.5</ele>
    <time>2023-09-27T00:45:12Z</time>
   </trkpt>
   <trkpt lat="-8.6805480" lon="119.5567910">
    <ele>77.5</ele>
    <time>2023-09-27T00:45:13Z</time>
   </trkpt>
   <trkpt lat="-8.6805470" lon="119.5567880">
    <ele>77.5</ele>
    <time>2023-09-27T00:45:14Z</time>
   </trkpt>
   <trkpt lat="-8.6805490" lon="119.5567860">
    <ele>77.5</ele>
    <time>2023-09-27T00:45:15Z</time>
   </trkpt>
   <trkpt lat="-8.6805490" lon="119.5567840">
    <ele>77.5</ele>
    <time>2023-09-27T00:45:16Z</time>
   </trkpt>
   <trkpt lat="-8.6805490" lon="119.5567840">
    <ele>77.5</ele>
    <time>2023-09-27T00:45:17Z</time>
   </trkpt>
   <trkpt lat="-8.6805470" lon="119.5567840">
    <ele>77.5</ele>
    <time>2023-09-27T00:45:18Z</time>
   </trkpt>
   <trkpt lat="-8.6805450" lon="119.5567840">
    <ele>77.4</ele>
    <time>2023-09-27T00:45:19Z</time>
   </trkpt>
   <trkpt lat="-8.6805450" lon="119.5567840">
    <ele>77.4</ele>
    <time>2023-09-27T00:45:20Z</time>
   </trkpt>
   <trkpt lat="-8.6805450" lon="119.5567840">
    <ele>77.4</ele>
    <time>2023-09-27T00:45:21Z</time>
   </trkpt>
   <trkpt lat="-8.6805450" lon="119.5567840">
    <ele>77.4</ele>
    <time>2023-09-27T00:45:22Z</time>
   </trkpt>
   <trkpt lat="-8.6805460" lon="119.5567840">
    <ele>77.4</ele>
    <time>2023-09-27T00:45:23Z</time>
   </trkpt>
   <trkpt lat="-8.6805450" lon="119.5567840">
    <ele>77.4</ele>
    <time>2023-09-27T00:45:24Z</time>
   </trkpt>
   <trkpt lat="-8.6805420" lon="119.5567820">
    <ele>77.4</ele>
    <time>2023-09-27T00:45:25Z</time>
   </trkpt>
   <trkpt lat="-8.6805450" lon="119.5567840">
    <ele>77.4</ele>
    <time>2023-09-27T00:45:26Z</time>
   </trkpt>
   <trkpt lat="-8.6805450" lon="119.5567840">
    <ele>77.4</ele>
    <time>2023-09-27T00:45:27Z</time>
   </trkpt>
   <trkpt lat="-8.6805450" lon="119.5567850">
    <ele>77.4</ele>
    <time>2023-09-27T00:45:28Z</time>
   </trkpt>
   <trkpt lat="-8.6805470" lon="119.5567840">
    <ele>77.4</ele>
    <time>2023-09-27T00:45:29Z</time>
   </trkpt>
   <trkpt lat="-8.6805470" lon="119.5567820">
    <ele>77.4</ele>
    <time>2023-09-27T00:45:30Z</time>
   </trkpt>
   <trkpt lat="-8.6805500" lon="119.5567820">
    <ele>77.4</ele>
    <time>2023-09-27T00:45:31Z</time>
   </trkpt>
   <trkpt lat="-8.6805540" lon="119.5567840">
    <ele>77.4</ele>
    <time>2023-09-27T00:45:32Z</time>
   </trkpt>
   <trkpt lat="-8.6805530" lon="119.5567940">
    <ele>77.3</ele>
    <time>2023-09-27T00:45:33Z</time>
   </trkpt>
   <trkpt lat="-8.6805500" lon="119.5567930">
    <ele>77.3</ele>
    <time>2023-09-27T00:45:34Z</time>
   </trkpt>
   <trkpt lat="-8.6805510" lon="119.5567910">
    <ele>77.3</ele>
    <time>2023-09-27T00:45:35Z</time>
   </trkpt>
   <trkpt lat="-8.6805520" lon="119.5567970">
    <ele>77.3</ele>
    <time>2023-09-27T00:45:36Z</time>
   </trkpt>
   <trkpt lat="-8.6805540" lon="119.5567950">
    <ele>77.3</ele>
    <time>2023-09-27T00:45:37Z</time>
   </trkpt>
   <trkpt lat="-8.6805540" lon="119.5567950">
    <ele>77.3</ele>
    <time>2023-09-27T00:45:38Z</time>
   </trkpt>
   <trkpt lat="-8.6805550" lon="119.5567940">
    <ele>77.3</ele>
    <time>2023-09-27T00:45:39Z</time>
   </trkpt>
   <trkpt lat="-8.6805550" lon="119.5567940">
    <ele>77.3</ele>
    <time>2023-09-27T00:45:40Z</time>
   </trkpt>
   <trkpt lat="-8.6805550" lon="119.5567940">
    <ele>77.3</ele>
    <time>2023-09-27T00:45:41Z</time>
   </trkpt>
   <trkpt lat="-8.6805550" lon="119.5567940">
    <ele>77.3</ele>
    <time>2023-09-27T00:45:42Z</time>
   </trkpt>
   <trkpt lat="-8.6805550" lon="119.5567940">
    <ele>77.3</ele>
    <time>2023-09-27T00:45:43Z</time>
   </trkpt>
   <trkpt lat="-8.6805550" lon="119.5567940">
    <ele>77.3</ele>
    <time>2023-09-27T00:45:44Z</time>
   </trkpt>
   <trkpt lat="-8.6805560" lon="119.5567910">
    <ele>77.3</ele>
    <time>2023-09-27T00:45:45Z</time>
   </trkpt>
   <trkpt lat="-8.6805560" lon="119.5567930">
    <ele>77.3</ele>
    <time>2023-09-27T00:45:46Z</time>
   </trkpt>
   <trkpt lat="-8.6805570" lon="119.5567890">
    <ele>77.2</ele>
    <time>2023-09-27T00:45:47Z</time>
   </trkpt>
   <trkpt lat="-8.6805550" lon="119.5567900">
    <ele>77.2</ele>
    <time>2023-09-27T00:45:48Z</time>
   </trkpt>
   <trkpt lat="-8.6805540" lon="119.5567890">
    <ele>77.2</ele>
    <time>2023-09-27T00:45:50Z</time>
   </trkpt>
   <trkpt lat="-8.6805540" lon="119.5567870">
    <ele>77.2</ele>
    <time>2023-09-27T00:45:51Z</time>
   </trkpt>
   <trkpt lat="-8.6805540" lon="119.5567830">
    <ele>77.2</ele>
    <time>2023-09-27T00:45:52Z</time>
   </trkpt>
   <trkpt lat="-8.6805540" lon="119.5567820">
    <ele>77.2</ele>
    <time>2023-09-27T00:45:53Z</time>
   </trkpt>
   <trkpt lat="-8.6805540" lon="119.5567820">
    <ele>77.2</ele>
    <time>2023-09-27T00:45:54Z</time>
   </trkpt>
   <trkpt lat="-8.6805540" lon="119.5567820">
    <ele>77.2</ele>
    <time>2023-09-27T00:45:55Z</time>
   </trkpt>
   <trkpt lat="-8.6805540" lon="119.5567820">
    <ele>77.2</ele>
    <time>2023-09-27T00:45:56Z</time>
   </trkpt>
   <trkpt lat="-8.6805540" lon="119.5567820">
    <ele>77.2</ele>
    <time>2023-09-27T00:45:57Z</time>
   </trkpt>
   <trkpt lat="-8.6805540" lon="119.5567820">
    <ele>77.2</ele>
    <time>2023-09-27T00:45:58Z</time>
   </trkpt>
   <trkpt lat="-8.6805520" lon="119.5567810">
    <ele>77.2</ele>
    <time>2023-09-27T00:45:59Z</time>
   </trkpt>
   <trkpt lat="-8.6805450" lon="119.5567730">
    <ele>77.2</ele>
    <time>2023-09-27T00:46:00Z</time>
   </trkpt>
   <trkpt lat="-8.6805520" lon="119.5567810">
    <ele>77.1</ele>
    <time>2023-09-27T00:46:01Z</time>
   </trkpt>
   <trkpt lat="-8.6805550" lon="119.5567830">
    <ele>77.1</ele>
    <time>2023-09-27T00:46:02Z</time>
   </trkpt>
   <trkpt lat="-8.6805570" lon="119.5567860">
    <ele>77.1</ele>
    <time>2023-09-27T00:46:03Z</time>
   </trkpt>
   <trkpt lat="-8.6805580" lon="119.5567860">
    <ele>77.1</ele>
    <time>2023-09-27T00:46:04Z</time>
   </trkpt>
   <trkpt lat="-8.6805550" lon="119.5567880">
    <ele>77.1</ele>
    <time>2023-09-27T00:46:05Z</time>
   </trkpt>
   <trkpt lat="-8.6805540" lon="119.5567870">
    <ele>77.1</ele>
    <time>2023-09-27T00:46:06Z</time>
   </trkpt>
   <trkpt lat="-8.6805540" lon="119.5567870">
    <ele>77.1</ele>
    <time>2023-09-27T00:46:07Z</time>
   </trkpt>
   <trkpt lat="-8.6805540" lon="119.5567870">
    <ele>77.1</ele>
    <time>2023-09-27T00:46:08Z</time>
   </trkpt>
   <trkpt lat="-8.6805540" lon="119.5567870">
    <ele>77.1</ele>
    <time>2023-09-27T00:46:09Z</time>
   </trkpt>
   <trkpt lat="-8.6805540" lon="119.5567870">
    <ele>77.1</ele>
    <time>2023-09-27T00:46:10Z</time>
   </trkpt>
   <trkpt lat="-8.6805540" lon="119.5567870">
    <ele>77.1</ele>
    <time>2023-09-27T00:46:11Z</time>
   </trkpt>
   <trkpt lat="-8.6805540" lon="119.5567870">
    <ele>77.1</ele>
    <time>2023-09-27T00:46:12Z</time>
   </trkpt>
   <trkpt lat="-8.6805540" lon="119.5567870">
    <ele>77.1</ele>
    <time>2023-09-27T00:46:13Z</time>
   </trkpt>
   <trkpt lat="-8.6805440" lon="119.5567970">
    <ele>77.0</ele>
    <time>2023-09-27T00:46:14Z</time>
   </trkpt>
   <trkpt lat="-8.6805450" lon="119.5567980">
    <ele>77.0</ele>
    <time>2023-09-27T00:46:15Z</time>
   </trkpt>
   <trkpt lat="-8.6805450" lon="119.5567980">
    <ele>77.0</ele>
    <time>2023-09-27T00:46:16Z</time>
   </trkpt>
   <trkpt lat="-8.6805450" lon="119.5567970">
    <ele>77.0</ele>
    <time>2023-09-27T00:46:17Z</time>
   </trkpt>
   <trkpt lat="-8.6805450" lon="119.5567960">
    <ele>77.0</ele>
    <time>2023-09-27T00:46:18Z</time>
   </trkpt>
   <trkpt lat="-8.6805450" lon="119.5567960">
    <ele>77.0</ele>
    <time>2023-09-27T00:46:19Z</time>
   </trkpt>
   <trkpt lat="-8.6805450" lon="119.5567990">
    <ele>77.0</ele>
    <time>2023-09-27T00:46:20Z</time>
   </trkpt>
   <trkpt lat="-8.6805450" lon="119.5568000">
    <ele>77.0</ele>
    <time>2023-09-27T00:46:21Z</time>
   </trkpt>
   <trkpt lat="-8.6805450" lon="119.5568000">
    <ele>77.0</ele>
    <time>2023-09-27T00:46:22Z</time>
   </trkpt>
   <trkpt lat="-8.6805440" lon="119.5568000">
    <ele>77.0</ele>
    <time>2023-09-27T00:46:23Z</time>
   </trkpt>
   <trkpt lat="-8.6805440" lon="119.5568020">
    <ele>77.0</ele>
    <time>2023-09-27T00:46:24Z</time>
   </trkpt>
   <trkpt lat="-8.6805440" lon="119.5568020">
    <ele>77.0</ele>
    <time>2023-09-27T00:46:25Z</time>
   </trkpt>
   <trkpt lat="-8.6805440" lon="119.5568020">
    <ele>77.0</ele>
    <time>2023-09-27T00:46:26Z</time>
   </trkpt>
   <trkpt lat="-8.6805440" lon="119.5568020">
    <ele>77.0</ele>
    <time>2023-09-27T00:46:27Z</time>
   </trkpt>
   <trkpt lat="-8.6805420" lon="119.5568030">
    <ele>77.0</ele>
    <time>2023-09-27T00:46:28Z</time>
   </trkpt>
   <trkpt lat="-8.6805410" lon="119.5568030">
    <ele>77.0</ele>
    <time>2023-09-27T00:46:29Z</time>
   </trkpt>
   <trkpt lat="-8.6805410" lon="119.5568030">
    <ele>77.0</ele>
    <time>2023-09-27T00:46:30Z</time>
   </trkpt>
   <trkpt lat="-8.6805410" lon="119.5568030">
    <ele>77.0</ele>
    <time>2023-09-27T00:46:31Z</time>
   </trkpt>
   <trkpt lat="-8.6805410" lon="119.5568030">
    <ele>77.0</ele>
    <time>2023-09-27T00:46:32Z</time>
   </trkpt>
   <trkpt lat="-8.6805410" lon="119.5568030">
    <ele>77.0</ele>
    <time>2023-09-27T00:46:33Z</time>
   </trkpt>
   <trkpt lat="-8.6805440" lon="119.5568020">
    <ele>77.0</ele>
    <time>2023-09-27T00:46:34Z</time>
   </trkpt>
   <trkpt lat="-8.6805400" lon="119.5568040">
    <ele>77.0</ele>
    <time>2023-09-27T00:46:35Z</time>
   </trkpt>
   <trkpt lat="-8.6805400" lon="119.5568060">
    <ele>76.9</ele>
    <time>2023-09-27T00:46:36Z</time>
   </trkpt>
   <trkpt lat="-8.6805390" lon="119.5568060">
    <ele>76.9</ele>
    <time>2023-09-27T00:46:37Z</time>
   </trkpt>
   <trkpt lat="-8.6805390" lon="119.5568060">
    <ele>76.9</ele>
    <time>2023-09-27T00:46:38Z</time>
   </trkpt>
   <trkpt lat="-8.6805380" lon="119.5568090">
    <ele>76.9</ele>
    <time>2023-09-27T00:46:39Z</time>
   </trkpt>
   <trkpt lat="-8.6805390" lon="119.5568090">
    <ele>76.9</ele>
    <time>2023-09-27T00:46:40Z</time>
   </trkpt>
   <trkpt lat="-8.6805370" lon="119.5568110">
    <ele>76.9</ele>
    <time>2023-09-27T00:46:41Z</time>
   </trkpt>
   <trkpt lat="-8.6805390" lon="119.5568100">
    <ele>76.9</ele>
    <time>2023-09-27T00:46:42Z</time>
   </trkpt>
   <trkpt lat="-8.6805370" lon="119.5568110">
    <ele>76.9</ele>
    <time>2023-09-27T00:46:43Z</time>
   </trkpt>
   <trkpt lat="-8.6805370" lon="119.5568110">
    <ele>76.9</ele>
    <time>2023-09-27T00:46:44Z</time>
   </trkpt>
   <trkpt lat="-8.6805380" lon="119.5568070">
    <ele>76.9</ele>
    <time>2023-09-27T00:46:45Z</time>
   </trkpt>
   <trkpt lat="-8.6805380" lon="119.5568070">
    <ele>76.9</ele>
    <time>2023-09-27T00:46:46Z</time>
   </trkpt>
   <trkpt lat="-8.6805410" lon="119.5568040">
    <ele>76.9</ele>
    <time>2023-09-27T00:46:47Z</time>
   </trkpt>
   <trkpt lat="-8.6805410" lon="119.5568040">
    <ele>76.9</ele>
    <time>2023-09-27T00:46:48Z</time>
   </trkpt>
   <trkpt lat="-8.6805470" lon="119.5567970">
    <ele>76.8</ele>
    <time>2023-09-27T00:46:49Z</time>
   </trkpt>
   <trkpt lat="-8.6805480" lon="119.5567970">
    <ele>76.8</ele>
    <time>2023-09-27T00:46:50Z</time>
   </trkpt>
   <trkpt lat="-8.6805480" lon="119.5567960">
    <ele>76.8</ele>
    <time>2023-09-27T00:46:51Z</time>
   </trkpt>
   <trkpt lat="-8.6805470" lon="119.5567970">
    <ele>76.8</ele>
    <time>2023-09-27T00:46:52Z</time>
   </trkpt>
   <trkpt lat="-8.6805500" lon="119.5567960">
    <ele>76.8</ele>
    <time>2023-09-27T00:46:53Z</time>
   </trkpt>
   <trkpt lat="-8.6805500" lon="119.5567950">
    <ele>76.8</ele>
    <time>2023-09-27T00:46:54Z</time>
   </trkpt>
   <trkpt lat="-8.6805520" lon="119.5567930">
    <ele>76.8</ele>
    <time>2023-09-27T00:46:55Z</time>
   </trkpt>
   <trkpt lat="-8.6805540" lon="119.5567930">
    <ele>76.8</ele>
    <time>2023-09-27T00:46:56Z</time>
   </trkpt>
   <trkpt lat="-8.6805530" lon="119.5567920">
    <ele>76.8</ele>
    <time>2023-09-27T00:46:57Z</time>
   </trkpt>
   <trkpt lat="-8.6805520" lon="119.5567910">
    <ele>76.8</ele>
    <time>2023-09-27T00:46:58Z</time>
   </trkpt>
   <trkpt lat="-8.6805500" lon="119.5567940">
    <ele>76.8</ele>
    <time>2023-09-27T00:46:59Z</time>
   </trkpt>
   <trkpt lat="-8.6805490" lon="119.5567930">
    <ele>76.8</ele>
    <time>2023-09-27T00:47:00Z</time>
   </trkpt>
   <trkpt lat="-8.6805500" lon="119.5567930">
    <ele>76.8</ele>
    <time>2023-09-27T00:47:01Z</time>
   </trkpt>
   <trkpt lat="-8.6805510" lon="119.5567900">
    <ele>76.7</ele>
    <time>2023-09-27T00:47:02Z</time>
   </trkpt>
   <trkpt lat="-8.6805510" lon="119.5567920">
    <ele>76.7</ele>
    <time>2023-09-27T00:47:03Z</time>
   </trkpt>
   <trkpt lat="-8.6805570" lon="119.5567890">
    <ele>76.7</ele>
    <time>2023-09-27T00:47:04Z</time>
   </trkpt>
   <trkpt lat="-8.6805620" lon="119.5567850">
    <ele>76.7</ele>
    <time>2023-09-27T00:47:05Z</time>
   </trkpt>
   <trkpt lat="-8.6805620" lon="119.5567790">
    <ele>76.7</ele>
    <time>2023-09-27T00:47:06Z</time>
   </trkpt>
   <trkpt lat="-8.6805600" lon="119.5567710">
    <ele>76.6</ele>
    <time>2023-09-27T00:47:07Z</time>
   </trkpt>
   <trkpt lat="-8.6805620" lon="119.5567670">
    <ele>76.6</ele>
    <time>2023-09-27T00:47:08Z</time>
   </trkpt>
   <trkpt lat="-8.6805610" lon="119.5567620">
    <ele>76.6</ele>
    <time>2023-09-27T00:47:09Z</time>
   </trkpt>
   <trkpt lat="-8.6805560" lon="119.5567510">
    <ele>76.6</ele>
    <time>2023-09-27T00:47:10Z</time>
   </trkpt>
   <trkpt lat="-8.6805490" lon="119.5567490">
    <ele>76.5</ele>
    <time>2023-09-27T00:47:11Z</time>
   </trkpt>
   <trkpt lat="-8.6805320" lon="119.5567480">
    <ele>76.5</ele>
    <time>2023-09-27T00:47:12Z</time>
   </trkpt>
   <trkpt lat="-8.6805140" lon="119.5567460">
    <ele>76.4</ele>
    <time>2023-09-27T00:47:13Z</time>
   </trkpt>
   <trkpt lat="-8.6805060" lon="119.5567500">
    <ele>76.4</ele>
    <time>2023-09-27T00:47:14Z</time>
   </trkpt>
   <trkpt lat="-8.6804980" lon="119.5567490">
    <ele>76.4</ele>
    <time>2023-09-27T00:47:15Z</time>
   </trkpt>
   <trkpt lat="-8.6804910" lon="119.5567440">
    <ele>76.3</ele>
    <time>2023-09-27T00:47:16Z</time>
   </trkpt>
   <trkpt lat="-8.6804840" lon="119.5567440">
    <ele>76.3</ele>
    <time>2023-09-27T00:47:17Z</time>
   </trkpt>
   <trkpt lat="-8.6804830" lon="119.5567410">
    <ele>76.3</ele>
    <time>2023-09-27T00:47:18Z</time>
   </trkpt>
   <trkpt lat="-8.6804780" lon="119.5567390">
    <ele>76.3</ele>
    <time>2023-09-27T00:47:19Z</time>
   </trkpt>
   <trkpt lat="-8.6804750" lon="119.5567370">
    <ele>76.3</ele>
    <time>2023-09-27T00:47:20Z</time>
   </trkpt>
   <trkpt lat="-8.6804760" lon="119.5567390">
    <ele>76.3</ele>
    <time>2023-09-27T00:47:21Z</time>
   </trkpt>
   <trkpt lat="-8.6804760" lon="119.5567420">
    <ele>76.2</ele>
    <time>2023-09-27T00:47:22Z</time>
   </trkpt>
   <trkpt lat="-8.6804710" lon="119.5567370">
    <ele>76.2</ele>
    <time>2023-09-27T00:47:23Z</time>
   </trkpt>
   <trkpt lat="-8.6804650" lon="119.5567380">
    <ele>76.2</ele>
    <time>2023-09-27T00:47:24Z</time>
   </trkpt>
   <trkpt lat="-8.6804590" lon="119.5567370">
    <ele>76.2</ele>
    <time>2023-09-27T00:47:25Z</time>
   </trkpt>
   <trkpt lat="-8.6804550" lon="119.5567330">
    <ele>76.2</ele>
    <time>2023-09-27T00:47:26Z</time>
   </trkpt>
   <trkpt lat="-8.6804510" lon="119.5567300">
    <ele>76.1</ele>
    <time>2023-09-27T00:47:27Z</time>
   </trkpt>
   <trkpt lat="-8.6804460" lon="119.5567310">
    <ele>76.1</ele>
    <time>2023-09-27T00:47:28Z</time>
   </trkpt>
   <trkpt lat="-8.6804460" lon="119.5567330">
    <ele>76.1</ele>
    <time>2023-09-27T00:47:29Z</time>
   </trkpt>
   <trkpt lat="-8.6804440" lon="119.5567360">
    <ele>76.1</ele>
    <time>2023-09-27T00:47:30Z</time>
   </trkpt>
   <trkpt lat="-8.6804390" lon="119.5567370">
    <ele>76.1</ele>
    <time>2023-09-27T00:47:31Z</time>
   </trkpt>
   <trkpt lat="-8.6804360" lon="119.5567420">
    <ele>76.1</ele>
    <time>2023-09-27T00:47:32Z</time>
   </trkpt>
   <trkpt lat="-8.6804370" lon="119.5567420">
    <ele>76.1</ele>
    <time>2023-09-27T00:47:33Z</time>
   </trkpt>
   <trkpt lat="-8.6804370" lon="119.5567380">
    <ele>76.0</ele>
    <time>2023-09-27T00:47:34Z</time>
   </trkpt>
   <trkpt lat="-8.6804350" lon="119.5567420">
    <ele>76.0</ele>
    <time>2023-09-27T00:47:35Z</time>
   </trkpt>
   <trkpt lat="-8.6804360" lon="119.5567370">
    <ele>76.0</ele>
    <time>2023-09-27T00:47:36Z</time>
   </trkpt>
   <trkpt lat="-8.6804320" lon="119.5567340">
    <ele>76.0</ele>
    <time>2023-09-27T00:47:37Z</time>
   </trkpt>
   <trkpt lat="-8.6804290" lon="119.5567260">
    <ele>76.0</ele>
    <time>2023-09-27T00:47:38Z</time>
   </trkpt>
   <trkpt lat="-8.6804190" lon="119.5567290">
    <ele>75.9</ele>
    <time>2023-09-27T00:47:39Z</time>
   </trkpt>
   <trkpt lat="-8.6804150" lon="119.5567150">
    <ele>75.9</ele>
    <time>2023-09-27T00:47:40Z</time>
   </trkpt>
   <trkpt lat="-8.6804160" lon="119.5567180">
    <ele>75.9</ele>
    <time>2023-09-27T00:47:41Z</time>
   </trkpt>
   <trkpt lat="-8.6804100" lon="119.5567270">
    <ele>75.8</ele>
    <time>2023-09-27T00:47:42Z</time>
   </trkpt>
   <trkpt lat="-8.6804100" lon="119.5567260">
    <ele>75.8</ele>
    <time>2023-09-27T00:47:43Z</time>
   </trkpt>
   <trkpt lat="-8.6804040" lon="119.5567290">
    <ele>75.8</ele>
    <time>2023-09-27T00:47:44Z</time>
   </trkpt>
   <trkpt lat="-8.6803980" lon="119.5567300">
    <ele>75.8</ele>
    <time>2023-09-27T00:47:45Z</time>
   </trkpt>
   <trkpt lat="-8.6804000" lon="119.5567350">
    <ele>75.8</ele>
    <time>2023-09-27T00:47:46Z</time>
   </trkpt>
   <trkpt lat="-8.6804030" lon="119.5567320">
    <ele>75.7</ele>
    <time>2023-09-27T00:47:47Z</time>
   </trkpt>
   <trkpt lat="-8.6803980" lon="119.5567260">
    <ele>75.7</ele>
    <time>2023-09-27T00:47:48Z</time>
   </trkpt>
   <trkpt lat="-8.6803970" lon="119.5567240">
    <ele>75.7</ele>
    <time>2023-09-27T00:47:49Z</time>
   </trkpt>
   <trkpt lat="-8.6803940" lon="119.5567210">
    <ele>75.7</ele>
    <time>2023-09-27T00:47:50Z</time>
   </trkpt>
   <trkpt lat="-8.6803950" lon="119.5567180">
    <ele>75.7</ele>
    <time>2023-09-27T00:47:51Z</time>
   </trkpt>
   <trkpt lat="-8.6803950" lon="119.5567190">
    <ele>75.7</ele>
    <time>2023-09-27T00:47:52Z</time>
   </trkpt>
   <trkpt lat="-8.6803940" lon="119.5567160">
    <ele>75.7</ele>
    <time>2023-09-27T00:47:53Z</time>
   </trkpt>
   <trkpt lat="-8.6803940" lon="119.5567160">
    <ele>75.7</ele>
    <time>2023-09-27T00:47:54Z</time>
   </trkpt>
   <trkpt lat="-8.6803910" lon="119.5567150">
    <ele>75.6</ele>
    <time>2023-09-27T00:47:55Z</time>
   </trkpt>
   <trkpt lat="-8.6803880" lon="119.5567130">
    <ele>75.6</ele>
    <time>2023-09-27T00:47:56Z</time>
   </trkpt>
   <trkpt lat="-8.6803800" lon="119.5567070">
    <ele>75.6</ele>
    <time>2023-09-27T00:47:57Z</time>
   </trkpt>
   <trkpt lat="-8.6803780" lon="119.5567040">
    <ele>75.6</ele>
    <time>2023-09-27T00:47:58Z</time>
   </trkpt>
   <trkpt lat="-8.6803760" lon="119.5567000">
    <ele>75.6</ele>
    <time>2023-09-27T00:47:59Z</time>
   </trkpt>
   <trkpt lat="-8.6803740" lon="119.5566970">
    <ele>75.6</ele>
    <time>2023-09-27T00:48:00Z</time>
   </trkpt>
   <trkpt lat="-8.6803720" lon="119.5566930">
    <ele>75.5</ele>
    <time>2023-09-27T00:48:01Z</time>
   </trkpt>
   <trkpt lat="-8.6803700" lon="119.5566900">
    <ele>75.5</ele>
    <time>2023-09-27T00:48:02Z</time>
   </trkpt>
   <trkpt lat="-8.6803680" lon="119.5566860">
    <ele>75.5</ele>
    <time>2023-09-27T00:48:03Z</time>
   </trkpt>
   <trkpt lat="-8.6803660" lon="119.5566830">
    <ele>75.5</ele>
    <time>2023-09-27T00:48:04Z</time>
   </trkpt>
   <trkpt lat="-8.6803630" lon="119.5566830">
    <ele>75.5</ele>
    <time>2023-09-27T00:48:05Z</time>
   </trkpt>
   <trkpt lat="-8.6803580" lon="119.5566820">
    <ele>75.5</ele>
    <time>2023-09-27T00:48:06Z</time>
   </trkpt>
   <trkpt lat="-8.6803540" lon="119.5566800">
    <ele>75.5</ele>
    <time>2023-09-27T00:48:07Z</time>
   </trkpt>
   <trkpt lat="-8.6803510" lon="119.5566800">
    <ele>75.4</ele>
    <time>2023-09-27T00:48:08Z</time>
   </trkpt>
   <trkpt lat="-8.6803450" lon="119.5566750">
    <ele>75.4</ele>
    <time>2023-09-27T00:48:09Z</time>
   </trkpt>
   <trkpt lat="-8.6803430" lon="119.5566750">
    <ele>75.4</ele>
    <time>2023-09-27T00:48:10Z</time>
   </trkpt>
   <trkpt lat="-8.6803430" lon="119.5566750">
    <ele>75.4</ele>
    <time>2023-09-27T00:48:11Z</time>
   </trkpt>
   <trkpt lat="-8.6803420" lon="119.5566750">
    <ele>75.4</ele>
    <time>2023-09-27T00:48:12Z</time>
   </trkpt>
   <trkpt lat="-8.6803440" lon="119.5566730">
    <ele>75.4</ele>
    <time>2023-09-27T00:48:13Z</time>
   </trkpt>
   <trkpt lat="-8.6803420" lon="119.5566740">
    <ele>75.4</ele>
    <time>2023-09-27T00:48:14Z</time>
   </trkpt>
   <trkpt lat="-8.6803400" lon="119.5566720">
    <ele>75.4</ele>
    <time>2023-09-27T00:48:15Z</time>
   </trkpt>
   <trkpt lat="-8.6803400" lon="119.5566700">
    <ele>75.4</ele>
    <time>2023-09-27T00:48:16Z</time>
   </trkpt>
   <trkpt lat="-8.6803430" lon="119.5566800">
    <ele>75.3</ele>
    <time>2023-09-27T00:48:17Z</time>
   </trkpt>
   <trkpt lat="-8.6803400" lon="119.5566820">
    <ele>75.3</ele>
    <time>2023-09-27T00:48:18Z</time>
   </trkpt>
   <trkpt lat="-8.6803380" lon="119.5566810">
    <ele>75.3</ele>
    <time>2023-09-27T00:48:19Z</time>
   </trkpt>
   <trkpt lat="-8.6803410" lon="119.5566820">
    <ele>75.3</ele>
    <time>2023-09-27T00:48:20Z</time>
   </trkpt>
   <trkpt lat="-8.6803370" lon="119.5566790">
    <ele>75.3</ele>
    <time>2023-09-27T00:48:21Z</time>
   </trkpt>
   <trkpt lat="-8.6803340" lon="119.5566800">
    <ele>75.3</ele>
    <time>2023-09-27T00:48:22Z</time>
   </trkpt>
   <trkpt lat="-8.6803320" lon="119.5566790">
    <ele>75.3</ele>
    <time>2023-09-27T00:48:23Z</time>
   </trkpt>
   <trkpt lat="-8.6803260" lon="119.5566840">
    <ele>75.2</ele>
    <time>2023-09-27T00:48:24Z</time>
   </trkpt>
   <trkpt lat="-8.6803190" lon="119.5566810">
    <ele>75.2</ele>
    <time>2023-09-27T00:48:25Z</time>
   </trkpt>
   <trkpt lat="-8.6803210" lon="119.5566870">
    <ele>75.2</ele>
    <time>2023-09-27T00:48:26Z</time>
   </trkpt>
   <trkpt lat="-8.6803170" lon="119.5566880">
    <ele>75.2</ele>
    <time>2023-09-27T00:48:27Z</time>
   </trkpt>
   <trkpt lat="-8.6803100" lon="119.5566870">
    <ele>75.1</ele>
    <time>2023-09-27T00:48:28Z</time>
   </trkpt>
   <trkpt lat="-8.6802950" lon="119.5566940">
    <ele>75.1</ele>
    <time>2023-09-27T00:48:29Z</time>
   </trkpt>
   <trkpt lat="-8.6802890" lon="119.5566870">
    <ele>75.1</ele>
    <time>2023-09-27T00:48:30Z</time>
   </trkpt>
   <trkpt lat="-8.6802930" lon="119.5566810">
    <ele>75.0</ele>
    <time>2023-09-27T00:48:31Z</time>
   </trkpt>
   <trkpt lat="-8.6802960" lon="119.5566750">
    <ele>75.0</ele>
    <time>2023-09-27T00:48:32Z</time>
   </trkpt>
   <trkpt lat="-8.6802960" lon="119.5566720">
    <ele>75.0</ele>
    <time>2023-09-27T00:48:33Z</time>
   </trkpt>
   <trkpt lat="-8.6803020" lon="119.5566650">
    <ele>75.0</ele>
    <time>2023-09-27T00:48:34Z</time>
   </trkpt>
   <trkpt lat="-8.6803020" lon="119.5566610">
    <ele>75.0</ele>
    <time>2023-09-27T00:48:35Z</time>
   </trkpt>
   <trkpt lat="-8.6803000" lon="119.5566540">
    <ele>74.9</ele>
    <time>2023-09-27T00:48:36Z</time>
   </trkpt>
   <trkpt lat="-8.6802980" lon="119.5566500">
    <ele>74.9</ele>
    <time>2023-09-27T00:48:37Z</time>
   </trkpt>
   <trkpt lat="-8.6802960" lon="119.5566460">
    <ele>74.9</ele>
    <time>2023-09-27T00:48:38Z</time>
   </trkpt>
   <trkpt lat="-8.6802930" lon="119.5566420">
    <ele>74.9</ele>
    <time>2023-09-27T00:48:39Z</time>
   </trkpt>
   <trkpt lat="-8.6802910" lon="119.5566370">
    <ele>74.9</ele>
    <time>2023-09-27T00:48:40Z</time>
   </trkpt>
   <trkpt lat="-8.6802880" lon="119.5566330">
    <ele>74.8</ele>
    <time>2023-09-27T00:48:41Z</time>
   </trkpt>
   <trkpt lat="-8.6802860" lon="119.5566290">
    <ele>74.8</ele>
    <time>2023-09-27T00:48:42Z</time>
   </trkpt>
   <trkpt lat="-8.6802830" lon="119.5566250">
    <ele>74.8</ele>
    <time>2023-09-27T00:48:43Z</time>
   </trkpt>
   <trkpt lat="-8.6802810" lon="119.5566210">
    <ele>74.8</ele>
    <time>2023-09-27T00:48:44Z</time>
   </trkpt>
   <trkpt lat="-8.6802710" lon="119.5566250">
    <ele>74.8</ele>
    <time>2023-09-27T00:48:45Z</time>
   </trkpt>
   <trkpt lat="-8.6802750" lon="119.5566290">
    <ele>74.7</ele>
    <time>2023-09-27T00:48:46Z</time>
   </trkpt>
   <trkpt lat="-8.6802830" lon="119.5566360">
    <ele>74.7</ele>
    <time>2023-09-27T00:48:47Z</time>
   </trkpt>
   <trkpt lat="-8.6802890" lon="119.5566410">
    <ele>74.7</ele>
    <time>2023-09-27T00:48:48Z</time>
   </trkpt>
   <trkpt lat="-8.6802920" lon="119.5566410">
    <ele>74.7</ele>
    <time>2023-09-27T00:48:49Z</time>
   </trkpt>
   <trkpt lat="-8.6802930" lon="119.5566410">
    <ele>74.7</ele>
    <time>2023-09-27T00:48:50Z</time>
   </trkpt>
   <trkpt lat="-8.6802930" lon="119.5566400">
    <ele>74.6</ele>
    <time>2023-09-27T00:48:51Z</time>
   </trkpt>
   <trkpt lat="-8.6802860" lon="119.5566300">
    <ele>74.6</ele>
    <time>2023-09-27T00:48:52Z</time>
   </trkpt>
   <trkpt lat="-8.6802780" lon="119.5566290">
    <ele>74.6</ele>
    <time>2023-09-27T00:48:53Z</time>
   </trkpt>
   <trkpt lat="-8.6802690" lon="119.5566320">
    <ele>74.5</ele>
    <time>2023-09-27T00:48:54Z</time>
   </trkpt>
   <trkpt lat="-8.6802570" lon="119.5566320">
    <ele>74.5</ele>
    <time>2023-09-27T00:48:55Z</time>
   </trkpt>
   <trkpt lat="-8.6802540" lon="119.5566350">
    <ele>74.5</ele>
    <time>2023-09-27T00:48:56Z</time>
   </trkpt>
   <trkpt lat="-8.6802440" lon="119.5566310">
    <ele>74.4</ele>
    <time>2023-09-27T00:48:57Z</time>
   </trkpt>
   <trkpt lat="-8.6802320" lon="119.5566310">
    <ele>74.4</ele>
    <time>2023-09-27T00:48:58Z</time>
   </trkpt>
   <trkpt lat="-8.6802210" lon="119.5566300">
    <ele>74.4</ele>
    <time>2023-09-27T00:48:59Z</time>
   </trkpt>
   <trkpt lat="-8.6802140" lon="119.5566290">
    <ele>74.3</ele>
    <time>2023-09-27T00:49:00Z</time>
   </trkpt>
   <trkpt lat="-8.6802060" lon="119.5566260">
    <ele>74.3</ele>
    <time>2023-09-27T00:49:01Z</time>
   </trkpt>
   <trkpt lat="-8.6801980" lon="119.5566320">
    <ele>74.3</ele>
    <time>2023-09-27T00:49:02Z</time>
   </trkpt>
   <trkpt lat="-8.6801890" lon="119.5566320">
    <ele>74.2</ele>
    <time>2023-09-27T00:49:03Z</time>
   </trkpt>
   <trkpt lat="-8.6801780" lon="119.5566300">
    <ele>74.2</ele>
    <time>2023-09-27T00:49:04Z</time>
   </trkpt>
   <trkpt lat="-8.6801760" lon="119.5566300">
    <ele>74.2</ele>
    <time>2023-09-27T00:49:05Z</time>
   </trkpt>
   <trkpt lat="-8.6801680" lon="119.5566220">
    <ele>74.2</ele>
    <time>2023-09-27T00:49:06Z</time>
   </trkpt>
   <trkpt lat="-8.6801600" lon="119.5566130">
    <ele>74.1</ele>
    <time>2023-09-27T00:49:07Z</time>
   </trkpt>
   <trkpt lat="-8.6801480" lon="119.5566090">
    <ele>74.1</ele>
    <time>2023-09-27T00:49:08Z</time>
   </trkpt>
   <trkpt lat="-8.6801430" lon="119.5566050">
    <ele>74.0</ele>
    <time>2023-09-27T00:49:09Z</time>
   </trkpt>
   <trkpt lat="-8.6801320" lon="119.5566040">
    <ele>74.0</ele>
    <time>2023-09-27T00:49:10Z</time>
   </trkpt>
   <trkpt lat="-8.6801200" lon="119.5565990">
    <ele>74.0</ele>
    <time>2023-09-27T00:49:11Z</time>
   </trkpt>
   <trkpt lat="-8.6801160" lon="119.5565930">
    <ele>73.9</ele>
    <time>2023-09-27T00:49:12Z</time>
   </trkpt>
   <trkpt lat="-8.6801080" lon="119.5565910">
    <ele>73.9</ele>
    <time>2023-09-27T00:49:13Z</time>
   </trkpt>
   <trkpt lat="-8.6801060" lon="119.5565900">
    <ele>73.9</ele>
    <time>2023-09-27T00:49:14Z</time>
   </trkpt>
   <trkpt lat="-8.6800970" lon="119.5565860">
    <ele>73.9</ele>
    <time>2023-09-27T00:49:15Z</time>
   </trkpt>
   <trkpt lat="-8.6800890" lon="119.5565800">
    <ele>73.8</ele>
    <time>2023-09-27T00:49:16Z</time>
   </trkpt>
   <trkpt lat="-8.6800820" lon="119.5565730">
    <ele>73.8</ele>
    <time>2023-09-27T00:49:17Z</time>
   </trkpt>
   <trkpt lat="-8.6800760" lon="119.5565700">
    <ele>73.8</ele>
    <time>2023-09-27T00:49:18Z</time>
   </trkpt>
   <trkpt lat="-8.6800650" lon="119.5565740">
    <ele>73.7</ele>
    <time>2023-09-27T00:49:19Z</time>
   </trkpt>
   <trkpt lat="-8.6800580" lon="119.5565740">
    <ele>73.7</ele>
    <time>2023-09-27T00:49:20Z</time>
   </trkpt>
   <trkpt lat="-8.6800480" lon="119.5565730">
    <ele>73.7</ele>
    <time>2023-09-27T00:49:21Z</time>
   </trkpt>
   <trkpt lat="-8.6800390" lon="119.5565760">
    <ele>73.6</ele>
    <time>2023-09-27T00:49:22Z</time>
   </trkpt>
   <trkpt lat="-8.6800310" lon="119.5565730">
    <ele>73.6</ele>
    <time>2023-09-27T00:49:23Z</time>
   </trkpt>
   <trkpt lat="-8.6800240" lon="119.5565800">
    <ele>73.6</ele>
    <time>2023-09-27T00:49:24Z</time>
   </trkpt>
   <trkpt lat="-8.6800150" lon="119.5565830">
    <ele>73.5</ele>
    <time>2023-09-27T00:49:25Z</time>
   </trkpt>
   <trkpt lat="-8.6800050" lon="119.5565840">
    <ele>73.5</ele>
    <time>2023-09-27T00:49:26Z</time>
   </trkpt>
   <trkpt lat="-8.6799970" lon="119.5565790">
    <ele>73.5</ele>
    <time>2023-09-27T00:49:27Z</time>
   </trkpt>
   <trkpt lat="-8.6799940" lon="119.5565750">
    <ele>73.4</ele>
    <time>2023-09-27T00:49:28Z</time>
   </trkpt>
   <trkpt lat="-8.6799840" lon="119.5565670">
    <ele>73.4</ele>
    <time>2023-09-27T00:49:29Z</time>
   </trkpt>
   <trkpt lat="-8.6799850" lon="119.5565720">
    <ele>73.4</ele>
    <time>2023-09-27T00:49:30Z</time>
   </trkpt>
   <trkpt lat="-8.6799730" lon="119.5565700">
    <ele>73.3</ele>
    <time>2023-09-27T00:49:31Z</time>
   </trkpt>
   <trkpt lat="-8.6799650" lon="119.5565660">
    <ele>73.3</ele>
    <time>2023-09-27T00:49:32Z</time>
   </trkpt>
   <trkpt lat="-8.6799550" lon="119.5565660">
    <ele>73.3</ele>
    <time>2023-09-27T00:49:33Z</time>
   </trkpt>
   <trkpt lat="-8.6799460" lon="119.5565650">
    <ele>73.2</ele>
    <time>2023-09-27T00:49:34Z</time>
   </trkpt>
   <trkpt lat="-8.6799400" lon="119.5565660">
    <ele>73.2</ele>
    <time>2023-09-27T00:49:35Z</time>
   </trkpt>
   <trkpt lat="-8.6799370" lon="119.5565640">
    <ele>73.2</ele>
    <time>2023-09-27T00:49:36Z</time>
   </trkpt>
   <trkpt lat="-8.6799310" lon="119.5565600">
    <ele>73.2</ele>
    <time>2023-09-27T00:49:37Z</time>
   </trkpt>
   <trkpt lat="-8.6799230" lon="119.5565600">
    <ele>73.1</ele>
    <time>2023-09-27T00:49:38Z</time>
   </trkpt>
   <trkpt lat="-8.6799180" lon="119.5565580">
    <ele>73.1</ele>
    <time>2023-09-27T00:49:39Z</time>
   </trkpt>
   <trkpt lat="-8.6799090" lon="119.5565570">
    <ele>73.1</ele>
    <time>2023-09-27T00:49:40Z</time>
   </trkpt>
   <trkpt lat="-8.6799010" lon="119.5565550">
    <ele>73.1</ele>
    <time>2023-09-27T00:49:41Z</time>
   </trkpt>
   <trkpt lat="-8.6798920" lon="119.5565540">
    <ele>73.0</ele>
    <time>2023-09-27T00:49:42Z</time>
   </trkpt>
   <trkpt lat="-8.6798890" lon="119.5565560">
    <ele>73.0</ele>
    <time>2023-09-27T00:49:43Z</time>
   </trkpt>
   <trkpt lat="-8.6798860" lon="119.5565560">
    <ele>73.0</ele>
    <time>2023-09-27T00:49:44Z</time>
   </trkpt>
   <trkpt lat="-8.6798860" lon="119.5565570">
    <ele>73.0</ele>
    <time>2023-09-27T00:49:45Z</time>
   </trkpt>
   <trkpt lat="-8.6798860" lon="119.5565550">
    <ele>73.0</ele>
    <time>2023-09-27T00:49:46Z</time>
   </trkpt>
   <trkpt lat="-8.6798850" lon="119.5565570">
    <ele>73.0</ele>
    <time>2023-09-27T00:49:47Z</time>
   </trkpt>
   <trkpt lat="-8.6798860" lon="119.5565570">
    <ele>73.0</ele>
    <time>2023-09-27T00:49:48Z</time>
   </trkpt>
   <trkpt lat="-8.6798780" lon="119.5565530">
    <ele>73.0</ele>
    <time>2023-09-27T00:49:49Z</time>
   </trkpt>
   <trkpt lat="-8.6798720" lon="119.5565520">
    <ele>72.9</ele>
    <time>2023-09-27T00:49:50Z</time>
   </trkpt>
   <trkpt lat="-8.6798620" lon="119.5565500">
    <ele>72.9</ele>
    <time>2023-09-27T00:49:51Z</time>
   </trkpt>
   <trkpt lat="-8.6798570" lon="119.5565480">
    <ele>72.9</ele>
    <time>2023-09-27T00:49:52Z</time>
   </trkpt>
   <trkpt lat="-8.6798490" lon="119.5565460">
    <ele>72.8</ele>
    <time>2023-09-27T00:49:53Z</time>
   </trkpt>
   <trkpt lat="-8.6798420" lon="119.5565430">
    <ele>72.8</ele>
    <time>2023-09-27T00:49:54Z</time>
   </trkpt>
   <trkpt lat="-8.6798320" lon="119.5565390">
    <ele>72.8</ele>
    <time>2023-09-27T00:49:55Z</time>
   </trkpt>
   <trkpt lat="-8.6798210" lon="119.5565350">
    <ele>72.7</ele>
    <time>2023-09-27T00:49:56Z</time>
   </trkpt>
   <trkpt lat="-8.6798110" lon="119.5565310">
    <ele>72.7</ele>
    <time>2023-09-27T00:49:57Z</time>
   </trkpt>
   <trkpt lat="-8.6798030" lon="119.5565280">
    <ele>72.7</ele>
    <time>2023-09-27T00:49:58Z</time>
   </trkpt>
   <trkpt lat="-8.6797950" lon="119.5565230">
    <ele>72.6</ele>
    <time>2023-09-27T00:49:59Z</time>
   </trkpt>
   <trkpt lat="-8.6797890" lon="119.5565200">
    <ele>72.6</ele>
    <time>2023-09-27T00:50:00Z</time>
   </trkpt>
   <trkpt lat="-8.6797870" lon="119.5565170">
    <ele>72.6</ele>
    <time>2023-09-27T00:50:01Z</time>
   </trkpt>
   <trkpt lat="-8.6797770" lon="119.5565160">
    <ele>72.6</ele>
    <time>2023-09-27T00:50:02Z</time>
   </trkpt>
   <trkpt lat="-8.6797560" lon="119.5565080">
    <ele>72.5</ele>
    <time>2023-09-27T00:50:03Z</time>
   </trkpt>
   <trkpt lat="-8.6797490" lon="119.5565040">
    <ele>72.5</ele>
    <time>2023-09-27T00:50:04Z</time>
   </trkpt>
   <trkpt lat="-8.6797410" lon="119.5565010">
    <ele>72.4</ele>
    <time>2023-09-27T00:50:05Z</time>
   </trkpt>
   <trkpt lat="-8.6797380" lon="119.5564960">
    <ele>72.4</ele>
    <time>2023-09-27T00:50:06Z</time>
   </trkpt>
   <trkpt lat="-8.6797300" lon="119.5564930">
    <ele>72.4</ele>
    <time>2023-09-27T00:50:07Z</time>
   </trkpt>
   <trkpt lat="-8.6797190" lon="119.5564940">
    <ele>72.3</ele>
    <time>2023-09-27T00:50:08Z</time>
   </trkpt>
   <trkpt lat="-8.6797110" lon="119.5564890">
    <ele>72.3</ele>
    <time>2023-09-27T00:50:09Z</time>
   </trkpt>
   <trkpt lat="-8.6797030" lon="119.5564800">
    <ele>72.3</ele>
    <time>2023-09-27T00:50:10Z</time>
   </trkpt>
   <trkpt lat="-8.6796980" lon="119.5564780">
    <ele>72.2</ele>
    <time>2023-09-27T00:50:11Z</time>
   </trkpt>
   <trkpt lat="-8.6796920" lon="119.5564780">
    <ele>72.2</ele>
    <time>2023-09-27T00:50:12Z</time>
   </trkpt>
   <trkpt lat="-8.6796830" lon="119.5564780">
    <ele>72.2</ele>
    <time>2023-09-27T00:50:13Z</time>
   </trkpt>
   <trkpt lat="-8.6796740" lon="119.5564710">
    <ele>72.1</ele>
    <time>2023-09-27T00:50:14Z</time>
   </trkpt>
   <trkpt lat="-8.6796710" lon="119.5564710">
    <ele>72.1</ele>
    <time>2023-09-27T00:50:15Z</time>
   </trkpt>
   <trkpt lat="-8.6796590" lon="119.5564670">
    <ele>72.1</ele>
    <time>2023-09-27T00:50:16Z</time>
   </trkpt>
   <trkpt lat="-8.6796530" lon="119.5564600">
    <ele>72.1</ele>
    <time>2023-09-27T00:50:17Z</time>
   </trkpt>
   <trkpt lat="-8.6796490" lon="119.5564580">
    <ele>72.0</ele>
    <time>2023-09-27T00:50:18Z</time>
   </trkpt>
   <trkpt lat="-8.6796430" lon="119.5564510">
    <ele>72.0</ele>
    <time>2023-09-27T00:50:19Z</time>
   </trkpt>
   <trkpt lat="-8.6796390" lon="119.5564480">
    <ele>72.0</ele>
    <time>2023-09-27T00:50:20Z</time>
   </trkpt>
   <trkpt lat="-8.6796320" lon="119.5564440">
    <ele>72.0</ele>
    <time>2023-09-27T00:50:21Z</time>
   </trkpt>
   <trkpt lat="-8.6796240" lon="119.5564410">
    <ele>71.9</ele>
    <time>2023-09-27T00:50:22Z</time>
   </trkpt>
   <trkpt lat="-8.6796080" lon="119.5564330">
    <ele>71.9</ele>
    <time>2023-09-27T00:50:23Z</time>
   </trkpt>
   <trkpt lat="-8.6796030" lon="119.5564280">
    <ele>71.8</ele>
    <time>2023-09-27T00:50:24Z</time>
   </trkpt>
   <trkpt lat="-8.6795970" lon="119.5564290">
    <ele>71.8</ele>
    <time>2023-09-27T00:50:25Z</time>
   </trkpt>
   <trkpt lat="-8.6795910" lon="119.5564260">
    <ele>71.8</ele>
    <time>2023-09-27T00:50:26Z</time>
   </trkpt>
   <trkpt lat="-8.6795830" lon="119.5564190">
    <ele>71.8</ele>
    <time>2023-09-27T00:50:27Z</time>
   </trkpt>
   <trkpt lat="-8.6795760" lon="119.5564180">
    <ele>71.7</ele>
    <time>2023-09-27T00:50:28Z</time>
   </trkpt>
   <trkpt lat="-8.6795690" lon="119.5564100">
    <ele>71.7</ele>
    <time>2023-09-27T00:50:29Z</time>
   </trkpt>
   <trkpt lat="-8.6795600" lon="119.5564070">
    <ele>71.7</ele>
    <time>2023-09-27T00:50:30Z</time>
   </trkpt>
   <trkpt lat="-8.6795520" lon="119.5564020">
    <ele>71.6</ele>
    <time>2023-09-27T00:50:31Z</time>
   </trkpt>
   <trkpt lat="-8.6795400" lon="119.5563990">
    <ele>71.6</ele>
    <time>2023-09-27T00:50:32Z</time>
   </trkpt>
   <trkpt lat="-8.6795260" lon="119.5563950">
    <ele>71.5</ele>
    <time>2023-09-27T00:50:33Z</time>
   </trkpt>
   <trkpt lat="-8.6795110" lon="119.5563960">
    <ele>71.5</ele>
    <time>2023-09-27T00:50:34Z</time>
   </trkpt>
   <trkpt lat="-8.6794970" lon="119.5563990">
    <ele>71.4</ele>
    <time>2023-09-27T00:50:35Z</time>
   </trkpt>
   <trkpt lat="-8.6794890" lon="119.5563990">
    <ele>71.4</ele>
    <time>2023-09-27T00:50:36Z</time>
   </trkpt>
   <trkpt lat="-8.6794790" lon="119.5563890">
    <ele>71.3</ele>
    <time>2023-09-27T00:50:37Z</time>
   </trkpt>
   <trkpt lat="-8.6794660" lon="119.5563980">
    <ele>71.3</ele>
    <time>2023-09-27T00:50:38Z</time>
   </trkpt>
   <trkpt lat="-8.6794570" lon="119.5564000">
    <ele>71.3</ele>
    <time>2023-09-27T00:50:39Z</time>
   </trkpt>
   <trkpt lat="-8.6794600" lon="119.5564000">
    <ele>71.2</ele>
    <time>2023-09-27T00:50:40Z</time>
   </trkpt>
   <trkpt lat="-8.6794500" lon="119.5564010">
    <ele>71.2</ele>
    <time>2023-09-27T00:50:41Z</time>
   </trkpt>
   <trkpt lat="-8.6794460" lon="119.5564020">
    <ele>71.2</ele>
    <time>2023-09-27T00:50:42Z</time>
   </trkpt>
   <trkpt lat="-8.6794410" lon="119.5563990">
    <ele>71.2</ele>
    <time>2023-09-27T00:50:43Z</time>
   </trkpt>
   <trkpt lat="-8.6794380" lon="119.5563970">
    <ele>71.2</ele>
    <time>2023-09-27T00:50:44Z</time>
   </trkpt>
   <trkpt lat="-8.6794370" lon="119.5563950">
    <ele>71.2</ele>
    <time>2023-09-27T00:50:45Z</time>
   </trkpt>
   <trkpt lat="-8.6794290" lon="119.5563930">
    <ele>71.1</ele>
    <time>2023-09-27T00:50:46Z</time>
   </trkpt>
   <trkpt lat="-8.6794220" lon="119.5563930">
    <ele>71.1</ele>
    <time>2023-09-27T00:50:47Z</time>
   </trkpt>
   <trkpt lat="-8.6794190" lon="119.5563930">
    <ele>71.1</ele>
    <time>2023-09-27T00:50:48Z</time>
   </trkpt>
   <trkpt lat="-8.6794140" lon="119.5563940">
    <ele>71.1</ele>
    <time>2023-09-27T00:50:49Z</time>
   </trkpt>
   <trkpt lat="-8.6794070" lon="119.5563970">
    <ele>71.0</ele>
    <time>2023-09-27T00:50:50Z</time>
   </trkpt>
   <trkpt lat="-8.6794010" lon="119.5563990">
    <ele>71.0</ele>
    <time>2023-09-27T00:50:51Z</time>
   </trkpt>
   <trkpt lat="-8.6793970" lon="119.5564020">
    <ele>71.0</ele>
    <time>2023-09-27T00:50:52Z</time>
   </trkpt>
   <trkpt lat="-8.6793920" lon="119.5564030">
    <ele>71.0</ele>
    <time>2023-09-27T00:50:53Z</time>
   </trkpt>
   <trkpt lat="-8.6793910" lon="119.5564050">
    <ele>71.0</ele>
    <time>2023-09-27T00:50:54Z</time>
   </trkpt>
   <trkpt lat="-8.6793870" lon="119.5564060">
    <ele>71.0</ele>
    <time>2023-09-27T00:50:55Z</time>
   </trkpt>
   <trkpt lat="-8.6793810" lon="119.5564080">
    <ele>70.9</ele>
    <time>2023-09-27T00:50:56Z</time>
   </trkpt>
   <trkpt lat="-8.6793760" lon="119.5564100">
    <ele>70.9</ele>
    <time>2023-09-27T00:50:57Z</time>
   </trkpt>
   <trkpt lat="-8.6793690" lon="119.5564120">
    <ele>70.9</ele>
    <time>2023-09-27T00:50:58Z</time>
   </trkpt>
   <trkpt lat="-8.6793620" lon="119.5564140">
    <ele>70.9</ele>
    <time>2023-09-27T00:50:59Z</time>
   </trkpt>
   <trkpt lat="-8.6793550" lon="119.5564140">
    <ele>70.8</ele>
    <time>2023-09-27T00:51:00Z</time>
   </trkpt>
   <trkpt lat="-8.6793500" lon="119.5564140">
    <ele>70.8</ele>
    <time>2023-09-27T00:51:01Z</time>
   </trkpt>
   <trkpt lat="-8.6793460" lon="119.5564130">
    <ele>70.8</ele>
    <time>2023-09-27T00:51:02Z</time>
   </trkpt>
   <trkpt lat="-8.6793390" lon="119.5564130">
    <ele>70.8</ele>
    <time>2023-09-27T00:51:03Z</time>
   </trkpt>
   <trkpt lat="-8.6793350" lon="119.5564130">
    <ele>70.8</ele>
    <time>2023-09-27T00:51:04Z</time>
   </trkpt>
   <trkpt lat="-8.6793310" lon="119.5564140">
    <ele>70.8</ele>
    <time>2023-09-27T00:51:05Z</time>
   </trkpt>
   <trkpt lat="-8.6793260" lon="119.5564140">
    <ele>70.7</ele>
    <time>2023-09-27T00:51:06Z</time>
   </trkpt>
   <trkpt lat="-8.6793180" lon="119.5564120">
    <ele>70.7</ele>
    <time>2023-09-27T00:51:07Z</time>
   </trkpt>
   <trkpt lat="-8.6793140" lon="119.5564110">
    <ele>70.7</ele>
    <time>2023-09-27T00:51:08Z</time>
   </trkpt>
   <trkpt lat="-8.6793060" lon="119.5564090">
    <ele>70.7</ele>
    <time>2023-09-27T00:51:09Z</time>
   </trkpt>
   <trkpt lat="-8.6793000" lon="119.5564040">
    <ele>70.6</ele>
    <time>2023-09-27T00:51:10Z</time>
   </trkpt>
   <trkpt lat="-8.6792950" lon="119.5563980">
    <ele>70.6</ele>
    <time>2023-09-27T00:51:11Z</time>
   </trkpt>
   <trkpt lat="-8.6792940" lon="119.5563970">
    <ele>70.6</ele>
    <time>2023-09-27T00:51:12Z</time>
   </trkpt>
   <trkpt lat="-8.6792900" lon="119.5563910">
    <ele>70.6</ele>
    <time>2023-09-27T00:51:13Z</time>
   </trkpt>
   <trkpt lat="-8.6792840" lon="119.5563890">
    <ele>70.6</ele>
    <time>2023-09-27T00:51:14Z</time>
   </trkpt>
   <trkpt lat="-8.6792790" lon="119.5563880">
    <ele>70.5</ele>
    <time>2023-09-27T00:51:15Z</time>
   </trkpt>
   <trkpt lat="-8.6792760" lon="119.5563860">
    <ele>70.5</ele>
    <time>2023-09-27T00:51:16Z</time>
   </trkpt>
   <trkpt lat="-8.6792690" lon="119.5563870">
    <ele>70.5</ele>
    <time>2023-09-27T00:51:17Z</time>
   </trkpt>
   <trkpt lat="-8.6792640" lon="119.5563890">
    <ele>70.5</ele>
    <time>2023-09-27T00:51:18Z</time>
   </trkpt>
   <trkpt lat="-8.6792600" lon="119.5563880">
    <ele>70.5</ele>
    <time>2023-09-27T00:51:19Z</time>
   </trkpt>
   <trkpt lat="-8.6792520" lon="119.5563880">
    <ele>70.4</ele>
    <time>2023-09-27T00:51:20Z</time>
   </trkpt>
   <trkpt lat="-8.6792460" lon="119.5563910">
    <ele>70.4</ele>
    <time>2023-09-27T00:51:21Z</time>
   </trkpt>
   <trkpt lat="-8.6792430" lon="119.5563910">
    <ele>70.4</ele>
    <time>2023-09-27T00:51:22Z</time>
   </trkpt>
   <trkpt lat="-8.6792390" lon="119.5563930">
    <ele>70.4</ele>
    <time>2023-09-27T00:51:23Z</time>
   </trkpt>
   <trkpt lat="-8.6792330" lon="119.5563920">
    <ele>70.4</ele>
    <time>2023-09-27T00:51:24Z</time>
   </trkpt>
   <trkpt lat="-8.6792250" lon="119.5563850">
    <ele>70.3</ele>
    <time>2023-09-27T00:51:25Z</time>
   </trkpt>
   <trkpt lat="-8.6792240" lon="119.5563900">
    <ele>70.3</ele>
    <time>2023-09-27T00:51:26Z</time>
   </trkpt>
   <trkpt lat="-8.6792180" lon="119.5563920">
    <ele>70.3</ele>
    <time>2023-09-27T00:51:27Z</time>
   </trkpt>
   <trkpt lat="-8.6792140" lon="119.5563910">
    <ele>70.3</ele>
    <time>2023-09-27T00:51:28Z</time>
   </trkpt>
   <trkpt lat="-8.6792070" lon="119.5563900">
    <ele>70.3</ele>
    <time>2023-09-27T00:51:29Z</time>
   </trkpt>
   <trkpt lat="-8.6792030" lon="119.5563920">
    <ele>70.2</ele>
    <time>2023-09-27T00:51:30Z</time>
   </trkpt>
   <trkpt lat="-8.6791990" lon="119.5563910">
    <ele>70.2</ele>
    <time>2023-09-27T00:51:31Z</time>
   </trkpt>
   <trkpt lat="-8.6791910" lon="119.5563940">
    <ele>70.2</ele>
    <time>2023-09-27T00:51:32Z</time>
   </trkpt>
   <trkpt lat="-8.6791910" lon="119.5563940">
    <ele>70.2</ele>
    <time>2023-09-27T00:51:33Z</time>
   </trkpt>
   <trkpt lat="-8.6791870" lon="119.5563910">
    <ele>70.2</ele>
    <time>2023-09-27T00:51:34Z</time>
   </trkpt>
   <trkpt lat="-8.6791820" lon="119.5563920">
    <ele>70.2</ele>
    <time>2023-09-27T00:51:35Z</time>
   </trkpt>
   <trkpt lat="-8.6791770" lon="119.5563930">
    <ele>70.1</ele>
    <time>2023-09-27T00:51:36Z</time>
   </trkpt>
   <trkpt lat="-8.6791700" lon="119.5563950">
    <ele>70.1</ele>
    <time>2023-09-27T00:51:37Z</time>
   </trkpt>
   <trkpt lat="-8.6791570" lon="119.5563940">
    <ele>70.1</ele>
    <time>2023-09-27T00:51:38Z</time>
   </trkpt>
   <trkpt lat="-8.6791520" lon="119.5563950">
    <ele>70.0</ele>
    <time>2023-09-27T00:51:39Z</time>
   </trkpt>
   <trkpt lat="-8.6791480" lon="119.5563980">
    <ele>70.0</ele>
    <time>2023-09-27T00:51:40Z</time>
   </trkpt>
   <trkpt lat="-8.6791410" lon="119.5564040">
    <ele>70.0</ele>
    <time>2023-09-27T00:51:41Z</time>
   </trkpt>
   <trkpt lat="-8.6791380" lon="119.5564030">
    <ele>70.0</ele>
    <time>2023-09-27T00:51:42Z</time>
   </trkpt>
   <trkpt lat="-8.6791310" lon="119.5564020">
    <ele>70.0</ele>
    <time>2023-09-27T00:51:43Z</time>
   </trkpt>
   <trkpt lat="-8.6791260" lon="119.5564050">
    <ele>69.9</ele>
    <time>2023-09-27T00:51:44Z</time>
   </trkpt>
   <trkpt lat="-8.6791220" lon="119.5564050">
    <ele>69.9</ele>
    <time>2023-09-27T00:51:45Z</time>
   </trkpt>
   <trkpt lat="-8.6791150" lon="119.5564050">
    <ele>69.9</ele>
    <time>2023-09-27T00:51:46Z</time>
   </trkpt>
   <trkpt lat="-8.6791090" lon="119.5564090">
    <ele>69.9</ele>
    <time>2023-09-27T00:51:47Z</time>
   </trkpt>
   <trkpt lat="-8.6790980" lon="119.5564100">
    <ele>69.8</ele>
    <time>2023-09-27T00:51:48Z</time>
   </trkpt>
   <trkpt lat="-8.6790880" lon="119.5564110">
    <ele>69.8</ele>
    <time>2023-09-27T00:51:49Z</time>
   </trkpt>
   <trkpt lat="-8.6790810" lon="119.5564080">
    <ele>69.8</ele>
    <time>2023-09-27T00:51:50Z</time>
   </trkpt>
   <trkpt lat="-8.6790820" lon="119.5563950">
    <ele>69.7</ele>
    <time>2023-09-27T00:51:51Z</time>
   </trkpt>
   <trkpt lat="-8.6790840" lon="119.5563870">
    <ele>69.7</ele>
    <time>2023-09-27T00:51:52Z</time>
   </trkpt>
   <trkpt lat="-8.6790850" lon="119.5563820">
    <ele>69.7</ele>
    <time>2023-09-27T00:51:53Z</time>
   </trkpt>
   <trkpt lat="-8.6790860" lon="119.5563770">
    <ele>69.7</ele>
    <time>2023-09-27T00:51:54Z</time>
   </trkpt>
   <trkpt lat="-8.6790830" lon="119.5563720">
    <ele>69.6</ele>
    <time>2023-09-27T00:51:55Z</time>
   </trkpt>
   <trkpt lat="-8.6790810" lon="119.5563650">
    <ele>69.6</ele>
    <time>2023-09-27T00:51:56Z</time>
   </trkpt>
   <trkpt lat="-8.6790800" lon="119.5563600">
    <ele>67.3</ele>
    <time>2023-09-27T00:51:57Z</time>
   </trkpt>
   <trkpt lat="-8.6790770" lon="119.5563580">
    <ele>67.2</ele>
    <time>2023-09-27T00:51:58Z</time>
   </trkpt>
   <trkpt lat="-8.6790730" lon="119.5563530">
    <ele>67.1</ele>
    <time>2023-09-27T00:51:59Z</time>
   </trkpt>
   <trkpt lat="-8.6790710" lon="119.5563510">
    <ele>67.0</ele>
    <time>2023-09-27T00:52:00Z</time>
   </trkpt>
   <trkpt lat="-8.6790700" lon="119.5563510">
    <ele>67.0</ele>
    <time>2023-09-27T00:52:01Z</time>
   </trkpt>
   <trkpt lat="-8.6790710" lon="119.5563510">
    <ele>67.0</ele>
    <time>2023-09-27T00:52:02Z</time>
   </trkpt>
   <trkpt lat="-8.6790690" lon="119.5563410">
    <ele>66.7</ele>
    <time>2023-09-27T00:52:03Z</time>
   </trkpt>
   <trkpt lat="-8.6790670" lon="119.5563380">
    <ele>66.7</ele>
    <time>2023-09-27T00:52:04Z</time>
   </trkpt>
   <trkpt lat="-8.6790650" lon="119.5563340">
    <ele>66.5</ele>
    <time>2023-09-27T00:52:05Z</time>
   </trkpt>
   <trkpt lat="-8.6790620" lon="119.5563280">
    <ele>66.4</ele>
    <time>2023-09-27T00:52:06Z</time>
   </trkpt>
   <trkpt lat="-8.6790630" lon="119.5563290">
    <ele>66.4</ele>
    <time>2023-09-27T00:52:07Z</time>
   </trkpt>
   <trkpt lat="-8.6790590" lon="119.5563220">
    <ele>66.2</ele>
    <time>2023-09-27T00:52:08Z</time>
   </trkpt>
   <trkpt lat="-8.6790600" lon="119.5563170">
    <ele>66.0</ele>
    <time>2023-09-27T00:52:09Z</time>
   </trkpt>
   <trkpt lat="-8.6790590" lon="119.5563130">
    <ele>65.9</ele>
    <time>2023-09-27T00:52:10Z</time>
   </trkpt>
   <trkpt lat="-8.6790570" lon="119.5563100">
    <ele>65.8</ele>
    <time>2023-09-27T00:52:11Z</time>
   </trkpt>
   <trkpt lat="-8.6790570" lon="119.5563100">
    <ele>65.8</ele>
    <time>2023-09-27T00:52:12Z</time>
   </trkpt>
   <trkpt lat="-8.6790490" lon="119.5563030">
    <ele>65.6</ele>
    <time>2023-09-27T00:52:13Z</time>
   </trkpt>
   <trkpt lat="-8.6790450" lon="119.5563020">
    <ele>65.5</ele>
    <time>2023-09-27T00:52:14Z</time>
   </trkpt>
   <trkpt lat="-8.6790380" lon="119.5562970">
    <ele>65.3</ele>
    <time>2023-09-27T00:52:15Z</time>
   </trkpt>
   <trkpt lat="-8.6790360" lon="119.5562960">
    <ele>65.2</ele>
    <time>2023-09-27T00:52:16Z</time>
   </trkpt>
   <trkpt lat="-8.6790350" lon="119.5562920">
    <ele>65.1</ele>
    <time>2023-09-27T00:52:17Z</time>
   </trkpt>
   <trkpt lat="-8.6790320" lon="119.5562880">
    <ele>65.0</ele>
    <time>2023-09-27T00:52:18Z</time>
   </trkpt>
   <trkpt lat="-8.6790300" lon="119.5562860">
    <ele>64.9</ele>
    <time>2023-09-27T00:52:19Z</time>
   </trkpt>
   <trkpt lat="-8.6790280" lon="119.5562850">
    <ele>64.9</ele>
    <time>2023-09-27T00:52:20Z</time>
   </trkpt>
   <trkpt lat="-8.6790240" lon="119.5562790">
    <ele>64.7</ele>
    <time>2023-09-27T00:52:21Z</time>
   </trkpt>
   <trkpt lat="-8.6790170" lon="119.5562740">
    <ele>64.4</ele>
    <time>2023-09-27T00:52:22Z</time>
   </trkpt>
   <trkpt lat="-8.6790120" lon="119.5562700">
    <ele>64.3</ele>
    <time>2023-09-27T00:52:23Z</time>
   </trkpt>
   <trkpt lat="-8.6790110" lon="119.5562700">
    <ele>64.3</ele>
    <time>2023-09-27T00:52:24Z</time>
   </trkpt>
   <trkpt lat="-8.6790060" lon="119.5562650">
    <ele>64.1</ele>
    <time>2023-09-27T00:52:25Z</time>
   </trkpt>
   <trkpt lat="-8.6790040" lon="119.5562630">
    <ele>64.0</ele>
    <time>2023-09-27T00:52:26Z</time>
   </trkpt>
   <trkpt lat="-8.6789980" lon="119.5562590">
    <ele>63.8</ele>
    <time>2023-09-27T00:52:27Z</time>
   </trkpt>
   <trkpt lat="-8.6789930" lon="119.5562590">
    <ele>63.6</ele>
    <time>2023-09-27T00:52:28Z</time>
   </trkpt>
   <trkpt lat="-8.6789900" lon="119.5562540">
    <ele>63.5</ele>
    <time>2023-09-27T00:52:29Z</time>
   </trkpt>
   <trkpt lat="-8.6789850" lon="119.5562520">
    <ele>63.3</ele>
    <time>2023-09-27T00:52:30Z</time>
   </trkpt>
   <trkpt lat="-8.6789790" lon="119.5562510">
    <ele>63.2</ele>
    <time>2023-09-27T00:52:31Z</time>
   </trkpt>
   <trkpt lat="-8.6789770" lon="119.5562510">
    <ele>63.1</ele>
    <time>2023-09-27T00:52:32Z</time>
   </trkpt>
   <trkpt lat="-8.6789770" lon="119.5562460">
    <ele>63.0</ele>
    <time>2023-09-27T00:52:33Z</time>
   </trkpt>
   <trkpt lat="-8.6789720" lon="119.5562420">
    <ele>62.8</ele>
    <time>2023-09-27T00:52:34Z</time>
   </trkpt>
   <trkpt lat="-8.6789710" lon="119.5562390">
    <ele>62.7</ele>
    <time>2023-09-27T00:52:35Z</time>
   </trkpt>
   <trkpt lat="-8.6789700" lon="119.5562360">
    <ele>62.6</ele>
    <time>2023-09-27T00:52:36Z</time>
   </trkpt>
   <trkpt lat="-8.6789660" lon="119.5562310">
    <ele>62.4</ele>
    <time>2023-09-27T00:52:37Z</time>
   </trkpt>
   <trkpt lat="-8.6789640" lon="119.5562250">
    <ele>62.2</ele>
    <time>2023-09-27T00:52:38Z</time>
   </trkpt>
   <trkpt lat="-8.6789620" lon="119.5562230">
    <ele>62.1</ele>
    <time>2023-09-27T00:52:39Z</time>
   </trkpt>
   <trkpt lat="-8.6789580" lon="119.5562220">
    <ele>62.0</ele>
    <time>2023-09-27T00:52:40Z</time>
   </trkpt>
   <trkpt lat="-8.6789560" lon="119.5562210">
    <ele>62.0</ele>
    <time>2023-09-27T00:52:41Z</time>
   </trkpt>
   <trkpt lat="-8.6789580" lon="119.5562220">
    <ele>61.9</ele>
    <time>2023-09-27T00:52:42Z</time>
   </trkpt>
   <trkpt lat="-8.6789560" lon="119.5562220">
    <ele>61.8</ele>
    <time>2023-09-27T00:52:43Z</time>
   </trkpt>
   <trkpt lat="-8.6789520" lon="119.5562200">
    <ele>61.7</ele>
    <time>2023-09-27T00:52:44Z</time>
   </trkpt>
   <trkpt lat="-8.6789480" lon="119.5562160">
    <ele>61.5</ele>
    <time>2023-09-27T00:52:45Z</time>
   </trkpt>
   <trkpt lat="-8.6789430" lon="119.5562150">
    <ele>61.4</ele>
    <time>2023-09-27T00:52:46Z</time>
   </trkpt>
   <trkpt lat="-8.6789450" lon="119.5562170">
    <ele>61.3</ele>
    <time>2023-09-27T00:52:47Z</time>
   </trkpt>
   <trkpt lat="-8.6789440" lon="119.5562180">
    <ele>61.3</ele>
    <time>2023-09-27T00:52:48Z</time>
   </trkpt>
   <trkpt lat="-8.6789370" lon="119.5562150">
    <ele>61.0</ele>
    <time>2023-09-27T00:52:49Z</time>
   </trkpt>
   <trkpt lat="-8.6789380" lon="119.5562120">
    <ele>60.9</ele>
    <time>2023-09-27T00:52:50Z</time>
   </trkpt>
   <trkpt lat="-8.6789380" lon="119.5562150">
    <ele>60.8</ele>
    <time>2023-09-27T00:52:51Z</time>
   </trkpt>
   <trkpt lat="-8.6789350" lon="119.5562090">
    <ele>60.7</ele>
    <time>2023-09-27T00:52:52Z</time>
   </trkpt>
   <trkpt lat="-8.6789290" lon="119.5562040">
    <ele>60.4</ele>
    <time>2023-09-27T00:52:53Z</time>
   </trkpt>
   <trkpt lat="-8.6789250" lon="119.5562030">
    <ele>60.3</ele>
    <time>2023-09-27T00:52:54Z</time>
   </trkpt>
   <trkpt lat="-8.6789210" lon="119.5561960">
    <ele>60.1</ele>
    <time>2023-09-27T00:52:55Z</time>
   </trkpt>
   <trkpt lat="-8.6789190" lon="119.5561950">
    <ele>60.0</ele>
    <time>2023-09-27T00:52:56Z</time>
   </trkpt>
   <trkpt lat="-8.6789180" lon="119.5561910">
    <ele>59.9</ele>
    <time>2023-09-27T00:52:57Z</time>
   </trkpt>
   <trkpt lat="-8.6789130" lon="119.5561870">
    <ele>59.7</ele>
    <time>2023-09-27T00:52:58Z</time>
   </trkpt>
   <trkpt lat="-8.6789090" lon="119.5561820">
    <ele>59.5</ele>
    <time>2023-09-27T00:52:59Z</time>
   </trkpt>
   <trkpt lat="-8.6789070" lon="119.5561800">
    <ele>59.4</ele>
    <time>2023-09-27T00:53:00Z</time>
   </trkpt>
   <trkpt lat="-8.6789020" lon="119.5561770">
    <ele>59.2</ele>
    <time>2023-09-27T00:53:01Z</time>
   </trkpt>
   <trkpt lat="-8.6789000" lon="119.5561770">
    <ele>59.2</ele>
    <time>2023-09-27T00:53:02Z</time>
   </trkpt>
   <trkpt lat="-8.6788960" lon="119.5561760">
    <ele>59.1</ele>
    <time>2023-09-27T00:53:03Z</time>
   </trkpt>
   <trkpt lat="-8.6788910" lon="119.5561710">
    <ele>58.9</ele>
    <time>2023-09-27T00:53:04Z</time>
   </trkpt>
   <trkpt lat="-8.6788870" lon="119.5561720">
    <ele>58.7</ele>
    <time>2023-09-27T00:53:05Z</time>
   </trkpt>
   <trkpt lat="-8.6788840" lon="119.5561680">
    <ele>58.6</ele>
    <time>2023-09-27T00:53:06Z</time>
   </trkpt>
   <trkpt lat="-8.6788810" lon="119.5561640">
    <ele>58.4</ele>
    <time>2023-09-27T00:53:07Z</time>
   </trkpt>
   <trkpt lat="-8.6788790" lon="119.5561640">
    <ele>58.4</ele>
    <time>2023-09-27T00:53:08Z</time>
   </trkpt>
   <trkpt lat="-8.6788800" lon="119.5561610">
    <ele>58.3</ele>
    <time>2023-09-27T00:53:09Z</time>
   </trkpt>
   <trkpt lat="-8.6788680" lon="119.5561560">
    <ele>57.9</ele>
    <time>2023-09-27T00:53:10Z</time>
   </trkpt>
   <trkpt lat="-8.6788630" lon="119.5561520">
    <ele>57.7</ele>
    <time>2023-09-27T00:53:11Z</time>
   </trkpt>
   <trkpt lat="-8.6788550" lon="119.5561500">
    <ele>57.5</ele>
    <time>2023-09-27T00:53:12Z</time>
   </trkpt>
   <trkpt lat="-8.6788510" lon="119.5561490">
    <ele>57.4</ele>
    <time>2023-09-27T00:53:13Z</time>
   </trkpt>
   <trkpt lat="-8.6788490" lon="119.5561450">
    <ele>57.2</ele>
    <time>2023-09-27T00:53:14Z</time>
   </trkpt>
   <trkpt lat="-8.6788430" lon="119.5561420">
    <ele>57.0</ele>
    <time>2023-09-27T00:53:15Z</time>
   </trkpt>
   <trkpt lat="-8.6788420" lon="119.5561400">
    <ele>57.0</ele>
    <time>2023-09-27T00:53:16Z</time>
   </trkpt>
   <trkpt lat="-8.6788380" lon="119.5561390">
    <ele>56.8</ele>
    <time>2023-09-27T00:53:17Z</time>
   </trkpt>
   <trkpt lat="-8.6788340" lon="119.5561330">
    <ele>56.6</ele>
    <time>2023-09-27T00:53:18Z</time>
   </trkpt>
   <trkpt lat="-8.6788310" lon="119.5561290">
    <ele>56.5</ele>
    <time>2023-09-27T00:53:19Z</time>
   </trkpt>
   <trkpt lat="-8.6788270" lon="119.5561290">
    <ele>56.4</ele>
    <time>2023-09-27T00:53:20Z</time>
   </trkpt>
   <trkpt lat="-8.6788230" lon="119.5561270">
    <ele>56.2</ele>
    <time>2023-09-27T00:53:21Z</time>
   </trkpt>
   <trkpt lat="-8.6788190" lon="119.5561280">
    <ele>56.1</ele>
    <time>2023-09-27T00:53:22Z</time>
   </trkpt>
   <trkpt lat="-8.6788140" lon="119.5561260">
    <ele>56.0</ele>
    <time>2023-09-27T00:53:23Z</time>
   </trkpt>
   <trkpt lat="-8.6788110" lon="119.5561230">
    <ele>55.9</ele>
    <time>2023-09-27T00:53:24Z</time>
   </trkpt>
   <trkpt lat="-8.6788100" lon="119.5561150">
    <ele>55.6</ele>
    <time>2023-09-27T00:53:25Z</time>
   </trkpt>
   <trkpt lat="-8.6788040" lon="119.5561150">
    <ele>55.5</ele>
    <time>2023-09-27T00:53:26Z</time>
   </trkpt>
   <trkpt lat="-8.6788030" lon="119.5561140">
    <ele>55.4</ele>
    <time>2023-09-27T00:53:27Z</time>
   </trkpt>
   <trkpt lat="-8.6788030" lon="119.5561120">
    <ele>55.4</ele>
    <time>2023-09-27T00:53:28Z</time>
   </trkpt>
   <trkpt lat="-8.6787960" lon="119.5561050">
    <ele>55.1</ele>
    <time>2023-09-27T00:53:29Z</time>
   </trkpt>
   <trkpt lat="-8.6787970" lon="119.5561050">
    <ele>55.1</ele>
    <time>2023-09-27T00:53:30Z</time>
   </trkpt>
   <trkpt lat="-8.6787910" lon="119.5561000">
    <ele>54.8</ele>
    <time>2023-09-27T00:53:31Z</time>
   </trkpt>
   <trkpt lat="-8.6787900" lon="119.5561040">
    <ele>54.7</ele>
    <time>2023-09-27T00:53:32Z</time>
   </trkpt>
   <trkpt lat="-8.6787860" lon="119.5561010">
    <ele>54.6</ele>
    <time>2023-09-27T00:53:33Z</time>
   </trkpt>
   <trkpt lat="-8.6787840" lon="119.5561000">
    <ele>54.5</ele>
    <time>2023-09-27T00:53:34Z</time>
   </trkpt>
   <trkpt lat="-8.6787740" lon="119.5560950">
    <ele>54.2</ele>
    <time>2023-09-27T00:53:35Z</time>
   </trkpt>
   <trkpt lat="-8.6787640" lon="119.5560940">
    <ele>53.9</ele>
    <time>2023-09-27T00:53:36Z</time>
   </trkpt>
   <trkpt lat="-8.6787650" lon="119.5560900">
    <ele>53.8</ele>
    <time>2023-09-27T00:53:37Z</time>
   </trkpt>
   <trkpt lat="-8.6787630" lon="119.5560870">
    <ele>53.7</ele>
    <time>2023-09-27T00:53:38Z</time>
   </trkpt>
   <trkpt lat="-8.6787560" lon="119.5560860">
    <ele>53.5</ele>
    <time>2023-09-27T00:53:39Z</time>
   </trkpt>
   <trkpt lat="-8.6787550" lon="119.5560830">
    <ele>53.4</ele>
    <time>2023-09-27T00:53:40Z</time>
   </trkpt>
   <trkpt lat="-8.6787510" lon="119.5560820">
    <ele>53.3</ele>
    <time>2023-09-27T00:53:41Z</time>
   </trkpt>
   <trkpt lat="-8.6787470" lon="119.5560770">
    <ele>53.1</ele>
    <time>2023-09-27T00:53:42Z</time>
   </trkpt>
   <trkpt lat="-8.6787450" lon="119.5560740">
    <ele>53.0</ele>
    <time>2023-09-27T00:53:43Z</time>
   </trkpt>
   <trkpt lat="-8.6787390" lon="119.5560720">
    <ele>52.8</ele>
    <time>2023-09-27T00:53:44Z</time>
   </trkpt>
   <trkpt lat="-8.6787340" lon="119.5560720">
    <ele>52.7</ele>
    <time>2023-09-27T00:53:45Z</time>
   </trkpt>
   <trkpt lat="-8.6787260" lon="119.5560670">
    <ele>52.4</ele>
    <time>2023-09-27T00:53:46Z</time>
   </trkpt>
   <trkpt lat="-8.6787260" lon="119.5560670">
    <ele>52.4</ele>
    <time>2023-09-27T00:53:47Z</time>
   </trkpt>
   <trkpt lat="-8.6787220" lon="119.5560640">
    <ele>52.3</ele>
    <time>2023-09-27T00:53:48Z</time>
   </trkpt>
   <trkpt lat="-8.6787190" lon="119.5560620">
    <ele>52.2</ele>
    <time>2023-09-27T00:53:49Z</time>
   </trkpt>
   <trkpt lat="-8.6787140" lon="119.5560630">
    <ele>52.0</ele>
    <time>2023-09-27T00:53:50Z</time>
   </trkpt>
   <trkpt lat="-8.6787030" lon="119.5560640">
    <ele>51.7</ele>
    <time>2023-09-27T00:53:51Z</time>
   </trkpt>
   <trkpt lat="-8.6786980" lon="119.5560630">
    <ele>51.6</ele>
    <time>2023-09-27T00:53:52Z</time>
   </trkpt>
   <trkpt lat="-8.6786960" lon="119.5560590">
    <ele>51.4</ele>
    <time>2023-09-27T00:53:53Z</time>
   </trkpt>
   <trkpt lat="-8.6786900" lon="119.5560500">
    <ele>51.1</ele>
    <time>2023-09-27T00:53:54Z</time>
   </trkpt>
   <trkpt lat="-8.6786780" lon="119.5560390">
    <ele>50.7</ele>
    <time>2023-09-27T00:53:55Z</time>
   </trkpt>
   <trkpt lat="-8.6786710" lon="119.5560360">
    <ele>50.4</ele>
    <time>2023-09-27T00:53:56Z</time>
   </trkpt>
   <trkpt lat="-8.6786640" lon="119.5560320">
    <ele>50.2</ele>
    <time>2023-09-27T00:53:57Z</time>
   </trkpt>
   <trkpt lat="-8.6786570" lon="119.5560290">
    <ele>50.0</ele>
    <time>2023-09-27T00:53:58Z</time>
   </trkpt>
   <trkpt lat="-8.6786500" lon="119.5560290">
    <ele>49.8</ele>
    <time>2023-09-27T00:53:59Z</time>
   </trkpt>
   <trkpt lat="-8.6786460" lon="119.5560250">
    <ele>49.6</ele>
    <time>2023-09-27T00:54:00Z</time>
   </trkpt>
   <trkpt lat="-8.6786440" lon="119.5560200">
    <ele>49.5</ele>
    <time>2023-09-27T00:54:01Z</time>
   </trkpt>
   <trkpt lat="-8.6786380" lon="119.5560140">
    <ele>49.2</ele>
    <time>2023-09-27T00:54:02Z</time>
   </trkpt>
   <trkpt lat="-8.6786350" lon="119.5560110">
    <ele>49.1</ele>
    <time>2023-09-27T00:54:03Z</time>
   </trkpt>
   <trkpt lat="-8.6786310" lon="119.5560080">
    <ele>49.0</ele>
    <time>2023-09-27T00:54:04Z</time>
   </trkpt>
   <trkpt lat="-8.6786230" lon="119.5560050">
    <ele>48.7</ele>
    <time>2023-09-27T00:54:05Z</time>
   </trkpt>
   <trkpt lat="-8.6786170" lon="119.5560030">
    <ele>48.5</ele>
    <time>2023-09-27T00:54:06Z</time>
   </trkpt>
   <trkpt lat="-8.6786120" lon="119.5560050">
    <ele>48.4</ele>
    <time>2023-09-27T00:54:07Z</time>
   </trkpt>
   <trkpt lat="-8.6786030" lon="119.5560040">
    <ele>48.1</ele>
    <time>2023-09-27T00:54:08Z</time>
   </trkpt>
   <trkpt lat="-8.6786010" lon="119.5559990">
    <ele>47.9</ele>
    <time>2023-09-27T00:54:09Z</time>
   </trkpt>
   <trkpt lat="-8.6785960" lon="119.5559950">
    <ele>47.8</ele>
    <time>2023-09-27T00:54:10Z</time>
   </trkpt>
   <trkpt lat="-8.6785910" lon="119.5559880">
    <ele>47.5</ele>
    <time>2023-09-27T00:54:11Z</time>
   </trkpt>
   <trkpt lat="-8.6785910" lon="119.5559860">
    <ele>47.5</ele>
    <time>2023-09-27T00:54:12Z</time>
   </trkpt>
   <trkpt lat="-8.6785790" lon="119.5559840">
    <ele>47.1</ele>
    <time>2023-09-27T00:54:13Z</time>
   </trkpt>
   <trkpt lat="-8.6785740" lon="119.5559850">
    <ele>47.0</ele>
    <time>2023-09-27T00:54:14Z</time>
   </trkpt>
   <trkpt lat="-8.6785720" lon="119.5559840">
    <ele>46.9</ele>
    <time>2023-09-27T00:54:15Z</time>
   </trkpt>
   <trkpt lat="-8.6785680" lon="119.5559820">
    <ele>46.8</ele>
    <time>2023-09-27T00:54:16Z</time>
   </trkpt>
   <trkpt lat="-8.6785660" lon="119.5559790">
    <ele>46.7</ele>
    <time>2023-09-27T00:54:17Z</time>
   </trkpt>
   <trkpt lat="-8.6785610" lon="119.5559770">
    <ele>46.5</ele>
    <time>2023-09-27T00:54:18Z</time>
   </trkpt>
   <trkpt lat="-8.6785570" lon="119.5559770">
    <ele>46.4</ele>
    <time>2023-09-27T00:54:19Z</time>
   </trkpt>
   <trkpt lat="-8.6785480" lon="119.5559760">
    <ele>46.1</ele>
    <time>2023-09-27T00:54:20Z</time>
   </trkpt>
   <trkpt lat="-8.6785480" lon="119.5559740">
    <ele>46.1</ele>
    <time>2023-09-27T00:54:21Z</time>
   </trkpt>
   <trkpt lat="-8.6785440" lon="119.5559720">
    <ele>45.9</ele>
    <time>2023-09-27T00:54:22Z</time>
   </trkpt>
   <trkpt lat="-8.6785410" lon="119.5559690">
    <ele>45.8</ele>
    <time>2023-09-27T00:54:23Z</time>
   </trkpt>
   <trkpt lat="-8.6785410" lon="119.5559660">
    <ele>45.7</ele>
    <time>2023-09-27T00:54:24Z</time>
   </trkpt>
   <trkpt lat="-8.6785260" lon="119.5559640">
    <ele>45.3</ele>
    <time>2023-09-27T00:54:25Z</time>
   </trkpt>
   <trkpt lat="-8.6785250" lon="119.5559690">
    <ele>45.1</ele>
    <time>2023-09-27T00:54:26Z</time>
   </trkpt>
   <trkpt lat="-8.6785230" lon="119.5559690">
    <ele>45.1</ele>
    <time>2023-09-27T00:54:27Z</time>
   </trkpt>
   <trkpt lat="-8.6785160" lon="119.5559660">
    <ele>44.9</ele>
    <time>2023-09-27T00:54:28Z</time>
   </trkpt>
   <trkpt lat="-8.6785130" lon="119.5559670">
    <ele>44.8</ele>
    <time>2023-09-27T00:54:29Z</time>
   </trkpt>
   <trkpt lat="-8.6785070" lon="119.5559660">
    <ele>44.6</ele>
    <time>2023-09-27T00:54:30Z</time>
   </trkpt>
   <trkpt lat="-8.6785000" lon="119.5559650">
    <ele>44.4</ele>
    <time>2023-09-27T00:54:31Z</time>
   </trkpt>
   <trkpt lat="-8.6785010" lon="119.5559650">
    <ele>44.4</ele>
    <time>2023-09-27T00:54:32Z</time>
   </trkpt>
   <trkpt lat="-8.6784990" lon="119.5559650">
    <ele>44.3</ele>
    <time>2023-09-27T00:54:33Z</time>
   </trkpt>
   <trkpt lat="-8.6784960" lon="119.5559640">
    <ele>44.2</ele>
    <time>2023-09-27T00:54:34Z</time>
   </trkpt>
   <trkpt lat="-8.6784940" lon="119.5559650">
    <ele>44.2</ele>
    <time>2023-09-27T00:54:35Z</time>
   </trkpt>
   <trkpt lat="-8.6784890" lon="119.5559660">
    <ele>44.0</ele>
    <time>2023-09-27T00:54:36Z</time>
   </trkpt>
   <trkpt lat="-8.6784850" lon="119.5559690">
    <ele>43.9</ele>
    <time>2023-09-27T00:54:37Z</time>
   </trkpt>
   <trkpt lat="-8.6784810" lon="119.5559660">
    <ele>43.7</ele>
    <time>2023-09-27T00:54:38Z</time>
   </trkpt>
   <trkpt lat="-8.6784760" lon="119.5559650">
    <ele>43.6</ele>
    <time>2023-09-27T00:54:39Z</time>
   </trkpt>
   <trkpt lat="-8.6784720" lon="119.5559640">
    <ele>43.5</ele>
    <time>2023-09-27T00:54:40Z</time>
   </trkpt>
   <trkpt lat="-8.6784680" lon="119.5559630">
    <ele>43.4</ele>
    <time>2023-09-27T00:54:41Z</time>
   </trkpt>
   <trkpt lat="-8.6784640" lon="119.5559620">
    <ele>43.3</ele>
    <time>2023-09-27T00:54:42Z</time>
   </trkpt>
   <trkpt lat="-8.6784590" lon="119.5559610">
    <ele>43.1</ele>
    <time>2023-09-27T00:54:43Z</time>
   </trkpt>
   <trkpt lat="-8.6784550" lon="119.5559590">
    <ele>43.0</ele>
    <time>2023-09-27T00:54:44Z</time>
   </trkpt>
   <trkpt lat="-8.6784510" lon="119.5559580">
    <ele>42.9</ele>
    <time>2023-09-27T00:54:45Z</time>
   </trkpt>
   <trkpt lat="-8.6784490" lon="119.5559590">
    <ele>42.9</ele>
    <time>2023-09-27T00:54:46Z</time>
   </trkpt>
   <trkpt lat="-8.6784420" lon="119.5559560">
    <ele>42.7</ele>
    <time>2023-09-27T00:54:47Z</time>
   </trkpt>
   <trkpt lat="-8.6784390" lon="119.5559550">
    <ele>42.6</ele>
    <time>2023-09-27T00:54:48Z</time>
   </trkpt>
   <trkpt lat="-8.6784320" lon="119.5559510">
    <ele>42.4</ele>
    <time>2023-09-27T00:54:49Z</time>
   </trkpt>
   <trkpt lat="-8.6784280" lon="119.5559560">
    <ele>42.2</ele>
    <time>2023-09-27T00:54:50Z</time>
   </trkpt>
   <trkpt lat="-8.6784210" lon="119.5559580">
    <ele>42.0</ele>
    <time>2023-09-27T00:54:51Z</time>
   </trkpt>
   <trkpt lat="-8.6784230" lon="119.5559580">
    <ele>42.0</ele>
    <time>2023-09-27T00:54:52Z</time>
   </trkpt>
   <trkpt lat="-8.6784170" lon="119.5559550">
    <ele>41.8</ele>
    <time>2023-09-27T00:54:53Z</time>
   </trkpt>
   <trkpt lat="-8.6784060" lon="119.5559540">
    <ele>41.5</ele>
    <time>2023-09-27T00:54:54Z</time>
   </trkpt>
   <trkpt lat="-8.6784040" lon="119.5559470">
    <ele>41.3</ele>
    <time>2023-09-27T00:54:55Z</time>
   </trkpt>
   <trkpt lat="-8.6783960" lon="119.5559490">
    <ele>41.1</ele>
    <time>2023-09-27T00:54:56Z</time>
   </trkpt>
   <trkpt lat="-8.6783900" lon="119.5559450">
    <ele>41.0</ele>
    <time>2023-09-27T00:54:57Z</time>
   </trkpt>
   <trkpt lat="-8.6783810" lon="119.5559450">
    <ele>40.8</ele>
    <time>2023-09-27T00:54:58Z</time>
   </trkpt>
   <trkpt lat="-8.6783750" lon="119.5559460">
    <ele>40.6</ele>
    <time>2023-09-27T00:54:59Z</time>
   </trkpt>
   <trkpt lat="-8.6783660" lon="119.5559440">
    <ele>40.4</ele>
    <time>2023-09-27T00:55:00Z</time>
   </trkpt>
   <trkpt lat="-8.6783630" lon="119.5559440">
    <ele>40.3</ele>
    <time>2023-09-27T00:55:01Z</time>
   </trkpt>
   <trkpt lat="-8.6783530" lon="119.5559500">
    <ele>40.1</ele>
    <time>2023-09-27T00:55:02Z</time>
   </trkpt>
   <trkpt lat="-8.6783460" lon="119.5559500">
    <ele>39.9</ele>
    <time>2023-09-27T00:55:03Z</time>
   </trkpt>
   <trkpt lat="-8.6783420" lon="119.5559500">
    <ele>39.8</ele>
    <time>2023-09-27T00:55:04Z</time>
   </trkpt>
   <trkpt lat="-8.6783370" lon="119.5559440">
    <ele>39.6</ele>
    <time>2023-09-27T00:55:05Z</time>
   </trkpt>
   <trkpt lat="-8.6783350" lon="119.5559440">
    <ele>39.6</ele>
    <time>2023-09-27T00:55:06Z</time>
   </trkpt>
   <trkpt lat="-8.6783330" lon="119.5559450">
    <ele>39.5</ele>
    <time>2023-09-27T00:55:07Z</time>
   </trkpt>
   <trkpt lat="-8.6783280" lon="119.5559500">
    <ele>39.4</ele>
    <time>2023-09-27T00:55:08Z</time>
   </trkpt>
   <trkpt lat="-8.6783230" lon="119.5559520">
    <ele>39.2</ele>
    <time>2023-09-27T00:55:09Z</time>
   </trkpt>
   <trkpt lat="-8.6783170" lon="119.5559530">
    <ele>39.1</ele>
    <time>2023-09-27T00:55:10Z</time>
   </trkpt>
   <trkpt lat="-8.6783110" lon="119.5559520">
    <ele>39.0</ele>
    <time>2023-09-27T00:55:11Z</time>
   </trkpt>
   <trkpt lat="-8.6783070" lon="119.5559500">
    <ele>38.8</ele>
    <time>2023-09-27T00:55:12Z</time>
   </trkpt>
   <trkpt lat="-8.6783040" lon="119.5559530">
    <ele>38.7</ele>
    <time>2023-09-27T00:55:13Z</time>
   </trkpt>
   <trkpt lat="-8.6782990" lon="119.5559540">
    <ele>38.6</ele>
    <time>2023-09-27T00:55:14Z</time>
   </trkpt>
   <trkpt lat="-8.6782950" lon="119.5559520">
    <ele>38.5</ele>
    <time>2023-09-27T00:55:15Z</time>
   </trkpt>
   <trkpt lat="-8.6782910" lon="119.5559520">
    <ele>38.4</ele>
    <time>2023-09-27T00:55:16Z</time>
   </trkpt>
   <trkpt lat="-8.6782880" lon="119.5559550">
    <ele>38.3</ele>
    <time>2023-09-27T00:55:17Z</time>
   </trkpt>
   <trkpt lat="-8.6782840" lon="119.5559570">
    <ele>38.3</ele>
    <time>2023-09-27T00:55:18Z</time>
   </trkpt>
   <trkpt lat="-8.6782760" lon="119.5559570">
    <ele>38.1</ele>
    <time>2023-09-27T00:55:19Z</time>
   </trkpt>
   <trkpt lat="-8.6782710" lon="119.5559530">
    <ele>37.9</ele>
    <time>2023-09-27T00:55:20Z</time>
   </trkpt>
   <trkpt lat="-8.6782670" lon="119.5559530">
    <ele>37.9</ele>
    <time>2023-09-27T00:55:21Z</time>
   </trkpt>
   <trkpt lat="-8.6782610" lon="119.5559540">
    <ele>37.7</ele>
    <time>2023-09-27T00:55:22Z</time>
   </trkpt>
   <trkpt lat="-8.6782600" lon="119.5559540">
    <ele>37.7</ele>
    <time>2023-09-27T00:55:23Z</time>
   </trkpt>
   <trkpt lat="-8.6782550" lon="119.5559510">
    <ele>37.6</ele>
    <time>2023-09-27T00:55:24Z</time>
   </trkpt>
   <trkpt lat="-8.6782450" lon="119.5559500">
    <ele>37.4</ele>
    <time>2023-09-27T00:55:25Z</time>
   </trkpt>
   <trkpt lat="-8.6782420" lon="119.5559510">
    <ele>37.3</ele>
    <time>2023-09-27T00:55:26Z</time>
   </trkpt>
   <trkpt lat="-8.6782360" lon="119.5559500">
    <ele>37.1</ele>
    <time>2023-09-27T00:55:27Z</time>
   </trkpt>
   <trkpt lat="-8.6782300" lon="119.5559490">
    <ele>37.0</ele>
    <time>2023-09-27T00:55:28Z</time>
   </trkpt>
   <trkpt lat="-8.6782250" lon="119.5559480">
    <ele>36.9</ele>
    <time>2023-09-27T00:55:29Z</time>
   </trkpt>
   <trkpt lat="-8.6782170" lon="119.5559490">
    <ele>36.7</ele>
    <time>2023-09-27T00:55:30Z</time>
   </trkpt>
   <trkpt lat="-8.6782110" lon="119.5559520">
    <ele>36.6</ele>
    <time>2023-09-27T00:55:31Z</time>
   </trkpt>
   <trkpt lat="-8.6782030" lon="119.5559490">
    <ele>36.4</ele>
    <time>2023-09-27T00:55:32Z</time>
   </trkpt>
   <trkpt lat="-8.6781870" lon="119.5559500">
    <ele>36.1</ele>
    <time>2023-09-27T00:55:33Z</time>
   </trkpt>
   <trkpt lat="-8.6781800" lon="119.5559510">
    <ele>35.9</ele>
    <time>2023-09-27T00:55:34Z</time>
   </trkpt>
   <trkpt lat="-8.6781750" lon="119.5559510">
    <ele>35.8</ele>
    <time>2023-09-27T00:55:35Z</time>
   </trkpt>
   <trkpt lat="-8.6781730" lon="119.5559470">
    <ele>35.7</ele>
    <time>2023-09-27T00:55:36Z</time>
   </trkpt>
   <trkpt lat="-8.6781720" lon="119.5559450">
    <ele>35.7</ele>
    <time>2023-09-27T00:55:37Z</time>
   </trkpt>
   <trkpt lat="-8.6781620" lon="119.5559380">
    <ele>35.4</ele>
    <time>2023-09-27T00:55:38Z</time>
   </trkpt>
   <trkpt lat="-8.6781500" lon="119.5559370">
    <ele>35.2</ele>
    <time>2023-09-27T00:55:39Z</time>
   </trkpt>
   <trkpt lat="-8.6781460" lon="119.5559350">
    <ele>35.1</ele>
    <time>2023-09-27T00:55:40Z</time>
   </trkpt>
   <trkpt lat="-8.6781410" lon="119.5559330">
    <ele>34.9</ele>
    <time>2023-09-27T00:55:41Z</time>
   </trkpt>
   <trkpt lat="-8.6781410" lon="119.5559330">
    <ele>34.9</ele>
    <time>2023-09-27T00:55:42Z</time>
   </trkpt>
   <trkpt lat="-8.6781380" lon="119.5559340">
    <ele>34.9</ele>
    <time>2023-09-27T00:55:43Z</time>
   </trkpt>
   <trkpt lat="-8.6781310" lon="119.5559300">
    <ele>34.7</ele>
    <time>2023-09-27T00:55:44Z</time>
   </trkpt>
   <trkpt lat="-8.6781210" lon="119.5559260">
    <ele>34.5</ele>
    <time>2023-09-27T00:55:45Z</time>
   </trkpt>
   <trkpt lat="-8.6781190" lon="119.5559190">
    <ele>34.3</ele>
    <time>2023-09-27T00:55:46Z</time>
   </trkpt>
   <trkpt lat="-8.6781120" lon="119.5559150">
    <ele>34.2</ele>
    <time>2023-09-27T00:55:47Z</time>
   </trkpt>
   <trkpt lat="-8.6781060" lon="119.5559120">
    <ele>34.0</ele>
    <time>2023-09-27T00:55:48Z</time>
   </trkpt>
   <trkpt lat="-8.6780990" lon="119.5559070">
    <ele>33.8</ele>
    <time>2023-09-27T00:55:49Z</time>
   </trkpt>
   <trkpt lat="-8.6781010" lon="119.5559060">
    <ele>33.8</ele>
    <time>2023-09-27T00:55:50Z</time>
   </trkpt>
   <trkpt lat="-8.6780980" lon="119.5559040">
    <ele>33.7</ele>
    <time>2023-09-27T00:55:51Z</time>
   </trkpt>
   <trkpt lat="-8.6780980" lon="119.5559010">
    <ele>33.7</ele>
    <time>2023-09-27T00:55:52Z</time>
   </trkpt>
   <trkpt lat="-8.6780930" lon="119.5558960">
    <ele>33.5</ele>
    <time>2023-09-27T00:55:53Z</time>
   </trkpt>
   <trkpt lat="-8.6780910" lon="119.5558930">
    <ele>33.4</ele>
    <time>2023-09-27T00:55:54Z</time>
   </trkpt>
   <trkpt lat="-8.6780850" lon="119.5558880">
    <ele>33.3</ele>
    <time>2023-09-27T00:55:55Z</time>
   </trkpt>
   <trkpt lat="-8.6780800" lon="119.5558860">
    <ele>33.1</ele>
    <time>2023-09-27T00:55:56Z</time>
   </trkpt>
   <trkpt lat="-8.6780780" lon="119.5558830">
    <ele>33.1</ele>
    <time>2023-09-27T00:55:57Z</time>
   </trkpt>
   <trkpt lat="-8.6780780" lon="119.5558800">
    <ele>33.0</ele>
    <time>2023-09-27T00:55:58Z</time>
   </trkpt>
   <trkpt lat="-8.6780790" lon="119.5558780">
    <ele>33.0</ele>
    <time>2023-09-27T00:55:59Z</time>
   </trkpt>
   <trkpt lat="-8.6780760" lon="119.5558740">
    <ele>32.9</ele>
    <time>2023-09-27T00:56:00Z</time>
   </trkpt>
   <trkpt lat="-8.6780770" lon="119.5558710">
    <ele>32.8</ele>
    <time>2023-09-27T00:56:01Z</time>
   </trkpt>
   <trkpt lat="-8.6780690" lon="119.5558630">
    <ele>32.6</ele>
    <time>2023-09-27T00:56:02Z</time>
   </trkpt>
   <trkpt lat="-8.6780640" lon="119.5558570">
    <ele>32.4</ele>
    <time>2023-09-27T00:56:03Z</time>
   </trkpt>
   <trkpt lat="-8.6780640" lon="119.5558580">
    <ele>32.4</ele>
    <time>2023-09-27T00:56:04Z</time>
   </trkpt>
   <trkpt lat="-8.6780630" lon="119.5558550">
    <ele>32.4</ele>
    <time>2023-09-27T00:56:05Z</time>
   </trkpt>
   <trkpt lat="-8.6780620" lon="119.5558500">
    <ele>32.3</ele>
    <time>2023-09-27T00:56:06Z</time>
   </trkpt>
   <trkpt lat="-8.6780610" lon="119.5558460">
    <ele>32.2</ele>
    <time>2023-09-27T00:56:07Z</time>
   </trkpt>
   <trkpt lat="-8.6780600" lon="119.5558400">
    <ele>32.1</ele>
    <time>2023-09-27T00:56:08Z</time>
   </trkpt>
   <trkpt lat="-8.6780590" lon="119.5558360">
    <ele>32.0</ele>
    <time>2023-09-27T00:56:09Z</time>
   </trkpt>
   <trkpt lat="-8.6780590" lon="119.5558290">
    <ele>31.9</ele>
    <time>2023-09-27T00:56:10Z</time>
   </trkpt>
   <trkpt lat="-8.6780540" lon="119.5558220">
    <ele>31.7</ele>
    <time>2023-09-27T00:56:11Z</time>
   </trkpt>
   <trkpt lat="-8.6780540" lon="119.5558180">
    <ele>31.7</ele>
    <time>2023-09-27T00:56:12Z</time>
   </trkpt>
   <trkpt lat="-8.6780550" lon="119.5558150">
    <ele>31.6</ele>
    <time>2023-09-27T00:56:13Z</time>
   </trkpt>
   <trkpt lat="-8.6780480" lon="119.5558060">
    <ele>31.4</ele>
    <time>2023-09-27T00:56:14Z</time>
   </trkpt>
   <trkpt lat="-8.6780440" lon="119.5558010">
    <ele>31.3</ele>
    <time>2023-09-27T00:56:15Z</time>
   </trkpt>
   <trkpt lat="-8.6780370" lon="119.5557950">
    <ele>31.2</ele>
    <time>2023-09-27T00:56:16Z</time>
   </trkpt>
   <trkpt lat="-8.6780360" lon="119.5557870">
    <ele>31.1</ele>
    <time>2023-09-27T00:56:17Z</time>
   </trkpt>
   <trkpt lat="-8.6780340" lon="119.5557790">
    <ele>31.0</ele>
    <time>2023-09-27T00:56:18Z</time>
   </trkpt>
   <trkpt lat="-8.6780350" lon="119.5557740">
    <ele>31.0</ele>
    <time>2023-09-27T00:56:19Z</time>
   </trkpt>
   <trkpt lat="-8.6780310" lon="119.5557660">
    <ele>30.9</ele>
    <time>2023-09-27T00:56:20Z</time>
   </trkpt>
   <trkpt lat="-8.6780260" lon="119.5557570">
    <ele>30.7</ele>
    <time>2023-09-27T00:56:21Z</time>
   </trkpt>
   <trkpt lat="-8.6780200" lon="119.5557500">
    <ele>30.6</ele>
    <time>2023-09-27T00:56:22Z</time>
   </trkpt>
   <trkpt lat="-8.6780160" lon="119.5557390">
    <ele>30.6</ele>
    <time>2023-09-27T00:56:23Z</time>
   </trkpt>
   <trkpt lat="-8.6780150" lon="119.5557280">
    <ele>30.5</ele>
    <time>2023-09-27T00:56:24Z</time>
   </trkpt>
   <trkpt lat="-8.6780140" lon="119.5557160">
    <ele>30.4</ele>
    <time>2023-09-27T00:56:25Z</time>
   </trkpt>
   <trkpt lat="-8.6780130" lon="119.5557060">
    <ele>30.4</ele>
    <time>2023-09-27T00:56:26Z</time>
   </trkpt>
   <trkpt lat="-8.6780130" lon="119.5557000">
    <ele>30.4</ele>
    <time>2023-09-27T00:56:27Z</time>
   </trkpt>
   <trkpt lat="-8.6780090" lon="119.5556910">
    <ele>30.4</ele>
    <time>2023-09-27T00:56:28Z</time>
   </trkpt>
   <trkpt lat="-8.6780040" lon="119.5556840">
    <ele>30.4</ele>
    <time>2023-09-27T00:56:29Z</time>
   </trkpt>
   <trkpt lat="-8.6779990" lon="119.5556760">
    <ele>30.4</ele>
    <time>2023-09-27T00:56:30Z</time>
   </trkpt>
   <trkpt lat="-8.6779950" lon="119.5556660">
    <ele>30.4</ele>
    <time>2023-09-27T00:56:31Z</time>
   </trkpt>
   <trkpt lat="-8.6779910" lon="119.5556630">
    <ele>30.4</ele>
    <time>2023-09-27T00:56:32Z</time>
   </trkpt>
   <trkpt lat="-8.6779850" lon="119.5556570">
    <ele>30.4</ele>
    <time>2023-09-27T00:56:33Z</time>
   </trkpt>
   <trkpt lat="-8.6779820" lon="119.5556520">
    <ele>30.4</ele>
    <time>2023-09-27T00:56:34Z</time>
   </trkpt>
   <trkpt lat="-8.6779820" lon="119.5556470">
    <ele>30.4</ele>
    <time>2023-09-27T00:56:35Z</time>
   </trkpt>
   <trkpt lat="-8.6779780" lon="119.5556430">
    <ele>30.4</ele>
    <time>2023-09-27T00:56:36Z</time>
   </trkpt>
   <trkpt lat="-8.6779810" lon="119.5556330">
    <ele>30.5</ele>
    <time>2023-09-27T00:56:37Z</time>
   </trkpt>
   <trkpt lat="-8.6779800" lon="119.5556280">
    <ele>30.5</ele>
    <time>2023-09-27T00:56:38Z</time>
   </trkpt>
   <trkpt lat="-8.6779790" lon="119.5556270">
    <ele>30.5</ele>
    <time>2023-09-27T00:56:39Z</time>
   </trkpt>
   <trkpt lat="-8.6779780" lon="119.5556180">
    <ele>30.5</ele>
    <time>2023-09-27T00:56:40Z</time>
   </trkpt>
   <trkpt lat="-8.6779760" lon="119.5556120">
    <ele>30.5</ele>
    <time>2023-09-27T00:56:41Z</time>
   </trkpt>
   <trkpt lat="-8.6779750" lon="119.5556100">
    <ele>30.5</ele>
    <time>2023-09-27T00:56:42Z</time>
   </trkpt>
   <trkpt lat="-8.6779720" lon="119.5556010">
    <ele>30.6</ele>
    <time>2023-09-27T00:56:43Z</time>
   </trkpt>
   <trkpt lat="-8.6779690" lon="119.5555950">
    <ele>30.6</ele>
    <time>2023-09-27T00:56:44Z</time>
   </trkpt>
   <trkpt lat="-8.6779670" lon="119.5555870">
    <ele>30.7</ele>
    <time>2023-09-27T00:56:45Z</time>
   </trkpt>
   <trkpt lat="-8.6779650" lon="119.5555810">
    <ele>30.7</ele>
    <time>2023-09-27T00:56:46Z</time>
   </trkpt>
   <trkpt lat="-8.6779580" lon="119.5555770">
    <ele>30.8</ele>
    <time>2023-09-27T00:56:47Z</time>
   </trkpt>
   <trkpt lat="-8.6779540" lon="119.5555700">
    <ele>30.8</ele>
    <time>2023-09-27T00:56:48Z</time>
   </trkpt>
   <trkpt lat="-8.6779480" lon="119.5555580">
    <ele>30.9</ele>
    <time>2023-09-27T00:56:49Z</time>
   </trkpt>
   <trkpt lat="-8.6779440" lon="119.5555540">
    <ele>30.9</ele>
    <time>2023-09-27T00:56:50Z</time>
   </trkpt>
   <trkpt lat="-8.6779400" lon="119.5555480">
    <ele>30.9</ele>
    <time>2023-09-27T00:56:51Z</time>
   </trkpt>
   <trkpt lat="-8.6779390" lon="119.5555460">
    <ele>30.9</ele>
    <time>2023-09-27T00:56:52Z</time>
   </trkpt>
   <trkpt lat="-8.6779390" lon="119.5555410">
    <ele>31.0</ele>
    <time>2023-09-27T00:56:53Z</time>
   </trkpt>
   <trkpt lat="-8.6779370" lon="119.5555320">
    <ele>31.0</ele>
    <time>2023-09-27T00:56:54Z</time>
   </trkpt>
   <trkpt lat="-8.6779380" lon="119.5555260">
    <ele>31.0</ele>
    <time>2023-09-27T00:56:55Z</time>
   </trkpt>
   <trkpt lat="-8.6779360" lon="119.5555280">
    <ele>31.0</ele>
    <time>2023-09-27T00:56:56Z</time>
   </trkpt>
   <trkpt lat="-8.6779360" lon="119.5555230">
    <ele>31.1</ele>
    <time>2023-09-27T00:56:57Z</time>
   </trkpt>
   <trkpt lat="-8.6779340" lon="119.5555180">
    <ele>31.1</ele>
    <time>2023-09-27T00:56:58Z</time>
   </trkpt>
   <trkpt lat="-8.6779280" lon="119.5555110">
    <ele>31.1</ele>
    <time>2023-09-27T00:56:59Z</time>
   </trkpt>
   <trkpt lat="-8.6779300" lon="119.5555070">
    <ele>31.1</ele>
    <time>2023-09-27T00:57:00Z</time>
   </trkpt>
   <trkpt lat="-8.6779250" lon="119.5555020">
    <ele>31.1</ele>
    <time>2023-09-27T00:57:01Z</time>
   </trkpt>
   <trkpt lat="-8.6779210" lon="119.5555010">
    <ele>31.1</ele>
    <time>2023-09-27T00:57:02Z</time>
   </trkpt>
   <trkpt lat="-8.6779190" lon="119.5554950">
    <ele>31.1</ele>
    <time>2023-09-27T00:57:03Z</time>
   </trkpt>
   <trkpt lat="-8.6779200" lon="119.5554910">
    <ele>31.1</ele>
    <time>2023-09-27T00:57:04Z</time>
   </trkpt>
   <trkpt lat="-8.6779130" lon="119.5554850">
    <ele>31.1</ele>
    <time>2023-09-27T00:57:05Z</time>
   </trkpt>
   <trkpt lat="-8.6779090" lon="119.5554790">
    <ele>31.1</ele>
    <time>2023-09-27T00:57:07Z</time>
   </trkpt>
   <trkpt lat="-8.6779100" lon="119.5554760">
    <ele>31.1</ele>
    <time>2023-09-27T00:57:08Z</time>
   </trkpt>
   <trkpt lat="-8.6779050" lon="119.5554710">
    <ele>31.1</ele>
    <time>2023-09-27T00:57:09Z</time>
   </trkpt>
   <trkpt lat="-8.6779010" lon="119.5554670">
    <ele>31.0</ele>
    <time>2023-09-27T00:57:10Z</time>
   </trkpt>
   <trkpt lat="-8.6778970" lon="119.5554620">
    <ele>31.0</ele>
    <time>2023-09-27T00:57:11Z</time>
   </trkpt>
   <trkpt lat="-8.6778950" lon="119.5554620">
    <ele>31.0</ele>
    <time>2023-09-27T00:57:12Z</time>
   </trkpt>
   <trkpt lat="-8.6778940" lon="119.5554590">
    <ele>31.0</ele>
    <time>2023-09-27T00:57:13Z</time>
   </trkpt>
   <trkpt lat="-8.6778910" lon="119.5554560">
    <ele>31.0</ele>
    <time>2023-09-27T00:57:14Z</time>
   </trkpt>
   <trkpt lat="-8.6778870" lon="119.5554520">
    <ele>30.9</ele>
    <time>2023-09-27T00:57:15Z</time>
   </trkpt>
   <trkpt lat="-8.6778850" lon="119.5554490">
    <ele>30.9</ele>
    <time>2023-09-27T00:57:16Z</time>
   </trkpt>
   <trkpt lat="-8.6778840" lon="119.5554450">
    <ele>30.9</ele>
    <time>2023-09-27T00:57:17Z</time>
   </trkpt>
   <trkpt lat="-8.6778840" lon="119.5554420">
    <ele>30.8</ele>
    <time>2023-09-27T00:57:18Z</time>
   </trkpt>
   <trkpt lat="-8.6778800" lon="119.5554380">
    <ele>30.8</ele>
    <time>2023-09-27T00:57:19Z</time>
   </trkpt>
   <trkpt lat="-8.6778790" lon="119.5554340">
    <ele>30.7</ele>
    <time>2023-09-27T00:57:20Z</time>
   </trkpt>
   <trkpt lat="-8.6778760" lon="119.5554290">
    <ele>30.7</ele>
    <time>2023-09-27T00:57:21Z</time>
   </trkpt>
   <trkpt lat="-8.6778720" lon="119.5554220">
    <ele>30.6</ele>
    <time>2023-09-27T00:57:22Z</time>
   </trkpt>
   <trkpt lat="-8.6778710" lon="119.5554230">
    <ele>30.6</ele>
    <time>2023-09-27T00:57:23Z</time>
   </trkpt>
   <trkpt lat="-8.6778690" lon="119.5554230">
    <ele>30.6</ele>
    <time>2023-09-27T00:57:24Z</time>
   </trkpt>
   <trkpt lat="-8.6778640" lon="119.5554230">
    <ele>30.5</ele>
    <time>2023-09-27T00:57:25Z</time>
   </trkpt>
   <trkpt lat="-8.6778620" lon="119.5554150">
    <ele>30.4</ele>
    <time>2023-09-27T00:57:26Z</time>
   </trkpt>
   <trkpt lat="-8.6778570" lon="119.5554100">
    <ele>30.4</ele>
    <time>2023-09-27T00:57:27Z</time>
   </trkpt>
   <trkpt lat="-8.6778550" lon="119.5554030">
    <ele>30.3</ele>
    <time>2023-09-27T00:57:28Z</time>
   </trkpt>
   <trkpt lat="-8.6778530" lon="119.5554010">
    <ele>30.3</ele>
    <time>2023-09-27T00:57:29Z</time>
   </trkpt>
   <trkpt lat="-8.6778500" lon="119.5554000">
    <ele>30.2</ele>
    <time>2023-09-27T00:57:30Z</time>
   </trkpt>
   <trkpt lat="-8.6778450" lon="119.5553940">
    <ele>30.2</ele>
    <time>2023-09-27T00:57:31Z</time>
   </trkpt>
   <trkpt lat="-8.6778390" lon="119.5553900">
    <ele>30.1</ele>
    <time>2023-09-27T00:57:32Z</time>
   </trkpt>
   <trkpt lat="-8.6778380" lon="119.5553870">
    <ele>30.1</ele>
    <time>2023-09-27T00:57:33Z</time>
   </trkpt>
   <trkpt lat="-8.6778350" lon="119.5553840">
    <ele>30.0</ele>
    <time>2023-09-27T00:57:34Z</time>
   </trkpt>
   <trkpt lat="-8.6778340" lon="119.5553810">
    <ele>30.0</ele>
    <time>2023-09-27T00:57:35Z</time>
   </trkpt>
   <trkpt lat="-8.6778310" lon="119.5553740">
    <ele>29.9</ele>
    <time>2023-09-27T00:57:36Z</time>
   </trkpt>
   <trkpt lat="-8.6778290" lon="119.5553710">
    <ele>29.9</ele>
    <time>2023-09-27T00:57:37Z</time>
   </trkpt>
   <trkpt lat="-8.6778250" lon="119.5553670">
    <ele>29.8</ele>
    <time>2023-09-27T00:57:38Z</time>
   </trkpt>
   <trkpt lat="-8.6778210" lon="119.5553600">
    <ele>29.8</ele>
    <time>2023-09-27T00:57:39Z</time>
   </trkpt>
   <trkpt lat="-8.6778170" lon="119.5553540">
    <ele>29.7</ele>
    <time>2023-09-27T00:57:40Z</time>
   </trkpt>
   <trkpt lat="-8.6778110" lon="119.5553500">
    <ele>29.6</ele>
    <time>2023-09-27T00:57:41Z</time>
   </trkpt>
   <trkpt lat="-8.6778100" lon="119.5553470">
    <ele>29.6</ele>
    <time>2023-09-27T00:57:42Z</time>
   </trkpt>
   <trkpt lat="-8.6778080" lon="119.5553410">
    <ele>29.6</ele>
    <time>2023-09-27T00:57:43Z</time>
   </trkpt>
   <trkpt lat="-8.6778030" lon="119.5553380">
    <ele>29.5</ele>
    <time>2023-09-27T00:57:44Z</time>
   </trkpt>
   <trkpt lat="-8.6778000" lon="119.5553320">
    <ele>29.5</ele>
    <time>2023-09-27T00:57:45Z</time>
   </trkpt>
   <trkpt lat="-8.6777980" lon="119.5553260">
    <ele>29.4</ele>
    <time>2023-09-27T00:57:46Z</time>
   </trkpt>
   <trkpt lat="-8.6777980" lon="119.5553200">
    <ele>29.4</ele>
    <time>2023-09-27T00:57:47Z</time>
   </trkpt>
   <trkpt lat="-8.6777950" lon="119.5553170">
    <ele>29.3</ele>
    <time>2023-09-27T00:57:48Z</time>
   </trkpt>
   <trkpt lat="-8.6777940" lon="119.5553140">
    <ele>29.3</ele>
    <time>2023-09-27T00:57:49Z</time>
   </trkpt>
   <trkpt lat="-8.6777920" lon="119.5553080">
    <ele>29.3</ele>
    <time>2023-09-27T00:57:50Z</time>
   </trkpt>
   <trkpt lat="-8.6777880" lon="119.5553040">
    <ele>29.2</ele>
    <time>2023-09-27T00:57:51Z</time>
   </trkpt>
   <trkpt lat="-8.6777860" lon="119.5552970">
    <ele>29.2</ele>
    <time>2023-09-27T00:57:52Z</time>
   </trkpt>
   <trkpt lat="-8.6777820" lon="119.5552910">
    <ele>29.1</ele>
    <time>2023-09-27T00:57:53Z</time>
   </trkpt>
   <trkpt lat="-8.6777760" lon="119.5552830">
    <ele>29.1</ele>
    <time>2023-09-27T00:57:54Z</time>
   </trkpt>
   <trkpt lat="-8.6777740" lon="119.5552770">
    <ele>29.0</ele>
    <time>2023-09-27T00:57:55Z</time>
   </trkpt>
   <trkpt lat="-8.6777710" lon="119.5552710">
    <ele>29.0</ele>
    <time>2023-09-27T00:57:56Z</time>
   </trkpt>
   <trkpt lat="-8.6777660" lon="119.5552660">
    <ele>28.9</ele>
    <time>2023-09-27T00:57:57Z</time>
   </trkpt>
   <trkpt lat="-8.6777570" lon="119.5552630">
    <ele>28.9</ele>
    <time>2023-09-27T00:57:58Z</time>
   </trkpt>
   <trkpt lat="-8.6777510" lon="119.5552580">
    <ele>28.8</ele>
    <time>2023-09-27T00:57:59Z</time>
   </trkpt>
   <trkpt lat="-8.6777460" lon="119.5552570">
    <ele>28.8</ele>
    <time>2023-09-27T00:58:00Z</time>
   </trkpt>
   <trkpt lat="-8.6777400" lon="119.5552540">
    <ele>28.8</ele>
    <time>2023-09-27T00:58:01Z</time>
   </trkpt>
   <trkpt lat="-8.6777340" lon="119.5552520">
    <ele>28.8</ele>
    <time>2023-09-27T00:58:02Z</time>
   </trkpt>
   <trkpt lat="-8.6777330" lon="119.5552470">
    <ele>28.7</ele>
    <time>2023-09-27T00:58:03Z</time>
   </trkpt>
   <trkpt lat="-8.6777260" lon="119.5552430">
    <ele>28.7</ele>
    <time>2023-09-27T00:58:04Z</time>
   </trkpt>
   <trkpt lat="-8.6777210" lon="119.5552350">
    <ele>28.7</ele>
    <time>2023-09-27T00:58:05Z</time>
   </trkpt>
   <trkpt lat="-8.6777180" lon="119.5552370">
    <ele>28.7</ele>
    <time>2023-09-27T00:58:06Z</time>
   </trkpt>
   <trkpt lat="-8.6777130" lon="119.5552310">
    <ele>28.6</ele>
    <time>2023-09-27T00:58:07Z</time>
   </trkpt>
   <trkpt lat="-8.6777050" lon="119.5552260">
    <ele>28.6</ele>
    <time>2023-09-27T00:58:08Z</time>
   </trkpt>
   <trkpt lat="-8.6777030" lon="119.5552230">
    <ele>28.6</ele>
    <time>2023-09-27T00:58:09Z</time>
   </trkpt>
   <trkpt lat="-8.6777000" lon="119.5552160">
    <ele>28.6</ele>
    <time>2023-09-27T00:58:10Z</time>
   </trkpt>
   <trkpt lat="-8.6776940" lon="119.5552090">
    <ele>28.5</ele>
    <time>2023-09-27T00:58:11Z</time>
   </trkpt>
   <trkpt lat="-8.6776930" lon="119.5552090">
    <ele>28.5</ele>
    <time>2023-09-27T00:58:12Z</time>
   </trkpt>
   <trkpt lat="-8.6776860" lon="119.5552040">
    <ele>28.5</ele>
    <time>2023-09-27T00:58:13Z</time>
   </trkpt>
   <trkpt lat="-8.6776850" lon="119.5551990">
    <ele>28.5</ele>
    <time>2023-09-27T00:58:14Z</time>
   </trkpt>
   <trkpt lat="-8.6776760" lon="119.5551960">
    <ele>28.5</ele>
    <time>2023-09-27T00:58:15Z</time>
   </trkpt>
   <trkpt lat="-8.6776650" lon="119.5551890">
    <ele>28.5</ele>
    <time>2023-09-27T00:58:16Z</time>
   </trkpt>
   <trkpt lat="-8.6776570" lon="119.5551860">
    <ele>28.4</ele>
    <time>2023-09-27T00:58:17Z</time>
   </trkpt>
   <trkpt lat="-8.6776530" lon="119.5551860">
    <ele>28.4</ele>
    <time>2023-09-27T00:58:18Z</time>
   </trkpt>
   <trkpt lat="-8.6776480" lon="119.5551850">
    <ele>28.4</ele>
    <time>2023-09-27T00:58:19Z</time>
   </trkpt>
   <trkpt lat="-8.6776390" lon="119.5551850">
    <ele>28.4</ele>
    <time>2023-09-27T00:58:20Z</time>
   </trkpt>
   <trkpt lat="-8.6776340" lon="119.5551840">
    <ele>28.4</ele>
    <time>2023-09-27T00:58:21Z</time>
   </trkpt>
   <trkpt lat="-8.6776290" lon="119.5551850">
    <ele>28.4</ele>
    <time>2023-09-27T00:58:22Z</time>
   </trkpt>
   <trkpt lat="-8.6776190" lon="119.5551820">
    <ele>28.4</ele>
    <time>2023-09-27T00:58:23Z</time>
   </trkpt>
   <trkpt lat="-8.6776140" lon="119.5551810">
    <ele>28.4</ele>
    <time>2023-09-27T00:58:24Z</time>
   </trkpt>
   <trkpt lat="-8.6776130" lon="119.5551850">
    <ele>28.4</ele>
    <time>2023-09-27T00:58:25Z</time>
   </trkpt>
   <trkpt lat="-8.6776100" lon="119.5551820">
    <ele>28.3</ele>
    <time>2023-09-27T00:58:26Z</time>
   </trkpt>
   <trkpt lat="-8.6776010" lon="119.5551820">
    <ele>28.3</ele>
    <time>2023-09-27T00:58:27Z</time>
   </trkpt>
   <trkpt lat="-8.6775960" lon="119.5551790">
    <ele>28.3</ele>
    <time>2023-09-27T00:58:28Z</time>
   </trkpt>
   <trkpt lat="-8.6775910" lon="119.5551780">
    <ele>28.3</ele>
    <time>2023-09-27T00:58:29Z</time>
   </trkpt>
   <trkpt lat="-8.6775830" lon="119.5551760">
    <ele>28.3</ele>
    <time>2023-09-27T00:58:30Z</time>
   </trkpt>
   <trkpt lat="-8.6775770" lon="119.5551740">
    <ele>28.3</ele>
    <time>2023-09-27T00:58:31Z</time>
   </trkpt>
   <trkpt lat="-8.6775730" lon="119.5551720">
    <ele>28.3</ele>
    <time>2023-09-27T00:58:32Z</time>
   </trkpt>
   <trkpt lat="-8.6775730" lon="119.5551710">
    <ele>28.3</ele>
    <time>2023-09-27T00:58:33Z</time>
   </trkpt>
   <trkpt lat="-8.6775650" lon="119.5551670">
    <ele>28.3</ele>
    <time>2023-09-27T00:58:34Z</time>
   </trkpt>
   <trkpt lat="-8.6775580" lon="119.5551650">
    <ele>28.2</ele>
    <time>2023-09-27T00:58:35Z</time>
   </trkpt>
   <trkpt lat="-8.6775480" lon="119.5551600">
    <ele>28.2</ele>
    <time>2023-09-27T00:58:36Z</time>
   </trkpt>
   <trkpt lat="-8.6775470" lon="119.5551610">
    <ele>28.2</ele>
    <time>2023-09-27T00:58:37Z</time>
   </trkpt>
   <trkpt lat="-8.6775400" lon="119.5551570">
    <ele>28.2</ele>
    <time>2023-09-27T00:58:38Z</time>
   </trkpt>
   <trkpt lat="-8.6775340" lon="119.5551560">
    <ele>28.2</ele>
    <time>2023-09-27T00:58:39Z</time>
   </trkpt>
   <trkpt lat="-8.6775260" lon="119.5551520">
    <ele>28.2</ele>
    <time>2023-09-27T00:58:40Z</time>
   </trkpt>
   <trkpt lat="-8.6775180" lon="119.5551520">
    <ele>28.2</ele>
    <time>2023-09-27T00:58:41Z</time>
   </trkpt>
   <trkpt lat="-8.6775150" lon="119.5551540">
    <ele>28.2</ele>
    <time>2023-09-27T00:58:42Z</time>
   </trkpt>
   <trkpt lat="-8.6775050" lon="119.5551540">
    <ele>28.1</ele>
    <time>2023-09-27T00:58:43Z</time>
   </trkpt>
   <trkpt lat="-8.6774970" lon="119.5551550">
    <ele>28.1</ele>
    <time>2023-09-27T00:58:44Z</time>
   </trkpt>
   <trkpt lat="-8.6774920" lon="119.5551560">
    <ele>28.1</ele>
    <time>2023-09-27T00:58:45Z</time>
   </trkpt>
   <trkpt lat="-8.6774840" lon="119.5551540">
    <ele>28.1</ele>
    <time>2023-09-27T00:58:46Z</time>
   </trkpt>
   <trkpt lat="-8.6774830" lon="119.5551560">
    <ele>28.1</ele>
    <time>2023-09-27T00:58:47Z</time>
   </trkpt>
   <trkpt lat="-8.6774750" lon="119.5551590">
    <ele>28.1</ele>
    <time>2023-09-27T00:58:48Z</time>
   </trkpt>
   <trkpt lat="-8.6774720" lon="119.5551590">
    <ele>28.1</ele>
    <time>2023-09-27T00:58:49Z</time>
   </trkpt>
   <trkpt lat="-8.6774660" lon="119.5551610">
    <ele>28.1</ele>
    <time>2023-09-27T00:58:50Z</time>
   </trkpt>
   <trkpt lat="-8.6774590" lon="119.5551620">
    <ele>28.1</ele>
    <time>2023-09-27T00:58:51Z</time>
   </trkpt>
   <trkpt lat="-8.6774550" lon="119.5551630">
    <ele>28.1</ele>
    <time>2023-09-27T00:58:52Z</time>
   </trkpt>
   <trkpt lat="-8.6774470" lon="119.5551630">
    <ele>28.1</ele>
    <time>2023-09-27T00:58:53Z</time>
   </trkpt>
   <trkpt lat="-8.6774440" lon="119.5551610">
    <ele>28.1</ele>
    <time>2023-09-27T00:58:54Z</time>
   </trkpt>
   <trkpt lat="-8.6774450" lon="119.5551580">
    <ele>28.1</ele>
    <time>2023-09-27T00:58:55Z</time>
   </trkpt>
   <trkpt lat="-8.6774340" lon="119.5551550">
    <ele>28.0</ele>
    <time>2023-09-27T00:58:56Z</time>
   </trkpt>
   <trkpt lat="-8.6774290" lon="119.5551520">
    <ele>28.0</ele>
    <time>2023-09-27T00:58:57Z</time>
   </trkpt>
   <trkpt lat="-8.6774220" lon="119.5551540">
    <ele>28.0</ele>
    <time>2023-09-27T00:58:58Z</time>
   </trkpt>
   <trkpt lat="-8.6774150" lon="119.5551570">
    <ele>28.0</ele>
    <time>2023-09-27T00:58:59Z</time>
   </trkpt>
   <trkpt lat="-8.6774060" lon="119.5551530">
    <ele>28.0</ele>
    <time>2023-09-27T00:59:00Z</time>
   </trkpt>
   <trkpt lat="-8.6774000" lon="119.5551580">
    <ele>28.0</ele>
    <time>2023-09-27T00:59:01Z</time>
   </trkpt>
   <trkpt lat="-8.6773920" lon="119.5551570">
    <ele>28.0</ele>
    <time>2023-09-27T00:59:02Z</time>
   </trkpt>
   <trkpt lat="-8.6773920" lon="119.5551590">
    <ele>28.0</ele>
    <time>2023-09-27T00:59:03Z</time>
   </trkpt>
   <trkpt lat="-8.6773920" lon="119.5551590">
    <ele>28.0</ele>
    <time>2023-09-27T00:59:04Z</time>
   </trkpt>
   <trkpt lat="-8.6773900" lon="119.5551620">
    <ele>28.0</ele>
    <time>2023-09-27T00:59:05Z</time>
   </trkpt>
   <trkpt lat="-8.6773900" lon="119.5551660">
    <ele>28.0</ele>
    <time>2023-09-27T00:59:06Z</time>
   </trkpt>
   <trkpt lat="-8.6773920" lon="119.5551720">
    <ele>28.0</ele>
    <time>2023-09-27T00:59:07Z</time>
   </trkpt>
   <trkpt lat="-8.6773940" lon="119.5551800">
    <ele>28.0</ele>
    <time>2023-09-27T00:59:08Z</time>
   </trkpt>
   <trkpt lat="-8.6773870" lon="119.5551850">
    <ele>28.0</ele>
    <time>2023-09-27T00:59:09Z</time>
   </trkpt>
   <trkpt lat="-8.6773800" lon="119.5551890">
    <ele>28.0</ele>
    <time>2023-09-27T00:59:10Z</time>
   </trkpt>
   <trkpt lat="-8.6773770" lon="119.5551910">
    <ele>28.0</ele>
    <time>2023-09-27T00:59:11Z</time>
   </trkpt>
   <trkpt lat="-8.6773700" lon="119.5551930">
    <ele>28.0</ele>
    <time>2023-09-27T00:59:12Z</time>
   </trkpt>
   <trkpt lat="-8.6773680" lon="119.5551960">
    <ele>27.8</ele>
    <time>2023-09-27T00:59:13Z</time>
   </trkpt>
   <trkpt lat="-8.6773670" lon="119.5552000">
    <ele>27.8</ele>
    <time>2023-09-27T00:59:14Z</time>
   </trkpt>
   <trkpt lat="-8.6773620" lon="119.5552010">
    <ele>27.7</ele>
    <time>2023-09-27T00:59:15Z</time>
   </trkpt>
   <trkpt lat="-8.6773620" lon="119.5552070">
    <ele>27.6</ele>
    <time>2023-09-27T00:59:16Z</time>
   </trkpt>
   <trkpt lat="-8.6773610" lon="119.5552140">
    <ele>27.6</ele>
    <time>2023-09-27T00:59:17Z</time>
   </trkpt>
   <trkpt lat="-8.6773600" lon="119.5552180">
    <ele>27.5</ele>
    <time>2023-09-27T00:59:18Z</time>
   </trkpt>
   <trkpt lat="-8.6773600" lon="119.5552230">
    <ele>27.5</ele>
    <time>2023-09-27T00:59:19Z</time>
   </trkpt>
   <trkpt lat="-8.6773590" lon="119.5552270">
    <ele>27.4</ele>
    <time>2023-09-27T00:59:20Z</time>
   </trkpt>
   <trkpt lat="-8.6773570" lon="119.5552270">
    <ele>27.4</ele>
    <time>2023-09-27T00:59:21Z</time>
   </trkpt>
   <trkpt lat="-8.6773560" lon="119.5552320">
    <ele>27.3</ele>
    <time>2023-09-27T00:59:22Z</time>
   </trkpt>
   <trkpt lat="-8.6773560" lon="119.5552350">
    <ele>27.3</ele>
    <time>2023-09-27T00:59:23Z</time>
   </trkpt>
   <trkpt lat="-8.6773520" lon="119.5552400">
    <ele>27.2</ele>
    <time>2023-09-27T00:59:24Z</time>
   </trkpt>
   <trkpt lat="-8.6773480" lon="119.5552410">
    <ele>27.2</ele>
    <time>2023-09-27T00:59:25Z</time>
   </trkpt>
   <trkpt lat="-8.6773450" lon="119.5552440">
    <ele>27.1</ele>
    <time>2023-09-27T00:59:26Z</time>
   </trkpt>
   <trkpt lat="-8.6773440" lon="119.5552490">
    <ele>27.1</ele>
    <time>2023-09-27T00:59:27Z</time>
   </trkpt>
   <trkpt lat="-8.6773400" lon="119.5552550">
    <ele>27.0</ele>
    <time>2023-09-27T00:59:28Z</time>
   </trkpt>
   <trkpt lat="-8.6773410" lon="119.5552610">
    <ele>26.9</ele>
    <time>2023-09-27T00:59:29Z</time>
   </trkpt>
   <trkpt lat="-8.6773350" lon="119.5552620">
    <ele>26.8</ele>
    <time>2023-09-27T00:59:30Z</time>
   </trkpt>
   <trkpt lat="-8.6773280" lon="119.5552640">
    <ele>26.7</ele>
    <time>2023-09-27T00:59:31Z</time>
   </trkpt>
   <trkpt lat="-8.6773230" lon="119.5552650">
    <ele>26.6</ele>
    <time>2023-09-27T00:59:32Z</time>
   </trkpt>
   <trkpt lat="-8.6773240" lon="119.5552690">
    <ele>26.6</ele>
    <time>2023-09-27T00:59:33Z</time>
   </trkpt>
   <trkpt lat="-8.6773240" lon="119.5552710">
    <ele>26.6</ele>
    <time>2023-09-27T00:59:34Z</time>
   </trkpt>
   <trkpt lat="-8.6773220" lon="119.5552730">
    <ele>26.5</ele>
    <time>2023-09-27T00:59:35Z</time>
   </trkpt>
   <trkpt lat="-8.6773170" lon="119.5552800">
    <ele>26.4</ele>
    <time>2023-09-27T00:59:36Z</time>
   </trkpt>
   <trkpt lat="-8.6773210" lon="119.5552900">
    <ele>26.2</ele>
    <time>2023-09-27T00:59:37Z</time>
   </trkpt>
   <trkpt lat="-8.6773210" lon="119.5552920">
    <ele>26.2</ele>
    <time>2023-09-27T00:59:38Z</time>
   </trkpt>
   <trkpt lat="-8.6773200" lon="119.5552930">
    <ele>26.2</ele>
    <time>2023-09-27T00:59:39Z</time>
   </trkpt>
   <trkpt lat="-8.6773200" lon="119.5552950">
    <ele>26.2</ele>
    <time>2023-09-27T00:59:40Z</time>
   </trkpt>
   <trkpt lat="-8.6773230" lon="119.5552960">
    <ele>26.1</ele>
    <time>2023-09-27T00:59:41Z</time>
   </trkpt>
   <trkpt lat="-8.6773120" lon="119.5552980">
    <ele>25.9</ele>
    <time>2023-09-27T00:59:42Z</time>
   </trkpt>
   <trkpt lat="-8.6772980" lon="119.5553080">
    <ele>25.7</ele>
    <time>2023-09-27T00:59:43Z</time>
   </trkpt>
   <trkpt lat="-8.6773050" lon="119.5553060">
    <ele>25.5</ele>
    <time>2023-09-27T00:59:44Z</time>
   </trkpt>
   <trkpt lat="-8.6773090" lon="119.5553050">
    <ele>25.5</ele>
    <time>2023-09-27T00:59:45Z</time>
   </trkpt>
   <trkpt lat="-8.6773000" lon="119.5553000">
    <ele>25.3</ele>
    <time>2023-09-27T00:59:46Z</time>
   </trkpt>
   <trkpt lat="-8.6772950" lon="119.5553010">
    <ele>25.2</ele>
    <time>2023-09-27T00:59:47Z</time>
   </trkpt>
   <trkpt lat="-8.6772950" lon="119.5553040">
    <ele>25.1</ele>
    <time>2023-09-27T00:59:48Z</time>
   </trkpt>
   <trkpt lat="-8.6772960" lon="119.5553060">
    <ele>25.1</ele>
    <time>2023-09-27T00:59:49Z</time>
   </trkpt>
   <trkpt lat="-8.6772940" lon="119.5553080">
    <ele>25.1</ele>
    <time>2023-09-27T00:59:50Z</time>
   </trkpt>
   <trkpt lat="-8.6772930" lon="119.5553070">
    <ele>25.0</ele>
    <time>2023-09-27T00:59:51Z</time>
   </trkpt>
   <trkpt lat="-8.6772870" lon="119.5553160">
    <ele>24.8</ele>
    <time>2023-09-27T00:59:52Z</time>
   </trkpt>
   <trkpt lat="-8.6772820" lon="119.5553170">
    <ele>24.7</ele>
    <time>2023-09-27T00:59:53Z</time>
   </trkpt>
   <trkpt lat="-8.6772820" lon="119.5553200">
    <ele>24.7</ele>
    <time>2023-09-27T00:59:54Z</time>
   </trkpt>
   <trkpt lat="-8.6772790" lon="119.5553230">
    <ele>24.6</ele>
    <time>2023-09-27T00:59:55Z</time>
   </trkpt>
   <trkpt lat="-8.6772760" lon="119.5553330">
    <ele>24.4</ele>
    <time>2023-09-27T00:59:56Z</time>
   </trkpt>
   <trkpt lat="-8.6772750" lon="119.5553340">
    <ele>24.4</ele>
    <time>2023-09-27T00:59:57Z</time>
   </trkpt>
   <trkpt lat="-8.6772760" lon="119.5553390">
    <ele>24.3</ele>
    <time>2023-09-27T00:59:58Z</time>
   </trkpt>
   <trkpt lat="-8.6772730" lon="119.5553430">
    <ele>24.2</ele>
    <time>2023-09-27T00:59:59Z</time>
   </trkpt>
   <trkpt lat="-8.6772700" lon="119.5553450">
    <ele>24.2</ele>
    <time>2023-09-27T01:00:00Z</time>
   </trkpt>
   <trkpt lat="-8.6772650" lon="119.5553500">
    <ele>24.0</ele>
    <time>2023-09-27T01:00:01Z</time>
   </trkpt>
   <trkpt lat="-8.6772570" lon="119.5553530">
    <ele>23.9</ele>
    <time>2023-09-27T01:00:02Z</time>
   </trkpt>
   <trkpt lat="-8.6772540" lon="119.5553530">
    <ele>23.8</ele>
    <time>2023-09-27T01:00:03Z</time>
   </trkpt>
   <trkpt lat="-8.6772550" lon="119.5553550">
    <ele>23.8</ele>
    <time>2023-09-27T01:00:04Z</time>
   </trkpt>
   <trkpt lat="-8.6772530" lon="119.5553600">
    <ele>23.7</ele>
    <time>2023-09-27T01:00:05Z</time>
   </trkpt>
   <trkpt lat="-8.6772540" lon="119.5553670">
    <ele>23.6</ele>
    <time>2023-09-27T01:00:06Z</time>
   </trkpt>
   <trkpt lat="-8.6772490" lon="119.5553750">
    <ele>23.4</ele>
    <time>2023-09-27T01:00:07Z</time>
   </trkpt>
   <trkpt lat="-8.6772470" lon="119.5553820">
    <ele>23.3</ele>
    <time>2023-09-27T01:00:08Z</time>
   </trkpt>
   <trkpt lat="-8.6772420" lon="119.5553860">
    <ele>23.2</ele>
    <time>2023-09-27T01:00:09Z</time>
   </trkpt>
   <trkpt lat="-8.6772390" lon="119.5553910">
    <ele>23.1</ele>
    <time>2023-09-27T01:00:10Z</time>
   </trkpt>
   <trkpt lat="-8.6772340" lon="119.5553980">
    <ele>22.9</ele>
    <time>2023-09-27T01:00:11Z</time>
   </trkpt>
   <trkpt lat="-8.6772350" lon="119.5554020">
    <ele>22.9</ele>
    <time>2023-09-27T01:00:12Z</time>
   </trkpt>
   <trkpt lat="-8.6772350" lon="119.5554050">
    <ele>22.8</ele>
    <time>2023-09-27T01:00:13Z</time>
   </trkpt>
   <trkpt lat="-8.6772340" lon="119.5554120">
    <ele>22.7</ele>
    <time>2023-09-27T01:00:14Z</time>
   </trkpt>
   <trkpt lat="-8.6772410" lon="119.5554120">
    <ele>22.6</ele>
    <time>2023-09-27T01:00:15Z</time>
   </trkpt>
   <trkpt lat="-8.6772430" lon="119.5554200">
    <ele>22.5</ele>
    <time>2023-09-27T01:00:16Z</time>
   </trkpt>
   <trkpt lat="-8.6772410" lon="119.5554210">
    <ele>22.5</ele>
    <time>2023-09-27T01:00:17Z</time>
   </trkpt>
   <trkpt lat="-8.6772390" lon="119.5554260">
    <ele>22.4</ele>
    <time>2023-09-27T01:00:18Z</time>
   </trkpt>
   <trkpt lat="-8.6772420" lon="119.5554320">
    <ele>22.3</ele>
    <time>2023-09-27T01:00:19Z</time>
   </trkpt>
   <trkpt lat="-8.6772420" lon="119.5554390">
    <ele>22.2</ele>
    <time>2023-09-27T01:00:20Z</time>
   </trkpt>
   <trkpt lat="-8.6772400" lon="119.5554490">
    <ele>22.0</ele>
    <time>2023-09-27T01:00:21Z</time>
   </trkpt>
   <trkpt lat="-8.6772410" lon="119.5554550">
    <ele>22.0</ele>
    <time>2023-09-27T01:00:22Z</time>
   </trkpt>
   <trkpt lat="-8.6772420" lon="119.5554600">
    <ele>21.9</ele>
    <time>2023-09-27T01:00:23Z</time>
   </trkpt>
   <trkpt lat="-8.6772430" lon="119.5554650">
    <ele>21.8</ele>
    <time>2023-09-27T01:00:24Z</time>
   </trkpt>
   <trkpt lat="-8.6772440" lon="119.5554710">
    <ele>21.8</ele>
    <time>2023-09-27T01:00:25Z</time>
   </trkpt>
   <trkpt lat="-8.6772450" lon="119.5554760">
    <ele>21.7</ele>
    <time>2023-09-27T01:00:26Z</time>
   </trkpt>
   <trkpt lat="-8.6772410" lon="119.5554810">
    <ele>21.7</ele>
    <time>2023-09-27T01:00:27Z</time>
   </trkpt>
   <trkpt lat="-8.6772400" lon="119.5554860">
    <ele>21.6</ele>
    <time>2023-09-27T01:00:28Z</time>
   </trkpt>
   <trkpt lat="-8.6772390" lon="119.5554940">
    <ele>21.5</ele>
    <time>2023-09-27T01:00:29Z</time>
   </trkpt>
   <trkpt lat="-8.6772340" lon="119.5555000">
    <ele>21.4</ele>
    <time>2023-09-27T01:00:30Z</time>
   </trkpt>
   <trkpt lat="-8.6772310" lon="119.5555020">
    <ele>21.4</ele>
    <time>2023-09-27T01:00:31Z</time>
   </trkpt>
   <trkpt lat="-8.6772300" lon="119.5555100">
    <ele>21.4</ele>
    <time>2023-09-27T01:00:32Z</time>
   </trkpt>
   <trkpt lat="-8.6772220" lon="119.5555170">
    <ele>21.3</ele>
    <time>2023-09-27T01:00:33Z</time>
   </trkpt>
   <trkpt lat="-8.6772320" lon="119.5555220">
    <ele>21.2</ele>
    <time>2023-09-27T01:00:34Z</time>
   </trkpt>
   <trkpt lat="-8.6772320" lon="119.5555230">
    <ele>21.2</ele>
    <time>2023-09-27T01:00:35Z</time>
   </trkpt>
   <trkpt lat="-8.6772330" lon="119.5555260">
    <ele>21.2</ele>
    <time>2023-09-27T01:00:36Z</time>
   </trkpt>
   <trkpt lat="-8.6772310" lon="119.5555200">
    <ele>21.2</ele>
    <time>2023-09-27T01:00:37Z</time>
   </trkpt>
   <trkpt lat="-8.6772310" lon="119.5555230">
    <ele>21.1</ele>
    <time>2023-09-27T01:00:38Z</time>
   </trkpt>
   <trkpt lat="-8.6772340" lon="119.5555210">
    <ele>21.1</ele>
    <time>2023-09-27T01:00:39Z</time>
   </trkpt>
   <trkpt lat="-8.6772400" lon="119.5555200">
    <ele>21.1</ele>
    <time>2023-09-27T01:00:40Z</time>
   </trkpt>
   <trkpt lat="-8.6772320" lon="119.5555340">
    <ele>21.0</ele>
    <time>2023-09-27T01:00:41Z</time>
   </trkpt>
   <trkpt lat="-8.6772430" lon="119.5555560">
    <ele>21.0</ele>
    <time>2023-09-27T01:00:42Z</time>
   </trkpt>
   <trkpt lat="-8.6772490" lon="119.5555640">
    <ele>21.0</ele>
    <time>2023-09-27T01:00:43Z</time>
   </trkpt>
   <trkpt lat="-8.6772540" lon="119.5555720">
    <ele>21.0</ele>
    <time>2023-09-27T01:00:44Z</time>
   </trkpt>
   <trkpt lat="-8.6772710" lon="119.5555990">
    <ele>21.2</ele>
    <time>2023-09-27T01:00:45Z</time>
   </trkpt>
   <trkpt lat="-8.6772770" lon="119.5556030">
    <ele>21.2</ele>
    <time>2023-09-27T01:00:46Z</time>
   </trkpt>
   <trkpt lat="-8.6772870" lon="119.5556060">
    <ele>21.2</ele>
    <time>2023-09-27T01:00:47Z</time>
   </trkpt>
   <trkpt lat="-8.6773040" lon="119.5556100">
    <ele>21.4</ele>
    <time>2023-09-27T01:00:48Z</time>
   </trkpt>
   <trkpt lat="-8.6773080" lon="119.5556230">
    <ele>21.5</ele>
    <time>2023-09-27T01:00:49Z</time>
   </trkpt>
   <trkpt lat="-8.6773130" lon="119.5556340">
    <ele>21.6</ele>
    <time>2023-09-27T01:00:50Z</time>
   </trkpt>
   <trkpt lat="-8.6773140" lon="119.5556430">
    <ele>21.7</ele>
    <time>2023-09-27T01:00:51Z</time>
   </trkpt>
   <trkpt lat="-8.6773240" lon="119.5556620">
    <ele>21.9</ele>
    <time>2023-09-27T01:00:52Z</time>
   </trkpt>
   <trkpt lat="-8.6773270" lon="119.5556700">
    <ele>22.0</ele>
    <time>2023-09-27T01:00:53Z</time>
   </trkpt>
   <trkpt lat="-8.6773300" lon="119.5556780">
    <ele>22.1</ele>
    <time>2023-09-27T01:00:54Z</time>
   </trkpt>
   <trkpt lat="-8.6773340" lon="119.5556920">
    <ele>22.2</ele>
    <time>2023-09-27T01:00:55Z</time>
   </trkpt>
   <trkpt lat="-8.6773330" lon="119.5556980">
    <ele>22.3</ele>
    <time>2023-09-27T01:00:56Z</time>
   </trkpt>
   <trkpt lat="-8.6773350" lon="119.5557070">
    <ele>22.4</ele>
    <time>2023-09-27T01:00:57Z</time>
   </trkpt>
   <trkpt lat="-8.6773350" lon="119.5557170">
    <ele>22.5</ele>
    <time>2023-09-27T01:00:58Z</time>
   </trkpt>
   <trkpt lat="-8.6773310" lon="119.5557280">
    <ele>22.5</ele>
    <time>2023-09-27T01:00:59Z</time>
   </trkpt>
   <trkpt lat="-8.6773340" lon="119.5557250">
    <ele>22.5</ele>
    <time>2023-09-27T01:01:00Z</time>
   </trkpt>
   <trkpt lat="-8.6773430" lon="119.5557350">
    <ele>24.8</ele>
    <time>2023-09-27T01:01:01Z</time>
   </trkpt>
   <trkpt lat="-8.6773510" lon="119.5557360">
    <ele>24.8</ele>
    <time>2023-09-27T01:01:02Z</time>
   </trkpt>
   <trkpt lat="-8.6773530" lon="119.5557460">
    <ele>24.8</ele>
    <time>2023-09-27T01:01:03Z</time>
   </trkpt>
   <trkpt lat="-8.6773550" lon="119.5557590">
    <ele>24.8</ele>
    <time>2023-09-27T01:01:04Z</time>
   </trkpt>
   <trkpt lat="-8.6773590" lon="119.5557600">
    <ele>24.8</ele>
    <time>2023-09-27T01:01:05Z</time>
   </trkpt>
   <trkpt lat="-8.6773660" lon="119.5557680">
    <ele>24.8</ele>
    <time>2023-09-27T01:01:06Z</time>
   </trkpt>
   <trkpt lat="-8.6773650" lon="119.5557770">
    <ele>24.8</ele>
    <time>2023-09-27T01:01:07Z</time>
   </trkpt>
   <trkpt lat="-8.6773640" lon="119.5557840">
    <ele>24.8</ele>
    <time>2023-09-27T01:01:08Z</time>
   </trkpt>
   <trkpt lat="-8.6773560" lon="119.5557940">
    <ele>24.8</ele>
    <time>2023-09-27T01:01:09Z</time>
   </trkpt>
   <trkpt lat="-8.6773500" lon="119.5558000">
    <ele>24.8</ele>
    <time>2023-09-27T01:01:10Z</time>
   </trkpt>
   <trkpt lat="-8.6773440" lon="119.5557990">
    <ele>24.8</ele>
    <time>2023-09-27T01:01:11Z</time>
   </trkpt>
   <trkpt lat="-8.6773380" lon="119.5558060">
    <ele>24.8</ele>
    <time>2023-09-27T01:01:12Z</time>
   </trkpt>
   <trkpt lat="-8.6773290" lon="119.5558040">
    <ele>22.6</ele>
    <time>2023-09-27T01:01:13Z</time>
   </trkpt>
   <trkpt lat="-8.6773200" lon="119.5558120">
    <ele>22.6</ele>
    <time>2023-09-27T01:01:14Z</time>
   </trkpt>
   <trkpt lat="-8.6773130" lon="119.5558180">
    <ele>22.6</ele>
    <time>2023-09-27T01:01:15Z</time>
   </trkpt>
   <trkpt lat="-8.6773070" lon="119.5558180">
    <ele>22.6</ele>
    <time>2023-09-27T01:01:16Z</time>
   </trkpt>
   <trkpt lat="-8.6773020" lon="119.5558170">
    <ele>22.6</ele>
    <time>2023-09-27T01:01:17Z</time>
   </trkpt>
   <trkpt lat="-8.6772940" lon="119.5558180">
    <ele>22.6</ele>
    <time>2023-09-27T01:01:18Z</time>
   </trkpt>
   <trkpt lat="-8.6772840" lon="119.5558210">
    <ele>20.3</ele>
    <time>2023-09-27T01:01:19Z</time>
   </trkpt>
   <trkpt lat="-8.6772770" lon="119.5558240">
    <ele>20.3</ele>
    <time>2023-09-27T01:01:20Z</time>
   </trkpt>
   <trkpt lat="-8.6772690" lon="119.5558280">
    <ele>20.3</ele>
    <time>2023-09-27T01:01:21Z</time>
   </trkpt>
   <trkpt lat="-8.6772630" lon="119.5558310">
    <ele>20.3</ele>
    <time>2023-09-27T01:01:22Z</time>
   </trkpt>
   <trkpt lat="-8.6772510" lon="119.5558330">
    <ele>17.9</ele>
    <time>2023-09-27T01:01:23Z</time>
   </trkpt>
   <trkpt lat="-8.6772480" lon="119.5558330">
    <ele>17.9</ele>
    <time>2023-09-27T01:01:24Z</time>
   </trkpt>
   <trkpt lat="-8.6772410" lon="119.5558350">
    <ele>17.9</ele>
    <time>2023-09-27T01:01:25Z</time>
   </trkpt>
   <trkpt lat="-8.6772360" lon="119.5558350">
    <ele>17.9</ele>
    <time>2023-09-27T01:01:26Z</time>
   </trkpt>
   <trkpt lat="-8.6772410" lon="119.5558330">
    <ele>17.9</ele>
    <time>2023-09-27T01:01:27Z</time>
   </trkpt>
   <trkpt lat="-8.6772310" lon="119.5558290">
    <ele>17.9</ele>
    <time>2023-09-27T01:01:28Z</time>
   </trkpt>
   <trkpt lat="-8.6772310" lon="119.5558320">
    <ele>17.9</ele>
    <time>2023-09-27T01:01:29Z</time>
   </trkpt>
   <trkpt lat="-8.6772150" lon="119.5558360">
    <ele>17.9</ele>
    <time>2023-09-27T01:01:30Z</time>
   </trkpt>
   <trkpt lat="-8.6772110" lon="119.5558350">
    <ele>17.9</ele>
    <time>2023-09-27T01:01:31Z</time>
   </trkpt>
   <trkpt lat="-8.6772090" lon="119.5558380">
    <ele>15.6</ele>
    <time>2023-09-27T01:01:32Z</time>
   </trkpt>
   <trkpt lat="-8.6772100" lon="119.5558440">
    <ele>18.1</ele>
    <time>2023-09-27T01:01:33Z</time>
   </trkpt>
   <trkpt lat="-8.6772090" lon="119.5558470">
    <ele>15.8</ele>
    <time>2023-09-27T01:01:34Z</time>
   </trkpt>
   <trkpt lat="-8.6772120" lon="119.5558480">
    <ele>18.1</ele>
    <time>2023-09-27T01:01:35Z</time>
   </trkpt>
   <trkpt lat="-8.6772120" lon="119.5558510">
    <ele>18.1</ele>
    <time>2023-09-27T01:01:36Z</time>
   </trkpt>
   <trkpt lat="-8.6772120" lon="119.5558540">
    <ele>18.1</ele>
    <time>2023-09-27T01:01:37Z</time>
   </trkpt>
   <trkpt lat="-8.6772150" lon="119.5558510">
    <ele>18.1</ele>
    <time>2023-09-27T01:01:38Z</time>
   </trkpt>
   <trkpt lat="-8.6772090" lon="119.5558540">
    <ele>15.8</ele>
    <time>2023-09-27T01:01:39Z</time>
   </trkpt>
   <trkpt lat="-8.6772000" lon="119.5558520">
    <ele>15.8</ele>
    <time>2023-09-27T01:01:40Z</time>
   </trkpt>
   <trkpt lat="-8.6772090" lon="119.5558570">
    <ele>15.8</ele>
    <time>2023-09-27T01:01:41Z</time>
   </trkpt>
   <trkpt lat="-8.6772090" lon="119.5558590">
    <ele>15.8</ele>
    <time>2023-09-27T01:01:42Z</time>
   </trkpt>
   <trkpt lat="-8.6772090" lon="119.5558590">
    <ele>15.8</ele>
    <time>2023-09-27T01:01:43Z</time>
   </trkpt>
   <trkpt lat="-8.6772090" lon="119.5558590">
    <ele>15.8</ele>
    <time>2023-09-27T01:01:44Z</time>
   </trkpt>
   <trkpt lat="-8.6772090" lon="119.5558590">
    <ele>15.8</ele>
    <time>2023-09-27T01:01:45Z</time>
   </trkpt>
   <trkpt lat="-8.6772090" lon="119.5558590">
    <ele>15.8</ele>
    <time>2023-09-27T01:01:46Z</time>
   </trkpt>
   <trkpt lat="-8.6772090" lon="119.5558590">
    <ele>15.8</ele>
    <time>2023-09-27T01:01:47Z</time>
   </trkpt>
   <trkpt lat="-8.6772090" lon="119.5558590">
    <ele>15.8</ele>
    <time>2023-09-27T01:01:48Z</time>
   </trkpt>
   <trkpt lat="-8.6772090" lon="119.5558590">
    <ele>15.8</ele>
    <time>2023-09-27T01:01:49Z</time>
   </trkpt>
   <trkpt lat="-8.6772090" lon="119.5558590">
    <ele>15.8</ele>
    <time>2023-09-27T01:01:50Z</time>
   </trkpt>
   <trkpt lat="-8.6772090" lon="119.5558590">
    <ele>15.8</ele>
    <time>2023-09-27T01:01:51Z</time>
   </trkpt>
   <trkpt lat="-8.6772230" lon="119.5558640">
    <ele>18.1</ele>
    <time>2023-09-27T01:01:52Z</time>
   </trkpt>
   <trkpt lat="-8.6772250" lon="119.5558640">
    <ele>18.1</ele>
    <time>2023-09-27T01:01:53Z</time>
   </trkpt>
   <trkpt lat="-8.6772260" lon="119.5558610">
    <ele>18.1</ele>
    <time>2023-09-27T01:01:54Z</time>
   </trkpt>
   <trkpt lat="-8.6772260" lon="119.5558590">
    <ele>18.1</ele>
    <time>2023-09-27T01:01:55Z</time>
   </trkpt>
   <trkpt lat="-8.6772250" lon="119.5558590">
    <ele>18.1</ele>
    <time>2023-09-27T01:01:56Z</time>
   </trkpt>
   <trkpt lat="-8.6772220" lon="119.5558610">
    <ele>18.1</ele>
    <time>2023-09-27T01:01:57Z</time>
   </trkpt>
   <trkpt lat="-8.6772210" lon="119.5558620">
    <ele>18.1</ele>
    <time>2023-09-27T01:01:58Z</time>
   </trkpt>
   <trkpt lat="-8.6772200" lon="119.5558640">
    <ele>18.1</ele>
    <time>2023-09-27T01:01:59Z</time>
   </trkpt>
   <trkpt lat="-8.6772180" lon="119.5558630">
    <ele>18.1</ele>
    <time>2023-09-27T01:02:00Z</time>
   </trkpt>
   <trkpt lat="-8.6772160" lon="119.5558630">
    <ele>18.1</ele>
    <time>2023-09-27T01:02:01Z</time>
   </trkpt>
   <trkpt lat="-8.6772160" lon="119.5558630">
    <ele>18.1</ele>
    <time>2023-09-27T01:02:02Z</time>
   </trkpt>
   <trkpt lat="-8.6772160" lon="119.5558630">
    <ele>18.1</ele>
    <time>2023-09-27T01:02:03Z</time>
   </trkpt>
   <trkpt lat="-8.6772160" lon="119.5558630">
    <ele>18.1</ele>
    <time>2023-09-27T01:02:04Z</time>
   </trkpt>
   <trkpt lat="-8.6772160" lon="119.5558630">
    <ele>18.1</ele>
    <time>2023-09-27T01:02:05Z</time>
   </trkpt>
   <trkpt lat="-8.6772160" lon="119.5558630">
    <ele>18.1</ele>
    <time>2023-09-27T01:02:06Z</time>
   </trkpt>
   <trkpt lat="-8.6772160" lon="119.5558630">
    <ele>18.1</ele>
    <time>2023-09-27T01:02:07Z</time>
   </trkpt>
   <trkpt lat="-8.6772160" lon="119.5558630">
    <ele>18.1</ele>
    <time>2023-09-27T01:02:08Z</time>
   </trkpt>
   <trkpt lat="-8.6772160" lon="119.5558630">
    <ele>18.1</ele>
    <time>2023-09-27T01:02:09Z</time>
   </trkpt>
   <trkpt lat="-8.6772080" lon="119.5558710">
    <ele>15.8</ele>
    <time>2023-09-27T01:02:10Z</time>
   </trkpt>
   <trkpt lat="-8.6772080" lon="119.5558690">
    <ele>15.8</ele>
    <time>2023-09-27T01:02:11Z</time>
   </trkpt>
   <trkpt lat="-8.6772130" lon="119.5558630">
    <ele>18.1</ele>
    <time>2023-09-27T01:02:12Z</time>
   </trkpt>
   <trkpt lat="-8.6772200" lon="119.5558610">
    <ele>18.1</ele>
    <time>2023-09-27T01:02:13Z</time>
   </trkpt>
   <trkpt lat="-8.6772230" lon="119.5558600">
    <ele>18.1</ele>
    <time>2023-09-27T01:02:14Z</time>
   </trkpt>
   <trkpt lat="-8.6772230" lon="119.5558600">
    <ele>18.1</ele>
    <time>2023-09-27T01:02:15Z</time>
   </trkpt>
   <trkpt lat="-8.6772270" lon="119.5558540">
    <ele>18.1</ele>
    <time>2023-09-27T01:02:16Z</time>
   </trkpt>
   <trkpt lat="-8.6772270" lon="119.5558540">
    <ele>18.1</ele>
    <time>2023-09-27T01:02:17Z</time>
   </trkpt>
   <trkpt lat="-8.6772270" lon="119.5558540">
    <ele>18.1</ele>
    <time>2023-09-27T01:02:18Z</time>
   </trkpt>
   <trkpt lat="-8.6772270" lon="119.5558540">
    <ele>18.1</ele>
    <time>2023-09-27T01:02:19Z</time>
   </trkpt>
   <trkpt lat="-8.6772310" lon="119.5558510">
    <ele>18.1</ele>
    <time>2023-09-27T01:02:20Z</time>
   </trkpt>
   <trkpt lat="-8.6772310" lon="119.5558510">
    <ele>18.1</ele>
    <time>2023-09-27T01:02:21Z</time>
   </trkpt>
   <trkpt lat="-8.6772310" lon="119.5558510">
    <ele>18.1</ele>
    <time>2023-09-27T01:02:22Z</time>
   </trkpt>
   <trkpt lat="-8.6772310" lon="119.5558510">
    <ele>18.1</ele>
    <time>2023-09-27T01:02:23Z</time>
   </trkpt>
   <trkpt lat="-8.6772310" lon="119.5558510">
    <ele>18.1</ele>
    <time>2023-09-27T01:02:24Z</time>
   </trkpt>
   <trkpt lat="-8.6772310" lon="119.5558510">
    <ele>18.1</ele>
    <time>2023-09-27T01:02:25Z</time>
   </trkpt>
   <trkpt lat="-8.6772310" lon="119.5558510">
    <ele>18.1</ele>
    <time>2023-09-27T01:02:26Z</time>
   </trkpt>
   <trkpt lat="-8.6772310" lon="119.5558510">
    <ele>18.1</ele>
    <time>2023-09-27T01:02:27Z</time>
   </trkpt>
   <trkpt lat="-8.6772310" lon="119.5558510">
    <ele>18.1</ele>
    <time>2023-09-27T01:02:28Z</time>
   </trkpt>
   <trkpt lat="-8.6772310" lon="119.5558510">
    <ele>18.1</ele>
    <time>2023-09-27T01:02:29Z</time>
   </trkpt>
   <trkpt lat="-8.6772310" lon="119.5558510">
    <ele>18.1</ele>
    <time>2023-09-27T01:02:30Z</time>
   </trkpt>
   <trkpt lat="-8.6772350" lon="119.5558370">
    <ele>17.9</ele>
    <time>2023-09-27T01:02:31Z</time>
   </trkpt>
   <trkpt lat="-8.6772340" lon="119.5558460">
    <ele>18.1</ele>
    <time>2023-09-27T01:02:32Z</time>
   </trkpt>
   <trkpt lat="-8.6772360" lon="119.5558480">
    <ele>18.1</ele>
    <time>2023-09-27T01:02:33Z</time>
   </trkpt>
   <trkpt lat="-8.6772360" lon="119.5558520">
    <ele>18.1</ele>
    <time>2023-09-27T01:02:34Z</time>
   </trkpt>
   <trkpt lat="-8.6772360" lon="119.5558520">
    <ele>18.1</ele>
    <time>2023-09-27T01:02:35Z</time>
   </trkpt>
   <trkpt lat="-8.6772360" lon="119.5558520">
    <ele>18.1</ele>
    <time>2023-09-27T01:02:36Z</time>
   </trkpt>
   <trkpt lat="-8.6772320" lon="119.5558550">
    <ele>18.1</ele>
    <time>2023-09-27T01:02:37Z</time>
   </trkpt>
   <trkpt lat="-8.6772330" lon="119.5558600">
    <ele>18.1</ele>
    <time>2023-09-27T01:02:38Z</time>
   </trkpt>
   <trkpt lat="-8.6772330" lon="119.5558590">
    <ele>18.1</ele>
    <time>2023-09-27T01:02:39Z</time>
   </trkpt>
   <trkpt lat="-8.6772340" lon="119.5558620">
    <ele>18.1</ele>
    <time>2023-09-27T01:02:40Z</time>
   </trkpt>
   <trkpt lat="-8.6772340" lon="119.5558620">
    <ele>18.1</ele>
    <time>2023-09-27T01:02:41Z</time>
   </trkpt>
   <trkpt lat="-8.6772340" lon="119.5558620">
    <ele>18.1</ele>
    <time>2023-09-27T01:02:42Z</time>
   </trkpt>
   <trkpt lat="-8.6772340" lon="119.5558620">
    <ele>18.1</ele>
    <time>2023-09-27T01:02:43Z</time>
   </trkpt>
   <trkpt lat="-8.6772290" lon="119.5558650">
    <ele>18.1</ele>
    <time>2023-09-27T01:02:44Z</time>
   </trkpt>
   <trkpt lat="-8.6772210" lon="119.5558620">
    <ele>18.1</ele>
    <time>2023-09-27T01:02:45Z</time>
   </trkpt>
   <trkpt lat="-8.6772170" lon="119.5558630">
    <ele>18.1</ele>
    <time>2023-09-27T01:02:46Z</time>
   </trkpt>
   <trkpt lat="-8.6772150" lon="119.5558630">
    <ele>18.1</ele>
    <time>2023-09-27T01:02:47Z</time>
   </trkpt>
   <trkpt lat="-8.6772160" lon="119.5558640">
    <ele>18.1</ele>
    <time>2023-09-27T01:02:48Z</time>
   </trkpt>
   <trkpt lat="-8.6772160" lon="119.5558660">
    <ele>18.1</ele>
    <time>2023-09-27T01:02:49Z</time>
   </trkpt>
   <trkpt lat="-8.6772150" lon="119.5558630">
    <ele>18.1</ele>
    <time>2023-09-27T01:02:50Z</time>
   </trkpt>
   <trkpt lat="-8.6772150" lon="119.5558610">
    <ele>18.1</ele>
    <time>2023-09-27T01:02:51Z</time>
   </trkpt>
   <trkpt lat="-8.6772150" lon="119.5558600">
    <ele>18.1</ele>
    <time>2023-09-27T01:02:52Z</time>
   </trkpt>
   <trkpt lat="-8.6772150" lon="119.5558600">
    <ele>18.1</ele>
    <time>2023-09-27T01:02:53Z</time>
   </trkpt>
   <trkpt lat="-8.6772160" lon="119.5558570">
    <ele>18.1</ele>
    <time>2023-09-27T01:02:54Z</time>
   </trkpt>
   <trkpt lat="-8.6772170" lon="119.5558610">
    <ele>18.1</ele>
    <time>2023-09-27T01:02:55Z</time>
   </trkpt>
   <trkpt lat="-8.6772170" lon="119.5558610">
    <ele>18.1</ele>
    <time>2023-09-27T01:02:56Z</time>
   </trkpt>
   <trkpt lat="-8.6772140" lon="119.5558640">
    <ele>18.1</ele>
    <time>2023-09-27T01:02:57Z</time>
   </trkpt>
   <trkpt lat="-8.6772140" lon="119.5558640">
    <ele>18.1</ele>
    <time>2023-09-27T01:02:58Z</time>
   </trkpt>
   <trkpt lat="-8.6772120" lon="119.5558650">
    <ele>18.1</ele>
    <time>2023-09-27T01:02:59Z</time>
   </trkpt>
   <trkpt lat="-8.6772120" lon="119.5558650">
    <ele>18.1</ele>
    <time>2023-09-27T01:03:00Z</time>
   </trkpt>
   <trkpt lat="-8.6772120" lon="119.5558650">
    <ele>18.1</ele>
    <time>2023-09-27T01:03:01Z</time>
   </trkpt>
   <trkpt lat="-8.6772120" lon="119.5558650">
    <ele>18.1</ele>
    <time>2023-09-27T01:03:02Z</time>
   </trkpt>
   <trkpt lat="-8.6772120" lon="119.5558650">
    <ele>18.1</ele>
    <time>2023-09-27T01:03:03Z</time>
   </trkpt>
   <trkpt lat="-8.6772050" lon="119.5558720">
    <ele>15.8</ele>
    <time>2023-09-27T01:03:04Z</time>
   </trkpt>
   <trkpt lat="-8.6772000" lon="119.5558710">
    <ele>15.8</ele>
    <time>2023-09-27T01:03:05Z</time>
   </trkpt>
   <trkpt lat="-8.6771980" lon="119.5558740">
    <ele>15.8</ele>
    <time>2023-09-27T01:03:06Z</time>
   </trkpt>
   <trkpt lat="-8.6771970" lon="119.5558730">
    <ele>15.8</ele>
    <time>2023-09-27T01:03:07Z</time>
   </trkpt>
   <trkpt lat="-8.6771960" lon="119.5558710">
    <ele>15.8</ele>
    <time>2023-09-27T01:03:08Z</time>
   </trkpt>
   <trkpt lat="-8.6771950" lon="119.5558720">
    <ele>15.8</ele>
    <time>2023-09-27T01:03:09Z</time>
   </trkpt>
   <trkpt lat="-8.6771910" lon="119.5558760">
    <ele>15.8</ele>
    <time>2023-09-27T01:03:10Z</time>
   </trkpt>
   <trkpt lat="-8.6771900" lon="119.5558770">
    <ele>15.8</ele>
    <time>2023-09-27T01:03:11Z</time>
   </trkpt>
   <trkpt lat="-8.6771870" lon="119.5558790">
    <ele>15.8</ele>
    <time>2023-09-27T01:03:12Z</time>
   </trkpt>
   <trkpt lat="-8.6771870" lon="119.5558790">
    <ele>15.8</ele>
    <time>2023-09-27T01:03:13Z</time>
   </trkpt>
   <trkpt lat="-8.6771860" lon="119.5558820">
    <ele>15.8</ele>
    <time>2023-09-27T01:03:14Z</time>
   </trkpt>
   <trkpt lat="-8.6771840" lon="119.5558860">
    <ele>15.9</ele>
    <time>2023-09-27T01:03:15Z</time>
   </trkpt>
   <trkpt lat="-8.6771840" lon="119.5558860">
    <ele>15.9</ele>
    <time>2023-09-27T01:03:16Z</time>
   </trkpt>
   <trkpt lat="-8.6771840" lon="119.5558860">
    <ele>15.9</ele>
    <time>2023-09-27T01:03:17Z</time>
   </trkpt>
   <trkpt lat="-8.6771840" lon="119.5558860">
    <ele>15.9</ele>
    <time>2023-09-27T01:03:18Z</time>
   </trkpt>
   <trkpt lat="-8.6771800" lon="119.5558930">
    <ele>15.9</ele>
    <time>2023-09-27T01:03:19Z</time>
   </trkpt>
   <trkpt lat="-8.6771730" lon="119.5558900">
    <ele>15.9</ele>
    <time>2023-09-27T01:03:20Z</time>
   </trkpt>
   <trkpt lat="-8.6771730" lon="119.5558900">
    <ele>15.9</ele>
    <time>2023-09-27T01:03:21Z</time>
   </trkpt>
   <trkpt lat="-8.6771720" lon="119.5558910">
    <ele>15.9</ele>
    <time>2023-09-27T01:03:22Z</time>
   </trkpt>
   <trkpt lat="-8.6771710" lon="119.5558920">
    <ele>15.9</ele>
    <time>2023-09-27T01:03:23Z</time>
   </trkpt>
   <trkpt lat="-8.6771700" lon="119.5558920">
    <ele>15.9</ele>
    <time>2023-09-27T01:03:24Z</time>
   </trkpt>
   <trkpt lat="-8.6771690" lon="119.5558930">
    <ele>15.9</ele>
    <time>2023-09-27T01:03:25Z</time>
   </trkpt>
   <trkpt lat="-8.6771680" lon="119.5558940">
    <ele>15.9</ele>
    <time>2023-09-27T01:03:26Z</time>
   </trkpt>
   <trkpt lat="-8.6771670" lon="119.5558940">
    <ele>15.9</ele>
    <time>2023-09-27T01:03:27Z</time>
   </trkpt>
   <trkpt lat="-8.6771660" lon="119.5558950">
    <ele>14.3</ele>
    <time>2023-09-27T01:03:28Z</time>
   </trkpt>
   <trkpt lat="-8.6771650" lon="119.5558960">
    <ele>14.3</ele>
    <time>2023-09-27T01:03:29Z</time>
   </trkpt>
   <trkpt lat="-8.6771640" lon="119.5558960">
    <ele>14.3</ele>
    <time>2023-09-27T01:03:30Z</time>
   </trkpt>
   <trkpt lat="-8.6771630" lon="119.5558970">
    <ele>14.3</ele>
    <time>2023-09-27T01:03:31Z</time>
   </trkpt>
   <trkpt lat="-8.6771620" lon="119.5558980">
    <ele>14.3</ele>
    <time>2023-09-27T01:03:32Z</time>
   </trkpt>
   <trkpt lat="-8.6771610" lon="119.5558980">
    <ele>14.3</ele>
    <time>2023-09-27T01:03:33Z</time>
   </trkpt>
   <trkpt lat="-8.6771600" lon="119.5558990">
    <ele>14.3</ele>
    <time>2023-09-27T01:03:34Z</time>
   </trkpt>
   <trkpt lat="-8.6771590" lon="119.5559000">
    <ele>14.3</ele>
    <time>2023-09-27T01:03:35Z</time>
   </trkpt>
   <trkpt lat="-8.6771580" lon="119.5559000">
    <ele>14.3</ele>
    <time>2023-09-27T01:03:36Z</time>
   </trkpt>
   <trkpt lat="-8.6771570" lon="119.5559010">
    <ele>14.3</ele>
    <time>2023-09-27T01:03:37Z</time>
   </trkpt>
   <trkpt lat="-8.6771560" lon="119.5559010">
    <ele>14.3</ele>
    <time>2023-09-27T01:03:38Z</time>
   </trkpt>
   <trkpt lat="-8.6771560" lon="119.5559020">
    <ele>14.3</ele>
    <time>2023-09-27T01:03:39Z</time>
   </trkpt>
   <trkpt lat="-8.6771550" lon="119.5559030">
    <ele>14.3</ele>
    <time>2023-09-27T01:03:40Z</time>
   </trkpt>
   <trkpt lat="-8.6771540" lon="119.5559030">
    <ele>14.3</ele>
    <time>2023-09-27T01:03:41Z</time>
   </trkpt>
   <trkpt lat="-8.6771530" lon="119.5559040">
    <ele>14.3</ele>
    <time>2023-09-27T01:03:42Z</time>
   </trkpt>
   <trkpt lat="-8.6771520" lon="119.5559050">
    <ele>14.3</ele>
    <time>2023-09-27T01:03:43Z</time>
   </trkpt>
   <trkpt lat="-8.6771510" lon="119.5559050">
    <ele>14.3</ele>
    <time>2023-09-27T01:03:44Z</time>
   </trkpt>
   <trkpt lat="-8.6771500" lon="119.5559060">
    <ele>14.3</ele>
    <time>2023-09-27T01:03:45Z</time>
   </trkpt>
   <trkpt lat="-8.6771490" lon="119.5559070">
    <ele>14.3</ele>
    <time>2023-09-27T01:03:46Z</time>
   </trkpt>
   <trkpt lat="-8.6771480" lon="119.5559070">
    <ele>14.3</ele>
    <time>2023-09-27T01:03:47Z</time>
   </trkpt>
   <trkpt lat="-8.6771470" lon="119.5559080">
    <ele>14.3</ele>
    <time>2023-09-27T01:03:48Z</time>
   </trkpt>
   <trkpt lat="-8.6771460" lon="119.5559090">
    <ele>14.3</ele>
    <time>2023-09-27T01:03:49Z</time>
   </trkpt>
   <trkpt lat="-8.6771450" lon="119.5559090">
    <ele>14.3</ele>
    <time>2023-09-27T01:03:50Z</time>
   </trkpt>
   <trkpt lat="-8.6771440" lon="119.5559100">
    <ele>14.3</ele>
    <time>2023-09-27T01:03:51Z</time>
   </trkpt>
   <trkpt lat="-8.6771400" lon="119.5559100">
    <ele>14.3</ele>
    <time>2023-09-27T01:03:52Z</time>
   </trkpt>
   <trkpt lat="-8.6771390" lon="119.5559140">
    <ele>14.3</ele>
    <time>2023-09-27T01:03:53Z</time>
   </trkpt>
   <trkpt lat="-8.6771320" lon="119.5559110">
    <ele>14.3</ele>
    <time>2023-09-27T01:03:54Z</time>
   </trkpt>
   <trkpt lat="-8.6771290" lon="119.5559110">
    <ele>14.3</ele>
    <time>2023-09-27T01:03:55Z</time>
   </trkpt>
   <trkpt lat="-8.6771240" lon="119.5559110">
    <ele>12.8</ele>
    <time>2023-09-27T01:03:56Z</time>
   </trkpt>
   <trkpt lat="-8.6771260" lon="119.5559070">
    <ele>14.3</ele>
    <time>2023-09-27T01:03:57Z</time>
   </trkpt>
   <trkpt lat="-8.6771260" lon="119.5559100">
    <ele>14.3</ele>
    <time>2023-09-27T01:03:58Z</time>
   </trkpt>
   <trkpt lat="-8.6771220" lon="119.5559150">
    <ele>12.8</ele>
    <time>2023-09-27T01:03:59Z</time>
   </trkpt>
   <trkpt lat="-8.6771200" lon="119.5559150">
    <ele>12.8</ele>
    <time>2023-09-27T01:04:00Z</time>
   </trkpt>
   <trkpt lat="-8.6771170" lon="119.5559110">
    <ele>12.8</ele>
    <time>2023-09-27T01:04:01Z</time>
   </trkpt>
   <trkpt lat="-8.6771180" lon="119.5559120">
    <ele>12.8</ele>
    <time>2023-09-27T01:04:02Z</time>
   </trkpt>
   <trkpt lat="-8.6771170" lon="119.5559110">
    <ele>12.8</ele>
    <time>2023-09-27T01:04:03Z</time>
   </trkpt>
   <trkpt lat="-8.6771230" lon="119.5559100">
    <ele>12.8</ele>
    <time>2023-09-27T01:04:04Z</time>
   </trkpt>
   <trkpt lat="-8.6771240" lon="119.5559110">
    <ele>12.8</ele>
    <time>2023-09-27T01:04:05Z</time>
   </trkpt>
   <trkpt lat="-8.6771240" lon="119.5559110">
    <ele>12.8</ele>
    <time>2023-09-27T01:04:06Z</time>
   </trkpt>
   <trkpt lat="-8.6771240" lon="119.5559110">
    <ele>12.8</ele>
    <time>2023-09-27T01:04:07Z</time>
   </trkpt>
   <trkpt lat="-8.6771180" lon="119.5559160">
    <ele>12.8</ele>
    <time>2023-09-27T01:04:08Z</time>
   </trkpt>
   <trkpt lat="-8.6771180" lon="119.5559140">
    <ele>12.8</ele>
    <time>2023-09-27T01:04:09Z</time>
   </trkpt>
   <trkpt lat="-8.6771180" lon="119.5559140">
    <ele>12.8</ele>
    <time>2023-09-27T01:04:10Z</time>
   </trkpt>
   <trkpt lat="-8.6771200" lon="119.5559200">
    <ele>12.8</ele>
    <time>2023-09-27T01:04:11Z</time>
   </trkpt>
   <trkpt lat="-8.6771200" lon="119.5559080">
    <ele>12.8</ele>
    <time>2023-09-27T01:04:12Z</time>
   </trkpt>
   <trkpt lat="-8.6771160" lon="119.5559100">
    <ele>12.8</ele>
    <time>2023-09-27T01:04:13Z</time>
   </trkpt>
   <trkpt lat="-8.6771170" lon="119.5559120">
    <ele>12.8</ele>
    <time>2023-09-27T01:04:14Z</time>
   </trkpt>
   <trkpt lat="-8.6771140" lon="119.5559120">
    <ele>12.8</ele>
    <time>2023-09-27T01:04:15Z</time>
   </trkpt>
   <trkpt lat="-8.6771090" lon="119.5559120">
    <ele>12.8</ele>
    <time>2023-09-27T01:04:16Z</time>
   </trkpt>
   <trkpt lat="-8.6771080" lon="119.5559090">
    <ele>12.8</ele>
    <time>2023-09-27T01:04:17Z</time>
   </trkpt>
   <trkpt lat="-8.6771050" lon="119.5559100">
    <ele>12.8</ele>
    <time>2023-09-27T01:04:18Z</time>
   </trkpt>
   <trkpt lat="-8.6771040" lon="119.5559100">
    <ele>12.8</ele>
    <time>2023-09-27T01:04:19Z</time>
   </trkpt>
   <trkpt lat="-8.6771070" lon="119.5559050">
    <ele>12.8</ele>
    <time>2023-09-27T01:04:20Z</time>
   </trkpt>
   <trkpt lat="-8.6771030" lon="119.5559110">
    <ele>12.8</ele>
    <time>2023-09-27T01:04:21Z</time>
   </trkpt>
   <trkpt lat="-8.6771040" lon="119.5559080">
    <ele>12.8</ele>
    <time>2023-09-27T01:04:22Z</time>
   </trkpt>
   <trkpt lat="-8.6771040" lon="119.5559080">
    <ele>12.8</ele>
    <time>2023-09-27T01:04:23Z</time>
   </trkpt>
   <trkpt lat="-8.6771040" lon="119.5559080">
    <ele>12.8</ele>
    <time>2023-09-27T01:04:24Z</time>
   </trkpt>
   <trkpt lat="-8.6771040" lon="119.5559090">
    <ele>12.8</ele>
    <time>2023-09-27T01:04:25Z</time>
   </trkpt>
   <trkpt lat="-8.6771040" lon="119.5559120">
    <ele>12.8</ele>
    <time>2023-09-27T01:04:26Z</time>
   </trkpt>
   <trkpt lat="-8.6771050" lon="119.5559120">
    <ele>12.8</ele>
    <time>2023-09-27T01:04:27Z</time>
   </trkpt>
   <trkpt lat="-8.6771050" lon="119.5559120">
    <ele>12.8</ele>
    <time>2023-09-27T01:04:28Z</time>
   </trkpt>
   <trkpt lat="-8.6771050" lon="119.5559120">
    <ele>12.8</ele>
    <time>2023-09-27T01:04:29Z</time>
   </trkpt>
   <trkpt lat="-8.6771050" lon="119.5559120">
    <ele>12.8</ele>
    <time>2023-09-27T01:04:30Z</time>
   </trkpt>
   <trkpt lat="-8.6771050" lon="119.5559120">
    <ele>12.8</ele>
    <time>2023-09-27T01:04:31Z</time>
   </trkpt>
   <trkpt lat="-8.6771050" lon="119.5559120">
    <ele>12.8</ele>
    <time>2023-09-27T01:04:32Z</time>
   </trkpt>
   <trkpt lat="-8.6771140" lon="119.5559170">
    <ele>12.8</ele>
    <time>2023-09-27T01:04:33Z</time>
   </trkpt>
   <trkpt lat="-8.6771140" lon="119.5559190">
    <ele>12.8</ele>
    <time>2023-09-27T01:04:34Z</time>
   </trkpt>
   <trkpt lat="-8.6771140" lon="119.5559190">
    <ele>12.8</ele>
    <time>2023-09-27T01:04:35Z</time>
   </trkpt>
   <trkpt lat="-8.6771140" lon="119.5559190">
    <ele>12.8</ele>
    <time>2023-09-27T01:04:36Z</time>
   </trkpt>
   <trkpt lat="-8.6771120" lon="119.5559120">
    <ele>12.8</ele>
    <time>2023-09-27T01:04:37Z</time>
   </trkpt>
   <trkpt lat="-8.6771150" lon="119.5559170">
    <ele>12.8</ele>
    <time>2023-09-27T01:04:38Z</time>
   </trkpt>
   <trkpt lat="-8.6771140" lon="119.5559170">
    <ele>12.8</ele>
    <time>2023-09-27T01:04:39Z</time>
   </trkpt>
   <trkpt lat="-8.6771140" lon="119.5559150">
    <ele>12.8</ele>
    <time>2023-09-27T01:04:40Z</time>
   </trkpt>
   <trkpt lat="-8.6771050" lon="119.5559270">
    <ele>13.1</ele>
    <time>2023-09-27T01:04:41Z</time>
   </trkpt>
   <trkpt lat="-8.6770980" lon="119.5559290">
    <ele>13.1</ele>
    <time>2023-09-27T01:04:42Z</time>
   </trkpt>
   <trkpt lat="-8.6771000" lon="119.5559310">
    <ele>13.1</ele>
    <time>2023-09-27T01:04:43Z</time>
   </trkpt>
   <trkpt lat="-8.6770990" lon="119.5559310">
    <ele>13.1</ele>
    <time>2023-09-27T01:04:44Z</time>
   </trkpt>
   <trkpt lat="-8.6771000" lon="119.5559360">
    <ele>13.1</ele>
    <time>2023-09-27T01:04:45Z</time>
   </trkpt>
   <trkpt lat="-8.6771010" lon="119.5559420">
    <ele>13.1</ele>
    <time>2023-09-27T01:04:46Z</time>
   </trkpt>
   <trkpt lat="-8.6771030" lon="119.5559430">
    <ele>13.1</ele>
    <time>2023-09-27T01:04:47Z</time>
   </trkpt>
   <trkpt lat="-8.6771000" lon="119.5559420">
    <ele>13.1</ele>
    <time>2023-09-27T01:04:48Z</time>
   </trkpt>
   <trkpt lat="-8.6771000" lon="119.5559420">
    <ele>13.1</ele>
    <time>2023-09-27T01:04:49Z</time>
   </trkpt>
   <trkpt lat="-8.6770840" lon="119.5559610">
    <ele>13.1</ele>
    <time>2023-09-27T01:04:50Z</time>
   </trkpt>
   <trkpt lat="-8.6770850" lon="119.5559560">
    <ele>13.1</ele>
    <time>2023-09-27T01:04:51Z</time>
   </trkpt>
   <trkpt lat="-8.6770850" lon="119.5559560">
    <ele>13.1</ele>
    <time>2023-09-27T01:04:52Z</time>
   </trkpt>
   <trkpt lat="-8.6770850" lon="119.5559560">
    <ele>13.1</ele>
    <time>2023-09-27T01:04:53Z</time>
   </trkpt>
   <trkpt lat="-8.6770850" lon="119.5559560">
    <ele>13.1</ele>
    <time>2023-09-27T01:04:54Z</time>
   </trkpt>
   <trkpt lat="-8.6770850" lon="119.5559560">
    <ele>13.1</ele>
    <time>2023-09-27T01:04:55Z</time>
   </trkpt>
   <trkpt lat="-8.6770850" lon="119.5559560">
    <ele>13.1</ele>
    <time>2023-09-27T01:04:56Z</time>
   </trkpt>
   <trkpt lat="-8.6770750" lon="119.5559450">
    <ele>11.8</ele>
    <time>2023-09-27T01:04:57Z</time>
   </trkpt>
   <trkpt lat="-8.6770720" lon="119.5559430">
    <ele>11.8</ele>
    <time>2023-09-27T01:04:58Z</time>
   </trkpt>
   <trkpt lat="-8.6770750" lon="119.5559390">
    <ele>11.8</ele>
    <time>2023-09-27T01:04:59Z</time>
   </trkpt>
   <trkpt lat="-8.6770750" lon="119.5559390">
    <ele>11.8</ele>
    <time>2023-09-27T01:05:00Z</time>
   </trkpt>
   <trkpt lat="-8.6770750" lon="119.5559390">
    <ele>11.8</ele>
    <time>2023-09-27T01:05:01Z</time>
   </trkpt>
   <trkpt lat="-8.6770740" lon="119.5559330">
    <ele>11.8</ele>
    <time>2023-09-27T01:05:02Z</time>
   </trkpt>
   <trkpt lat="-8.6770730" lon="119.5559350">
    <ele>11.8</ele>
    <time>2023-09-27T01:05:03Z</time>
   </trkpt>
   <trkpt lat="-8.6770740" lon="119.5559350">
    <ele>11.8</ele>
    <time>2023-09-27T01:05:04Z</time>
   </trkpt>
   <trkpt lat="-8.6770740" lon="119.5559360">
    <ele>11.8</ele>
    <time>2023-09-27T01:05:05Z</time>
   </trkpt>
   <trkpt lat="-8.6770740" lon="119.5559360">
    <ele>11.8</ele>
    <time>2023-09-27T01:05:06Z</time>
   </trkpt>
   <trkpt lat="-8.6770740" lon="119.5559370">
    <ele>11.8</ele>
    <time>2023-09-27T01:05:07Z</time>
   </trkpt>
   <trkpt lat="-8.6770740" lon="119.5559370">
    <ele>11.8</ele>
    <time>2023-09-27T01:05:08Z</time>
   </trkpt>
   <trkpt lat="-8.6770750" lon="119.5559380">
    <ele>11.8</ele>
    <time>2023-09-27T01:05:09Z</time>
   </trkpt>
   <trkpt lat="-8.6770750" lon="119.5559380">
    <ele>11.8</ele>
    <time>2023-09-27T01:05:10Z</time>
   </trkpt>
   <trkpt lat="-8.6770750" lon="119.5559390">
    <ele>11.8</ele>
    <time>2023-09-27T01:05:11Z</time>
   </trkpt>
   <trkpt lat="-8.6770750" lon="119.5559390">
    <ele>11.8</ele>
    <time>2023-09-27T01:05:12Z</time>
   </trkpt>
   <trkpt lat="-8.6770760" lon="119.5559400">
    <ele>11.8</ele>
    <time>2023-09-27T01:05:13Z</time>
   </trkpt>
   <trkpt lat="-8.6770760" lon="119.5559400">
    <ele>11.8</ele>
    <time>2023-09-27T01:05:14Z</time>
   </trkpt>
   <trkpt lat="-8.6770760" lon="119.5559410">
    <ele>11.8</ele>
    <time>2023-09-27T01:05:15Z</time>
   </trkpt>
   <trkpt lat="-8.6770760" lon="119.5559410">
    <ele>11.8</ele>
    <time>2023-09-27T01:05:16Z</time>
   </trkpt>
   <trkpt lat="-8.6770760" lon="119.5559420">
    <ele>11.8</ele>
    <time>2023-09-27T01:05:17Z</time>
   </trkpt>
   <trkpt lat="-8.6770770" lon="119.5559420">
    <ele>11.8</ele>
    <time>2023-09-27T01:05:18Z</time>
   </trkpt>
   <trkpt lat="-8.6770770" lon="119.5559430">
    <ele>11.8</ele>
    <time>2023-09-27T01:05:19Z</time>
   </trkpt>
   <trkpt lat="-8.6770770" lon="119.5559430">
    <ele>11.8</ele>
    <time>2023-09-27T01:05:20Z</time>
   </trkpt>
   <trkpt lat="-8.6770770" lon="119.5559440">
    <ele>11.8</ele>
    <time>2023-09-27T01:05:21Z</time>
   </trkpt>
   <trkpt lat="-8.6770780" lon="119.5559440">
    <ele>11.8</ele>
    <time>2023-09-27T01:05:22Z</time>
   </trkpt>
   <trkpt lat="-8.6770780" lon="119.5559450">
    <ele>11.8</ele>
    <time>2023-09-27T01:05:23Z</time>
   </trkpt>
   <trkpt lat="-8.6770780" lon="119.5559450">
    <ele>11.8</ele>
    <time>2023-09-27T01:05:24Z</time>
   </trkpt>
   <trkpt lat="-8.6770780" lon="119.5559460">
    <ele>11.8</ele>
    <time>2023-09-27T01:05:25Z</time>
   </trkpt>
   <trkpt lat="-8.6770780" lon="119.5559460">
    <ele>11.8</ele>
    <time>2023-09-27T01:05:26Z</time>
   </trkpt>
   <trkpt lat="-8.6770790" lon="119.5559470">
    <ele>11.8</ele>
    <time>2023-09-27T01:05:27Z</time>
   </trkpt>
   <trkpt lat="-8.6770790" lon="119.5559470">
    <ele>11.8</ele>
    <time>2023-09-27T01:05:28Z</time>
   </trkpt>
   <trkpt lat="-8.6770790" lon="119.5559480">
    <ele>11.8</ele>
    <time>2023-09-27T01:05:29Z</time>
   </trkpt>
   <trkpt lat="-8.6770790" lon="119.5559480">
    <ele>11.8</ele>
    <time>2023-09-27T01:05:30Z</time>
   </trkpt>
   <trkpt lat="-8.6770800" lon="119.5559490">
    <ele>11.8</ele>
    <time>2023-09-27T01:05:31Z</time>
   </trkpt>
   <trkpt lat="-8.6770800" lon="119.5559490">
    <ele>11.8</ele>
    <time>2023-09-27T01:05:32Z</time>
   </trkpt>
   <trkpt lat="-8.6770800" lon="119.5559500">
    <ele>11.8</ele>
    <time>2023-09-27T01:05:33Z</time>
   </trkpt>
   <trkpt lat="-8.6770800" lon="119.5559500">
    <ele>11.8</ele>
    <time>2023-09-27T01:05:34Z</time>
   </trkpt>
   <trkpt lat="-8.6770810" lon="119.5559510">
    <ele>11.8</ele>
    <time>2023-09-27T01:05:35Z</time>
   </trkpt>
   <trkpt lat="-8.6770810" lon="119.5559510">
    <ele>11.8</ele>
    <time>2023-09-27T01:05:36Z</time>
   </trkpt>
   <trkpt lat="-8.6770810" lon="119.5559520">
    <ele>11.8</ele>
    <time>2023-09-27T01:05:37Z</time>
   </trkpt>
   <trkpt lat="-8.6770810" lon="119.5559520">
    <ele>11.8</ele>
    <time>2023-09-27T01:05:38Z</time>
   </trkpt>
   <trkpt lat="-8.6770810" lon="119.5559530">
    <ele>11.8</ele>
    <time>2023-09-27T01:05:39Z</time>
   </trkpt>
   <trkpt lat="-8.6770820" lon="119.5559530">
    <ele>13.1</ele>
    <time>2023-09-27T01:05:40Z</time>
   </trkpt>
   <trkpt lat="-8.6770820" lon="119.5559540">
    <ele>13.1</ele>
    <time>2023-09-27T01:05:41Z</time>
   </trkpt>
   <trkpt lat="-8.6770820" lon="119.5559540">
    <ele>13.1</ele>
    <time>2023-09-27T01:05:42Z</time>
   </trkpt>
   <trkpt lat="-8.6770820" lon="119.5559550">
    <ele>13.1</ele>
    <time>2023-09-27T01:05:43Z</time>
   </trkpt>
   <trkpt lat="-8.6770830" lon="119.5559550">
    <ele>13.1</ele>
    <time>2023-09-27T01:05:44Z</time>
   </trkpt>
   <trkpt lat="-8.6770830" lon="119.5559560">
    <ele>13.1</ele>
    <time>2023-09-27T01:05:45Z</time>
   </trkpt>
   <trkpt lat="-8.6770830" lon="119.5559560">
    <ele>13.1</ele>
    <time>2023-09-27T01:05:46Z</time>
   </trkpt>
   <trkpt lat="-8.6770830" lon="119.5559570">
    <ele>13.1</ele>
    <time>2023-09-27T01:05:47Z</time>
   </trkpt>
   <trkpt lat="-8.6770830" lon="119.5559570">
    <ele>13.1</ele>
    <time>2023-09-27T01:05:48Z</time>
   </trkpt>
   <trkpt lat="-8.6770840" lon="119.5559580">
    <ele>13.1</ele>
    <time>2023-09-27T01:05:49Z</time>
   </trkpt>
   <trkpt lat="-8.6770840" lon="119.5559580">
    <ele>13.1</ele>
    <time>2023-09-27T01:05:50Z</time>
   </trkpt>
   <trkpt lat="-8.6770840" lon="119.5559590">
    <ele>13.1</ele>
    <time>2023-09-27T01:05:51Z</time>
   </trkpt>
   <trkpt lat="-8.6770840" lon="119.5559590">
    <ele>13.1</ele>
    <time>2023-09-27T01:05:52Z</time>
   </trkpt>
   <trkpt lat="-8.6770850" lon="119.5559590">
    <ele>13.1</ele>
    <time>2023-09-27T01:05:53Z</time>
   </trkpt>
   <trkpt lat="-8.6770850" lon="119.5559600">
    <ele>13.1</ele>
    <time>2023-09-27T01:05:54Z</time>
   </trkpt>
   <trkpt lat="-8.6770850" lon="119.5559600">
    <ele>13.1</ele>
    <time>2023-09-27T01:05:55Z</time>
   </trkpt>
   <trkpt lat="-8.6770850" lon="119.5559610">
    <ele>13.1</ele>
    <time>2023-09-27T01:05:56Z</time>
   </trkpt>
   <trkpt lat="-8.6770860" lon="119.5559610">
    <ele>13.1</ele>
    <time>2023-09-27T01:05:57Z</time>
   </trkpt>
   <trkpt lat="-8.6770860" lon="119.5559620">
    <ele>13.1</ele>
    <time>2023-09-27T01:05:58Z</time>
   </trkpt>
   <trkpt lat="-8.6770860" lon="119.5559620">
    <ele>13.1</ele>
    <time>2023-09-27T01:05:59Z</time>
   </trkpt>
   <trkpt lat="-8.6770860" lon="119.5559630">
    <ele>13.1</ele>
    <time>2023-09-27T01:06:00Z</time>
   </trkpt>
   <trkpt lat="-8.6770860" lon="119.5559630">
    <ele>13.1</ele>
    <time>2023-09-27T01:06:01Z</time>
   </trkpt>
   <trkpt lat="-8.6770870" lon="119.5559640">
    <ele>13.1</ele>
    <time>2023-09-27T01:06:02Z</time>
   </trkpt>
   <trkpt lat="-8.6770870" lon="119.5559640">
    <ele>13.1</ele>
    <time>2023-09-27T01:06:03Z</time>
   </trkpt>
   <trkpt lat="-8.6770870" lon="119.5559650">
    <ele>13.1</ele>
    <time>2023-09-27T01:06:04Z</time>
   </trkpt>
   <trkpt lat="-8.6770870" lon="119.5559650">
    <ele>13.1</ele>
    <time>2023-09-27T01:06:05Z</time>
   </trkpt>
   <trkpt lat="-8.6770880" lon="119.5559660">
    <ele>13.1</ele>
    <time>2023-09-27T01:06:06Z</time>
   </trkpt>
   <trkpt lat="-8.6770880" lon="119.5559660">
    <ele>13.1</ele>
    <time>2023-09-27T01:06:07Z</time>
   </trkpt>
   <trkpt lat="-8.6770880" lon="119.5559670">
    <ele>13.1</ele>
    <time>2023-09-27T01:06:08Z</time>
   </trkpt>
   <trkpt lat="-8.6770880" lon="119.5559670">
    <ele>13.1</ele>
    <time>2023-09-27T01:06:09Z</time>
   </trkpt>
   <trkpt lat="-8.6770880" lon="119.5559680">
    <ele>13.1</ele>
    <time>2023-09-27T01:06:10Z</time>
   </trkpt>
   <trkpt lat="-8.6770890" lon="119.5559680">
    <ele>13.1</ele>
    <time>2023-09-27T01:06:11Z</time>
   </trkpt>
   <trkpt lat="-8.6770890" lon="119.5559690">
    <ele>13.1</ele>
    <time>2023-09-27T01:06:12Z</time>
   </trkpt>
   <trkpt lat="-8.6770890" lon="119.5559690">
    <ele>13.1</ele>
    <time>2023-09-27T01:06:13Z</time>
   </trkpt>
   <trkpt lat="-8.6770890" lon="119.5559700">
    <ele>13.3</ele>
    <time>2023-09-27T01:06:14Z</time>
   </trkpt>
   <trkpt lat="-8.6770900" lon="119.5559700">
    <ele>13.3</ele>
    <time>2023-09-27T01:06:15Z</time>
   </trkpt>
   <trkpt lat="-8.6770900" lon="119.5559710">
    <ele>13.3</ele>
    <time>2023-09-27T01:06:16Z</time>
   </trkpt>
   <trkpt lat="-8.6770900" lon="119.5559710">
    <ele>13.3</ele>
    <time>2023-09-27T01:06:17Z</time>
   </trkpt>
   <trkpt lat="-8.6770900" lon="119.5559720">
    <ele>13.3</ele>
    <time>2023-09-27T01:06:18Z</time>
   </trkpt>
   <trkpt lat="-8.6770900" lon="119.5559720">
    <ele>13.3</ele>
    <time>2023-09-27T01:06:19Z</time>
   </trkpt>
   <trkpt lat="-8.6770910" lon="119.5559730">
    <ele>13.3</ele>
    <time>2023-09-27T01:06:20Z</time>
   </trkpt>
   <trkpt lat="-8.6770910" lon="119.5559730">
    <ele>13.3</ele>
    <time>2023-09-27T01:06:21Z</time>
   </trkpt>
   <trkpt lat="-8.6770910" lon="119.5559740">
    <ele>13.3</ele>
    <time>2023-09-27T01:06:22Z</time>
   </trkpt>
   <trkpt lat="-8.6770910" lon="119.5559740">
    <ele>13.3</ele>
    <time>2023-09-27T01:06:23Z</time>
   </trkpt>
   <trkpt lat="-8.6770920" lon="119.5559750">
    <ele>13.3</ele>
    <time>2023-09-27T01:06:24Z</time>
   </trkpt>
   <trkpt lat="-8.6770920" lon="119.5559750">
    <ele>13.3</ele>
    <time>2023-09-27T01:06:25Z</time>
   </trkpt>
   <trkpt lat="-8.6770920" lon="119.5559760">
    <ele>13.3</ele>
    <time>2023-09-27T01:06:26Z</time>
   </trkpt>
   <trkpt lat="-8.6770920" lon="119.5559760">
    <ele>13.3</ele>
    <time>2023-09-27T01:06:27Z</time>
   </trkpt>
   <trkpt lat="-8.6770930" lon="119.5559770">
    <ele>13.3</ele>
    <time>2023-09-27T01:06:28Z</time>
   </trkpt>
   <trkpt lat="-8.6770930" lon="119.5559770">
    <ele>13.3</ele>
    <time>2023-09-27T01:06:29Z</time>
   </trkpt>
   <trkpt lat="-8.6770930" lon="119.5559780">
    <ele>13.3</ele>
    <time>2023-09-27T01:06:30Z</time>
   </trkpt>
   <trkpt lat="-8.6770930" lon="119.5559780">
    <ele>13.3</ele>
    <time>2023-09-27T01:06:31Z</time>
   </trkpt>
   <trkpt lat="-8.6770930" lon="119.5559790">
    <ele>13.3</ele>
    <time>2023-09-27T01:06:32Z</time>
   </trkpt>
   <trkpt lat="-8.6770940" lon="119.5559790">
    <ele>13.3</ele>
    <time>2023-09-27T01:06:33Z</time>
   </trkpt>
   <trkpt lat="-8.6770940" lon="119.5559800">
    <ele>13.3</ele>
    <time>2023-09-27T01:06:34Z</time>
   </trkpt>
   <trkpt lat="-8.6770940" lon="119.5559800">
    <ele>13.3</ele>
    <time>2023-09-27T01:06:35Z</time>
   </trkpt>
   <trkpt lat="-8.6770940" lon="119.5559810">
    <ele>13.3</ele>
    <time>2023-09-27T01:06:36Z</time>
   </trkpt>
   <trkpt lat="-8.6770950" lon="119.5559810">
    <ele>13.3</ele>
    <time>2023-09-27T01:06:37Z</time>
   </trkpt>
   <trkpt lat="-8.6770950" lon="119.5559820">
    <ele>13.3</ele>
    <time>2023-09-27T01:06:38Z</time>
   </trkpt>
   <trkpt lat="-8.6770950" lon="119.5559820">
    <ele>13.3</ele>
    <time>2023-09-27T01:06:39Z</time>
   </trkpt>
   <trkpt lat="-8.6770950" lon="119.5559830">
    <ele>13.3</ele>
    <time>2023-09-27T01:06:40Z</time>
   </trkpt>
   <trkpt lat="-8.6770950" lon="119.5559830">
    <ele>13.3</ele>
    <time>2023-09-27T01:06:41Z</time>
   </trkpt>
   <trkpt lat="-8.6770960" lon="119.5559840">
    <ele>13.3</ele>
    <time>2023-09-27T01:06:42Z</time>
   </trkpt>
   <trkpt lat="-8.6770960" lon="119.5559840">
    <ele>13.3</ele>
    <time>2023-09-27T01:06:43Z</time>
   </trkpt>
   <trkpt lat="-8.6770960" lon="119.5559850">
    <ele>13.3</ele>
    <time>2023-09-27T01:06:44Z</time>
   </trkpt>
   <trkpt lat="-8.6770960" lon="119.5559850">
    <ele>13.3</ele>
    <time>2023-09-27T01:06:45Z</time>
   </trkpt>
   <trkpt lat="-8.6770970" lon="119.5559860">
    <ele>13.3</ele>
    <time>2023-09-27T01:06:46Z</time>
   </trkpt>
   <trkpt lat="-8.6770970" lon="119.5559860">
    <ele>13.3</ele>
    <time>2023-09-27T01:06:47Z</time>
   </trkpt>
   <trkpt lat="-8.6770970" lon="119.5559870">
    <ele>13.3</ele>
    <time>2023-09-27T01:06:48Z</time>
   </trkpt>
   <trkpt lat="-8.6770970" lon="119.5559870">
    <ele>13.3</ele>
    <time>2023-09-27T01:06:49Z</time>
   </trkpt>
   <trkpt lat="-8.6770970" lon="119.5559880">
    <ele>13.3</ele>
    <time>2023-09-27T01:06:50Z</time>
   </trkpt>
   <trkpt lat="-8.6770980" lon="119.5559880">
    <ele>13.3</ele>
    <time>2023-09-27T01:06:51Z</time>
   </trkpt>
   <trkpt lat="-8.6770980" lon="119.5559890">
    <ele>13.3</ele>
    <time>2023-09-27T01:06:52Z</time>
   </trkpt>
   <trkpt lat="-8.6770980" lon="119.5559890">
    <ele>13.3</ele>
    <time>2023-09-27T01:06:53Z</time>
   </trkpt>
   <trkpt lat="-8.6770980" lon="119.5559900">
    <ele>13.3</ele>
    <time>2023-09-27T01:06:54Z</time>
   </trkpt>
   <trkpt lat="-8.6770990" lon="119.5559900">
    <ele>13.3</ele>
    <time>2023-09-27T01:06:55Z</time>
   </trkpt>
   <trkpt lat="-8.6770990" lon="119.5559910">
    <ele>13.3</ele>
    <time>2023-09-27T01:06:56Z</time>
   </trkpt>
   <trkpt lat="-8.6770990" lon="119.5559910">
    <ele>13.3</ele>
    <time>2023-09-27T01:06:57Z</time>
   </trkpt>
   <trkpt lat="-8.6770990" lon="119.5559920">
    <ele>13.3</ele>
    <time>2023-09-27T01:06:58Z</time>
   </trkpt>
   <trkpt lat="-8.6771000" lon="119.5559920">
    <ele>13.3</ele>
    <time>2023-09-27T01:06:59Z</time>
   </trkpt>
   <trkpt lat="-8.6771000" lon="119.5559930">
    <ele>13.3</ele>
    <time>2023-09-27T01:07:00Z</time>
   </trkpt>
   <trkpt lat="-8.6771000" lon="119.5559930">
    <ele>13.3</ele>
    <time>2023-09-27T01:07:01Z</time>
   </trkpt>
   <trkpt lat="-8.6771000" lon="119.5559940">
    <ele>13.3</ele>
    <time>2023-09-27T01:07:02Z</time>
   </trkpt>
   <trkpt lat="-8.6771000" lon="119.5559940">
    <ele>13.3</ele>
    <time>2023-09-27T01:07:03Z</time>
   </trkpt>
   <trkpt lat="-8.6771010" lon="119.5559950">
    <ele>13.3</ele>
    <time>2023-09-27T01:07:04Z</time>
   </trkpt>
   <trkpt lat="-8.6771010" lon="119.5559950">
    <ele>13.3</ele>
    <time>2023-09-27T01:07:05Z</time>
   </trkpt>
   <trkpt lat="-8.6771010" lon="119.5559960">
    <ele>13.3</ele>
    <time>2023-09-27T01:07:06Z</time>
   </trkpt>
   <trkpt lat="-8.6771010" lon="119.5559960">
    <ele>13.3</ele>
    <time>2023-09-27T01:07:07Z</time>
   </trkpt>
   <trkpt lat="-8.6771020" lon="119.5559970">
    <ele>13.3</ele>
    <time>2023-09-27T01:07:08Z</time>
   </trkpt>
   <trkpt lat="-8.6771020" lon="119.5559970">
    <ele>13.3</ele>
    <time>2023-09-27T01:07:09Z</time>
   </trkpt>
   <trkpt lat="-8.6771070" lon="119.5559950">
    <ele>13.3</ele>
    <time>2023-09-27T01:07:10Z</time>
   </trkpt>
   <trkpt lat="-8.6771080" lon="119.5559920">
    <ele>13.3</ele>
    <time>2023-09-27T01:07:11Z</time>
   </trkpt>
   <trkpt lat="-8.6771120" lon="119.5559870">
    <ele>13.3</ele>
    <time>2023-09-27T01:07:12Z</time>
   </trkpt>
   <trkpt lat="-8.6771150" lon="119.5559890">
    <ele>13.3</ele>
    <time>2023-09-27T01:07:13Z</time>
   </trkpt>
   <trkpt lat="-8.6771240" lon="119.5559870">
    <ele>13.3</ele>
    <time>2023-09-27T01:07:14Z</time>
   </trkpt>
   <trkpt lat="-8.6771260" lon="119.5559830">
    <ele>14.4</ele>
    <time>2023-09-27T01:07:15Z</time>
   </trkpt>
   <trkpt lat="-8.6771420" lon="119.5559820">
    <ele>14.4</ele>
    <time>2023-09-27T01:07:16Z</time>
   </trkpt>
   <trkpt lat="-8.6771470" lon="119.5559800">
    <ele>14.4</ele>
    <time>2023-09-27T01:07:17Z</time>
   </trkpt>
   <trkpt lat="-8.6771520" lon="119.5559780">
    <ele>14.4</ele>
    <time>2023-09-27T01:07:18Z</time>
   </trkpt>
   <trkpt lat="-8.6771570" lon="119.5559760">
    <ele>14.4</ele>
    <time>2023-09-27T01:07:19Z</time>
   </trkpt>
   <trkpt lat="-8.6771620" lon="119.5559740">
    <ele>14.4</ele>
    <time>2023-09-27T01:07:20Z</time>
   </trkpt>
   <trkpt lat="-8.6771640" lon="119.5559770">
    <ele>14.4</ele>
    <time>2023-09-27T01:07:21Z</time>
   </trkpt>
   <trkpt lat="-8.6771610" lon="119.5559780">
    <ele>14.4</ele>
    <time>2023-09-27T01:07:22Z</time>
   </trkpt>
   <trkpt lat="-8.6771630" lon="119.5559750">
    <ele>14.4</ele>
    <time>2023-09-27T01:07:23Z</time>
   </trkpt>
   <trkpt lat="-8.6771650" lon="119.5559760">
    <ele>14.4</ele>
    <time>2023-09-27T01:07:24Z</time>
   </trkpt>
   <trkpt lat="-8.6771700" lon="119.5559770">
    <ele>16.0</ele>
    <time>2023-09-27T01:07:25Z</time>
   </trkpt>
   <trkpt lat="-8.6771710" lon="119.5559750">
    <ele>16.0</ele>
    <time>2023-09-27T01:07:26Z</time>
   </trkpt>
   <trkpt lat="-8.6771690" lon="119.5559750">
    <ele>16.0</ele>
    <time>2023-09-27T01:07:27Z</time>
   </trkpt>
   <trkpt lat="-8.6771670" lon="119.5559750">
    <ele>16.0</ele>
    <time>2023-09-27T01:07:28Z</time>
   </trkpt>
   <trkpt lat="-8.6771710" lon="119.5559720">
    <ele>16.0</ele>
    <time>2023-09-27T01:07:29Z</time>
   </trkpt>
   <trkpt lat="-8.6771690" lon="119.5559690">
    <ele>15.9</ele>
    <time>2023-09-27T01:07:30Z</time>
   </trkpt>
   <trkpt lat="-8.6771720" lon="119.5559630">
    <ele>15.9</ele>
    <time>2023-09-27T01:07:31Z</time>
   </trkpt>
   <trkpt lat="-8.6771720" lon="119.5559620">
    <ele>15.9</ele>
    <time>2023-09-27T01:07:32Z</time>
   </trkpt>
   <trkpt lat="-8.6771710" lon="119.5559620">
    <ele>15.9</ele>
    <time>2023-09-27T01:07:33Z</time>
   </trkpt>
   <trkpt lat="-8.6771710" lon="119.5559670">
    <ele>15.9</ele>
    <time>2023-09-27T01:07:34Z</time>
   </trkpt>
   <trkpt lat="-8.6771690" lon="119.5559700">
    <ele>16.0</ele>
    <time>2023-09-27T01:07:35Z</time>
   </trkpt>
   <trkpt lat="-8.6771650" lon="119.5559750">
    <ele>14.4</ele>
    <time>2023-09-27T01:07:36Z</time>
   </trkpt>
   <trkpt lat="-8.6771730" lon="119.5559660">
    <ele>15.9</ele>
    <time>2023-09-27T01:07:37Z</time>
   </trkpt>
   <trkpt lat="-8.6771820" lon="119.5559560">
    <ele>15.9</ele>
    <time>2023-09-27T01:07:38Z</time>
   </trkpt>
   <trkpt lat="-8.6771830" lon="119.5559570">
    <ele>15.9</ele>
    <time>2023-09-27T01:07:39Z</time>
   </trkpt>
   <trkpt lat="-8.6771760" lon="119.5559670">
    <ele>15.9</ele>
    <time>2023-09-27T01:07:40Z</time>
   </trkpt>
   <trkpt lat="-8.6771760" lon="119.5559670">
    <ele>15.9</ele>
    <time>2023-09-27T01:07:41Z</time>
   </trkpt>
   <trkpt lat="-8.6771760" lon="119.5559670">
    <ele>15.9</ele>
    <time>2023-09-27T01:07:42Z</time>
   </trkpt>
   <trkpt lat="-8.6771760" lon="119.5559670">
    <ele>15.9</ele>
    <time>2023-09-27T01:07:43Z</time>
   </trkpt>
   <trkpt lat="-8.6771760" lon="119.5559670">
    <ele>15.9</ele>
    <time>2023-09-27T01:07:44Z</time>
   </trkpt>
   <trkpt lat="-8.6771760" lon="119.5559670">
    <ele>15.9</ele>
    <time>2023-09-27T01:07:45Z</time>
   </trkpt>
   <trkpt lat="-8.6771640" lon="119.5559720">
    <ele>14.4</ele>
    <time>2023-09-27T01:07:46Z</time>
   </trkpt>
   <trkpt lat="-8.6771640" lon="119.5559720">
    <ele>14.4</ele>
    <time>2023-09-27T01:07:47Z</time>
   </trkpt>
   <trkpt lat="-8.6771640" lon="119.5559720">
    <ele>14.4</ele>
    <time>2023-09-27T01:07:48Z</time>
   </trkpt>
   <trkpt lat="-8.6771640" lon="119.5559720">
    <ele>14.4</ele>
    <time>2023-09-27T01:07:49Z</time>
   </trkpt>
   <trkpt lat="-8.6771650" lon="119.5559680">
    <ele>14.3</ele>
    <time>2023-09-27T01:07:50Z</time>
   </trkpt>
   <trkpt lat="-8.6771650" lon="119.5559680">
    <ele>14.3</ele>
    <time>2023-09-27T01:07:51Z</time>
   </trkpt>
   <trkpt lat="-8.6771630" lon="119.5559690">
    <ele>14.3</ele>
    <time>2023-09-27T01:07:52Z</time>
   </trkpt>
   <trkpt lat="-8.6771640" lon="119.5559720">
    <ele>14.4</ele>
    <time>2023-09-27T01:07:53Z</time>
   </trkpt>
   <trkpt lat="-8.6771640" lon="119.5559720">
    <ele>14.4</ele>
    <time>2023-09-27T01:07:54Z</time>
   </trkpt>
   <trkpt lat="-8.6771640" lon="119.5559720">
    <ele>14.4</ele>
    <time>2023-09-27T01:07:55Z</time>
   </trkpt>
   <trkpt lat="-8.6771640" lon="119.5559720">
    <ele>14.4</ele>
    <time>2023-09-27T01:07:56Z</time>
   </trkpt>
   <trkpt lat="-8.6771640" lon="119.5559720">
    <ele>14.4</ele>
    <time>2023-09-27T01:07:57Z</time>
   </trkpt>
   <trkpt lat="-8.6771640" lon="119.5559720">
    <ele>14.4</ele>
    <time>2023-09-27T01:07:58Z</time>
   </trkpt>
   <trkpt lat="-8.6771640" lon="119.5559720">
    <ele>14.4</ele>
    <time>2023-09-27T01:07:59Z</time>
   </trkpt>
   <trkpt lat="-8.6771640" lon="119.5559720">
    <ele>14.4</ele>
    <time>2023-09-27T01:08:00Z</time>
   </trkpt>
   <trkpt lat="-8.6771640" lon="119.5559720">
    <ele>14.4</ele>
    <time>2023-09-27T01:08:01Z</time>
   </trkpt>
   <trkpt lat="-8.6771640" lon="119.5559720">
    <ele>14.4</ele>
    <time>2023-09-27T01:08:02Z</time>
   </trkpt>
   <trkpt lat="-8.6771640" lon="119.5559720">
    <ele>14.4</ele>
    <time>2023-09-27T01:08:03Z</time>
   </trkpt>
   <trkpt lat="-8.6771640" lon="119.5559720">
    <ele>14.4</ele>
    <time>2023-09-27T01:08:04Z</time>
   </trkpt>
   <trkpt lat="-8.6771640" lon="119.5559720">
    <ele>14.4</ele>
    <time>2023-09-27T01:08:05Z</time>
   </trkpt>
   <trkpt lat="-8.6771530" lon="119.5559680">
    <ele>14.3</ele>
    <time>2023-09-27T01:08:06Z</time>
   </trkpt>
   <trkpt lat="-8.6771520" lon="119.5559680">
    <ele>14.3</ele>
    <time>2023-09-27T01:08:07Z</time>
   </trkpt>
   <trkpt lat="-8.6771530" lon="119.5559690">
    <ele>14.3</ele>
    <time>2023-09-27T01:08:08Z</time>
   </trkpt>
   <trkpt lat="-8.6771530" lon="119.5559690">
    <ele>14.3</ele>
    <time>2023-09-27T01:08:09Z</time>
   </trkpt>
   <trkpt lat="-8.6771530" lon="119.5559690">
    <ele>14.3</ele>
    <time>2023-09-27T01:08:10Z</time>
   </trkpt>
   <trkpt lat="-8.6771530" lon="119.5559690">
    <ele>14.3</ele>
    <time>2023-09-27T01:08:11Z</time>
   </trkpt>
   <trkpt lat="-8.6771530" lon="119.5559690">
    <ele>14.3</ele>
    <time>2023-09-27T01:08:12Z</time>
   </trkpt>
   <trkpt lat="-8.6771530" lon="119.5559690">
    <ele>14.3</ele>
    <time>2023-09-27T01:08:13Z</time>
   </trkpt>
   <trkpt lat="-8.6771530" lon="119.5559690">
    <ele>14.3</ele>
    <time>2023-09-27T01:08:14Z</time>
   </trkpt>
   <trkpt lat="-8.6771530" lon="119.5559690">
    <ele>14.3</ele>
    <time>2023-09-27T01:08:15Z</time>
   </trkpt>
   <trkpt lat="-8.6771530" lon="119.5559690">
    <ele>14.3</ele>
    <time>2023-09-27T01:08:16Z</time>
   </trkpt>
   <trkpt lat="-8.6771590" lon="119.5559640">
    <ele>14.3</ele>
    <time>2023-09-27T01:08:17Z</time>
   </trkpt>
   <trkpt lat="-8.6771590" lon="119.5559640">
    <ele>14.3</ele>
    <time>2023-09-27T01:08:18Z</time>
   </trkpt>
   <trkpt lat="-8.6771590" lon="119.5559640">
    <ele>14.3</ele>
    <time>2023-09-27T01:08:19Z</time>
   </trkpt>
   <trkpt lat="-8.6771590" lon="119.5559640">
    <ele>14.3</ele>
    <time>2023-09-27T01:08:20Z</time>
   </trkpt>
   <trkpt lat="-8.6771590" lon="119.5559640">
    <ele>14.3</ele>
    <time>2023-09-27T01:08:21Z</time>
   </trkpt>
   <trkpt lat="-8.6771590" lon="119.5559640">
    <ele>14.3</ele>
    <time>2023-09-27T01:08:22Z</time>
   </trkpt>
  </trkseg>
 </trk>
</gpx>
