<?xml version='1.0' encoding='UTF-8'?><gpx creator="YAMAP - https://yamap.com" xsi:schemaLocation="http://www.topografix.com/GPX/1/1 http://www.topografix.com/GPX/1/1/gpx.xsd" version="1.1" xmlns="http://www.topografix.com/GPX/1/1" xmlns:xsi="http://www.w3.org/2001/XMLSchema-instance"><metadata><bounds maxlat="36.545823" maxlon="140.33508" minlat="36.536479" minlon="140.297779"/></metadata><trk><name>Gozenyama trail run 10k</name><number>1</number><trkseg><trkpt lat="36.545217" lon="140.334099"><ele>27.6</ele><time>2021-11-07T01:36:16Z</time></trkpt><trkpt lat="36.545203" lon="140.334137"><ele>27.5</ele><time>2021-11-07T01:36:17Z</time></trkpt><trkpt lat="36.545168" lon="140.334229"><ele>27.2</ele><time>2021-11-07T01:36:19Z</time></trkpt><trkpt lat="36.545125" lon="140.334366"><ele>26.7</ele><time>2021-11-07T01:36:22Z</time></trkpt><trkpt lat="36.545092" lon="140.334472"><ele>26.4</ele><time>2021-11-07T01:36:24Z</time></trkpt><trkpt lat="36.545045" lon="140.334626"><ele>26.0</ele><time>2021-11-07T01:36:27Z</time></trkpt><trkpt lat="36.545022" lon="140.334725"><ele>25.8</ele><time>2021-11-07T01:36:29Z</time></trkpt><trkpt lat="36.544994" lon="140.334847"><ele>25.6</ele><time>2021-11-07T01:36:32Z</time></trkpt><trkpt lat="36.544995" lon="140.33493"><ele>25.5</ele><time>2021-11-07T01:36:34Z</time></trkpt><trkpt lat="36.545008" lon="140.335001"><ele>25.3</ele><time>2021-11-07T01:36:37Z</time></trkpt><trkpt lat="36.545005" lon="140.335045"><ele>25.2</ele><time>2021-11-07T01:36:39Z</time></trkpt><trkpt lat="36.54497" lon="140.33508"><ele>25.2</ele><time>2021-11-07T01:36:42Z</time></trkpt><trkpt lat="36.544896" lon="140.335069"><ele>25.1</ele><time>2021-11-07T01:36:45Z</time></trkpt><trkpt lat="36.544834" lon="140.335058"><ele>26.2</ele><time>2021-11-07T01:36:47Z</time></trkpt><trkpt lat="36.544741" lon="140.335046"><ele>27.8</ele><time>2021-11-07T01:36:50Z</time></trkpt><trkpt lat="36.54467" lon="140.335033"><ele>28.8</ele><time>2021-11-07T01:36:52Z</time></trkpt><trkpt lat="36.544593" lon="140.335003"><ele>30.0</ele><time>2021-11-07T01:36:55Z</time></trkpt><trkpt lat="36.544543" lon="140.334981"><ele>30.6</ele><time>2021-11-07T01:36:57Z</time></trkpt><trkpt lat="36.544474" lon="140.334931"><ele>31.3</ele><time>2021-11-07T01:37:00Z</time></trkpt><trkpt lat="36.544416" lon="140.334894"><ele>31.7</ele><time>2021-11-07T01:37:02Z</time></trkpt><trkpt lat="36.544311" lon="140.334854"><ele>32.1</ele><time>2021-11-07T01:37:05Z</time></trkpt><trkpt lat="36.544247" lon="140.334835"><ele>32.4</ele><time>2021-11-07T01:37:07Z</time></trkpt><trkpt lat="36.54416" lon="140.334809"><ele>33.0</ele><time>2021-11-07T01:37:10Z</time></trkpt><trkpt lat="36.544097" lon="140.334775"><ele>33.2</ele><time>2021-11-07T01:37:12Z</time></trkpt><trkpt lat="36.544003" lon="140.334725"><ele>33.7</ele><time>2021-11-07T01:37:15Z</time></trkpt><trkpt lat="36.543934" lon="140.334669"><ele>33.7</ele><time>2021-11-07T01:37:18Z</time></trkpt><trkpt lat="36.543911" lon="140.334646"><ele>34.0</ele><time>2021-11-07T01:37:20Z</time></trkpt><trkpt lat="36.543922" lon="140.334606"><ele>33.3</ele><time>2021-11-07T01:37:23Z</time></trkpt><trkpt lat="36.543859" lon="140.334474"><ele>31.8</ele><time>2021-11-07T01:37:28Z</time></trkpt><trkpt lat="36.543807" lon="140.334407"><ele>30.6</ele><time>2021-11-07T01:37:30Z</time></trkpt><trkpt lat="36.543722" lon="140.334304"><ele>29.8</ele><time>2021-11-07T01:37:33Z</time></trkpt><trkpt lat="36.543674" lon="140.334269"><ele>30.0</ele><time>2021-11-07T01:37:35Z</time></trkpt><trkpt lat="36.543609" lon="140.33423"><ele>30.8</ele><time>2021-11-07T01:37:38Z</time></trkpt><trkpt lat="36.543557" lon="140.33421"><ele>32.0</ele><time>2021-11-07T01:37:40Z</time></trkpt><trkpt lat="36.543472" lon="140.334174"><ele>33.5</ele><time>2021-11-07T01:37:43Z</time></trkpt><trkpt lat="36.543401" lon="140.334121"><ele>35.4</ele><time>2021-11-07T01:37:46Z</time></trkpt><trkpt lat="36.543352" lon="140.334084"><ele>37.0</ele><time>2021-11-07T01:37:48Z</time></trkpt><trkpt lat="36.543283" lon="140.334023"><ele>37.8</ele><time>2021-11-07T01:37:51Z</time></trkpt><trkpt lat="36.543235" lon="140.333979"><ele>38.4</ele><time>2021-11-07T01:37:53Z</time></trkpt><trkpt lat="36.543176" lon="140.333915"><ele>40.4</ele><time>2021-11-07T01:37:56Z</time></trkpt><trkpt lat="36.543147" lon="140.333897"><ele>41.2</ele><time>2021-11-07T01:37:58Z</time></trkpt><trkpt lat="36.543089" lon="140.333836"><ele>41.7</ele><time>2021-11-07T01:38:01Z</time></trkpt><trkpt lat="36.543068" lon="140.333795"><ele>42.0</ele><time>2021-11-07T01:38:03Z</time></trkpt><trkpt lat="36.543039" lon="140.333728"><ele>41.9</ele><time>2021-11-07T01:38:06Z</time></trkpt><trkpt lat="36.543029" lon="140.333689"><ele>41.7</ele><time>2021-11-07T01:38:08Z</time></trkpt><trkpt lat="36.543004" lon="140.333639"><ele>41.6</ele><time>2021-11-07T01:38:11Z</time></trkpt><trkpt lat="36.542984" lon="140.333589"><ele>41.3</ele><time>2021-11-07T01:38:13Z</time></trkpt><trkpt lat="36.54294" lon="140.333519"><ele>41.0</ele><time>2021-11-07T01:38:16Z</time></trkpt><trkpt lat="36.542866" lon="140.333467"><ele>41.2</ele><time>2021-11-07T01:38:19Z</time></trkpt><trkpt lat="36.542819" lon="140.333446"><ele>41.6</ele><time>2021-11-07T01:38:21Z</time></trkpt><trkpt lat="36.542752" lon="140.33341"><ele>41.2</ele><time>2021-11-07T01:38:24Z</time></trkpt><trkpt lat="36.542756" lon="140.333377"><ele>40.8</ele><time>2021-11-07T01:38:26Z</time></trkpt><trkpt lat="36.542706" lon="140.333328"><ele>39.8</ele><time>2021-11-07T01:38:29Z</time></trkpt><trkpt lat="36.542683" lon="140.333272"><ele>39.6</ele><time>2021-11-07T01:38:31Z</time></trkpt><trkpt lat="36.542616" lon="140.333196"><ele>39.9</ele><time>2021-11-07T01:38:34Z</time></trkpt><trkpt lat="36.54258" lon="140.333142"><ele>40.3</ele><time>2021-11-07T01:38:36Z</time></trkpt><trkpt lat="36.542562" lon="140.33305"><ele>40.4</ele><time>2021-11-07T01:38:39Z</time></trkpt><trkpt lat="36.542527" lon="140.333014"><ele>40.3</ele><time>2021-11-07T01:38:41Z</time></trkpt><trkpt lat="36.542309" lon="140.332684"><ele>40.5</ele><time>2021-11-07T01:39:02Z</time></trkpt><trkpt lat="36.542269" lon="140.332667"><ele>40.7</ele><time>2021-11-07T01:39:04Z</time></trkpt><trkpt lat="36.542206" lon="140.332611"><ele>41.6</ele><time>2021-11-07T01:39:07Z</time></trkpt><trkpt lat="36.542158" lon="140.332587"><ele>41.8</ele><time>2021-11-07T01:39:09Z</time></trkpt><trkpt lat="36.542089" lon="140.332552"><ele>42.9</ele><time>2021-11-07T01:39:12Z</time></trkpt><trkpt lat="36.542049" lon="140.332502"><ele>44.7</ele><time>2021-11-07T01:39:14Z</time></trkpt><trkpt lat="36.542018" lon="140.332454"><ele>45.5</ele><time>2021-11-07T01:39:17Z</time></trkpt><trkpt lat="36.542013" lon="140.332376"><ele>45.1</ele><time>2021-11-07T01:39:20Z</time></trkpt><trkpt lat="36.541968" lon="140.332329"><ele>45.7</ele><time>2021-11-07T01:39:22Z</time></trkpt><trkpt lat="36.541908" lon="140.33227"><ele>47.2</ele><time>2021-11-07T01:39:25Z</time></trkpt><trkpt lat="36.541879" lon="140.33222"><ele>48.2</ele><time>2021-11-07T01:39:27Z</time></trkpt><trkpt lat="36.54184" lon="140.33215"><ele>49.1</ele><time>2021-11-07T01:39:30Z</time></trkpt><trkpt lat="36.541883" lon="140.332093"><ele>48.7</ele><time>2021-11-07T01:39:32Z</time></trkpt><trkpt lat="36.541865" lon="140.332047"><ele>49.4</ele><time>2021-11-07T01:39:35Z</time></trkpt><trkpt lat="36.541859" lon="140.332039"><ele>49.4</ele><time>2021-11-07T01:39:37Z</time></trkpt><trkpt lat="36.541826" lon="140.332056"><ele>49.6</ele><time>2021-11-07T01:39:42Z</time></trkpt><trkpt lat="36.541714" lon="140.332082"><ele>50.4</ele><time>2021-11-07T01:39:48Z</time></trkpt><trkpt lat="36.541663" lon="140.332049"><ele>51.2</ele><time>2021-11-07T01:39:50Z</time></trkpt><trkpt lat="36.54162" lon="140.331962"><ele>51.1</ele><time>2021-11-07T01:39:53Z</time></trkpt><trkpt lat="36.541599" lon="140.331926"><ele>51.3</ele><time>2021-11-07T01:39:55Z</time></trkpt><trkpt lat="36.541559" lon="140.331872"><ele>51.8</ele><time>2021-11-07T01:39:58Z</time></trkpt><trkpt lat="36.54151" lon="140.331839"><ele>52.5</ele><time>2021-11-07T01:40:00Z</time></trkpt><trkpt lat="36.541479" lon="140.331757"><ele>53.3</ele><time>2021-11-07T01:40:03Z</time></trkpt><trkpt lat="36.541483" lon="140.33171"><ele>53.3</ele><time>2021-11-07T01:40:05Z</time></trkpt><trkpt lat="36.541481" lon="140.331655"><ele>53.3</ele><time>2021-11-07T01:40:08Z</time></trkpt><trkpt lat="36.541475" lon="140.331618"><ele>53.3</ele><time>2021-11-07T01:40:10Z</time></trkpt><trkpt lat="36.541451" lon="140.331544"><ele>54.1</ele><time>2021-11-07T01:40:13Z</time></trkpt><trkpt lat="36.541432" lon="140.33149"><ele>54.8</ele><time>2021-11-07T01:40:15Z</time></trkpt><trkpt lat="36.541446" lon="140.331445"><ele>54.0</ele><time>2021-11-07T01:40:18Z</time></trkpt><trkpt lat="36.541505" lon="140.331314"><ele>52.8</ele><time>2021-11-07T01:40:23Z</time></trkpt><trkpt lat="36.541541" lon="140.331288"><ele>52.2</ele><time>2021-11-07T01:40:26Z</time></trkpt><trkpt lat="36.541603" lon="140.331245"><ele>52.3</ele><time>2021-11-07T01:40:28Z</time></trkpt><trkpt lat="36.54167" lon="140.331161"><ele>52.3</ele><time>2021-11-07T01:40:31Z</time></trkpt><trkpt lat="36.541709" lon="140.331083"><ele>52.0</ele><time>2021-11-07T01:40:33Z</time></trkpt><trkpt lat="36.54175" lon="140.331006"><ele>51.6</ele><time>2021-11-07T01:40:36Z</time></trkpt><trkpt lat="36.541777" lon="140.330962"><ele>51.4</ele><time>2021-11-07T01:40:38Z</time></trkpt><trkpt lat="36.541806" lon="140.330898"><ele>50.7</ele><time>2021-11-07T01:40:41Z</time></trkpt><trkpt lat="36.541822" lon="140.330848"><ele>50.4</ele><time>2021-11-07T01:40:43Z</time></trkpt><trkpt lat="36.541838" lon="140.330804"><ele>50.3</ele><time>2021-11-07T01:40:46Z</time></trkpt><trkpt lat="36.541857" lon="140.330679"><ele>50.6</ele><time>2021-11-07T01:40:49Z</time></trkpt><trkpt lat="36.541861" lon="140.330597"><ele>50.6</ele><time>2021-11-07T01:40:51Z</time></trkpt><trkpt lat="36.541859" lon="140.330525"><ele>50.6</ele><time>2021-11-07T01:40:54Z</time></trkpt><trkpt lat="36.541854" lon="140.330495"><ele>50.6</ele><time>2021-11-07T01:40:56Z</time></trkpt><trkpt lat="36.541844" lon="140.330412"><ele>50.6</ele><time>2021-11-07T01:40:59Z</time></trkpt><trkpt lat="36.541835" lon="140.33035"><ele>50.6</ele><time>2021-11-07T01:41:01Z</time></trkpt><trkpt lat="36.541815" lon="140.330247"><ele>50.5</ele><time>2021-11-07T01:41:04Z</time></trkpt><trkpt lat="36.541805" lon="140.330169"><ele>50.5</ele><time>2021-11-07T01:41:06Z</time></trkpt><trkpt lat="36.541791" lon="140.330073"><ele>50.4</ele><time>2021-11-07T01:41:09Z</time></trkpt><trkpt lat="36.541786" lon="140.330002"><ele>50.4</ele><time>2021-11-07T01:41:11Z</time></trkpt><trkpt lat="36.54177" lon="140.329919"><ele>50.5</ele><time>2021-11-07T01:41:14Z</time></trkpt><trkpt lat="36.541753" lon="140.329864"><ele>50.6</ele><time>2021-11-07T01:41:17Z</time></trkpt><trkpt lat="36.541738" lon="140.329814"><ele>50.7</ele><time>2021-11-07T01:41:19Z</time></trkpt><trkpt lat="36.541713" lon="140.329756"><ele>50.7</ele><time>2021-11-07T01:41:22Z</time></trkpt><trkpt lat="36.541693" lon="140.329706"><ele>50.8</ele><time>2021-11-07T01:41:24Z</time></trkpt><trkpt lat="36.541659" lon="140.329572"><ele>50.9</ele><time>2021-11-07T01:41:27Z</time></trkpt><trkpt lat="36.541615" lon="140.329483"><ele>50.9</ele><time>2021-11-07T01:41:29Z</time></trkpt><trkpt lat="36.541557" lon="140.329336"><ele>50.9</ele><time>2021-11-07T01:41:32Z</time></trkpt><trkpt lat="36.541519" lon="140.329258"><ele>50.9</ele><time>2021-11-07T01:41:34Z</time></trkpt><trkpt lat="36.541476" lon="140.329162"><ele>50.9</ele><time>2021-11-07T01:41:37Z</time></trkpt><trkpt lat="36.541443" lon="140.32909"><ele>50.9</ele><time>2021-11-07T01:41:39Z</time></trkpt><trkpt lat="36.541411" lon="140.328992"><ele>50.9</ele><time>2021-11-07T01:41:42Z</time></trkpt><trkpt lat="36.541388" lon="140.328921"><ele>50.9</ele><time>2021-11-07T01:41:44Z</time></trkpt><trkpt lat="36.541371" lon="140.328833"><ele>50.9</ele><time>2021-11-07T01:41:47Z</time></trkpt><trkpt lat="36.541328" lon="140.328731"><ele>50.9</ele><time>2021-11-07T01:41:50Z</time></trkpt><trkpt lat="36.541296" lon="140.328658"><ele>50.8</ele><time>2021-11-07T01:41:52Z</time></trkpt><trkpt lat="36.541248" lon="140.328583"><ele>50.8</ele><time>2021-11-07T01:41:55Z</time></trkpt><trkpt lat="36.541217" lon="140.328531"><ele>50.8</ele><time>2021-11-07T01:41:57Z</time></trkpt><trkpt lat="36.541177" lon="140.328418"><ele>50.8</ele><time>2021-11-07T01:42:00Z</time></trkpt><trkpt lat="36.541164" lon="140.328335"><ele>50.8</ele><time>2021-11-07T01:42:02Z</time></trkpt><trkpt lat="36.541155" lon="140.328228"><ele>50.8</ele><time>2021-11-07T01:42:05Z</time></trkpt><trkpt lat="36.541143" lon="140.328161"><ele>50.8</ele><time>2021-11-07T01:42:07Z</time></trkpt><trkpt lat="36.541088" lon="140.328072"><ele>50.8</ele><time>2021-11-07T01:42:10Z</time></trkpt><trkpt lat="36.54104" lon="140.328012"><ele>50.8</ele><time>2021-11-07T01:42:12Z</time></trkpt><trkpt lat="36.540998" lon="140.327936"><ele>50.9</ele><time>2021-11-07T01:42:15Z</time></trkpt><trkpt lat="36.54098" lon="140.327848"><ele>50.9</ele><time>2021-11-07T01:42:17Z</time></trkpt><trkpt lat="36.540955" lon="140.327743"><ele>51.1</ele><time>2021-11-07T01:42:20Z</time></trkpt><trkpt lat="36.540938" lon="140.327667"><ele>51.3</ele><time>2021-11-07T01:42:23Z</time></trkpt><trkpt lat="36.540938" lon="140.327603"><ele>51.4</ele><time>2021-11-07T01:42:25Z</time></trkpt><trkpt lat="36.540925" lon="140.327526"><ele>51.6</ele><time>2021-11-07T01:42:28Z</time></trkpt><trkpt lat="36.540923" lon="140.327476"><ele>51.7</ele><time>2021-11-07T01:42:30Z</time></trkpt><trkpt lat="36.540905" lon="140.327387"><ele>51.7</ele><time>2021-11-07T01:42:33Z</time></trkpt><trkpt lat="36.540896" lon="140.327319"><ele>51.8</ele><time>2021-11-07T01:42:35Z</time></trkpt><trkpt lat="36.540866" lon="140.327244"><ele>51.8</ele><time>2021-11-07T01:42:38Z</time></trkpt><trkpt lat="36.540834" lon="140.327193"><ele>51.8</ele><time>2021-11-07T01:42:40Z</time></trkpt><trkpt lat="36.540758" lon="140.327121"><ele>51.8</ele><time>2021-11-07T01:42:43Z</time></trkpt><trkpt lat="36.540714" lon="140.327085"><ele>51.8</ele><time>2021-11-07T01:42:45Z</time></trkpt><trkpt lat="36.540634" lon="140.326992"><ele>51.9</ele><time>2021-11-07T01:42:48Z</time></trkpt><trkpt lat="36.540548" lon="140.326905"><ele>51.9</ele><time>2021-11-07T01:42:51Z</time></trkpt><trkpt lat="36.540483" lon="140.326848"><ele>52.0</ele><time>2021-11-07T01:42:53Z</time></trkpt><trkpt lat="36.540399" lon="140.326778"><ele>52.1</ele><time>2021-11-07T01:42:56Z</time></trkpt><trkpt lat="36.540362" lon="140.326723"><ele>52.2</ele><time>2021-11-07T01:42:58Z</time></trkpt><trkpt lat="36.540304" lon="140.326652"><ele>52.3</ele><time>2021-11-07T01:43:01Z</time></trkpt><trkpt lat="36.540283" lon="140.326549"><ele>52.5</ele><time>2021-11-07T01:43:03Z</time></trkpt><trkpt lat="36.540258" lon="140.326371"><ele>52.6</ele><time>2021-11-07T01:43:06Z</time></trkpt><trkpt lat="36.540228" lon="140.326282"><ele>52.6</ele><time>2021-11-07T01:43:08Z</time></trkpt><trkpt lat="36.540193" lon="140.326165"><ele>52.6</ele><time>2021-11-07T01:43:11Z</time></trkpt><trkpt lat="36.540171" lon="140.32608"><ele>52.5</ele><time>2021-11-07T01:43:13Z</time></trkpt><trkpt lat="36.540151" lon="140.325981"><ele>52.5</ele><time>2021-11-07T01:43:16Z</time></trkpt><trkpt lat="36.540152" lon="140.325916"><ele>52.5</ele><time>2021-11-07T01:43:18Z</time></trkpt><trkpt lat="36.540179" lon="140.325821"><ele>52.5</ele><time>2021-11-07T01:43:21Z</time></trkpt><trkpt lat="36.540186" lon="140.325761"><ele>52.4</ele><time>2021-11-07T01:43:24Z</time></trkpt><trkpt lat="36.540207" lon="140.325709"><ele>52.4</ele><time>2021-11-07T01:43:26Z</time></trkpt><trkpt lat="36.540239" lon="140.325646"><ele>52.4</ele><time>2021-11-07T01:43:29Z</time></trkpt><trkpt lat="36.540278" lon="140.325594"><ele>52.4</ele><time>2021-11-07T01:43:31Z</time></trkpt><trkpt lat="36.54038" lon="140.325462"><ele>52.4</ele><time>2021-11-07T01:43:34Z</time></trkpt><trkpt lat="36.540435" lon="140.325384"><ele>52.5</ele><time>2021-11-07T01:43:36Z</time></trkpt><trkpt lat="36.540418" lon="140.325281"><ele>52.7</ele><time>2021-11-07T01:43:39Z</time></trkpt><trkpt lat="36.540436" lon="140.325222"><ele>52.7</ele><time>2021-11-07T01:43:41Z</time></trkpt><trkpt lat="36.54044" lon="140.325132"><ele>52.9</ele><time>2021-11-07T01:43:44Z</time></trkpt><trkpt lat="36.540448" lon="140.325069"><ele>53.0</ele><time>2021-11-07T01:43:46Z</time></trkpt><trkpt lat="36.540442" lon="140.324961"><ele>53.4</ele><time>2021-11-07T01:43:49Z</time></trkpt><trkpt lat="36.540431" lon="140.324851"><ele>53.9</ele><time>2021-11-07T01:43:52Z</time></trkpt><trkpt lat="36.540427" lon="140.324779"><ele>54.3</ele><time>2021-11-07T01:43:54Z</time></trkpt><trkpt lat="36.540398" lon="140.324693"><ele>54.7</ele><time>2021-11-07T01:43:57Z</time></trkpt><trkpt lat="36.540384" lon="140.324634"><ele>55.0</ele><time>2021-11-07T01:43:59Z</time></trkpt><trkpt lat="36.540385" lon="140.324511"><ele>55.4</ele><time>2021-11-07T01:44:02Z</time></trkpt><trkpt lat="36.540411" lon="140.324438"><ele>55.5</ele><time>2021-11-07T01:44:04Z</time></trkpt><trkpt lat="36.540396" lon="140.324352"><ele>55.5</ele><time>2021-11-07T01:44:07Z</time></trkpt><trkpt lat="36.540374" lon="140.324303"><ele>55.6</ele><time>2021-11-07T01:44:09Z</time></trkpt><trkpt lat="36.540346" lon="140.3242"><ele>55.6</ele><time>2021-11-07T01:44:12Z</time></trkpt><trkpt lat="36.54032" lon="140.324127"><ele>55.7</ele><time>2021-11-07T01:44:14Z</time></trkpt><trkpt lat="36.540268" lon="140.324058"><ele>55.7</ele><time>2021-11-07T01:44:17Z</time></trkpt><trkpt lat="36.540227" lon="140.323974"><ele>55.8</ele><time>2021-11-07T01:44:20Z</time></trkpt><trkpt lat="36.540207" lon="140.323912"><ele>55.8</ele><time>2021-11-07T01:44:22Z</time></trkpt><trkpt lat="36.540172" lon="140.3238"><ele>55.9</ele><time>2021-11-07T01:44:25Z</time></trkpt><trkpt lat="36.540145" lon="140.323736"><ele>56.0</ele><time>2021-11-07T01:44:27Z</time></trkpt><trkpt lat="36.540103" lon="140.323655"><ele>56.1</ele><time>2021-11-07T01:44:30Z</time></trkpt><trkpt lat="36.54009" lon="140.323596"><ele>56.3</ele><time>2021-11-07T01:44:32Z</time></trkpt><trkpt lat="36.540054" lon="140.323529"><ele>56.4</ele><time>2021-11-07T01:44:35Z</time></trkpt><trkpt lat="36.540029" lon="140.323491"><ele>56.5</ele><time>2021-11-07T01:44:37Z</time></trkpt><trkpt lat="36.539982" lon="140.323382"><ele>56.8</ele><time>2021-11-07T01:44:40Z</time></trkpt><trkpt lat="36.539947" lon="140.323319"><ele>57.2</ele><time>2021-11-07T01:44:42Z</time></trkpt><trkpt lat="36.539899" lon="140.323223"><ele>58.2</ele><time>2021-11-07T01:44:45Z</time></trkpt><trkpt lat="36.53987" lon="140.323167"><ele>58.8</ele><time>2021-11-07T01:44:47Z</time></trkpt><trkpt lat="36.539838" lon="140.323083"><ele>59.4</ele><time>2021-11-07T01:44:50Z</time></trkpt><trkpt lat="36.539808" lon="140.322997"><ele>60.1</ele><time>2021-11-07T01:44:53Z</time></trkpt><trkpt lat="36.539793" lon="140.32295"><ele>60.4</ele><time>2021-11-07T01:44:55Z</time></trkpt><trkpt lat="36.539761" lon="140.32286"><ele>61.1</ele><time>2021-11-07T01:44:58Z</time></trkpt><trkpt lat="36.539749" lon="140.322793"><ele>61.6</ele><time>2021-11-07T01:45:00Z</time></trkpt><trkpt lat="36.539755" lon="140.322681"><ele>62.5</ele><time>2021-11-07T01:45:03Z</time></trkpt><trkpt lat="36.539764" lon="140.322584"><ele>63.2</ele><time>2021-11-07T01:45:05Z</time></trkpt><trkpt lat="36.539776" lon="140.322461"><ele>64.2</ele><time>2021-11-07T01:45:08Z</time></trkpt><trkpt lat="36.539782" lon="140.322367"><ele>64.9</ele><time>2021-11-07T01:45:10Z</time></trkpt><trkpt lat="36.53981" lon="140.322279"><ele>65.7</ele><time>2021-11-07T01:45:13Z</time></trkpt><trkpt lat="36.539818" lon="140.32222"><ele>66.1</ele><time>2021-11-07T01:45:15Z</time></trkpt><trkpt lat="36.53988" lon="140.322135"><ele>67.0</ele><time>2021-11-07T01:45:18Z</time></trkpt><trkpt lat="36.53991" lon="140.322073"><ele>67.5</ele><time>2021-11-07T01:45:20Z</time></trkpt><trkpt lat="36.539949" lon="140.321993"><ele>68.0</ele><time>2021-11-07T01:45:23Z</time></trkpt><trkpt lat="36.539977" lon="140.321895"><ele>68.3</ele><time>2021-11-07T01:45:26Z</time></trkpt><trkpt lat="36.539997" lon="140.321812"><ele>68.5</ele><time>2021-11-07T01:45:28Z</time></trkpt><trkpt lat="36.540039" lon="140.32172"><ele>68.8</ele><time>2021-11-07T01:45:31Z</time></trkpt><trkpt lat="36.540057" lon="140.321645"><ele>69.1</ele><time>2021-11-07T01:45:33Z</time></trkpt><trkpt lat="36.540061" lon="140.321554"><ele>69.5</ele><time>2021-11-07T01:45:36Z</time></trkpt><trkpt lat="36.540056" lon="140.321489"><ele>69.8</ele><time>2021-11-07T01:45:38Z</time></trkpt><trkpt lat="36.540038" lon="140.321402"><ele>70.2</ele><time>2021-11-07T01:45:41Z</time></trkpt><trkpt lat="36.54002" lon="140.321347"><ele>70.5</ele><time>2021-11-07T01:45:43Z</time></trkpt><trkpt lat="36.539987" lon="140.321262"><ele>70.8</ele><time>2021-11-07T01:45:46Z</time></trkpt><trkpt lat="36.539965" lon="140.321224"><ele>70.9</ele><time>2021-11-07T01:45:48Z</time></trkpt><trkpt lat="36.539918" lon="140.321164"><ele>71.1</ele><time>2021-11-07T01:45:51Z</time></trkpt><trkpt lat="36.539861" lon="140.321099"><ele>71.3</ele><time>2021-11-07T01:45:54Z</time></trkpt><trkpt lat="36.539821" lon="140.32107"><ele>71.4</ele><time>2021-11-07T01:45:56Z</time></trkpt><trkpt lat="36.539733" lon="140.321005"><ele>71.8</ele><time>2021-11-07T01:45:59Z</time></trkpt><trkpt lat="36.539664" lon="140.320965"><ele>72.1</ele><time>2021-11-07T01:46:01Z</time></trkpt><trkpt lat="36.539562" lon="140.320923"><ele>72.7</ele><time>2021-11-07T01:46:04Z</time></trkpt><trkpt lat="36.539508" lon="140.320899"><ele>73.0</ele><time>2021-11-07T01:46:06Z</time></trkpt><trkpt lat="36.539441" lon="140.32085"><ele>73.3</ele><time>2021-11-07T01:46:09Z</time></trkpt><trkpt lat="36.539399" lon="140.320812"><ele>73.5</ele><time>2021-11-07T01:46:11Z</time></trkpt><trkpt lat="36.539342" lon="140.320788"><ele>73.8</ele><time>2021-11-07T01:46:14Z</time></trkpt><trkpt lat="36.539303" lon="140.320785"><ele>73.9</ele><time>2021-11-07T01:46:16Z</time></trkpt><trkpt lat="36.539241" lon="140.320768"><ele>74.2</ele><time>2021-11-07T01:46:19Z</time></trkpt><trkpt lat="36.539188" lon="140.320754"><ele>74.4</ele><time>2021-11-07T01:46:21Z</time></trkpt><trkpt lat="36.53911" lon="140.320753"><ele>74.8</ele><time>2021-11-07T01:46:24Z</time></trkpt><trkpt lat="36.539025" lon="140.320754"><ele>75.2</ele><time>2021-11-07T01:46:27Z</time></trkpt><trkpt lat="36.538972" lon="140.320768"><ele>75.5</ele><time>2021-11-07T01:46:29Z</time></trkpt><trkpt lat="36.538884" lon="140.320787"><ele>75.8</ele><time>2021-11-07T01:46:32Z</time></trkpt><trkpt lat="36.538826" lon="140.320795"><ele>76.1</ele><time>2021-11-07T01:46:34Z</time></trkpt><trkpt lat="36.538738" lon="140.320782"><ele>76.4</ele><time>2021-11-07T01:46:37Z</time></trkpt><trkpt lat="36.538679" lon="140.320769"><ele>76.7</ele><time>2021-11-07T01:46:39Z</time></trkpt><trkpt lat="36.538591" lon="140.320737"><ele>77.0</ele><time>2021-11-07T01:46:42Z</time></trkpt><trkpt lat="36.538546" lon="140.320696"><ele>77.3</ele><time>2021-11-07T01:46:44Z</time></trkpt><trkpt lat="36.538501" lon="140.320643"><ele>77.5</ele><time>2021-11-07T01:46:47Z</time></trkpt><trkpt lat="36.53849" lon="140.320603"><ele>77.7</ele><time>2021-11-07T01:46:49Z</time></trkpt><trkpt lat="36.538486" lon="140.320496"><ele>78.1</ele><time>2021-11-07T01:46:52Z</time></trkpt><trkpt lat="36.538491" lon="140.320385"><ele>78.6</ele><time>2021-11-07T01:46:55Z</time></trkpt><trkpt lat="36.538493" lon="140.320305"><ele>78.9</ele><time>2021-11-07T01:46:57Z</time></trkpt><trkpt lat="36.538486" lon="140.320211"><ele>79.2</ele><time>2021-11-07T01:47:00Z</time></trkpt><trkpt lat="36.538471" lon="140.320134"><ele>79.5</ele><time>2021-11-07T01:47:02Z</time></trkpt><trkpt lat="36.538466" lon="140.320024"><ele>79.8</ele><time>2021-11-07T01:47:05Z</time></trkpt><trkpt lat="36.538469" lon="140.319963"><ele>80.0</ele><time>2021-11-07T01:47:07Z</time></trkpt><trkpt lat="36.538462" lon="140.319877"><ele>80.4</ele><time>2021-11-07T01:47:10Z</time></trkpt><trkpt lat="36.538461" lon="140.319829"><ele>80.6</ele><time>2021-11-07T01:47:12Z</time></trkpt><trkpt lat="36.53846" lon="140.319734"><ele>81.0</ele><time>2021-11-07T01:47:15Z</time></trkpt><trkpt lat="36.538489" lon="140.319674"><ele>81.2</ele><time>2021-11-07T01:47:17Z</time></trkpt><trkpt lat="36.538545" lon="140.319592"><ele>81.7</ele><time>2021-11-07T01:47:20Z</time></trkpt><trkpt lat="36.538578" lon="140.319548"><ele>81.9</ele><time>2021-11-07T01:47:22Z</time></trkpt><trkpt lat="36.538602" lon="140.319478"><ele>82.2</ele><time>2021-11-07T01:47:25Z</time></trkpt><trkpt lat="36.538638" lon="140.319406"><ele>82.6</ele><time>2021-11-07T01:47:28Z</time></trkpt><trkpt lat="36.53865" lon="140.319353"><ele>82.8</ele><time>2021-11-07T01:47:30Z</time></trkpt><trkpt lat="36.538666" lon="140.319257"><ele>83.1</ele><time>2021-11-07T01:47:33Z</time></trkpt><trkpt lat="36.538668" lon="140.319205"><ele>83.3</ele><time>2021-11-07T01:47:35Z</time></trkpt><trkpt lat="36.538698" lon="140.319117"><ele>83.7</ele><time>2021-11-07T01:47:38Z</time></trkpt><trkpt lat="36.538705" lon="140.319045"><ele>84.0</ele><time>2021-11-07T01:47:40Z</time></trkpt><trkpt lat="36.538706" lon="140.31893"><ele>84.5</ele><time>2021-11-07T01:47:43Z</time></trkpt><trkpt lat="36.538693" lon="140.31886"><ele>84.9</ele><time>2021-11-07T01:47:45Z</time></trkpt><trkpt lat="36.538657" lon="140.318744"><ele>85.4</ele><time>2021-11-07T01:47:48Z</time></trkpt><trkpt lat="36.538638" lon="140.318687"><ele>85.7</ele><time>2021-11-07T01:47:50Z</time></trkpt><trkpt lat="36.538693" lon="140.318633"><ele>86.0</ele><time>2021-11-07T01:47:53Z</time></trkpt><trkpt lat="36.538728" lon="140.318578"><ele>86.3</ele><time>2021-11-07T01:47:56Z</time></trkpt><trkpt lat="36.538766" lon="140.318539"><ele>86.5</ele><time>2021-11-07T01:47:58Z</time></trkpt><trkpt lat="36.538846" lon="140.318443"><ele>86.9</ele><time>2021-11-07T01:48:01Z</time></trkpt><trkpt lat="36.538862" lon="140.318396"><ele>87.1</ele><time>2021-11-07T01:48:03Z</time></trkpt><trkpt lat="36.538895" lon="140.318305"><ele>87.5</ele><time>2021-11-07T01:48:06Z</time></trkpt><trkpt lat="36.538918" lon="140.318219"><ele>87.8</ele><time>2021-11-07T01:48:08Z</time></trkpt><trkpt lat="36.538954" lon="140.31809"><ele>88.4</ele><time>2021-11-07T01:48:11Z</time></trkpt><trkpt lat="36.538976" lon="140.318026"><ele>88.6</ele><time>2021-11-07T01:48:13Z</time></trkpt><trkpt lat="36.538967" lon="140.317952"><ele>88.9</ele><time>2021-11-07T01:48:16Z</time></trkpt><trkpt lat="36.538945" lon="140.317901"><ele>89.1</ele><time>2021-11-07T01:48:18Z</time></trkpt><trkpt lat="36.538899" lon="140.317815"><ele>89.5</ele><time>2021-11-07T01:48:21Z</time></trkpt><trkpt lat="36.538857" lon="140.317756"><ele>89.8</ele><time>2021-11-07T01:48:23Z</time></trkpt><trkpt lat="36.538798" lon="140.317653"><ele>90.2</ele><time>2021-11-07T01:48:26Z</time></trkpt><trkpt lat="36.538771" lon="140.317555"><ele>90.5</ele><time>2021-11-07T01:48:29Z</time></trkpt><trkpt lat="36.538753" lon="140.317494"><ele>90.7</ele><time>2021-11-07T01:48:31Z</time></trkpt><trkpt lat="36.538717" lon="140.317401"><ele>91.0</ele><time>2021-11-07T01:48:34Z</time></trkpt><trkpt lat="36.53872" lon="140.317326"><ele>91.2</ele><time>2021-11-07T01:48:36Z</time></trkpt><trkpt lat="36.538739" lon="140.317228"><ele>91.3</ele><time>2021-11-07T01:48:39Z</time></trkpt><trkpt lat="36.538743" lon="140.317161"><ele>91.5</ele><time>2021-11-07T01:48:41Z</time></trkpt><trkpt lat="36.53878" lon="140.317051"><ele>91.7</ele><time>2021-11-07T01:48:44Z</time></trkpt><trkpt lat="36.538793" lon="140.31697"><ele>91.8</ele><time>2021-11-07T01:48:46Z</time></trkpt><trkpt lat="36.538782" lon="140.316867"><ele>91.9</ele><time>2021-11-07T01:48:49Z</time></trkpt><trkpt lat="36.538781" lon="140.316796"><ele>92.0</ele><time>2021-11-07T01:48:51Z</time></trkpt><trkpt lat="36.538754" lon="140.316694"><ele>92.1</ele><time>2021-11-07T01:48:54Z</time></trkpt><trkpt lat="36.538743" lon="140.316587"><ele>92.1</ele><time>2021-11-07T01:48:57Z</time></trkpt><trkpt lat="36.538741" lon="140.316506"><ele>92.1</ele><time>2021-11-07T01:48:59Z</time></trkpt><trkpt lat="36.538732" lon="140.316395"><ele>92.2</ele><time>2021-11-07T01:49:02Z</time></trkpt><trkpt lat="36.538715" lon="140.316332"><ele>92.2</ele><time>2021-11-07T01:49:04Z</time></trkpt><trkpt lat="36.538692" lon="140.316225"><ele>92.2</ele><time>2021-11-07T01:49:07Z</time></trkpt><trkpt lat="36.538676" lon="140.316164"><ele>92.2</ele><time>2021-11-07T01:49:09Z</time></trkpt><trkpt lat="36.538675" lon="140.316062"><ele>92.2</ele><time>2021-11-07T01:49:12Z</time></trkpt><trkpt lat="36.538708" lon="140.315691"><ele>92.4</ele><time>2021-11-07T01:49:22Z</time></trkpt><trkpt lat="36.538732" lon="140.31564"><ele>92.4</ele><time>2021-11-07T01:49:24Z</time></trkpt><trkpt lat="36.538749" lon="140.315555"><ele>92.5</ele><time>2021-11-07T01:49:27Z</time></trkpt><trkpt lat="36.538755" lon="140.315462"><ele>92.6</ele><time>2021-11-07T01:49:30Z</time></trkpt><trkpt lat="36.538764" lon="140.315408"><ele>92.7</ele><time>2021-11-07T01:49:32Z</time></trkpt><trkpt lat="36.538792" lon="140.31531"><ele>92.8</ele><time>2021-11-07T01:49:35Z</time></trkpt><trkpt lat="36.538812" lon="140.315247"><ele>92.9</ele><time>2021-11-07T01:49:37Z</time></trkpt><trkpt lat="36.538831" lon="140.315156"><ele>93.3</ele><time>2021-11-07T01:49:40Z</time></trkpt><trkpt lat="36.538824" lon="140.315116"><ele>93.5</ele><time>2021-11-07T01:49:42Z</time></trkpt><trkpt lat="36.538795" lon="140.31506"><ele>93.8</ele><time>2021-11-07T01:49:45Z</time></trkpt><trkpt lat="36.538765" lon="140.31502"><ele>94.1</ele><time>2021-11-07T01:49:47Z</time></trkpt><trkpt lat="36.538698" lon="140.314957"><ele>94.7</ele><time>2021-11-07T01:49:50Z</time></trkpt><trkpt lat="36.538654" lon="140.314902"><ele>95.1</ele><time>2021-11-07T01:49:52Z</time></trkpt><trkpt lat="36.538581" lon="140.314814"><ele>95.6</ele><time>2021-11-07T01:49:55Z</time></trkpt><trkpt lat="36.538524" lon="140.314736"><ele>96.1</ele><time>2021-11-07T01:49:57Z</time></trkpt><trkpt lat="36.538469" lon="140.314644"><ele>96.7</ele><time>2021-11-07T01:50:00Z</time></trkpt><trkpt lat="36.538411" lon="140.314537"><ele>96.6</ele><time>2021-11-07T01:50:03Z</time></trkpt><trkpt lat="36.538385" lon="140.314473"><ele>95.7</ele><time>2021-11-07T01:50:05Z</time></trkpt><trkpt lat="36.538324" lon="140.314382"><ele>94.3</ele><time>2021-11-07T01:50:08Z</time></trkpt><trkpt lat="36.538309" lon="140.314334"><ele>93.7</ele><time>2021-11-07T01:50:10Z</time></trkpt><trkpt lat="36.538288" lon="140.314222"><ele>92.4</ele><time>2021-11-07T01:50:13Z</time></trkpt><trkpt lat="36.538302" lon="140.314139"><ele>91.4</ele><time>2021-11-07T01:50:15Z</time></trkpt><trkpt lat="36.538326" lon="140.314035"><ele>90.1</ele><time>2021-11-07T01:50:18Z</time></trkpt><trkpt lat="36.538348" lon="140.313975"><ele>89.4</ele><time>2021-11-07T01:50:20Z</time></trkpt><trkpt lat="36.538434" lon="140.31385"><ele>86.7</ele><time>2021-11-07T01:50:23Z</time></trkpt><trkpt lat="36.538492" lon="140.31375"><ele>85.6</ele><time>2021-11-07T01:50:25Z</time></trkpt><trkpt lat="36.53855" lon="140.313613"><ele>84.4</ele><time>2021-11-07T01:50:28Z</time></trkpt><trkpt lat="36.538589" lon="140.3135"><ele>83.7</ele><time>2021-11-07T01:50:31Z</time></trkpt><trkpt lat="36.538617" lon="140.313449"><ele>83.5</ele><time>2021-11-07T01:50:33Z</time></trkpt><trkpt lat="36.53869" lon="140.313388"><ele>83.3</ele><time>2021-11-07T01:50:36Z</time></trkpt><trkpt lat="36.538736" lon="140.313353"><ele>83.3</ele><time>2021-11-07T01:50:38Z</time></trkpt><trkpt lat="36.538816" lon="140.313301"><ele>83.6</ele><time>2021-11-07T01:50:41Z</time></trkpt><trkpt lat="36.538869" lon="140.31327"><ele>83.8</ele><time>2021-11-07T01:50:43Z</time></trkpt><trkpt lat="36.538937" lon="140.31324"><ele>84.3</ele><time>2021-11-07T01:50:46Z</time></trkpt><trkpt lat="36.538984" lon="140.313227"><ele>84.7</ele><time>2021-11-07T01:50:48Z</time></trkpt><trkpt lat="36.539062" lon="140.3132"><ele>85.3</ele><time>2021-11-07T01:50:51Z</time></trkpt><trkpt lat="36.539113" lon="140.313173"><ele>85.7</ele><time>2021-11-07T01:50:53Z</time></trkpt><trkpt lat="36.539187" lon="140.313148"><ele>86.2</ele><time>2021-11-07T01:50:56Z</time></trkpt><trkpt lat="36.539242" lon="140.31313"><ele>86.7</ele><time>2021-11-07T01:50:59Z</time></trkpt><trkpt lat="36.539282" lon="140.313132"><ele>87.1</ele><time>2021-11-07T01:51:01Z</time></trkpt><trkpt lat="36.539329" lon="140.313142"><ele>87.6</ele><time>2021-11-07T01:51:04Z</time></trkpt><trkpt lat="36.539359" lon="140.31316"><ele>87.9</ele><time>2021-11-07T01:51:06Z</time></trkpt><trkpt lat="36.539494" lon="140.313411"><ele>91.1</ele><time>2021-11-07T01:51:19Z</time></trkpt><trkpt lat="36.539512" lon="140.313447"><ele>91.6</ele><time>2021-11-07T01:51:21Z</time></trkpt><trkpt lat="36.539532" lon="140.31348"><ele>92.1</ele><time>2021-11-07T01:51:24Z</time></trkpt><trkpt lat="36.539539" lon="140.313499"><ele>92.4</ele><time>2021-11-07T01:51:26Z</time></trkpt><trkpt lat="36.539605" lon="140.313601"><ele>94.0</ele><time>2021-11-07T01:51:32Z</time></trkpt><trkpt lat="36.539624" lon="140.313627"><ele>94.5</ele><time>2021-11-07T01:51:34Z</time></trkpt><trkpt lat="36.539654" lon="140.31367"><ele>95.3</ele><time>2021-11-07T01:51:37Z</time></trkpt><trkpt lat="36.539668" lon="140.313703"><ele>95.8</ele><time>2021-11-07T01:51:39Z</time></trkpt><trkpt lat="36.539679" lon="140.313735"><ele>96.3</ele><time>2021-11-07T01:51:42Z</time></trkpt><trkpt lat="36.53971" lon="140.313824"><ele>97.6</ele><time>2021-11-07T01:51:47Z</time></trkpt><trkpt lat="36.539729" lon="140.313858"><ele>98.2</ele><time>2021-11-07T01:51:49Z</time></trkpt><trkpt lat="36.539748" lon="140.313902"><ele>98.8</ele><time>2021-11-07T01:51:52Z</time></trkpt><trkpt lat="36.539752" lon="140.313926"><ele>99.1</ele><time>2021-11-07T01:51:54Z</time></trkpt><trkpt lat="36.539763" lon="140.314031"><ele>100.3</ele><time>2021-11-07T01:52:00Z</time></trkpt><trkpt lat="36.539788" lon="140.314054"><ele>100.8</ele><time>2021-11-07T01:52:02Z</time></trkpt><trkpt lat="36.539812" lon="140.314078"><ele>101.2</ele><time>2021-11-07T01:52:05Z</time></trkpt><trkpt lat="36.539831" lon="140.314098"><ele>101.5</ele><time>2021-11-07T01:52:07Z</time></trkpt><trkpt lat="36.539866" lon="140.314181"><ele>102.5</ele><time>2021-11-07T01:52:10Z</time></trkpt><trkpt lat="36.539889" lon="140.314236"><ele>103.1</ele><time>2021-11-07T01:52:12Z</time></trkpt><trkpt lat="36.539926" lon="140.314308"><ele>104.0</ele><time>2021-11-07T01:52:15Z</time></trkpt><trkpt lat="36.539941" lon="140.314351"><ele>104.4</ele><time>2021-11-07T01:52:17Z</time></trkpt><trkpt lat="36.539953" lon="140.314411"><ele>104.9</ele><time>2021-11-07T01:52:20Z</time></trkpt><trkpt lat="36.539963" lon="140.314434"><ele>105.2</ele><time>2021-11-07T01:52:22Z</time></trkpt><trkpt lat="36.539982" lon="140.314488"><ele>105.7</ele><time>2021-11-07T01:52:25Z</time></trkpt><trkpt lat="36.539991" lon="140.314524"><ele>106.1</ele><time>2021-11-07T01:52:27Z</time></trkpt><trkpt lat="36.540006" lon="140.314548"><ele>106.4</ele><time>2021-11-07T01:52:30Z</time></trkpt><trkpt lat="36.540012" lon="140.314551"><ele>106.5</ele><time>2021-11-07T01:52:35Z</time></trkpt><trkpt lat="36.540108" lon="140.314554"><ele>107.8</ele><time>2021-11-07T01:52:43Z</time></trkpt><trkpt lat="36.540134" lon="140.314545"><ele>108.2</ele><time>2021-11-07T01:52:45Z</time></trkpt><trkpt lat="36.540154" lon="140.314539"><ele>108.6</ele><time>2021-11-07T01:52:48Z</time></trkpt><trkpt lat="36.540191" lon="140.314522"><ele>109.3</ele><time>2021-11-07T01:52:53Z</time></trkpt><trkpt lat="36.540248" lon="140.31447"><ele>110.5</ele><time>2021-11-07T01:52:58Z</time></trkpt><trkpt lat="36.540306" lon="140.314418"><ele>111.7</ele><time>2021-11-07T01:53:03Z</time></trkpt><trkpt lat="36.540354" lon="140.314408"><ele>112.5</ele><time>2021-11-07T01:53:06Z</time></trkpt><trkpt lat="36.540381" lon="140.314393"><ele>112.9</ele><time>2021-11-07T01:53:08Z</time></trkpt><trkpt lat="36.540411" lon="140.314373"><ele>113.5</ele><time>2021-11-07T01:53:11Z</time></trkpt><trkpt lat="36.540424" lon="140.314363"><ele>113.7</ele><time>2021-11-07T01:53:13Z</time></trkpt><trkpt lat="36.540455" lon="140.314361"><ele>114.2</ele><time>2021-11-07T01:53:18Z</time></trkpt><trkpt lat="36.5405" lon="140.314376"><ele>114.9</ele><time>2021-11-07T01:53:23Z</time></trkpt><trkpt lat="36.54051" lon="140.314357"><ele>115.2</ele><time>2021-11-07T01:53:28Z</time></trkpt><trkpt lat="36.540435" lon="140.31435"><ele>116.3</ele><time>2021-11-07T01:53:36Z</time></trkpt><trkpt lat="36.540393" lon="140.31433"><ele>116.9</ele><time>2021-11-07T01:53:39Z</time></trkpt><trkpt lat="36.540375" lon="140.314324"><ele>117.2</ele><time>2021-11-07T01:53:41Z</time></trkpt><trkpt lat="36.54028" lon="140.314291"><ele>118.3</ele><time>2021-11-07T01:53:46Z</time></trkpt><trkpt lat="36.540234" lon="140.314262"><ele>118.8</ele><time>2021-11-07T01:53:49Z</time></trkpt><trkpt lat="36.540214" lon="140.314251"><ele>119.0</ele><time>2021-11-07T01:53:51Z</time></trkpt><trkpt lat="36.540173" lon="140.314209"><ele>119.5</ele><time>2021-11-07T01:53:54Z</time></trkpt><trkpt lat="36.540154" lon="140.314179"><ele>119.8</ele><time>2021-11-07T01:53:56Z</time></trkpt><trkpt lat="36.540132" lon="140.314126"><ele>120.3</ele><time>2021-11-07T01:53:59Z</time></trkpt><trkpt lat="36.540116" lon="140.314096"><ele>120.7</ele><time>2021-11-07T01:54:01Z</time></trkpt><trkpt lat="36.54011" lon="140.314052"><ele>121.2</ele><time>2021-11-07T01:54:04Z</time></trkpt><trkpt lat="36.5401" lon="140.314016"><ele>121.6</ele><time>2021-11-07T01:54:07Z</time></trkpt><trkpt lat="36.540085" lon="140.31399"><ele>122.0</ele><time>2021-11-07T01:54:09Z</time></trkpt><trkpt lat="36.540069" lon="140.313909"><ele>122.9</ele><time>2021-11-07T01:54:14Z</time></trkpt><trkpt lat="36.540068" lon="140.313845"><ele>123.7</ele><time>2021-11-07T01:54:17Z</time></trkpt><trkpt lat="36.540061" lon="140.313806"><ele>124.2</ele><time>2021-11-07T01:54:19Z</time></trkpt><trkpt lat="36.540045" lon="140.313741"><ele>125.0</ele><time>2021-11-07T01:54:22Z</time></trkpt><trkpt lat="36.540029" lon="140.313687"><ele>125.7</ele><time>2021-11-07T01:54:24Z</time></trkpt><trkpt lat="36.540013" lon="140.313634"><ele>126.3</ele><time>2021-11-07T01:54:27Z</time></trkpt><trkpt lat="36.540004" lon="140.313597"><ele>126.7</ele><time>2021-11-07T01:54:29Z</time></trkpt><trkpt lat="36.540003" lon="140.313538"><ele>127.3</ele><time>2021-11-07T01:54:32Z</time></trkpt><trkpt lat="36.540009" lon="140.313479"><ele>127.9</ele><time>2021-11-07T01:54:35Z</time></trkpt><trkpt lat="36.540014" lon="140.313444"><ele>128.2</ele><time>2021-11-07T01:54:37Z</time></trkpt><trkpt lat="36.540023" lon="140.313397"><ele>128.6</ele><time>2021-11-07T01:54:40Z</time></trkpt><trkpt lat="36.540035" lon="140.313366"><ele>128.9</ele><time>2021-11-07T01:54:42Z</time></trkpt><trkpt lat="36.540064" lon="140.313304"><ele>129.6</ele><time>2021-11-07T01:54:45Z</time></trkpt><trkpt lat="36.540075" lon="140.313267"><ele>130.0</ele><time>2021-11-07T01:54:47Z</time></trkpt><trkpt lat="36.540095" lon="140.313227"><ele>130.5</ele><time>2021-11-07T01:54:50Z</time></trkpt><trkpt lat="36.540144" lon="140.313141"><ele>131.7</ele><time>2021-11-07T01:54:55Z</time></trkpt><trkpt lat="36.54023" lon="140.31307"><ele>133.1</ele><time>2021-11-07T01:55:00Z</time></trkpt><trkpt lat="36.540253" lon="140.313037"><ele>133.5</ele><time>2021-11-07T01:55:02Z</time></trkpt><trkpt lat="36.540288" lon="140.313021"><ele>134.0</ele><time>2021-11-07T01:55:05Z</time></trkpt><trkpt lat="36.540325" lon="140.313004"><ele>134.5</ele><time>2021-11-07T01:55:08Z</time></trkpt><trkpt lat="36.540353" lon="140.312993"><ele>134.8</ele><time>2021-11-07T01:55:10Z</time></trkpt><trkpt lat="36.540413" lon="140.31298"><ele>135.6</ele><time>2021-11-07T01:55:13Z</time></trkpt><trkpt lat="36.540441" lon="140.312968"><ele>135.9</ele><time>2021-11-07T01:55:15Z</time></trkpt><trkpt lat="36.540486" lon="140.312955"><ele>136.5</ele><time>2021-11-07T01:55:18Z</time></trkpt><trkpt lat="36.540511" lon="140.312943"><ele>136.8</ele><time>2021-11-07T01:55:20Z</time></trkpt><trkpt lat="36.540554" lon="140.312917"><ele>137.4</ele><time>2021-11-07T01:55:23Z</time></trkpt><trkpt lat="36.540576" lon="140.312901"><ele>137.7</ele><time>2021-11-07T01:55:25Z</time></trkpt><trkpt lat="36.540612" lon="140.312875"><ele>138.2</ele><time>2021-11-07T01:55:28Z</time></trkpt><trkpt lat="36.540634" lon="140.312866"><ele>138.4</ele><time>2021-11-07T01:55:30Z</time></trkpt><trkpt lat="36.540674" lon="140.312864"><ele>138.9</ele><time>2021-11-07T01:55:33Z</time></trkpt><trkpt lat="36.540712" lon="140.312848"><ele>139.3</ele><time>2021-11-07T01:55:36Z</time></trkpt><trkpt lat="36.54074" lon="140.312832"><ele>139.7</ele><time>2021-11-07T01:55:38Z</time></trkpt><trkpt lat="36.540792" lon="140.312805"><ele>140.4</ele><time>2021-11-07T01:55:41Z</time></trkpt><trkpt lat="36.540822" lon="140.312787"><ele>140.8</ele><time>2021-11-07T01:55:43Z</time></trkpt><trkpt lat="36.540874" lon="140.31277"><ele>141.4</ele><time>2021-11-07T01:55:46Z</time></trkpt><trkpt lat="36.540905" lon="140.312767"><ele>141.7</ele><time>2021-11-07T01:55:48Z</time></trkpt><trkpt lat="36.540945" lon="140.312761"><ele>142.2</ele><time>2021-11-07T01:55:51Z</time></trkpt><trkpt lat="36.540974" lon="140.312757"><ele>142.6</ele><time>2021-11-07T01:55:53Z</time></trkpt><trkpt lat="36.541009" lon="140.31275"><ele>143.0</ele><time>2021-11-07T01:55:56Z</time></trkpt><trkpt lat="36.541034" lon="140.312745"><ele>143.3</ele><time>2021-11-07T01:55:58Z</time></trkpt><trkpt lat="36.541084" lon="140.312727"><ele>144.0</ele><time>2021-11-07T01:56:01Z</time></trkpt><trkpt lat="36.541118" lon="140.31272"><ele>144.4</ele><time>2021-11-07T01:56:03Z</time></trkpt><trkpt lat="36.541156" lon="140.312718"><ele>145.0</ele><time>2021-11-07T01:56:06Z</time></trkpt><trkpt lat="36.541211" lon="140.312723"><ele>145.7</ele><time>2021-11-07T01:56:09Z</time></trkpt><trkpt lat="36.541235" lon="140.312725"><ele>146.0</ele><time>2021-11-07T01:56:11Z</time></trkpt><trkpt lat="36.541278" lon="140.312705"><ele>146.6</ele><time>2021-11-07T01:56:14Z</time></trkpt><trkpt lat="36.541304" lon="140.3127"><ele>146.9</ele><time>2021-11-07T01:56:16Z</time></trkpt><trkpt lat="36.541377" lon="140.312748"><ele>147.8</ele><time>2021-11-07T01:56:21Z</time></trkpt><trkpt lat="36.541444" lon="140.312829"><ele>148.7</ele><time>2021-11-07T01:56:24Z</time></trkpt><trkpt lat="36.541488" lon="140.312873"><ele>149.1</ele><time>2021-11-07T01:56:26Z</time></trkpt><trkpt lat="36.541541" lon="140.312925"><ele>149.5</ele><time>2021-11-07T01:56:29Z</time></trkpt><trkpt lat="36.541591" lon="140.312973"><ele>149.7</ele><time>2021-11-07T01:56:31Z</time></trkpt><trkpt lat="36.541686" lon="140.313021"><ele>150.0</ele><time>2021-11-07T01:56:34Z</time></trkpt><trkpt lat="36.541805" lon="140.313035"><ele>149.8</ele><time>2021-11-07T01:56:37Z</time></trkpt><trkpt lat="36.54189" lon="140.313039"><ele>149.5</ele><time>2021-11-07T01:56:39Z</time></trkpt><trkpt lat="36.542007" lon="140.313026"><ele>149.0</ele><time>2021-11-07T01:56:42Z</time></trkpt><trkpt lat="36.542071" lon="140.313"><ele>148.7</ele><time>2021-11-07T01:56:44Z</time></trkpt><trkpt lat="36.54211" lon="140.312905"><ele>148.7</ele><time>2021-11-07T01:56:47Z</time></trkpt><trkpt lat="36.542098" lon="140.312846"><ele>148.9</ele><time>2021-11-07T01:56:49Z</time></trkpt><trkpt lat="36.542066" lon="140.312746"><ele>149.2</ele><time>2021-11-07T01:56:52Z</time></trkpt><trkpt lat="36.54205" lon="140.312697"><ele>149.5</ele><time>2021-11-07T01:56:54Z</time></trkpt><trkpt lat="36.542025" lon="140.312618"><ele>149.9</ele><time>2021-11-07T01:56:57Z</time></trkpt><trkpt lat="36.542018" lon="140.312571"><ele>150.2</ele><time>2021-11-07T01:56:59Z</time></trkpt><trkpt lat="36.541981" lon="140.312495"><ele>150.9</ele><time>2021-11-07T01:57:02Z</time></trkpt><trkpt lat="36.541955" lon="140.31244"><ele>151.4</ele><time>2021-11-07T01:57:04Z</time></trkpt><trkpt lat="36.541931" lon="140.312324"><ele>152.3</ele><time>2021-11-07T01:57:07Z</time></trkpt><trkpt lat="36.5419" lon="140.312228"><ele>153.0</ele><time>2021-11-07T01:57:10Z</time></trkpt><trkpt lat="36.541862" lon="140.312166"><ele>153.4</ele><time>2021-11-07T01:57:12Z</time></trkpt><trkpt lat="36.541792" lon="140.312078"><ele>154.0</ele><time>2021-11-07T01:57:15Z</time></trkpt><trkpt lat="36.541747" lon="140.312032"><ele>154.2</ele><time>2021-11-07T01:57:17Z</time></trkpt><trkpt lat="36.541679" lon="140.311977"><ele>154.5</ele><time>2021-11-07T01:57:20Z</time></trkpt><trkpt lat="36.541643" lon="140.311939"><ele>154.7</ele><time>2021-11-07T01:57:22Z</time></trkpt><trkpt lat="36.541586" lon="140.311893"><ele>154.9</ele><time>2021-11-07T01:57:25Z</time></trkpt><trkpt lat="36.541549" lon="140.311848"><ele>155.0</ele><time>2021-11-07T01:57:27Z</time></trkpt><trkpt lat="36.541489" lon="140.311778"><ele>155.2</ele><time>2021-11-07T01:57:30Z</time></trkpt><trkpt lat="36.541442" lon="140.311718"><ele>155.4</ele><time>2021-11-07T01:57:32Z</time></trkpt><trkpt lat="36.541381" lon="140.31164"><ele>155.6</ele><time>2021-11-07T01:57:35Z</time></trkpt><trkpt lat="36.541316" lon="140.311588"><ele>155.9</ele><time>2021-11-07T01:57:38Z</time></trkpt><trkpt lat="36.541276" lon="140.311542"><ele>156.1</ele><time>2021-11-07T01:57:40Z</time></trkpt><trkpt lat="36.541232" lon="140.311433"><ele>156.5</ele><time>2021-11-07T01:57:43Z</time></trkpt><trkpt lat="36.541236" lon="140.311362"><ele>156.9</ele><time>2021-11-07T01:57:45Z</time></trkpt><trkpt lat="36.54125" lon="140.31125"><ele>157.5</ele><time>2021-11-07T01:57:48Z</time></trkpt><trkpt lat="36.541267" lon="140.311182"><ele>157.9</ele><time>2021-11-07T01:57:50Z</time></trkpt><trkpt lat="36.541306" lon="140.311088"><ele>158.6</ele><time>2021-11-07T01:57:53Z</time></trkpt><trkpt lat="36.541312" lon="140.311028"><ele>159.0</ele><time>2021-11-07T01:57:55Z</time></trkpt><trkpt lat="36.541276" lon="140.310948"><ele>159.5</ele><time>2021-11-07T01:57:58Z</time></trkpt><trkpt lat="36.541216" lon="140.310904"><ele>160.0</ele><time>2021-11-07T01:58:00Z</time></trkpt><trkpt lat="36.541151" lon="140.310848"><ele>160.4</ele><time>2021-11-07T01:58:03Z</time></trkpt><trkpt lat="36.541107" lon="140.310832"><ele>160.6</ele><time>2021-11-07T01:58:05Z</time></trkpt><trkpt lat="36.541037" lon="140.310799"><ele>160.9</ele><time>2021-11-07T01:58:08Z</time></trkpt><trkpt lat="36.540967" lon="140.310783"><ele>161.2</ele><time>2021-11-07T01:58:11Z</time></trkpt><trkpt lat="36.540932" lon="140.310729"><ele>161.4</ele><time>2021-11-07T01:58:13Z</time></trkpt><trkpt lat="36.54092" lon="140.31061"><ele>161.6</ele><time>2021-11-07T01:58:16Z</time></trkpt><trkpt lat="36.540916" lon="140.310527"><ele>161.7</ele><time>2021-11-07T01:58:18Z</time></trkpt><trkpt lat="36.540897" lon="140.310411"><ele>161.8</ele><time>2021-11-07T01:58:21Z</time></trkpt><trkpt lat="36.54087" lon="140.310356"><ele>161.9</ele><time>2021-11-07T01:58:23Z</time></trkpt><trkpt lat="36.540814" lon="140.310279"><ele>162.0</ele><time>2021-11-07T01:58:26Z</time></trkpt><trkpt lat="36.540776" lon="140.310225"><ele>162.0</ele><time>2021-11-07T01:58:28Z</time></trkpt><trkpt lat="36.540766" lon="140.310114"><ele>162.1</ele><time>2021-11-07T01:58:31Z</time></trkpt><trkpt lat="36.540785" lon="140.310054"><ele>162.2</ele><time>2021-11-07T01:58:33Z</time></trkpt><trkpt lat="36.540834" lon="140.30998"><ele>162.3</ele><time>2021-11-07T01:58:36Z</time></trkpt><trkpt lat="36.540877" lon="140.3099"><ele>162.4</ele><time>2021-11-07T01:58:39Z</time></trkpt><trkpt lat="36.540912" lon="140.309837"><ele>162.5</ele><time>2021-11-07T01:58:41Z</time></trkpt><trkpt lat="36.540962" lon="140.309751"><ele>162.7</ele><time>2021-11-07T01:58:44Z</time></trkpt><trkpt lat="36.540993" lon="140.309693"><ele>162.9</ele><time>2021-11-07T01:58:46Z</time></trkpt><trkpt lat="36.541028" lon="140.30962"><ele>163.2</ele><time>2021-11-07T01:58:49Z</time></trkpt><trkpt lat="36.541032" lon="140.309574"><ele>163.5</ele><time>2021-11-07T01:58:51Z</time></trkpt><trkpt lat="36.540994" lon="140.309512"><ele>163.9</ele><time>2021-11-07T01:58:54Z</time></trkpt><trkpt lat="36.540942" lon="140.309471"><ele>164.3</ele><time>2021-11-07T01:58:56Z</time></trkpt><trkpt lat="36.540869" lon="140.30945"><ele>164.8</ele><time>2021-11-07T01:58:59Z</time></trkpt><trkpt lat="36.540817" lon="140.309438"><ele>165.1</ele><time>2021-11-07T01:59:01Z</time></trkpt><trkpt lat="36.540754" lon="140.309411"><ele>165.4</ele><time>2021-11-07T01:59:04Z</time></trkpt><trkpt lat="36.540738" lon="140.309347"><ele>165.8</ele><time>2021-11-07T01:59:06Z</time></trkpt><trkpt lat="36.540748" lon="140.30922"><ele>166.4</ele><time>2021-11-07T01:59:09Z</time></trkpt><trkpt lat="36.540783" lon="140.309108"><ele>166.9</ele><time>2021-11-07T01:59:12Z</time></trkpt><trkpt lat="36.540827" lon="140.309055"><ele>167.1</ele><time>2021-11-07T01:59:14Z</time></trkpt><trkpt lat="36.540895" lon="140.308989"><ele>167.4</ele><time>2021-11-07T01:59:17Z</time></trkpt><trkpt lat="36.54094" lon="140.308934"><ele>167.6</ele><time>2021-11-07T01:59:19Z</time></trkpt><trkpt lat="36.541006" lon="140.308841"><ele>168.0</ele><time>2021-11-07T01:59:22Z</time></trkpt><trkpt lat="36.54104" lon="140.308772"><ele>168.2</ele><time>2021-11-07T01:59:24Z</time></trkpt><trkpt lat="36.541108" lon="140.308683"><ele>168.6</ele><time>2021-11-07T01:59:27Z</time></trkpt><trkpt lat="36.541152" lon="140.308635"><ele>168.8</ele><time>2021-11-07T01:59:29Z</time></trkpt><trkpt lat="36.54122" lon="140.308581"><ele>169.1</ele><time>2021-11-07T01:59:32Z</time></trkpt><trkpt lat="36.541282" lon="140.308581"><ele>169.3</ele><time>2021-11-07T01:59:34Z</time></trkpt><trkpt lat="36.54136" lon="140.308594"><ele>169.6</ele><time>2021-11-07T01:59:37Z</time></trkpt><trkpt lat="36.541459" lon="140.308594"><ele>169.9</ele><time>2021-11-07T01:59:40Z</time></trkpt><trkpt lat="36.541518" lon="140.308558"><ele>170.1</ele><time>2021-11-07T01:59:42Z</time></trkpt><trkpt lat="36.541578" lon="140.3085"><ele>170.4</ele><time>2021-11-07T01:59:45Z</time></trkpt><trkpt lat="36.541623" lon="140.308449"><ele>170.7</ele><time>2021-11-07T01:59:47Z</time></trkpt><trkpt lat="36.541706" lon="140.308388"><ele>171.2</ele><time>2021-11-07T01:59:50Z</time></trkpt><trkpt lat="36.541766" lon="140.308391"><ele>171.5</ele><time>2021-11-07T01:59:52Z</time></trkpt><trkpt lat="36.541855" lon="140.308392"><ele>171.9</ele><time>2021-11-07T01:59:55Z</time></trkpt><trkpt lat="36.541907" lon="140.30839"><ele>172.1</ele><time>2021-11-07T01:59:57Z</time></trkpt><trkpt lat="36.541974" lon="140.308366"><ele>172.5</ele><time>2021-11-07T02:00:00Z</time></trkpt><trkpt lat="36.542005" lon="140.308343"><ele>172.7</ele><time>2021-11-07T02:00:02Z</time></trkpt><trkpt lat="36.542009" lon="140.308275"><ele>172.9</ele><time>2021-11-07T02:00:05Z</time></trkpt><trkpt lat="36.541996" lon="140.308191"><ele>173.3</ele><time>2021-11-07T02:00:07Z</time></trkpt><trkpt lat="36.541969" lon="140.308056"><ele>173.9</ele><time>2021-11-07T02:00:10Z</time></trkpt><trkpt lat="36.541964" lon="140.307949"><ele>174.4</ele><time>2021-11-07T02:00:13Z</time></trkpt><trkpt lat="36.54197" lon="140.307865"><ele>174.8</ele><time>2021-11-07T02:00:15Z</time></trkpt><trkpt lat="36.541972" lon="140.307808"><ele>175.1</ele><time>2021-11-07T02:00:18Z</time></trkpt><trkpt lat="36.541958" lon="140.307792"><ele>175.8</ele><time>2021-11-07T02:00:20Z</time></trkpt><trkpt lat="36.541939" lon="140.307765"><ele>176.7</ele><time>2021-11-07T02:00:25Z</time></trkpt><trkpt lat="36.541934" lon="140.307732"><ele>177.7</ele><time>2021-11-07T02:00:30Z</time></trkpt><trkpt lat="36.541948" lon="140.307708"><ele>178.5</ele><time>2021-11-07T02:00:38Z</time></trkpt><trkpt lat="36.541956" lon="140.30769"><ele>179.1</ele><time>2021-11-07T02:00:43Z</time></trkpt><trkpt lat="36.541957" lon="140.307687"><ele>179.2</ele><time>2021-11-07T02:00:46Z</time></trkpt><trkpt lat="36.541957" lon="140.307678"><ele>179.5</ele><time>2021-11-07T02:00:48Z</time></trkpt><trkpt lat="36.541952" lon="140.307671"><ele>179.8</ele><time>2021-11-07T02:00:53Z</time></trkpt><trkpt lat="36.541953" lon="140.307635"><ele>180.9</ele><time>2021-11-07T02:00:58Z</time></trkpt><trkpt lat="36.541949" lon="140.307612"><ele>181.7</ele><time>2021-11-07T02:01:03Z</time></trkpt><trkpt lat="36.541925" lon="140.30757"><ele>183.6</ele><time>2021-11-07T02:01:06Z</time></trkpt><trkpt lat="36.541877" lon="140.307482"><ele>187.2</ele><time>2021-11-07T02:01:11Z</time></trkpt><trkpt lat="36.541852" lon="140.307409"><ele>189.7</ele><time>2021-11-07T02:01:14Z</time></trkpt><trkpt lat="36.541847" lon="140.307392"><ele>190.2</ele><time>2021-11-07T02:01:16Z</time></trkpt><trkpt lat="36.54185" lon="140.30737"><ele>190.9</ele><time>2021-11-07T02:01:21Z</time></trkpt><trkpt lat="36.541865" lon="140.307331"><ele>192.0</ele><time>2021-11-07T02:01:26Z</time></trkpt><trkpt lat="36.54192" lon="140.307281"><ele>194.0</ele><time>2021-11-07T02:01:31Z</time></trkpt><trkpt lat="36.541971" lon="140.307268"><ele>195.3</ele><time>2021-11-07T02:01:34Z</time></trkpt><trkpt lat="36.542014" lon="140.307259"><ele>196.2</ele><time>2021-11-07T02:01:36Z</time></trkpt><trkpt lat="36.542091" lon="140.307213"><ele>197.4</ele><time>2021-11-07T02:01:39Z</time></trkpt><trkpt lat="36.542151" lon="140.307162"><ele>197.8</ele><time>2021-11-07T02:01:42Z</time></trkpt><trkpt lat="36.542179" lon="140.307137"><ele>197.9</ele><time>2021-11-07T02:01:44Z</time></trkpt><trkpt lat="36.542228" lon="140.30709"><ele>198.1</ele><time>2021-11-07T02:01:47Z</time></trkpt><trkpt lat="36.542256" lon="140.307059"><ele>198.3</ele><time>2021-11-07T02:01:49Z</time></trkpt><trkpt lat="36.542288" lon="140.307012"><ele>198.8</ele><time>2021-11-07T02:01:52Z</time></trkpt><trkpt lat="36.542288" lon="140.307003"><ele>198.9</ele><time>2021-11-07T02:01:54Z</time></trkpt><trkpt lat="36.542305" lon="140.306964"><ele>199.4</ele><time>2021-11-07T02:01:59Z</time></trkpt><trkpt lat="36.542342" lon="140.306906"><ele>200.6</ele><time>2021-11-07T02:02:04Z</time></trkpt><trkpt lat="36.542366" lon="140.306867"><ele>201.5</ele><time>2021-11-07T02:02:07Z</time></trkpt><trkpt lat="36.542374" lon="140.306852"><ele>201.9</ele><time>2021-11-07T02:02:09Z</time></trkpt><trkpt lat="36.542399" lon="140.306762"><ele>204.0</ele><time>2021-11-07T02:02:17Z</time></trkpt><trkpt lat="36.542426" lon="140.30673"><ele>205.0</ele><time>2021-11-07T02:02:20Z</time></trkpt><trkpt lat="36.542443" lon="140.306714"><ele>205.6</ele><time>2021-11-07T02:02:22Z</time></trkpt><trkpt lat="36.542474" lon="140.306671"><ele>206.7</ele><time>2021-11-07T02:02:25Z</time></trkpt><trkpt lat="36.542492" lon="140.306653"><ele>207.2</ele><time>2021-11-07T02:02:27Z</time></trkpt><trkpt lat="36.542527" lon="140.306637"><ele>208.0</ele><time>2021-11-07T02:02:30Z</time></trkpt><trkpt lat="36.542559" lon="140.306619"><ele>208.6</ele><time>2021-11-07T02:02:32Z</time></trkpt><trkpt lat="36.54261" lon="140.306587"><ele>209.3</ele><time>2021-11-07T02:02:35Z</time></trkpt><trkpt lat="36.542639" lon="140.306575"><ele>209.6</ele><time>2021-11-07T02:02:37Z</time></trkpt><trkpt lat="36.542674" lon="140.306555"><ele>209.9</ele><time>2021-11-07T02:02:40Z</time></trkpt><trkpt lat="36.542766" lon="140.306463"><ele>210.1</ele><time>2021-11-07T02:02:45Z</time></trkpt><trkpt lat="36.542829" lon="140.306425"><ele>209.8</ele><time>2021-11-07T02:02:48Z</time></trkpt><trkpt lat="36.542864" lon="140.306407"><ele>209.5</ele><time>2021-11-07T02:02:50Z</time></trkpt><trkpt lat="36.542914" lon="140.306366"><ele>209.2</ele><time>2021-11-07T02:02:53Z</time></trkpt><trkpt lat="36.54295" lon="140.306328"><ele>209.1</ele><time>2021-11-07T02:02:55Z</time></trkpt><trkpt lat="36.542989" lon="140.306274"><ele>209.2</ele><time>2021-11-07T02:02:58Z</time></trkpt><trkpt lat="36.543002" lon="140.30625"><ele>209.4</ele><time>2021-11-07T02:03:00Z</time></trkpt><trkpt lat="36.543009" lon="140.306235"><ele>209.5</ele><time>2021-11-07T02:03:03Z</time></trkpt><trkpt lat="36.543053" lon="140.30619"><ele>210.3</ele><time>2021-11-07T02:03:08Z</time></trkpt><trkpt lat="36.543086" lon="140.306135"><ele>211.4</ele><time>2021-11-07T02:03:13Z</time></trkpt><trkpt lat="36.543119" lon="140.306087"><ele>212.6</ele><time>2021-11-07T02:03:18Z</time></trkpt><trkpt lat="36.54311" lon="140.306045"><ele>213.5</ele><time>2021-11-07T02:03:23Z</time></trkpt><trkpt lat="36.543113" lon="140.305966"><ele>215.0</ele><time>2021-11-07T02:03:28Z</time></trkpt><trkpt lat="36.543112" lon="140.30592"><ele>215.8</ele><time>2021-11-07T02:03:31Z</time></trkpt><trkpt lat="36.543106" lon="140.305894"><ele>216.2</ele><time>2021-11-07T02:03:33Z</time></trkpt><trkpt lat="36.543114" lon="140.305818"><ele>217.1</ele><time>2021-11-07T02:03:36Z</time></trkpt><trkpt lat="36.543115" lon="140.305776"><ele>217.4</ele><time>2021-11-07T02:03:38Z</time></trkpt><trkpt lat="36.543125" lon="140.305719"><ele>217.4</ele><time>2021-11-07T02:03:41Z</time></trkpt><trkpt lat="36.543139" lon="140.305686"><ele>217.3</ele><time>2021-11-07T02:03:43Z</time></trkpt><trkpt lat="36.543153" lon="140.30564"><ele>216.9</ele><time>2021-11-07T02:03:46Z</time></trkpt><trkpt lat="36.543186" lon="140.305577"><ele>216.2</ele><time>2021-11-07T02:03:49Z</time></trkpt><trkpt lat="36.543218" lon="140.305521"><ele>215.3</ele><time>2021-11-07T02:03:51Z</time></trkpt><trkpt lat="36.543249" lon="140.305443"><ele>214.4</ele><time>2021-11-07T02:03:54Z</time></trkpt><trkpt lat="36.543281" lon="140.305378"><ele>213.8</ele><time>2021-11-07T02:03:56Z</time></trkpt><trkpt lat="36.543338" lon="140.305286"><ele>213.2</ele><time>2021-11-07T02:03:59Z</time></trkpt><trkpt lat="36.543368" lon="140.305242"><ele>212.8</ele><time>2021-11-07T02:04:01Z</time></trkpt><trkpt lat="36.543415" lon="140.305191"><ele>212.2</ele><time>2021-11-07T02:04:04Z</time></trkpt><trkpt lat="36.543441" lon="140.30517"><ele>211.8</ele><time>2021-11-07T02:04:06Z</time></trkpt><trkpt lat="36.543503" lon="140.305156"><ele>210.9</ele><time>2021-11-07T02:04:09Z</time></trkpt><trkpt lat="36.54354" lon="140.305148"><ele>210.3</ele><time>2021-11-07T02:04:11Z</time></trkpt><trkpt lat="36.543588" lon="140.30514"><ele>209.5</ele><time>2021-11-07T02:04:14Z</time></trkpt><trkpt lat="36.543643" lon="140.305123"><ele>208.7</ele><time>2021-11-07T02:04:17Z</time></trkpt><trkpt lat="36.543679" lon="140.3051"><ele>208.1</ele><time>2021-11-07T02:04:19Z</time></trkpt><trkpt lat="36.543744" lon="140.305057"><ele>207.2</ele><time>2021-11-07T02:04:22Z</time></trkpt><trkpt lat="36.543777" lon="140.305029"><ele>206.8</ele><time>2021-11-07T02:04:24Z</time></trkpt><trkpt lat="36.543833" lon="140.304985"><ele>206.4</ele><time>2021-11-07T02:04:27Z</time></trkpt><trkpt lat="36.543875" lon="140.304946"><ele>206.3</ele><time>2021-11-07T02:04:29Z</time></trkpt><trkpt lat="36.54394" lon="140.304896"><ele>206.4</ele><time>2021-11-07T02:04:32Z</time></trkpt><trkpt lat="36.54398" lon="140.304857"><ele>206.6</ele><time>2021-11-07T02:04:34Z</time></trkpt><trkpt lat="36.544025" lon="140.304823"><ele>207.0</ele><time>2021-11-07T02:04:37Z</time></trkpt><trkpt lat="36.544059" lon="140.304794"><ele>207.4</ele><time>2021-11-07T02:04:39Z</time></trkpt><trkpt lat="36.544104" lon="140.304773"><ele>208.0</ele><time>2021-11-07T02:04:42Z</time></trkpt><trkpt lat="36.544127" lon="140.304765"><ele>208.4</ele><time>2021-11-07T02:04:44Z</time></trkpt><trkpt lat="36.544172" lon="140.304725"><ele>209.2</ele><time>2021-11-07T02:04:47Z</time></trkpt><trkpt lat="36.54423" lon="140.30468"><ele>210.4</ele><time>2021-11-07T02:04:50Z</time></trkpt><trkpt lat="36.544282" lon="140.304636"><ele>211.8</ele><time>2021-11-07T02:04:52Z</time></trkpt><trkpt lat="36.544367" lon="140.304623"><ele>213.8</ele><time>2021-11-07T02:04:55Z</time></trkpt><trkpt lat="36.544412" lon="140.304619"><ele>214.8</ele><time>2021-11-07T02:04:57Z</time></trkpt><trkpt lat="36.544482" lon="140.304619"><ele>216.5</ele><time>2021-11-07T02:05:00Z</time></trkpt><trkpt lat="36.544531" lon="140.304612"><ele>217.6</ele><time>2021-11-07T02:05:02Z</time></trkpt><trkpt lat="36.544599" lon="140.304569"><ele>219.4</ele><time>2021-11-07T02:05:05Z</time></trkpt><trkpt lat="36.544629" lon="140.304541"><ele>220.2</ele><time>2021-11-07T02:05:07Z</time></trkpt><trkpt lat="36.54467" lon="140.304487"><ele>221.2</ele><time>2021-11-07T02:05:10Z</time></trkpt><trkpt lat="36.54469" lon="140.304443"><ele>221.8</ele><time>2021-11-07T02:05:12Z</time></trkpt><trkpt lat="36.544718" lon="140.304365"><ele>222.4</ele><time>2021-11-07T02:05:15Z</time></trkpt><trkpt lat="36.544729" lon="140.30424"><ele>222.9</ele><time>2021-11-07T02:05:18Z</time></trkpt><trkpt lat="36.544726" lon="140.304143"><ele>223.1</ele><time>2021-11-07T02:05:20Z</time></trkpt><trkpt lat="36.544727" lon="140.304046"><ele>223.4</ele><time>2021-11-07T02:05:23Z</time></trkpt><trkpt lat="36.544734" lon="140.30397"><ele>223.8</ele><time>2021-11-07T02:05:25Z</time></trkpt><trkpt lat="36.544753" lon="140.303873"><ele>224.5</ele><time>2021-11-07T02:05:28Z</time></trkpt><trkpt lat="36.544764" lon="140.30382"><ele>225.0</ele><time>2021-11-07T02:05:30Z</time></trkpt><trkpt lat="36.544793" lon="140.303728"><ele>225.8</ele><time>2021-11-07T02:05:33Z</time></trkpt><trkpt lat="36.544812" lon="140.30366"><ele>226.4</ele><time>2021-11-07T02:05:35Z</time></trkpt><trkpt lat="36.544825" lon="140.303582"><ele>227.0</ele><time>2021-11-07T02:05:38Z</time></trkpt><trkpt lat="36.544826" lon="140.303517"><ele>227.3</ele><time>2021-11-07T02:05:40Z</time></trkpt><trkpt lat="36.544824" lon="140.303408"><ele>227.5</ele><time>2021-11-07T02:05:43Z</time></trkpt><trkpt lat="36.544846" lon="140.303344"><ele>227.3</ele><time>2021-11-07T02:05:45Z</time></trkpt><trkpt lat="36.544885" lon="140.303259"><ele>226.4</ele><time>2021-11-07T02:05:48Z</time></trkpt><trkpt lat="36.544938" lon="140.303146"><ele>224.5</ele><time>2021-11-07T02:05:51Z</time></trkpt><trkpt lat="36.544979" lon="140.303089"><ele>223.4</ele><time>2021-11-07T02:05:53Z</time></trkpt><trkpt lat="36.545036" lon="140.30299"><ele>222.0</ele><time>2021-11-07T02:05:56Z</time></trkpt><trkpt lat="36.545069" lon="140.302921"><ele>221.5</ele><time>2021-11-07T02:05:58Z</time></trkpt><trkpt lat="36.545084" lon="140.302844"><ele>221.3</ele><time>2021-11-07T02:06:01Z</time></trkpt><trkpt lat="36.545087" lon="140.302803"><ele>221.5</ele><time>2021-11-07T02:06:03Z</time></trkpt><trkpt lat="36.54509" lon="140.302744"><ele>221.9</ele><time>2021-11-07T02:06:06Z</time></trkpt><trkpt lat="36.545087" lon="140.302696"><ele>222.4</ele><time>2021-11-07T02:06:08Z</time></trkpt><trkpt lat="36.545069" lon="140.30264"><ele>223.1</ele><time>2021-11-07T02:06:11Z</time></trkpt><trkpt lat="36.545049" lon="140.302607"><ele>223.8</ele><time>2021-11-07T02:06:13Z</time></trkpt><trkpt lat="36.545018" lon="140.302564"><ele>224.7</ele><time>2021-11-07T02:06:16Z</time></trkpt><trkpt lat="36.544986" lon="140.302526"><ele>225.7</ele><time>2021-11-07T02:06:19Z</time></trkpt><trkpt lat="36.544957" lon="140.302464"><ele>226.8</ele><time>2021-11-07T02:06:21Z</time></trkpt><trkpt lat="36.544942" lon="140.302378"><ele>227.5</ele><time>2021-11-07T02:06:24Z</time></trkpt><trkpt lat="36.544959" lon="140.302324"><ele>227.5</ele><time>2021-11-07T02:06:26Z</time></trkpt><trkpt lat="36.544989" lon="140.302249"><ele>226.8</ele><time>2021-11-07T02:06:29Z</time></trkpt><trkpt lat="36.545012" lon="140.302205"><ele>225.9</ele><time>2021-11-07T02:06:31Z</time></trkpt><trkpt lat="36.545072" lon="140.302109"><ele>223.3</ele><time>2021-11-07T02:06:34Z</time></trkpt><trkpt lat="36.545113" lon="140.302021"><ele>221.4</ele><time>2021-11-07T02:06:36Z</time></trkpt><trkpt lat="36.545155" lon="140.301895"><ele>219.7</ele><time>2021-11-07T02:06:39Z</time></trkpt><trkpt lat="36.545161" lon="140.301836"><ele>219.3</ele><time>2021-11-07T02:06:41Z</time></trkpt><trkpt lat="36.545125" lon="140.301723"><ele>218.6</ele><time>2021-11-07T02:06:44Z</time></trkpt><trkpt lat="36.545072" lon="140.30168"><ele>218.3</ele><time>2021-11-07T02:06:46Z</time></trkpt><trkpt lat="36.544998" lon="140.301623"><ele>218.0</ele><time>2021-11-07T02:06:49Z</time></trkpt><trkpt lat="36.544954" lon="140.301559"><ele>217.7</ele><time>2021-11-07T02:06:52Z</time></trkpt><trkpt lat="36.544917" lon="140.3015"><ele>217.2</ele><time>2021-11-07T02:06:54Z</time></trkpt><trkpt lat="36.544862" lon="140.301399"><ele>215.9</ele><time>2021-11-07T02:06:57Z</time></trkpt><trkpt lat="36.544836" lon="140.30132"><ele>214.8</ele><time>2021-11-07T02:06:59Z</time></trkpt><trkpt lat="36.544799" lon="140.301217"><ele>213.3</ele><time>2021-11-07T02:07:02Z</time></trkpt><trkpt lat="36.544778" lon="140.30116"><ele>212.5</ele><time>2021-11-07T02:07:04Z</time></trkpt><trkpt lat="36.544718" lon="140.301071"><ele>210.7</ele><time>2021-11-07T02:07:07Z</time></trkpt><trkpt lat="36.544668" lon="140.301032"><ele>209.5</ele><time>2021-11-07T02:07:09Z</time></trkpt><trkpt lat="36.544599" lon="140.300976"><ele>207.6</ele><time>2021-11-07T02:07:12Z</time></trkpt><trkpt lat="36.544563" lon="140.300949"><ele>206.6</ele><time>2021-11-07T02:07:14Z</time></trkpt><trkpt lat="36.544497" lon="140.300918"><ele>204.9</ele><time>2021-11-07T02:07:17Z</time></trkpt><trkpt lat="36.544426" lon="140.300887"><ele>203.3</ele><time>2021-11-07T02:07:20Z</time></trkpt><trkpt lat="36.544373" lon="140.300862"><ele>202.2</ele><time>2021-11-07T02:07:22Z</time></trkpt><trkpt lat="36.544299" lon="140.300824"><ele>200.9</ele><time>2021-11-07T02:07:25Z</time></trkpt><trkpt lat="36.54425" lon="140.300787"><ele>200.0</ele><time>2021-11-07T02:07:27Z</time></trkpt><trkpt lat="36.544164" lon="140.300701"><ele>199.4</ele><time>2021-11-07T02:07:30Z</time></trkpt><trkpt lat="36.544074" lon="140.300604"><ele>198.4</ele><time>2021-11-07T02:07:32Z</time></trkpt><trkpt lat="36.543956" lon="140.300489"><ele>196.9</ele><time>2021-11-07T02:07:35Z</time></trkpt><trkpt lat="36.543873" lon="140.30042"><ele>195.9</ele><time>2021-11-07T02:07:37Z</time></trkpt><trkpt lat="36.543736" lon="140.300315"><ele>194.3</ele><time>2021-11-07T02:07:40Z</time></trkpt><trkpt lat="36.543644" lon="140.300234"><ele>193.1</ele><time>2021-11-07T02:07:42Z</time></trkpt><trkpt lat="36.543497" lon="140.300125"><ele>191.1</ele><time>2021-11-07T02:07:45Z</time></trkpt><trkpt lat="36.543438" lon="140.300096"><ele>190.3</ele><time>2021-11-07T02:07:47Z</time></trkpt><trkpt lat="36.543335" lon="140.300065"><ele>189.0</ele><time>2021-11-07T02:07:50Z</time></trkpt><trkpt lat="36.543217" lon="140.300051"><ele>187.5</ele><time>2021-11-07T02:07:53Z</time></trkpt><trkpt lat="36.543149" lon="140.300037"><ele>186.5</ele><time>2021-11-07T02:07:55Z</time></trkpt><trkpt lat="36.543032" lon="140.299979"><ele>184.8</ele><time>2021-11-07T02:07:58Z</time></trkpt><trkpt lat="36.542952" lon="140.299943"><ele>183.7</ele><time>2021-11-07T02:08:00Z</time></trkpt><trkpt lat="36.542821" lon="140.299906"><ele>181.8</ele><time>2021-11-07T02:08:03Z</time></trkpt><trkpt lat="36.542739" lon="140.299868"><ele>180.8</ele><time>2021-11-07T02:08:05Z</time></trkpt><trkpt lat="36.542612" lon="140.299766"><ele>179.2</ele><time>2021-11-07T02:08:08Z</time></trkpt><trkpt lat="36.542542" lon="140.299691"><ele>178.3</ele><time>2021-11-07T02:08:10Z</time></trkpt><trkpt lat="36.542429" lon="140.299585"><ele>176.7</ele><time>2021-11-07T02:08:13Z</time></trkpt><trkpt lat="36.542355" lon="140.299516"><ele>175.6</ele><time>2021-11-07T02:08:15Z</time></trkpt><trkpt lat="36.542225" lon="140.299395"><ele>173.4</ele><time>2021-11-07T02:08:18Z</time></trkpt><trkpt lat="36.542101" lon="140.299218"><ele>170.4</ele><time>2021-11-07T02:08:21Z</time></trkpt><trkpt lat="36.542061" lon="140.299075"><ele>168.9</ele><time>2021-11-07T02:08:23Z</time></trkpt><trkpt lat="36.542004" lon="140.298919"><ele>167.4</ele><time>2021-11-07T02:08:26Z</time></trkpt><trkpt lat="36.541966" lon="140.298817"><ele>166.4</ele><time>2021-11-07T02:08:28Z</time></trkpt><trkpt lat="36.541925" lon="140.298709"><ele>165.2</ele><time>2021-11-07T02:08:31Z</time></trkpt><trkpt lat="36.54191" lon="140.298636"><ele>164.4</ele><time>2021-11-07T02:08:33Z</time></trkpt><trkpt lat="36.541839" lon="140.298532"><ele>162.9</ele><time>2021-11-07T02:08:36Z</time></trkpt><trkpt lat="36.541774" lon="140.298436"><ele>161.8</ele><time>2021-11-07T02:08:38Z</time></trkpt><trkpt lat="36.541691" lon="140.298315"><ele>160.6</ele><time>2021-11-07T02:08:41Z</time></trkpt><trkpt lat="36.541604" lon="140.298274"><ele>159.8</ele><time>2021-11-07T02:08:43Z</time></trkpt><trkpt lat="36.541462" lon="140.298224"><ele>158.7</ele><time>2021-11-07T02:08:46Z</time></trkpt><trkpt lat="36.541381" lon="140.298191"><ele>158.1</ele><time>2021-11-07T02:08:48Z</time></trkpt><trkpt lat="36.541274" lon="140.298149"><ele>157.3</ele><time>2021-11-07T02:08:51Z</time></trkpt><trkpt lat="36.541174" lon="140.298126"><ele>156.6</ele><time>2021-11-07T02:08:54Z</time></trkpt><trkpt lat="36.541104" lon="140.29812"><ele>156.0</ele><time>2021-11-07T02:08:56Z</time></trkpt><trkpt lat="36.540993" lon="140.298105"><ele>155.1</ele><time>2021-11-07T02:08:59Z</time></trkpt><trkpt lat="36.540922" lon="140.298117"><ele>154.7</ele><time>2021-11-07T02:09:01Z</time></trkpt><trkpt lat="36.540825" lon="140.298098"><ele>154.2</ele><time>2021-11-07T02:09:04Z</time></trkpt><trkpt lat="36.540759" lon="140.298077"><ele>154.0</ele><time>2021-11-07T02:09:06Z</time></trkpt><trkpt lat="36.540668" lon="140.298019"><ele>153.8</ele><time>2021-11-07T02:09:09Z</time></trkpt><trkpt lat="36.5406" lon="140.29798"><ele>153.7</ele><time>2021-11-07T02:09:11Z</time></trkpt><trkpt lat="36.540482" lon="140.297942"><ele>153.2</ele><time>2021-11-07T02:09:14Z</time></trkpt><trkpt lat="36.540405" lon="140.2979"><ele>152.5</ele><time>2021-11-07T02:09:16Z</time></trkpt><trkpt lat="36.540296" lon="140.297889"><ele>152.1</ele><time>2021-11-07T02:09:19Z</time></trkpt><trkpt lat="36.540201" lon="140.297857"><ele>152.2</ele><time>2021-11-07T02:09:22Z</time></trkpt><trkpt lat="36.540133" lon="140.297829"><ele>152.3</ele><time>2021-11-07T02:09:24Z</time></trkpt><trkpt lat="36.540037" lon="140.297811"><ele>152.3</ele><time>2021-11-07T02:09:27Z</time></trkpt><trkpt lat="36.53998" lon="140.297804"><ele>152.4</ele><time>2021-11-07T02:09:29Z</time></trkpt><trkpt lat="36.539895" lon="140.297787"><ele>152.6</ele><time>2021-11-07T02:09:32Z</time></trkpt><trkpt lat="36.539844" lon="140.297779"><ele>152.7</ele><time>2021-11-07T02:09:34Z</time></trkpt><trkpt lat="36.539748" lon="140.297779"><ele>153.1</ele><time>2021-11-07T02:09:37Z</time></trkpt><trkpt lat="36.539671" lon="140.297795"><ele>153.4</ele><time>2021-11-07T02:09:39Z</time></trkpt><trkpt lat="36.539557" lon="140.297815"><ele>153.7</ele><time>2021-11-07T02:09:42Z</time></trkpt><trkpt lat="36.53949" lon="140.29782"><ele>153.9</ele><time>2021-11-07T02:09:44Z</time></trkpt><trkpt lat="36.539413" lon="140.297865"><ele>152.7</ele><time>2021-11-07T02:09:47Z</time></trkpt><trkpt lat="36.539363" lon="140.29789"><ele>152.2</ele><time>2021-11-07T02:09:49Z</time></trkpt><trkpt lat="36.539275" lon="140.297917"><ele>151.6</ele><time>2021-11-07T02:09:52Z</time></trkpt><trkpt lat="36.53917" lon="140.297937"><ele>150.9</ele><time>2021-11-07T02:09:55Z</time></trkpt><trkpt lat="36.539098" lon="140.297962"><ele>150.5</ele><time>2021-11-07T02:09:57Z</time></trkpt><trkpt lat="36.538979" lon="140.298003"><ele>149.7</ele><time>2021-11-07T02:10:00Z</time></trkpt><trkpt lat="36.538913" lon="140.298026"><ele>149.2</ele><time>2021-11-07T02:10:02Z</time></trkpt><trkpt lat="36.538833" lon="140.298168"><ele>148.3</ele><time>2021-11-07T02:10:05Z</time></trkpt><trkpt lat="36.538761" lon="140.298235"><ele>147.7</ele><time>2021-11-07T02:10:07Z</time></trkpt><trkpt lat="36.538677" lon="140.298359"><ele>146.8</ele><time>2021-11-07T02:10:10Z</time></trkpt><trkpt lat="36.538613" lon="140.298417"><ele>146.3</ele><time>2021-11-07T02:10:12Z</time></trkpt><trkpt lat="36.538559" lon="140.298495"><ele>145.7</ele><time>2021-11-07T02:10:15Z</time></trkpt><trkpt lat="36.538512" lon="140.298537"><ele>145.3</ele><time>2021-11-07T02:10:17Z</time></trkpt><trkpt lat="36.538444" lon="140.298598"><ele>144.8</ele><time>2021-11-07T02:10:20Z</time></trkpt><trkpt lat="36.538407" lon="140.298647"><ele>144.4</ele><time>2021-11-07T02:10:22Z</time></trkpt><trkpt lat="36.538338" lon="140.298663"><ele>143.9</ele><time>2021-11-07T02:10:25Z</time></trkpt><trkpt lat="36.538257" lon="140.298704"><ele>143.3</ele><time>2021-11-07T02:10:28Z</time></trkpt><trkpt lat="36.538195" lon="140.29873"><ele>142.9</ele><time>2021-11-07T02:10:30Z</time></trkpt><trkpt lat="36.538101" lon="140.298808"><ele>142.0</ele><time>2021-11-07T02:10:33Z</time></trkpt><trkpt lat="36.538067" lon="140.298913"><ele>141.4</ele><time>2021-11-07T02:10:35Z</time></trkpt><trkpt lat="36.538035" lon="140.299053"><ele>140.6</ele><time>2021-11-07T02:10:38Z</time></trkpt><trkpt lat="36.53799" lon="140.299146"><ele>140.1</ele><time>2021-11-07T02:10:40Z</time></trkpt><trkpt lat="36.537936" lon="140.299323"><ele>139.1</ele><time>2021-11-07T02:10:43Z</time></trkpt><trkpt lat="36.537907" lon="140.299432"><ele>138.5</ele><time>2021-11-07T02:10:45Z</time></trkpt><trkpt lat="36.537887" lon="140.299592"><ele>137.8</ele><time>2021-11-07T02:10:48Z</time></trkpt><trkpt lat="36.537867" lon="140.299681"><ele>137.3</ele><time>2021-11-07T02:10:50Z</time></trkpt><trkpt lat="36.537854" lon="140.299805"><ele>136.7</ele><time>2021-11-07T02:10:53Z</time></trkpt><trkpt lat="36.537835" lon="140.29991"><ele>136.1</ele><time>2021-11-07T02:10:56Z</time></trkpt><trkpt lat="36.537818" lon="140.299992"><ele>135.6</ele><time>2021-11-07T02:10:58Z</time></trkpt><trkpt lat="36.537779" lon="140.300103"><ele>134.8</ele><time>2021-11-07T02:11:01Z</time></trkpt><trkpt lat="36.537767" lon="140.300171"><ele>134.4</ele><time>2021-11-07T02:11:03Z</time></trkpt><trkpt lat="36.537749" lon="140.30028"><ele>133.9</ele><time>2021-11-07T02:11:06Z</time></trkpt><trkpt lat="36.537741" lon="140.30035"><ele>133.6</ele><time>2021-11-07T02:11:08Z</time></trkpt><trkpt lat="36.537726" lon="140.300469"><ele>133.0</ele><time>2021-11-07T02:11:11Z</time></trkpt><trkpt lat="36.537698" lon="140.300535"><ele>132.7</ele><time>2021-11-07T02:11:13Z</time></trkpt><trkpt lat="36.537673" lon="140.300607"><ele>132.2</ele><time>2021-11-07T02:11:16Z</time></trkpt><trkpt lat="36.537678" lon="140.30067"><ele>131.9</ele><time>2021-11-07T02:11:18Z</time></trkpt><trkpt lat="36.537686" lon="140.300779"><ele>131.3</ele><time>2021-11-07T02:11:21Z</time></trkpt><trkpt lat="36.537701" lon="140.300865"><ele>130.8</ele><time>2021-11-07T02:11:23Z</time></trkpt><trkpt lat="36.537665" lon="140.300973"><ele>130.3</ele><time>2021-11-07T02:11:26Z</time></trkpt><trkpt lat="36.537626" lon="140.301079"><ele>129.8</ele><time>2021-11-07T02:11:29Z</time></trkpt><trkpt lat="36.537615" lon="140.301135"><ele>129.5</ele><time>2021-11-07T02:11:31Z</time></trkpt><trkpt lat="36.537553" lon="140.301219"><ele>128.9</ele><time>2021-11-07T02:11:34Z</time></trkpt><trkpt lat="36.537492" lon="140.301298"><ele>128.3</ele><time>2021-11-07T02:11:36Z</time></trkpt><trkpt lat="36.537413" lon="140.301407"><ele>127.7</ele><time>2021-11-07T02:11:39Z</time></trkpt><trkpt lat="36.537368" lon="140.301486"><ele>127.4</ele><time>2021-11-07T02:11:41Z</time></trkpt><trkpt lat="36.537314" lon="140.301605"><ele>126.9</ele><time>2021-11-07T02:11:44Z</time></trkpt><trkpt lat="36.537286" lon="140.301673"><ele>126.6</ele><time>2021-11-07T02:11:46Z</time></trkpt><trkpt lat="36.537276" lon="140.301831"><ele>125.9</ele><time>2021-11-07T02:11:49Z</time></trkpt><trkpt lat="36.537235" lon="140.301903"><ele>125.6</ele><time>2021-11-07T02:11:51Z</time></trkpt><trkpt lat="36.537164" lon="140.302022"><ele>125.0</ele><time>2021-11-07T02:11:54Z</time></trkpt><trkpt lat="36.53712" lon="140.302102"><ele>124.7</ele><time>2021-11-07T02:11:56Z</time></trkpt><trkpt lat="36.537035" lon="140.30225"><ele>124.2</ele><time>2021-11-07T02:11:59Z</time></trkpt><trkpt lat="36.536956" lon="140.302388"><ele>123.3</ele><time>2021-11-07T02:12:02Z</time></trkpt><trkpt lat="36.536899" lon="140.302458"><ele>122.8</ele><time>2021-11-07T02:12:04Z</time></trkpt><trkpt lat="36.53681" lon="140.302573"><ele>122.3</ele><time>2021-11-07T02:12:07Z</time></trkpt><trkpt lat="36.536757" lon="140.302654"><ele>122.1</ele><time>2021-11-07T02:12:09Z</time></trkpt><trkpt lat="36.536694" lon="140.302775"><ele>122.0</ele><time>2021-11-07T02:12:12Z</time></trkpt><trkpt lat="36.536682" lon="140.302839"><ele>122.0</ele><time>2021-11-07T02:12:14Z</time></trkpt><trkpt lat="36.536643" lon="140.302959"><ele>122.0</ele><time>2021-11-07T02:12:17Z</time></trkpt><trkpt lat="36.536605" lon="140.30305"><ele>121.8</ele><time>2021-11-07T02:12:19Z</time></trkpt><trkpt lat="36.536577" lon="140.30322"><ele>121.8</ele><time>2021-11-07T02:12:22Z</time></trkpt><trkpt lat="36.536542" lon="140.303297"><ele>121.8</ele><time>2021-11-07T02:12:24Z</time></trkpt><trkpt lat="36.536558" lon="140.303417"><ele>121.9</ele><time>2021-11-07T02:12:27Z</time></trkpt><trkpt lat="36.536586" lon="140.303538"><ele>121.9</ele><time>2021-11-07T02:12:30Z</time></trkpt><trkpt lat="36.536594" lon="140.303632"><ele>122.0</ele><time>2021-11-07T02:12:32Z</time></trkpt><trkpt lat="36.536604" lon="140.303767"><ele>121.6</ele><time>2021-11-07T02:12:35Z</time></trkpt><trkpt lat="36.536606" lon="140.303843"><ele>121.3</ele><time>2021-11-07T02:12:37Z</time></trkpt><trkpt lat="36.536653" lon="140.303966"><ele>120.8</ele><time>2021-11-07T02:12:40Z</time></trkpt><trkpt lat="36.536699" lon="140.304059"><ele>120.5</ele><time>2021-11-07T02:12:42Z</time></trkpt><trkpt lat="36.536734" lon="140.304162"><ele>120.1</ele><time>2021-11-07T02:12:45Z</time></trkpt><trkpt lat="36.536746" lon="140.304246"><ele>119.8</ele><time>2021-11-07T02:12:47Z</time></trkpt><trkpt lat="36.536739" lon="140.30435"><ele>119.4</ele><time>2021-11-07T02:12:50Z</time></trkpt><trkpt lat="36.536755" lon="140.304422"><ele>119.1</ele><time>2021-11-07T02:12:52Z</time></trkpt><trkpt lat="36.536792" lon="140.304567"><ele>118.5</ele><time>2021-11-07T02:12:55Z</time></trkpt><trkpt lat="36.536871" lon="140.304715"><ele>117.8</ele><time>2021-11-07T02:12:58Z</time></trkpt><trkpt lat="36.536919" lon="140.304803"><ele>117.4</ele><time>2021-11-07T02:13:00Z</time></trkpt><trkpt lat="36.537008" lon="140.304924"><ele>116.7</ele><time>2021-11-07T02:13:03Z</time></trkpt><trkpt lat="36.537098" lon="140.304999"><ele>116.1</ele><time>2021-11-07T02:13:05Z</time></trkpt><trkpt lat="36.537166" lon="140.305137"><ele>115.3</ele><time>2021-11-07T02:13:08Z</time></trkpt><trkpt lat="36.537191" lon="140.30523"><ele>114.8</ele><time>2021-11-07T02:13:10Z</time></trkpt><trkpt lat="36.537235" lon="140.305338"><ele>114.2</ele><time>2021-11-07T02:13:13Z</time></trkpt><trkpt lat="36.537248" lon="140.305404"><ele>113.8</ele><time>2021-11-07T02:13:15Z</time></trkpt><trkpt lat="36.537253" lon="140.305505"><ele>113.3</ele><time>2021-11-07T02:13:18Z</time></trkpt><trkpt lat="36.537244" lon="140.305575"><ele>113.0</ele><time>2021-11-07T02:13:20Z</time></trkpt><trkpt lat="36.537249" lon="140.305716"><ele>112.4</ele><time>2021-11-07T02:13:23Z</time></trkpt><trkpt lat="36.537245" lon="140.305786"><ele>112.1</ele><time>2021-11-07T02:13:25Z</time></trkpt><trkpt lat="36.53721" lon="140.305886"><ele>111.7</ele><time>2021-11-07T02:13:28Z</time></trkpt><trkpt lat="36.537155" lon="140.305989"><ele>111.3</ele><time>2021-11-07T02:13:31Z</time></trkpt><trkpt lat="36.537109" lon="140.306049"><ele>111.0</ele><time>2021-11-07T02:13:33Z</time></trkpt><trkpt lat="36.53709" lon="140.306217"><ele>110.3</ele><time>2021-11-07T02:13:36Z</time></trkpt><trkpt lat="36.537073" lon="140.306291"><ele>110.0</ele><time>2021-11-07T02:13:38Z</time></trkpt><trkpt lat="36.537062" lon="140.306399"><ele>109.5</ele><time>2021-11-07T02:13:41Z</time></trkpt><trkpt lat="36.53705" lon="140.306465"><ele>109.2</ele><time>2021-11-07T02:13:43Z</time></trkpt><trkpt lat="36.53706" lon="140.306587"><ele>108.6</ele><time>2021-11-07T02:13:46Z</time></trkpt><trkpt lat="36.537033" lon="140.306655"><ele>108.2</ele><time>2021-11-07T02:13:48Z</time></trkpt><trkpt lat="36.536958" lon="140.306739"><ele>107.7</ele><time>2021-11-07T02:13:51Z</time></trkpt><trkpt lat="36.536921" lon="140.306802"><ele>107.4</ele><time>2021-11-07T02:13:53Z</time></trkpt><trkpt lat="36.536853" lon="140.306901"><ele>107.0</ele><time>2021-11-07T02:13:56Z</time></trkpt><trkpt lat="36.536814" lon="140.306986"><ele>106.7</ele><time>2021-11-07T02:13:59Z</time></trkpt><trkpt lat="36.536789" lon="140.307067"><ele>106.2</ele><time>2021-11-07T02:14:01Z</time></trkpt><trkpt lat="36.536731" lon="140.307168"><ele>105.5</ele><time>2021-11-07T02:14:04Z</time></trkpt><trkpt lat="36.536711" lon="140.307276"><ele>104.8</ele><time>2021-11-07T02:14:06Z</time></trkpt><trkpt lat="36.536651" lon="140.307439"><ele>103.8</ele><time>2021-11-07T02:14:09Z</time></trkpt><trkpt lat="36.536615" lon="140.307514"><ele>103.3</ele><time>2021-11-07T02:14:11Z</time></trkpt><trkpt lat="36.536577" lon="140.307632"><ele>102.6</ele><time>2021-11-07T02:14:14Z</time></trkpt><trkpt lat="36.536558" lon="140.307711"><ele>102.1</ele><time>2021-11-07T02:14:16Z</time></trkpt><trkpt lat="36.536524" lon="140.307855"><ele>101.2</ele><time>2021-11-07T02:14:19Z</time></trkpt><trkpt lat="36.536486" lon="140.307914"><ele>100.7</ele><time>2021-11-07T02:14:21Z</time></trkpt><trkpt lat="36.536479" lon="140.308011"><ele>100.1</ele><time>2021-11-07T02:14:24Z</time></trkpt><trkpt lat="36.536501" lon="140.308093"><ele>99.6</ele><time>2021-11-07T02:14:26Z</time></trkpt><trkpt lat="36.53657" lon="140.308226"><ele>98.8</ele><time>2021-11-07T02:14:29Z</time></trkpt><trkpt lat="36.536687" lon="140.308392"><ele>97.4</ele><time>2021-11-07T02:14:32Z</time></trkpt><trkpt lat="36.536728" lon="140.308477"><ele>97.0</ele><time>2021-11-07T02:14:34Z</time></trkpt><trkpt lat="36.536777" lon="140.308576"><ele>96.8</ele><time>2021-11-07T02:14:37Z</time></trkpt><trkpt lat="36.536817" lon="140.308629"><ele>96.7</ele><time>2021-11-07T02:14:39Z</time></trkpt><trkpt lat="36.536894" lon="140.308736"><ele>96.2</ele><time>2021-11-07T02:14:42Z</time></trkpt><trkpt lat="36.536916" lon="140.30881"><ele>96.0</ele><time>2021-11-07T02:14:44Z</time></trkpt><trkpt lat="36.536961" lon="140.308988"><ele>95.5</ele><time>2021-11-07T02:14:47Z</time></trkpt><trkpt lat="36.536953" lon="140.309078"><ele>95.4</ele><time>2021-11-07T02:14:49Z</time></trkpt><trkpt lat="36.536962" lon="140.309173"><ele>95.2</ele><time>2021-11-07T02:14:52Z</time></trkpt><trkpt lat="36.536986" lon="140.30924"><ele>95.1</ele><time>2021-11-07T02:14:54Z</time></trkpt><trkpt lat="36.537018" lon="140.309332"><ele>94.8</ele><time>2021-11-07T02:14:57Z</time></trkpt><trkpt lat="36.537065" lon="140.309449"><ele>94.3</ele><time>2021-11-07T02:15:00Z</time></trkpt><trkpt lat="36.537155" lon="140.309603"><ele>93.8</ele><time>2021-11-07T02:15:02Z</time></trkpt><trkpt lat="36.537275" lon="140.309824"><ele>93.5</ele><time>2021-11-07T02:15:05Z</time></trkpt><trkpt lat="36.537328" lon="140.3099"><ele>93.4</ele><time>2021-11-07T02:15:07Z</time></trkpt><trkpt lat="36.537373" lon="140.309982"><ele>93.3</ele><time>2021-11-07T02:15:10Z</time></trkpt><trkpt lat="36.537396" lon="140.310019"><ele>93.3</ele><time>2021-11-07T02:15:12Z</time></trkpt><trkpt lat="36.537437" lon="140.310105"><ele>93.2</ele><time>2021-11-07T02:15:15Z</time></trkpt><trkpt lat="36.537472" lon="140.310163"><ele>93.1</ele><time>2021-11-07T02:15:17Z</time></trkpt><trkpt lat="36.537511" lon="140.310266"><ele>92.9</ele><time>2021-11-07T02:15:20Z</time></trkpt><trkpt lat="36.537496" lon="140.310351"><ele>92.7</ele><time>2021-11-07T02:15:22Z</time></trkpt><trkpt lat="36.537511" lon="140.310462"><ele>92.4</ele><time>2021-11-07T02:15:25Z</time></trkpt><trkpt lat="36.537509" lon="140.310564"><ele>92.3</ele><time>2021-11-07T02:15:27Z</time></trkpt><trkpt lat="36.537536" lon="140.310717"><ele>92.3</ele><time>2021-11-07T02:15:30Z</time></trkpt><trkpt lat="36.537567" lon="140.31085"><ele>92.1</ele><time>2021-11-07T02:15:33Z</time></trkpt><trkpt lat="36.537587" lon="140.310909"><ele>91.9</ele><time>2021-11-07T02:15:35Z</time></trkpt><trkpt lat="36.537612" lon="140.311012"><ele>91.7</ele><time>2021-11-07T02:15:38Z</time></trkpt><trkpt lat="36.537638" lon="140.311101"><ele>91.4</ele><time>2021-11-07T02:15:40Z</time></trkpt><trkpt lat="36.537709" lon="140.31123"><ele>91.2</ele><time>2021-11-07T02:15:43Z</time></trkpt><trkpt lat="36.537733" lon="140.311307"><ele>91.0</ele><time>2021-11-07T02:15:45Z</time></trkpt><trkpt lat="36.537773" lon="140.311425"><ele>90.8</ele><time>2021-11-07T02:15:48Z</time></trkpt><trkpt lat="36.537781" lon="140.311498"><ele>90.7</ele><time>2021-11-07T02:15:50Z</time></trkpt><trkpt lat="36.537782" lon="140.311586"><ele>90.6</ele><time>2021-11-07T02:15:53Z</time></trkpt><trkpt lat="36.537785" lon="140.31164"><ele>90.5</ele><time>2021-11-07T02:15:55Z</time></trkpt><trkpt lat="36.537795" lon="140.311734"><ele>90.3</ele><time>2021-11-07T02:15:58Z</time></trkpt><trkpt lat="36.53782" lon="140.311839"><ele>90.0</ele><time>2021-11-07T02:16:00Z</time></trkpt><trkpt lat="36.537848" lon="140.311973"><ele>89.7</ele><time>2021-11-07T02:16:03Z</time></trkpt><trkpt lat="36.537861" lon="140.312113"><ele>89.3</ele><time>2021-11-07T02:16:06Z</time></trkpt><trkpt lat="36.537868" lon="140.312194"><ele>89.1</ele><time>2021-11-07T02:16:08Z</time></trkpt><trkpt lat="36.537845" lon="140.312334"><ele>88.9</ele><time>2021-11-07T02:16:11Z</time></trkpt><trkpt lat="36.537849" lon="140.312445"><ele>88.6</ele><time>2021-11-07T02:16:13Z</time></trkpt><trkpt lat="36.537844" lon="140.312574"><ele>88.5</ele><time>2021-11-07T02:16:16Z</time></trkpt><trkpt lat="36.537836" lon="140.312662"><ele>88.3</ele><time>2021-11-07T02:16:18Z</time></trkpt><trkpt lat="36.537856" lon="140.312804"><ele>88.1</ele><time>2021-11-07T02:16:21Z</time></trkpt><trkpt lat="36.5379" lon="140.312917"><ele>87.9</ele><time>2021-11-07T02:16:23Z</time></trkpt><trkpt lat="36.537988" lon="140.313082"><ele>87.6</ele><time>2021-11-07T02:16:26Z</time></trkpt><trkpt lat="36.538073" lon="140.313207"><ele>87.3</ele><time>2021-11-07T02:16:28Z</time></trkpt><trkpt lat="36.538215" lon="140.313393"><ele>87.1</ele><time>2021-11-07T02:16:31Z</time></trkpt><trkpt lat="36.538282" lon="140.313507"><ele>87.1</ele><time>2021-11-07T02:16:34Z</time></trkpt><trkpt lat="36.538311" lon="140.313581"><ele>87.0</ele><time>2021-11-07T02:16:36Z</time></trkpt><trkpt lat="36.538369" lon="140.313699"><ele>87.0</ele><time>2021-11-07T02:16:39Z</time></trkpt><trkpt lat="36.538429" lon="140.313758"><ele>86.1</ele><time>2021-11-07T02:16:41Z</time></trkpt><trkpt lat="36.538534" lon="140.313759"><ele>85.1</ele><time>2021-11-07T02:16:44Z</time></trkpt><trkpt lat="36.538574" lon="140.313718"><ele>84.6</ele><time>2021-11-07T02:16:46Z</time></trkpt><trkpt lat="36.538627" lon="140.313641"><ele>84.0</ele><time>2021-11-07T02:16:49Z</time></trkpt><trkpt lat="36.538648" lon="140.313558"><ele>83.6</ele><time>2021-11-07T02:16:51Z</time></trkpt><trkpt lat="36.538667" lon="140.313458"><ele>83.4</ele><time>2021-11-07T02:16:54Z</time></trkpt><trkpt lat="36.538701" lon="140.313403"><ele>83.3</ele><time>2021-11-07T02:16:56Z</time></trkpt><trkpt lat="36.538769" lon="140.313336"><ele>83.4</ele><time>2021-11-07T02:16:59Z</time></trkpt><trkpt lat="36.538811" lon="140.313306"><ele>83.6</ele><time>2021-11-07T02:17:01Z</time></trkpt><trkpt lat="36.538879" lon="140.313271"><ele>83.9</ele><time>2021-11-07T02:17:04Z</time></trkpt><trkpt lat="36.538947" lon="140.313237"><ele>84.4</ele><time>2021-11-07T02:17:07Z</time></trkpt><trkpt lat="36.539006" lon="140.313216"><ele>84.9</ele><time>2021-11-07T02:17:09Z</time></trkpt><trkpt lat="36.539073" lon="140.313187"><ele>85.4</ele><time>2021-11-07T02:17:12Z</time></trkpt><trkpt lat="36.539114" lon="140.313166"><ele>85.6</ele><time>2021-11-07T02:17:14Z</time></trkpt><trkpt lat="36.539184" lon="140.313151"><ele>86.1</ele><time>2021-11-07T02:17:17Z</time></trkpt><trkpt lat="36.539238" lon="140.313147"><ele>86.5</ele><time>2021-11-07T02:17:19Z</time></trkpt><trkpt lat="36.539305" lon="140.313147"><ele>87.1</ele><time>2021-11-07T02:17:22Z</time></trkpt><trkpt lat="36.53934" lon="140.313164"><ele>87.5</ele><time>2021-11-07T02:17:24Z</time></trkpt><trkpt lat="36.539391" lon="140.313183"><ele>88.0</ele><time>2021-11-07T02:17:27Z</time></trkpt><trkpt lat="36.539426" lon="140.313208"><ele>88.4</ele><time>2021-11-07T02:17:29Z</time></trkpt><trkpt lat="36.539463" lon="140.313255"><ele>89.1</ele><time>2021-11-07T02:17:32Z</time></trkpt><trkpt lat="36.539487" lon="140.313314"><ele>89.7</ele><time>2021-11-07T02:17:35Z</time></trkpt><trkpt lat="36.539501" lon="140.313347"><ele>90.1</ele><time>2021-11-07T02:17:37Z</time></trkpt><trkpt lat="36.53953" lon="140.313409"><ele>90.9</ele><time>2021-11-07T02:17:40Z</time></trkpt><trkpt lat="36.539545" lon="140.313441"><ele>91.3</ele><time>2021-11-07T02:17:42Z</time></trkpt><trkpt lat="36.539572" lon="140.313495"><ele>92.0</ele><time>2021-11-07T02:17:45Z</time></trkpt><trkpt lat="36.539586" lon="140.313531"><ele>92.5</ele><time>2021-11-07T02:17:47Z</time></trkpt><trkpt lat="36.539603" lon="140.313577"><ele>93.1</ele><time>2021-11-07T02:17:50Z</time></trkpt><trkpt lat="36.539619" lon="140.313606"><ele>93.5</ele><time>2021-11-07T02:17:52Z</time></trkpt><trkpt lat="36.539634" lon="140.313629"><ele>93.9</ele><time>2021-11-07T02:17:55Z</time></trkpt><trkpt lat="36.539671" lon="140.313683"><ele>94.8</ele><time>2021-11-07T02:18:00Z</time></trkpt><trkpt lat="36.539693" lon="140.313711"><ele>95.3</ele><time>2021-11-07T02:18:02Z</time></trkpt><trkpt lat="36.539715" lon="140.31378"><ele>96.3</ele><time>2021-11-07T02:18:05Z</time></trkpt><trkpt lat="36.539731" lon="140.313835"><ele>97.1</ele><time>2021-11-07T02:18:08Z</time></trkpt><trkpt lat="36.539736" lon="140.313871"><ele>97.5</ele><time>2021-11-07T02:18:10Z</time></trkpt><trkpt lat="36.53975" lon="140.313897"><ele>97.9</ele><time>2021-11-07T02:18:13Z</time></trkpt><trkpt lat="36.539791" lon="140.313957"><ele>98.8</ele><time>2021-11-07T02:18:18Z</time></trkpt><trkpt lat="36.539796" lon="140.313969"><ele>99.0</ele><time>2021-11-07T02:18:20Z</time></trkpt><trkpt lat="36.539831" lon="140.314101"><ele>100.5</ele><time>2021-11-07T02:18:30Z</time></trkpt><trkpt lat="36.539838" lon="140.314167"><ele>101.2</ele><time>2021-11-07T02:18:33Z</time></trkpt><trkpt lat="36.539846" lon="140.314202"><ele>101.6</ele><time>2021-11-07T02:18:35Z</time></trkpt><trkpt lat="36.539866" lon="140.314243"><ele>102.1</ele><time>2021-11-07T02:18:38Z</time></trkpt><trkpt lat="36.539875" lon="140.314277"><ele>102.4</ele><time>2021-11-07T02:18:41Z</time></trkpt><trkpt lat="36.53993" lon="140.314352"><ele>103.4</ele><time>2021-11-07T02:18:46Z</time></trkpt><trkpt lat="36.539969" lon="140.314383"><ele>103.9</ele><time>2021-11-07T02:18:48Z</time></trkpt><trkpt lat="36.540017" lon="140.314424"><ele>104.5</ele><time>2021-11-07T02:18:51Z</time></trkpt><trkpt lat="36.540047" lon="140.314451"><ele>104.9</ele><time>2021-11-07T02:18:53Z</time></trkpt><trkpt lat="36.540094" lon="140.314494"><ele>105.6</ele><time>2021-11-07T02:18:58Z</time></trkpt><trkpt lat="36.540146" lon="140.314503"><ele>107.4</ele><time>2021-11-07T02:19:03Z</time></trkpt><trkpt lat="36.540193" lon="140.314498"><ele>110.4</ele><time>2021-11-07T02:19:06Z</time></trkpt><trkpt lat="36.54028" lon="140.3145"><ele>112.6</ele><time>2021-11-07T02:19:11Z</time></trkpt><trkpt lat="36.540309" lon="140.314477"><ele>113.8</ele><time>2021-11-07T02:19:14Z</time></trkpt><trkpt lat="36.540308" lon="140.31447"><ele>114.0</ele><time>2021-11-07T02:19:16Z</time></trkpt><trkpt lat="36.540364" lon="140.314371"><ele>118.4</ele><time>2021-11-07T02:19:24Z</time></trkpt><trkpt lat="36.540384" lon="140.314332"><ele>119.7</ele><time>2021-11-07T02:19:26Z</time></trkpt><trkpt lat="36.540394" lon="140.314327"><ele>120.0</ele><time>2021-11-07T02:19:29Z</time></trkpt><trkpt lat="36.540423" lon="140.314309"><ele>121.1</ele><time>2021-11-07T02:19:34Z</time></trkpt><trkpt lat="36.54037" lon="140.314263"><ele>121.6</ele><time>2021-11-07T02:19:42Z</time></trkpt><trkpt lat="36.54027" lon="140.314234"><ele>120.2</ele><time>2021-11-07T02:19:49Z</time></trkpt><trkpt lat="36.540221" lon="140.314205"><ele>120.8</ele><time>2021-11-07T02:19:52Z</time></trkpt><trkpt lat="36.540183" lon="140.31417"><ele>121.4</ele><time>2021-11-07T02:19:54Z</time></trkpt><trkpt lat="36.54012" lon="140.314126"><ele>122.4</ele><time>2021-11-07T02:19:57Z</time></trkpt><trkpt lat="36.540083" lon="140.314086"><ele>123.1</ele><time>2021-11-07T02:19:59Z</time></trkpt><trkpt lat="36.540043" lon="140.314017"><ele>124.1</ele><time>2021-11-07T02:20:02Z</time></trkpt><trkpt lat="36.540023" lon="140.313957"><ele>124.8</ele><time>2021-11-07T02:20:04Z</time></trkpt><trkpt lat="36.539997" lon="140.31387"><ele>125.8</ele><time>2021-11-07T02:20:07Z</time></trkpt><trkpt lat="36.539984" lon="140.313814"><ele>126.5</ele><time>2021-11-07T02:20:09Z</time></trkpt><trkpt lat="36.53997" lon="140.313713"><ele>127.5</ele><time>2021-11-07T02:20:12Z</time></trkpt><trkpt lat="36.539975" lon="140.31361"><ele>128.4</ele><time>2021-11-07T02:20:15Z</time></trkpt><trkpt lat="36.539986" lon="140.313543"><ele>128.9</ele><time>2021-11-07T02:20:17Z</time></trkpt><trkpt lat="36.540043" lon="140.313406"><ele>130.4</ele><time>2021-11-07T02:20:20Z</time></trkpt><trkpt lat="36.540075" lon="140.313323"><ele>131.4</ele><time>2021-11-07T02:20:22Z</time></trkpt><trkpt lat="36.540151" lon="140.313182"><ele>133.1</ele><time>2021-11-07T02:20:25Z</time></trkpt><trkpt lat="36.540216" lon="140.313102"><ele>134.2</ele><time>2021-11-07T02:20:27Z</time></trkpt><trkpt lat="36.540296" lon="140.313012"><ele>135.5</ele><time>2021-11-07T02:20:30Z</time></trkpt><trkpt lat="36.540352" lon="140.312968"><ele>136.2</ele><time>2021-11-07T02:20:32Z</time></trkpt><trkpt lat="36.540425" lon="140.31292"><ele>137.2</ele><time>2021-11-07T02:20:35Z</time></trkpt><trkpt lat="36.540458" lon="140.3129"><ele>137.6</ele><time>2021-11-07T02:20:37Z</time></trkpt><trkpt lat="36.540504" lon="140.312872"><ele>138.2</ele><time>2021-11-07T02:20:40Z</time></trkpt><trkpt lat="36.54055" lon="140.312848"><ele>138.7</ele><time>2021-11-07T02:20:43Z</time></trkpt><trkpt lat="36.540582" lon="140.312832"><ele>139.1</ele><time>2021-11-07T02:20:45Z</time></trkpt><trkpt lat="36.540632" lon="140.312806"><ele>139.7</ele><time>2021-11-07T02:20:48Z</time></trkpt><trkpt lat="36.540667" lon="140.312802"><ele>140.1</ele><time>2021-11-07T02:20:50Z</time></trkpt><trkpt lat="36.540696" lon="140.312787"><ele>140.4</ele><time>2021-11-07T02:20:53Z</time></trkpt><trkpt lat="36.540709" lon="140.312769"><ele>140.6</ele><time>2021-11-07T02:20:55Z</time></trkpt><trkpt lat="36.540764" lon="140.312727"><ele>141.4</ele><time>2021-11-07T02:21:00Z</time></trkpt><trkpt lat="36.540813" lon="140.312709"><ele>141.9</ele><time>2021-11-07T02:21:03Z</time></trkpt><trkpt lat="36.540845" lon="140.312708"><ele>142.3</ele><time>2021-11-07T02:21:05Z</time></trkpt><trkpt lat="36.540893" lon="140.312691"><ele>142.8</ele><time>2021-11-07T02:21:08Z</time></trkpt><trkpt lat="36.540921" lon="140.312679"><ele>143.2</ele><time>2021-11-07T02:21:11Z</time></trkpt><trkpt lat="36.540943" lon="140.312675"><ele>143.5</ele><time>2021-11-07T02:21:13Z</time></trkpt><trkpt lat="36.540987" lon="140.312668"><ele>144.0</ele><time>2021-11-07T02:21:16Z</time></trkpt><trkpt lat="36.541017" lon="140.312669"><ele>144.4</ele><time>2021-11-07T02:21:18Z</time></trkpt><trkpt lat="36.541083" lon="140.312678"><ele>145.3</ele><time>2021-11-07T02:21:23Z</time></trkpt><trkpt lat="36.541138" lon="140.312663"><ele>146.0</ele><time>2021-11-07T02:21:26Z</time></trkpt><trkpt lat="36.541177" lon="140.312666"><ele>146.5</ele><time>2021-11-07T02:21:28Z</time></trkpt><trkpt lat="36.541237" lon="140.312665"><ele>147.2</ele><time>2021-11-07T02:21:31Z</time></trkpt><trkpt lat="36.541273" lon="140.312666"><ele>147.5</ele><time>2021-11-07T02:21:33Z</time></trkpt><trkpt lat="36.541314" lon="140.31267"><ele>147.9</ele><time>2021-11-07T02:21:36Z</time></trkpt><trkpt lat="36.541342" lon="140.312673"><ele>148.2</ele><time>2021-11-07T02:21:38Z</time></trkpt><trkpt lat="36.541383" lon="140.312718"><ele>148.7</ele><time>2021-11-07T02:21:41Z</time></trkpt><trkpt lat="36.541438" lon="140.312759"><ele>149.1</ele><time>2021-11-07T02:21:44Z</time></trkpt><trkpt lat="36.541483" lon="140.312803"><ele>149.4</ele><time>2021-11-07T02:21:46Z</time></trkpt><trkpt lat="36.541544" lon="140.312867"><ele>149.7</ele><time>2021-11-07T02:21:49Z</time></trkpt><trkpt lat="36.541589" lon="140.31292"><ele>149.9</ele><time>2021-11-07T02:21:51Z</time></trkpt><trkpt lat="36.541671" lon="140.312972"><ele>150.0</ele><time>2021-11-07T02:21:54Z</time></trkpt><trkpt lat="36.541717" lon="140.312997"><ele>149.9</ele><time>2021-11-07T02:21:56Z</time></trkpt><trkpt lat="36.541783" lon="140.313015"><ele>149.7</ele><time>2021-11-07T02:21:59Z</time></trkpt><trkpt lat="36.541823" lon="140.31302"><ele>149.6</ele><time>2021-11-07T02:22:01Z</time></trkpt><trkpt lat="36.541904" lon="140.313042"><ele>149.2</ele><time>2021-11-07T02:22:04Z</time></trkpt><trkpt lat="36.541966" lon="140.313054"><ele>148.8</ele><time>2021-11-07T02:22:06Z</time></trkpt><trkpt lat="36.542047" lon="140.313044"><ele>148.7</ele><time>2021-11-07T02:22:09Z</time></trkpt><trkpt lat="36.542086" lon="140.312972"><ele>148.7</ele><time>2021-11-07T02:22:12Z</time></trkpt><trkpt lat="36.542076" lon="140.312896"><ele>148.9</ele><time>2021-11-07T02:22:14Z</time></trkpt><trkpt lat="36.542053" lon="140.312812"><ele>149.2</ele><time>2021-11-07T02:22:17Z</time></trkpt><trkpt lat="36.542035" lon="140.312779"><ele>149.4</ele><time>2021-11-07T02:22:19Z</time></trkpt><trkpt lat="36.542006" lon="140.312735"><ele>149.7</ele><time>2021-11-07T02:22:22Z</time></trkpt><trkpt lat="36.542001" lon="140.312705"><ele>149.9</ele><time>2021-11-07T02:22:24Z</time></trkpt><trkpt lat="36.541998" lon="140.312669"><ele>150.1</ele><time>2021-11-07T02:22:27Z</time></trkpt><trkpt lat="36.541983" lon="140.312624"><ele>150.4</ele><time>2021-11-07T02:22:32Z</time></trkpt><trkpt lat="36.541966" lon="140.312605"><ele>150.6</ele><time>2021-11-07T02:22:34Z</time></trkpt><trkpt lat="36.541953" lon="140.312531"><ele>151.2</ele><time>2021-11-07T02:22:39Z</time></trkpt><trkpt lat="36.541948" lon="140.312476"><ele>151.7</ele><time>2021-11-07T02:22:42Z</time></trkpt><trkpt lat="36.541937" lon="140.312417"><ele>152.2</ele><time>2021-11-07T02:22:45Z</time></trkpt><trkpt lat="36.541926" lon="140.312386"><ele>152.4</ele><time>2021-11-07T02:22:47Z</time></trkpt><trkpt lat="36.541916" lon="140.312332"><ele>152.8</ele><time>2021-11-07T02:22:50Z</time></trkpt><trkpt lat="36.541906" lon="140.312294"><ele>153.0</ele><time>2021-11-07T02:22:52Z</time></trkpt><trkpt lat="36.5419" lon="140.312258"><ele>153.2</ele><time>2021-11-07T02:22:55Z</time></trkpt><trkpt lat="36.541871" lon="140.312165"><ele>153.7</ele><time>2021-11-07T02:23:00Z</time></trkpt><trkpt lat="36.541849" lon="140.31214"><ele>153.9</ele><time>2021-11-07T02:23:02Z</time></trkpt><trkpt lat="36.541812" lon="140.312099"><ele>154.1</ele><time>2021-11-07T02:23:05Z</time></trkpt><trkpt lat="36.54175" lon="140.312067"><ele>154.4</ele><time>2021-11-07T02:23:10Z</time></trkpt><trkpt lat="36.541656" lon="140.312008"><ele>154.7</ele><time>2021-11-07T02:23:18Z</time></trkpt><trkpt lat="36.541644" lon="140.311986"><ele>154.8</ele><time>2021-11-07T02:23:20Z</time></trkpt><trkpt lat="36.54161" lon="140.311949"><ele>154.9</ele><time>2021-11-07T02:23:23Z</time></trkpt><trkpt lat="36.541582" lon="140.311933"><ele>155.0</ele><time>2021-11-07T02:23:25Z</time></trkpt><trkpt lat="36.541549" lon="140.3119"><ele>155.1</ele><time>2021-11-07T02:23:28Z</time></trkpt><trkpt lat="36.541484" lon="140.311835"><ele>155.3</ele><time>2021-11-07T02:23:33Z</time></trkpt><trkpt lat="36.541456" lon="140.311803"><ele>155.4</ele><time>2021-11-07T02:23:35Z</time></trkpt><trkpt lat="36.541406" lon="140.311752"><ele>155.6</ele><time>2021-11-07T02:23:38Z</time></trkpt><trkpt lat="36.541383" lon="140.311727"><ele>155.7</ele><time>2021-11-07T02:23:40Z</time></trkpt><trkpt lat="36.541364" lon="140.311678"><ele>155.8</ele><time>2021-11-07T02:23:43Z</time></trkpt><trkpt lat="36.541339" lon="140.311627"><ele>156.0</ele><time>2021-11-07T02:23:46Z</time></trkpt><trkpt lat="36.541325" lon="140.311611"><ele>156.1</ele><time>2021-11-07T02:23:48Z</time></trkpt><trkpt lat="36.541295" lon="140.311575"><ele>156.2</ele><time>2021-11-07T02:23:51Z</time></trkpt><trkpt lat="36.541277" lon="140.311531"><ele>156.4</ele><time>2021-11-07T02:23:53Z</time></trkpt><trkpt lat="36.541247" lon="140.311469"><ele>156.8</ele><time>2021-11-07T02:23:56Z</time></trkpt><trkpt lat="36.541229" lon="140.311415"><ele>157.1</ele><time>2021-11-07T02:23:58Z</time></trkpt><trkpt lat="36.541222" lon="140.311338"><ele>157.5</ele><time>2021-11-07T02:24:01Z</time></trkpt><trkpt lat="36.541225" lon="140.311296"><ele>157.8</ele><time>2021-11-07T02:24:03Z</time></trkpt><trkpt lat="36.541236" lon="140.311228"><ele>158.2</ele><time>2021-11-07T02:24:06Z</time></trkpt><trkpt lat="36.541249" lon="140.311194"><ele>158.5</ele><time>2021-11-07T02:24:08Z</time></trkpt><trkpt lat="36.541258" lon="140.311134"><ele>158.9</ele><time>2021-11-07T02:24:11Z</time></trkpt><trkpt lat="36.541259" lon="140.311108"><ele>159.0</ele><time>2021-11-07T02:24:13Z</time></trkpt><trkpt lat="36.541258" lon="140.311061"><ele>159.3</ele><time>2021-11-07T02:24:16Z</time></trkpt><trkpt lat="36.541226" lon="140.310975"><ele>159.8</ele><time>2021-11-07T02:24:21Z</time></trkpt><trkpt lat="36.541188" lon="140.310912"><ele>160.2</ele><time>2021-11-07T02:24:24Z</time></trkpt><trkpt lat="36.541141" lon="140.310867"><ele>160.5</ele><time>2021-11-07T02:24:26Z</time></trkpt><trkpt lat="36.541072" lon="140.31083"><ele>160.8</ele><time>2021-11-07T02:24:29Z</time></trkpt><trkpt lat="36.541037" lon="140.310808"><ele>160.9</ele><time>2021-11-07T02:24:31Z</time></trkpt><trkpt lat="36.540973" lon="140.31077"><ele>161.2</ele><time>2021-11-07T02:24:34Z</time></trkpt><trkpt lat="36.540936" lon="140.310715"><ele>161.4</ele><time>2021-11-07T02:24:36Z</time></trkpt><trkpt lat="36.540912" lon="140.310609"><ele>161.6</ele><time>2021-11-07T02:24:39Z</time></trkpt><trkpt lat="36.540904" lon="140.310545"><ele>161.7</ele><time>2021-11-07T02:24:41Z</time></trkpt><trkpt lat="36.54089" lon="140.310429"><ele>161.8</ele><time>2021-11-07T02:24:44Z</time></trkpt><trkpt lat="36.540852" lon="140.310373"><ele>161.9</ele><time>2021-11-07T02:24:46Z</time></trkpt><trkpt lat="36.540794" lon="140.310295"><ele>162.0</ele><time>2021-11-07T02:24:49Z</time></trkpt><trkpt lat="36.540763" lon="140.310175"><ele>162.1</ele><time>2021-11-07T02:24:52Z</time></trkpt><trkpt lat="36.540783" lon="140.310087"><ele>162.2</ele><time>2021-11-07T02:24:54Z</time></trkpt><trkpt lat="36.540837" lon="140.309982"><ele>162.3</ele><time>2021-11-07T02:24:57Z</time></trkpt><trkpt lat="36.540874" lon="140.309923"><ele>162.3</ele><time>2021-11-07T02:24:59Z</time></trkpt><trkpt lat="36.540924" lon="140.309849"><ele>162.5</ele><time>2021-11-07T02:25:02Z</time></trkpt><trkpt lat="36.540957" lon="140.309791"><ele>162.6</ele><time>2021-11-07T02:25:04Z</time></trkpt><trkpt lat="36.541005" lon="140.309713"><ele>162.9</ele><time>2021-11-07T02:25:07Z</time></trkpt><trkpt lat="36.541029" lon="140.30966"><ele>163.2</ele><time>2021-11-07T02:25:09Z</time></trkpt><trkpt lat="36.541048" lon="140.309564"><ele>163.7</ele><time>2021-11-07T02:25:12Z</time></trkpt><trkpt lat="36.54103" lon="140.309503"><ele>164.0</ele><time>2021-11-07T02:25:14Z</time></trkpt><trkpt lat="36.540963" lon="140.309453"><ele>164.5</ele><time>2021-11-07T02:25:17Z</time></trkpt><trkpt lat="36.540871" lon="140.309422"><ele>165.1</ele><time>2021-11-07T02:25:20Z</time></trkpt><trkpt lat="36.540831" lon="140.309399"><ele>165.3</ele><time>2021-11-07T02:25:22Z</time></trkpt><trkpt lat="36.540776" lon="140.309359"><ele>165.7</ele><time>2021-11-07T02:25:25Z</time></trkpt><trkpt lat="36.540744" lon="140.309326"><ele>166.0</ele><time>2021-11-07T02:25:27Z</time></trkpt><trkpt lat="36.540728" lon="140.309237"><ele>166.5</ele><time>2021-11-07T02:25:30Z</time></trkpt><trkpt lat="36.540735" lon="140.309168"><ele>166.7</ele><time>2021-11-07T02:25:32Z</time></trkpt><trkpt lat="36.540809" lon="140.309048"><ele>167.2</ele><time>2021-11-07T02:25:35Z</time></trkpt><trkpt lat="36.540858" lon="140.308984"><ele>167.4</ele><time>2021-11-07T02:25:37Z</time></trkpt><trkpt lat="36.540927" lon="140.308891"><ele>167.8</ele><time>2021-11-07T02:25:40Z</time></trkpt><trkpt lat="36.540968" lon="140.308835"><ele>168.0</ele><time>2021-11-07T02:25:42Z</time></trkpt><trkpt lat="36.541035" lon="140.308734"><ele>168.4</ele><time>2021-11-07T02:25:45Z</time></trkpt><trkpt lat="36.541082" lon="140.308644"><ele>168.7</ele><time>2021-11-07T02:25:48Z</time></trkpt><trkpt lat="36.541119" lon="140.308593"><ele>168.9</ele><time>2021-11-07T02:25:50Z</time></trkpt><trkpt lat="36.541188" lon="140.308549"><ele>169.2</ele><time>2021-11-07T02:25:53Z</time></trkpt><trkpt lat="36.541228" lon="140.308523"><ele>169.4</ele><time>2021-11-07T02:25:55Z</time></trkpt><trkpt lat="36.541311" lon="140.308519"><ele>169.7</ele><time>2021-11-07T02:25:58Z</time></trkpt><trkpt lat="36.541369" lon="140.308523"><ele>169.8</ele><time>2021-11-07T02:26:00Z</time></trkpt><trkpt lat="36.541447" lon="140.308499"><ele>170.0</ele><time>2021-11-07T02:26:03Z</time></trkpt><trkpt lat="36.541497" lon="140.308464"><ele>170.3</ele><time>2021-11-07T02:26:05Z</time></trkpt><trkpt lat="36.54155" lon="140.308413"><ele>170.6</ele><time>2021-11-07T02:26:08Z</time></trkpt><trkpt lat="36.541592" lon="140.308371"><ele>170.9</ele><time>2021-11-07T02:26:10Z</time></trkpt><trkpt lat="36.54168" lon="140.308315"><ele>171.4</ele><time>2021-11-07T02:26:13Z</time></trkpt><trkpt lat="36.541734" lon="140.308301"><ele>171.7</ele><time>2021-11-07T02:26:15Z</time></trkpt><trkpt lat="36.541807" lon="140.3083"><ele>172.0</ele><time>2021-11-07T02:26:18Z</time></trkpt><trkpt lat="36.54188" lon="140.308292"><ele>172.4</ele><time>2021-11-07T02:26:21Z</time></trkpt><trkpt lat="36.541926" lon="140.308276"><ele>172.6</ele><time>2021-11-07T02:26:23Z</time></trkpt><trkpt lat="36.541961" lon="140.308223"><ele>172.9</ele><time>2021-11-07T02:26:26Z</time></trkpt><trkpt lat="36.541966" lon="140.308186"><ele>173.0</ele><time>2021-11-07T02:26:28Z</time></trkpt><trkpt lat="36.541947" lon="140.308106"><ele>173.4</ele><time>2021-11-07T02:26:31Z</time></trkpt><trkpt lat="36.541934" lon="140.308032"><ele>173.7</ele><time>2021-11-07T02:26:33Z</time></trkpt><trkpt lat="36.541931" lon="140.307931"><ele>174.1</ele><time>2021-11-07T02:26:36Z</time></trkpt><trkpt lat="36.541945" lon="140.307872"><ele>174.5</ele><time>2021-11-07T02:26:38Z</time></trkpt><trkpt lat="36.54197" lon="140.307851"><ele>174.7</ele><time>2021-11-07T02:26:41Z</time></trkpt><trkpt lat="36.542013" lon="140.307848"><ele>174.9</ele><time>2021-11-07T02:26:46Z</time></trkpt><trkpt lat="36.542015" lon="140.307851"><ele>175.0</ele><time>2021-11-07T02:26:49Z</time></trkpt><trkpt lat="36.54205" lon="140.307889"><ele>175.3</ele><time>2021-11-07T02:26:56Z</time></trkpt><trkpt lat="36.542075" lon="140.30792"><ele>175.7</ele><time>2021-11-07T02:27:04Z</time></trkpt><trkpt lat="36.542109" lon="140.308029"><ele>177.6</ele><time>2021-11-07T02:27:09Z</time></trkpt><trkpt lat="36.542112" lon="140.308035"><ele>177.8</ele><time>2021-11-07T02:27:11Z</time></trkpt><trkpt lat="36.542137" lon="140.308075"><ele>178.9</ele><time>2021-11-07T02:27:14Z</time></trkpt><trkpt lat="36.542174" lon="140.308153"><ele>180.8</ele><time>2021-11-07T02:27:19Z</time></trkpt><trkpt lat="36.542194" lon="140.308185"><ele>181.6</ele><time>2021-11-07T02:27:22Z</time></trkpt><trkpt lat="36.542246" lon="140.308327"><ele>184.8</ele><time>2021-11-07T02:27:27Z</time></trkpt><trkpt lat="36.542265" lon="140.308406"><ele>186.5</ele><time>2021-11-07T02:27:29Z</time></trkpt><trkpt lat="36.542274" lon="140.308504"><ele>188.3</ele><time>2021-11-07T02:27:32Z</time></trkpt><trkpt lat="36.542268" lon="140.308554"><ele>189.2</ele><time>2021-11-07T02:27:34Z</time></trkpt><trkpt lat="36.542245" lon="140.308617"><ele>190.1</ele><time>2021-11-07T02:27:37Z</time></trkpt><trkpt lat="36.542213" lon="140.308644"><ele>190.6</ele><time>2021-11-07T02:27:39Z</time></trkpt><trkpt lat="36.542149" lon="140.308703"><ele>191.4</ele><time>2021-11-07T02:27:42Z</time></trkpt><trkpt lat="36.542096" lon="140.30876"><ele>192.0</ele><time>2021-11-07T02:27:44Z</time></trkpt><trkpt lat="36.542035" lon="140.308809"><ele>192.4</ele><time>2021-11-07T02:27:47Z</time></trkpt><trkpt lat="36.54197" lon="140.308838"><ele>192.7</ele><time>2021-11-07T02:27:50Z</time></trkpt><trkpt lat="36.541928" lon="140.308864"><ele>192.7</ele><time>2021-11-07T02:27:52Z</time></trkpt><trkpt lat="36.541845" lon="140.308931"><ele>192.4</ele><time>2021-11-07T02:27:55Z</time></trkpt><trkpt lat="36.541787" lon="140.30898"><ele>192.0</ele><time>2021-11-07T02:27:57Z</time></trkpt><trkpt lat="36.54173" lon="140.309007"><ele>191.7</ele><time>2021-11-07T02:28:00Z</time></trkpt><trkpt lat="36.541708" lon="140.309027"><ele>191.7</ele><time>2021-11-07T02:28:02Z</time></trkpt><trkpt lat="36.541649" lon="140.309087"><ele>191.8</ele><time>2021-11-07T02:28:07Z</time></trkpt><trkpt lat="36.541615" lon="140.309126"><ele>192.0</ele><time>2021-11-07T02:28:10Z</time></trkpt><trkpt lat="36.541593" lon="140.309158"><ele>192.2</ele><time>2021-11-07T02:28:12Z</time></trkpt><trkpt lat="36.541567" lon="140.309177"><ele>192.4</ele><time>2021-11-07T02:28:15Z</time></trkpt><trkpt lat="36.541548" lon="140.309203"><ele>192.5</ele><time>2021-11-07T02:28:17Z</time></trkpt><trkpt lat="36.54148" lon="140.309296"><ele>192.9</ele><time>2021-11-07T02:28:23Z</time></trkpt><trkpt lat="36.541446" lon="140.309343"><ele>192.9</ele><time>2021-11-07T02:28:25Z</time></trkpt><trkpt lat="36.541403" lon="140.309411"><ele>192.7</ele><time>2021-11-07T02:28:28Z</time></trkpt><trkpt lat="36.541385" lon="140.309475"><ele>192.4</ele><time>2021-11-07T02:28:30Z</time></trkpt><trkpt lat="36.541347" lon="140.309583"><ele>191.9</ele><time>2021-11-07T02:28:33Z</time></trkpt><trkpt lat="36.541326" lon="140.30964"><ele>191.6</ele><time>2021-11-07T02:28:35Z</time></trkpt><trkpt lat="36.541302" lon="140.309731"><ele>191.4</ele><time>2021-11-07T02:28:38Z</time></trkpt><trkpt lat="36.541296" lon="140.309776"><ele>191.2</ele><time>2021-11-07T02:28:40Z</time></trkpt><trkpt lat="36.541295" lon="140.30984"><ele>191.0</ele><time>2021-11-07T02:28:43Z</time></trkpt><trkpt lat="36.541304" lon="140.309915"><ele>190.6</ele><time>2021-11-07T02:28:45Z</time></trkpt><trkpt lat="36.541324" lon="140.310017"><ele>189.7</ele><time>2021-11-07T02:28:48Z</time></trkpt><trkpt lat="36.541348" lon="140.310105"><ele>188.5</ele><time>2021-11-07T02:28:51Z</time></trkpt><trkpt lat="36.541353" lon="140.310198"><ele>187.2</ele><time>2021-11-07T02:28:53Z</time></trkpt><trkpt lat="36.541357" lon="140.310304"><ele>185.6</ele><time>2021-11-07T02:28:56Z</time></trkpt><trkpt lat="36.541337" lon="140.310373"><ele>184.4</ele><time>2021-11-07T02:28:58Z</time></trkpt><trkpt lat="36.541333" lon="140.310494"><ele>182.1</ele><time>2021-11-07T02:29:01Z</time></trkpt><trkpt lat="36.541334" lon="140.31057"><ele>180.7</ele><time>2021-11-07T02:29:03Z</time></trkpt><trkpt lat="36.541346" lon="140.310725"><ele>177.9</ele><time>2021-11-07T02:29:06Z</time></trkpt><trkpt lat="36.541354" lon="140.310834"><ele>176.1</ele><time>2021-11-07T02:29:08Z</time></trkpt><trkpt lat="36.541345" lon="140.310957"><ele>174.5</ele><time>2021-11-07T02:29:11Z</time></trkpt><trkpt lat="36.541334" lon="140.311043"><ele>173.8</ele><time>2021-11-07T02:29:13Z</time></trkpt><trkpt lat="36.541327" lon="140.311155"><ele>173.4</ele><time>2021-11-07T02:29:16Z</time></trkpt><trkpt lat="36.541328" lon="140.311234"><ele>173.1</ele><time>2021-11-07T02:29:18Z</time></trkpt><trkpt lat="36.541349" lon="140.311339"><ele>172.5</ele><time>2021-11-07T02:29:21Z</time></trkpt><trkpt lat="36.541398" lon="140.31143"><ele>171.5</ele><time>2021-11-07T02:29:24Z</time></trkpt><trkpt lat="36.541435" lon="140.311439"><ele>171.0</ele><time>2021-11-07T02:29:26Z</time></trkpt><trkpt lat="36.541477" lon="140.311521"><ele>170.3</ele><time>2021-11-07T02:29:29Z</time></trkpt><trkpt lat="36.54153" lon="140.311568"><ele>169.8</ele><time>2021-11-07T02:29:31Z</time></trkpt><trkpt lat="36.541651" lon="140.311705"><ele>168.5</ele><time>2021-11-07T02:29:34Z</time></trkpt><trkpt lat="36.541727" lon="140.31181"><ele>166.7</ele><time>2021-11-07T02:29:36Z</time></trkpt><trkpt lat="36.541822" lon="140.311958"><ele>164.0</ele><time>2021-11-07T02:29:39Z</time></trkpt><trkpt lat="36.541873" lon="140.312008"><ele>163.0</ele><time>2021-11-07T02:29:41Z</time></trkpt><trkpt lat="36.541933" lon="140.312098"><ele>161.9</ele><time>2021-11-07T02:29:44Z</time></trkpt><trkpt lat="36.541961" lon="140.312148"><ele>161.4</ele><time>2021-11-07T02:29:46Z</time></trkpt><trkpt lat="36.54199" lon="140.312199"><ele>160.8</ele><time>2021-11-07T02:29:49Z</time></trkpt><trkpt lat="36.542021" lon="140.312288"><ele>159.8</ele><time>2021-11-07T02:29:52Z</time></trkpt><trkpt lat="36.542031" lon="140.312363"><ele>158.8</ele><time>2021-11-07T02:29:54Z</time></trkpt><trkpt lat="36.542074" lon="140.312477"><ele>156.6</ele><time>2021-11-07T02:29:57Z</time></trkpt><trkpt lat="36.542092" lon="140.31255"><ele>155.1</ele><time>2021-11-07T02:29:59Z</time></trkpt><trkpt lat="36.542118" lon="140.31265"><ele>153.1</ele><time>2021-11-07T02:30:02Z</time></trkpt><trkpt lat="36.54213" lon="140.312725"><ele>152.0</ele><time>2021-11-07T02:30:04Z</time></trkpt><trkpt lat="36.542122" lon="140.312855"><ele>150.5</ele><time>2021-11-07T02:30:07Z</time></trkpt><trkpt lat="36.542122" lon="140.312928"><ele>149.9</ele><time>2021-11-07T02:30:09Z</time></trkpt><trkpt lat="36.542139" lon="140.313038"><ele>149.0</ele><time>2021-11-07T02:30:12Z</time></trkpt><trkpt lat="36.542145" lon="140.313076"><ele>149.5</ele><time>2021-11-07T02:30:14Z</time></trkpt><trkpt lat="36.542154" lon="140.31312"><ele>150.0</ele><time>2021-11-07T02:30:17Z</time></trkpt><trkpt lat="36.542158" lon="140.313154"><ele>150.5</ele><time>2021-11-07T02:30:19Z</time></trkpt><trkpt lat="36.54216" lon="140.313173"><ele>150.8</ele><time>2021-11-07T02:30:22Z</time></trkpt><trkpt lat="36.54217" lon="140.313187"><ele>151.1</ele><time>2021-11-07T02:30:30Z</time></trkpt><trkpt lat="36.542219" lon="140.313237"><ele>152.6</ele><time>2021-11-07T02:30:37Z</time></trkpt><trkpt lat="36.542274" lon="140.313236"><ele>154.1</ele><time>2021-11-07T02:30:42Z</time></trkpt><trkpt lat="36.542329" lon="140.313231"><ele>155.7</ele><time>2021-11-07T02:30:47Z</time></trkpt><trkpt lat="36.542347" lon="140.313228"><ele>156.3</ele><time>2021-11-07T02:30:50Z</time></trkpt><trkpt lat="36.542354" lon="140.313232"><ele>156.5</ele><time>2021-11-07T02:30:58Z</time></trkpt><trkpt lat="36.542394" lon="140.313316"><ele>158.9</ele><time>2021-11-07T02:31:05Z</time></trkpt><trkpt lat="36.542424" lon="140.313346"><ele>160.1</ele><time>2021-11-07T02:31:08Z</time></trkpt><trkpt lat="36.542447" lon="140.31337"><ele>161.0</ele><time>2021-11-07T02:31:10Z</time></trkpt><trkpt lat="36.542493" lon="140.313427"><ele>163.0</ele><time>2021-11-07T02:31:13Z</time></trkpt><trkpt lat="36.542536" lon="140.313489"><ele>164.9</ele><time>2021-11-07T02:31:15Z</time></trkpt><trkpt lat="36.542601" lon="140.313548"><ele>167.1</ele><time>2021-11-07T02:31:18Z</time></trkpt><trkpt lat="36.542622" lon="140.313565"><ele>167.7</ele><time>2021-11-07T02:31:20Z</time></trkpt><trkpt lat="36.542649" lon="140.313584"><ele>168.4</ele><time>2021-11-07T02:31:23Z</time></trkpt><trkpt lat="36.542682" lon="140.313648"><ele>169.7</ele><time>2021-11-07T02:31:28Z</time></trkpt><trkpt lat="36.542677" lon="140.313715"><ele>170.5</ele><time>2021-11-07T02:31:33Z</time></trkpt><trkpt lat="36.542649" lon="140.313787"><ele>171.1</ele><time>2021-11-07T02:31:38Z</time></trkpt><trkpt lat="36.542612" lon="140.313852"><ele>171.4</ele><time>2021-11-07T02:31:41Z</time></trkpt><trkpt lat="36.542588" lon="140.313904"><ele>171.3</ele><time>2021-11-07T02:31:43Z</time></trkpt><trkpt lat="36.54254" lon="140.313998"><ele>170.8</ele><time>2021-11-07T02:31:46Z</time></trkpt><trkpt lat="36.542518" lon="140.314056"><ele>170.2</ele><time>2021-11-07T02:31:48Z</time></trkpt><trkpt lat="36.542497" lon="140.31415"><ele>169.3</ele><time>2021-11-07T02:31:51Z</time></trkpt><trkpt lat="36.542474" lon="140.3142"><ele>168.8</ele><time>2021-11-07T02:31:53Z</time></trkpt><trkpt lat="36.54246" lon="140.314289"><ele>168.1</ele><time>2021-11-07T02:31:56Z</time></trkpt><trkpt lat="36.542475" lon="140.31441"><ele>168.1</ele><time>2021-11-07T02:31:59Z</time></trkpt><trkpt lat="36.54249" lon="140.314494"><ele>168.6</ele><time>2021-11-07T02:32:01Z</time></trkpt><trkpt lat="36.542466" lon="140.31458"><ele>169.4</ele><time>2021-11-07T02:32:04Z</time></trkpt><trkpt lat="36.542468" lon="140.314639"><ele>169.9</ele><time>2021-11-07T02:32:06Z</time></trkpt><trkpt lat="36.542452" lon="140.314743"><ele>170.8</ele><time>2021-11-07T02:32:09Z</time></trkpt><trkpt lat="36.542436" lon="140.314817"><ele>171.3</ele><time>2021-11-07T02:32:11Z</time></trkpt><trkpt lat="36.542405" lon="140.314905"><ele>172.0</ele><time>2021-11-07T02:32:14Z</time></trkpt><trkpt lat="36.542379" lon="140.31497"><ele>172.5</ele><time>2021-11-07T02:32:16Z</time></trkpt><trkpt lat="36.542371" lon="140.315074"><ele>173.3</ele><time>2021-11-07T02:32:19Z</time></trkpt><trkpt lat="36.542372" lon="140.315149"><ele>173.8</ele><time>2021-11-07T02:32:21Z</time></trkpt><trkpt lat="36.542391" lon="140.315275"><ele>175.0</ele><time>2021-11-07T02:32:24Z</time></trkpt><trkpt lat="36.542377" lon="140.315345"><ele>175.7</ele><time>2021-11-07T02:32:27Z</time></trkpt><trkpt lat="36.542341" lon="140.315364"><ele>176.2</ele><time>2021-11-07T02:32:29Z</time></trkpt><trkpt lat="36.54232" lon="140.31539"><ele>176.6</ele><time>2021-11-07T02:32:32Z</time></trkpt><trkpt lat="36.542323" lon="140.315407"><ele>176.8</ele><time>2021-11-07T02:32:34Z</time></trkpt><trkpt lat="36.542297" lon="140.31549"><ele>177.9</ele><time>2021-11-07T02:32:39Z</time></trkpt><trkpt lat="36.542316" lon="140.31552"><ele>178.4</ele><time>2021-11-07T02:32:42Z</time></trkpt><trkpt lat="36.542321" lon="140.315548"><ele>178.8</ele><time>2021-11-07T02:32:44Z</time></trkpt><trkpt lat="36.542366" lon="140.315588"><ele>179.8</ele><time>2021-11-07T02:32:49Z</time></trkpt><trkpt lat="36.542373" lon="140.315642"><ele>180.7</ele><time>2021-11-07T02:32:52Z</time></trkpt><trkpt lat="36.542387" lon="140.315676"><ele>181.3</ele><time>2021-11-07T02:32:54Z</time></trkpt><trkpt lat="36.54241" lon="140.315684"><ele>181.8</ele><time>2021-11-07T02:32:57Z</time></trkpt><trkpt lat="36.542468" lon="140.315679"><ele>183.0</ele><time>2021-11-07T02:33:00Z</time></trkpt><trkpt lat="36.542495" lon="140.315698"><ele>183.6</ele><time>2021-11-07T02:33:02Z</time></trkpt><trkpt lat="36.542538" lon="140.315707"><ele>184.4</ele><time>2021-11-07T02:33:05Z</time></trkpt><trkpt lat="36.542591" lon="140.315743"><ele>185.3</ele><time>2021-11-07T02:33:07Z</time></trkpt><trkpt lat="36.542677" lon="140.315776"><ele>186.6</ele><time>2021-11-07T02:33:10Z</time></trkpt><trkpt lat="36.54272" lon="140.315788"><ele>187.3</ele><time>2021-11-07T02:33:12Z</time></trkpt><trkpt lat="36.542726" lon="140.315753"><ele>187.7</ele><time>2021-11-07T02:33:15Z</time></trkpt><trkpt lat="36.542807" lon="140.3158"><ele>189.3</ele><time>2021-11-07T02:33:20Z</time></trkpt><trkpt lat="36.542827" lon="140.315811"><ele>189.6</ele><time>2021-11-07T02:33:22Z</time></trkpt><trkpt lat="36.542882" lon="140.315852"><ele>190.6</ele><time>2021-11-07T02:33:25Z</time></trkpt><trkpt lat="36.542903" lon="140.31586"><ele>190.9</ele><time>2021-11-07T02:33:28Z</time></trkpt><trkpt lat="36.542901" lon="140.315906"><ele>191.3</ele><time>2021-11-07T02:33:33Z</time></trkpt><trkpt lat="36.542854" lon="140.31601"><ele>192.0</ele><time>2021-11-07T02:33:38Z</time></trkpt><trkpt lat="36.542815" lon="140.316053"><ele>192.3</ele><time>2021-11-07T02:33:40Z</time></trkpt><trkpt lat="36.542767" lon="140.3161"><ele>192.6</ele><time>2021-11-07T02:33:43Z</time></trkpt><trkpt lat="36.542731" lon="140.316143"><ele>193.0</ele><time>2021-11-07T02:33:45Z</time></trkpt><trkpt lat="36.542671" lon="140.316204"><ele>193.7</ele><time>2021-11-07T02:33:48Z</time></trkpt><trkpt lat="36.542652" lon="140.316238"><ele>193.9</ele><time>2021-11-07T02:33:50Z</time></trkpt><trkpt lat="36.54261" lon="140.316292"><ele>194.3</ele><time>2021-11-07T02:33:53Z</time></trkpt><trkpt lat="36.542589" lon="140.316327"><ele>194.4</ele><time>2021-11-07T02:33:55Z</time></trkpt><trkpt lat="36.542572" lon="140.316393"><ele>194.4</ele><time>2021-11-07T02:33:58Z</time></trkpt><trkpt lat="36.542554" lon="140.316465"><ele>194.2</ele><time>2021-11-07T02:34:01Z</time></trkpt><trkpt lat="36.542531" lon="140.316519"><ele>193.9</ele><time>2021-11-07T02:34:03Z</time></trkpt><trkpt lat="36.542494" lon="140.316599"><ele>193.3</ele><time>2021-11-07T02:34:06Z</time></trkpt><trkpt lat="36.542502" lon="140.316662"><ele>192.8</ele><time>2021-11-07T02:34:08Z</time></trkpt><trkpt lat="36.542465" lon="140.316732"><ele>192.0</ele><time>2021-11-07T02:34:11Z</time></trkpt><trkpt lat="36.542427" lon="140.316793"><ele>191.3</ele><time>2021-11-07T02:34:13Z</time></trkpt><trkpt lat="36.542359" lon="140.316877"><ele>190.0</ele><time>2021-11-07T02:34:16Z</time></trkpt><trkpt lat="36.542341" lon="140.31696"><ele>189.2</ele><time>2021-11-07T02:34:18Z</time></trkpt><trkpt lat="36.542284" lon="140.317088"><ele>187.8</ele><time>2021-11-07T02:34:21Z</time></trkpt><trkpt lat="36.542266" lon="140.31717"><ele>187.5</ele><time>2021-11-07T02:34:23Z</time></trkpt><trkpt lat="36.542251" lon="140.317267"><ele>187.1</ele><time>2021-11-07T02:34:26Z</time></trkpt><trkpt lat="36.542245" lon="140.317365"><ele>186.5</ele><time>2021-11-07T02:34:29Z</time></trkpt><trkpt lat="36.542252" lon="140.317432"><ele>186.2</ele><time>2021-11-07T02:34:31Z</time></trkpt><trkpt lat="36.542252" lon="140.317538"><ele>186.1</ele><time>2021-11-07T02:34:34Z</time></trkpt><trkpt lat="36.54226" lon="140.317602"><ele>186.4</ele><time>2021-11-07T02:34:36Z</time></trkpt><trkpt lat="36.542289" lon="140.317717"><ele>187.9</ele><time>2021-11-07T02:34:39Z</time></trkpt><trkpt lat="36.542306" lon="140.31778"><ele>189.0</ele><time>2021-11-07T02:34:41Z</time></trkpt><trkpt lat="36.542321" lon="140.317846"><ele>190.4</ele><time>2021-11-07T02:34:44Z</time></trkpt><trkpt lat="36.542339" lon="140.317895"><ele>191.4</ele><time>2021-11-07T02:34:46Z</time></trkpt><trkpt lat="36.542356" lon="140.317954"><ele>192.7</ele><time>2021-11-07T02:34:49Z</time></trkpt><trkpt lat="36.54236" lon="140.317963"><ele>192.9</ele><time>2021-11-07T02:34:51Z</time></trkpt><trkpt lat="36.542344" lon="140.318041"><ele>194.3</ele><time>2021-11-07T02:34:56Z</time></trkpt><trkpt lat="36.542329" lon="140.318093"><ele>195.1</ele><time>2021-11-07T02:34:59Z</time></trkpt><trkpt lat="36.542325" lon="140.318127"><ele>195.5</ele><time>2021-11-07T02:35:02Z</time></trkpt><trkpt lat="36.542316" lon="140.318153"><ele>195.8</ele><time>2021-11-07T02:35:04Z</time></trkpt><trkpt lat="36.5423" lon="140.318257"><ele>196.5</ele><time>2021-11-07T02:35:09Z</time></trkpt><trkpt lat="36.542308" lon="140.318331"><ele>196.5</ele><time>2021-11-07T02:35:12Z</time></trkpt><trkpt lat="36.5423" lon="140.318383"><ele>196.3</ele><time>2021-11-07T02:35:14Z</time></trkpt><trkpt lat="36.542294" lon="140.318462"><ele>195.7</ele><time>2021-11-07T02:35:17Z</time></trkpt><trkpt lat="36.542295" lon="140.318522"><ele>195.0</ele><time>2021-11-07T02:35:19Z</time></trkpt><trkpt lat="36.542309" lon="140.318661"><ele>193.0</ele><time>2021-11-07T02:35:22Z</time></trkpt><trkpt lat="36.542342" lon="140.318755"><ele>191.8</ele><time>2021-11-07T02:35:24Z</time></trkpt><trkpt lat="36.542405" lon="140.318854"><ele>191.0</ele><time>2021-11-07T02:35:27Z</time></trkpt><trkpt lat="36.54246" lon="140.318937"><ele>190.8</ele><time>2021-11-07T02:35:30Z</time></trkpt><trkpt lat="36.542516" lon="140.318992"><ele>190.7</ele><time>2021-11-07T02:35:32Z</time></trkpt><trkpt lat="36.542591" lon="140.319076"><ele>190.2</ele><time>2021-11-07T02:35:35Z</time></trkpt><trkpt lat="36.542629" lon="140.319105"><ele>189.8</ele><time>2021-11-07T02:35:37Z</time></trkpt><trkpt lat="36.542711" lon="140.319144"><ele>188.8</ele><time>2021-11-07T02:35:40Z</time></trkpt><trkpt lat="36.542769" lon="140.319187"><ele>188.0</ele><time>2021-11-07T02:35:42Z</time></trkpt><trkpt lat="36.542869" lon="140.31926"><ele>186.7</ele><time>2021-11-07T02:35:45Z</time></trkpt><trkpt lat="36.542938" lon="140.319303"><ele>185.8</ele><time>2021-11-07T02:35:47Z</time></trkpt><trkpt lat="36.543059" lon="140.319351"><ele>184.6</ele><time>2021-11-07T02:35:50Z</time></trkpt><trkpt lat="36.543117" lon="140.319375"><ele>184.0</ele><time>2021-11-07T02:35:52Z</time></trkpt><trkpt lat="36.543197" lon="140.319451"><ele>182.8</ele><time>2021-11-07T02:35:55Z</time></trkpt><trkpt lat="36.543252" lon="140.319511"><ele>181.8</ele><time>2021-11-07T02:35:57Z</time></trkpt><trkpt lat="36.543312" lon="140.319594"><ele>180.2</ele><time>2021-11-07T02:36:00Z</time></trkpt><trkpt lat="36.543375" lon="140.319702"><ele>178.4</ele><time>2021-11-07T02:36:03Z</time></trkpt><trkpt lat="36.543414" lon="140.319791"><ele>176.8</ele><time>2021-11-07T02:36:05Z</time></trkpt><trkpt lat="36.543437" lon="140.319914"><ele>174.7</ele><time>2021-11-07T02:36:08Z</time></trkpt><trkpt lat="36.543446" lon="140.319991"><ele>173.3</ele><time>2021-11-07T02:36:10Z</time></trkpt><trkpt lat="36.543436" lon="140.320059"><ele>172.0</ele><time>2021-11-07T02:36:13Z</time></trkpt><trkpt lat="36.543432" lon="140.320106"><ele>171.2</ele><time>2021-11-07T02:36:15Z</time></trkpt><trkpt lat="36.543448" lon="140.320148"><ele>170.2</ele><time>2021-11-07T02:36:18Z</time></trkpt><trkpt lat="36.543479" lon="140.320261"><ele>167.8</ele><time>2021-11-07T02:36:23Z</time></trkpt><trkpt lat="36.543482" lon="140.32031"><ele>166.6</ele><time>2021-11-07T02:36:25Z</time></trkpt><trkpt lat="36.543487" lon="140.320374"><ele>165.0</ele><time>2021-11-07T02:36:28Z</time></trkpt><trkpt lat="36.543491" lon="140.320423"><ele>163.7</ele><time>2021-11-07T02:36:30Z</time></trkpt><trkpt lat="36.543558" lon="140.320539"><ele>159.9</ele><time>2021-11-07T02:36:34Z</time></trkpt><trkpt lat="36.543642" lon="140.320584"><ele>157.4</ele><time>2021-11-07T02:36:36Z</time></trkpt><trkpt lat="36.543682" lon="140.3206"><ele>156.4</ele><time>2021-11-07T02:36:38Z</time></trkpt><trkpt lat="36.543748" lon="140.320639"><ele>154.9</ele><time>2021-11-07T02:36:41Z</time></trkpt><trkpt lat="36.543773" lon="140.320652"><ele>154.4</ele><time>2021-11-07T02:36:43Z</time></trkpt><trkpt lat="36.543827" lon="140.320682"><ele>153.4</ele><time>2021-11-07T02:36:46Z</time></trkpt><trkpt lat="36.543874" lon="140.320702"><ele>152.5</ele><time>2021-11-07T02:36:48Z</time></trkpt><trkpt lat="36.543977" lon="140.320776"><ele>150.3</ele><time>2021-11-07T02:36:51Z</time></trkpt><trkpt lat="36.544032" lon="140.320821"><ele>149.1</ele><time>2021-11-07T02:36:53Z</time></trkpt><trkpt lat="36.544177" lon="140.320962"><ele>145.7</ele><time>2021-11-07T02:36:56Z</time></trkpt><trkpt lat="36.544259" lon="140.321053"><ele>143.5</ele><time>2021-11-07T02:36:58Z</time></trkpt><trkpt lat="36.544361" lon="140.321174"><ele>141.5</ele><time>2021-11-07T02:37:01Z</time></trkpt><trkpt lat="36.54439" lon="140.321244"><ele>141.1</ele><time>2021-11-07T02:37:04Z</time></trkpt><trkpt lat="36.544417" lon="140.321323"><ele>141.2</ele><time>2021-11-07T02:37:06Z</time></trkpt><trkpt lat="36.544437" lon="140.321419"><ele>141.8</ele><time>2021-11-07T02:37:09Z</time></trkpt><trkpt lat="36.544457" lon="140.321464"><ele>142.2</ele><time>2021-11-07T02:37:11Z</time></trkpt><trkpt lat="36.544532" lon="140.321549"><ele>143.5</ele><time>2021-11-07T02:37:14Z</time></trkpt><trkpt lat="36.544579" lon="140.321596"><ele>144.4</ele><time>2021-11-07T02:37:16Z</time></trkpt><trkpt lat="36.544637" lon="140.321665"><ele>145.3</ele><time>2021-11-07T02:37:19Z</time></trkpt><trkpt lat="36.54467" lon="140.321748"><ele>145.8</ele><time>2021-11-07T02:37:21Z</time></trkpt><trkpt lat="36.544697" lon="140.321867"><ele>146.1</ele><time>2021-11-07T02:37:24Z</time></trkpt><trkpt lat="36.544734" lon="140.321956"><ele>146.2</ele><time>2021-11-07T02:37:26Z</time></trkpt><trkpt lat="36.544705" lon="140.322065"><ele>146.3</ele><time>2021-11-07T02:37:29Z</time></trkpt><trkpt lat="36.544679" lon="140.322132"><ele>146.4</ele><time>2021-11-07T02:37:31Z</time></trkpt><trkpt lat="36.544623" lon="140.322219"><ele>146.7</ele><time>2021-11-07T02:37:34Z</time></trkpt><trkpt lat="36.544579" lon="140.322315"><ele>147.0</ele><time>2021-11-07T02:37:37Z</time></trkpt><trkpt lat="36.544544" lon="140.322347"><ele>146.9</ele><time>2021-11-07T02:37:39Z</time></trkpt><trkpt lat="36.544477" lon="140.322393"><ele>146.9</ele><time>2021-11-07T02:37:42Z</time></trkpt><trkpt lat="36.544442" lon="140.32242"><ele>146.9</ele><time>2021-11-07T02:37:44Z</time></trkpt><trkpt lat="36.544424" lon="140.322469"><ele>147.0</ele><time>2021-11-07T02:37:47Z</time></trkpt><trkpt lat="36.544423" lon="140.322527"><ele>147.2</ele><time>2021-11-07T02:37:49Z</time></trkpt><trkpt lat="36.544389" lon="140.322614"><ele>147.6</ele><time>2021-11-07T02:37:52Z</time></trkpt><trkpt lat="36.544361" lon="140.322684"><ele>148.0</ele><time>2021-11-07T02:37:54Z</time></trkpt><trkpt lat="36.544313" lon="140.322778"><ele>148.4</ele><time>2021-11-07T02:37:57Z</time></trkpt><trkpt lat="36.544273" lon="140.322847"><ele>148.6</ele><time>2021-11-07T02:37:59Z</time></trkpt><trkpt lat="36.544221" lon="140.322954"><ele>148.9</ele><time>2021-11-07T02:38:02Z</time></trkpt><trkpt lat="36.544172" lon="140.323068"><ele>148.9</ele><time>2021-11-07T02:38:05Z</time></trkpt><trkpt lat="36.544162" lon="140.323114"><ele>148.9</ele><time>2021-11-07T02:38:07Z</time></trkpt><trkpt lat="36.544139" lon="140.323171"><ele>148.9</ele><time>2021-11-07T02:38:10Z</time></trkpt><trkpt lat="36.544133" lon="140.323211"><ele>148.9</ele><time>2021-11-07T02:38:12Z</time></trkpt><trkpt lat="36.54412" lon="140.323271"><ele>148.9</ele><time>2021-11-07T02:38:15Z</time></trkpt><trkpt lat="36.544105" lon="140.323331"><ele>148.9</ele><time>2021-11-07T02:38:17Z</time></trkpt><trkpt lat="36.544046" lon="140.323423"><ele>148.9</ele><time>2021-11-07T02:38:20Z</time></trkpt><trkpt lat="36.543995" lon="140.323477"><ele>148.9</ele><time>2021-11-07T02:38:22Z</time></trkpt><trkpt lat="36.543913" lon="140.323506"><ele>148.9</ele><time>2021-11-07T02:38:25Z</time></trkpt><trkpt lat="36.54386" lon="140.323526"><ele>148.9</ele><time>2021-11-07T02:38:27Z</time></trkpt><trkpt lat="36.543796" lon="140.323578"><ele>148.9</ele><time>2021-11-07T02:38:30Z</time></trkpt><trkpt lat="36.543728" lon="140.323658"><ele>148.8</ele><time>2021-11-07T02:38:33Z</time></trkpt><trkpt lat="36.543692" lon="140.323739"><ele>148.8</ele><time>2021-11-07T02:38:35Z</time></trkpt><trkpt lat="36.543677" lon="140.323898"><ele>148.4</ele><time>2021-11-07T02:38:38Z</time></trkpt><trkpt lat="36.543612" lon="140.323968"><ele>147.9</ele><time>2021-11-07T02:38:40Z</time></trkpt><trkpt lat="36.543561" lon="140.324079"><ele>147.1</ele><time>2021-11-07T02:38:43Z</time></trkpt><trkpt lat="36.543556" lon="140.324184"><ele>146.4</ele><time>2021-11-07T02:38:45Z</time></trkpt><trkpt lat="36.543545" lon="140.32433"><ele>145.3</ele><time>2021-11-07T02:38:48Z</time></trkpt><trkpt lat="36.543531" lon="140.324414"><ele>144.6</ele><time>2021-11-07T02:38:50Z</time></trkpt><trkpt lat="36.543491" lon="140.324542"><ele>143.6</ele><time>2021-11-07T02:38:53Z</time></trkpt><trkpt lat="36.543446" lon="140.324598"><ele>143.1</ele><time>2021-11-07T02:38:55Z</time></trkpt><trkpt lat="36.543396" lon="140.324701"><ele>142.4</ele><time>2021-11-07T02:38:58Z</time></trkpt><trkpt lat="36.543371" lon="140.324776"><ele>141.9</ele><time>2021-11-07T02:39:00Z</time></trkpt><trkpt lat="36.543333" lon="140.324851"><ele>141.4</ele><time>2021-11-07T02:39:03Z</time></trkpt><trkpt lat="36.543355" lon="140.324952"><ele>140.7</ele><time>2021-11-07T02:39:06Z</time></trkpt><trkpt lat="36.543372" lon="140.32502"><ele>140.2</ele><time>2021-11-07T02:39:08Z</time></trkpt><trkpt lat="36.543428" lon="140.325123"><ele>139.2</ele><time>2021-11-07T02:39:11Z</time></trkpt><trkpt lat="36.543466" lon="140.325181"><ele>138.6</ele><time>2021-11-07T02:39:13Z</time></trkpt><trkpt lat="36.543508" lon="140.325243"><ele>138.0</ele><time>2021-11-07T02:39:16Z</time></trkpt><trkpt lat="36.543552" lon="140.325283"><ele>137.5</ele><time>2021-11-07T02:39:18Z</time></trkpt><trkpt lat="36.543574" lon="140.325317"><ele>137.2</ele><time>2021-11-07T02:39:21Z</time></trkpt><trkpt lat="36.54359" lon="140.325343"><ele>137.0</ele><time>2021-11-07T02:39:23Z</time></trkpt><trkpt lat="36.543659" lon="140.325409"><ele>136.5</ele><time>2021-11-07T02:39:26Z</time></trkpt><trkpt lat="36.543732" lon="140.325482"><ele>136.1</ele><time>2021-11-07T02:39:28Z</time></trkpt><trkpt lat="36.54378" lon="140.325554"><ele>135.9</ele><time>2021-11-07T02:39:31Z</time></trkpt><trkpt lat="36.543833" lon="140.325587"><ele>135.8</ele><time>2021-11-07T02:39:33Z</time></trkpt><trkpt lat="36.543953" lon="140.325627"><ele>135.2</ele><time>2021-11-07T02:39:36Z</time></trkpt><trkpt lat="36.544069" lon="140.325651"><ele>134.7</ele><time>2021-11-07T02:39:39Z</time></trkpt><trkpt lat="36.544136" lon="140.325657"><ele>134.5</ele><time>2021-11-07T02:39:41Z</time></trkpt><trkpt lat="36.544221" lon="140.325679"><ele>134.2</ele><time>2021-11-07T02:39:44Z</time></trkpt><trkpt lat="36.544269" lon="140.325695"><ele>134.0</ele><time>2021-11-07T02:39:46Z</time></trkpt><trkpt lat="36.54435" lon="140.325749"><ele>133.4</ele><time>2021-11-07T02:39:49Z</time></trkpt><trkpt lat="36.544379" lon="140.325791"><ele>133.0</ele><time>2021-11-07T02:39:51Z</time></trkpt><trkpt lat="36.544381" lon="140.325878"><ele>132.4</ele><time>2021-11-07T02:39:54Z</time></trkpt><trkpt lat="36.54435" lon="140.325939"><ele>132.0</ele><time>2021-11-07T02:39:56Z</time></trkpt><trkpt lat="36.544266" lon="140.326013"><ele>131.5</ele><time>2021-11-07T02:39:59Z</time></trkpt><trkpt lat="36.544221" lon="140.326068"><ele>131.3</ele><time>2021-11-07T02:40:01Z</time></trkpt><trkpt lat="36.544152" lon="140.326144"><ele>130.8</ele><time>2021-11-07T02:40:04Z</time></trkpt><trkpt lat="36.54407" lon="140.326232"><ele>130.3</ele><time>2021-11-07T02:40:07Z</time></trkpt><trkpt lat="36.544036" lon="140.326309"><ele>130.0</ele><time>2021-11-07T02:40:09Z</time></trkpt><trkpt lat="36.544001" lon="140.326418"><ele>129.7</ele><time>2021-11-07T02:40:12Z</time></trkpt><trkpt lat="36.543994" lon="140.326496"><ele>129.5</ele><time>2021-11-07T02:40:14Z</time></trkpt><trkpt lat="36.543982" lon="140.32662"><ele>129.1</ele><time>2021-11-07T02:40:17Z</time></trkpt><trkpt lat="36.543936" lon="140.326674"><ele>128.8</ele><time>2021-11-07T02:40:19Z</time></trkpt><trkpt lat="36.543856" lon="140.326774"><ele>128.2</ele><time>2021-11-07T02:40:22Z</time></trkpt><trkpt lat="36.543834" lon="140.32685"><ele>127.7</ele><time>2021-11-07T02:40:24Z</time></trkpt><trkpt lat="36.543826" lon="140.326949"><ele>127.1</ele><time>2021-11-07T02:40:27Z</time></trkpt><trkpt lat="36.543833" lon="140.327011"><ele>126.7</ele><time>2021-11-07T02:40:29Z</time></trkpt><trkpt lat="36.543842" lon="140.32712"><ele>126.1</ele><time>2021-11-07T02:40:32Z</time></trkpt><trkpt lat="36.543843" lon="140.327181"><ele>125.7</ele><time>2021-11-07T02:40:34Z</time></trkpt><trkpt lat="36.543837" lon="140.327268"><ele>125.2</ele><time>2021-11-07T02:40:37Z</time></trkpt><trkpt lat="36.543841" lon="140.327341"><ele>124.8</ele><time>2021-11-07T02:40:40Z</time></trkpt><trkpt lat="36.543833" lon="140.327395"><ele>124.5</ele><time>2021-11-07T02:40:42Z</time></trkpt><trkpt lat="36.543815" lon="140.327472"><ele>124.0</ele><time>2021-11-07T02:40:45Z</time></trkpt><trkpt lat="36.543801" lon="140.327531"><ele>123.7</ele><time>2021-11-07T02:40:47Z</time></trkpt><trkpt lat="36.543773" lon="140.327637"><ele>123.1</ele><time>2021-11-07T02:40:50Z</time></trkpt><trkpt lat="36.543727" lon="140.327711"><ele>122.7</ele><time>2021-11-07T02:40:52Z</time></trkpt><trkpt lat="36.543664" lon="140.327814"><ele>122.2</ele><time>2021-11-07T02:40:55Z</time></trkpt><trkpt lat="36.543631" lon="140.327884"><ele>121.9</ele><time>2021-11-07T02:40:57Z</time></trkpt><trkpt lat="36.543601" lon="140.327987"><ele>121.3</ele><time>2021-11-07T02:41:00Z</time></trkpt><trkpt lat="36.543576" lon="140.328028"><ele>121.1</ele><time>2021-11-07T02:41:02Z</time></trkpt><trkpt lat="36.543552" lon="140.328123"><ele>120.6</ele><time>2021-11-07T02:41:05Z</time></trkpt><trkpt lat="36.543507" lon="140.328208"><ele>120.1</ele><time>2021-11-07T02:41:08Z</time></trkpt><trkpt lat="36.543497" lon="140.328275"><ele>119.8</ele><time>2021-11-07T02:41:10Z</time></trkpt><trkpt lat="36.543496" lon="140.328398"><ele>119.2</ele><time>2021-11-07T02:41:13Z</time></trkpt><trkpt lat="36.543495" lon="140.328475"><ele>118.8</ele><time>2021-11-07T02:41:15Z</time></trkpt><trkpt lat="36.543496" lon="140.328567"><ele>118.2</ele><time>2021-11-07T02:41:18Z</time></trkpt><trkpt lat="36.543508" lon="140.328622"><ele>117.8</ele><time>2021-11-07T02:41:20Z</time></trkpt><trkpt lat="36.543548" lon="140.328764"><ele>116.6</ele><time>2021-11-07T02:41:23Z</time></trkpt><trkpt lat="36.543618" lon="140.328884"><ele>115.6</ele><time>2021-11-07T02:41:25Z</time></trkpt><trkpt lat="36.543676" lon="140.328992"><ele>114.8</ele><time>2021-11-07T02:41:28Z</time></trkpt><trkpt lat="36.543755" lon="140.329075"><ele>114.1</ele><time>2021-11-07T02:41:30Z</time></trkpt><trkpt lat="36.543839" lon="140.329188"><ele>113.2</ele><time>2021-11-07T02:41:33Z</time></trkpt><trkpt lat="36.543869" lon="140.329284"><ele>111.1</ele><time>2021-11-07T02:41:35Z</time></trkpt><trkpt lat="36.543879" lon="140.32941"><ele>109.1</ele><time>2021-11-07T02:41:38Z</time></trkpt><trkpt lat="36.543813" lon="140.32953"><ele>106.8</ele><time>2021-11-07T02:41:41Z</time></trkpt><trkpt lat="36.543777" lon="140.329579"><ele>106.5</ele><time>2021-11-07T02:41:43Z</time></trkpt><trkpt lat="36.543716" lon="140.32962"><ele>106.1</ele><time>2021-11-07T02:41:46Z</time></trkpt><trkpt lat="36.543686" lon="140.329642"><ele>107.1</ele><time>2021-11-07T02:41:48Z</time></trkpt><trkpt lat="36.543674" lon="140.329674"><ele>106.4</ele><time>2021-11-07T02:41:51Z</time></trkpt><trkpt lat="36.543682" lon="140.329689"><ele>107.1</ele><time>2021-11-07T02:41:53Z</time></trkpt><trkpt lat="36.543698" lon="140.329731"><ele>106.3</ele><time>2021-11-07T02:41:58Z</time></trkpt><trkpt lat="36.543741" lon="140.329796"><ele>103.6</ele><time>2021-11-07T02:42:03Z</time></trkpt><trkpt lat="36.543774" lon="140.329806"><ele>104.2</ele><time>2021-11-07T02:42:06Z</time></trkpt><trkpt lat="36.543778" lon="140.329788"><ele>104.9</ele><time>2021-11-07T02:42:09Z</time></trkpt><trkpt lat="36.543775" lon="140.329864"><ele>103.6</ele><time>2021-11-07T02:42:16Z</time></trkpt><trkpt lat="36.543785" lon="140.329933"><ele>99.8</ele><time>2021-11-07T02:42:19Z</time></trkpt><trkpt lat="36.54378" lon="140.329983"><ele>98.2</ele><time>2021-11-07T02:42:21Z</time></trkpt><trkpt lat="36.543757" lon="140.330024"><ele>96.3</ele><time>2021-11-07T02:42:24Z</time></trkpt><trkpt lat="36.543751" lon="140.330032"><ele>97.0</ele><time>2021-11-07T02:42:26Z</time></trkpt><trkpt lat="36.543817" lon="140.330019"><ele>98.5</ele><time>2021-11-07T02:42:34Z</time></trkpt><trkpt lat="36.54389" lon="140.330036"><ele>99.7</ele><time>2021-11-07T02:42:39Z</time></trkpt><trkpt lat="36.543951" lon="140.33005"><ele>97.9</ele><time>2021-11-07T02:42:42Z</time></trkpt><trkpt lat="36.544003" lon="140.330068"><ele>98.2</ele><time>2021-11-07T02:42:44Z</time></trkpt><trkpt lat="36.544056" lon="140.330081"><ele>98.1</ele><time>2021-11-07T02:42:47Z</time></trkpt><trkpt lat="36.544096" lon="140.330091"><ele>95.9</ele><time>2021-11-07T02:42:49Z</time></trkpt><trkpt lat="36.544131" lon="140.330096"><ele>96.3</ele><time>2021-11-07T02:42:52Z</time></trkpt><trkpt lat="36.544155" lon="140.330103"><ele>97.0</ele><time>2021-11-07T02:42:54Z</time></trkpt><trkpt lat="36.544191" lon="140.330129"><ele>94.7</ele><time>2021-11-07T02:42:57Z</time></trkpt><trkpt lat="36.544226" lon="140.330144"><ele>94.9</ele><time>2021-11-07T02:42:59Z</time></trkpt><trkpt lat="36.544279" lon="140.330142"><ele>95.1</ele><time>2021-11-07T02:43:02Z</time></trkpt><trkpt lat="36.544282" lon="140.330151"><ele>95.7</ele><time>2021-11-07T02:43:04Z</time></trkpt><trkpt lat="36.544265" lon="140.330197"><ele>94.4</ele><time>2021-11-07T02:43:10Z</time></trkpt><trkpt lat="36.544218" lon="140.330234"><ele>93.5</ele><time>2021-11-07T02:43:15Z</time></trkpt><trkpt lat="36.544219" lon="140.330253"><ele>94.2</ele><time>2021-11-07T02:43:17Z</time></trkpt><trkpt lat="36.544245" lon="140.330293"><ele>92.3</ele><time>2021-11-07T02:43:22Z</time></trkpt><trkpt lat="36.544283" lon="140.330336"><ele>90.5</ele><time>2021-11-07T02:43:27Z</time></trkpt><trkpt lat="36.544352" lon="140.330408"><ele>86.0</ele><time>2021-11-07T02:43:32Z</time></trkpt><trkpt lat="36.544379" lon="140.330422"><ele>84.9</ele><time>2021-11-07T02:43:35Z</time></trkpt><trkpt lat="36.5444" lon="140.33045"><ele>83.8</ele><time>2021-11-07T02:43:38Z</time></trkpt><trkpt lat="36.544518" lon="140.330556"><ele>79.1</ele><time>2021-11-07T02:43:43Z</time></trkpt><trkpt lat="36.544573" lon="140.330657"><ele>76.4</ele><time>2021-11-07T02:43:45Z</time></trkpt><trkpt lat="36.544658" lon="140.330742"><ele>73.6</ele><time>2021-11-07T02:43:48Z</time></trkpt><trkpt lat="36.544704" lon="140.330768"><ele>72.3</ele><time>2021-11-07T02:43:50Z</time></trkpt><trkpt lat="36.544811" lon="140.33081"><ele>69.4</ele><time>2021-11-07T02:43:53Z</time></trkpt><trkpt lat="36.544858" lon="140.330845"><ele>68.0</ele><time>2021-11-07T02:43:55Z</time></trkpt><trkpt lat="36.544876" lon="140.330835"><ele>67.5</ele><time>2021-11-07T02:43:58Z</time></trkpt><trkpt lat="36.544906" lon="140.330844"><ele>66.6</ele><time>2021-11-07T02:44:00Z</time></trkpt><trkpt lat="36.544912" lon="140.330792"><ele>65.5</ele><time>2021-11-07T02:44:05Z</time></trkpt><trkpt lat="36.544926" lon="140.330585"><ele>61.1</ele><time>2021-11-07T02:44:11Z</time></trkpt><trkpt lat="36.544921" lon="140.33054"><ele>60.1</ele><time>2021-11-07T02:44:13Z</time></trkpt><trkpt lat="36.544918" lon="140.330476"><ele>58.8</ele><time>2021-11-07T02:44:16Z</time></trkpt><trkpt lat="36.54492" lon="140.330423"><ele>57.7</ele><time>2021-11-07T02:44:18Z</time></trkpt><trkpt lat="36.544975" lon="140.330399"><ele>56.1</ele><time>2021-11-07T02:44:21Z</time></trkpt><trkpt lat="36.545006" lon="140.330391"><ele>55.2</ele><time>2021-11-07T02:44:23Z</time></trkpt><trkpt lat="36.54506" lon="140.330388"><ele>53.7</ele><time>2021-11-07T02:44:28Z</time></trkpt><trkpt lat="36.545146" lon="140.330452"><ele>50.9</ele><time>2021-11-07T02:44:31Z</time></trkpt><trkpt lat="36.545182" lon="140.330497"><ele>49.5</ele><time>2021-11-07T02:44:33Z</time></trkpt><trkpt lat="36.545227" lon="140.330536"><ele>48.0</ele><time>2021-11-07T02:44:36Z</time></trkpt><trkpt lat="36.545279" lon="140.330551"><ele>46.7</ele><time>2021-11-07T02:44:38Z</time></trkpt><trkpt lat="36.545325" lon="140.330649"><ele>44.6</ele><time>2021-11-07T02:44:41Z</time></trkpt><trkpt lat="36.545402" lon="140.330732"><ele>42.5</ele><time>2021-11-07T02:44:44Z</time></trkpt><trkpt lat="36.545444" lon="140.330784"><ele>41.5</ele><time>2021-11-07T02:44:46Z</time></trkpt><trkpt lat="36.545495" lon="140.330887"><ele>39.9</ele><time>2021-11-07T02:44:49Z</time></trkpt><trkpt lat="36.545545" lon="140.33097"><ele>38.5</ele><time>2021-11-07T02:44:51Z</time></trkpt><trkpt lat="36.545586" lon="140.331032"><ele>37.3</ele><time>2021-11-07T02:44:54Z</time></trkpt><trkpt lat="36.545619" lon="140.331008"><ele>36.7</ele><time>2021-11-07T02:44:56Z</time></trkpt><trkpt lat="36.545583" lon="140.330925"><ele>35.4</ele><time>2021-11-07T02:44:59Z</time></trkpt><trkpt lat="36.545695" lon="140.330863"><ele>34.1</ele><time>2021-11-07T02:45:04Z</time></trkpt><trkpt lat="36.545757" lon="140.330935"><ele>33.4</ele><time>2021-11-07T02:45:06Z</time></trkpt><trkpt lat="36.545772" lon="140.331024"><ele>32.9</ele><time>2021-11-07T02:45:09Z</time></trkpt><trkpt lat="36.545781" lon="140.331078"><ele>32.8</ele><time>2021-11-07T02:45:11Z</time></trkpt><trkpt lat="36.545806" lon="140.331218"><ele>32.8</ele><time>2021-11-07T02:45:14Z</time></trkpt><trkpt lat="36.545823" lon="140.33138"><ele>33.1</ele><time>2021-11-07T02:45:17Z</time></trkpt><trkpt lat="36.545807" lon="140.331488"><ele>33.2</ele><time>2021-11-07T02:45:19Z</time></trkpt><trkpt lat="36.545769" lon="140.331648"><ele>33.2</ele><time>2021-11-07T02:45:22Z</time></trkpt><trkpt lat="36.545729" lon="140.331737"><ele>31.7</ele><time>2021-11-07T02:45:24Z</time></trkpt><trkpt lat="36.545691" lon="140.331882"><ele>30.0</ele><time>2021-11-07T02:45:27Z</time></trkpt><trkpt lat="36.545673" lon="140.332001"><ele>29.7</ele><time>2021-11-07T02:45:29Z</time></trkpt><trkpt lat="36.545635" lon="140.332155"><ele>28.6</ele><time>2021-11-07T02:45:32Z</time></trkpt><trkpt lat="36.545607" lon="140.332262"><ele>27.7</ele><time>2021-11-07T02:45:34Z</time></trkpt><trkpt lat="36.545567" lon="140.332403"><ele>27.8</ele><time>2021-11-07T02:45:37Z</time></trkpt><trkpt lat="36.545544" lon="140.332506"><ele>26.4</ele><time>2021-11-07T02:45:39Z</time></trkpt><trkpt lat="36.545506" lon="140.332659"><ele>25.4</ele><time>2021-11-07T02:45:42Z</time></trkpt><trkpt lat="36.545464" lon="140.332813"><ele>25.3</ele><time>2021-11-07T02:45:45Z</time></trkpt><trkpt lat="36.545433" lon="140.332913"><ele>25.4</ele><time>2021-11-07T02:45:47Z</time></trkpt><trkpt lat="36.545398" lon="140.333072"><ele>25.8</ele><time>2021-11-07T02:45:50Z</time></trkpt><trkpt lat="36.545368" lon="140.333184"><ele>25.7</ele><time>2021-11-07T02:45:52Z</time></trkpt><trkpt lat="36.545331" lon="140.333362"><ele>25.9</ele><time>2021-11-07T02:45:55Z</time></trkpt><trkpt lat="36.545303" lon="140.33347"><ele>26.0</ele><time>2021-11-07T02:45:57Z</time></trkpt><trkpt lat="36.545265" lon="140.333636"><ele>25.6</ele><time>2021-11-07T02:46:00Z</time></trkpt><trkpt lat="36.545242" lon="140.333755"><ele>25.2</ele><time>2021-11-07T02:46:02Z</time></trkpt><trkpt lat="36.545193" lon="140.333943"><ele>26.6</ele><time>2021-11-07T02:46:05Z</time></trkpt><trkpt lat="36.54517" lon="140.334034"><ele>27.6</ele><time>2021-11-07T02:46:07Z</time></trkpt></trkseg></trk></gpx>