<?xml version='1.0' encoding='UTF-8'?><gpx creator="YAMAP - https://yamap.com" xsi:schemaLocation="http://www.topografix.com/GPX/1/1 http://www.topografix.com/GPX/1/1/gpx.xsd" version="1.1" xmlns="http://www.topografix.com/GPX/1/1" xmlns:xsi="http://www.w3.org/2001/XMLSchema-instance"><metadata><bounds maxlat="36.982987" maxlon="138.969949" minlat="36.952474" minlon="138.933052"/></metadata><trk><name>巻機山</name><number>1</number><trkseg><trkpt lat="36.953993" lon="138.934341"><ele>737.7</ele><time>2021-08-20T20:08:21Z</time></trkpt><trkpt lat="36.954021" lon="138.934376"><ele>737.6</ele><time>2021-08-20T20:08:24Z</time></trkpt><trkpt lat="36.954044" lon="138.934457"><ele>737.3</ele><time>2021-08-20T20:08:29Z</time></trkpt><trkpt lat="36.954043" lon="138.934496"><ele>737.1</ele><time>2021-08-20T20:08:31Z</time></trkpt><trkpt lat="36.954046" lon="138.934537"><ele>736.9</ele><time>2021-08-20T20:08:34Z</time></trkpt><trkpt lat="36.954028" lon="138.934633"><ele>736.5</ele><time>2021-08-20T20:08:39Z</time></trkpt><trkpt lat="36.954016" lon="138.934656"><ele>736.4</ele><time>2021-08-20T20:08:41Z</time></trkpt><trkpt lat="36.95402" lon="138.934692"><ele>736.2</ele><time>2021-08-20T20:08:44Z</time></trkpt><trkpt lat="36.954033" lon="138.934788"><ele>735.7</ele><time>2021-08-20T20:08:49Z</time></trkpt><trkpt lat="36.954024" lon="138.93484"><ele>735.5</ele><time>2021-08-20T20:08:52Z</time></trkpt><trkpt lat="36.954021" lon="138.934866"><ele>735.4</ele><time>2021-08-20T20:08:54Z</time></trkpt><trkpt lat="36.954045" lon="138.934919"><ele>735.1</ele><time>2021-08-20T20:08:59Z</time></trkpt><trkpt lat="36.954056" lon="138.934986"><ele>734.7</ele><time>2021-08-20T20:09:04Z</time></trkpt><trkpt lat="36.954084" lon="138.935066"><ele>734.3</ele><time>2021-08-20T20:09:09Z</time></trkpt><trkpt lat="36.954102" lon="138.935103"><ele>734.2</ele><time>2021-08-20T20:09:12Z</time></trkpt><trkpt lat="36.954108" lon="138.935117"><ele>734.1</ele><time>2021-08-20T20:09:14Z</time></trkpt><trkpt lat="36.954146" lon="138.935148"><ele>734.4</ele><time>2021-08-20T20:09:20Z</time></trkpt><trkpt lat="36.954207" lon="138.93516"><ele>735.7</ele><time>2021-08-20T20:09:25Z</time></trkpt><trkpt lat="36.954268" lon="138.935204"><ele>737.3</ele><time>2021-08-20T20:09:30Z</time></trkpt><trkpt lat="36.954279" lon="138.935215"><ele>737.6</ele><time>2021-08-20T20:09:32Z</time></trkpt><trkpt lat="36.954284" lon="138.935223"><ele>737.8</ele><time>2021-08-20T20:09:37Z</time></trkpt><trkpt lat="36.954344" lon="138.935246"><ele>739.1</ele><time>2021-08-20T20:09:47Z</time></trkpt><trkpt lat="36.954346" lon="138.935255"><ele>739.2</ele><time>2021-08-20T20:10:00Z</time></trkpt><trkpt lat="36.954385" lon="138.935291"><ele>739.6</ele><time>2021-08-20T20:10:10Z</time></trkpt><trkpt lat="36.954442" lon="138.935237"><ele>740.2</ele><time>2021-08-20T20:10:23Z</time></trkpt><trkpt lat="36.954465" lon="138.935228"><ele>740.4</ele><time>2021-08-20T20:10:26Z</time></trkpt><trkpt lat="36.954521" lon="138.935244"><ele>740.8</ele><time>2021-08-20T20:10:31Z</time></trkpt><trkpt lat="36.954535" lon="138.93525"><ele>740.9</ele><time>2021-08-20T20:10:33Z</time></trkpt><trkpt lat="36.954617" lon="138.935265"><ele>741.6</ele><time>2021-08-20T20:10:38Z</time></trkpt><trkpt lat="36.954664" lon="138.93527"><ele>741.9</ele><time>2021-08-20T20:10:41Z</time></trkpt><trkpt lat="36.954691" lon="138.935273"><ele>742.2</ele><time>2021-08-20T20:10:43Z</time></trkpt><trkpt lat="36.954722" lon="138.935274"><ele>742.5</ele><time>2021-08-20T20:10:46Z</time></trkpt><trkpt lat="36.954761" lon="138.935245"><ele>742.9</ele><time>2021-08-20T20:10:51Z</time></trkpt><trkpt lat="36.954776" lon="138.935228"><ele>742.8</ele><time>2021-08-20T20:10:56Z</time></trkpt><trkpt lat="36.954881" lon="138.935179"><ele>741.5</ele><time>2021-08-20T20:11:29Z</time></trkpt><trkpt lat="36.954935" lon="138.935149"><ele>741.0</ele><time>2021-08-20T20:11:34Z</time></trkpt><trkpt lat="36.954969" lon="138.93514"><ele>740.8</ele><time>2021-08-20T20:11:37Z</time></trkpt><trkpt lat="36.955026" lon="138.935108"><ele>740.5</ele><time>2021-08-20T20:11:42Z</time></trkpt><trkpt lat="36.95507" lon="138.935059"><ele>740.2</ele><time>2021-08-20T20:11:47Z</time></trkpt><trkpt lat="36.955087" lon="138.935049"><ele>740.1</ele><time>2021-08-20T20:11:50Z</time></trkpt><trkpt lat="36.955137" lon="138.93503"><ele>739.8</ele><time>2021-08-20T20:11:55Z</time></trkpt><trkpt lat="36.955154" lon="138.935014"><ele>739.7</ele><time>2021-08-20T20:11:57Z</time></trkpt><trkpt lat="36.955189" lon="138.934952"><ele>739.3</ele><time>2021-08-20T20:12:02Z</time></trkpt><trkpt lat="36.955227" lon="138.934905"><ele>739.0</ele><time>2021-08-20T20:12:05Z</time></trkpt><trkpt lat="36.955248" lon="138.934891"><ele>738.9</ele><time>2021-08-20T20:12:07Z</time></trkpt><trkpt lat="36.955272" lon="138.934868"><ele>738.8</ele><time>2021-08-20T20:12:10Z</time></trkpt><trkpt lat="36.955335" lon="138.934824"><ele>738.1</ele><time>2021-08-20T20:12:15Z</time></trkpt><trkpt lat="36.955371" lon="138.934818"><ele>737.6</ele><time>2021-08-20T20:12:18Z</time></trkpt><trkpt lat="36.955397" lon="138.934816"><ele>737.2</ele><time>2021-08-20T20:12:20Z</time></trkpt><trkpt lat="36.955422" lon="138.934793"><ele>736.7</ele><time>2021-08-20T20:12:23Z</time></trkpt><trkpt lat="36.955444" lon="138.934786"><ele>736.4</ele><time>2021-08-20T20:12:25Z</time></trkpt><trkpt lat="36.955516" lon="138.934771"><ele>735.9</ele><time>2021-08-20T20:12:30Z</time></trkpt><trkpt lat="36.955542" lon="138.934769"><ele>735.8</ele><time>2021-08-20T20:12:33Z</time></trkpt><trkpt lat="36.955587" lon="138.934763"><ele>735.8</ele><time>2021-08-20T20:12:38Z</time></trkpt><trkpt lat="36.95566" lon="138.934756"><ele>735.9</ele><time>2021-08-20T20:12:43Z</time></trkpt><trkpt lat="36.95568" lon="138.934752"><ele>736.0</ele><time>2021-08-20T20:12:45Z</time></trkpt><trkpt lat="36.955719" lon="138.934728"><ele>736.1</ele><time>2021-08-20T20:12:48Z</time></trkpt><trkpt lat="36.955767" lon="138.934716"><ele>736.3</ele><time>2021-08-20T20:12:51Z</time></trkpt><trkpt lat="36.9558" lon="138.934715"><ele>736.5</ele><time>2021-08-20T20:12:53Z</time></trkpt><trkpt lat="36.955841" lon="138.934716"><ele>736.7</ele><time>2021-08-20T20:12:56Z</time></trkpt><trkpt lat="36.955868" lon="138.934719"><ele>737.0</ele><time>2021-08-20T20:12:58Z</time></trkpt><trkpt lat="36.955895" lon="138.934705"><ele>737.3</ele><time>2021-08-20T20:13:01Z</time></trkpt><trkpt lat="36.955909" lon="138.934705"><ele>737.5</ele><time>2021-08-20T20:13:03Z</time></trkpt><trkpt lat="36.955973" lon="138.934725"><ele>738.5</ele><time>2021-08-20T20:13:08Z</time></trkpt><trkpt lat="36.956003" lon="138.93474"><ele>739.1</ele><time>2021-08-20T20:13:11Z</time></trkpt><trkpt lat="36.956025" lon="138.934743"><ele>739.5</ele><time>2021-08-20T20:13:13Z</time></trkpt><trkpt lat="36.956073" lon="138.934764"><ele>740.2</ele><time>2021-08-20T20:13:19Z</time></trkpt><trkpt lat="36.956131" lon="138.934786"><ele>740.9</ele><time>2021-08-20T20:13:24Z</time></trkpt><trkpt lat="36.956158" lon="138.934797"><ele>741.1</ele><time>2021-08-20T20:13:26Z</time></trkpt><trkpt lat="36.956238" lon="138.934861"><ele>741.7</ele><time>2021-08-20T20:13:34Z</time></trkpt><trkpt lat="36.956248" lon="138.934868"><ele>741.8</ele><time>2021-08-20T20:13:36Z</time></trkpt><trkpt lat="36.956294" lon="138.934907"><ele>742.1</ele><time>2021-08-20T20:13:41Z</time></trkpt><trkpt lat="36.956322" lon="138.93497"><ele>742.5</ele><time>2021-08-20T20:13:46Z</time></trkpt><trkpt lat="36.956339" lon="138.935015"><ele>742.9</ele><time>2021-08-20T20:13:49Z</time></trkpt><trkpt lat="36.95636" lon="138.935049"><ele>743.2</ele><time>2021-08-20T20:13:52Z</time></trkpt><trkpt lat="36.956364" lon="138.935064"><ele>743.4</ele><time>2021-08-20T20:13:54Z</time></trkpt><trkpt lat="36.956376" lon="138.935111"><ele>743.7</ele><time>2021-08-20T20:13:59Z</time></trkpt><trkpt lat="36.956388" lon="138.935161"><ele>744.0</ele><time>2021-08-20T20:14:04Z</time></trkpt><trkpt lat="36.956389" lon="138.935279"><ele>744.6</ele><time>2021-08-20T20:14:25Z</time></trkpt><trkpt lat="36.956408" lon="138.935327"><ele>744.9</ele><time>2021-08-20T20:14:30Z</time></trkpt><trkpt lat="36.956418" lon="138.935348"><ele>745.1</ele><time>2021-08-20T20:14:35Z</time></trkpt><trkpt lat="36.956438" lon="138.935386"><ele>745.4</ele><time>2021-08-20T20:14:40Z</time></trkpt><trkpt lat="36.956476" lon="138.935425"><ele>745.8</ele><time>2021-08-20T20:14:45Z</time></trkpt><trkpt lat="36.956494" lon="138.93544"><ele>745.9</ele><time>2021-08-20T20:14:48Z</time></trkpt><trkpt lat="36.956511" lon="138.935448"><ele>746.0</ele><time>2021-08-20T20:14:53Z</time></trkpt><trkpt lat="36.956569" lon="138.935463"><ele>746.1</ele><time>2021-08-20T20:15:00Z</time></trkpt><trkpt lat="36.956612" lon="138.935474"><ele>746.2</ele><time>2021-08-20T20:15:05Z</time></trkpt><trkpt lat="36.956646" lon="138.935459"><ele>746.2</ele><time>2021-08-20T20:15:10Z</time></trkpt><trkpt lat="36.95668" lon="138.935457"><ele>746.2</ele><time>2021-08-20T20:15:15Z</time></trkpt><trkpt lat="36.956751" lon="138.935471"><ele>746.4</ele><time>2021-08-20T20:15:23Z</time></trkpt><trkpt lat="36.95678" lon="138.935496"><ele>746.5</ele><time>2021-08-20T20:15:26Z</time></trkpt><trkpt lat="36.956799" lon="138.935503"><ele>746.6</ele><time>2021-08-20T20:15:28Z</time></trkpt><trkpt lat="36.956861" lon="138.935609"><ele>747.3</ele><time>2021-08-20T20:15:59Z</time></trkpt><trkpt lat="36.956983" lon="138.935598"><ele>748.2</ele><time>2021-08-20T20:16:27Z</time></trkpt><trkpt lat="36.957036" lon="138.935584"><ele>748.4</ele><time>2021-08-20T20:16:32Z</time></trkpt><trkpt lat="36.957085" lon="138.935617"><ele>748.3</ele><time>2021-08-20T20:16:37Z</time></trkpt><trkpt lat="36.957144" lon="138.93564"><ele>748.0</ele><time>2021-08-20T20:16:42Z</time></trkpt><trkpt lat="36.957187" lon="138.935649"><ele>747.8</ele><time>2021-08-20T20:16:47Z</time></trkpt><trkpt lat="36.957203" lon="138.935659"><ele>747.8</ele><time>2021-08-20T20:16:52Z</time></trkpt><trkpt lat="36.957221" lon="138.935669"><ele>747.8</ele><time>2021-08-20T20:17:23Z</time></trkpt><trkpt lat="36.957219" lon="138.935698"><ele>747.8</ele><time>2021-08-20T20:17:25Z</time></trkpt><trkpt lat="36.95722" lon="138.9357"><ele>747.8</ele><time>2021-08-20T20:17:28Z</time></trkpt><trkpt lat="36.957263" lon="138.935718"><ele>748.1</ele><time>2021-08-20T20:17:38Z</time></trkpt><trkpt lat="36.95728" lon="138.935723"><ele>748.2</ele><time>2021-08-20T20:17:43Z</time></trkpt><trkpt lat="36.957325" lon="138.935756"><ele>748.6</ele><time>2021-08-20T20:17:48Z</time></trkpt><trkpt lat="36.957351" lon="138.93578"><ele>748.9</ele><time>2021-08-20T20:17:53Z</time></trkpt><trkpt lat="36.957402" lon="138.935841"><ele>749.6</ele><time>2021-08-20T20:17:58Z</time></trkpt><trkpt lat="36.957435" lon="138.935872"><ele>750.1</ele><time>2021-08-20T20:18:01Z</time></trkpt><trkpt lat="36.957455" lon="138.935894"><ele>750.5</ele><time>2021-08-20T20:18:03Z</time></trkpt><trkpt lat="36.957484" lon="138.935904"><ele>751.0</ele><time>2021-08-20T20:18:06Z</time></trkpt><trkpt lat="36.957497" lon="138.935906"><ele>751.2</ele><time>2021-08-20T20:18:08Z</time></trkpt><trkpt lat="36.95753" lon="138.935915"><ele>751.8</ele><time>2021-08-20T20:18:16Z</time></trkpt><trkpt lat="36.957581" lon="138.935937"><ele>752.7</ele><time>2021-08-20T20:18:21Z</time></trkpt><trkpt lat="36.957606" lon="138.935941"><ele>753.0</ele><time>2021-08-20T20:18:26Z</time></trkpt><trkpt lat="36.957622" lon="138.935947"><ele>753.2</ele><time>2021-08-20T20:18:31Z</time></trkpt><trkpt lat="36.957692" lon="138.936015"><ele>754.3</ele><time>2021-08-20T20:18:36Z</time></trkpt><trkpt lat="36.957738" lon="138.936048"><ele>755.1</ele><time>2021-08-20T20:18:39Z</time></trkpt><trkpt lat="36.957749" lon="138.936047"><ele>755.3</ele><time>2021-08-20T20:18:41Z</time></trkpt><trkpt lat="36.957801" lon="138.936086"><ele>756.3</ele><time>2021-08-20T20:18:46Z</time></trkpt><trkpt lat="36.957822" lon="138.936128"><ele>757.0</ele><time>2021-08-20T20:18:49Z</time></trkpt><trkpt lat="36.95784" lon="138.936137"><ele>757.3</ele><time>2021-08-20T20:18:52Z</time></trkpt><trkpt lat="36.957855" lon="138.936141"><ele>757.6</ele><time>2021-08-20T20:18:54Z</time></trkpt><trkpt lat="36.957905" lon="138.936148"><ele>758.4</ele><time>2021-08-20T20:18:59Z</time></trkpt><trkpt lat="36.957944" lon="138.93615"><ele>759.0</ele><time>2021-08-20T20:19:04Z</time></trkpt><trkpt lat="36.95797" lon="138.93616"><ele>759.4</ele><time>2021-08-20T20:19:09Z</time></trkpt><trkpt lat="36.958019" lon="138.936172"><ele>760.2</ele><time>2021-08-20T20:19:17Z</time></trkpt><trkpt lat="36.958087" lon="138.936196"><ele>761.4</ele><time>2021-08-20T20:19:22Z</time></trkpt><trkpt lat="36.958111" lon="138.936202"><ele>761.8</ele><time>2021-08-20T20:19:25Z</time></trkpt><trkpt lat="36.95813" lon="138.936194"><ele>762.1</ele><time>2021-08-20T20:19:27Z</time></trkpt><trkpt lat="36.958173" lon="138.936168"><ele>762.8</ele><time>2021-08-20T20:19:32Z</time></trkpt><trkpt lat="36.95821" lon="138.936153"><ele>763.3</ele><time>2021-08-20T20:19:37Z</time></trkpt><trkpt lat="36.958253" lon="138.936141"><ele>763.8</ele><time>2021-08-20T20:19:42Z</time></trkpt><trkpt lat="36.958293" lon="138.936151"><ele>764.2</ele><time>2021-08-20T20:19:47Z</time></trkpt><trkpt lat="36.95833" lon="138.936163"><ele>764.6</ele><time>2021-08-20T20:19:50Z</time></trkpt><trkpt lat="36.958354" lon="138.936175"><ele>764.9</ele><time>2021-08-20T20:19:53Z</time></trkpt><trkpt lat="36.958408" lon="138.936219"><ele>765.6</ele><time>2021-08-20T20:19:58Z</time></trkpt><trkpt lat="36.958421" lon="138.936233"><ele>765.7</ele><time>2021-08-20T20:20:00Z</time></trkpt><trkpt lat="36.958424" lon="138.936237"><ele>765.8</ele><time>2021-08-20T20:20:03Z</time></trkpt><trkpt lat="36.958453" lon="138.936266"><ele>766.1</ele><time>2021-08-20T20:20:13Z</time></trkpt><trkpt lat="36.958458" lon="138.936268"><ele>766.2</ele><time>2021-08-20T20:20:18Z</time></trkpt><trkpt lat="36.95851" lon="138.936282"><ele>766.7</ele><time>2021-08-20T20:20:23Z</time></trkpt><trkpt lat="36.958514" lon="138.936286"><ele>766.7</ele><time>2021-08-20T20:20:28Z</time></trkpt><trkpt lat="36.958518" lon="138.936288"><ele>766.8</ele><time>2021-08-20T20:20:33Z</time></trkpt><trkpt lat="36.95856" lon="138.936316"><ele>767.3</ele><time>2021-08-20T20:20:38Z</time></trkpt><trkpt lat="36.958565" lon="138.93632"><ele>767.4</ele><time>2021-08-20T20:20:43Z</time></trkpt><trkpt lat="36.95857" lon="138.936324"><ele>767.5</ele><time>2021-08-20T20:20:46Z</time></trkpt><trkpt lat="36.958576" lon="138.936327"><ele>767.6</ele><time>2021-08-20T20:20:51Z</time></trkpt><trkpt lat="36.958583" lon="138.936333"><ele>767.7</ele><time>2021-08-20T20:20:56Z</time></trkpt><trkpt lat="36.958595" lon="138.936341"><ele>767.9</ele><time>2021-08-20T20:21:01Z</time></trkpt><trkpt lat="36.958652" lon="138.936374"><ele>768.7</ele><time>2021-08-20T20:21:06Z</time></trkpt><trkpt lat="36.958656" lon="138.936377"><ele>768.8</ele><time>2021-08-20T20:21:09Z</time></trkpt><trkpt lat="36.958748" lon="138.936437"><ele>770.3</ele><time>2021-08-20T20:21:14Z</time></trkpt><trkpt lat="36.958816" lon="138.936486"><ele>771.4</ele><time>2021-08-20T20:21:19Z</time></trkpt><trkpt lat="36.9589" lon="138.936522"><ele>772.6</ele><time>2021-08-20T20:21:22Z</time></trkpt><trkpt lat="36.958952" lon="138.936542"><ele>773.2</ele><time>2021-08-20T20:21:24Z</time></trkpt><trkpt lat="36.959029" lon="138.936573"><ele>774.3</ele><time>2021-08-20T20:21:27Z</time></trkpt><trkpt lat="36.95907" lon="138.936599"><ele>775.2</ele><time>2021-08-20T20:21:29Z</time></trkpt><trkpt lat="36.959123" lon="138.936633"><ele>776.6</ele><time>2021-08-20T20:21:32Z</time></trkpt><trkpt lat="36.959137" lon="138.93664"><ele>777.0</ele><time>2021-08-20T20:21:34Z</time></trkpt><trkpt lat="36.959172" lon="138.936664"><ele>777.9</ele><time>2021-08-20T20:21:37Z</time></trkpt><trkpt lat="36.959203" lon="138.93668"><ele>778.8</ele><time>2021-08-20T20:21:39Z</time></trkpt><trkpt lat="36.959233" lon="138.9367"><ele>779.7</ele><time>2021-08-20T20:21:42Z</time></trkpt><trkpt lat="36.959259" lon="138.936711"><ele>780.4</ele><time>2021-08-20T20:21:44Z</time></trkpt><trkpt lat="36.959312" lon="138.936746"><ele>782.2</ele><time>2021-08-20T20:21:49Z</time></trkpt><trkpt lat="36.959341" lon="138.936769"><ele>783.2</ele><time>2021-08-20T20:21:55Z</time></trkpt><trkpt lat="36.959381" lon="138.936805"><ele>784.6</ele><time>2021-08-20T20:22:00Z</time></trkpt><trkpt lat="36.959405" lon="138.936822"><ele>785.3</ele><time>2021-08-20T20:22:05Z</time></trkpt><trkpt lat="36.959424" lon="138.936835"><ele>785.9</ele><time>2021-08-20T20:22:10Z</time></trkpt><trkpt lat="36.959448" lon="138.936843"><ele>786.4</ele><time>2021-08-20T20:22:15Z</time></trkpt><trkpt lat="36.959498" lon="138.936872"><ele>787.6</ele><time>2021-08-20T20:22:23Z</time></trkpt><trkpt lat="36.959556" lon="138.936906"><ele>788.9</ele><time>2021-08-20T20:22:28Z</time></trkpt><trkpt lat="36.959575" lon="138.936919"><ele>789.2</ele><time>2021-08-20T20:22:30Z</time></trkpt><trkpt lat="36.959592" lon="138.936931"><ele>789.6</ele><time>2021-08-20T20:22:35Z</time></trkpt><trkpt lat="36.959606" lon="138.936936"><ele>789.8</ele><time>2021-08-20T20:22:48Z</time></trkpt><trkpt lat="36.959629" lon="138.936946"><ele>790.2</ele><time>2021-08-20T20:22:53Z</time></trkpt><trkpt lat="36.959668" lon="138.936957"><ele>790.8</ele><time>2021-08-20T20:23:01Z</time></trkpt><trkpt lat="36.959694" lon="138.936971"><ele>791.1</ele><time>2021-08-20T20:23:03Z</time></trkpt><trkpt lat="36.959715" lon="138.936977"><ele>791.4</ele><time>2021-08-20T20:23:08Z</time></trkpt><trkpt lat="36.959733" lon="138.936985"><ele>791.6</ele><time>2021-08-20T20:23:16Z</time></trkpt><trkpt lat="36.959762" lon="138.937002"><ele>792.0</ele><time>2021-08-20T20:23:21Z</time></trkpt><trkpt lat="36.959794" lon="138.937023"><ele>792.5</ele><time>2021-08-20T20:23:26Z</time></trkpt><trkpt lat="36.959868" lon="138.937065"><ele>793.8</ele><time>2021-08-20T20:23:31Z</time></trkpt><trkpt lat="36.95991" lon="138.937088"><ele>794.7</ele><time>2021-08-20T20:23:34Z</time></trkpt><trkpt lat="36.959946" lon="138.937099"><ele>795.5</ele><time>2021-08-20T20:23:36Z</time></trkpt><trkpt lat="36.960005" lon="138.937084"><ele>796.9</ele><time>2021-08-20T20:23:39Z</time></trkpt><trkpt lat="36.960042" lon="138.937072"><ele>797.7</ele><time>2021-08-20T20:23:41Z</time></trkpt><trkpt lat="36.960074" lon="138.93707"><ele>798.4</ele><time>2021-08-20T20:23:44Z</time></trkpt><trkpt lat="36.960092" lon="138.937072"><ele>798.7</ele><time>2021-08-20T20:23:46Z</time></trkpt><trkpt lat="36.960119" lon="138.937083"><ele>799.2</ele><time>2021-08-20T20:23:49Z</time></trkpt><trkpt lat="36.960166" lon="138.937099"><ele>800.0</ele><time>2021-08-20T20:23:54Z</time></trkpt><trkpt lat="36.96019" lon="138.937118"><ele>800.5</ele><time>2021-08-20T20:23:57Z</time></trkpt><trkpt lat="36.960247" lon="138.93716"><ele>801.9</ele><time>2021-08-20T20:24:02Z</time></trkpt><trkpt lat="36.960274" lon="138.937168"><ele>802.5</ele><time>2021-08-20T20:24:04Z</time></trkpt><trkpt lat="36.96031" lon="138.937179"><ele>803.4</ele><time>2021-08-20T20:24:07Z</time></trkpt><trkpt lat="36.960328" lon="138.937181"><ele>803.9</ele><time>2021-08-20T20:24:09Z</time></trkpt><trkpt lat="36.960337" lon="138.937189"><ele>804.1</ele><time>2021-08-20T20:24:14Z</time></trkpt><trkpt lat="36.960398" lon="138.93719"><ele>805.6</ele><time>2021-08-20T20:24:22Z</time></trkpt><trkpt lat="36.960428" lon="138.937222"><ele>806.6</ele><time>2021-08-20T20:24:27Z</time></trkpt><trkpt lat="36.960445" lon="138.937235"><ele>807.0</ele><time>2021-08-20T20:24:32Z</time></trkpt><trkpt lat="36.960483" lon="138.937244"><ele>808.0</ele><time>2021-08-20T20:24:37Z</time></trkpt><trkpt lat="36.960517" lon="138.937268"><ele>809.0</ele><time>2021-08-20T20:24:42Z</time></trkpt><trkpt lat="36.960525" lon="138.937267"><ele>809.2</ele><time>2021-08-20T20:24:47Z</time></trkpt><trkpt lat="36.96057" lon="138.937257"><ele>810.5</ele><time>2021-08-20T20:24:53Z</time></trkpt><trkpt lat="36.960572" lon="138.937257"><ele>810.5</ele><time>2021-08-20T20:24:58Z</time></trkpt><trkpt lat="36.96062" lon="138.937252"><ele>812.0</ele><time>2021-08-20T20:25:10Z</time></trkpt><trkpt lat="36.960649" lon="138.937249"><ele>813.0</ele><time>2021-08-20T20:25:15Z</time></trkpt><trkpt lat="36.960671" lon="138.937259"><ele>813.8</ele><time>2021-08-20T20:25:26Z</time></trkpt><trkpt lat="36.960673" lon="138.937261"><ele>813.9</ele><time>2021-08-20T20:25:28Z</time></trkpt><trkpt lat="36.960678" lon="138.937262"><ele>814.1</ele><time>2021-08-20T20:25:33Z</time></trkpt><trkpt lat="36.960771" lon="138.937347"><ele>817.9</ele><time>2021-08-20T20:26:01Z</time></trkpt><trkpt lat="36.960795" lon="138.937356"><ele>818.6</ele><time>2021-08-20T20:26:47Z</time></trkpt><trkpt lat="36.960875" lon="138.937405"><ele>820.3</ele><time>2021-08-20T20:26:52Z</time></trkpt><trkpt lat="36.960898" lon="138.937422"><ele>820.8</ele><time>2021-08-20T20:26:55Z</time></trkpt><trkpt lat="36.960968" lon="138.937455"><ele>821.7</ele><time>2021-08-20T20:27:00Z</time></trkpt><trkpt lat="36.960999" lon="138.937456"><ele>822.1</ele><time>2021-08-20T20:27:02Z</time></trkpt><trkpt lat="36.961029" lon="138.937461"><ele>822.4</ele><time>2021-08-20T20:27:07Z</time></trkpt><trkpt lat="36.961094" lon="138.937453"><ele>823.0</ele><time>2021-08-20T20:27:12Z</time></trkpt><trkpt lat="36.961127" lon="138.937464"><ele>823.4</ele><time>2021-08-20T20:27:15Z</time></trkpt><trkpt lat="36.961151" lon="138.937469"><ele>823.8</ele><time>2021-08-20T20:27:20Z</time></trkpt><trkpt lat="36.961179" lon="138.937455"><ele>824.3</ele><time>2021-08-20T20:27:25Z</time></trkpt><trkpt lat="36.961263" lon="138.937472"><ele>825.9</ele><time>2021-08-20T20:27:35Z</time></trkpt><trkpt lat="36.961323" lon="138.937482"><ele>826.9</ele><time>2021-08-20T20:27:38Z</time></trkpt><trkpt lat="36.96136" lon="138.937491"><ele>827.4</ele><time>2021-08-20T20:27:40Z</time></trkpt><trkpt lat="36.961386" lon="138.937502"><ele>827.7</ele><time>2021-08-20T20:27:43Z</time></trkpt><trkpt lat="36.961502" lon="138.93747"><ele>829.0</ele><time>2021-08-20T20:27:51Z</time></trkpt><trkpt lat="36.961535" lon="138.937446"><ele>829.6</ele><time>2021-08-20T20:27:53Z</time></trkpt><trkpt lat="36.961568" lon="138.937434"><ele>830.2</ele><time>2021-08-20T20:27:56Z</time></trkpt><trkpt lat="36.961598" lon="138.937443"><ele>830.8</ele><time>2021-08-20T20:27:58Z</time></trkpt><trkpt lat="36.96164" lon="138.937433"><ele>831.7</ele><time>2021-08-20T20:28:01Z</time></trkpt><trkpt lat="36.961683" lon="138.937438"><ele>832.6</ele><time>2021-08-20T20:28:06Z</time></trkpt><trkpt lat="36.961723" lon="138.937437"><ele>833.4</ele><time>2021-08-20T20:28:11Z</time></trkpt><trkpt lat="36.961781" lon="138.937423"><ele>834.7</ele><time>2021-08-20T20:28:16Z</time></trkpt><trkpt lat="36.961789" lon="138.937426"><ele>834.9</ele><time>2021-08-20T20:28:18Z</time></trkpt><trkpt lat="36.961812" lon="138.937429"><ele>835.4</ele><time>2021-08-20T20:28:26Z</time></trkpt><trkpt lat="36.961818" lon="138.937431"><ele>835.6</ele><time>2021-08-20T20:28:34Z</time></trkpt><trkpt lat="36.961831" lon="138.93744"><ele>835.9</ele><time>2021-08-20T20:28:36Z</time></trkpt><trkpt lat="36.961913" lon="138.937452"><ele>837.8</ele><time>2021-08-20T20:28:41Z</time></trkpt><trkpt lat="36.961986" lon="138.937467"><ele>839.4</ele><time>2021-08-20T20:28:46Z</time></trkpt><trkpt lat="36.962016" lon="138.937476"><ele>840.0</ele><time>2021-08-20T20:28:49Z</time></trkpt><trkpt lat="36.962053" lon="138.937484"><ele>840.8</ele><time>2021-08-20T20:28:52Z</time></trkpt><trkpt lat="36.962066" lon="138.937485"><ele>841.0</ele><time>2021-08-20T20:28:54Z</time></trkpt><trkpt lat="36.962104" lon="138.937482"><ele>841.8</ele><time>2021-08-20T20:28:59Z</time></trkpt><trkpt lat="36.962144" lon="138.937465"><ele>842.4</ele><time>2021-08-20T20:29:04Z</time></trkpt><trkpt lat="36.962188" lon="138.937451"><ele>842.7</ele><time>2021-08-20T20:29:09Z</time></trkpt><trkpt lat="36.962209" lon="138.937456"><ele>842.9</ele><time>2021-08-20T20:29:12Z</time></trkpt><trkpt lat="36.962262" lon="138.937461"><ele>843.0</ele><time>2021-08-20T20:29:17Z</time></trkpt><trkpt lat="36.96229" lon="138.93746"><ele>843.1</ele><time>2021-08-20T20:29:20Z</time></trkpt><trkpt lat="36.962342" lon="138.93749"><ele>843.3</ele><time>2021-08-20T20:29:25Z</time></trkpt><trkpt lat="36.962358" lon="138.937503"><ele>843.5</ele><time>2021-08-20T20:29:27Z</time></trkpt><trkpt lat="36.962416" lon="138.937563"><ele>844.2</ele><time>2021-08-20T20:29:32Z</time></trkpt><trkpt lat="36.962437" lon="138.937585"><ele>844.6</ele><time>2021-08-20T20:29:35Z</time></trkpt><trkpt lat="36.962488" lon="138.937604"><ele>845.4</ele><time>2021-08-20T20:29:40Z</time></trkpt><trkpt lat="36.962513" lon="138.937629"><ele>845.9</ele><time>2021-08-20T20:29:45Z</time></trkpt><trkpt lat="36.962536" lon="138.937636"><ele>846.3</ele><time>2021-08-20T20:29:50Z</time></trkpt><trkpt lat="36.962574" lon="138.937671"><ele>847.1</ele><time>2021-08-20T20:29:55Z</time></trkpt><trkpt lat="36.962633" lon="138.937701"><ele>848.4</ele><time>2021-08-20T20:30:00Z</time></trkpt><trkpt lat="36.962662" lon="138.937713"><ele>849.0</ele><time>2021-08-20T20:30:03Z</time></trkpt><trkpt lat="36.962696" lon="138.937747"><ele>850.0</ele><time>2021-08-20T20:30:08Z</time></trkpt><trkpt lat="36.962723" lon="138.937764"><ele>850.6</ele><time>2021-08-20T20:30:13Z</time></trkpt><trkpt lat="36.962767" lon="138.937775"><ele>851.4</ele><time>2021-08-20T20:30:18Z</time></trkpt><trkpt lat="36.9628" lon="138.937798"><ele>852.0</ele><time>2021-08-20T20:30:23Z</time></trkpt><trkpt lat="36.962837" lon="138.937796"><ele>852.5</ele><time>2021-08-20T20:30:28Z</time></trkpt><trkpt lat="36.962873" lon="138.937809"><ele>852.9</ele><time>2021-08-20T20:30:33Z</time></trkpt><trkpt lat="36.962912" lon="138.937813"><ele>853.4</ele><time>2021-08-20T20:30:38Z</time></trkpt><trkpt lat="36.962939" lon="138.937803"><ele>853.8</ele><time>2021-08-20T20:30:46Z</time></trkpt><trkpt lat="36.962989" lon="138.937827"><ele>854.7</ele><time>2021-08-20T20:30:54Z</time></trkpt><trkpt lat="36.963024" lon="138.937858"><ele>855.6</ele><time>2021-08-20T20:30:59Z</time></trkpt><trkpt lat="36.963039" lon="138.937879"><ele>856.0</ele><time>2021-08-20T20:31:04Z</time></trkpt><trkpt lat="36.963059" lon="138.937901"><ele>856.6</ele><time>2021-08-20T20:31:11Z</time></trkpt><trkpt lat="36.963121" lon="138.93794"><ele>858.1</ele><time>2021-08-20T20:31:22Z</time></trkpt><trkpt lat="36.96317" lon="138.937974"><ele>858.5</ele><time>2021-08-20T20:31:39Z</time></trkpt><trkpt lat="36.963189" lon="138.937994"><ele>858.7</ele><time>2021-08-20T20:31:42Z</time></trkpt><trkpt lat="36.963211" lon="138.938041"><ele>859.1</ele><time>2021-08-20T20:31:47Z</time></trkpt><trkpt lat="36.963223" lon="138.938054"><ele>859.2</ele><time>2021-08-20T20:31:50Z</time></trkpt><trkpt lat="36.963252" lon="138.938104"><ele>859.7</ele><time>2021-08-20T20:32:00Z</time></trkpt><trkpt lat="36.963253" lon="138.938106"><ele>859.7</ele><time>2021-08-20T20:32:02Z</time></trkpt><trkpt lat="36.963265" lon="138.938125"><ele>859.8</ele><time>2021-08-20T20:32:07Z</time></trkpt><trkpt lat="36.963281" lon="138.938146"><ele>860.0</ele><time>2021-08-20T20:32:10Z</time></trkpt><trkpt lat="36.963285" lon="138.938169"><ele>860.2</ele><time>2021-08-20T20:32:12Z</time></trkpt><trkpt lat="36.963294" lon="138.938207"><ele>860.4</ele><time>2021-08-20T20:32:15Z</time></trkpt><trkpt lat="36.963303" lon="138.938223"><ele>860.6</ele><time>2021-08-20T20:32:17Z</time></trkpt><trkpt lat="36.96333" lon="138.938315"><ele>861.2</ele><time>2021-08-20T20:32:23Z</time></trkpt><trkpt lat="36.963327" lon="138.938339"><ele>861.4</ele><time>2021-08-20T20:32:25Z</time></trkpt><trkpt lat="36.963356" lon="138.93838"><ele>861.8</ele><time>2021-08-20T20:32:30Z</time></trkpt><trkpt lat="36.963364" lon="138.938403"><ele>861.9</ele><time>2021-08-20T20:32:35Z</time></trkpt><trkpt lat="36.963409" lon="138.93854"><ele>865.2</ele><time>2021-08-20T20:33:08Z</time></trkpt><trkpt lat="36.963413" lon="138.938565"><ele>865.7</ele><time>2021-08-20T20:33:11Z</time></trkpt><trkpt lat="36.963429" lon="138.938598"><ele>866.4</ele><time>2021-08-20T20:33:21Z</time></trkpt><trkpt lat="36.963458" lon="138.938617"><ele>867.2</ele><time>2021-08-20T20:33:26Z</time></trkpt><trkpt lat="36.963474" lon="138.938663"><ele>868.2</ele><time>2021-08-20T20:33:34Z</time></trkpt><trkpt lat="36.963443" lon="138.938745"><ele>869.9</ele><time>2021-08-20T20:33:49Z</time></trkpt><trkpt lat="36.963429" lon="138.938773"><ele>870.5</ele><time>2021-08-20T20:33:52Z</time></trkpt><trkpt lat="36.963462" lon="138.938801"><ele>871.4</ele><time>2021-08-20T20:33:59Z</time></trkpt><trkpt lat="36.96348" lon="138.938812"><ele>871.9</ele><time>2021-08-20T20:34:02Z</time></trkpt><trkpt lat="36.963488" lon="138.93885"><ele>872.7</ele><time>2021-08-20T20:34:07Z</time></trkpt><trkpt lat="36.963511" lon="138.938903"><ele>873.8</ele><time>2021-08-20T20:34:12Z</time></trkpt><trkpt lat="36.963532" lon="138.93893"><ele>874.5</ele><time>2021-08-20T20:34:17Z</time></trkpt><trkpt lat="36.963546" lon="138.938946"><ele>875.0</ele><time>2021-08-20T20:34:22Z</time></trkpt><trkpt lat="36.963582" lon="138.939014"><ele>876.5</ele><time>2021-08-20T20:34:30Z</time></trkpt><trkpt lat="36.963606" lon="138.939018"><ele>877.1</ele><time>2021-08-20T20:34:35Z</time></trkpt><trkpt lat="36.963633" lon="138.939021"><ele>877.7</ele><time>2021-08-20T20:34:42Z</time></trkpt><trkpt lat="36.963642" lon="138.939049"><ele>878.3</ele><time>2021-08-20T20:34:50Z</time></trkpt><trkpt lat="36.963641" lon="138.939056"><ele>878.4</ele><time>2021-08-20T20:34:55Z</time></trkpt><trkpt lat="36.963637" lon="138.939065"><ele>878.6</ele><time>2021-08-20T20:34:58Z</time></trkpt><trkpt lat="36.963641" lon="138.939076"><ele>878.9</ele><time>2021-08-20T20:35:00Z</time></trkpt><trkpt lat="36.963642" lon="138.939087"><ele>879.1</ele><time>2021-08-20T20:35:03Z</time></trkpt><trkpt lat="36.963645" lon="138.9391"><ele>879.3</ele><time>2021-08-20T20:35:05Z</time></trkpt><trkpt lat="36.963645" lon="138.939105"><ele>879.4</ele><time>2021-08-20T20:35:10Z</time></trkpt><trkpt lat="36.963663" lon="138.939144"><ele>880.3</ele><time>2021-08-20T20:35:15Z</time></trkpt><trkpt lat="36.963694" lon="138.939221"><ele>881.9</ele><time>2021-08-20T20:35:26Z</time></trkpt><trkpt lat="36.963698" lon="138.939234"><ele>882.2</ele><time>2021-08-20T20:35:31Z</time></trkpt><trkpt lat="36.963836" lon="138.939354"><ele>886.2</ele><time>2021-08-20T20:35:54Z</time></trkpt><trkpt lat="36.963874" lon="138.939406"><ele>887.5</ele><time>2021-08-20T20:36:01Z</time></trkpt><trkpt lat="36.963894" lon="138.939431"><ele>888.2</ele><time>2021-08-20T20:36:06Z</time></trkpt><trkpt lat="36.963914" lon="138.939463"><ele>888.9</ele><time>2021-08-20T20:36:11Z</time></trkpt><trkpt lat="36.963892" lon="138.939425"><ele>889.8</ele><time>2021-08-20T20:36:34Z</time></trkpt><trkpt lat="36.963885" lon="138.93942"><ele>890.0</ele><time>2021-08-20T20:36:37Z</time></trkpt><trkpt lat="36.963892" lon="138.939422"><ele>890.2</ele><time>2021-08-20T20:36:39Z</time></trkpt><trkpt lat="36.963916" lon="138.93946"><ele>891.1</ele><time>2021-08-20T20:36:47Z</time></trkpt><trkpt lat="36.963911" lon="138.939477"><ele>891.5</ele><time>2021-08-20T20:36:50Z</time></trkpt><trkpt lat="36.963907" lon="138.939486"><ele>891.7</ele><time>2021-08-20T20:36:57Z</time></trkpt><trkpt lat="36.963971" lon="138.939469"><ele>893.2</ele><time>2021-08-20T20:37:15Z</time></trkpt><trkpt lat="36.963977" lon="138.939488"><ele>893.6</ele><time>2021-08-20T20:37:30Z</time></trkpt><trkpt lat="36.963977" lon="138.939488"><ele>893.6</ele><time>2021-08-20T20:37:35Z</time></trkpt><trkpt lat="36.964074" lon="138.939575"><ele>896.4</ele><time>2021-08-20T20:38:06Z</time></trkpt><trkpt lat="36.964078" lon="138.939565"><ele>896.6</ele><time>2021-08-20T20:38:13Z</time></trkpt><trkpt lat="36.964149" lon="138.939701"><ele>899.7</ele><time>2021-08-20T20:38:41Z</time></trkpt><trkpt lat="36.964163" lon="138.939705"><ele>900.1</ele><time>2021-08-20T20:38:46Z</time></trkpt><trkpt lat="36.964172" lon="138.939734"><ele>900.6</ele><time>2021-08-20T20:38:54Z</time></trkpt><trkpt lat="36.964188" lon="138.939765"><ele>901.3</ele><time>2021-08-20T20:38:59Z</time></trkpt><trkpt lat="36.964246" lon="138.939815"><ele>903.0</ele><time>2021-08-20T20:39:42Z</time></trkpt><trkpt lat="36.964335" lon="138.93981"><ele>905.1</ele><time>2021-08-20T20:42:12Z</time></trkpt><trkpt lat="36.964343" lon="138.939844"><ele>905.8</ele><time>2021-08-20T20:42:23Z</time></trkpt><trkpt lat="36.964389" lon="138.939902"><ele>907.3</ele><time>2021-08-20T20:42:33Z</time></trkpt><trkpt lat="36.9644" lon="138.939961"><ele>908.5</ele><time>2021-08-20T20:42:40Z</time></trkpt><trkpt lat="36.964442" lon="138.940012"><ele>909.9</ele><time>2021-08-20T20:42:48Z</time></trkpt><trkpt lat="36.964449" lon="138.940032"><ele>910.3</ele><time>2021-08-20T20:42:53Z</time></trkpt><trkpt lat="36.964478" lon="138.940077"><ele>911.4</ele><time>2021-08-20T20:43:01Z</time></trkpt><trkpt lat="36.964477" lon="138.940107"><ele>912.0</ele><time>2021-08-20T20:43:06Z</time></trkpt><trkpt lat="36.964511" lon="138.940153"><ele>913.2</ele><time>2021-08-20T20:43:31Z</time></trkpt><trkpt lat="36.964514" lon="138.940212"><ele>914.3</ele><time>2021-08-20T20:43:49Z</time></trkpt><trkpt lat="36.964558" lon="138.940234"><ele>915.4</ele><time>2021-08-20T20:44:07Z</time></trkpt><trkpt lat="36.964563" lon="138.940241"><ele>915.6</ele><time>2021-08-20T20:44:17Z</time></trkpt><trkpt lat="36.964591" lon="138.940259"><ele>916.3</ele><time>2021-08-20T20:44:37Z</time></trkpt><trkpt lat="36.96461" lon="138.940232"><ele>917.0</ele><time>2021-08-20T20:44:50Z</time></trkpt><trkpt lat="36.964626" lon="138.940234"><ele>917.4</ele><time>2021-08-20T20:44:53Z</time></trkpt><trkpt lat="36.964656" lon="138.94023"><ele>918.1</ele><time>2021-08-20T20:44:58Z</time></trkpt><trkpt lat="36.964722" lon="138.940293"><ele>920.1</ele><time>2021-08-20T20:45:13Z</time></trkpt><trkpt lat="36.964774" lon="138.940311"><ele>921.4</ele><time>2021-08-20T20:45:18Z</time></trkpt><trkpt lat="36.964813" lon="138.940317"><ele>922.3</ele><time>2021-08-20T20:45:23Z</time></trkpt><trkpt lat="36.964829" lon="138.940355"><ele>923.1</ele><time>2021-08-20T20:45:28Z</time></trkpt><trkpt lat="36.96486" lon="138.940368"><ele>923.9</ele><time>2021-08-20T20:45:33Z</time></trkpt><trkpt lat="36.964877" lon="138.940381"><ele>924.3</ele><time>2021-08-20T20:45:38Z</time></trkpt><trkpt lat="36.964865" lon="138.940434"><ele>925.4</ele><time>2021-08-20T20:45:49Z</time></trkpt><trkpt lat="36.964847" lon="138.940438"><ele>925.8</ele><time>2021-08-20T20:45:56Z</time></trkpt><trkpt lat="36.964846" lon="138.940446"><ele>926.0</ele><time>2021-08-20T20:45:59Z</time></trkpt><trkpt lat="36.964877" lon="138.940456"><ele>926.7</ele><time>2021-08-20T20:46:09Z</time></trkpt><trkpt lat="36.964898" lon="138.940468"><ele>927.3</ele><time>2021-08-20T20:46:14Z</time></trkpt><trkpt lat="36.964965" lon="138.940535"><ele>929.3</ele><time>2021-08-20T20:46:34Z</time></trkpt><trkpt lat="36.964988" lon="138.940559"><ele>930.0</ele><time>2021-08-20T20:46:39Z</time></trkpt><trkpt lat="36.965059" lon="138.94055"><ele>931.7</ele><time>2021-08-20T20:46:50Z</time></trkpt><trkpt lat="36.965073" lon="138.940551"><ele>932.1</ele><time>2021-08-20T20:46:52Z</time></trkpt><trkpt lat="36.965095" lon="138.940542"><ele>932.6</ele><time>2021-08-20T20:46:57Z</time></trkpt><trkpt lat="36.965154" lon="138.940611"><ele>934.5</ele><time>2021-08-20T20:47:05Z</time></trkpt><trkpt lat="36.965164" lon="138.940634"><ele>935.0</ele><time>2021-08-20T20:47:07Z</time></trkpt><trkpt lat="36.965173" lon="138.940661"><ele>935.6</ele><time>2021-08-20T20:47:12Z</time></trkpt><trkpt lat="36.965186" lon="138.940684"><ele>936.1</ele><time>2021-08-20T20:47:20Z</time></trkpt><trkpt lat="36.965258" lon="138.940643"><ele>938.0</ele><time>2021-08-20T20:47:40Z</time></trkpt><trkpt lat="36.965293" lon="138.940659"><ele>938.9</ele><time>2021-08-20T20:47:46Z</time></trkpt><trkpt lat="36.965375" lon="138.940641"><ele>940.8</ele><time>2021-08-20T20:47:53Z</time></trkpt><trkpt lat="36.965367" lon="138.94065"><ele>941.1</ele><time>2021-08-20T20:47:56Z</time></trkpt><trkpt lat="36.965405" lon="138.940685"><ele>942.2</ele><time>2021-08-20T20:48:03Z</time></trkpt><trkpt lat="36.965419" lon="138.940699"><ele>942.6</ele><time>2021-08-20T20:48:13Z</time></trkpt><trkpt lat="36.965466" lon="138.940712"><ele>943.8</ele><time>2021-08-20T20:48:24Z</time></trkpt><trkpt lat="36.96549" lon="138.940703"><ele>944.4</ele><time>2021-08-20T20:48:26Z</time></trkpt><trkpt lat="36.965599" lon="138.940641"><ele>947.2</ele><time>2021-08-20T20:49:02Z</time></trkpt><trkpt lat="36.965607" lon="138.940626"><ele>947.6</ele><time>2021-08-20T20:49:04Z</time></trkpt><trkpt lat="36.965613" lon="138.940623"><ele>947.7</ele><time>2021-08-20T20:49:07Z</time></trkpt><trkpt lat="36.965634" lon="138.940609"><ele>948.3</ele><time>2021-08-20T20:49:12Z</time></trkpt><trkpt lat="36.965646" lon="138.940621"><ele>948.6</ele><time>2021-08-20T20:49:14Z</time></trkpt><trkpt lat="36.965653" lon="138.940639"><ele>949.0</ele><time>2021-08-20T20:49:17Z</time></trkpt><trkpt lat="36.965717" lon="138.940665"><ele>950.6</ele><time>2021-08-20T20:49:27Z</time></trkpt><trkpt lat="36.965722" lon="138.94067"><ele>950.8</ele><time>2021-08-20T20:49:32Z</time></trkpt><trkpt lat="36.965744" lon="138.94071"><ele>951.7</ele><time>2021-08-20T20:49:40Z</time></trkpt><trkpt lat="36.965751" lon="138.940717"><ele>951.9</ele><time>2021-08-20T20:49:42Z</time></trkpt><trkpt lat="36.965783" lon="138.940677"><ele>953.0</ele><time>2021-08-20T20:49:48Z</time></trkpt><trkpt lat="36.965832" lon="138.940647"><ele>954.3</ele><time>2021-08-20T20:49:58Z</time></trkpt><trkpt lat="36.965845" lon="138.9406"><ele>955.2</ele><time>2021-08-20T20:50:05Z</time></trkpt><trkpt lat="36.96588" lon="138.940594"><ele>956.0</ele><time>2021-08-20T20:50:10Z</time></trkpt><trkpt lat="36.96593" lon="138.940597"><ele>957.2</ele><time>2021-08-20T20:50:15Z</time></trkpt><trkpt lat="36.965952" lon="138.9406"><ele>957.8</ele><time>2021-08-20T20:50:18Z</time></trkpt><trkpt lat="36.965982" lon="138.940626"><ele>958.6</ele><time>2021-08-20T20:50:23Z</time></trkpt><trkpt lat="36.965995" lon="138.94065"><ele>959.2</ele><time>2021-08-20T20:50:38Z</time></trkpt><trkpt lat="36.966018" lon="138.940669"><ele>959.8</ele><time>2021-08-20T20:50:43Z</time></trkpt><trkpt lat="36.966071" lon="138.940689"><ele>961.1</ele><time>2021-08-20T20:50:49Z</time></trkpt><trkpt lat="36.966105" lon="138.940704"><ele>962.0</ele><time>2021-08-20T20:50:54Z</time></trkpt><trkpt lat="36.966133" lon="138.940711"><ele>962.7</ele><time>2021-08-20T20:50:59Z</time></trkpt><trkpt lat="36.966137" lon="138.940724"><ele>962.9</ele><time>2021-08-20T20:51:06Z</time></trkpt><trkpt lat="36.966152" lon="138.940721"><ele>963.3</ele><time>2021-08-20T20:51:11Z</time></trkpt><trkpt lat="36.966156" lon="138.940719"><ele>963.4</ele><time>2021-08-20T20:51:14Z</time></trkpt><trkpt lat="36.966195" lon="138.940698"><ele>964.4</ele><time>2021-08-20T20:51:19Z</time></trkpt><trkpt lat="36.966218" lon="138.940706"><ele>965.0</ele><time>2021-08-20T20:51:22Z</time></trkpt><trkpt lat="36.966215" lon="138.940712"><ele>965.1</ele><time>2021-08-20T20:51:27Z</time></trkpt><trkpt lat="36.966219" lon="138.940717"><ele>965.2</ele><time>2021-08-20T20:51:29Z</time></trkpt><trkpt lat="36.966237" lon="138.940712"><ele>965.7</ele><time>2021-08-20T20:51:34Z</time></trkpt><trkpt lat="36.96625" lon="138.940708"><ele>966.0</ele><time>2021-08-20T20:51:37Z</time></trkpt><trkpt lat="36.966289" lon="138.940702"><ele>966.9</ele><time>2021-08-20T20:51:42Z</time></trkpt><trkpt lat="36.966314" lon="138.940694"><ele>967.5</ele><time>2021-08-20T20:51:44Z</time></trkpt><trkpt lat="36.966339" lon="138.940695"><ele>968.1</ele><time>2021-08-20T20:51:47Z</time></trkpt><trkpt lat="36.966363" lon="138.940662"><ele>969.0</ele><time>2021-08-20T20:51:52Z</time></trkpt><trkpt lat="36.966389" lon="138.940635"><ele>969.8</ele><time>2021-08-20T20:51:57Z</time></trkpt><trkpt lat="36.966404" lon="138.940643"><ele>970.2</ele><time>2021-08-20T20:52:02Z</time></trkpt><trkpt lat="36.966435" lon="138.94066"><ele>971.0</ele><time>2021-08-20T20:52:10Z</time></trkpt><trkpt lat="36.966439" lon="138.940669"><ele>971.2</ele><time>2021-08-20T20:52:12Z</time></trkpt><trkpt lat="36.966456" lon="138.940673"><ele>971.6</ele><time>2021-08-20T20:52:15Z</time></trkpt><trkpt lat="36.966517" lon="138.940668"><ele>973.0</ele><time>2021-08-20T20:52:23Z</time></trkpt><trkpt lat="36.966525" lon="138.940662"><ele>973.2</ele><time>2021-08-20T20:52:30Z</time></trkpt><trkpt lat="36.966534" lon="138.94067"><ele>973.5</ele><time>2021-08-20T20:52:33Z</time></trkpt><trkpt lat="36.966555" lon="138.940687"><ele>974.1</ele><time>2021-08-20T20:52:38Z</time></trkpt><trkpt lat="36.966591" lon="138.940711"><ele>975.1</ele><time>2021-08-20T20:52:43Z</time></trkpt><trkpt lat="36.966677" lon="138.940681"><ele>977.2</ele><time>2021-08-20T20:52:56Z</time></trkpt><trkpt lat="36.966698" lon="138.940673"><ele>977.7</ele><time>2021-08-20T20:53:06Z</time></trkpt><trkpt lat="36.966773" lon="138.940702"><ele>979.6</ele><time>2021-08-20T20:53:24Z</time></trkpt><trkpt lat="36.966789" lon="138.940695"><ele>980.0</ele><time>2021-08-20T20:53:26Z</time></trkpt><trkpt lat="36.966807" lon="138.940681"><ele>980.5</ele><time>2021-08-20T20:53:29Z</time></trkpt><trkpt lat="36.966867" lon="138.940703"><ele>982.0</ele><time>2021-08-20T20:53:41Z</time></trkpt><trkpt lat="36.966916" lon="138.94071"><ele>983.1</ele><time>2021-08-20T20:53:47Z</time></trkpt><trkpt lat="36.966922" lon="138.940713"><ele>983.3</ele><time>2021-08-20T20:53:52Z</time></trkpt><trkpt lat="36.966962" lon="138.940746"><ele>984.4</ele><time>2021-08-20T20:54:07Z</time></trkpt><trkpt lat="36.966962" lon="138.94075"><ele>984.5</ele><time>2021-08-20T20:54:09Z</time></trkpt><trkpt lat="36.966974" lon="138.940746"><ele>984.8</ele><time>2021-08-20T20:54:14Z</time></trkpt><trkpt lat="36.966992" lon="138.940753"><ele>985.2</ele><time>2021-08-20T20:54:20Z</time></trkpt><trkpt lat="36.96699" lon="138.940765"><ele>985.5</ele><time>2021-08-20T20:54:22Z</time></trkpt><trkpt lat="36.966984" lon="138.940782"><ele>985.8</ele><time>2021-08-20T20:54:30Z</time></trkpt><trkpt lat="36.966993" lon="138.940805"><ele>986.3</ele><time>2021-08-20T20:54:45Z</time></trkpt><trkpt lat="36.966995" lon="138.940806"><ele>986.4</ele><time>2021-08-20T20:54:50Z</time></trkpt><trkpt lat="36.967044" lon="138.940922"><ele>988.8</ele><time>2021-08-20T20:55:26Z</time></trkpt><trkpt lat="36.967058" lon="138.940938"><ele>989.3</ele><time>2021-08-20T20:55:32Z</time></trkpt><trkpt lat="36.967069" lon="138.940991"><ele>990.3</ele><time>2021-08-20T20:55:36Z</time></trkpt><trkpt lat="36.967083" lon="138.941016"><ele>990.9</ele><time>2021-08-20T20:55:38Z</time></trkpt><trkpt lat="36.967105" lon="138.940838"><ele>994.3</ele><time>2021-08-20T20:57:05Z</time></trkpt><trkpt lat="36.967151" lon="138.940836"><ele>995.4</ele><time>2021-08-20T20:57:25Z</time></trkpt><trkpt lat="36.96717" lon="138.940754"><ele>997.0</ele><time>2021-08-20T20:57:53Z</time></trkpt><trkpt lat="36.967181" lon="138.940761"><ele>997.3</ele><time>2021-08-20T20:58:01Z</time></trkpt><trkpt lat="36.967182" lon="138.940761"><ele>997.4</ele><time>2021-08-20T20:58:03Z</time></trkpt><trkpt lat="36.967189" lon="138.940756"><ele>997.5</ele><time>2021-08-20T20:58:08Z</time></trkpt><trkpt lat="36.967239" lon="138.940736"><ele>998.8</ele><time>2021-08-20T20:58:19Z</time></trkpt><trkpt lat="36.96726" lon="138.940736"><ele>999.3</ele><time>2021-08-20T20:58:26Z</time></trkpt><trkpt lat="36.967331" lon="138.940914"><ele>1003.1</ele><time>2021-08-20T20:58:47Z</time></trkpt><trkpt lat="36.967327" lon="138.940955"><ele>1003.8</ele><time>2021-08-20T20:58:52Z</time></trkpt><trkpt lat="36.967355" lon="138.940985"><ele>1004.7</ele><time>2021-08-20T20:58:57Z</time></trkpt><trkpt lat="36.967385" lon="138.940986"><ele>1005.4</ele><time>2021-08-20T20:59:02Z</time></trkpt><trkpt lat="36.967409" lon="138.94099"><ele>1006.0</ele><time>2021-08-20T20:59:07Z</time></trkpt><trkpt lat="36.967417" lon="138.941023"><ele>1006.7</ele><time>2021-08-20T20:59:12Z</time></trkpt><trkpt lat="36.967422" lon="138.941048"><ele>1007.1</ele><time>2021-08-20T20:59:17Z</time></trkpt><trkpt lat="36.967438" lon="138.941056"><ele>1007.6</ele><time>2021-08-20T20:59:22Z</time></trkpt><trkpt lat="36.967441" lon="138.941065"><ele>1007.7</ele><time>2021-08-20T20:59:25Z</time></trkpt><trkpt lat="36.967449" lon="138.94107"><ele>1008.0</ele><time>2021-08-20T20:59:27Z</time></trkpt><trkpt lat="36.967457" lon="138.941086"><ele>1008.3</ele><time>2021-08-20T20:59:30Z</time></trkpt><trkpt lat="36.967479" lon="138.941107"><ele>1009.0</ele><time>2021-08-20T20:59:35Z</time></trkpt><trkpt lat="36.967494" lon="138.941138"><ele>1009.7</ele><time>2021-08-20T20:59:40Z</time></trkpt><trkpt lat="36.967494" lon="138.941153"><ele>1009.9</ele><time>2021-08-20T20:59:42Z</time></trkpt><trkpt lat="36.967515" lon="138.941239"><ele>1011.6</ele><time>2021-08-20T20:59:50Z</time></trkpt><trkpt lat="36.967527" lon="138.941268"><ele>1012.3</ele><time>2021-08-20T20:59:55Z</time></trkpt><trkpt lat="36.967557" lon="138.941309"><ele>1013.3</ele><time>2021-08-20T21:00:03Z</time></trkpt><trkpt lat="36.96756" lon="138.94131"><ele>1013.4</ele><time>2021-08-20T21:00:08Z</time></trkpt><trkpt lat="36.96756" lon="138.941321"><ele>1013.6</ele><time>2021-08-20T21:00:10Z</time></trkpt><trkpt lat="36.967578" lon="138.941324"><ele>1014.0</ele><time>2021-08-20T21:00:13Z</time></trkpt><trkpt lat="36.967568" lon="138.941329"><ele>1014.3</ele><time>2021-08-20T21:00:23Z</time></trkpt><trkpt lat="36.967626" lon="138.941257"><ele>1016.2</ele><time>2021-08-20T21:00:54Z</time></trkpt><trkpt lat="36.967635" lon="138.941234"><ele>1016.7</ele><time>2021-08-20T21:01:01Z</time></trkpt><trkpt lat="36.967595" lon="138.94128"><ele>1018.0</ele><time>2021-08-20T21:01:47Z</time></trkpt><trkpt lat="36.967608" lon="138.941291"><ele>1018.4</ele><time>2021-08-20T21:01:50Z</time></trkpt><trkpt lat="36.967653" lon="138.941367"><ele>1020.2</ele><time>2021-08-20T21:02:07Z</time></trkpt><trkpt lat="36.967677" lon="138.941392"><ele>1020.9</ele><time>2021-08-20T21:02:13Z</time></trkpt><trkpt lat="36.967696" lon="138.941407"><ele>1021.4</ele><time>2021-08-20T21:02:18Z</time></trkpt><trkpt lat="36.967766" lon="138.941489"><ele>1023.7</ele><time>2021-08-20T21:02:43Z</time></trkpt><trkpt lat="36.967778" lon="138.94149"><ele>1024.0</ele><time>2021-08-20T21:03:01Z</time></trkpt><trkpt lat="36.96778" lon="138.941489"><ele>1024.0</ele><time>2021-08-20T21:03:03Z</time></trkpt><trkpt lat="36.96778" lon="138.941489"><ele>1024.0</ele><time>2021-08-20T21:03:06Z</time></trkpt><trkpt lat="36.967838" lon="138.941476"><ele>1025.4</ele><time>2021-08-20T21:03:16Z</time></trkpt><trkpt lat="36.967894" lon="138.941617"><ele>1028.4</ele><time>2021-08-20T21:03:39Z</time></trkpt><trkpt lat="36.967873" lon="138.941624"><ele>1028.9</ele><time>2021-08-20T21:03:49Z</time></trkpt><trkpt lat="36.967904" lon="138.941606"><ele>1029.8</ele><time>2021-08-20T21:03:54Z</time></trkpt><trkpt lat="36.96792" lon="138.941595"><ele>1030.2</ele><time>2021-08-20T21:04:04Z</time></trkpt><trkpt lat="36.968041" lon="138.941639"><ele>1033.2</ele><time>2021-08-20T21:04:40Z</time></trkpt><trkpt lat="36.968066" lon="138.941647"><ele>1033.8</ele><time>2021-08-20T21:04:42Z</time></trkpt><trkpt lat="36.968106" lon="138.94167"><ele>1034.8</ele><time>2021-08-20T21:04:50Z</time></trkpt><trkpt lat="36.968118" lon="138.941676"><ele>1035.1</ele><time>2021-08-20T21:04:58Z</time></trkpt><trkpt lat="36.968179" lon="138.941736"><ele>1037.0</ele><time>2021-08-20T21:05:21Z</time></trkpt><trkpt lat="36.968216" lon="138.941732"><ele>1037.9</ele><time>2021-08-20T21:05:38Z</time></trkpt><trkpt lat="36.968235" lon="138.94173"><ele>1038.3</ele><time>2021-08-20T21:05:44Z</time></trkpt><trkpt lat="36.968235" lon="138.94173"><ele>1038.3</ele><time>2021-08-20T21:05:49Z</time></trkpt><trkpt lat="36.968294" lon="138.941777"><ele>1040.0</ele><time>2021-08-20T21:07:05Z</time></trkpt><trkpt lat="36.968308" lon="138.941775"><ele>1040.3</ele><time>2021-08-20T21:07:10Z</time></trkpt><trkpt lat="36.968314" lon="138.941784"><ele>1040.5</ele><time>2021-08-20T21:07:15Z</time></trkpt><trkpt lat="36.968326" lon="138.941791"><ele>1040.8</ele><time>2021-08-20T21:07:18Z</time></trkpt><trkpt lat="36.968332" lon="138.941716"><ele>1042.3</ele><time>2021-08-20T21:07:25Z</time></trkpt><trkpt lat="36.968336" lon="138.941702"><ele>1042.6</ele><time>2021-08-20T21:07:43Z</time></trkpt><trkpt lat="36.968376" lon="138.941745"><ele>1043.8</ele><time>2021-08-20T21:07:51Z</time></trkpt><trkpt lat="36.968385" lon="138.941765"><ele>1044.2</ele><time>2021-08-20T21:07:53Z</time></trkpt><trkpt lat="36.968397" lon="138.941797"><ele>1044.9</ele><time>2021-08-20T21:07:56Z</time></trkpt><trkpt lat="36.968433" lon="138.941827"><ele>1045.9</ele><time>2021-08-20T21:08:01Z</time></trkpt><trkpt lat="36.968473" lon="138.941866"><ele>1047.1</ele><time>2021-08-20T21:08:06Z</time></trkpt><trkpt lat="36.968474" lon="138.941874"><ele>1047.3</ele><time>2021-08-20T21:08:08Z</time></trkpt><trkpt lat="36.968531" lon="138.941898"><ele>1048.7</ele><time>2021-08-20T21:08:21Z</time></trkpt><trkpt lat="36.968601" lon="138.941941"><ele>1050.6</ele><time>2021-08-20T21:08:36Z</time></trkpt><trkpt lat="36.968645" lon="138.941963"><ele>1051.7</ele><time>2021-08-20T21:08:44Z</time></trkpt><trkpt lat="36.968675" lon="138.941985"><ele>1052.5</ele><time>2021-08-20T21:08:52Z</time></trkpt><trkpt lat="36.968731" lon="138.941991"><ele>1053.8</ele><time>2021-08-20T21:09:04Z</time></trkpt><trkpt lat="36.968758" lon="138.942021"><ele>1054.7</ele><time>2021-08-20T21:09:09Z</time></trkpt><trkpt lat="36.968795" lon="138.942038"><ele>1055.6</ele><time>2021-08-20T21:09:15Z</time></trkpt><trkpt lat="36.968813" lon="138.942073"><ele>1056.4</ele><time>2021-08-20T21:09:25Z</time></trkpt><trkpt lat="36.968838" lon="138.942096"><ele>1057.2</ele><time>2021-08-20T21:09:30Z</time></trkpt><trkpt lat="36.96886" lon="138.942131"><ele>1058.0</ele><time>2021-08-20T21:09:35Z</time></trkpt><trkpt lat="36.968891" lon="138.942197"><ele>1059.5</ele><time>2021-08-20T21:09:48Z</time></trkpt><trkpt lat="36.968898" lon="138.942215"><ele>1059.8</ele><time>2021-08-20T21:09:53Z</time></trkpt><trkpt lat="36.968922" lon="138.942297"><ele>1061.5</ele><time>2021-08-20T21:10:18Z</time></trkpt><trkpt lat="36.968922" lon="138.942297"><ele>1061.5</ele><time>2021-08-20T21:10:21Z</time></trkpt><trkpt lat="36.968946" lon="138.94234"><ele>1062.5</ele><time>2021-08-20T21:10:31Z</time></trkpt><trkpt lat="36.968966" lon="138.942374"><ele>1063.3</ele><time>2021-08-20T21:10:41Z</time></trkpt><trkpt lat="36.96897" lon="138.942368"><ele>1063.4</ele><time>2021-08-20T21:10:46Z</time></trkpt><trkpt lat="36.96893" lon="138.942418"><ele>1064.8</ele><time>2021-08-20T21:11:29Z</time></trkpt><trkpt lat="36.969018" lon="138.942428"><ele>1066.9</ele><time>2021-08-20T21:12:05Z</time></trkpt><trkpt lat="36.969034" lon="138.942458"><ele>1067.6</ele><time>2021-08-20T21:12:10Z</time></trkpt><trkpt lat="36.969177" lon="138.942568"><ele>1071.5</ele><time>2021-08-20T21:12:56Z</time></trkpt><trkpt lat="36.969194" lon="138.94261"><ele>1072.4</ele><time>2021-08-20T21:13:06Z</time></trkpt><trkpt lat="36.96923" lon="138.942686"><ele>1074.1</ele><time>2021-08-20T21:13:16Z</time></trkpt><trkpt lat="36.969247" lon="138.942705"><ele>1074.6</ele><time>2021-08-20T21:13:24Z</time></trkpt><trkpt lat="36.969246" lon="138.942709"><ele>1074.7</ele><time>2021-08-20T21:13:26Z</time></trkpt><trkpt lat="36.96925" lon="138.942721"><ele>1075.0</ele><time>2021-08-20T21:13:34Z</time></trkpt><trkpt lat="36.969245" lon="138.942743"><ele>1075.4</ele><time>2021-08-20T21:13:47Z</time></trkpt><trkpt lat="36.969248" lon="138.942754"><ele>1075.6</ele><time>2021-08-20T21:13:52Z</time></trkpt><trkpt lat="36.969302" lon="138.942805"><ele>1077.2</ele><time>2021-08-20T21:14:25Z</time></trkpt><trkpt lat="36.969302" lon="138.942805"><ele>1077.2</ele><time>2021-08-20T21:14:27Z</time></trkpt><trkpt lat="36.969348" lon="138.942899"><ele>1079.3</ele><time>2021-08-20T21:14:58Z</time></trkpt><trkpt lat="36.969351" lon="138.942909"><ele>1079.5</ele><time>2021-08-20T21:15:00Z</time></trkpt><trkpt lat="36.969358" lon="138.942922"><ele>1079.8</ele><time>2021-08-20T21:15:03Z</time></trkpt><trkpt lat="36.969342" lon="138.942951"><ele>1080.5</ele><time>2021-08-20T21:15:10Z</time></trkpt><trkpt lat="36.969318" lon="138.94309"><ele>1083.2</ele><time>2021-08-20T21:15:26Z</time></trkpt><trkpt lat="36.969318" lon="138.943122"><ele>1083.8</ele><time>2021-08-20T21:15:36Z</time></trkpt><trkpt lat="36.969307" lon="138.943238"><ele>1086.0</ele><time>2021-08-20T21:16:01Z</time></trkpt><trkpt lat="36.969313" lon="138.943306"><ele>1087.3</ele><time>2021-08-20T21:16:17Z</time></trkpt><trkpt lat="36.969339" lon="138.943385"><ele>1088.9</ele><time>2021-08-20T21:16:32Z</time></trkpt><trkpt lat="36.969379" lon="138.943393"><ele>1089.9</ele><time>2021-08-20T21:16:39Z</time></trkpt><trkpt lat="36.969411" lon="138.943433"><ele>1091.0</ele><time>2021-08-20T21:16:47Z</time></trkpt><trkpt lat="36.969447" lon="138.943498"><ele>1092.5</ele><time>2021-08-20T21:16:57Z</time></trkpt><trkpt lat="36.969456" lon="138.943581"><ele>1094.0</ele><time>2021-08-20T21:18:03Z</time></trkpt><trkpt lat="36.96945" lon="138.943641"><ele>1095.2</ele><time>2021-08-20T21:18:14Z</time></trkpt><trkpt lat="36.969468" lon="138.943648"><ele>1095.6</ele><time>2021-08-20T21:18:19Z</time></trkpt><trkpt lat="36.96947" lon="138.943647"><ele>1095.7</ele><time>2021-08-20T21:18:21Z</time></trkpt><trkpt lat="36.969483" lon="138.94367"><ele>1096.2</ele><time>2021-08-20T21:18:24Z</time></trkpt><trkpt lat="36.969495" lon="138.943695"><ele>1096.8</ele><time>2021-08-20T21:18:26Z</time></trkpt><trkpt lat="36.969531" lon="138.943741"><ele>1098.0</ele><time>2021-08-20T21:18:31Z</time></trkpt><trkpt lat="36.969543" lon="138.943771"><ele>1098.6</ele><time>2021-08-20T21:18:34Z</time></trkpt><trkpt lat="36.969576" lon="138.943804"><ele>1099.6</ele><time>2021-08-20T21:18:39Z</time></trkpt><trkpt lat="36.96958" lon="138.943833"><ele>1100.2</ele><time>2021-08-20T21:18:44Z</time></trkpt><trkpt lat="36.969589" lon="138.943857"><ele>1100.7</ele><time>2021-08-20T21:18:49Z</time></trkpt><trkpt lat="36.969555" lon="138.943909"><ele>1102.0</ele><time>2021-08-20T21:18:57Z</time></trkpt><trkpt lat="36.96954" lon="138.943931"><ele>1102.5</ele><time>2021-08-20T21:19:02Z</time></trkpt><trkpt lat="36.969585" lon="138.944025"><ele>1104.6</ele><time>2021-08-20T21:19:20Z</time></trkpt><trkpt lat="36.969607" lon="138.944094"><ele>1106.0</ele><time>2021-08-20T21:19:27Z</time></trkpt><trkpt lat="36.969614" lon="138.944109"><ele>1106.3</ele><time>2021-08-20T21:19:30Z</time></trkpt><trkpt lat="36.969635" lon="138.944137"><ele>1107.1</ele><time>2021-08-20T21:19:37Z</time></trkpt><trkpt lat="36.969657" lon="138.944166"><ele>1107.8</ele><time>2021-08-20T21:19:45Z</time></trkpt><trkpt lat="36.969688" lon="138.944226"><ele>1109.2</ele><time>2021-08-20T21:19:53Z</time></trkpt><trkpt lat="36.969694" lon="138.944293"><ele>1110.4</ele><time>2021-08-20T21:20:03Z</time></trkpt><trkpt lat="36.969708" lon="138.944321"><ele>1111.0</ele><time>2021-08-20T21:20:10Z</time></trkpt><trkpt lat="36.969684" lon="138.944394"><ele>1111.1</ele><time>2021-08-20T21:20:23Z</time></trkpt><trkpt lat="36.96967" lon="138.944423"><ele>1111.1</ele><time>2021-08-20T21:20:31Z</time></trkpt><trkpt lat="36.969677" lon="138.944447"><ele>1111.2</ele><time>2021-08-20T21:20:41Z</time></trkpt><trkpt lat="36.969611" lon="138.944586"><ele>1112.0</ele><time>2021-08-20T21:22:35Z</time></trkpt><trkpt lat="36.969612" lon="138.94461"><ele>1112.3</ele><time>2021-08-20T21:22:40Z</time></trkpt><trkpt lat="36.969594" lon="138.944662"><ele>1113.3</ele><time>2021-08-20T21:22:48Z</time></trkpt><trkpt lat="36.969583" lon="138.944674"><ele>1113.7</ele><time>2021-08-20T21:22:51Z</time></trkpt><trkpt lat="36.969546" lon="138.944745"><ele>1115.8</ele><time>2021-08-20T21:23:01Z</time></trkpt><trkpt lat="36.969552" lon="138.944756"><ele>1116.1</ele><time>2021-08-20T21:23:03Z</time></trkpt><trkpt lat="36.969591" lon="138.944787"><ele>1117.6</ele><time>2021-08-20T21:23:11Z</time></trkpt><trkpt lat="36.969633" lon="138.945029"><ele>1124.0</ele><time>2021-08-20T21:24:02Z</time></trkpt><trkpt lat="36.969554" lon="138.945087"><ele>1127.0</ele><time>2021-08-20T21:24:25Z</time></trkpt><trkpt lat="36.969512" lon="138.945122"><ele>1128.2</ele><time>2021-08-20T21:24:32Z</time></trkpt><trkpt lat="36.969508" lon="138.945139"><ele>1128.5</ele><time>2021-08-20T21:24:37Z</time></trkpt><trkpt lat="36.969515" lon="138.945161"><ele>1128.9</ele><time>2021-08-20T21:24:43Z</time></trkpt><trkpt lat="36.969449" lon="138.945113"><ele>1130.2</ele><time>2021-08-20T21:25:21Z</time></trkpt><trkpt lat="36.969442" lon="138.945108"><ele>1130.3</ele><time>2021-08-20T21:25:26Z</time></trkpt><trkpt lat="36.969529" lon="138.945145"><ele>1132.4</ele><time>2021-08-20T21:25:59Z</time></trkpt><trkpt lat="36.969553" lon="138.945206"><ele>1134.1</ele><time>2021-08-20T21:26:14Z</time></trkpt><trkpt lat="36.969564" lon="138.945238"><ele>1135.0</ele><time>2021-08-20T21:26:19Z</time></trkpt><trkpt lat="36.969582" lon="138.945259"><ele>1135.8</ele><time>2021-08-20T21:26:24Z</time></trkpt><trkpt lat="36.969588" lon="138.945274"><ele>1136.2</ele><time>2021-08-20T21:26:29Z</time></trkpt><trkpt lat="36.969576" lon="138.945369"><ele>1138.5</ele><time>2021-08-20T21:27:05Z</time></trkpt><trkpt lat="36.969571" lon="138.945379"><ele>1138.8</ele><time>2021-08-20T21:27:15Z</time></trkpt><trkpt lat="36.969559" lon="138.945391"><ele>1139.2</ele><time>2021-08-20T21:27:20Z</time></trkpt><trkpt lat="36.969565" lon="138.945381"><ele>1139.4</ele><time>2021-08-20T21:27:33Z</time></trkpt><trkpt lat="36.969636" lon="138.945354"><ele>1140.7</ele><time>2021-08-20T21:27:40Z</time></trkpt><trkpt lat="36.96972" lon="138.945406"><ele>1145.8</ele><time>2021-08-20T21:27:53Z</time></trkpt><trkpt lat="36.96975" lon="138.94545"><ele>1148.5</ele><time>2021-08-20T21:28:01Z</time></trkpt><trkpt lat="36.969784" lon="138.945499"><ele>1151.0</ele><time>2021-08-20T21:28:08Z</time></trkpt><trkpt lat="36.969802" lon="138.945529"><ele>1152.1</ele><time>2021-08-20T21:28:19Z</time></trkpt><trkpt lat="36.969807" lon="138.945543"><ele>1152.6</ele><time>2021-08-20T21:28:21Z</time></trkpt><trkpt lat="36.969839" lon="138.945571"><ele>1154.1</ele><time>2021-08-20T21:28:26Z</time></trkpt><trkpt lat="36.969892" lon="138.945614"><ele>1156.3</ele><time>2021-08-20T21:28:34Z</time></trkpt><trkpt lat="36.969897" lon="138.945629"><ele>1156.8</ele><time>2021-08-20T21:28:39Z</time></trkpt><trkpt lat="36.969923" lon="138.945715"><ele>1159.3</ele><time>2021-08-20T21:28:47Z</time></trkpt><trkpt lat="36.969947" lon="138.945745"><ele>1160.3</ele><time>2021-08-20T21:28:52Z</time></trkpt><trkpt lat="36.969969" lon="138.945789"><ele>1161.6</ele><time>2021-08-20T21:28:59Z</time></trkpt><trkpt lat="36.969984" lon="138.945875"><ele>1163.8</ele><time>2021-08-20T21:29:15Z</time></trkpt><trkpt lat="36.969997" lon="138.945894"><ele>1164.4</ele><time>2021-08-20T21:29:20Z</time></trkpt><trkpt lat="36.970024" lon="138.945924"><ele>1165.4</ele><time>2021-08-20T21:29:25Z</time></trkpt><trkpt lat="36.970087" lon="138.945937"><ele>1167.3</ele><time>2021-08-20T21:29:32Z</time></trkpt><trkpt lat="36.970093" lon="138.945939"><ele>1167.4</ele><time>2021-08-20T21:29:37Z</time></trkpt><trkpt lat="36.970098" lon="138.945951"><ele>1167.8</ele><time>2021-08-20T21:29:48Z</time></trkpt><trkpt lat="36.970096" lon="138.94596"><ele>1168.0</ele><time>2021-08-20T21:29:50Z</time></trkpt><trkpt lat="36.970119" lon="138.946105"><ele>1171.6</ele><time>2021-08-20T21:30:16Z</time></trkpt><trkpt lat="36.970124" lon="138.946148"><ele>1172.7</ele><time>2021-08-20T21:30:23Z</time></trkpt><trkpt lat="36.970104" lon="138.946179"><ele>1173.7</ele><time>2021-08-20T21:30:28Z</time></trkpt><trkpt lat="36.970104" lon="138.946193"><ele>1174.1</ele><time>2021-08-20T21:30:31Z</time></trkpt><trkpt lat="36.970108" lon="138.946207"><ele>1174.4</ele><time>2021-08-20T21:30:33Z</time></trkpt><trkpt lat="36.970119" lon="138.946266"><ele>1175.9</ele><time>2021-08-20T21:30:41Z</time></trkpt><trkpt lat="36.970092" lon="138.946337"><ele>1177.8</ele><time>2021-08-20T21:30:49Z</time></trkpt><trkpt lat="36.970089" lon="138.946357"><ele>1178.3</ele><time>2021-08-20T21:30:54Z</time></trkpt><trkpt lat="36.970114" lon="138.946366"><ele>1179.1</ele><time>2021-08-20T21:31:04Z</time></trkpt><trkpt lat="36.970116" lon="138.94637"><ele>1179.3</ele><time>2021-08-20T21:31:06Z</time></trkpt><trkpt lat="36.970119" lon="138.946385"><ele>1179.6</ele><time>2021-08-20T21:31:09Z</time></trkpt><trkpt lat="36.970084" lon="138.9464"><ele>1180.8</ele><time>2021-08-20T21:31:17Z</time></trkpt><trkpt lat="36.970112" lon="138.946534"><ele>1184.2</ele><time>2021-08-20T21:32:10Z</time></trkpt><trkpt lat="36.970133" lon="138.946552"><ele>1184.8</ele><time>2021-08-20T21:32:15Z</time></trkpt><trkpt lat="36.970156" lon="138.946561"><ele>1185.5</ele><time>2021-08-20T21:32:18Z</time></trkpt><trkpt lat="36.970176" lon="138.9466"><ele>1186.4</ele><time>2021-08-20T21:32:28Z</time></trkpt><trkpt lat="36.970199" lon="138.946653"><ele>1187.8</ele><time>2021-08-20T21:32:43Z</time></trkpt><trkpt lat="36.970255" lon="138.94671"><ele>1190.0</ele><time>2021-08-20T21:32:51Z</time></trkpt><trkpt lat="36.970264" lon="138.94674"><ele>1190.9</ele><time>2021-08-20T21:32:58Z</time></trkpt><trkpt lat="36.970264" lon="138.946769"><ele>1191.6</ele><time>2021-08-20T21:33:06Z</time></trkpt><trkpt lat="36.970254" lon="138.946792"><ele>1192.3</ele><time>2021-08-20T21:33:16Z</time></trkpt><trkpt lat="36.970271" lon="138.946873"><ele>1194.3</ele><time>2021-08-20T21:33:31Z</time></trkpt><trkpt lat="36.97033" lon="138.946959"><ele>1197.0</ele><time>2021-08-20T21:33:59Z</time></trkpt><trkpt lat="36.970343" lon="138.946979"><ele>1197.7</ele><time>2021-08-20T21:34:09Z</time></trkpt><trkpt lat="36.970354" lon="138.947005"><ele>1198.4</ele><time>2021-08-20T21:34:22Z</time></trkpt><trkpt lat="36.970354" lon="138.947005"><ele>1198.4</ele><time>2021-08-20T21:34:27Z</time></trkpt><trkpt lat="36.970414" lon="138.947062"><ele>1200.9</ele><time>2021-08-20T21:34:32Z</time></trkpt><trkpt lat="36.970501" lon="138.947119"><ele>1204.4</ele><time>2021-08-20T21:35:08Z</time></trkpt><trkpt lat="36.970518" lon="138.947175"><ele>1206.1</ele><time>2021-08-20T21:35:16Z</time></trkpt><trkpt lat="36.97063" lon="138.947281"><ele>1210.6</ele><time>2021-08-20T21:35:46Z</time></trkpt><trkpt lat="36.970645" lon="138.947299"><ele>1211.1</ele><time>2021-08-20T21:35:51Z</time></trkpt><trkpt lat="36.970652" lon="138.947307"><ele>1211.4</ele><time>2021-08-20T21:35:54Z</time></trkpt><trkpt lat="36.970671" lon="138.94739"><ele>1213.1</ele><time>2021-08-20T21:36:14Z</time></trkpt><trkpt lat="36.970724" lon="138.947496"><ele>1215.6</ele><time>2021-08-20T21:36:29Z</time></trkpt><trkpt lat="36.970749" lon="138.947537"><ele>1216.6</ele><time>2021-08-20T21:36:47Z</time></trkpt><trkpt lat="36.970836" lon="138.947573"><ele>1219.1</ele><time>2021-08-20T21:37:07Z</time></trkpt><trkpt lat="36.97087" lon="138.947634"><ele>1220.8</ele><time>2021-08-20T21:37:18Z</time></trkpt><trkpt lat="36.970868" lon="138.947665"><ele>1221.6</ele><time>2021-08-20T21:37:25Z</time></trkpt><trkpt lat="36.970857" lon="138.947688"><ele>1222.2</ele><time>2021-08-20T21:37:28Z</time></trkpt><trkpt lat="36.97085" lon="138.947697"><ele>1222.5</ele><time>2021-08-20T21:37:33Z</time></trkpt><trkpt lat="36.970881" lon="138.947921"><ele>1228.5</ele><time>2021-08-20T21:38:31Z</time></trkpt><trkpt lat="36.970937" lon="138.947986"><ele>1231.1</ele><time>2021-08-20T21:38:52Z</time></trkpt><trkpt lat="36.971006" lon="138.948045"><ele>1233.6</ele><time>2021-08-20T21:39:02Z</time></trkpt><trkpt lat="36.971029" lon="138.948039"><ele>1234.1</ele><time>2021-08-20T21:39:07Z</time></trkpt><trkpt lat="36.971066" lon="138.948071"><ele>1235.0</ele><time>2021-08-20T21:39:17Z</time></trkpt><trkpt lat="36.971114" lon="138.948042"><ele>1235.9</ele><time>2021-08-20T21:39:50Z</time></trkpt><trkpt lat="36.971149" lon="138.948145"><ele>1237.3</ele><time>2021-08-20T21:40:21Z</time></trkpt><trkpt lat="36.971168" lon="138.948152"><ele>1237.6</ele><time>2021-08-20T21:40:23Z</time></trkpt><trkpt lat="36.971176" lon="138.948153"><ele>1237.8</ele><time>2021-08-20T21:40:26Z</time></trkpt><trkpt lat="36.971174" lon="138.948121"><ele>1238.2</ele><time>2021-08-20T21:40:46Z</time></trkpt><trkpt lat="36.971213" lon="138.948154"><ele>1239.1</ele><time>2021-08-20T21:41:09Z</time></trkpt><trkpt lat="36.971204" lon="138.948144"><ele>1239.3</ele><time>2021-08-20T21:41:19Z</time></trkpt><trkpt lat="36.971262" lon="138.948136"><ele>1240.6</ele><time>2021-08-20T21:41:29Z</time></trkpt><trkpt lat="36.971246" lon="138.948121"><ele>1241.1</ele><time>2021-08-20T21:42:00Z</time></trkpt><trkpt lat="36.971231" lon="138.948089"><ele>1241.8</ele><time>2021-08-20T21:42:07Z</time></trkpt><trkpt lat="36.971318" lon="138.94809"><ele>1244.2</ele><time>2021-08-20T21:42:30Z</time></trkpt><trkpt lat="36.971342" lon="138.948105"><ele>1245.1</ele><time>2021-08-20T21:42:35Z</time></trkpt><trkpt lat="36.971332" lon="138.948116"><ele>1245.6</ele><time>2021-08-20T21:42:46Z</time></trkpt><trkpt lat="36.971305" lon="138.948166"><ele>1247.6</ele><time>2021-08-20T21:42:53Z</time></trkpt><trkpt lat="36.971306" lon="138.948166"><ele>1247.7</ele><time>2021-08-20T21:42:56Z</time></trkpt><trkpt lat="36.97138" lon="138.948163"><ele>1251.4</ele><time>2021-08-20T21:43:29Z</time></trkpt><trkpt lat="36.971386" lon="138.948178"><ele>1252.2</ele><time>2021-08-20T21:43:34Z</time></trkpt><trkpt lat="36.971394" lon="138.948219"><ele>1254.3</ele><time>2021-08-20T21:43:41Z</time></trkpt><trkpt lat="36.971405" lon="138.948239"><ele>1255.5</ele><time>2021-08-20T21:43:47Z</time></trkpt><trkpt lat="36.971416" lon="138.948256"><ele>1256.6</ele><time>2021-08-20T21:43:52Z</time></trkpt><trkpt lat="36.971436" lon="138.948248"><ele>1257.9</ele><time>2021-08-20T21:43:57Z</time></trkpt><trkpt lat="36.97149" lon="138.948244"><ele>1261.4</ele><time>2021-08-20T21:44:07Z</time></trkpt><trkpt lat="36.971582" lon="138.948247"><ele>1266.4</ele><time>2021-08-20T21:44:17Z</time></trkpt><trkpt lat="36.971588" lon="138.948241"><ele>1266.8</ele><time>2021-08-20T21:44:21Z</time></trkpt><trkpt lat="36.971588" lon="138.948229"><ele>1267.2</ele><time>2021-08-20T21:44:35Z</time></trkpt><trkpt lat="36.971564" lon="138.948226"><ele>1268.3</ele><time>2021-08-20T21:45:46Z</time></trkpt><trkpt lat="36.971562" lon="138.948224"><ele>1268.4</ele><time>2021-08-20T21:45:51Z</time></trkpt><trkpt lat="36.971551" lon="138.94823"><ele>1268.9</ele><time>2021-08-20T21:46:22Z</time></trkpt><trkpt lat="36.971557" lon="138.948233"><ele>1269.2</ele><time>2021-08-20T21:46:29Z</time></trkpt><trkpt lat="36.971548" lon="138.948236"><ele>1269.6</ele><time>2021-08-20T21:46:55Z</time></trkpt><trkpt lat="36.971548" lon="138.948236"><ele>1269.6</ele><time>2021-08-20T21:47:00Z</time></trkpt><trkpt lat="36.971506" lon="138.948253"><ele>1271.4</ele><time>2021-08-20T21:47:05Z</time></trkpt><trkpt lat="36.97144" lon="138.948273"><ele>1274.2</ele><time>2021-08-20T21:47:10Z</time></trkpt><trkpt lat="36.971362" lon="138.948257"><ele>1277.5</ele><time>2021-08-20T21:47:18Z</time></trkpt><trkpt lat="36.97135" lon="138.948238"><ele>1278.4</ele><time>2021-08-20T21:47:20Z</time></trkpt><trkpt lat="36.971361" lon="138.948226"><ele>1279.0</ele><time>2021-08-20T21:47:25Z</time></trkpt><trkpt lat="36.971427" lon="138.948222"><ele>1281.8</ele><time>2021-08-20T21:47:35Z</time></trkpt><trkpt lat="36.971441" lon="138.948209"><ele>1282.6</ele><time>2021-08-20T21:47:38Z</time></trkpt><trkpt lat="36.97147" lon="138.948217"><ele>1283.8</ele><time>2021-08-20T21:47:48Z</time></trkpt><trkpt lat="36.971474" lon="138.948212"><ele>1284.1</ele><time>2021-08-20T21:47:51Z</time></trkpt><trkpt lat="36.971508" lon="138.948212"><ele>1285.5</ele><time>2021-08-20T21:48:44Z</time></trkpt><trkpt lat="36.971645" lon="138.948263"><ele>1292.0</ele><time>2021-08-20T21:49:20Z</time></trkpt><trkpt lat="36.971675" lon="138.948218"><ele>1294.2</ele><time>2021-08-20T21:49:25Z</time></trkpt><trkpt lat="36.971697" lon="138.948195"><ele>1295.5</ele><time>2021-08-20T21:49:30Z</time></trkpt><trkpt lat="36.971721" lon="138.948157"><ele>1297.2</ele><time>2021-08-20T21:49:35Z</time></trkpt><trkpt lat="36.971743" lon="138.948133"><ele>1298.4</ele><time>2021-08-20T21:49:40Z</time></trkpt><trkpt lat="36.971743" lon="138.948118"><ele>1298.9</ele><time>2021-08-20T21:49:48Z</time></trkpt><trkpt lat="36.971756" lon="138.948112"><ele>1299.4</ele><time>2021-08-20T21:49:55Z</time></trkpt><trkpt lat="36.97187" lon="138.948112"><ele>1302.9</ele><time>2021-08-20T21:50:23Z</time></trkpt><trkpt lat="36.971888" lon="138.948131"><ele>1303.5</ele><time>2021-08-20T21:50:28Z</time></trkpt><trkpt lat="36.971911" lon="138.948147"><ele>1304.1</ele><time>2021-08-20T21:50:36Z</time></trkpt><trkpt lat="36.971949" lon="138.948152"><ele>1304.9</ele><time>2021-08-20T21:50:46Z</time></trkpt><trkpt lat="36.971962" lon="138.948171"><ele>1305.3</ele><time>2021-08-20T21:50:51Z</time></trkpt><trkpt lat="36.972019" lon="138.948193"><ele>1306.6</ele><time>2021-08-20T21:51:11Z</time></trkpt><trkpt lat="36.972031" lon="138.948177"><ele>1307.0</ele><time>2021-08-20T21:51:19Z</time></trkpt><trkpt lat="36.972047" lon="138.948155"><ele>1307.5</ele><time>2021-08-20T21:51:22Z</time></trkpt><trkpt lat="36.972123" lon="138.94815"><ele>1309.3</ele><time>2021-08-20T21:51:29Z</time></trkpt><trkpt lat="36.972142" lon="138.948142"><ele>1309.8</ele><time>2021-08-20T21:51:34Z</time></trkpt><trkpt lat="36.972191" lon="138.948153"><ele>1311.1</ele><time>2021-08-20T21:51:42Z</time></trkpt><trkpt lat="36.972196" lon="138.948177"><ele>1311.6</ele><time>2021-08-20T21:51:47Z</time></trkpt><trkpt lat="36.972196" lon="138.948215"><ele>1312.4</ele><time>2021-08-20T21:51:52Z</time></trkpt><trkpt lat="36.972197" lon="138.948226"><ele>1312.6</ele><time>2021-08-20T21:51:57Z</time></trkpt><trkpt lat="36.972237" lon="138.948242"><ele>1313.8</ele><time>2021-08-20T21:52:10Z</time></trkpt><trkpt lat="36.972262" lon="138.948249"><ele>1314.4</ele><time>2021-08-20T21:52:12Z</time></trkpt><trkpt lat="36.972314" lon="138.948256"><ele>1315.9</ele><time>2021-08-20T21:52:23Z</time></trkpt><trkpt lat="36.972349" lon="138.948274"><ele>1316.9</ele><time>2021-08-20T21:52:35Z</time></trkpt><trkpt lat="36.972362" lon="138.948276"><ele>1317.2</ele><time>2021-08-20T21:52:38Z</time></trkpt><trkpt lat="36.972382" lon="138.948296"><ele>1317.9</ele><time>2021-08-20T21:52:40Z</time></trkpt><trkpt lat="36.972387" lon="138.948308"><ele>1318.2</ele><time>2021-08-20T21:52:46Z</time></trkpt><trkpt lat="36.972397" lon="138.948318"><ele>1318.6</ele><time>2021-08-20T21:52:48Z</time></trkpt><trkpt lat="36.972418" lon="138.948337"><ele>1319.3</ele><time>2021-08-20T21:52:53Z</time></trkpt><trkpt lat="36.972444" lon="138.948352"><ele>1320.1</ele><time>2021-08-20T21:52:58Z</time></trkpt><trkpt lat="36.97249" lon="138.948388"><ele>1321.7</ele><time>2021-08-20T21:53:03Z</time></trkpt><trkpt lat="36.972503" lon="138.948398"><ele>1322.1</ele><time>2021-08-20T21:53:08Z</time></trkpt><trkpt lat="36.972548" lon="138.94841"><ele>1323.4</ele><time>2021-08-20T21:53:16Z</time></trkpt><trkpt lat="36.972573" lon="138.948435"><ele>1324.4</ele><time>2021-08-20T21:53:24Z</time></trkpt><trkpt lat="36.972587" lon="138.948479"><ele>1325.5</ele><time>2021-08-20T21:53:31Z</time></trkpt><trkpt lat="36.972619" lon="138.948482"><ele>1326.4</ele><time>2021-08-20T21:53:41Z</time></trkpt><trkpt lat="36.972641" lon="138.948473"><ele>1327.1</ele><time>2021-08-20T21:53:44Z</time></trkpt><trkpt lat="36.972667" lon="138.94847"><ele>1327.9</ele><time>2021-08-20T21:53:47Z</time></trkpt><trkpt lat="36.972716" lon="138.948537"><ele>1330.4</ele><time>2021-08-20T21:54:32Z</time></trkpt><trkpt lat="36.972856" lon="138.948583"><ele>1336.8</ele><time>2021-08-20T21:55:21Z</time></trkpt><trkpt lat="36.972879" lon="138.948588"><ele>1337.9</ele><time>2021-08-20T21:55:28Z</time></trkpt><trkpt lat="36.972901" lon="138.948616"><ele>1339.5</ele><time>2021-08-20T21:55:38Z</time></trkpt><trkpt lat="36.972979" lon="138.948678"><ele>1343.5</ele><time>2021-08-20T21:56:19Z</time></trkpt><trkpt lat="36.972986" lon="138.94867"><ele>1343.9</ele><time>2021-08-20T21:56:22Z</time></trkpt><trkpt lat="36.972988" lon="138.948667"><ele>1344.0</ele><time>2021-08-20T21:56:24Z</time></trkpt><trkpt lat="36.973029" lon="138.948649"><ele>1345.4</ele><time>2021-08-20T21:56:34Z</time></trkpt><trkpt lat="36.973046" lon="138.94864"><ele>1345.9</ele><time>2021-08-20T21:56:39Z</time></trkpt><trkpt lat="36.973087" lon="138.948671"><ele>1347.0</ele><time>2021-08-20T21:57:05Z</time></trkpt><trkpt lat="36.973106" lon="138.948688"><ele>1347.4</ele><time>2021-08-20T21:57:10Z</time></trkpt><trkpt lat="36.973114" lon="138.948693"><ele>1347.5</ele><time>2021-08-20T21:57:12Z</time></trkpt><trkpt lat="36.973199" lon="138.948751"><ele>1349.1</ele><time>2021-08-20T21:57:33Z</time></trkpt><trkpt lat="36.973209" lon="138.948742"><ele>1349.3</ele><time>2021-08-20T21:57:35Z</time></trkpt><trkpt lat="36.973253" lon="138.948758"><ele>1350.3</ele><time>2021-08-20T21:57:43Z</time></trkpt><trkpt lat="36.973268" lon="138.948828"><ele>1351.9</ele><time>2021-08-20T21:57:51Z</time></trkpt><trkpt lat="36.973276" lon="138.948817"><ele>1352.3</ele><time>2021-08-20T21:57:56Z</time></trkpt><trkpt lat="36.97334" lon="138.948827"><ele>1354.5</ele><time>2021-08-20T21:58:06Z</time></trkpt><trkpt lat="36.973443" lon="138.948816"><ele>1359.4</ele><time>2021-08-20T21:59:07Z</time></trkpt><trkpt lat="36.973447" lon="138.948824"><ele>1359.8</ele><time>2021-08-20T21:59:09Z</time></trkpt><trkpt lat="36.973505" lon="138.948819"><ele>1363.5</ele><time>2021-08-20T21:59:14Z</time></trkpt><trkpt lat="36.973512" lon="138.948818"><ele>1363.9</ele><time>2021-08-20T21:59:20Z</time></trkpt><trkpt lat="36.973525" lon="138.948834"><ele>1365.2</ele><time>2021-08-20T21:59:27Z</time></trkpt><trkpt lat="36.973525" lon="138.948851"><ele>1366.1</ele><time>2021-08-20T21:59:37Z</time></trkpt><trkpt lat="36.973519" lon="138.948864"><ele>1366.9</ele><time>2021-08-20T21:59:40Z</time></trkpt><trkpt lat="36.973535" lon="138.948884"><ele>1368.5</ele><time>2021-08-20T21:59:53Z</time></trkpt><trkpt lat="36.973556" lon="138.948931"><ele>1371.5</ele><time>2021-08-20T22:00:05Z</time></trkpt><trkpt lat="36.973578" lon="138.948947"><ele>1373.3</ele><time>2021-08-20T22:00:16Z</time></trkpt><trkpt lat="36.97359" lon="138.948947"><ele>1374.0</ele><time>2021-08-20T22:00:21Z</time></trkpt><trkpt lat="36.973584" lon="138.948951"><ele>1374.5</ele><time>2021-08-20T22:00:28Z</time></trkpt><trkpt lat="36.973669" lon="138.948976"><ele>1380.0</ele><time>2021-08-20T22:01:39Z</time></trkpt><trkpt lat="36.981086" lon="138.955973"><ele>1775.3</ele><time>2021-08-20T23:25:08Z</time></trkpt><trkpt lat="36.98112" lon="138.955982"><ele>1777.7</ele><time>2021-08-20T23:25:13Z</time></trkpt><trkpt lat="36.981144" lon="138.955978"><ele>1779.9</ele><time>2021-08-20T23:25:31Z</time></trkpt><trkpt lat="36.981232" lon="138.955899"><ele>1784.2</ele><time>2021-08-20T23:26:16Z</time></trkpt><trkpt lat="36.981245" lon="138.955889"><ele>1787.0</ele><time>2021-08-20T23:26:21Z</time></trkpt><trkpt lat="36.981253" lon="138.955878"><ele>1787.3</ele><time>2021-08-20T23:26:27Z</time></trkpt><trkpt lat="36.981299" lon="138.955893"><ele>1789.5</ele><time>2021-08-20T23:27:35Z</time></trkpt><trkpt lat="36.981327" lon="138.95593"><ele>1790.4</ele><time>2021-08-20T23:27:40Z</time></trkpt><trkpt lat="36.981328" lon="138.955933"><ele>1790.7</ele><time>2021-08-20T23:27:43Z</time></trkpt><trkpt lat="36.981392" lon="138.955991"><ele>1791.4</ele><time>2021-08-20T23:28:41Z</time></trkpt><trkpt lat="36.981392" lon="138.955991"><ele>1791.7</ele><time>2021-08-20T23:28:49Z</time></trkpt><trkpt lat="36.981411" lon="138.955975"><ele>1795.4</ele><time>2021-08-20T23:29:14Z</time></trkpt><trkpt lat="36.981387" lon="138.955975"><ele>1793.8</ele><time>2021-08-20T23:29:27Z</time></trkpt><trkpt lat="36.981388" lon="138.955979"><ele>1794.1</ele><time>2021-08-20T23:29:32Z</time></trkpt><trkpt lat="36.981401" lon="138.955986"><ele>1792.9</ele><time>2021-08-20T23:29:37Z</time></trkpt><trkpt lat="36.981413" lon="138.955987"><ele>1794.9</ele><time>2021-08-20T23:29:45Z</time></trkpt><trkpt lat="36.98143" lon="138.955995"><ele>1795.2</ele><time>2021-08-20T23:29:52Z</time></trkpt><trkpt lat="36.981435" lon="138.956007"><ele>1795.5</ele><time>2021-08-20T23:29:55Z</time></trkpt><trkpt lat="36.981484" lon="138.956016"><ele>1799.3</ele><time>2021-08-20T23:30:59Z</time></trkpt><trkpt lat="36.981507" lon="138.956055"><ele>1800.3</ele><time>2021-08-20T23:31:09Z</time></trkpt><trkpt lat="36.981522" lon="138.956071"><ele>1799.6</ele><time>2021-08-20T23:31:16Z</time></trkpt><trkpt lat="36.981543" lon="138.956084"><ele>1801.9</ele><time>2021-08-20T23:31:21Z</time></trkpt><trkpt lat="36.981549" lon="138.956083"><ele>1802.2</ele><time>2021-08-20T23:31:24Z</time></trkpt><trkpt lat="36.981576" lon="138.956092"><ele>1804.5</ele><time>2021-08-20T23:31:27Z</time></trkpt><trkpt lat="36.981616" lon="138.956114"><ele>1805.4</ele><time>2021-08-20T23:31:37Z</time></trkpt><trkpt lat="36.981619" lon="138.956114"><ele>1805.7</ele><time>2021-08-20T23:31:39Z</time></trkpt><trkpt lat="36.981629" lon="138.956115"><ele>1806.0</ele><time>2021-08-20T23:31:44Z</time></trkpt><trkpt lat="36.981809" lon="138.956181"><ele>1817.9</ele><time>2021-08-20T23:33:26Z</time></trkpt><trkpt lat="36.981828" lon="138.956207"><ele>1820.6</ele><time>2021-08-20T23:33:51Z</time></trkpt><trkpt lat="36.981849" lon="138.956222"><ele>1820.9</ele><time>2021-08-20T23:33:59Z</time></trkpt><trkpt lat="36.9819" lon="138.956254"><ele>1826.4</ele><time>2021-08-20T23:34:07Z</time></trkpt><trkpt lat="36.981916" lon="138.956257"><ele>1826.6</ele><time>2021-08-20T23:34:09Z</time></trkpt><trkpt lat="36.981929" lon="138.956263"><ele>1829.1</ele><time>2021-08-20T23:34:12Z</time></trkpt><trkpt lat="36.981927" lon="138.956266"><ele>1829.4</ele><time>2021-08-20T23:34:14Z</time></trkpt><trkpt lat="36.982002" lon="138.956232"><ele>1832.9</ele><time>2021-08-20T23:34:40Z</time></trkpt><trkpt lat="36.982007" lon="138.956228"><ele>1833.2</ele><time>2021-08-20T23:34:47Z</time></trkpt><trkpt lat="36.98201" lon="138.956226"><ele>1833.5</ele><time>2021-08-20T23:34:52Z</time></trkpt><trkpt lat="36.982023" lon="138.956215"><ele>1835.3</ele><time>2021-08-20T23:34:55Z</time></trkpt><trkpt lat="36.982047" lon="138.956201"><ele>1835.6</ele><time>2021-08-20T23:35:00Z</time></trkpt><trkpt lat="36.98208" lon="138.956187"><ele>1837.8</ele><time>2021-08-20T23:35:05Z</time></trkpt><trkpt lat="36.982092" lon="138.956143"><ele>1840.4</ele><time>2021-08-20T23:35:10Z</time></trkpt><trkpt lat="36.982104" lon="138.95613"><ele>1840.7</ele><time>2021-08-20T23:35:18Z</time></trkpt><trkpt lat="36.982132" lon="138.956131"><ele>1842.6</ele><time>2021-08-20T23:35:25Z</time></trkpt><trkpt lat="36.98227" lon="138.956216"><ele>1847.2</ele><time>2021-08-20T23:36:29Z</time></trkpt><trkpt lat="36.982296" lon="138.956249"><ele>1848.3</ele><time>2021-08-20T23:36:49Z</time></trkpt><trkpt lat="36.982402" lon="138.956339"><ele>1853.9</ele><time>2021-08-20T23:38:29Z</time></trkpt><trkpt lat="36.982403" lon="138.956339"><ele>1854.2</ele><time>2021-08-20T23:38:31Z</time></trkpt><trkpt lat="36.982404" lon="138.956339"><ele>1854.4</ele><time>2021-08-20T23:38:34Z</time></trkpt><trkpt lat="36.982404" lon="138.956339"><ele>1854.7</ele><time>2021-08-20T23:38:41Z</time></trkpt><trkpt lat="36.982417" lon="138.956351"><ele>1855.0</ele><time>2021-08-20T23:38:46Z</time></trkpt><trkpt lat="36.982427" lon="138.956352"><ele>1855.3</ele><time>2021-08-20T23:38:59Z</time></trkpt><trkpt lat="36.982432" lon="138.956353"><ele>1855.6</ele><time>2021-08-20T23:39:04Z</time></trkpt><trkpt lat="36.982466" lon="138.956371"><ele>1858.1</ele><time>2021-08-20T23:39:09Z</time></trkpt><trkpt lat="36.982486" lon="138.956378"><ele>1861.0</ele><time>2021-08-20T23:39:14Z</time></trkpt><trkpt lat="36.982512" lon="138.956406"><ele>1864.2</ele><time>2021-08-20T23:39:19Z</time></trkpt><trkpt lat="36.982535" lon="138.956426"><ele>1867.1</ele><time>2021-08-20T23:39:24Z</time></trkpt><trkpt lat="36.982552" lon="138.956434"><ele>1867.3</ele><time>2021-08-20T23:39:30Z</time></trkpt><trkpt lat="36.982567" lon="138.956489"><ele>1867.2</ele><time>2021-08-20T23:39:35Z</time></trkpt><trkpt lat="36.982591" lon="138.956522"><ele>1869.9</ele><time>2021-08-20T23:39:40Z</time></trkpt><trkpt lat="36.982628" lon="138.956539"><ele>1870.5</ele><time>2021-08-20T23:39:47Z</time></trkpt><trkpt lat="36.98264" lon="138.956569"><ele>1871.0</ele><time>2021-08-20T23:39:55Z</time></trkpt><trkpt lat="36.982643" lon="138.956551"><ele>1871.2</ele><time>2021-08-20T23:40:03Z</time></trkpt><trkpt lat="36.982641" lon="138.956505"><ele>1871.8</ele><time>2021-08-20T23:41:11Z</time></trkpt><trkpt lat="36.982643" lon="138.956505"><ele>1871.9</ele><time>2021-08-20T23:41:34Z</time></trkpt><trkpt lat="36.982649" lon="138.956505"><ele>1872.0</ele><time>2021-08-20T23:42:20Z</time></trkpt><trkpt lat="36.982649" lon="138.956505"><ele>1872.0</ele><time>2021-08-20T23:42:25Z</time></trkpt><trkpt lat="36.982649" lon="138.956505"><ele>1872.0</ele><time>2021-08-20T23:42:30Z</time></trkpt><trkpt lat="36.982707" lon="138.956391"><ele>1874.3</ele><time>2021-08-20T23:42:43Z</time></trkpt><trkpt lat="36.982716" lon="138.956343"><ele>1875.4</ele><time>2021-08-20T23:42:48Z</time></trkpt><trkpt lat="36.982731" lon="138.956302"><ele>1876.4</ele><time>2021-08-20T23:42:53Z</time></trkpt><trkpt lat="36.982746" lon="138.956262"><ele>1877.5</ele><time>2021-08-20T23:42:58Z</time></trkpt><trkpt lat="36.982759" lon="138.956218"><ele>1878.7</ele><time>2021-08-20T23:43:03Z</time></trkpt><trkpt lat="36.982771" lon="138.956191"><ele>1879.5</ele><time>2021-08-20T23:43:08Z</time></trkpt><trkpt lat="36.982759" lon="138.956141"><ele>1880.8</ele><time>2021-08-20T23:43:16Z</time></trkpt><trkpt lat="36.982776" lon="138.956076"><ele>1882.5</ele><time>2021-08-20T23:43:23Z</time></trkpt><trkpt lat="36.982792" lon="138.956056"><ele>1883.1</ele><time>2021-08-20T23:43:29Z</time></trkpt><trkpt lat="36.982807" lon="138.95604"><ele>1883.7</ele><time>2021-08-20T23:43:36Z</time></trkpt><trkpt lat="36.98281" lon="138.956032"><ele>1883.9</ele><time>2021-08-20T23:43:41Z</time></trkpt><trkpt lat="36.982815" lon="138.956031"><ele>1884.0</ele><time>2021-08-20T23:43:46Z</time></trkpt><trkpt lat="36.982828" lon="138.955991"><ele>1885.0</ele><time>2021-08-20T23:43:51Z</time></trkpt><trkpt lat="36.982844" lon="138.955924"><ele>1886.4</ele><time>2021-08-20T23:43:59Z</time></trkpt><trkpt lat="36.982848" lon="138.955908"><ele>1886.7</ele><time>2021-08-20T23:44:04Z</time></trkpt><trkpt lat="36.982829" lon="138.955865"><ele>1887.6</ele><time>2021-08-20T23:44:12Z</time></trkpt><trkpt lat="36.982853" lon="138.955804"><ele>1888.8</ele><time>2021-08-20T23:44:19Z</time></trkpt><trkpt lat="36.982861" lon="138.955764"><ele>1889.5</ele><time>2021-08-20T23:44:25Z</time></trkpt><trkpt lat="36.98287" lon="138.955726"><ele>1890.2</ele><time>2021-08-20T23:44:32Z</time></trkpt><trkpt lat="36.982883" lon="138.955677"><ele>1891.1</ele><time>2021-08-20T23:44:40Z</time></trkpt><trkpt lat="36.982892" lon="138.955632"><ele>1891.9</ele><time>2021-08-20T23:44:45Z</time></trkpt><trkpt lat="36.982904" lon="138.9556"><ele>1892.5</ele><time>2021-08-20T23:44:50Z</time></trkpt><trkpt lat="36.982919" lon="138.955567"><ele>1893.1</ele><time>2021-08-20T23:44:55Z</time></trkpt><trkpt lat="36.982929" lon="138.955539"><ele>1893.7</ele><time>2021-08-20T23:45:00Z</time></trkpt><trkpt lat="36.982941" lon="138.955469"><ele>1895.0</ele><time>2021-08-20T23:45:08Z</time></trkpt><trkpt lat="36.982952" lon="138.955428"><ele>1895.8</ele><time>2021-08-20T23:45:13Z</time></trkpt><trkpt lat="36.982966" lon="138.955399"><ele>1896.4</ele><time>2021-08-20T23:45:18Z</time></trkpt><trkpt lat="36.98298" lon="138.955352"><ele>1897.4</ele><time>2021-08-20T23:45:25Z</time></trkpt><trkpt lat="36.982966" lon="138.955327"><ele>1898.0</ele><time>2021-08-20T23:45:33Z</time></trkpt><trkpt lat="36.982951" lon="138.955298"><ele>1898.8</ele><time>2021-08-20T23:45:41Z</time></trkpt><trkpt lat="36.982942" lon="138.955255"><ele>1899.7</ele><time>2021-08-20T23:45:56Z</time></trkpt><trkpt lat="36.982934" lon="138.955119"><ele>1902.4</ele><time>2021-08-20T23:46:09Z</time></trkpt><trkpt lat="36.982943" lon="138.955105"><ele>1902.8</ele><time>2021-08-20T23:46:11Z</time></trkpt><trkpt lat="36.982951" lon="138.955072"><ele>1903.3</ele><time>2021-08-20T23:46:19Z</time></trkpt><trkpt lat="36.982937" lon="138.955026"><ele>1904.1</ele><time>2021-08-20T23:46:26Z</time></trkpt><trkpt lat="36.982916" lon="138.955"><ele>1904.5</ele><time>2021-08-20T23:46:29Z</time></trkpt><trkpt lat="36.982891" lon="138.954958"><ele>1905.0</ele><time>2021-08-20T23:46:34Z</time></trkpt><trkpt lat="36.982888" lon="138.954899"><ele>1905.2</ele><time>2021-08-20T23:46:42Z</time></trkpt><trkpt lat="36.982881" lon="138.954847"><ele>1905.3</ele><time>2021-08-20T23:46:47Z</time></trkpt><trkpt lat="36.982884" lon="138.954829"><ele>1905.3</ele><time>2021-08-20T23:46:49Z</time></trkpt><trkpt lat="36.982896" lon="138.954794"><ele>1905.3</ele><time>2021-08-20T23:46:54Z</time></trkpt><trkpt lat="36.982919" lon="138.954774"><ele>1905.2</ele><time>2021-08-20T23:47:00Z</time></trkpt><trkpt lat="36.982926" lon="138.954757"><ele>1905.1</ele><time>2021-08-20T23:47:07Z</time></trkpt><trkpt lat="36.982953" lon="138.954748"><ele>1905.0</ele><time>2021-08-20T23:47:12Z</time></trkpt><trkpt lat="36.982954" lon="138.954758"><ele>1905.0</ele><time>2021-08-20T23:47:17Z</time></trkpt><trkpt lat="36.98295" lon="138.954757"><ele>1905.0</ele><time>2021-08-20T23:47:35Z</time></trkpt><trkpt lat="36.982949" lon="138.954754"><ele>1905.0</ele><time>2021-08-20T23:47:48Z</time></trkpt><trkpt lat="36.98295" lon="138.954751"><ele>1905.0</ele><time>2021-08-20T23:47:53Z</time></trkpt><trkpt lat="36.98295" lon="138.954751"><ele>1905.0</ele><time>2021-08-20T23:48:11Z</time></trkpt><trkpt lat="36.98295" lon="138.954751"><ele>1905.0</ele><time>2021-08-20T23:48:16Z</time></trkpt><trkpt lat="36.982954" lon="138.954739"><ele>1905.1</ele><time>2021-08-20T23:48:26Z</time></trkpt><trkpt lat="36.982954" lon="138.954739"><ele>1905.1</ele><time>2021-08-20T23:48:29Z</time></trkpt><trkpt lat="36.982955" lon="138.954741"><ele>1905.1</ele><time>2021-08-20T23:48:31Z</time></trkpt><trkpt lat="36.982952" lon="138.954722"><ele>1905.1</ele><time>2021-08-20T23:48:34Z</time></trkpt><trkpt lat="36.982951" lon="138.954719"><ele>1905.1</ele><time>2021-08-20T23:48:36Z</time></trkpt><trkpt lat="36.982966" lon="138.954714"><ele>1905.2</ele><time>2021-08-20T23:48:41Z</time></trkpt><trkpt lat="36.982972" lon="138.954724"><ele>1905.2</ele><time>2021-08-20T23:49:19Z</time></trkpt><trkpt lat="36.982972" lon="138.954726"><ele>1905.2</ele><time>2021-08-20T23:49:24Z</time></trkpt><trkpt lat="36.982972" lon="138.954727"><ele>1905.2</ele><time>2021-08-20T23:49:27Z</time></trkpt><trkpt lat="36.982972" lon="138.954726"><ele>1905.2</ele><time>2021-08-20T23:49:30Z</time></trkpt><trkpt lat="36.982972" lon="138.954726"><ele>1905.2</ele><time>2021-08-20T23:49:32Z</time></trkpt><trkpt lat="36.982971" lon="138.954719"><ele>1905.2</ele><time>2021-08-20T23:49:52Z</time></trkpt><trkpt lat="36.98297" lon="138.954721"><ele>1905.2</ele><time>2021-08-20T23:50:00Z</time></trkpt><trkpt lat="36.98297" lon="138.954721"><ele>1905.2</ele><time>2021-08-20T23:50:05Z</time></trkpt><trkpt lat="36.98297" lon="138.954722"><ele>1905.2</ele><time>2021-08-20T23:50:08Z</time></trkpt><trkpt lat="36.982971" lon="138.954721"><ele>1905.2</ele><time>2021-08-20T23:50:13Z</time></trkpt><trkpt lat="36.982969" lon="138.954718"><ele>1905.2</ele><time>2021-08-20T23:50:20Z</time></trkpt><trkpt lat="36.982968" lon="138.954713"><ele>1905.2</ele><time>2021-08-20T23:50:31Z</time></trkpt><trkpt lat="36.982976" lon="138.95471"><ele>1905.3</ele><time>2021-08-20T23:50:36Z</time></trkpt><trkpt lat="36.982975" lon="138.954716"><ele>1905.3</ele><time>2021-08-20T23:50:41Z</time></trkpt><trkpt lat="36.982976" lon="138.95472"><ele>1905.3</ele><time>2021-08-20T23:51:09Z</time></trkpt><trkpt lat="36.982975" lon="138.95472"><ele>1905.3</ele><time>2021-08-20T23:51:16Z</time></trkpt><trkpt lat="36.982977" lon="138.954717"><ele>1905.3</ele><time>2021-08-20T23:51:19Z</time></trkpt><trkpt lat="36.982975" lon="138.954715"><ele>1905.3</ele><time>2021-08-20T23:51:21Z</time></trkpt><trkpt lat="36.982974" lon="138.954716"><ele>1905.3</ele><time>2021-08-20T23:51:24Z</time></trkpt><trkpt lat="36.982974" lon="138.954716"><ele>1905.3</ele><time>2021-08-20T23:51:26Z</time></trkpt><trkpt lat="36.982973" lon="138.954715"><ele>1905.3</ele><time>2021-08-20T23:51:29Z</time></trkpt><trkpt lat="36.982973" lon="138.954714"><ele>1905.3</ele><time>2021-08-20T23:51:34Z</time></trkpt><trkpt lat="36.982979" lon="138.95472"><ele>1905.3</ele><time>2021-08-20T23:51:39Z</time></trkpt><trkpt lat="36.982979" lon="138.954721"><ele>1905.3</ele><time>2021-08-20T23:51:42Z</time></trkpt><trkpt lat="36.982979" lon="138.954721"><ele>1905.3</ele><time>2021-08-20T23:51:47Z</time></trkpt><trkpt lat="36.982976" lon="138.954723"><ele>1905.3</ele><time>2021-08-20T23:52:02Z</time></trkpt><trkpt lat="36.982974" lon="138.954723"><ele>1905.3</ele><time>2021-08-20T23:52:12Z</time></trkpt><trkpt lat="36.982974" lon="138.954724"><ele>1905.3</ele><time>2021-08-20T23:52:15Z</time></trkpt><trkpt lat="36.982974" lon="138.954724"><ele>1905.3</ele><time>2021-08-20T23:52:20Z</time></trkpt><trkpt lat="36.982974" lon="138.954724"><ele>1905.3</ele><time>2021-08-20T23:52:22Z</time></trkpt><trkpt lat="36.982973" lon="138.954724"><ele>1905.3</ele><time>2021-08-20T23:52:25Z</time></trkpt><trkpt lat="36.982973" lon="138.954724"><ele>1905.3</ele><time>2021-08-20T23:52:28Z</time></trkpt><trkpt lat="36.982973" lon="138.954724"><ele>1905.3</ele><time>2021-08-20T23:52:30Z</time></trkpt><trkpt lat="36.98297" lon="138.954722"><ele>1905.3</ele><time>2021-08-20T23:52:38Z</time></trkpt><trkpt lat="36.982969" lon="138.954722"><ele>1905.3</ele><time>2021-08-20T23:52:40Z</time></trkpt><trkpt lat="36.982965" lon="138.954725"><ele>1905.3</ele><time>2021-08-20T23:52:53Z</time></trkpt><trkpt lat="36.982945" lon="138.954745"><ele>1905.3</ele><time>2021-08-20T23:56:21Z</time></trkpt><trkpt lat="36.982947" lon="138.954743"><ele>1905.3</ele><time>2021-08-20T23:56:44Z</time></trkpt><trkpt lat="36.982947" lon="138.954743"><ele>1905.3</ele><time>2021-08-20T23:57:05Z</time></trkpt><trkpt lat="36.982947" lon="138.954743"><ele>1905.3</ele><time>2021-08-20T23:57:10Z</time></trkpt><trkpt lat="36.982946" lon="138.954752"><ele>1905.3</ele><time>2021-08-20T23:57:50Z</time></trkpt><trkpt lat="36.982946" lon="138.954751"><ele>1905.3</ele><time>2021-08-20T23:58:44Z</time></trkpt><trkpt lat="36.982945" lon="138.954752"><ele>1905.3</ele><time>2021-08-20T23:59:32Z</time></trkpt><trkpt lat="36.982953" lon="138.954733"><ele>1905.2</ele><time>2021-08-21T00:00:25Z</time></trkpt><trkpt lat="36.982966" lon="138.954776"><ele>1905.1</ele><time>2021-08-21T00:01:44Z</time></trkpt><trkpt lat="36.982975" lon="138.954755"><ele>1905.0</ele><time>2021-08-21T00:01:52Z</time></trkpt><trkpt lat="36.982967" lon="138.954744"><ele>1904.9</ele><time>2021-08-21T00:01:54Z</time></trkpt><trkpt lat="36.98296" lon="138.954741"><ele>1904.8</ele><time>2021-08-21T00:01:57Z</time></trkpt><trkpt lat="36.982951" lon="138.954753"><ele>1904.7</ele><time>2021-08-21T00:02:02Z</time></trkpt><trkpt lat="36.982942" lon="138.954765"><ele>1904.6</ele><time>2021-08-21T00:02:05Z</time></trkpt><trkpt lat="36.982941" lon="138.954765"><ele>1904.5</ele><time>2021-08-21T00:02:07Z</time></trkpt><trkpt lat="36.98295" lon="138.954746"><ele>1904.3</ele><time>2021-08-21T00:02:12Z</time></trkpt><trkpt lat="36.982978" lon="138.954745"><ele>1903.9</ele><time>2021-08-21T00:02:15Z</time></trkpt><trkpt lat="36.982982" lon="138.954738"><ele>1903.8</ele><time>2021-08-21T00:02:20Z</time></trkpt><trkpt lat="36.982982" lon="138.954738"><ele>1903.8</ele><time>2021-08-21T00:02:22Z</time></trkpt><trkpt lat="36.982953" lon="138.954755"><ele>1903.3</ele><time>2021-08-21T00:02:30Z</time></trkpt><trkpt lat="36.982955" lon="138.954738"><ele>1903.1</ele><time>2021-08-21T00:02:33Z</time></trkpt><trkpt lat="36.982973" lon="138.954725"><ele>1902.7</ele><time>2021-08-21T00:02:35Z</time></trkpt><trkpt lat="36.982987" lon="138.954705"><ele>1902.2</ele><time>2021-08-21T00:02:38Z</time></trkpt><trkpt lat="36.982987" lon="138.954705"><ele>1902.2</ele><time>2021-08-21T00:02:40Z</time></trkpt><trkpt lat="36.982987" lon="138.954705"><ele>1902.2</ele><time>2021-08-21T00:02:45Z</time></trkpt><trkpt lat="36.982987" lon="138.954705"><ele>1902.2</ele><time>2021-08-21T00:02:50Z</time></trkpt><trkpt lat="36.982927" lon="138.954764"><ele>1900.6</ele><time>2021-08-21T00:03:16Z</time></trkpt><trkpt lat="36.98295" lon="138.954777"><ele>1900.0</ele><time>2021-08-21T00:03:18Z</time></trkpt><trkpt lat="36.982965" lon="138.954778"><ele>1899.7</ele><time>2021-08-21T00:03:21Z</time></trkpt><trkpt lat="36.982968" lon="138.954784"><ele>1899.6</ele><time>2021-08-21T00:03:23Z</time></trkpt><trkpt lat="36.982968" lon="138.954784"><ele>1899.6</ele><time>2021-08-21T00:03:26Z</time></trkpt><trkpt lat="36.982928" lon="138.954785"><ele>1898.7</ele><time>2021-08-21T00:03:51Z</time></trkpt><trkpt lat="36.982932" lon="138.954738"><ele>1897.8</ele><time>2021-08-21T00:03:59Z</time></trkpt><trkpt lat="36.982929" lon="138.954748"><ele>1897.6</ele><time>2021-08-21T00:04:02Z</time></trkpt><trkpt lat="36.982936" lon="138.954756"><ele>1897.4</ele><time>2021-08-21T00:04:04Z</time></trkpt><trkpt lat="36.98294" lon="138.954765"><ele>1897.3</ele><time>2021-08-21T00:04:52Z</time></trkpt><trkpt lat="36.98294" lon="138.954761"><ele>1897.2</ele><time>2021-08-21T00:04:55Z</time></trkpt><trkpt lat="36.98294" lon="138.95476"><ele>1897.2</ele><time>2021-08-21T00:04:58Z</time></trkpt><trkpt lat="36.982942" lon="138.954758"><ele>1897.1</ele><time>2021-08-21T00:05:03Z</time></trkpt><trkpt lat="36.982942" lon="138.954754"><ele>1897.0</ele><time>2021-08-21T00:05:13Z</time></trkpt><trkpt lat="36.982947" lon="138.954751"><ele>1896.9</ele><time>2021-08-21T00:05:18Z</time></trkpt><trkpt lat="36.98298" lon="138.954702"><ele>1895.9</ele><time>2021-08-21T00:06:04Z</time></trkpt><trkpt lat="36.982974" lon="138.95471"><ele>1895.7</ele><time>2021-08-21T00:06:11Z</time></trkpt><trkpt lat="36.982965" lon="138.954719"><ele>1895.5</ele><time>2021-08-21T00:06:16Z</time></trkpt><trkpt lat="36.982984" lon="138.954762"><ele>1894.7</ele><time>2021-08-21T00:07:48Z</time></trkpt><trkpt lat="36.982977" lon="138.954765"><ele>1894.6</ele><time>2021-08-21T00:07:53Z</time></trkpt><trkpt lat="36.982966" lon="138.954776"><ele>1894.3</ele><time>2021-08-21T00:08:23Z</time></trkpt><trkpt lat="36.98298" lon="138.954768"><ele>1894.0</ele><time>2021-08-21T00:09:40Z</time></trkpt><trkpt lat="36.982979" lon="138.954761"><ele>1893.9</ele><time>2021-08-21T00:09:52Z</time></trkpt><trkpt lat="36.982978" lon="138.95476"><ele>1893.9</ele><time>2021-08-21T00:09:57Z</time></trkpt><trkpt lat="36.982953" lon="138.954761"><ele>1893.4</ele><time>2021-08-21T00:10:08Z</time></trkpt><trkpt lat="36.982953" lon="138.954761"><ele>1893.4</ele><time>2021-08-21T00:10:10Z</time></trkpt><trkpt lat="36.98295" lon="138.954762"><ele>1893.3</ele><time>2021-08-21T00:10:15Z</time></trkpt><trkpt lat="36.982946" lon="138.954769"><ele>1893.2</ele><time>2021-08-21T00:10:28Z</time></trkpt><trkpt lat="36.982898" lon="138.95491"><ele>1890.9</ele><time>2021-08-21T00:10:43Z</time></trkpt><trkpt lat="36.982897" lon="138.954946"><ele>1890.4</ele><time>2021-08-21T00:10:48Z</time></trkpt><trkpt lat="36.982883" lon="138.954984"><ele>1889.8</ele><time>2021-08-21T00:10:53Z</time></trkpt><trkpt lat="36.982896" lon="138.95504"><ele>1888.9</ele><time>2021-08-21T00:10:58Z</time></trkpt><trkpt lat="36.982923" lon="138.955114"><ele>1887.7</ele><time>2021-08-21T00:11:04Z</time></trkpt><trkpt lat="36.982927" lon="138.955136"><ele>1887.3</ele><time>2021-08-21T00:11:06Z</time></trkpt><trkpt lat="36.982918" lon="138.955154"><ele>1887.0</ele><time>2021-08-21T00:11:11Z</time></trkpt><trkpt lat="36.982912" lon="138.955209"><ele>1886.1</ele><time>2021-08-21T00:11:37Z</time></trkpt><trkpt lat="36.982917" lon="138.955258"><ele>1885.2</ele><time>2021-08-21T00:11:47Z</time></trkpt><trkpt lat="36.982921" lon="138.95528"><ele>1884.8</ele><time>2021-08-21T00:11:49Z</time></trkpt><trkpt lat="36.982928" lon="138.955328"><ele>1883.9</ele><time>2021-08-21T00:11:52Z</time></trkpt><trkpt lat="36.982928" lon="138.955364"><ele>1883.2</ele><time>2021-08-21T00:11:54Z</time></trkpt><trkpt lat="36.982934" lon="138.955408"><ele>1882.3</ele><time>2021-08-21T00:11:57Z</time></trkpt><trkpt lat="36.982933" lon="138.95545"><ele>1881.4</ele><time>2021-08-21T00:12:02Z</time></trkpt><trkpt lat="36.982936" lon="138.955487"><ele>1880.6</ele><time>2021-08-21T00:12:07Z</time></trkpt><trkpt lat="36.982944" lon="138.95551"><ele>1880.1</ele><time>2021-08-21T00:12:15Z</time></trkpt><trkpt lat="36.982923" lon="138.955565"><ele>1878.7</ele><time>2021-08-21T00:12:22Z</time></trkpt><trkpt lat="36.982905" lon="138.955596"><ele>1877.9</ele><time>2021-08-21T00:12:25Z</time></trkpt><trkpt lat="36.982889" lon="138.955629"><ele>1877.1</ele><time>2021-08-21T00:12:27Z</time></trkpt><trkpt lat="36.982878" lon="138.955664"><ele>1876.3</ele><time>2021-08-21T00:12:30Z</time></trkpt><trkpt lat="36.982874" lon="138.955694"><ele>1875.7</ele><time>2021-08-21T00:12:33Z</time></trkpt><trkpt lat="36.982865" lon="138.955736"><ele>1874.9</ele><time>2021-08-21T00:12:38Z</time></trkpt><trkpt lat="36.982876" lon="138.955794"><ele>1873.8</ele><time>2021-08-21T00:12:43Z</time></trkpt><trkpt lat="36.98287" lon="138.955796"><ele>1873.7</ele><time>2021-08-21T00:12:48Z</time></trkpt><trkpt lat="36.98283" lon="138.955862"><ele>1872.5</ele><time>2021-08-21T00:12:58Z</time></trkpt><trkpt lat="36.982812" lon="138.955893"><ele>1872.0</ele><time>2021-08-21T00:13:03Z</time></trkpt><trkpt lat="36.982821" lon="138.955936"><ele>1871.4</ele><time>2021-08-21T00:13:08Z</time></trkpt><trkpt lat="36.982801" lon="138.955976"><ele>1870.9</ele><time>2021-08-21T00:13:16Z</time></trkpt><trkpt lat="36.982797" lon="138.955999"><ele>1870.6</ele><time>2021-08-21T00:13:21Z</time></trkpt><trkpt lat="36.982796" lon="138.956008"><ele>1870.5</ele><time>2021-08-21T00:13:23Z</time></trkpt><trkpt lat="36.982794" lon="138.956021"><ele>1870.4</ele><time>2021-08-21T00:13:26Z</time></trkpt><trkpt lat="36.982797" lon="138.956032"><ele>1870.3</ele><time>2021-08-21T00:13:28Z</time></trkpt><trkpt lat="36.982795" lon="138.956055"><ele>1870.0</ele><time>2021-08-21T00:13:31Z</time></trkpt><trkpt lat="36.982792" lon="138.956063"><ele>1869.9</ele><time>2021-08-21T00:13:41Z</time></trkpt><trkpt lat="36.982772" lon="138.956099"><ele>1869.4</ele><time>2021-08-21T00:13:54Z</time></trkpt><trkpt lat="36.982763" lon="138.956119"><ele>1869.2</ele><time>2021-08-21T00:13:56Z</time></trkpt><trkpt lat="36.982747" lon="138.956143"><ele>1868.8</ele><time>2021-08-21T00:14:01Z</time></trkpt><trkpt lat="36.982747" lon="138.956151"><ele>1868.7</ele><time>2021-08-21T00:14:04Z</time></trkpt><trkpt lat="36.982747" lon="138.956151"><ele>1868.7</ele><time>2021-08-21T00:14:09Z</time></trkpt><trkpt lat="36.982748" lon="138.956165"><ele>1868.6</ele><time>2021-08-21T00:14:27Z</time></trkpt><trkpt lat="36.982747" lon="138.956169"><ele>1868.5</ele><time>2021-08-21T00:14:29Z</time></trkpt><trkpt lat="36.982748" lon="138.956172"><ele>1868.5</ele><time>2021-08-21T00:14:32Z</time></trkpt><trkpt lat="36.982744" lon="138.956241"><ele>1867.7</ele><time>2021-08-21T00:14:37Z</time></trkpt><trkpt lat="36.98273" lon="138.956309"><ele>1867.1</ele><time>2021-08-21T00:14:40Z</time></trkpt><trkpt lat="36.982715" lon="138.956356"><ele>1866.7</ele><time>2021-08-21T00:14:42Z</time></trkpt><trkpt lat="36.982706" lon="138.956406"><ele>1866.4</ele><time>2021-08-21T00:14:45Z</time></trkpt><trkpt lat="36.982703" lon="138.956435"><ele>1866.2</ele><time>2021-08-21T00:14:47Z</time></trkpt><trkpt lat="36.982689" lon="138.95647"><ele>1866.0</ele><time>2021-08-21T00:14:50Z</time></trkpt><trkpt lat="36.98267" lon="138.956519"><ele>1865.8</ele><time>2021-08-21T00:14:55Z</time></trkpt><trkpt lat="36.982649" lon="138.956557"><ele>1865.6</ele><time>2021-08-21T00:15:00Z</time></trkpt><trkpt lat="36.982615" lon="138.956611"><ele>1865.5</ele><time>2021-08-21T00:15:05Z</time></trkpt><trkpt lat="36.982597" lon="138.956653"><ele>1865.5</ele><time>2021-08-21T00:15:08Z</time></trkpt><trkpt lat="36.982599" lon="138.956725"><ele>1865.6</ele><time>2021-08-21T00:15:10Z</time></trkpt><trkpt lat="36.982606" lon="138.956817"><ele>1865.6</ele><time>2021-08-21T00:15:13Z</time></trkpt><trkpt lat="36.982613" lon="138.95686"><ele>1865.7</ele><time>2021-08-21T00:15:15Z</time></trkpt><trkpt lat="36.982613" lon="138.956911"><ele>1865.8</ele><time>2021-08-21T00:15:18Z</time></trkpt><trkpt lat="36.982604" lon="138.956929"><ele>1865.8</ele><time>2021-08-21T00:15:20Z</time></trkpt><trkpt lat="36.982589" lon="138.956985"><ele>1866.0</ele><time>2021-08-21T00:15:25Z</time></trkpt><trkpt lat="36.982582" lon="138.957047"><ele>1866.3</ele><time>2021-08-21T00:15:30Z</time></trkpt><trkpt lat="36.982567" lon="138.957116"><ele>1866.8</ele><time>2021-08-21T00:15:36Z</time></trkpt><trkpt lat="36.982552" lon="138.957182"><ele>1867.3</ele><time>2021-08-21T00:15:41Z</time></trkpt><trkpt lat="36.982551" lon="138.957268"><ele>1868.0</ele><time>2021-08-21T00:15:46Z</time></trkpt><trkpt lat="36.982554" lon="138.957289"><ele>1868.2</ele><time>2021-08-21T00:15:48Z</time></trkpt><trkpt lat="36.982553" lon="138.957332"><ele>1868.5</ele><time>2021-08-21T00:15:53Z</time></trkpt><trkpt lat="36.982548" lon="138.957389"><ele>1869.0</ele><time>2021-08-21T00:15:58Z</time></trkpt><trkpt lat="36.982541" lon="138.957428"><ele>1869.4</ele><time>2021-08-21T00:16:01Z</time></trkpt><trkpt lat="36.982537" lon="138.957475"><ele>1869.8</ele><time>2021-08-21T00:16:06Z</time></trkpt><trkpt lat="36.982519" lon="138.957513"><ele>1870.2</ele><time>2021-08-21T00:16:11Z</time></trkpt><trkpt lat="36.982505" lon="138.957557"><ele>1870.6</ele><time>2021-08-21T00:16:16Z</time></trkpt><trkpt lat="36.982497" lon="138.957603"><ele>1871.1</ele><time>2021-08-21T00:16:21Z</time></trkpt><trkpt lat="36.982487" lon="138.957635"><ele>1871.4</ele><time>2021-08-21T00:16:26Z</time></trkpt><trkpt lat="36.982456" lon="138.957687"><ele>1871.9</ele><time>2021-08-21T00:16:31Z</time></trkpt><trkpt lat="36.982439" lon="138.957705"><ele>1872.2</ele><time>2021-08-21T00:16:34Z</time></trkpt><trkpt lat="36.982409" lon="138.957753"><ele>1872.7</ele><time>2021-08-21T00:16:39Z</time></trkpt><trkpt lat="36.98239" lon="138.957781"><ele>1873.0</ele><time>2021-08-21T00:16:42Z</time></trkpt><trkpt lat="36.982377" lon="138.957828"><ele>1873.3</ele><time>2021-08-21T00:16:47Z</time></trkpt><trkpt lat="36.982359" lon="138.957883"><ele>1873.8</ele><time>2021-08-21T00:16:52Z</time></trkpt><trkpt lat="36.982352" lon="138.957904"><ele>1873.9</ele><time>2021-08-21T00:16:54Z</time></trkpt><trkpt lat="36.982337" lon="138.957971"><ele>1874.4</ele><time>2021-08-21T00:16:59Z</time></trkpt><trkpt lat="36.98233" lon="138.957998"><ele>1874.5</ele><time>2021-08-21T00:17:02Z</time></trkpt><trkpt lat="36.982332" lon="138.95805"><ele>1874.7</ele><time>2021-08-21T00:17:07Z</time></trkpt><trkpt lat="36.982326" lon="138.958099"><ele>1874.9</ele><time>2021-08-21T00:17:12Z</time></trkpt><trkpt lat="36.982362" lon="138.958149"><ele>1875.0</ele><time>2021-08-21T00:17:17Z</time></trkpt><trkpt lat="36.982379" lon="138.958175"><ele>1875.1</ele><time>2021-08-21T00:17:20Z</time></trkpt><trkpt lat="36.982391" lon="138.958193"><ele>1875.1</ele><time>2021-08-21T00:17:22Z</time></trkpt><trkpt lat="36.982405" lon="138.958232"><ele>1875.1</ele><time>2021-08-21T00:17:25Z</time></trkpt><trkpt lat="36.982418" lon="138.958309"><ele>1875.0</ele><time>2021-08-21T00:17:30Z</time></trkpt><trkpt lat="36.982416" lon="138.958331"><ele>1875.0</ele><time>2021-08-21T00:17:32Z</time></trkpt><trkpt lat="36.982394" lon="138.958381"><ele>1874.8</ele><time>2021-08-21T00:17:40Z</time></trkpt><trkpt lat="36.982371" lon="138.958424"><ele>1874.7</ele><time>2021-08-21T00:17:45Z</time></trkpt><trkpt lat="36.982328" lon="138.958452"><ele>1874.4</ele><time>2021-08-21T00:17:53Z</time></trkpt><trkpt lat="36.982283" lon="138.958498"><ele>1874.0</ele><time>2021-08-21T00:18:00Z</time></trkpt><trkpt lat="36.982265" lon="138.958514"><ele>1873.8</ele><time>2021-08-21T00:18:06Z</time></trkpt><trkpt lat="36.982256" lon="138.958526"><ele>1873.7</ele><time>2021-08-21T00:18:18Z</time></trkpt><trkpt lat="36.982257" lon="138.958523"><ele>1873.7</ele><time>2021-08-21T00:18:21Z</time></trkpt><trkpt lat="36.982231" lon="138.958561"><ele>1873.3</ele><time>2021-08-21T00:18:26Z</time></trkpt><trkpt lat="36.982151" lon="138.958606"><ele>1871.9</ele><time>2021-08-21T00:18:34Z</time></trkpt><trkpt lat="36.982097" lon="138.95863"><ele>1871.1</ele><time>2021-08-21T00:18:41Z</time></trkpt><trkpt lat="36.982055" lon="138.958641"><ele>1870.6</ele><time>2021-08-21T00:18:46Z</time></trkpt><trkpt lat="36.981974" lon="138.958644"><ele>1869.8</ele><time>2021-08-21T00:18:54Z</time></trkpt><trkpt lat="36.981955" lon="138.958649"><ele>1869.6</ele><time>2021-08-21T00:18:56Z</time></trkpt><trkpt lat="36.981906" lon="138.958668"><ele>1869.1</ele><time>2021-08-21T00:19:01Z</time></trkpt><trkpt lat="36.98186" lon="138.958692"><ele>1868.6</ele><time>2021-08-21T00:19:07Z</time></trkpt><trkpt lat="36.981827" lon="138.958708"><ele>1868.2</ele><time>2021-08-21T00:19:12Z</time></trkpt><trkpt lat="36.981814" lon="138.958722"><ele>1868.0</ele><time>2021-08-21T00:19:17Z</time></trkpt><trkpt lat="36.981762" lon="138.958724"><ele>1867.5</ele><time>2021-08-21T00:19:27Z</time></trkpt><trkpt lat="36.981692" lon="138.958725"><ele>1867.1</ele><time>2021-08-21T00:19:32Z</time></trkpt><trkpt lat="36.981662" lon="138.958714"><ele>1867.0</ele><time>2021-08-21T00:19:35Z</time></trkpt><trkpt lat="36.981597" lon="138.958721"><ele>1866.8</ele><time>2021-08-21T00:19:40Z</time></trkpt><trkpt lat="36.981576" lon="138.958731"><ele>1866.8</ele><time>2021-08-21T00:19:42Z</time></trkpt><trkpt lat="36.981529" lon="138.958739"><ele>1866.9</ele><time>2021-08-21T00:19:45Z</time></trkpt><trkpt lat="36.981502" lon="138.95876"><ele>1866.9</ele><time>2021-08-21T00:19:47Z</time></trkpt><trkpt lat="36.98147" lon="138.958782"><ele>1866.9</ele><time>2021-08-21T00:19:50Z</time></trkpt><trkpt lat="36.981454" lon="138.958807"><ele>1866.9</ele><time>2021-08-21T00:19:52Z</time></trkpt><trkpt lat="36.981427" lon="138.958823"><ele>1866.9</ele><time>2021-08-21T00:19:55Z</time></trkpt><trkpt lat="36.98139" lon="138.958851"><ele>1867.0</ele><time>2021-08-21T00:20:00Z</time></trkpt><trkpt lat="36.981366" lon="138.958871"><ele>1867.0</ele><time>2021-08-21T00:20:05Z</time></trkpt><trkpt lat="36.98133" lon="138.95889"><ele>1867.2</ele><time>2021-08-21T00:20:10Z</time></trkpt><trkpt lat="36.981293" lon="138.958956"><ele>1867.5</ele><time>2021-08-21T00:20:15Z</time></trkpt><trkpt lat="36.981273" lon="138.958996"><ele>1867.9</ele><time>2021-08-21T00:20:18Z</time></trkpt><trkpt lat="36.981256" lon="138.959019"><ele>1868.1</ele><time>2021-08-21T00:20:20Z</time></trkpt><trkpt lat="36.981229" lon="138.959055"><ele>1868.6</ele><time>2021-08-21T00:20:23Z</time></trkpt><trkpt lat="36.981213" lon="138.959069"><ele>1868.8</ele><time>2021-08-21T00:20:25Z</time></trkpt><trkpt lat="36.981163" lon="138.959102"><ele>1869.5</ele><time>2021-08-21T00:20:30Z</time></trkpt><trkpt lat="36.981117" lon="138.959161"><ele>1870.4</ele><time>2021-08-21T00:20:36Z</time></trkpt><trkpt lat="36.98111" lon="138.959183"><ele>1870.7</ele><time>2021-08-21T00:20:38Z</time></trkpt><trkpt lat="36.98109" lon="138.959235"><ele>1871.4</ele><time>2021-08-21T00:20:43Z</time></trkpt><trkpt lat="36.98109" lon="138.959263"><ele>1871.7</ele><time>2021-08-21T00:20:48Z</time></trkpt><trkpt lat="36.981075" lon="138.959318"><ele>1872.6</ele><time>2021-08-21T00:20:56Z</time></trkpt><trkpt lat="36.981052" lon="138.959343"><ele>1873.1</ele><time>2021-08-21T00:21:01Z</time></trkpt><trkpt lat="36.981022" lon="138.959389"><ele>1873.9</ele><time>2021-08-21T00:21:06Z</time></trkpt><trkpt lat="36.981007" lon="138.959413"><ele>1874.3</ele><time>2021-08-21T00:21:09Z</time></trkpt><trkpt lat="36.98099" lon="138.959446"><ele>1874.9</ele><time>2021-08-21T00:21:14Z</time></trkpt><trkpt lat="36.980951" lon="138.959454"><ele>1875.4</ele><time>2021-08-21T00:21:19Z</time></trkpt><trkpt lat="36.98091" lon="138.959485"><ele>1876.1</ele><time>2021-08-21T00:21:24Z</time></trkpt><trkpt lat="36.980888" lon="138.959503"><ele>1876.5</ele><time>2021-08-21T00:21:26Z</time></trkpt><trkpt lat="36.98087" lon="138.959516"><ele>1876.9</ele><time>2021-08-21T00:21:29Z</time></trkpt><trkpt lat="36.980838" lon="138.959525"><ele>1877.5</ele><time>2021-08-21T00:21:34Z</time></trkpt><trkpt lat="36.980798" lon="138.959541"><ele>1878.5</ele><time>2021-08-21T00:21:39Z</time></trkpt><trkpt lat="36.980768" lon="138.959546"><ele>1879.4</ele><time>2021-08-21T00:21:44Z</time></trkpt><trkpt lat="36.98074" lon="138.959577"><ele>1880.6</ele><time>2021-08-21T00:21:52Z</time></trkpt><trkpt lat="36.980723" lon="138.959557"><ele>1881.3</ele><time>2021-08-21T00:21:59Z</time></trkpt><trkpt lat="36.980705" lon="138.959558"><ele>1881.9</ele><time>2021-08-21T00:22:07Z</time></trkpt><trkpt lat="36.980619" lon="138.959583"><ele>1884.6</ele><time>2021-08-21T00:22:17Z</time></trkpt><trkpt lat="36.980597" lon="138.959596"><ele>1885.1</ele><time>2021-08-21T00:22:20Z</time></trkpt><trkpt lat="36.980556" lon="138.959632"><ele>1886.1</ele><time>2021-08-21T00:22:25Z</time></trkpt><trkpt lat="36.980527" lon="138.959656"><ele>1886.7</ele><time>2021-08-21T00:22:30Z</time></trkpt><trkpt lat="36.980512" lon="138.959679"><ele>1887.2</ele><time>2021-08-21T00:22:35Z</time></trkpt><trkpt lat="36.980474" lon="138.959737"><ele>1888.3</ele><time>2021-08-21T00:22:43Z</time></trkpt><trkpt lat="36.980437" lon="138.959763"><ele>1889.4</ele><time>2021-08-21T00:22:48Z</time></trkpt><trkpt lat="36.980411" lon="138.959797"><ele>1890.6</ele><time>2021-08-21T00:22:53Z</time></trkpt><trkpt lat="36.980386" lon="138.959811"><ele>1891.5</ele><time>2021-08-21T00:22:58Z</time></trkpt><trkpt lat="36.98036" lon="138.95981"><ele>1892.3</ele><time>2021-08-21T00:23:03Z</time></trkpt><trkpt lat="36.980326" lon="138.959814"><ele>1893.6</ele><time>2021-08-21T00:23:08Z</time></trkpt><trkpt lat="36.980296" lon="138.959836"><ele>1894.8</ele><time>2021-08-21T00:23:13Z</time></trkpt><trkpt lat="36.980263" lon="138.959849"><ele>1896.1</ele><time>2021-08-21T00:23:18Z</time></trkpt><trkpt lat="36.98023" lon="138.959857"><ele>1897.3</ele><time>2021-08-21T00:23:23Z</time></trkpt><trkpt lat="36.980191" lon="138.959891"><ele>1899.0</ele><time>2021-08-21T00:23:29Z</time></trkpt><trkpt lat="36.980169" lon="138.959935"><ele>1900.6</ele><time>2021-08-21T00:23:34Z</time></trkpt><trkpt lat="36.980141" lon="138.959968"><ele>1902.1</ele><time>2021-08-21T00:23:39Z</time></trkpt><trkpt lat="36.980109" lon="138.960004"><ele>1903.8</ele><time>2021-08-21T00:23:44Z</time></trkpt><trkpt lat="36.980094" lon="138.960012"><ele>1904.5</ele><time>2021-08-21T00:23:46Z</time></trkpt><trkpt lat="36.980067" lon="138.960029"><ele>1905.7</ele><time>2021-08-21T00:23:51Z</time></trkpt><trkpt lat="36.980051" lon="138.960073"><ele>1907.2</ele><time>2021-08-21T00:23:59Z</time></trkpt><trkpt lat="36.980019" lon="138.960086"><ele>1908.4</ele><time>2021-08-21T00:24:07Z</time></trkpt><trkpt lat="36.979988" lon="138.960098"><ele>1909.5</ele><time>2021-08-21T00:24:17Z</time></trkpt><trkpt lat="36.979952" lon="138.96013"><ele>1910.8</ele><time>2021-08-21T00:24:29Z</time></trkpt><trkpt lat="36.979899" lon="138.960134"><ele>1912.2</ele><time>2021-08-21T00:24:37Z</time></trkpt><trkpt lat="36.979866" lon="138.960149"><ele>1913.0</ele><time>2021-08-21T00:24:42Z</time></trkpt><trkpt lat="36.979826" lon="138.960194"><ele>1914.3</ele><time>2021-08-21T00:24:47Z</time></trkpt><trkpt lat="36.9798" lon="138.960218"><ele>1915.1</ele><time>2021-08-21T00:24:52Z</time></trkpt><trkpt lat="36.979768" lon="138.960257"><ele>1916.3</ele><time>2021-08-21T00:25:00Z</time></trkpt><trkpt lat="36.979738" lon="138.960282"><ele>1917.5</ele><time>2021-08-21T00:25:08Z</time></trkpt><trkpt lat="36.979735" lon="138.960282"><ele>1917.5</ele><time>2021-08-21T00:25:15Z</time></trkpt><trkpt lat="36.979717" lon="138.960304"><ele>1918.4</ele><time>2021-08-21T00:25:20Z</time></trkpt><trkpt lat="36.979635" lon="138.960262"><ele>1921.1</ele><time>2021-08-21T00:25:33Z</time></trkpt><trkpt lat="36.979612" lon="138.960229"><ele>1922.0</ele><time>2021-08-21T00:25:38Z</time></trkpt><trkpt lat="36.979586" lon="138.960199"><ele>1922.7</ele><time>2021-08-21T00:25:43Z</time></trkpt><trkpt lat="36.979555" lon="138.960168"><ele>1923.4</ele><time>2021-08-21T00:25:48Z</time></trkpt><trkpt lat="36.979527" lon="138.96013"><ele>1923.8</ele><time>2021-08-21T00:25:53Z</time></trkpt><trkpt lat="36.979484" lon="138.960144"><ele>1924.1</ele><time>2021-08-21T00:25:58Z</time></trkpt><trkpt lat="36.979443" lon="138.960177"><ele>1924.2</ele><time>2021-08-21T00:26:04Z</time></trkpt><trkpt lat="36.979417" lon="138.960213"><ele>1924.4</ele><time>2021-08-21T00:26:09Z</time></trkpt><trkpt lat="36.979408" lon="138.960235"><ele>1924.5</ele><time>2021-08-21T00:26:14Z</time></trkpt><trkpt lat="36.979412" lon="138.960218"><ele>1924.5</ele><time>2021-08-21T00:26:26Z</time></trkpt><trkpt lat="36.979413" lon="138.960219"><ele>1924.5</ele><time>2021-08-21T00:26:31Z</time></trkpt><trkpt lat="36.979384" lon="138.960278"><ele>1924.8</ele><time>2021-08-21T00:26:39Z</time></trkpt><trkpt lat="36.979382" lon="138.960349"><ele>1925.1</ele><time>2021-08-21T00:26:44Z</time></trkpt><trkpt lat="36.979382" lon="138.960397"><ele>1925.4</ele><time>2021-08-21T00:26:47Z</time></trkpt><trkpt lat="36.979375" lon="138.960422"><ele>1925.5</ele><time>2021-08-21T00:26:49Z</time></trkpt><trkpt lat="36.979335" lon="138.960477"><ele>1925.9</ele><time>2021-08-21T00:26:54Z</time></trkpt><trkpt lat="36.979313" lon="138.960503"><ele>1926.1</ele><time>2021-08-21T00:26:57Z</time></trkpt><trkpt lat="36.979279" lon="138.960551"><ele>1926.4</ele><time>2021-08-21T00:27:02Z</time></trkpt><trkpt lat="36.979263" lon="138.96058"><ele>1926.6</ele><time>2021-08-21T00:27:05Z</time></trkpt><trkpt lat="36.979218" lon="138.960633"><ele>1927.0</ele><time>2021-08-21T00:27:10Z</time></trkpt><trkpt lat="36.979204" lon="138.960648"><ele>1927.2</ele><time>2021-08-21T00:27:12Z</time></trkpt><trkpt lat="36.979164" lon="138.960714"><ele>1927.5</ele><time>2021-08-21T00:27:17Z</time></trkpt><trkpt lat="36.979147" lon="138.960736"><ele>1927.6</ele><time>2021-08-21T00:27:20Z</time></trkpt><trkpt lat="36.979106" lon="138.960819"><ele>1928.0</ele><time>2021-08-21T00:27:25Z</time></trkpt><trkpt lat="36.97909" lon="138.960854"><ele>1928.1</ele><time>2021-08-21T00:27:27Z</time></trkpt><trkpt lat="36.979067" lon="138.960893"><ele>1928.2</ele><time>2021-08-21T00:27:30Z</time></trkpt><trkpt lat="36.979046" lon="138.960922"><ele>1928.3</ele><time>2021-08-21T00:27:33Z</time></trkpt><trkpt lat="36.979033" lon="138.960943"><ele>1928.3</ele><time>2021-08-21T00:27:35Z</time></trkpt><trkpt lat="36.978991" lon="138.961009"><ele>1928.5</ele><time>2021-08-21T00:27:40Z</time></trkpt><trkpt lat="36.978975" lon="138.961045"><ele>1928.6</ele><time>2021-08-21T00:27:43Z</time></trkpt><trkpt lat="36.978962" lon="138.961066"><ele>1928.7</ele><time>2021-08-21T00:27:45Z</time></trkpt><trkpt lat="36.978937" lon="138.961111"><ele>1928.9</ele><time>2021-08-21T00:27:48Z</time></trkpt><trkpt lat="36.978928" lon="138.961131"><ele>1929.0</ele><time>2021-08-21T00:27:50Z</time></trkpt><trkpt lat="36.978899" lon="138.961175"><ele>1929.3</ele><time>2021-08-21T00:27:53Z</time></trkpt><trkpt lat="36.978887" lon="138.9612"><ele>1929.5</ele><time>2021-08-21T00:27:55Z</time></trkpt><trkpt lat="36.978873" lon="138.961241"><ele>1929.8</ele><time>2021-08-21T00:27:58Z</time></trkpt><trkpt lat="36.978861" lon="138.961268"><ele>1930.0</ele><time>2021-08-21T00:28:00Z</time></trkpt><trkpt lat="36.978847" lon="138.961307"><ele>1930.3</ele><time>2021-08-21T00:28:03Z</time></trkpt><trkpt lat="36.978837" lon="138.961342"><ele>1930.6</ele><time>2021-08-21T00:28:06Z</time></trkpt><trkpt lat="36.978827" lon="138.961402"><ele>1931.1</ele><time>2021-08-21T00:28:11Z</time></trkpt><trkpt lat="36.978835" lon="138.961471"><ele>1931.8</ele><time>2021-08-21T00:28:16Z</time></trkpt><trkpt lat="36.978841" lon="138.96154"><ele>1932.5</ele><time>2021-08-21T00:28:21Z</time></trkpt><trkpt lat="36.978844" lon="138.961605"><ele>1933.2</ele><time>2021-08-21T00:28:26Z</time></trkpt><trkpt lat="36.97885" lon="138.961647"><ele>1933.6</ele><time>2021-08-21T00:28:31Z</time></trkpt><trkpt lat="36.97885" lon="138.961707"><ele>1934.2</ele><time>2021-08-21T00:28:36Z</time></trkpt><trkpt lat="36.978853" lon="138.96175"><ele>1934.7</ele><time>2021-08-21T00:28:39Z</time></trkpt><trkpt lat="36.97885" lon="138.961775"><ele>1934.9</ele><time>2021-08-21T00:28:41Z</time></trkpt><trkpt lat="36.978834" lon="138.961829"><ele>1935.5</ele><time>2021-08-21T00:28:46Z</time></trkpt><trkpt lat="36.978829" lon="138.961888"><ele>1935.9</ele><time>2021-08-21T00:28:51Z</time></trkpt><trkpt lat="36.978836" lon="138.961909"><ele>1936.1</ele><time>2021-08-21T00:28:54Z</time></trkpt><trkpt lat="36.978842" lon="138.96194"><ele>1936.3</ele><time>2021-08-21T00:29:01Z</time></trkpt><trkpt lat="36.978813" lon="138.962012"><ele>1936.5</ele><time>2021-08-21T00:29:07Z</time></trkpt><trkpt lat="36.978776" lon="138.962087"><ele>1936.4</ele><time>2021-08-21T00:29:12Z</time></trkpt><trkpt lat="36.97877" lon="138.962108"><ele>1936.3</ele><time>2021-08-21T00:29:14Z</time></trkpt><trkpt lat="36.97874" lon="138.96216"><ele>1936.0</ele><time>2021-08-21T00:29:19Z</time></trkpt><trkpt lat="36.978687" lon="138.962214"><ele>1935.4</ele><time>2021-08-21T00:29:24Z</time></trkpt><trkpt lat="36.978661" lon="138.962243"><ele>1934.9</ele><time>2021-08-21T00:29:27Z</time></trkpt><trkpt lat="36.978646" lon="138.962269"><ele>1934.6</ele><time>2021-08-21T00:29:29Z</time></trkpt><trkpt lat="36.978618" lon="138.962301"><ele>1934.2</ele><time>2021-08-21T00:29:32Z</time></trkpt><trkpt lat="36.978596" lon="138.962327"><ele>1933.8</ele><time>2021-08-21T00:29:35Z</time></trkpt><trkpt lat="36.97859" lon="138.962364"><ele>1933.5</ele><time>2021-08-21T00:29:37Z</time></trkpt><trkpt lat="36.978591" lon="138.962412"><ele>1933.2</ele><time>2021-08-21T00:29:40Z</time></trkpt><trkpt lat="36.978591" lon="138.962447"><ele>1933.0</ele><time>2021-08-21T00:29:42Z</time></trkpt><trkpt lat="36.9786" lon="138.962508"><ele>1932.8</ele><time>2021-08-21T00:29:45Z</time></trkpt><trkpt lat="36.978606" lon="138.962544"><ele>1932.8</ele><time>2021-08-21T00:29:47Z</time></trkpt><trkpt lat="36.978622" lon="138.962594"><ele>1932.8</ele><time>2021-08-21T00:29:50Z</time></trkpt><trkpt lat="36.978624" lon="138.962633"><ele>1932.8</ele><time>2021-08-21T00:29:52Z</time></trkpt><trkpt lat="36.978626" lon="138.96267"><ele>1932.9</ele><time>2021-08-21T00:29:55Z</time></trkpt><trkpt lat="36.978617" lon="138.962726"><ele>1933.0</ele><time>2021-08-21T00:30:00Z</time></trkpt><trkpt lat="36.978617" lon="138.962749"><ele>1933.0</ele><time>2021-08-21T00:30:03Z</time></trkpt><trkpt lat="36.978592" lon="138.962824"><ele>1933.2</ele><time>2021-08-21T00:30:08Z</time></trkpt><trkpt lat="36.978574" lon="138.962848"><ele>1933.3</ele><time>2021-08-21T00:30:10Z</time></trkpt><trkpt lat="36.978546" lon="138.962886"><ele>1933.5</ele><time>2021-08-21T00:30:13Z</time></trkpt><trkpt lat="36.978536" lon="138.962906"><ele>1933.5</ele><time>2021-08-21T00:30:15Z</time></trkpt><trkpt lat="36.978515" lon="138.962966"><ele>1933.7</ele><time>2021-08-21T00:30:20Z</time></trkpt><trkpt lat="36.9785" lon="138.963062"><ele>1934.1</ele><time>2021-08-21T00:30:25Z</time></trkpt><trkpt lat="36.978493" lon="138.96311"><ele>1934.4</ele><time>2021-08-21T00:30:28Z</time></trkpt><trkpt lat="36.978487" lon="138.963134"><ele>1934.5</ele><time>2021-08-21T00:30:30Z</time></trkpt><trkpt lat="36.978467" lon="138.963216"><ele>1935.1</ele><time>2021-08-21T00:30:36Z</time></trkpt><trkpt lat="36.97846" lon="138.96325"><ele>1935.4</ele><time>2021-08-21T00:30:38Z</time></trkpt><trkpt lat="36.978447" lon="138.963287"><ele>1935.8</ele><time>2021-08-21T00:30:41Z</time></trkpt><trkpt lat="36.97843" lon="138.96334"><ele>1936.5</ele><time>2021-08-21T00:30:46Z</time></trkpt><trkpt lat="36.978404" lon="138.963411"><ele>1937.5</ele><time>2021-08-21T00:30:51Z</time></trkpt><trkpt lat="36.978399" lon="138.963453"><ele>1938.2</ele><time>2021-08-21T00:30:53Z</time></trkpt><trkpt lat="36.978404" lon="138.963498"><ele>1939.0</ele><time>2021-08-21T00:30:56Z</time></trkpt><trkpt lat="36.978408" lon="138.963526"><ele>1939.6</ele><time>2021-08-21T00:30:58Z</time></trkpt><trkpt lat="36.978416" lon="138.963564"><ele>1940.4</ele><time>2021-08-21T00:31:01Z</time></trkpt><trkpt lat="36.978425" lon="138.963596"><ele>1941.1</ele><time>2021-08-21T00:31:04Z</time></trkpt><trkpt lat="36.978448" lon="138.963635"><ele>1942.1</ele><time>2021-08-21T00:31:09Z</time></trkpt><trkpt lat="36.978454" lon="138.963694"><ele>1943.3</ele><time>2021-08-21T00:31:14Z</time></trkpt><trkpt lat="36.978468" lon="138.963737"><ele>1944.3</ele><time>2021-08-21T00:31:19Z</time></trkpt><trkpt lat="36.978486" lon="138.963794"><ele>1945.6</ele><time>2021-08-21T00:31:24Z</time></trkpt><trkpt lat="36.978493" lon="138.963833"><ele>1946.4</ele><time>2021-08-21T00:31:29Z</time></trkpt><trkpt lat="36.978502" lon="138.963883"><ele>1947.5</ele><time>2021-08-21T00:31:34Z</time></trkpt><trkpt lat="36.978503" lon="138.963933"><ele>1948.5</ele><time>2021-08-21T00:31:39Z</time></trkpt><trkpt lat="36.978516" lon="138.963982"><ele>1949.5</ele><time>2021-08-21T00:31:44Z</time></trkpt><trkpt lat="36.978526" lon="138.964036"><ele>1950.5</ele><time>2021-08-21T00:31:49Z</time></trkpt><trkpt lat="36.978524" lon="138.964087"><ele>1951.4</ele><time>2021-08-21T00:31:54Z</time></trkpt><trkpt lat="36.978522" lon="138.964143"><ele>1952.3</ele><time>2021-08-21T00:31:59Z</time></trkpt><trkpt lat="36.978515" lon="138.964183"><ele>1952.8</ele><time>2021-08-21T00:32:02Z</time></trkpt><trkpt lat="36.978504" lon="138.964224"><ele>1953.4</ele><time>2021-08-21T00:32:05Z</time></trkpt><trkpt lat="36.978501" lon="138.964244"><ele>1953.7</ele><time>2021-08-21T00:32:07Z</time></trkpt><trkpt lat="36.978485" lon="138.964295"><ele>1954.4</ele><time>2021-08-21T00:32:12Z</time></trkpt><trkpt lat="36.978469" lon="138.964365"><ele>1955.3</ele><time>2021-08-21T00:32:17Z</time></trkpt><trkpt lat="36.978463" lon="138.964415"><ele>1955.9</ele><time>2021-08-21T00:32:20Z</time></trkpt><trkpt lat="36.978464" lon="138.964446"><ele>1956.4</ele><time>2021-08-21T00:32:22Z</time></trkpt><trkpt lat="36.978471" lon="138.964482"><ele>1956.8</ele><time>2021-08-21T00:32:25Z</time></trkpt><trkpt lat="36.978476" lon="138.964557"><ele>1957.5</ele><time>2021-08-21T00:32:30Z</time></trkpt><trkpt lat="36.978466" lon="138.964618"><ele>1957.8</ele><time>2021-08-21T00:32:35Z</time></trkpt><trkpt lat="36.978463" lon="138.964657"><ele>1957.9</ele><time>2021-08-21T00:32:40Z</time></trkpt><trkpt lat="36.978453" lon="138.964717"><ele>1957.9</ele><time>2021-08-21T00:32:50Z</time></trkpt><trkpt lat="36.978462" lon="138.964788"><ele>1957.6</ele><time>2021-08-21T00:32:55Z</time></trkpt><trkpt lat="36.978468" lon="138.964839"><ele>1957.3</ele><time>2021-08-21T00:32:58Z</time></trkpt><trkpt lat="36.97846" lon="138.964864"><ele>1957.1</ele><time>2021-08-21T00:33:00Z</time></trkpt><trkpt lat="36.978465" lon="138.964906"><ele>1956.8</ele><time>2021-08-21T00:33:03Z</time></trkpt><trkpt lat="36.978471" lon="138.964998"><ele>1956.0</ele><time>2021-08-21T00:33:08Z</time></trkpt><trkpt lat="36.978465" lon="138.965053"><ele>1955.5</ele><time>2021-08-21T00:33:11Z</time></trkpt><trkpt lat="36.978461" lon="138.965089"><ele>1955.2</ele><time>2021-08-21T00:33:13Z</time></trkpt><trkpt lat="36.978452" lon="138.965144"><ele>1954.8</ele><time>2021-08-21T00:33:16Z</time></trkpt><trkpt lat="36.97845" lon="138.965169"><ele>1954.6</ele><time>2021-08-21T00:33:18Z</time></trkpt><trkpt lat="36.978449" lon="138.965211"><ele>1954.3</ele><time>2021-08-21T00:33:21Z</time></trkpt><trkpt lat="36.978431" lon="138.965299"><ele>1953.6</ele><time>2021-08-21T00:33:26Z</time></trkpt><trkpt lat="36.978419" lon="138.965334"><ele>1953.4</ele><time>2021-08-21T00:33:28Z</time></trkpt><trkpt lat="36.978415" lon="138.965379"><ele>1953.1</ele><time>2021-08-21T00:33:31Z</time></trkpt><trkpt lat="36.978412" lon="138.965434"><ele>1952.8</ele><time>2021-08-21T00:33:34Z</time></trkpt><trkpt lat="36.978415" lon="138.965455"><ele>1952.7</ele><time>2021-08-21T00:33:36Z</time></trkpt><trkpt lat="36.978412" lon="138.965523"><ele>1952.5</ele><time>2021-08-21T00:33:41Z</time></trkpt><trkpt lat="36.978403" lon="138.965595"><ele>1952.4</ele><time>2021-08-21T00:33:46Z</time></trkpt><trkpt lat="36.978399" lon="138.965626"><ele>1952.4</ele><time>2021-08-21T00:33:49Z</time></trkpt><trkpt lat="36.97839" lon="138.965687"><ele>1952.4</ele><time>2021-08-21T00:33:54Z</time></trkpt><trkpt lat="36.978391" lon="138.965719"><ele>1952.4</ele><time>2021-08-21T00:33:56Z</time></trkpt><trkpt lat="36.978398" lon="138.965765"><ele>1952.4</ele><time>2021-08-21T00:33:59Z</time></trkpt><trkpt lat="36.978397" lon="138.965797"><ele>1952.4</ele><time>2021-08-21T00:34:01Z</time></trkpt><trkpt lat="36.978397" lon="138.965847"><ele>1952.4</ele><time>2021-08-21T00:34:04Z</time></trkpt><trkpt lat="36.978391" lon="138.965898"><ele>1952.3</ele><time>2021-08-21T00:34:07Z</time></trkpt><trkpt lat="36.978388" lon="138.965929"><ele>1952.2</ele><time>2021-08-21T00:34:09Z</time></trkpt><trkpt lat="36.978376" lon="138.965979"><ele>1952.1</ele><time>2021-08-21T00:34:12Z</time></trkpt><trkpt lat="36.978368" lon="138.966017"><ele>1952.0</ele><time>2021-08-21T00:34:14Z</time></trkpt><trkpt lat="36.978352" lon="138.966066"><ele>1951.9</ele><time>2021-08-21T00:34:17Z</time></trkpt><trkpt lat="36.97835" lon="138.966099"><ele>1951.9</ele><time>2021-08-21T00:34:19Z</time></trkpt><trkpt lat="36.978351" lon="138.966135"><ele>1951.9</ele><time>2021-08-21T00:34:22Z</time></trkpt><trkpt lat="36.978356" lon="138.966173"><ele>1951.9</ele><time>2021-08-21T00:34:27Z</time></trkpt><trkpt lat="36.978359" lon="138.966235"><ele>1952.0</ele><time>2021-08-21T00:34:32Z</time></trkpt><trkpt lat="36.978355" lon="138.966296"><ele>1952.1</ele><time>2021-08-21T00:34:37Z</time></trkpt><trkpt lat="36.978351" lon="138.966356"><ele>1952.3</ele><time>2021-08-21T00:34:42Z</time></trkpt><trkpt lat="36.97834" lon="138.966409"><ele>1952.4</ele><time>2021-08-21T00:34:47Z</time></trkpt><trkpt lat="36.978342" lon="138.966472"><ele>1952.6</ele><time>2021-08-21T00:34:52Z</time></trkpt><trkpt lat="36.978347" lon="138.966536"><ele>1952.8</ele><time>2021-08-21T00:34:57Z</time></trkpt><trkpt lat="36.978346" lon="138.966582"><ele>1952.9</ele><time>2021-08-21T00:35:00Z</time></trkpt><trkpt lat="36.978342" lon="138.966634"><ele>1953.0</ele><time>2021-08-21T00:35:03Z</time></trkpt><trkpt lat="36.978345" lon="138.966663"><ele>1953.0</ele><time>2021-08-21T00:35:05Z</time></trkpt><trkpt lat="36.978348" lon="138.9667"><ele>1953.1</ele><time>2021-08-21T00:35:08Z</time></trkpt><trkpt lat="36.97833" lon="138.966781"><ele>1953.0</ele><time>2021-08-21T00:35:13Z</time></trkpt><trkpt lat="36.978324" lon="138.966817"><ele>1952.9</ele><time>2021-08-21T00:35:15Z</time></trkpt><trkpt lat="36.978318" lon="138.966874"><ele>1952.6</ele><time>2021-08-21T00:35:18Z</time></trkpt><trkpt lat="36.978314" lon="138.966911"><ele>1952.4</ele><time>2021-08-21T00:35:20Z</time></trkpt><trkpt lat="36.978316" lon="138.966955"><ele>1952.1</ele><time>2021-08-21T00:35:23Z</time></trkpt><trkpt lat="36.97832" lon="138.966978"><ele>1951.9</ele><time>2021-08-21T00:35:25Z</time></trkpt><trkpt lat="36.978333" lon="138.967038"><ele>1951.4</ele><time>2021-08-21T00:35:30Z</time></trkpt><trkpt lat="36.97835" lon="138.967065"><ele>1951.1</ele><time>2021-08-21T00:35:33Z</time></trkpt><trkpt lat="36.978399" lon="138.967112"><ele>1950.4</ele><time>2021-08-21T00:35:38Z</time></trkpt><trkpt lat="36.978435" lon="138.967132"><ele>1949.8</ele><time>2021-08-21T00:35:41Z</time></trkpt><trkpt lat="36.978473" lon="138.967135"><ele>1949.2</ele><time>2021-08-21T00:35:43Z</time></trkpt><trkpt lat="36.978534" lon="138.967141"><ele>1948.0</ele><time>2021-08-21T00:35:46Z</time></trkpt><trkpt lat="36.978564" lon="138.967143"><ele>1947.5</ele><time>2021-08-21T00:35:48Z</time></trkpt><trkpt lat="36.978598" lon="138.967146"><ele>1946.9</ele><time>2021-08-21T00:35:51Z</time></trkpt><trkpt lat="36.978628" lon="138.967142"><ele>1946.4</ele><time>2021-08-21T00:35:53Z</time></trkpt><trkpt lat="36.978658" lon="138.967159"><ele>1945.8</ele><time>2021-08-21T00:35:56Z</time></trkpt><trkpt lat="36.978687" lon="138.967173"><ele>1945.4</ele><time>2021-08-21T00:35:58Z</time></trkpt><trkpt lat="36.97872" lon="138.967205"><ele>1944.8</ele><time>2021-08-21T00:36:01Z</time></trkpt><trkpt lat="36.978733" lon="138.967216"><ele>1944.6</ele><time>2021-08-21T00:36:04Z</time></trkpt><trkpt lat="36.978755" lon="138.967263"><ele>1944.2</ele><time>2021-08-21T00:36:09Z</time></trkpt><trkpt lat="36.978799" lon="138.967321"><ele>1943.9</ele><time>2021-08-21T00:36:14Z</time></trkpt><trkpt lat="36.978819" lon="138.967333"><ele>1943.9</ele><time>2021-08-21T00:36:16Z</time></trkpt><trkpt lat="36.978858" lon="138.967335"><ele>1943.9</ele><time>2021-08-21T00:36:19Z</time></trkpt><trkpt lat="36.978885" lon="138.967331"><ele>1944.0</ele><time>2021-08-21T00:36:21Z</time></trkpt><trkpt lat="36.978914" lon="138.967326"><ele>1944.1</ele><time>2021-08-21T00:36:24Z</time></trkpt><trkpt lat="36.978966" lon="138.967335"><ele>1944.3</ele><time>2021-08-21T00:36:29Z</time></trkpt><trkpt lat="36.978998" lon="138.96733"><ele>1944.4</ele><time>2021-08-21T00:36:32Z</time></trkpt><trkpt lat="36.979059" lon="138.967318"><ele>1944.3</ele><time>2021-08-21T00:36:37Z</time></trkpt><trkpt lat="36.979073" lon="138.967327"><ele>1944.2</ele><time>2021-08-21T00:36:39Z</time></trkpt><trkpt lat="36.979104" lon="138.967377"><ele>1943.9</ele><time>2021-08-21T00:36:44Z</time></trkpt><trkpt lat="36.979146" lon="138.967425"><ele>1943.3</ele><time>2021-08-21T00:36:49Z</time></trkpt><trkpt lat="36.979159" lon="138.967444"><ele>1943.1</ele><time>2021-08-21T00:36:52Z</time></trkpt><trkpt lat="36.979196" lon="138.967481"><ele>1942.5</ele><time>2021-08-21T00:36:57Z</time></trkpt><trkpt lat="36.979209" lon="138.967485"><ele>1942.3</ele><time>2021-08-21T00:37:02Z</time></trkpt><trkpt lat="36.979254" lon="138.967534"><ele>1941.4</ele><time>2021-08-21T00:37:17Z</time></trkpt><trkpt lat="36.979283" lon="138.967568"><ele>1940.7</ele><time>2021-08-21T00:37:20Z</time></trkpt><trkpt lat="36.979299" lon="138.967591"><ele>1940.2</ele><time>2021-08-21T00:37:22Z</time></trkpt><trkpt lat="36.979325" lon="138.967655"><ele>1939.2</ele><time>2021-08-21T00:37:27Z</time></trkpt><trkpt lat="36.979355" lon="138.967697"><ele>1938.4</ele><time>2021-08-21T00:37:30Z</time></trkpt><trkpt lat="36.979374" lon="138.967717"><ele>1938.0</ele><time>2021-08-21T00:37:33Z</time></trkpt><trkpt lat="36.979387" lon="138.967728"><ele>1937.7</ele><time>2021-08-21T00:37:35Z</time></trkpt><trkpt lat="36.979417" lon="138.967742"><ele>1937.2</ele><time>2021-08-21T00:37:40Z</time></trkpt><trkpt lat="36.979477" lon="138.967787"><ele>1936.1</ele><time>2021-08-21T00:37:45Z</time></trkpt><trkpt lat="36.979501" lon="138.967813"><ele>1935.6</ele><time>2021-08-21T00:37:48Z</time></trkpt><trkpt lat="36.979518" lon="138.967835"><ele>1935.3</ele><time>2021-08-21T00:37:50Z</time></trkpt><trkpt lat="36.979544" lon="138.967848"><ele>1934.9</ele><time>2021-08-21T00:37:53Z</time></trkpt><trkpt lat="36.979607" lon="138.967862"><ele>1934.0</ele><time>2021-08-21T00:37:58Z</time></trkpt><trkpt lat="36.97962" lon="138.96787"><ele>1933.8</ele><time>2021-08-21T00:38:00Z</time></trkpt><trkpt lat="36.979682" lon="138.967885"><ele>1932.8</ele><time>2021-08-21T00:38:06Z</time></trkpt><trkpt lat="36.97974" lon="138.967888"><ele>1931.8</ele><time>2021-08-21T00:38:11Z</time></trkpt><trkpt lat="36.979753" lon="138.96788"><ele>1931.5</ele><time>2021-08-21T00:38:13Z</time></trkpt><trkpt lat="36.979816" lon="138.967885"><ele>1930.3</ele><time>2021-08-21T00:38:18Z</time></trkpt><trkpt lat="36.979847" lon="138.9679"><ele>1929.6</ele><time>2021-08-21T00:38:21Z</time></trkpt><trkpt lat="36.979877" lon="138.967974"><ele>1928.3</ele><time>2021-08-21T00:38:26Z</time></trkpt><trkpt lat="36.979886" lon="138.968005"><ele>1927.8</ele><time>2021-08-21T00:38:28Z</time></trkpt><trkpt lat="36.979896" lon="138.968059"><ele>1926.9</ele><time>2021-08-21T00:38:31Z</time></trkpt><trkpt lat="36.979896" lon="138.96811"><ele>1926.1</ele><time>2021-08-21T00:38:34Z</time></trkpt><trkpt lat="36.979898" lon="138.968127"><ele>1925.8</ele><time>2021-08-21T00:38:36Z</time></trkpt><trkpt lat="36.979905" lon="138.968146"><ele>1925.5</ele><time>2021-08-21T00:38:39Z</time></trkpt><trkpt lat="36.979951" lon="138.968195"><ele>1924.3</ele><time>2021-08-21T00:38:46Z</time></trkpt><trkpt lat="36.979977" lon="138.968223"><ele>1923.6</ele><time>2021-08-21T00:38:49Z</time></trkpt><trkpt lat="36.979985" lon="138.96824"><ele>1923.3</ele><time>2021-08-21T00:38:51Z</time></trkpt><trkpt lat="36.980012" lon="138.968295"><ele>1922.2</ele><time>2021-08-21T00:38:56Z</time></trkpt><trkpt lat="36.980025" lon="138.968321"><ele>1921.8</ele><time>2021-08-21T00:39:01Z</time></trkpt><trkpt lat="36.980085" lon="138.968345"><ele>1920.9</ele><time>2021-08-21T00:39:07Z</time></trkpt><trkpt lat="36.980161" lon="138.968362"><ele>1920.0</ele><time>2021-08-21T00:39:12Z</time></trkpt><trkpt lat="36.980186" lon="138.968377"><ele>1919.7</ele><time>2021-08-21T00:39:14Z</time></trkpt><trkpt lat="36.980214" lon="138.968399"><ele>1919.4</ele><time>2021-08-21T00:39:17Z</time></trkpt><trkpt lat="36.980236" lon="138.968409"><ele>1919.1</ele><time>2021-08-21T00:39:19Z</time></trkpt><trkpt lat="36.98026" lon="138.968421"><ele>1918.9</ele><time>2021-08-21T00:39:22Z</time></trkpt><trkpt lat="36.980292" lon="138.968447"><ele>1918.5</ele><time>2021-08-21T00:39:27Z</time></trkpt><trkpt lat="36.980344" lon="138.968511"><ele>1917.9</ele><time>2021-08-21T00:39:32Z</time></trkpt><trkpt lat="36.980365" lon="138.968529"><ele>1917.7</ele><time>2021-08-21T00:39:35Z</time></trkpt><trkpt lat="36.980424" lon="138.968568"><ele>1917.3</ele><time>2021-08-21T00:39:40Z</time></trkpt><trkpt lat="36.980438" lon="138.968573"><ele>1917.3</ele><time>2021-08-21T00:39:42Z</time></trkpt><trkpt lat="36.980483" lon="138.968626"><ele>1917.1</ele><time>2021-08-21T00:39:47Z</time></trkpt><trkpt lat="36.980511" lon="138.96865"><ele>1917.1</ele><time>2021-08-21T00:39:50Z</time></trkpt><trkpt lat="36.98053" lon="138.968669"><ele>1917.1</ele><time>2021-08-21T00:39:52Z</time></trkpt><trkpt lat="36.980561" lon="138.968695"><ele>1917.1</ele><time>2021-08-21T00:39:55Z</time></trkpt><trkpt lat="36.980576" lon="138.968711"><ele>1917.1</ele><time>2021-08-21T00:39:57Z</time></trkpt><trkpt lat="36.980637" lon="138.96878"><ele>1917.2</ele><time>2021-08-21T00:40:03Z</time></trkpt><trkpt lat="36.980662" lon="138.968809"><ele>1917.3</ele><time>2021-08-21T00:40:05Z</time></trkpt><trkpt lat="36.980688" lon="138.968849"><ele>1917.4</ele><time>2021-08-21T00:40:08Z</time></trkpt><trkpt lat="36.980701" lon="138.968878"><ele>1917.5</ele><time>2021-08-21T00:40:10Z</time></trkpt><trkpt lat="36.980709" lon="138.968922"><ele>1917.6</ele><time>2021-08-21T00:40:13Z</time></trkpt><trkpt lat="36.980714" lon="138.968943"><ele>1917.7</ele><time>2021-08-21T00:40:15Z</time></trkpt><trkpt lat="36.980722" lon="138.96898"><ele>1917.9</ele><time>2021-08-21T00:40:20Z</time></trkpt><trkpt lat="36.98075" lon="138.969046"><ele>1918.4</ele><time>2021-08-21T00:40:25Z</time></trkpt><trkpt lat="36.980764" lon="138.969121"><ele>1919.2</ele><time>2021-08-21T00:40:30Z</time></trkpt><trkpt lat="36.980778" lon="138.96915"><ele>1919.6</ele><time>2021-08-21T00:40:33Z</time></trkpt><trkpt lat="36.980789" lon="138.969203"><ele>1920.3</ele><time>2021-08-21T00:40:38Z</time></trkpt><trkpt lat="36.98082" lon="138.969254"><ele>1921.2</ele><time>2021-08-21T00:40:43Z</time></trkpt><trkpt lat="36.980839" lon="138.969288"><ele>1921.8</ele><time>2021-08-21T00:40:48Z</time></trkpt><trkpt lat="36.980856" lon="138.969324"><ele>1922.3</ele><time>2021-08-21T00:40:53Z</time></trkpt><trkpt lat="36.980887" lon="138.969355"><ele>1922.8</ele><time>2021-08-21T00:40:58Z</time></trkpt><trkpt lat="36.980919" lon="138.969384"><ele>1923.2</ele><time>2021-08-21T00:41:04Z</time></trkpt><trkpt lat="36.980966" lon="138.969398"><ele>1923.6</ele><time>2021-08-21T00:41:09Z</time></trkpt><trkpt lat="36.981011" lon="138.969447"><ele>1924.0</ele><time>2021-08-21T00:41:14Z</time></trkpt><trkpt lat="36.981051" lon="138.969491"><ele>1924.4</ele><time>2021-08-21T00:41:19Z</time></trkpt><trkpt lat="36.981086" lon="138.969552"><ele>1924.8</ele><time>2021-08-21T00:41:24Z</time></trkpt><trkpt lat="36.981122" lon="138.969602"><ele>1925.3</ele><time>2021-08-21T00:41:29Z</time></trkpt><trkpt lat="36.981153" lon="138.969649"><ele>1925.7</ele><time>2021-08-21T00:41:34Z</time></trkpt><trkpt lat="36.981189" lon="138.969685"><ele>1926.2</ele><time>2021-08-21T00:41:39Z</time></trkpt><trkpt lat="36.981233" lon="138.969714"><ele>1926.9</ele><time>2021-08-21T00:41:44Z</time></trkpt><trkpt lat="36.98126" lon="138.969745"><ele>1927.4</ele><time>2021-08-21T00:41:49Z</time></trkpt><trkpt lat="36.98129" lon="138.969764"><ele>1927.9</ele><time>2021-08-21T00:41:54Z</time></trkpt><trkpt lat="36.981345" lon="138.969768"><ele>1928.9</ele><time>2021-08-21T00:41:59Z</time></trkpt><trkpt lat="36.981368" lon="138.969778"><ele>1929.4</ele><time>2021-08-21T00:42:02Z</time></trkpt><trkpt lat="36.981417" lon="138.969783"><ele>1930.4</ele><time>2021-08-21T00:42:07Z</time></trkpt><trkpt lat="36.981468" lon="138.969782"><ele>1931.6</ele><time>2021-08-21T00:42:12Z</time></trkpt><trkpt lat="36.981472" lon="138.969784"><ele>1931.7</ele><time>2021-08-21T00:42:15Z</time></trkpt><trkpt lat="36.981501" lon="138.969838"><ele>1932.9</ele><time>2021-08-21T00:42:22Z</time></trkpt><trkpt lat="36.981522" lon="138.969849"><ele>1933.5</ele><time>2021-08-21T00:42:25Z</time></trkpt><trkpt lat="36.981553" lon="138.969839"><ele>1934.3</ele><time>2021-08-21T00:42:30Z</time></trkpt><trkpt lat="36.981583" lon="138.969826"><ele>1935.1</ele><time>2021-08-21T00:42:35Z</time></trkpt><trkpt lat="36.981635" lon="138.969817"><ele>1936.6</ele><time>2021-08-21T00:42:43Z</time></trkpt><trkpt lat="36.981663" lon="138.969832"><ele>1937.4</ele><time>2021-08-21T00:42:48Z</time></trkpt><trkpt lat="36.981695" lon="138.969863"><ele>1938.5</ele><time>2021-08-21T00:42:53Z</time></trkpt><trkpt lat="36.981716" lon="138.969886"><ele>1939.3</ele><time>2021-08-21T00:42:58Z</time></trkpt><trkpt lat="36.981766" lon="138.969918"><ele>1940.7</ele><time>2021-08-21T00:43:06Z</time></trkpt><trkpt lat="36.981802" lon="138.969924"><ele>1941.5</ele><time>2021-08-21T00:43:11Z</time></trkpt><trkpt lat="36.981827" lon="138.969913"><ele>1942.2</ele><time>2021-08-21T00:43:16Z</time></trkpt><trkpt lat="36.981865" lon="138.969897"><ele>1943.2</ele><time>2021-08-21T00:43:23Z</time></trkpt><trkpt lat="36.981881" lon="138.969892"><ele>1943.6</ele><time>2021-08-21T00:43:31Z</time></trkpt><trkpt lat="36.981883" lon="138.969894"><ele>1943.6</ele><time>2021-08-21T00:43:36Z</time></trkpt><trkpt lat="36.981904" lon="138.969906"><ele>1944.2</ele><time>2021-08-21T00:43:41Z</time></trkpt><trkpt lat="36.981965" lon="138.969912"><ele>1945.6</ele><time>2021-08-21T00:43:46Z</time></trkpt><trkpt lat="36.982004" lon="138.969912"><ele>1946.5</ele><time>2021-08-21T00:43:51Z</time></trkpt><trkpt lat="36.982039" lon="138.969897"><ele>1947.5</ele><time>2021-08-21T00:43:56Z</time></trkpt><trkpt lat="36.982101" lon="138.969907"><ele>1946.4</ele><time>2021-08-21T00:44:04Z</time></trkpt><trkpt lat="36.982137" lon="138.969915"><ele>1945.6</ele><time>2021-08-21T00:44:07Z</time></trkpt><trkpt lat="36.982148" lon="138.969916"><ele>1945.4</ele><time>2021-08-21T00:44:09Z</time></trkpt><trkpt lat="36.982163" lon="138.969928"><ele>1945.0</ele><time>2021-08-21T00:44:14Z</time></trkpt><trkpt lat="36.982169" lon="138.969947"><ele>1944.6</ele><time>2021-08-21T00:44:35Z</time></trkpt><trkpt lat="36.982177" lon="138.969949"><ele>1944.4</ele><time>2021-08-21T00:46:32Z</time></trkpt><trkpt lat="36.982134" lon="138.969922"><ele>1943.3</ele><time>2021-08-21T00:46:49Z</time></trkpt><trkpt lat="36.982132" lon="138.969921"><ele>1943.2</ele><time>2021-08-21T00:46:54Z</time></trkpt><trkpt lat="36.982125" lon="138.969918"><ele>1943.1</ele><time>2021-08-21T00:46:59Z</time></trkpt><trkpt lat="36.982102" lon="138.969911"><ele>1942.5</ele><time>2021-08-21T00:47:02Z</time></trkpt><trkpt lat="36.982044" lon="138.969885"><ele>1941.1</ele><time>2021-08-21T00:47:07Z</time></trkpt><trkpt lat="36.981913" lon="138.96984"><ele>1937.7</ele><time>2021-08-21T00:47:15Z</time></trkpt><trkpt lat="36.981881" lon="138.969842"><ele>1936.9</ele><time>2021-08-21T00:47:17Z</time></trkpt><trkpt lat="36.981841" lon="138.969843"><ele>1935.8</ele><time>2021-08-21T00:47:20Z</time></trkpt><trkpt lat="36.981822" lon="138.969847"><ele>1935.3</ele><time>2021-08-21T00:47:22Z</time></trkpt><trkpt lat="36.981799" lon="138.969859"><ele>1934.7</ele><time>2021-08-21T00:47:25Z</time></trkpt><trkpt lat="36.98177" lon="138.969872"><ele>1933.9</ele><time>2021-08-21T00:47:30Z</time></trkpt><trkpt lat="36.981718" lon="138.96985"><ele>1932.6</ele><time>2021-08-21T00:47:35Z</time></trkpt><trkpt lat="36.981683" lon="138.969835"><ele>1931.8</ele><time>2021-08-21T00:47:38Z</time></trkpt><trkpt lat="36.98167" lon="138.969823"><ele>1931.4</ele><time>2021-08-21T00:47:40Z</time></trkpt><trkpt lat="36.98164" lon="138.969817"><ele>1930.8</ele><time>2021-08-21T00:47:45Z</time></trkpt><trkpt lat="36.981608" lon="138.969804"><ele>1930.1</ele><time>2021-08-21T00:47:50Z</time></trkpt><trkpt lat="36.981575" lon="138.969805"><ele>1929.5</ele><time>2021-08-21T00:47:55Z</time></trkpt><trkpt lat="36.981488" lon="138.969802"><ele>1927.9</ele><time>2021-08-21T00:48:03Z</time></trkpt><trkpt lat="36.981464" lon="138.969783"><ele>1927.5</ele><time>2021-08-21T00:48:06Z</time></trkpt><trkpt lat="36.981432" lon="138.969774"><ele>1927.0</ele><time>2021-08-21T00:48:11Z</time></trkpt><trkpt lat="36.981362" lon="138.96977"><ele>1926.1</ele><time>2021-08-21T00:48:16Z</time></trkpt><trkpt lat="36.981341" lon="138.969765"><ele>1925.9</ele><time>2021-08-21T00:48:18Z</time></trkpt><trkpt lat="36.981275" lon="138.969733"><ele>1925.3</ele><time>2021-08-21T00:48:23Z</time></trkpt><trkpt lat="36.981245" lon="138.9697"><ele>1924.9</ele><time>2021-08-21T00:48:26Z</time></trkpt><trkpt lat="36.981226" lon="138.969671"><ele>1924.7</ele><time>2021-08-21T00:48:28Z</time></trkpt><trkpt lat="36.981193" lon="138.969642"><ele>1924.4</ele><time>2021-08-21T00:48:31Z</time></trkpt><trkpt lat="36.981161" lon="138.969613"><ele>1924.2</ele><time>2021-08-21T00:48:34Z</time></trkpt><trkpt lat="36.981143" lon="138.969588"><ele>1924.0</ele><time>2021-08-21T00:48:36Z</time></trkpt><trkpt lat="36.981119" lon="138.969544"><ele>1923.7</ele><time>2021-08-21T00:48:39Z</time></trkpt><trkpt lat="36.981105" lon="138.969507"><ele>1923.5</ele><time>2021-08-21T00:48:41Z</time></trkpt><trkpt lat="36.981083" lon="138.969468"><ele>1923.1</ele><time>2021-08-21T00:48:44Z</time></trkpt><trkpt lat="36.981073" lon="138.969452"><ele>1923.0</ele><time>2021-08-21T00:48:46Z</time></trkpt><trkpt lat="36.981027" lon="138.969391"><ele>1922.2</ele><time>2021-08-21T00:48:51Z</time></trkpt><trkpt lat="36.980999" lon="138.969351"><ele>1921.5</ele><time>2021-08-21T00:48:54Z</time></trkpt><trkpt lat="36.980985" lon="138.96933"><ele>1921.2</ele><time>2021-08-21T00:48:56Z</time></trkpt><trkpt lat="36.980947" lon="138.969299"><ele>1920.4</ele><time>2021-08-21T00:48:59Z</time></trkpt><trkpt lat="36.980915" lon="138.969275"><ele>1919.8</ele><time>2021-08-21T00:49:02Z</time></trkpt><trkpt lat="36.980893" lon="138.969266"><ele>1919.5</ele><time>2021-08-21T00:49:04Z</time></trkpt><trkpt lat="36.980864" lon="138.969244"><ele>1919.0</ele><time>2021-08-21T00:49:07Z</time></trkpt><trkpt lat="36.980815" lon="138.969191"><ele>1918.3</ele><time>2021-08-21T00:49:12Z</time></trkpt><trkpt lat="36.980811" lon="138.96915"><ele>1918.0</ele><time>2021-08-21T00:49:17Z</time></trkpt><trkpt lat="36.980793" lon="138.969067"><ele>1917.6</ele><time>2021-08-21T00:49:22Z</time></trkpt><trkpt lat="36.980777" lon="138.969035"><ele>1917.5</ele><time>2021-08-21T00:49:24Z</time></trkpt><trkpt lat="36.980757" lon="138.968989"><ele>1917.4</ele><time>2021-08-21T00:49:27Z</time></trkpt><trkpt lat="36.980739" lon="138.968965"><ele>1917.3</ele><time>2021-08-21T00:49:29Z</time></trkpt><trkpt lat="36.980718" lon="138.968939"><ele>1917.2</ele><time>2021-08-21T00:49:32Z</time></trkpt><trkpt lat="36.980689" lon="138.968868"><ele>1917.1</ele><time>2021-08-21T00:49:37Z</time></trkpt><trkpt lat="36.980677" lon="138.968828"><ele>1917.1</ele><time>2021-08-21T00:49:40Z</time></trkpt><trkpt lat="36.980674" lon="138.968801"><ele>1917.1</ele><time>2021-08-21T00:49:42Z</time></trkpt><trkpt lat="36.980653" lon="138.968746"><ele>1917.1</ele><time>2021-08-21T00:49:45Z</time></trkpt><trkpt lat="36.980637" lon="138.968724"><ele>1917.1</ele><time>2021-08-21T00:49:47Z</time></trkpt><trkpt lat="36.980611" lon="138.968684"><ele>1917.1</ele><time>2021-08-21T00:49:50Z</time></trkpt><trkpt lat="36.980598" lon="138.968658"><ele>1917.2</ele><time>2021-08-21T00:49:52Z</time></trkpt><trkpt lat="36.98057" lon="138.968637"><ele>1917.3</ele><time>2021-08-21T00:49:55Z</time></trkpt><trkpt lat="36.980521" lon="138.968582"><ele>1917.6</ele><time>2021-08-21T00:50:00Z</time></trkpt><trkpt lat="36.98048" lon="138.968549"><ele>1917.9</ele><time>2021-08-21T00:50:03Z</time></trkpt><trkpt lat="36.980455" lon="138.968531"><ele>1918.2</ele><time>2021-08-21T00:50:05Z</time></trkpt><trkpt lat="36.980418" lon="138.968519"><ele>1918.5</ele><time>2021-08-21T00:50:08Z</time></trkpt><trkpt lat="36.980396" lon="138.968511"><ele>1918.7</ele><time>2021-08-21T00:50:10Z</time></trkpt><trkpt lat="36.98037" lon="138.968487"><ele>1919.0</ele><time>2021-08-21T00:50:13Z</time></trkpt><trkpt lat="36.980332" lon="138.968436"><ele>1919.5</ele><time>2021-08-21T00:50:18Z</time></trkpt><trkpt lat="36.980315" lon="138.968419"><ele>1919.8</ele><time>2021-08-21T00:50:20Z</time></trkpt><trkpt lat="36.980286" lon="138.968385"><ele>1920.2</ele><time>2021-08-21T00:50:23Z</time></trkpt><trkpt lat="36.980262" lon="138.968367"><ele>1920.5</ele><time>2021-08-21T00:50:25Z</time></trkpt><trkpt lat="36.980231" lon="138.968339"><ele>1920.9</ele><time>2021-08-21T00:50:28Z</time></trkpt><trkpt lat="36.980206" lon="138.968321"><ele>1921.3</ele><time>2021-08-21T00:50:30Z</time></trkpt><trkpt lat="36.98017" lon="138.968302"><ele>1921.9</ele><time>2021-08-21T00:50:33Z</time></trkpt><trkpt lat="36.980144" lon="138.968297"><ele>1922.3</ele><time>2021-08-21T00:50:36Z</time></trkpt><trkpt lat="36.980083" lon="138.968287"><ele>1923.5</ele><time>2021-08-21T00:50:41Z</time></trkpt><trkpt lat="36.980062" lon="138.968282"><ele>1923.9</ele><time>2021-08-21T00:50:43Z</time></trkpt><trkpt lat="36.980036" lon="138.968269"><ele>1924.5</ele><time>2021-08-21T00:50:46Z</time></trkpt><trkpt lat="36.980003" lon="138.968216"><ele>1925.5</ele><time>2021-08-21T00:50:51Z</time></trkpt><trkpt lat="36.979989" lon="138.968204"><ele>1925.8</ele><time>2021-08-21T00:50:53Z</time></trkpt><trkpt lat="36.979949" lon="138.968165"><ele>1926.8</ele><time>2021-08-21T00:50:58Z</time></trkpt><trkpt lat="36.97992" lon="138.96814"><ele>1927.4</ele><time>2021-08-21T00:51:01Z</time></trkpt><trkpt lat="36.979889" lon="138.968121"><ele>1928.1</ele><time>2021-08-21T00:51:04Z</time></trkpt><trkpt lat="36.979874" lon="138.968104"><ele>1928.5</ele><time>2021-08-21T00:51:06Z</time></trkpt><trkpt lat="36.97987" lon="138.968038"><ele>1929.5</ele><time>2021-08-21T00:51:11Z</time></trkpt><trkpt lat="36.979868" lon="138.96799"><ele>1930.2</ele><time>2021-08-21T00:51:16Z</time></trkpt><trkpt lat="36.979859" lon="138.967925"><ele>1931.2</ele><time>2021-08-21T00:51:21Z</time></trkpt><trkpt lat="36.979833" lon="138.9679"><ele>1931.8</ele><time>2021-08-21T00:51:24Z</time></trkpt><trkpt lat="36.979776" lon="138.967873"><ele>1932.9</ele><time>2021-08-21T00:51:29Z</time></trkpt><trkpt lat="36.979725" lon="138.967856"><ele>1933.6</ele><time>2021-08-21T00:51:34Z</time></trkpt><trkpt lat="36.979679" lon="138.96783"><ele>1934.3</ele><time>2021-08-21T00:51:39Z</time></trkpt><trkpt lat="36.97964" lon="138.96782"><ele>1934.8</ele><time>2021-08-21T00:51:44Z</time></trkpt><trkpt lat="36.979593" lon="138.967797"><ele>1935.5</ele><time>2021-08-21T00:51:49Z</time></trkpt><trkpt lat="36.979532" lon="138.967764"><ele>1936.5</ele><time>2021-08-21T00:51:54Z</time></trkpt><trkpt lat="36.979506" lon="138.967753"><ele>1936.9</ele><time>2021-08-21T00:51:57Z</time></trkpt><trkpt lat="36.979462" lon="138.967732"><ele>1937.6</ele><time>2021-08-21T00:52:02Z</time></trkpt><trkpt lat="36.979414" lon="138.967715"><ele>1938.5</ele><time>2021-08-21T00:52:07Z</time></trkpt><trkpt lat="36.97936" lon="138.967697"><ele>1939.4</ele><time>2021-08-21T00:52:12Z</time></trkpt><trkpt lat="36.979325" lon="138.967665"><ele>1940.2</ele><time>2021-08-21T00:52:17Z</time></trkpt><trkpt lat="36.979294" lon="138.967625"><ele>1940.9</ele><time>2021-08-21T00:52:22Z</time></trkpt><trkpt lat="36.979275" lon="138.967573"><ele>1941.7</ele><time>2021-08-21T00:52:27Z</time></trkpt><trkpt lat="36.97925" lon="138.967522"><ele>1942.3</ele><time>2021-08-21T00:52:33Z</time></trkpt><trkpt lat="36.979214" lon="138.96748"><ele>1943.0</ele><time>2021-08-21T00:52:38Z</time></trkpt><trkpt lat="36.979169" lon="138.967436"><ele>1943.6</ele><time>2021-08-21T00:52:43Z</time></trkpt><trkpt lat="36.979158" lon="138.96742"><ele>1943.7</ele><time>2021-08-21T00:52:45Z</time></trkpt><trkpt lat="36.979112" lon="138.967381"><ele>1944.2</ele><time>2021-08-21T00:52:50Z</time></trkpt><trkpt lat="36.979083" lon="138.967344"><ele>1944.3</ele><time>2021-08-21T00:52:55Z</time></trkpt><trkpt lat="36.979052" lon="138.967299"><ele>1944.4</ele><time>2021-08-21T00:53:00Z</time></trkpt><trkpt lat="36.978998" lon="138.967263"><ele>1944.3</ele><time>2021-08-21T00:53:06Z</time></trkpt><trkpt lat="36.978976" lon="138.967261"><ele>1944.2</ele><time>2021-08-21T00:53:08Z</time></trkpt><trkpt lat="36.978912" lon="138.967269"><ele>1944.0</ele><time>2021-08-21T00:53:13Z</time></trkpt><trkpt lat="36.978876" lon="138.967261"><ele>1943.9</ele><time>2021-08-21T00:53:16Z</time></trkpt><trkpt lat="36.978846" lon="138.967263"><ele>1943.9</ele><time>2021-08-21T00:53:18Z</time></trkpt><trkpt lat="36.978802" lon="138.967264"><ele>1944.1</ele><time>2021-08-21T00:53:21Z</time></trkpt><trkpt lat="36.978786" lon="138.967252"><ele>1944.2</ele><time>2021-08-21T00:53:23Z</time></trkpt><trkpt lat="36.978739" lon="138.967224"><ele>1944.6</ele><time>2021-08-21T00:53:29Z</time></trkpt><trkpt lat="36.978715" lon="138.967188"><ele>1945.1</ele><time>2021-08-21T00:53:34Z</time></trkpt><trkpt lat="36.978668" lon="138.967149"><ele>1945.9</ele><time>2021-08-21T00:53:39Z</time></trkpt><trkpt lat="36.978652" lon="138.96714"><ele>1946.1</ele><time>2021-08-21T00:53:41Z</time></trkpt><trkpt lat="36.978602" lon="138.967117"><ele>1947.0</ele><time>2021-08-21T00:53:46Z</time></trkpt><trkpt lat="36.978546" lon="138.967109"><ele>1948.8</ele><time>2021-08-21T00:53:51Z</time></trkpt><trkpt lat="36.978499" lon="138.967083"><ele>1949.6</ele><time>2021-08-21T00:53:56Z</time></trkpt><trkpt lat="36.978471" lon="138.967035"><ele>1950.3</ele><time>2021-08-21T00:54:02Z</time></trkpt><trkpt lat="36.97844" lon="138.967012"><ele>1950.7</ele><time>2021-08-21T00:54:07Z</time></trkpt><trkpt lat="36.97841" lon="138.966947"><ele>1951.4</ele><time>2021-08-21T00:54:12Z</time></trkpt><trkpt lat="36.978403" lon="138.966905"><ele>1951.8</ele><time>2021-08-21T00:54:14Z</time></trkpt><trkpt lat="36.978391" lon="138.966846"><ele>1952.3</ele><time>2021-08-21T00:54:17Z</time></trkpt><trkpt lat="36.978381" lon="138.96683"><ele>1952.4</ele><time>2021-08-21T00:54:19Z</time></trkpt><trkpt lat="36.978382" lon="138.966792"><ele>1952.6</ele><time>2021-08-21T00:54:22Z</time></trkpt><trkpt lat="36.978393" lon="138.96672"><ele>1952.9</ele><time>2021-08-21T00:54:27Z</time></trkpt><trkpt lat="36.978389" lon="138.966696"><ele>1953.0</ele><time>2021-08-21T00:54:29Z</time></trkpt><trkpt lat="36.978393" lon="138.966619"><ele>1953.1</ele><time>2021-08-21T00:54:35Z</time></trkpt><trkpt lat="36.978387" lon="138.966551"><ele>1953.0</ele><time>2021-08-21T00:54:40Z</time></trkpt><trkpt lat="36.978385" lon="138.966522"><ele>1952.9</ele><time>2021-08-21T00:54:42Z</time></trkpt><trkpt lat="36.978377" lon="138.966473"><ele>1952.8</ele><time>2021-08-21T00:54:45Z</time></trkpt><trkpt lat="36.97837" lon="138.966434"><ele>1952.7</ele><time>2021-08-21T00:54:47Z</time></trkpt><trkpt lat="36.978376" lon="138.966387"><ele>1952.6</ele><time>2021-08-21T00:54:50Z</time></trkpt><trkpt lat="36.978383" lon="138.966344"><ele>1952.4</ele><time>2021-08-21T00:54:52Z</time></trkpt><trkpt lat="36.978397" lon="138.966287"><ele>1952.3</ele><time>2021-08-21T00:54:55Z</time></trkpt><trkpt lat="36.978401" lon="138.966264"><ele>1952.2</ele><time>2021-08-21T00:54:57Z</time></trkpt><trkpt lat="36.97841" lon="138.966184"><ele>1952.1</ele><time>2021-08-21T00:55:03Z</time></trkpt><trkpt lat="36.978413" lon="138.966102"><ele>1951.9</ele><time>2021-08-21T00:55:08Z</time></trkpt><trkpt lat="36.978421" lon="138.966066"><ele>1951.9</ele><time>2021-08-21T00:55:10Z</time></trkpt><trkpt lat="36.978427" lon="138.966014"><ele>1951.9</ele><time>2021-08-21T00:55:13Z</time></trkpt><trkpt lat="36.978434" lon="138.965984"><ele>1952.0</ele><time>2021-08-21T00:55:15Z</time></trkpt><trkpt lat="36.978451" lon="138.965946"><ele>1952.0</ele><time>2021-08-21T00:55:18Z</time></trkpt><trkpt lat="36.978462" lon="138.965914"><ele>1952.1</ele><time>2021-08-21T00:55:20Z</time></trkpt><trkpt lat="36.978466" lon="138.96588"><ele>1952.2</ele><time>2021-08-21T00:55:23Z</time></trkpt><trkpt lat="36.978468" lon="138.965784"><ele>1952.4</ele><time>2021-08-21T00:55:28Z</time></trkpt><trkpt lat="36.978464" lon="138.965746"><ele>1952.4</ele><time>2021-08-21T00:55:30Z</time></trkpt><trkpt lat="36.978463" lon="138.965705"><ele>1952.4</ele><time>2021-08-21T00:55:33Z</time></trkpt><trkpt lat="36.978473" lon="138.965669"><ele>1952.4</ele><time>2021-08-21T00:55:36Z</time></trkpt><trkpt lat="36.978472" lon="138.965597"><ele>1952.4</ele><time>2021-08-21T00:55:41Z</time></trkpt><trkpt lat="36.978474" lon="138.965568"><ele>1952.4</ele><time>2021-08-21T00:55:43Z</time></trkpt><trkpt lat="36.978479" lon="138.965516"><ele>1952.4</ele><time>2021-08-21T00:55:46Z</time></trkpt><trkpt lat="36.978479" lon="138.965489"><ele>1952.5</ele><time>2021-08-21T00:55:48Z</time></trkpt><trkpt lat="36.978468" lon="138.965452"><ele>1952.5</ele><time>2021-08-21T00:55:51Z</time></trkpt><trkpt lat="36.978456" lon="138.965381"><ele>1952.8</ele><time>2021-08-21T00:55:56Z</time></trkpt><trkpt lat="36.978458" lon="138.965358"><ele>1953.0</ele><time>2021-08-21T00:55:58Z</time></trkpt><trkpt lat="36.97848" lon="138.965292"><ele>1953.4</ele><time>2021-08-21T00:56:04Z</time></trkpt><trkpt lat="36.978493" lon="138.965216"><ele>1954.0</ele><time>2021-08-21T00:56:09Z</time></trkpt><trkpt lat="36.978496" lon="138.965181"><ele>1954.3</ele><time>2021-08-21T00:56:11Z</time></trkpt><trkpt lat="36.9785" lon="138.965138"><ele>1954.6</ele><time>2021-08-21T00:56:14Z</time></trkpt><trkpt lat="36.978504" lon="138.965114"><ele>1954.8</ele><time>2021-08-21T00:56:16Z</time></trkpt><trkpt lat="36.97851" lon="138.965047"><ele>1955.3</ele><time>2021-08-21T00:56:21Z</time></trkpt><trkpt lat="36.978512" lon="138.964966"><ele>1956.0</ele><time>2021-08-21T00:56:26Z</time></trkpt><trkpt lat="36.978509" lon="138.964927"><ele>1956.4</ele><time>2021-08-21T00:56:29Z</time></trkpt><trkpt lat="36.978503" lon="138.964905"><ele>1956.6</ele><time>2021-08-21T00:56:31Z</time></trkpt><trkpt lat="36.978495" lon="138.964826"><ele>1957.2</ele><time>2021-08-21T00:56:37Z</time></trkpt><trkpt lat="36.978501" lon="138.964765"><ele>1957.6</ele><time>2021-08-21T00:56:42Z</time></trkpt><trkpt lat="36.978506" lon="138.964699"><ele>1957.8</ele><time>2021-08-21T00:56:47Z</time></trkpt><trkpt lat="36.978513" lon="138.964682"><ele>1957.9</ele><time>2021-08-21T00:56:49Z</time></trkpt><trkpt lat="36.978522" lon="138.96463"><ele>1957.9</ele><time>2021-08-21T00:56:54Z</time></trkpt><trkpt lat="36.978536" lon="138.964572"><ele>1957.8</ele><time>2021-08-21T00:56:59Z</time></trkpt><trkpt lat="36.978555" lon="138.964563"><ele>1957.6</ele><time>2021-08-21T00:57:05Z</time></trkpt><trkpt lat="36.978527" lon="138.964528"><ele>1957.2</ele><time>2021-08-21T00:58:28Z</time></trkpt><trkpt lat="36.978513" lon="138.964404"><ele>1955.8</ele><time>2021-08-21T00:58:36Z</time></trkpt><trkpt lat="36.97851" lon="138.964371"><ele>1955.4</ele><time>2021-08-21T00:58:39Z</time></trkpt><trkpt lat="36.97854" lon="138.964275"><ele>1954.1</ele><time>2021-08-21T00:58:44Z</time></trkpt><trkpt lat="36.978551" lon="138.964251"><ele>1953.7</ele><time>2021-08-21T00:58:46Z</time></trkpt><trkpt lat="36.978563" lon="138.964209"><ele>1953.2</ele><time>2021-08-21T00:58:49Z</time></trkpt><trkpt lat="36.978568" lon="138.964195"><ele>1953.0</ele><time>2021-08-21T00:58:51Z</time></trkpt><trkpt lat="36.978584" lon="138.964127"><ele>1951.9</ele><time>2021-08-21T00:58:56Z</time></trkpt><trkpt lat="36.978599" lon="138.964087"><ele>1951.2</ele><time>2021-08-21T00:58:59Z</time></trkpt><trkpt lat="36.978609" lon="138.964045"><ele>1950.5</ele><time>2021-08-21T00:59:02Z</time></trkpt><trkpt lat="36.978614" lon="138.964028"><ele>1950.1</ele><time>2021-08-21T00:59:04Z</time></trkpt><trkpt lat="36.978596" lon="138.963972"><ele>1948.9</ele><time>2021-08-21T00:59:09Z</time></trkpt><trkpt lat="36.978571" lon="138.963915"><ele>1947.6</ele><time>2021-08-21T00:59:14Z</time></trkpt><trkpt lat="36.97856" lon="138.963837"><ele>1945.9</ele><time>2021-08-21T00:59:19Z</time></trkpt><trkpt lat="36.978554" lon="138.963798"><ele>1945.1</ele><time>2021-08-21T00:59:22Z</time></trkpt><trkpt lat="36.978551" lon="138.963785"><ele>1944.8</ele><time>2021-08-21T00:59:24Z</time></trkpt><trkpt lat="36.978529" lon="138.963712"><ele>1943.2</ele><time>2021-08-21T00:59:30Z</time></trkpt><trkpt lat="36.978526" lon="138.963678"><ele>1942.4</ele><time>2021-08-21T00:59:32Z</time></trkpt><trkpt lat="36.978529" lon="138.963637"><ele>1941.6</ele><time>2021-08-21T00:59:35Z</time></trkpt><trkpt lat="36.978533" lon="138.963624"><ele>1941.3</ele><time>2021-08-21T00:59:37Z</time></trkpt><trkpt lat="36.978526" lon="138.963585"><ele>1940.4</ele><time>2021-08-21T00:59:42Z</time></trkpt><trkpt lat="36.978502" lon="138.963524"><ele>1939.1</ele><time>2021-08-21T00:59:47Z</time></trkpt><trkpt lat="36.978489" lon="138.963477"><ele>1938.2</ele><time>2021-08-21T00:59:50Z</time></trkpt><trkpt lat="36.978482" lon="138.963439"><ele>1937.5</ele><time>2021-08-21T00:59:52Z</time></trkpt><trkpt lat="36.978484" lon="138.963399"><ele>1936.9</ele><time>2021-08-21T00:59:55Z</time></trkpt><trkpt lat="36.978487" lon="138.963381"><ele>1936.7</ele><time>2021-08-21T00:59:57Z</time></trkpt><trkpt lat="36.978514" lon="138.963278"><ele>1935.5</ele><time>2021-08-21T01:00:03Z</time></trkpt><trkpt lat="36.978521" lon="138.963252"><ele>1935.3</ele><time>2021-08-21T01:00:05Z</time></trkpt><trkpt lat="36.97855" lon="138.963187"><ele>1934.7</ele><time>2021-08-21T01:00:10Z</time></trkpt><trkpt lat="36.978559" lon="138.963136"><ele>1934.4</ele><time>2021-08-21T01:00:13Z</time></trkpt><trkpt lat="36.978566" lon="138.963114"><ele>1934.2</ele><time>2021-08-21T01:00:15Z</time></trkpt><trkpt lat="36.978571" lon="138.963067"><ele>1934.0</ele><time>2021-08-21T01:00:18Z</time></trkpt><trkpt lat="36.978576" lon="138.963038"><ele>1933.9</ele><time>2021-08-21T01:00:20Z</time></trkpt><trkpt lat="36.978582" lon="138.962978"><ele>1933.7</ele><time>2021-08-21T01:00:23Z</time></trkpt><trkpt lat="36.978584" lon="138.962944"><ele>1933.6</ele><time>2021-08-21T01:00:25Z</time></trkpt><trkpt lat="36.97859" lon="138.962902"><ele>1933.4</ele><time>2021-08-21T01:00:28Z</time></trkpt><trkpt lat="36.978591" lon="138.96287"><ele>1933.3</ele><time>2021-08-21T01:00:30Z</time></trkpt><trkpt lat="36.978602" lon="138.962819"><ele>1933.2</ele><time>2021-08-21T01:00:33Z</time></trkpt><trkpt lat="36.978612" lon="138.962781"><ele>1933.1</ele><time>2021-08-21T01:00:36Z</time></trkpt><trkpt lat="36.978618" lon="138.962758"><ele>1933.0</ele><time>2021-08-21T01:00:38Z</time></trkpt><trkpt lat="36.978652" lon="138.962692"><ele>1932.9</ele><time>2021-08-21T01:00:43Z</time></trkpt><trkpt lat="36.978674" lon="138.962664"><ele>1932.8</ele><time>2021-08-21T01:00:46Z</time></trkpt><trkpt lat="36.978676" lon="138.962587"><ele>1932.8</ele><time>2021-08-21T01:00:51Z</time></trkpt><trkpt lat="36.978674" lon="138.962553"><ele>1932.8</ele><time>2021-08-21T01:00:53Z</time></trkpt><trkpt lat="36.978673" lon="138.962507"><ele>1932.9</ele><time>2021-08-21T01:00:56Z</time></trkpt><trkpt lat="36.978671" lon="138.962479"><ele>1933.0</ele><time>2021-08-21T01:00:58Z</time></trkpt><trkpt lat="36.978667" lon="138.962431"><ele>1933.2</ele><time>2021-08-21T01:01:01Z</time></trkpt><trkpt lat="36.978661" lon="138.962394"><ele>1933.5</ele><time>2021-08-21T01:01:04Z</time></trkpt><trkpt lat="36.978653" lon="138.962377"><ele>1933.6</ele><time>2021-08-21T01:01:06Z</time></trkpt><trkpt lat="36.978646" lon="138.962328"><ele>1934.1</ele><time>2021-08-21T01:01:11Z</time></trkpt><trkpt lat="36.97867" lon="138.962257"><ele>1934.9</ele><time>2021-08-21T01:01:16Z</time></trkpt><trkpt lat="36.978687" lon="138.962222"><ele>1935.3</ele><time>2021-08-21T01:01:19Z</time></trkpt><trkpt lat="36.978696" lon="138.962201"><ele>1935.5</ele><time>2021-08-21T01:01:21Z</time></trkpt><trkpt lat="36.978729" lon="138.962176"><ele>1935.9</ele><time>2021-08-21T01:01:26Z</time></trkpt><trkpt lat="36.978773" lon="138.962121"><ele>1936.3</ele><time>2021-08-21T01:01:32Z</time></trkpt><trkpt lat="36.978814" lon="138.962074"><ele>1936.5</ele><time>2021-08-21T01:01:37Z</time></trkpt><trkpt lat="36.978847" lon="138.962037"><ele>1936.5</ele><time>2021-08-21T01:01:42Z</time></trkpt><trkpt lat="36.97888" lon="138.961968"><ele>1936.2</ele><time>2021-08-21T01:01:47Z</time></trkpt><trkpt lat="36.978886" lon="138.961947"><ele>1936.1</ele><time>2021-08-21T01:01:49Z</time></trkpt><trkpt lat="36.97889" lon="138.96187"><ele>1935.5</ele><time>2021-08-21T01:01:54Z</time></trkpt><trkpt lat="36.978896" lon="138.961828"><ele>1935.1</ele><time>2021-08-21T01:01:57Z</time></trkpt><trkpt lat="36.978899" lon="138.96179"><ele>1934.8</ele><time>2021-08-21T01:01:59Z</time></trkpt><trkpt lat="36.978908" lon="138.961731"><ele>1934.1</ele><time>2021-08-21T01:02:02Z</time></trkpt><trkpt lat="36.978912" lon="138.96168"><ele>1933.6</ele><time>2021-08-21T01:02:05Z</time></trkpt><trkpt lat="36.978912" lon="138.961651"><ele>1933.3</ele><time>2021-08-21T01:02:07Z</time></trkpt><trkpt lat="36.97892" lon="138.961604"><ele>1932.7</ele><time>2021-08-21T01:02:10Z</time></trkpt><trkpt lat="36.978923" lon="138.961565"><ele>1932.3</ele><time>2021-08-21T01:02:12Z</time></trkpt><trkpt lat="36.978926" lon="138.961533"><ele>1932.0</ele><time>2021-08-21T01:02:15Z</time></trkpt><trkpt lat="36.978927" lon="138.961476"><ele>1931.4</ele><time>2021-08-21T01:02:20Z</time></trkpt><trkpt lat="36.978921" lon="138.961404"><ele>1930.8</ele><time>2021-08-21T01:02:25Z</time></trkpt><trkpt lat="36.978927" lon="138.961376"><ele>1930.6</ele><time>2021-08-21T01:02:27Z</time></trkpt><trkpt lat="36.978925" lon="138.961329"><ele>1930.2</ele><time>2021-08-21T01:02:30Z</time></trkpt><trkpt lat="36.978929" lon="138.961285"><ele>1929.9</ele><time>2021-08-21T01:02:33Z</time></trkpt><trkpt lat="36.978927" lon="138.961246"><ele>1929.6</ele><time>2021-08-21T01:02:35Z</time></trkpt><trkpt lat="36.978937" lon="138.961188"><ele>1929.3</ele><time>2021-08-21T01:02:38Z</time></trkpt><trkpt lat="36.978938" lon="138.961159"><ele>1929.1</ele><time>2021-08-21T01:02:40Z</time></trkpt><trkpt lat="36.978964" lon="138.961121"><ele>1928.9</ele><time>2021-08-21T01:02:43Z</time></trkpt><trkpt lat="36.978977" lon="138.961093"><ele>1928.8</ele><time>2021-08-21T01:02:45Z</time></trkpt><trkpt lat="36.979005" lon="138.961046"><ele>1928.6</ele><time>2021-08-21T01:02:48Z</time></trkpt><trkpt lat="36.979017" lon="138.961016"><ele>1928.5</ele><time>2021-08-21T01:02:50Z</time></trkpt><trkpt lat="36.979038" lon="138.960972"><ele>1928.4</ele><time>2021-08-21T01:02:53Z</time></trkpt><trkpt lat="36.97905" lon="138.960946"><ele>1928.3</ele><time>2021-08-21T01:02:55Z</time></trkpt><trkpt lat="36.979062" lon="138.960912"><ele>1928.2</ele><time>2021-08-21T01:02:58Z</time></trkpt><trkpt lat="36.979091" lon="138.960861"><ele>1928.1</ele><time>2021-08-21T01:03:03Z</time></trkpt><trkpt lat="36.979144" lon="138.960789"><ele>1927.8</ele><time>2021-08-21T01:03:08Z</time></trkpt><trkpt lat="36.979168" lon="138.960738"><ele>1927.6</ele><time>2021-08-21T01:03:11Z</time></trkpt><trkpt lat="36.979192" lon="138.960712"><ele>1927.4</ele><time>2021-08-21T01:03:13Z</time></trkpt><trkpt lat="36.979211" lon="138.960671"><ele>1927.2</ele><time>2021-08-21T01:03:16Z</time></trkpt><trkpt lat="36.979218" lon="138.960646"><ele>1927.0</ele><time>2021-08-21T01:03:18Z</time></trkpt><trkpt lat="36.979246" lon="138.960607"><ele>1926.7</ele><time>2021-08-21T01:03:21Z</time></trkpt><trkpt lat="36.979262" lon="138.96058"><ele>1926.6</ele><time>2021-08-21T01:03:23Z</time></trkpt><trkpt lat="36.979291" lon="138.960541"><ele>1926.3</ele><time>2021-08-21T01:03:26Z</time></trkpt><trkpt lat="36.979304" lon="138.960512"><ele>1926.1</ele><time>2021-08-21T01:03:28Z</time></trkpt><trkpt lat="36.979324" lon="138.960479"><ele>1925.9</ele><time>2021-08-21T01:03:31Z</time></trkpt><trkpt lat="36.979356" lon="138.960448"><ele>1925.6</ele><time>2021-08-21T01:03:34Z</time></trkpt><trkpt lat="36.979375" lon="138.960434"><ele>1925.5</ele><time>2021-08-21T01:03:36Z</time></trkpt><trkpt lat="36.979393" lon="138.960401"><ele>1925.3</ele><time>2021-08-21T01:03:39Z</time></trkpt><trkpt lat="36.979414" lon="138.960365"><ele>1925.0</ele><time>2021-08-21T01:03:44Z</time></trkpt><trkpt lat="36.979416" lon="138.9603"><ele>1924.7</ele><time>2021-08-21T01:03:49Z</time></trkpt><trkpt lat="36.979419" lon="138.960263"><ele>1924.6</ele><time>2021-08-21T01:03:51Z</time></trkpt><trkpt lat="36.979427" lon="138.960229"><ele>1924.5</ele><time>2021-08-21T01:03:54Z</time></trkpt><trkpt lat="36.979431" lon="138.960214"><ele>1924.4</ele><time>2021-08-21T01:03:59Z</time></trkpt><trkpt lat="36.979471" lon="138.960227"><ele>1924.3</ele><time>2021-08-21T01:04:07Z</time></trkpt><trkpt lat="36.979504" lon="138.960243"><ele>1924.0</ele><time>2021-08-21T01:07:02Z</time></trkpt><trkpt lat="36.979494" lon="138.960236"><ele>1923.9</ele><time>2021-08-21T01:07:33Z</time></trkpt><trkpt lat="36.979491" lon="138.960234"><ele>1923.8</ele><time>2021-08-21T01:08:01Z</time></trkpt><trkpt lat="36.979517" lon="138.960174"><ele>1923.1</ele><time>2021-08-21T01:13:03Z</time></trkpt><trkpt lat="36.979512" lon="138.960176"><ele>1923.0</ele><time>2021-08-21T01:13:18Z</time></trkpt><trkpt lat="36.979517" lon="138.960186"><ele>1922.9</ele><time>2021-08-21T01:13:21Z</time></trkpt><trkpt lat="36.979516" lon="138.960194"><ele>1922.8</ele><time>2021-08-21T01:13:56Z</time></trkpt><trkpt lat="36.979491" lon="138.96023"><ele>1922.4</ele><time>2021-08-21T01:15:10Z</time></trkpt><trkpt lat="36.979491" lon="138.96024"><ele>1922.3</ele><time>2021-08-21T01:15:15Z</time></trkpt><trkpt lat="36.979491" lon="138.96024"><ele>1922.3</ele><time>2021-08-21T01:15:20Z</time></trkpt><trkpt lat="36.979491" lon="138.96024"><ele>1922.3</ele><time>2021-08-21T01:15:33Z</time></trkpt><trkpt lat="36.979492" lon="138.960244"><ele>1922.2</ele><time>2021-08-21T01:15:38Z</time></trkpt><trkpt lat="36.979494" lon="138.960245"><ele>1922.2</ele><time>2021-08-21T01:15:51Z</time></trkpt><trkpt lat="36.979494" lon="138.960245"><ele>1922.2</ele><time>2021-08-21T01:15:56Z</time></trkpt><trkpt lat="36.979494" lon="138.960245"><ele>1922.2</ele><time>2021-08-21T01:16:01Z</time></trkpt><trkpt lat="36.979494" lon="138.960245"><ele>1922.2</ele><time>2021-08-21T01:16:06Z</time></trkpt><trkpt lat="36.979496" lon="138.960243"><ele>1922.2</ele><time>2021-08-21T01:16:16Z</time></trkpt><trkpt lat="36.979495" lon="138.960247"><ele>1922.1</ele><time>2021-08-21T01:16:24Z</time></trkpt><trkpt lat="36.979496" lon="138.960246"><ele>1922.1</ele><time>2021-08-21T01:16:32Z</time></trkpt><trkpt lat="36.979496" lon="138.960247"><ele>1922.1</ele><time>2021-08-21T01:16:34Z</time></trkpt><trkpt lat="36.979497" lon="138.960247"><ele>1922.1</ele><time>2021-08-21T01:16:39Z</time></trkpt><trkpt lat="36.979491" lon="138.960223"><ele>1921.8</ele><time>2021-08-21T01:19:04Z</time></trkpt><trkpt lat="36.979493" lon="138.960226"><ele>1921.8</ele><time>2021-08-21T01:19:14Z</time></trkpt><trkpt lat="36.979491" lon="138.960226"><ele>1921.8</ele><time>2021-08-21T01:19:22Z</time></trkpt><trkpt lat="36.979491" lon="138.960226"><ele>1921.8</ele><time>2021-08-21T01:19:24Z</time></trkpt><trkpt lat="36.97949" lon="138.960228"><ele>1921.7</ele><time>2021-08-21T01:19:35Z</time></trkpt><trkpt lat="36.979489" lon="138.96023"><ele>1921.7</ele><time>2021-08-21T01:19:45Z</time></trkpt><trkpt lat="36.979489" lon="138.96023"><ele>1921.7</ele><time>2021-08-21T01:19:50Z</time></trkpt><trkpt lat="36.97949" lon="138.960231"><ele>1921.7</ele><time>2021-08-21T01:19:57Z</time></trkpt><trkpt lat="36.979493" lon="138.960234"><ele>1921.6</ele><time>2021-08-21T01:20:13Z</time></trkpt><trkpt lat="36.979493" lon="138.960234"><ele>1921.6</ele><time>2021-08-21T01:20:15Z</time></trkpt><trkpt lat="36.979493" lon="138.960234"><ele>1921.6</ele><time>2021-08-21T01:20:18Z</time></trkpt><trkpt lat="36.979496" lon="138.960239"><ele>1921.6</ele><time>2021-08-21T01:20:23Z</time></trkpt><trkpt lat="36.979496" lon="138.960229"><ele>1921.5</ele><time>2021-08-21T01:20:36Z</time></trkpt><trkpt lat="36.979479" lon="138.960177"><ele>1920.9</ele><time>2021-08-21T01:20:51Z</time></trkpt><trkpt lat="36.979432" lon="138.960107"><ele>1920.0</ele><time>2021-08-21T01:20:58Z</time></trkpt><trkpt lat="36.97939" lon="138.960033"><ele>1919.0</ele><time>2021-08-21T01:21:04Z</time></trkpt><trkpt lat="36.979377" lon="138.960009"><ele>1918.7</ele><time>2021-08-21T01:21:06Z</time></trkpt><trkpt lat="36.979347" lon="138.959989"><ele>1918.3</ele><time>2021-08-21T01:21:09Z</time></trkpt><trkpt lat="36.979332" lon="138.959972"><ele>1918.1</ele><time>2021-08-21T01:21:11Z</time></trkpt><trkpt lat="36.979291" lon="138.959948"><ele>1917.5</ele><time>2021-08-21T01:21:16Z</time></trkpt><trkpt lat="36.979249" lon="138.95991"><ele>1916.8</ele><time>2021-08-21T01:21:21Z</time></trkpt><trkpt lat="36.979226" lon="138.959893"><ele>1916.5</ele><time>2021-08-21T01:21:24Z</time></trkpt><trkpt lat="36.979221" lon="138.959871"><ele>1916.2</ele><time>2021-08-21T01:21:29Z</time></trkpt><trkpt lat="36.979191" lon="138.959822"><ele>1915.6</ele><time>2021-08-21T01:21:34Z</time></trkpt><trkpt lat="36.979167" lon="138.959779"><ele>1915.1</ele><time>2021-08-21T01:21:39Z</time></trkpt><trkpt lat="36.979149" lon="138.959753"><ele>1914.7</ele><time>2021-08-21T01:21:44Z</time></trkpt><trkpt lat="36.979096" lon="138.959744"><ele>1914.0</ele><time>2021-08-21T01:21:54Z</time></trkpt><trkpt lat="36.979073" lon="138.959725"><ele>1913.7</ele><time>2021-08-21T01:21:57Z</time></trkpt><trkpt lat="36.979043" lon="138.959716"><ele>1913.3</ele><time>2021-08-21T01:22:02Z</time></trkpt><trkpt lat="36.979016" lon="138.959696"><ele>1912.9</ele><time>2021-08-21T01:22:07Z</time></trkpt><trkpt lat="36.978972" lon="138.959675"><ele>1912.3</ele><time>2021-08-21T01:22:12Z</time></trkpt><trkpt lat="36.978929" lon="138.959669"><ele>1911.7</ele><time>2021-08-21T01:22:17Z</time></trkpt><trkpt lat="36.978888" lon="138.959678"><ele>1911.2</ele><time>2021-08-21T01:22:22Z</time></trkpt><trkpt lat="36.97886" lon="138.959672"><ele>1910.9</ele><time>2021-08-21T01:22:27Z</time></trkpt><trkpt lat="36.978815" lon="138.95967"><ele>1910.3</ele><time>2021-08-21T01:22:33Z</time></trkpt><trkpt lat="36.978786" lon="138.959653"><ele>1909.9</ele><time>2021-08-21T01:22:38Z</time></trkpt><trkpt lat="36.97877" lon="138.959618"><ele>1909.5</ele><time>2021-08-21T01:22:43Z</time></trkpt><trkpt lat="36.978748" lon="138.959588"><ele>1909.0</ele><time>2021-08-21T01:22:48Z</time></trkpt><trkpt lat="36.978727" lon="138.959567"><ele>1908.7</ele><time>2021-08-21T01:22:53Z</time></trkpt><trkpt lat="36.978691" lon="138.959521"><ele>1908.0</ele><time>2021-08-21T01:23:01Z</time></trkpt><trkpt lat="36.978677" lon="138.959493"><ele>1907.7</ele><time>2021-08-21T01:23:06Z</time></trkpt><trkpt lat="36.978658" lon="138.959477"><ele>1907.4</ele><time>2021-08-21T01:23:21Z</time></trkpt><trkpt lat="36.978629" lon="138.95945"><ele>1907.0</ele><time>2021-08-21T01:23:26Z</time></trkpt><trkpt lat="36.978622" lon="138.959439"><ele>1906.8</ele><time>2021-08-21T01:23:29Z</time></trkpt><trkpt lat="36.978625" lon="138.959433"><ele>1906.7</ele><time>2021-08-21T01:23:31Z</time></trkpt><trkpt lat="36.978602" lon="138.959423"><ele>1906.4</ele><time>2021-08-21T01:23:34Z</time></trkpt><trkpt lat="36.978585" lon="138.959413"><ele>1906.2</ele><time>2021-08-21T01:23:36Z</time></trkpt><trkpt lat="36.978571" lon="138.959397"><ele>1905.9</ele><time>2021-08-21T01:23:39Z</time></trkpt><trkpt lat="36.978555" lon="138.959391"><ele>1905.7</ele><time>2021-08-21T01:23:41Z</time></trkpt><trkpt lat="36.978536" lon="138.959375"><ele>1905.4</ele><time>2021-08-21T01:23:46Z</time></trkpt><trkpt lat="36.978513" lon="138.959349"><ele>1905.0</ele><time>2021-08-21T01:23:51Z</time></trkpt><trkpt lat="36.978485" lon="138.959324"><ele>1904.6</ele><time>2021-08-21T01:23:56Z</time></trkpt><trkpt lat="36.978481" lon="138.959299"><ele>1904.3</ele><time>2021-08-21T01:24:04Z</time></trkpt><trkpt lat="36.978466" lon="138.959278"><ele>1904.1</ele><time>2021-08-21T01:24:09Z</time></trkpt><trkpt lat="36.978425" lon="138.959259"><ele>1903.5</ele><time>2021-08-21T01:24:14Z</time></trkpt><trkpt lat="36.978379" lon="138.959245"><ele>1902.9</ele><time>2021-08-21T01:24:19Z</time></trkpt><trkpt lat="36.978348" lon="138.959234"><ele>1902.5</ele><time>2021-08-21T01:24:24Z</time></trkpt><trkpt lat="36.978327" lon="138.959151"><ele>1901.6</ele><time>2021-08-21T01:24:32Z</time></trkpt><trkpt lat="36.978326" lon="138.959099"><ele>1901.1</ele><time>2021-08-21T01:24:35Z</time></trkpt><trkpt lat="36.978322" lon="138.959067"><ele>1900.7</ele><time>2021-08-21T01:24:37Z</time></trkpt><trkpt lat="36.978319" lon="138.959026"><ele>1900.3</ele><time>2021-08-21T01:24:40Z</time></trkpt><trkpt lat="36.978312" lon="138.959016"><ele>1900.2</ele><time>2021-08-21T01:24:42Z</time></trkpt><trkpt lat="36.978278" lon="138.959014"><ele>1899.8</ele><time>2021-08-21T01:24:47Z</time></trkpt><trkpt lat="36.97823" lon="138.959039"><ele>1899.1</ele><time>2021-08-21T01:24:52Z</time></trkpt><trkpt lat="36.978198" lon="138.959063"><ele>1898.6</ele><time>2021-08-21T01:24:57Z</time></trkpt><trkpt lat="36.978169" lon="138.959044"><ele>1898.2</ele><time>2021-08-21T01:25:03Z</time></trkpt><trkpt lat="36.978136" lon="138.959012"><ele>1897.7</ele><time>2021-08-21T01:25:08Z</time></trkpt><trkpt lat="36.978112" lon="138.958979"><ele>1897.2</ele><time>2021-08-21T01:25:13Z</time></trkpt><trkpt lat="36.978102" lon="138.958935"><ele>1896.7</ele><time>2021-08-21T01:25:18Z</time></trkpt><trkpt lat="36.978084" lon="138.958867"><ele>1896.0</ele><time>2021-08-21T01:25:23Z</time></trkpt><trkpt lat="36.97805" lon="138.958832"><ele>1895.4</ele><time>2021-08-21T01:25:28Z</time></trkpt><trkpt lat="36.978034" lon="138.958767"><ele>1894.8</ele><time>2021-08-21T01:25:33Z</time></trkpt><trkpt lat="36.978044" lon="138.958666"><ele>1893.7</ele><time>2021-08-21T01:25:38Z</time></trkpt><trkpt lat="36.978033" lon="138.958636"><ele>1893.4</ele><time>2021-08-21T01:25:41Z</time></trkpt><trkpt lat="36.978027" lon="138.958573"><ele>1892.7</ele><time>2021-08-21T01:25:46Z</time></trkpt><trkpt lat="36.978019" lon="138.958549"><ele>1892.5</ele><time>2021-08-21T01:25:48Z</time></trkpt><trkpt lat="36.97801" lon="138.958491"><ele>1891.9</ele><time>2021-08-21T01:25:53Z</time></trkpt><trkpt lat="36.977981" lon="138.958411"><ele>1891.0</ele><time>2021-08-21T01:25:59Z</time></trkpt><trkpt lat="36.977973" lon="138.958387"><ele>1890.7</ele><time>2021-08-21T01:26:01Z</time></trkpt><trkpt lat="36.977957" lon="138.958314"><ele>1889.9</ele><time>2021-08-21T01:26:06Z</time></trkpt><trkpt lat="36.977946" lon="138.958266"><ele>1889.4</ele><time>2021-08-21T01:26:09Z</time></trkpt><trkpt lat="36.977944" lon="138.958231"><ele>1889.1</ele><time>2021-08-21T01:26:11Z</time></trkpt><trkpt lat="36.977934" lon="138.958191"><ele>1888.6</ele><time>2021-08-21T01:26:14Z</time></trkpt><trkpt lat="36.977935" lon="138.958162"><ele>1888.3</ele><time>2021-08-21T01:26:16Z</time></trkpt><trkpt lat="36.977942" lon="138.958114"><ele>1887.9</ele><time>2021-08-21T01:26:19Z</time></trkpt><trkpt lat="36.977941" lon="138.958084"><ele>1887.5</ele><time>2021-08-21T01:26:21Z</time></trkpt><trkpt lat="36.977911" lon="138.958051"><ele>1887.0</ele><time>2021-08-21T01:26:24Z</time></trkpt><trkpt lat="36.977862" lon="138.957989"><ele>1886.1</ele><time>2021-08-21T01:26:29Z</time></trkpt><trkpt lat="36.977829" lon="138.957968"><ele>1885.7</ele><time>2021-08-21T01:26:32Z</time></trkpt><trkpt lat="36.977812" lon="138.957957"><ele>1885.4</ele><time>2021-08-21T01:26:34Z</time></trkpt><trkpt lat="36.977786" lon="138.957961"><ele>1885.1</ele><time>2021-08-21T01:26:37Z</time></trkpt><trkpt lat="36.977745" lon="138.957947"><ele>1884.6</ele><time>2021-08-21T01:26:42Z</time></trkpt><trkpt lat="36.977715" lon="138.957946"><ele>1884.2</ele><time>2021-08-21T01:26:47Z</time></trkpt><trkpt lat="36.977665" lon="138.957965"><ele>1883.5</ele><time>2021-08-21T01:26:52Z</time></trkpt><trkpt lat="36.977648" lon="138.957978"><ele>1883.2</ele><time>2021-08-21T01:26:54Z</time></trkpt><trkpt lat="36.977594" lon="138.958006"><ele>1882.5</ele><time>2021-08-21T01:27:00Z</time></trkpt><trkpt lat="36.977555" lon="138.957996"><ele>1882.0</ele><time>2021-08-21T01:27:05Z</time></trkpt><trkpt lat="36.977513" lon="138.958019"><ele>1881.4</ele><time>2021-08-21T01:27:10Z</time></trkpt><trkpt lat="36.977469" lon="138.958043"><ele>1880.8</ele><time>2021-08-21T01:27:15Z</time></trkpt><trkpt lat="36.977405" lon="138.958083"><ele>1879.9</ele><time>2021-08-21T01:27:20Z</time></trkpt><trkpt lat="36.977382" lon="138.958099"><ele>1879.6</ele><time>2021-08-21T01:27:22Z</time></trkpt><trkpt lat="36.977353" lon="138.958112"><ele>1879.2</ele><time>2021-08-21T01:27:25Z</time></trkpt><trkpt lat="36.977293" lon="138.958116"><ele>1878.4</ele><time>2021-08-21T01:27:30Z</time></trkpt><trkpt lat="36.977235" lon="138.958118"><ele>1877.7</ele><time>2021-08-21T01:27:35Z</time></trkpt><trkpt lat="36.977202" lon="138.958111"><ele>1877.2</ele><time>2021-08-21T01:27:38Z</time></trkpt><trkpt lat="36.977184" lon="138.958117"><ele>1877.0</ele><time>2021-08-21T01:27:40Z</time></trkpt><trkpt lat="36.977119" lon="138.958108"><ele>1876.2</ele><time>2021-08-21T01:27:45Z</time></trkpt><trkpt lat="36.977076" lon="138.958103"><ele>1875.6</ele><time>2021-08-21T01:27:48Z</time></trkpt><trkpt lat="36.977051" lon="138.958098"><ele>1875.3</ele><time>2021-08-21T01:27:50Z</time></trkpt><trkpt lat="36.977019" lon="138.958097"><ele>1874.9</ele><time>2021-08-21T01:27:53Z</time></trkpt><trkpt lat="36.976989" lon="138.958055"><ele>1874.3</ele><time>2021-08-21T01:27:58Z</time></trkpt><trkpt lat="36.976938" lon="138.958012"><ele>1873.5</ele><time>2021-08-21T01:28:03Z</time></trkpt><trkpt lat="36.976907" lon="138.958002"><ele>1873.1</ele><time>2021-08-21T01:28:06Z</time></trkpt><trkpt lat="36.976859" lon="138.958005"><ele>1872.5</ele><time>2021-08-21T01:28:11Z</time></trkpt><trkpt lat="36.97681" lon="138.958035"><ele>1871.8</ele><time>2021-08-21T01:28:16Z</time></trkpt><trkpt lat="36.97678" lon="138.958053"><ele>1871.4</ele><time>2021-08-21T01:28:18Z</time></trkpt><trkpt lat="36.976746" lon="138.958084"><ele>1870.8</ele><time>2021-08-21T01:28:21Z</time></trkpt><trkpt lat="36.976718" lon="138.958088"><ele>1870.5</ele><time>2021-08-21T01:28:23Z</time></trkpt><trkpt lat="36.976683" lon="138.958092"><ele>1870.0</ele><time>2021-08-21T01:28:26Z</time></trkpt><trkpt lat="36.976636" lon="138.958107"><ele>1869.4</ele><time>2021-08-21T01:28:31Z</time></trkpt><trkpt lat="36.976632" lon="138.958099"><ele>1869.3</ele><time>2021-08-21T01:28:36Z</time></trkpt><trkpt lat="36.976623" lon="138.958097"><ele>1869.2</ele><time>2021-08-21T01:28:46Z</time></trkpt><trkpt lat="36.976602" lon="138.958106"><ele>1868.9</ele><time>2021-08-21T01:28:51Z</time></trkpt><trkpt lat="36.976571" lon="138.958106"><ele>1868.5</ele><time>2021-08-21T01:28:54Z</time></trkpt><trkpt lat="36.976544" lon="138.958108"><ele>1868.2</ele><time>2021-08-21T01:28:56Z</time></trkpt><trkpt lat="36.976456" lon="138.958112"><ele>1867.0</ele><time>2021-08-21T01:29:02Z</time></trkpt><trkpt lat="36.976432" lon="138.958108"><ele>1866.7</ele><time>2021-08-21T01:29:04Z</time></trkpt><trkpt lat="36.976407" lon="138.9581"><ele>1866.4</ele><time>2021-08-21T01:29:07Z</time></trkpt><trkpt lat="36.976343" lon="138.958077"><ele>1865.6</ele><time>2021-08-21T01:29:12Z</time></trkpt><trkpt lat="36.976317" lon="138.958067"><ele>1865.2</ele><time>2021-08-21T01:29:14Z</time></trkpt><trkpt lat="36.976289" lon="138.958058"><ele>1864.8</ele><time>2021-08-21T01:29:17Z</time></trkpt><trkpt lat="36.976251" lon="138.958042"><ele>1864.3</ele><time>2021-08-21T01:29:22Z</time></trkpt><trkpt lat="36.976203" lon="138.95802"><ele>1863.7</ele><time>2021-08-21T01:29:27Z</time></trkpt><trkpt lat="36.976107" lon="138.957984"><ele>1862.4</ele><time>2021-08-21T01:29:40Z</time></trkpt><trkpt lat="36.97609" lon="138.957985"><ele>1862.2</ele><time>2021-08-21T01:29:45Z</time></trkpt><trkpt lat="36.976026" lon="138.957989"><ele>1861.4</ele><time>2021-08-21T01:29:52Z</time></trkpt><trkpt lat="36.975997" lon="138.957976"><ele>1861.0</ele><time>2021-08-21T01:29:55Z</time></trkpt><trkpt lat="36.975951" lon="138.957959"><ele>1860.4</ele><time>2021-08-21T01:30:00Z</time></trkpt><trkpt lat="36.97591" lon="138.957946"><ele>1859.8</ele><time>2021-08-21T01:30:05Z</time></trkpt><trkpt lat="36.975885" lon="138.957932"><ele>1859.5</ele><time>2021-08-21T01:30:10Z</time></trkpt><trkpt lat="36.975836" lon="138.957939"><ele>1858.8</ele><time>2021-08-21T01:30:15Z</time></trkpt><trkpt lat="36.975801" lon="138.957929"><ele>1858.4</ele><time>2021-08-21T01:30:20Z</time></trkpt><trkpt lat="36.975774" lon="138.957931"><ele>1858.0</ele><time>2021-08-21T01:30:25Z</time></trkpt><trkpt lat="36.975726" lon="138.95792"><ele>1857.4</ele><time>2021-08-21T01:30:31Z</time></trkpt><trkpt lat="36.975687" lon="138.957901"><ele>1856.9</ele><time>2021-08-21T01:30:36Z</time></trkpt><trkpt lat="36.975648" lon="138.957873"><ele>1856.3</ele><time>2021-08-21T01:30:41Z</time></trkpt><trkpt lat="36.97562" lon="138.957849"><ele>1855.9</ele><time>2021-08-21T01:30:46Z</time></trkpt><trkpt lat="36.975592" lon="138.957822"><ele>1855.4</ele><time>2021-08-21T01:30:51Z</time></trkpt><trkpt lat="36.975563" lon="138.957816"><ele>1855.1</ele><time>2021-08-21T01:30:56Z</time></trkpt><trkpt lat="36.975522" lon="138.957798"><ele>1854.5</ele><time>2021-08-21T01:31:01Z</time></trkpt><trkpt lat="36.975495" lon="138.957783"><ele>1854.1</ele><time>2021-08-21T01:31:06Z</time></trkpt><trkpt lat="36.975443" lon="138.957777"><ele>1853.5</ele><time>2021-08-21T01:31:14Z</time></trkpt><trkpt lat="36.975402" lon="138.957772"><ele>1852.9</ele><time>2021-08-21T01:31:19Z</time></trkpt><trkpt lat="36.97537" lon="138.957756"><ele>1852.5</ele><time>2021-08-21T01:31:24Z</time></trkpt><trkpt lat="36.975335" lon="138.957744"><ele>1852.0</ele><time>2021-08-21T01:31:29Z</time></trkpt><trkpt lat="36.975286" lon="138.957718"><ele>1851.3</ele><time>2021-08-21T01:31:37Z</time></trkpt><trkpt lat="36.975256" lon="138.957702"><ele>1850.9</ele><time>2021-08-21T01:31:42Z</time></trkpt><trkpt lat="36.975215" lon="138.957681"><ele>1850.4</ele><time>2021-08-21T01:31:47Z</time></trkpt><trkpt lat="36.975163" lon="138.957658"><ele>1849.7</ele><time>2021-08-21T01:31:52Z</time></trkpt><trkpt lat="36.975139" lon="138.957646"><ele>1849.3</ele><time>2021-08-21T01:31:54Z</time></trkpt><trkpt lat="36.975117" lon="138.957635"><ele>1849.0</ele><time>2021-08-21T01:31:57Z</time></trkpt><trkpt lat="36.975085" lon="138.957613"><ele>1848.6</ele><time>2021-08-21T01:32:02Z</time></trkpt><trkpt lat="36.975031" lon="138.957593"><ele>1847.8</ele><time>2021-08-21T01:32:07Z</time></trkpt><trkpt lat="36.974998" lon="138.957567"><ele>1847.3</ele><time>2021-08-21T01:32:10Z</time></trkpt><trkpt lat="36.974979" lon="138.957561"><ele>1847.1</ele><time>2021-08-21T01:32:12Z</time></trkpt><trkpt lat="36.974942" lon="138.957543"><ele>1846.6</ele><time>2021-08-21T01:32:15Z</time></trkpt><trkpt lat="36.974924" lon="138.957534"><ele>1846.3</ele><time>2021-08-21T01:32:17Z</time></trkpt><trkpt lat="36.974872" lon="138.95752"><ele>1845.7</ele><time>2021-08-21T01:32:22Z</time></trkpt><trkpt lat="36.974793" lon="138.957513"><ele>1844.7</ele><time>2021-08-21T01:32:28Z</time></trkpt><trkpt lat="36.974776" lon="138.957511"><ele>1844.4</ele><time>2021-08-21T01:32:30Z</time></trkpt><trkpt lat="36.974768" lon="138.95751"><ele>1844.3</ele><time>2021-08-21T01:32:35Z</time></trkpt><trkpt lat="36.974682" lon="138.95756"><ele>1843.1</ele><time>2021-08-21T01:33:01Z</time></trkpt><trkpt lat="36.974642" lon="138.957577"><ele>1842.6</ele><time>2021-08-21T01:33:06Z</time></trkpt><trkpt lat="36.974628" lon="138.957575"><ele>1842.4</ele><time>2021-08-21T01:33:11Z</time></trkpt><trkpt lat="36.974611" lon="138.95757"><ele>1842.2</ele><time>2021-08-21T01:33:49Z</time></trkpt><trkpt lat="36.974605" lon="138.957588"><ele>1842.0</ele><time>2021-08-21T01:34:40Z</time></trkpt><trkpt lat="36.974611" lon="138.957581"><ele>1841.9</ele><time>2021-08-21T01:35:13Z</time></trkpt><trkpt lat="36.974611" lon="138.957581"><ele>1841.9</ele><time>2021-08-21T01:35:20Z</time></trkpt><trkpt lat="36.974608" lon="138.957556"><ele>1841.6</ele><time>2021-08-21T01:35:33Z</time></trkpt><trkpt lat="36.974601" lon="138.95753"><ele>1841.3</ele><time>2021-08-21T01:36:27Z</time></trkpt><trkpt lat="36.974572" lon="138.957485"><ele>1840.8</ele><time>2021-08-21T01:37:02Z</time></trkpt><trkpt lat="36.974581" lon="138.957495"><ele>1840.6</ele><time>2021-08-21T01:37:05Z</time></trkpt><trkpt lat="36.974581" lon="138.957513"><ele>1840.4</ele><time>2021-08-21T01:37:43Z</time></trkpt><trkpt lat="36.974581" lon="138.957513"><ele>1840.4</ele><time>2021-08-21T01:37:45Z</time></trkpt><trkpt lat="36.974614" lon="138.957585"><ele>1840.3</ele><time>2021-08-21T01:39:52Z</time></trkpt><trkpt lat="36.974615" lon="138.957585"><ele>1840.3</ele><time>2021-08-21T01:39:53Z</time></trkpt><trkpt lat="36.974615" lon="138.957585"><ele>1840.3</ele><time>2021-08-21T01:39:54Z</time></trkpt><trkpt lat="36.974615" lon="138.957585"><ele>1840.3</ele><time>2021-08-21T01:39:55Z</time></trkpt><trkpt lat="36.974615" lon="138.957585"><ele>1840.3</ele><time>2021-08-21T01:39:56Z</time></trkpt><trkpt lat="36.974615" lon="138.957585"><ele>1840.3</ele><time>2021-08-21T01:39:57Z</time></trkpt><trkpt lat="36.974615" lon="138.957585"><ele>1840.3</ele><time>2021-08-21T01:39:58Z</time></trkpt><trkpt lat="36.974615" lon="138.957585"><ele>1840.3</ele><time>2021-08-21T01:39:59Z</time></trkpt><trkpt lat="36.974615" lon="138.957585"><ele>1840.3</ele><time>2021-08-21T01:40:00Z</time></trkpt><trkpt lat="36.974615" lon="138.957585"><ele>1840.3</ele><time>2021-08-21T01:40:01Z</time></trkpt><trkpt lat="36.974615" lon="138.957583"><ele>1840.3</ele><time>2021-08-21T01:40:02Z</time></trkpt><trkpt lat="36.974601" lon="138.957635"><ele>1839.7</ele><time>2021-08-21T01:41:44Z</time></trkpt><trkpt lat="36.974596" lon="138.957638"><ele>1839.6</ele><time>2021-08-21T01:41:45Z</time></trkpt><trkpt lat="36.974587" lon="138.957646"><ele>1839.5</ele><time>2021-08-21T01:41:46Z</time></trkpt><trkpt lat="36.974585" lon="138.957654"><ele>1839.4</ele><time>2021-08-21T01:41:47Z</time></trkpt><trkpt lat="36.974581" lon="138.957662"><ele>1839.3</ele><time>2021-08-21T01:41:48Z</time></trkpt><trkpt lat="36.974577" lon="138.95767"><ele>1839.2</ele><time>2021-08-21T01:41:49Z</time></trkpt><trkpt lat="36.974581" lon="138.957681"><ele>1839.1</ele><time>2021-08-21T01:41:50Z</time></trkpt><trkpt lat="36.974583" lon="138.957681"><ele>1839.1</ele><time>2021-08-21T01:41:51Z</time></trkpt><trkpt lat="36.974588" lon="138.957682"><ele>1839.0</ele><time>2021-08-21T01:41:52Z</time></trkpt><trkpt lat="36.97459" lon="138.957684"><ele>1839.0</ele><time>2021-08-21T01:41:53Z</time></trkpt><trkpt lat="36.974591" lon="138.957681"><ele>1838.9</ele><time>2021-08-21T01:41:54Z</time></trkpt><trkpt lat="36.974586" lon="138.957682"><ele>1838.9</ele><time>2021-08-21T01:41:55Z</time></trkpt><trkpt lat="36.974581" lon="138.957686"><ele>1838.8</ele><time>2021-08-21T01:41:56Z</time></trkpt><trkpt lat="36.974569" lon="138.957692"><ele>1838.6</ele><time>2021-08-21T01:41:57Z</time></trkpt><trkpt lat="36.974559" lon="138.957704"><ele>1838.4</ele><time>2021-08-21T01:41:58Z</time></trkpt><trkpt lat="36.974554" lon="138.957714"><ele>1838.3</ele><time>2021-08-21T01:41:59Z</time></trkpt><trkpt lat="36.974552" lon="138.957724"><ele>1838.2</ele><time>2021-08-21T01:42:00Z</time></trkpt><trkpt lat="36.97455" lon="138.957745"><ele>1838.0</ele><time>2021-08-21T01:42:01Z</time></trkpt><trkpt lat="36.974543" lon="138.957753"><ele>1837.9</ele><time>2021-08-21T01:42:02Z</time></trkpt><trkpt lat="36.974538" lon="138.957768"><ele>1837.7</ele><time>2021-08-21T01:42:03Z</time></trkpt><trkpt lat="36.974538" lon="138.957782"><ele>1837.6</ele><time>2021-08-21T01:42:04Z</time></trkpt><trkpt lat="36.974531" lon="138.9578"><ele>1837.4</ele><time>2021-08-21T01:42:05Z</time></trkpt><trkpt lat="36.974526" lon="138.957814"><ele>1837.2</ele><time>2021-08-21T01:42:06Z</time></trkpt><trkpt lat="36.974518" lon="138.957823"><ele>1837.1</ele><time>2021-08-21T01:42:07Z</time></trkpt><trkpt lat="36.974514" lon="138.957834"><ele>1836.9</ele><time>2021-08-21T01:42:08Z</time></trkpt><trkpt lat="36.974512" lon="138.957849"><ele>1836.8</ele><time>2021-08-21T01:42:09Z</time></trkpt><trkpt lat="36.974509" lon="138.957862"><ele>1836.6</ele><time>2021-08-21T01:42:10Z</time></trkpt><trkpt lat="36.974508" lon="138.957873"><ele>1836.5</ele><time>2021-08-21T01:42:11Z</time></trkpt><trkpt lat="36.974509" lon="138.957888"><ele>1836.4</ele><time>2021-08-21T01:42:12Z</time></trkpt><trkpt lat="36.974505" lon="138.957902"><ele>1836.2</ele><time>2021-08-21T01:42:13Z</time></trkpt><trkpt lat="36.974501" lon="138.957909"><ele>1836.1</ele><time>2021-08-21T01:42:14Z</time></trkpt><trkpt lat="36.974496" lon="138.957916"><ele>1836.0</ele><time>2021-08-21T01:42:15Z</time></trkpt><trkpt lat="36.974492" lon="138.957923"><ele>1835.9</ele><time>2021-08-21T01:42:16Z</time></trkpt><trkpt lat="36.974488" lon="138.95793"><ele>1835.8</ele><time>2021-08-21T01:42:17Z</time></trkpt><trkpt lat="36.974482" lon="138.957942"><ele>1835.7</ele><time>2021-08-21T01:42:18Z</time></trkpt><trkpt lat="36.974482" lon="138.957953"><ele>1835.6</ele><time>2021-08-21T01:42:19Z</time></trkpt><trkpt lat="36.974483" lon="138.957962"><ele>1835.5</ele><time>2021-08-21T01:42:20Z</time></trkpt><trkpt lat="36.97448" lon="138.957973"><ele>1835.4</ele><time>2021-08-21T01:42:21Z</time></trkpt><trkpt lat="36.974477" lon="138.957987"><ele>1835.2</ele><time>2021-08-21T01:42:22Z</time></trkpt><trkpt lat="36.974477" lon="138.958002"><ele>1835.1</ele><time>2021-08-21T01:42:23Z</time></trkpt><trkpt lat="36.974472" lon="138.958013"><ele>1834.9</ele><time>2021-08-21T01:42:24Z</time></trkpt><trkpt lat="36.974469" lon="138.958028"><ele>1834.8</ele><time>2021-08-21T01:42:25Z</time></trkpt><trkpt lat="36.974464" lon="138.95804"><ele>1834.6</ele><time>2021-08-21T01:42:26Z</time></trkpt><trkpt lat="36.974463" lon="138.958049"><ele>1834.5</ele><time>2021-08-21T01:42:27Z</time></trkpt><trkpt lat="36.974459" lon="138.958064"><ele>1834.4</ele><time>2021-08-21T01:42:28Z</time></trkpt><trkpt lat="36.974453" lon="138.958071"><ele>1834.3</ele><time>2021-08-21T01:42:29Z</time></trkpt><trkpt lat="36.974444" lon="138.958086"><ele>1834.1</ele><time>2021-08-21T01:42:30Z</time></trkpt><trkpt lat="36.974441" lon="138.958093"><ele>1834.0</ele><time>2021-08-21T01:42:31Z</time></trkpt><trkpt lat="36.974433" lon="138.958096"><ele>1833.9</ele><time>2021-08-21T01:42:32Z</time></trkpt><trkpt lat="36.974426" lon="138.958097"><ele>1833.8</ele><time>2021-08-21T01:42:33Z</time></trkpt><trkpt lat="36.974415" lon="138.958096"><ele>1833.7</ele><time>2021-08-21T01:42:34Z</time></trkpt><trkpt lat="36.974408" lon="138.958098"><ele>1833.6</ele><time>2021-08-21T01:42:35Z</time></trkpt><trkpt lat="36.974401" lon="138.958098"><ele>1833.5</ele><time>2021-08-21T01:42:36Z</time></trkpt><trkpt lat="36.974394" lon="138.958097"><ele>1833.4</ele><time>2021-08-21T01:42:37Z</time></trkpt><trkpt lat="36.974387" lon="138.958099"><ele>1833.3</ele><time>2021-08-21T01:42:38Z</time></trkpt><trkpt lat="36.97438" lon="138.958102"><ele>1833.2</ele><time>2021-08-21T01:42:39Z</time></trkpt><trkpt lat="36.974374" lon="138.958103"><ele>1833.1</ele><time>2021-08-21T01:42:40Z</time></trkpt><trkpt lat="36.974366" lon="138.958102"><ele>1833.0</ele><time>2021-08-21T01:42:41Z</time></trkpt><trkpt lat="36.97436" lon="138.958106"><ele>1832.9</ele><time>2021-08-21T01:42:42Z</time></trkpt><trkpt lat="36.974354" lon="138.95811"><ele>1832.8</ele><time>2021-08-21T01:42:43Z</time></trkpt><trkpt lat="36.974351" lon="138.958116"><ele>1832.8</ele><time>2021-08-21T01:42:44Z</time></trkpt><trkpt lat="36.974344" lon="138.958121"><ele>1832.7</ele><time>2021-08-21T01:42:45Z</time></trkpt><trkpt lat="36.974342" lon="138.958124"><ele>1832.6</ele><time>2021-08-21T01:42:46Z</time></trkpt><trkpt lat="36.974335" lon="138.958129"><ele>1832.5</ele><time>2021-08-21T01:42:47Z</time></trkpt><trkpt lat="36.97433" lon="138.958133"><ele>1832.4</ele><time>2021-08-21T01:42:48Z</time></trkpt><trkpt lat="36.974321" lon="138.958142"><ele>1832.3</ele><time>2021-08-21T01:42:49Z</time></trkpt><trkpt lat="36.974314" lon="138.958148"><ele>1832.2</ele><time>2021-08-21T01:42:50Z</time></trkpt><trkpt lat="36.974307" lon="138.958156"><ele>1832.1</ele><time>2021-08-21T01:42:51Z</time></trkpt><trkpt lat="36.974302" lon="138.95816"><ele>1832.0</ele><time>2021-08-21T01:42:52Z</time></trkpt><trkpt lat="36.974293" lon="138.95817"><ele>1831.8</ele><time>2021-08-21T01:42:53Z</time></trkpt><trkpt lat="36.974287" lon="138.958173"><ele>1831.7</ele><time>2021-08-21T01:42:54Z</time></trkpt><trkpt lat="36.974281" lon="138.958175"><ele>1831.7</ele><time>2021-08-21T01:42:55Z</time></trkpt><trkpt lat="36.974274" lon="138.958179"><ele>1831.6</ele><time>2021-08-21T01:42:56Z</time></trkpt><trkpt lat="36.974266" lon="138.95818"><ele>1831.5</ele><time>2021-08-21T01:42:57Z</time></trkpt><trkpt lat="36.974258" lon="138.958182"><ele>1831.3</ele><time>2021-08-21T01:42:58Z</time></trkpt><trkpt lat="36.974253" lon="138.958186"><ele>1831.3</ele><time>2021-08-21T01:42:59Z</time></trkpt><trkpt lat="36.974249" lon="138.958188"><ele>1831.2</ele><time>2021-08-21T01:43:00Z</time></trkpt><trkpt lat="36.974243" lon="138.95819"><ele>1831.1</ele><time>2021-08-21T01:43:01Z</time></trkpt><trkpt lat="36.974236" lon="138.958192"><ele>1831.0</ele><time>2021-08-21T01:43:02Z</time></trkpt><trkpt lat="36.974228" lon="138.958197"><ele>1830.9</ele><time>2021-08-21T01:43:03Z</time></trkpt><trkpt lat="36.974223" lon="138.9582"><ele>1830.9</ele><time>2021-08-21T01:43:04Z</time></trkpt><trkpt lat="36.974215" lon="138.958205"><ele>1830.7</ele><time>2021-08-21T01:43:05Z</time></trkpt><trkpt lat="36.974208" lon="138.95821"><ele>1830.6</ele><time>2021-08-21T01:43:06Z</time></trkpt><trkpt lat="36.974202" lon="138.958214"><ele>1830.5</ele><time>2021-08-21T01:43:07Z</time></trkpt><trkpt lat="36.974195" lon="138.958219"><ele>1830.4</ele><time>2021-08-21T01:43:08Z</time></trkpt><trkpt lat="36.974191" lon="138.958224"><ele>1830.4</ele><time>2021-08-21T01:43:09Z</time></trkpt><trkpt lat="36.974181" lon="138.958234"><ele>1830.2</ele><time>2021-08-21T01:43:10Z</time></trkpt><trkpt lat="36.974174" lon="138.95824"><ele>1830.1</ele><time>2021-08-21T01:43:11Z</time></trkpt><trkpt lat="36.974167" lon="138.95825"><ele>1830.0</ele><time>2021-08-21T01:43:12Z</time></trkpt><trkpt lat="36.974161" lon="138.958255"><ele>1829.9</ele><time>2021-08-21T01:43:13Z</time></trkpt><trkpt lat="36.974156" lon="138.95826"><ele>1829.8</ele><time>2021-08-21T01:43:14Z</time></trkpt><trkpt lat="36.97415" lon="138.958265"><ele>1829.7</ele><time>2021-08-21T01:43:15Z</time></trkpt><trkpt lat="36.974145" lon="138.95827"><ele>1829.6</ele><time>2021-08-21T01:43:16Z</time></trkpt><trkpt lat="36.974141" lon="138.958278"><ele>1829.5</ele><time>2021-08-21T01:43:17Z</time></trkpt><trkpt lat="36.974134" lon="138.958286"><ele>1829.4</ele><time>2021-08-21T01:43:18Z</time></trkpt><trkpt lat="36.974127" lon="138.958289"><ele>1829.3</ele><time>2021-08-21T01:43:19Z</time></trkpt><trkpt lat="36.974123" lon="138.958294"><ele>1829.2</ele><time>2021-08-21T01:43:20Z</time></trkpt><trkpt lat="36.974115" lon="138.958304"><ele>1829.1</ele><time>2021-08-21T01:43:21Z</time></trkpt><trkpt lat="36.974111" lon="138.958311"><ele>1829.0</ele><time>2021-08-21T01:43:22Z</time></trkpt><trkpt lat="36.974106" lon="138.958317"><ele>1828.9</ele><time>2021-08-21T01:43:23Z</time></trkpt><trkpt lat="36.974102" lon="138.958324"><ele>1828.8</ele><time>2021-08-21T01:43:24Z</time></trkpt><trkpt lat="36.974098" lon="138.95833"><ele>1828.7</ele><time>2021-08-21T01:43:25Z</time></trkpt><trkpt lat="36.974093" lon="138.958335"><ele>1828.6</ele><time>2021-08-21T01:43:26Z</time></trkpt><trkpt lat="36.97409" lon="138.958345"><ele>1828.5</ele><time>2021-08-21T01:43:27Z</time></trkpt><trkpt lat="36.974085" lon="138.958355"><ele>1828.4</ele><time>2021-08-21T01:43:28Z</time></trkpt><trkpt lat="36.974082" lon="138.95836"><ele>1828.3</ele><time>2021-08-21T01:43:29Z</time></trkpt><trkpt lat="36.974075" lon="138.958373"><ele>1828.2</ele><time>2021-08-21T01:43:30Z</time></trkpt><trkpt lat="36.974068" lon="138.958381"><ele>1828.1</ele><time>2021-08-21T01:43:31Z</time></trkpt><trkpt lat="36.974063" lon="138.958387"><ele>1828.0</ele><time>2021-08-21T01:43:32Z</time></trkpt><trkpt lat="36.974052" lon="138.958404"><ele>1827.7</ele><time>2021-08-21T01:43:33Z</time></trkpt><trkpt lat="36.974048" lon="138.958412"><ele>1827.6</ele><time>2021-08-21T01:43:34Z</time></trkpt><trkpt lat="36.974044" lon="138.958419"><ele>1827.6</ele><time>2021-08-21T01:43:35Z</time></trkpt><trkpt lat="36.97404" lon="138.958427"><ele>1827.5</ele><time>2021-08-21T01:43:36Z</time></trkpt><trkpt lat="36.974031" lon="138.958442"><ele>1827.3</ele><time>2021-08-21T01:43:37Z</time></trkpt><trkpt lat="36.97403" lon="138.958447"><ele>1827.2</ele><time>2021-08-21T01:43:38Z</time></trkpt><trkpt lat="36.974021" lon="138.958457"><ele>1827.1</ele><time>2021-08-21T01:43:39Z</time></trkpt><trkpt lat="36.974015" lon="138.958463"><ele>1827.0</ele><time>2021-08-21T01:43:40Z</time></trkpt><trkpt lat="36.974012" lon="138.958468"><ele>1826.9</ele><time>2021-08-21T01:43:41Z</time></trkpt><trkpt lat="36.974006" lon="138.958476"><ele>1826.8</ele><time>2021-08-21T01:43:42Z</time></trkpt><trkpt lat="36.974" lon="138.958484"><ele>1826.7</ele><time>2021-08-21T01:43:43Z</time></trkpt><trkpt lat="36.973994" lon="138.958489"><ele>1826.6</ele><time>2021-08-21T01:43:44Z</time></trkpt><trkpt lat="36.97399" lon="138.958495"><ele>1826.5</ele><time>2021-08-21T01:43:45Z</time></trkpt><trkpt lat="36.973985" lon="138.9585"><ele>1826.4</ele><time>2021-08-21T01:43:46Z</time></trkpt><trkpt lat="36.973978" lon="138.958506"><ele>1826.3</ele><time>2021-08-21T01:43:47Z</time></trkpt><trkpt lat="36.973971" lon="138.958514"><ele>1826.2</ele><time>2021-08-21T01:43:48Z</time></trkpt><trkpt lat="36.973964" lon="138.958521"><ele>1826.1</ele><time>2021-08-21T01:43:49Z</time></trkpt><trkpt lat="36.97396" lon="138.958529"><ele>1826.0</ele><time>2021-08-21T01:43:50Z</time></trkpt><trkpt lat="36.973954" lon="138.958538"><ele>1825.8</ele><time>2021-08-21T01:43:51Z</time></trkpt><trkpt lat="36.973948" lon="138.958548"><ele>1825.7</ele><time>2021-08-21T01:43:52Z</time></trkpt><trkpt lat="36.97394" lon="138.958558"><ele>1825.6</ele><time>2021-08-21T01:43:53Z</time></trkpt><trkpt lat="36.973932" lon="138.958571"><ele>1825.4</ele><time>2021-08-21T01:43:54Z</time></trkpt><trkpt lat="36.973935" lon="138.958577"><ele>1825.3</ele><time>2021-08-21T01:43:55Z</time></trkpt><trkpt lat="36.973927" lon="138.958592"><ele>1825.1</ele><time>2021-08-21T01:43:56Z</time></trkpt><trkpt lat="36.973921" lon="138.958607"><ele>1825.0</ele><time>2021-08-21T01:43:57Z</time></trkpt><trkpt lat="36.973912" lon="138.95863"><ele>1824.7</ele><time>2021-08-21T01:43:58Z</time></trkpt><trkpt lat="36.973907" lon="138.958639"><ele>1824.6</ele><time>2021-08-21T01:43:59Z</time></trkpt><trkpt lat="36.973902" lon="138.958648"><ele>1824.5</ele><time>2021-08-21T01:44:00Z</time></trkpt><trkpt lat="36.973897" lon="138.958658"><ele>1824.3</ele><time>2021-08-21T01:44:01Z</time></trkpt><trkpt lat="36.973893" lon="138.958666"><ele>1824.3</ele><time>2021-08-21T01:44:02Z</time></trkpt><trkpt lat="36.973886" lon="138.95868"><ele>1824.1</ele><time>2021-08-21T01:44:03Z</time></trkpt><trkpt lat="36.97388" lon="138.958691"><ele>1823.9</ele><time>2021-08-21T01:44:04Z</time></trkpt><trkpt lat="36.973871" lon="138.958706"><ele>1823.7</ele><time>2021-08-21T01:44:06Z</time></trkpt><trkpt lat="36.973869" lon="138.958713"><ele>1823.7</ele><time>2021-08-21T01:44:07Z</time></trkpt><trkpt lat="36.973865" lon="138.958727"><ele>1823.5</ele><time>2021-08-21T01:44:08Z</time></trkpt><trkpt lat="36.973859" lon="138.958735"><ele>1823.4</ele><time>2021-08-21T01:44:09Z</time></trkpt><trkpt lat="36.973856" lon="138.958745"><ele>1823.3</ele><time>2021-08-21T01:44:10Z</time></trkpt><trkpt lat="36.973853" lon="138.958756"><ele>1823.2</ele><time>2021-08-21T01:44:11Z</time></trkpt><trkpt lat="36.973849" lon="138.95877"><ele>1823.0</ele><time>2021-08-21T01:44:12Z</time></trkpt><trkpt lat="36.973849" lon="138.958779"><ele>1822.9</ele><time>2021-08-21T01:44:13Z</time></trkpt><trkpt lat="36.973843" lon="138.958795"><ele>1822.7</ele><time>2021-08-21T01:44:14Z</time></trkpt><trkpt lat="36.973834" lon="138.958803"><ele>1822.6</ele><time>2021-08-21T01:44:15Z</time></trkpt><trkpt lat="36.973826" lon="138.958813"><ele>1822.5</ele><time>2021-08-21T01:44:16Z</time></trkpt><trkpt lat="36.973817" lon="138.95882"><ele>1822.3</ele><time>2021-08-21T01:44:17Z</time></trkpt><trkpt lat="36.973809" lon="138.958824"><ele>1822.2</ele><time>2021-08-21T01:44:18Z</time></trkpt><trkpt lat="36.973802" lon="138.958831"><ele>1822.1</ele><time>2021-08-21T01:44:19Z</time></trkpt><trkpt lat="36.973798" lon="138.958839"><ele>1822.0</ele><time>2021-08-21T01:44:20Z</time></trkpt><trkpt lat="36.973795" lon="138.95885"><ele>1821.9</ele><time>2021-08-21T01:44:21Z</time></trkpt><trkpt lat="36.973792" lon="138.958856"><ele>1821.8</ele><time>2021-08-21T01:44:22Z</time></trkpt><trkpt lat="36.973787" lon="138.958862"><ele>1821.7</ele><time>2021-08-21T01:44:23Z</time></trkpt><trkpt lat="36.973779" lon="138.958866"><ele>1821.6</ele><time>2021-08-21T01:44:24Z</time></trkpt><trkpt lat="36.973768" lon="138.958875"><ele>1821.4</ele><time>2021-08-21T01:44:25Z</time></trkpt><trkpt lat="36.973758" lon="138.958878"><ele>1821.3</ele><time>2021-08-21T01:44:26Z</time></trkpt><trkpt lat="36.973751" lon="138.958884"><ele>1821.2</ele><time>2021-08-21T01:44:27Z</time></trkpt><trkpt lat="36.973744" lon="138.958888"><ele>1821.1</ele><time>2021-08-21T01:44:28Z</time></trkpt><trkpt lat="36.973739" lon="138.958889"><ele>1821.0</ele><time>2021-08-21T01:44:29Z</time></trkpt><trkpt lat="36.973736" lon="138.958887"><ele>1821.0</ele><time>2021-08-21T01:44:30Z</time></trkpt><trkpt lat="36.97373" lon="138.958889"><ele>1820.9</ele><time>2021-08-21T01:44:31Z</time></trkpt><trkpt lat="36.973725" lon="138.95889"><ele>1820.8</ele><time>2021-08-21T01:44:32Z</time></trkpt><trkpt lat="36.973716" lon="138.958891"><ele>1820.7</ele><time>2021-08-21T01:44:33Z</time></trkpt><trkpt lat="36.973711" lon="138.958897"><ele>1820.6</ele><time>2021-08-21T01:44:34Z</time></trkpt><trkpt lat="36.973707" lon="138.958901"><ele>1820.6</ele><time>2021-08-21T01:44:35Z</time></trkpt><trkpt lat="36.9737" lon="138.958907"><ele>1820.5</ele><time>2021-08-21T01:44:36Z</time></trkpt><trkpt lat="36.973694" lon="138.958914"><ele>1820.3</ele><time>2021-08-21T01:44:37Z</time></trkpt><trkpt lat="36.973686" lon="138.958925"><ele>1820.2</ele><time>2021-08-21T01:44:38Z</time></trkpt><trkpt lat="36.97368" lon="138.958935"><ele>1820.1</ele><time>2021-08-21T01:44:39Z</time></trkpt><trkpt lat="36.973672" lon="138.958946"><ele>1819.9</ele><time>2021-08-21T01:44:40Z</time></trkpt><trkpt lat="36.973663" lon="138.958953"><ele>1819.8</ele><time>2021-08-21T01:44:41Z</time></trkpt><trkpt lat="36.973655" lon="138.958956"><ele>1819.7</ele><time>2021-08-21T01:44:42Z</time></trkpt><trkpt lat="36.973648" lon="138.958957"><ele>1819.6</ele><time>2021-08-21T01:44:43Z</time></trkpt><trkpt lat="36.97364" lon="138.95896"><ele>1819.5</ele><time>2021-08-21T01:44:44Z</time></trkpt><trkpt lat="36.973631" lon="138.958959"><ele>1819.3</ele><time>2021-08-21T01:44:45Z</time></trkpt><trkpt lat="36.973625" lon="138.958959"><ele>1819.3</ele><time>2021-08-21T01:44:46Z</time></trkpt><trkpt lat="36.97362" lon="138.958961"><ele>1819.2</ele><time>2021-08-21T01:44:47Z</time></trkpt><trkpt lat="36.97361" lon="138.958963"><ele>1819.1</ele><time>2021-08-21T01:44:48Z</time></trkpt><trkpt lat="36.973601" lon="138.958966"><ele>1818.8</ele><time>2021-08-21T01:44:49Z</time></trkpt><trkpt lat="36.973594" lon="138.958967"><ele>1818.7</ele><time>2021-08-21T01:44:50Z</time></trkpt><trkpt lat="36.973587" lon="138.958972"><ele>1818.5</ele><time>2021-08-21T01:44:51Z</time></trkpt><trkpt lat="36.973576" lon="138.958976"><ele>1818.2</ele><time>2021-08-21T01:44:52Z</time></trkpt><trkpt lat="36.973571" lon="138.958979"><ele>1818.1</ele><time>2021-08-21T01:44:53Z</time></trkpt><trkpt lat="36.973564" lon="138.958983"><ele>1817.9</ele><time>2021-08-21T01:44:54Z</time></trkpt><trkpt lat="36.973559" lon="138.958984"><ele>1817.8</ele><time>2021-08-21T01:44:55Z</time></trkpt><trkpt lat="36.973548" lon="138.958991"><ele>1817.5</ele><time>2021-08-21T01:44:56Z</time></trkpt><trkpt lat="36.973538" lon="138.958996"><ele>1817.3</ele><time>2021-08-21T01:44:57Z</time></trkpt><trkpt lat="36.973533" lon="138.959"><ele>1817.1</ele><time>2021-08-21T01:44:58Z</time></trkpt><trkpt lat="36.973519" lon="138.95901"><ele>1816.8</ele><time>2021-08-21T01:44:59Z</time></trkpt><trkpt lat="36.973512" lon="138.959013"><ele>1816.6</ele><time>2021-08-21T01:45:00Z</time></trkpt><trkpt lat="36.973501" lon="138.959022"><ele>1816.3</ele><time>2021-08-21T01:45:01Z</time></trkpt><trkpt lat="36.973497" lon="138.959027"><ele>1816.2</ele><time>2021-08-21T01:45:02Z</time></trkpt><trkpt lat="36.973491" lon="138.959034"><ele>1816.0</ele><time>2021-08-21T01:45:03Z</time></trkpt><trkpt lat="36.973483" lon="138.959041"><ele>1815.8</ele><time>2021-08-21T01:45:04Z</time></trkpt><trkpt lat="36.973472" lon="138.959051"><ele>1815.4</ele><time>2021-08-21T01:45:05Z</time></trkpt><trkpt lat="36.973461" lon="138.95906"><ele>1815.1</ele><time>2021-08-21T01:45:06Z</time></trkpt><trkpt lat="36.973459" lon="138.959064"><ele>1815.1</ele><time>2021-08-21T01:45:07Z</time></trkpt><trkpt lat="36.973449" lon="138.959071"><ele>1814.8</ele><time>2021-08-21T01:45:08Z</time></trkpt><trkpt lat="36.973444" lon="138.959079"><ele>1814.6</ele><time>2021-08-21T01:45:09Z</time></trkpt><trkpt lat="36.973436" lon="138.959088"><ele>1814.4</ele><time>2021-08-21T01:45:10Z</time></trkpt><trkpt lat="36.97343" lon="138.959093"><ele>1814.2</ele><time>2021-08-21T01:45:11Z</time></trkpt><trkpt lat="36.973423" lon="138.959101"><ele>1814.0</ele><time>2021-08-21T01:45:12Z</time></trkpt><trkpt lat="36.973416" lon="138.959103"><ele>1813.8</ele><time>2021-08-21T01:45:13Z</time></trkpt><trkpt lat="36.973411" lon="138.959109"><ele>1813.6</ele><time>2021-08-21T01:45:14Z</time></trkpt><trkpt lat="36.973401" lon="138.959115"><ele>1813.4</ele><time>2021-08-21T01:45:15Z</time></trkpt><trkpt lat="36.973393" lon="138.959125"><ele>1813.1</ele><time>2021-08-21T01:45:16Z</time></trkpt><trkpt lat="36.973383" lon="138.959131"><ele>1812.9</ele><time>2021-08-21T01:45:17Z</time></trkpt><trkpt lat="36.973377" lon="138.959135"><ele>1812.7</ele><time>2021-08-21T01:45:18Z</time></trkpt><trkpt lat="36.973373" lon="138.959138"><ele>1812.6</ele><time>2021-08-21T01:45:19Z</time></trkpt><trkpt lat="36.973369" lon="138.959138"><ele>1812.5</ele><time>2021-08-21T01:45:20Z</time></trkpt><trkpt lat="36.973362" lon="138.959139"><ele>1812.4</ele><time>2021-08-21T01:45:21Z</time></trkpt><trkpt lat="36.973355" lon="138.959141"><ele>1812.2</ele><time>2021-08-21T01:45:22Z</time></trkpt><trkpt lat="36.973351" lon="138.959139"><ele>1812.1</ele><time>2021-08-21T01:45:23Z</time></trkpt><trkpt lat="36.973342" lon="138.959142"><ele>1811.9</ele><time>2021-08-21T01:45:24Z</time></trkpt><trkpt lat="36.973333" lon="138.959142"><ele>1811.7</ele><time>2021-08-21T01:45:25Z</time></trkpt><trkpt lat="36.973325" lon="138.959144"><ele>1811.5</ele><time>2021-08-21T01:45:26Z</time></trkpt><trkpt lat="36.973317" lon="138.959142"><ele>1811.3</ele><time>2021-08-21T01:45:27Z</time></trkpt><trkpt lat="36.97331" lon="138.959143"><ele>1811.1</ele><time>2021-08-21T01:45:28Z</time></trkpt><trkpt lat="36.973302" lon="138.959144"><ele>1811.0</ele><time>2021-08-21T01:45:29Z</time></trkpt><trkpt lat="36.973295" lon="138.959146"><ele>1810.8</ele><time>2021-08-21T01:45:30Z</time></trkpt><trkpt lat="36.973286" lon="138.959151"><ele>1810.6</ele><time>2021-08-21T01:45:31Z</time></trkpt><trkpt lat="36.97328" lon="138.959159"><ele>1810.4</ele><time>2021-08-21T01:45:32Z</time></trkpt><trkpt lat="36.973273" lon="138.959167"><ele>1810.1</ele><time>2021-08-21T01:45:33Z</time></trkpt><trkpt lat="36.973266" lon="138.959191"><ele>1809.7</ele><time>2021-08-21T01:45:34Z</time></trkpt><trkpt lat="36.973263" lon="138.959202"><ele>1809.5</ele><time>2021-08-21T01:45:35Z</time></trkpt><trkpt lat="36.973261" lon="138.959214"><ele>1809.2</ele><time>2021-08-21T01:45:36Z</time></trkpt><trkpt lat="36.973261" lon="138.959228"><ele>1809.0</ele><time>2021-08-21T01:45:37Z</time></trkpt><trkpt lat="36.973258" lon="138.959237"><ele>1808.8</ele><time>2021-08-21T01:45:38Z</time></trkpt><trkpt lat="36.973253" lon="138.959249"><ele>1808.5</ele><time>2021-08-21T01:45:39Z</time></trkpt><trkpt lat="36.973249" lon="138.959255"><ele>1808.4</ele><time>2021-08-21T01:45:40Z</time></trkpt><trkpt lat="36.973244" lon="138.959263"><ele>1808.2</ele><time>2021-08-21T01:45:41Z</time></trkpt><trkpt lat="36.973236" lon="138.959269"><ele>1808.0</ele><time>2021-08-21T01:45:42Z</time></trkpt><trkpt lat="36.97323" lon="138.959273"><ele>1807.8</ele><time>2021-08-21T01:45:43Z</time></trkpt><trkpt lat="36.973224" lon="138.959265"><ele>1807.6</ele><time>2021-08-21T01:45:44Z</time></trkpt><trkpt lat="36.973213" lon="138.959267"><ele>1807.4</ele><time>2021-08-21T01:45:45Z</time></trkpt><trkpt lat="36.973208" lon="138.959267"><ele>1807.3</ele><time>2021-08-21T01:45:46Z</time></trkpt><trkpt lat="36.973199" lon="138.959268"><ele>1807.1</ele><time>2021-08-21T01:45:47Z</time></trkpt><trkpt lat="36.973192" lon="138.95927"><ele>1806.9</ele><time>2021-08-21T01:45:48Z</time></trkpt><trkpt lat="36.97318" lon="138.959271"><ele>1806.6</ele><time>2021-08-21T01:45:49Z</time></trkpt><trkpt lat="36.973172" lon="138.959277"><ele>1806.4</ele><time>2021-08-21T01:45:50Z</time></trkpt><trkpt lat="36.973168" lon="138.959282"><ele>1806.3</ele><time>2021-08-21T01:45:51Z</time></trkpt><trkpt lat="36.973165" lon="138.959279"><ele>1806.2</ele><time>2021-08-21T01:45:52Z</time></trkpt><trkpt lat="36.973152" lon="138.959277"><ele>1805.9</ele><time>2021-08-21T01:45:53Z</time></trkpt><trkpt lat="36.97314" lon="138.959277"><ele>1805.6</ele><time>2021-08-21T01:45:54Z</time></trkpt><trkpt lat="36.973126" lon="138.959269"><ele>1805.3</ele><time>2021-08-21T01:45:55Z</time></trkpt><trkpt lat="36.973121" lon="138.959265"><ele>1805.1</ele><time>2021-08-21T01:45:56Z</time></trkpt><trkpt lat="36.973117" lon="138.959262"><ele>1805.0</ele><time>2021-08-21T01:45:57Z</time></trkpt><trkpt lat="36.973112" lon="138.959258"><ele>1804.9</ele><time>2021-08-21T01:45:58Z</time></trkpt><trkpt lat="36.973107" lon="138.959254"><ele>1804.7</ele><time>2021-08-21T01:45:59Z</time></trkpt><trkpt lat="36.973105" lon="138.95925"><ele>1804.7</ele><time>2021-08-21T01:46:00Z</time></trkpt><trkpt lat="36.973106" lon="138.959246"><ele>1804.6</ele><time>2021-08-21T01:46:01Z</time></trkpt><trkpt lat="36.973104" lon="138.959239"><ele>1804.4</ele><time>2021-08-21T01:46:02Z</time></trkpt><trkpt lat="36.973099" lon="138.959237"><ele>1804.3</ele><time>2021-08-21T01:46:03Z</time></trkpt><trkpt lat="36.973092" lon="138.95923"><ele>1804.1</ele><time>2021-08-21T01:46:04Z</time></trkpt><trkpt lat="36.973092" lon="138.959222"><ele>1804.0</ele><time>2021-08-21T01:46:05Z</time></trkpt><trkpt lat="36.973088" lon="138.959214"><ele>1803.8</ele><time>2021-08-21T01:46:06Z</time></trkpt><trkpt lat="36.973085" lon="138.959204"><ele>1803.6</ele><time>2021-08-21T01:46:07Z</time></trkpt><trkpt lat="36.97308" lon="138.959198"><ele>1803.4</ele><time>2021-08-21T01:46:08Z</time></trkpt><trkpt lat="36.973075" lon="138.959193"><ele>1803.3</ele><time>2021-08-21T01:46:09Z</time></trkpt><trkpt lat="36.97307" lon="138.95918"><ele>1803.0</ele><time>2021-08-21T01:46:11Z</time></trkpt><trkpt lat="36.973069" lon="138.959172"><ele>1802.9</ele><time>2021-08-21T01:46:12Z</time></trkpt><trkpt lat="36.973068" lon="138.959167"><ele>1802.8</ele><time>2021-08-21T01:46:13Z</time></trkpt><trkpt lat="36.973068" lon="138.959155"><ele>1802.6</ele><time>2021-08-21T01:46:14Z</time></trkpt><trkpt lat="36.973067" lon="138.959151"><ele>1802.5</ele><time>2021-08-21T01:46:15Z</time></trkpt><trkpt lat="36.973063" lon="138.959146"><ele>1802.4</ele><time>2021-08-21T01:46:16Z</time></trkpt><trkpt lat="36.973048" lon="138.959134"><ele>1801.9</ele><time>2021-08-21T01:46:17Z</time></trkpt><trkpt lat="36.973043" lon="138.959133"><ele>1801.8</ele><time>2021-08-21T01:46:18Z</time></trkpt><trkpt lat="36.973039" lon="138.959128"><ele>1801.7</ele><time>2021-08-21T01:46:19Z</time></trkpt><trkpt lat="36.973037" lon="138.959124"><ele>1801.6</ele><time>2021-08-21T01:46:20Z</time></trkpt><trkpt lat="36.973031" lon="138.959119"><ele>1801.5</ele><time>2021-08-21T01:46:21Z</time></trkpt><trkpt lat="36.973022" lon="138.959114"><ele>1801.2</ele><time>2021-08-21T01:46:22Z</time></trkpt><trkpt lat="36.973016" lon="138.959107"><ele>1801.0</ele><time>2021-08-21T01:46:23Z</time></trkpt><trkpt lat="36.973011" lon="138.9591"><ele>1800.9</ele><time>2021-08-21T01:46:24Z</time></trkpt><trkpt lat="36.97301" lon="138.959089"><ele>1800.7</ele><time>2021-08-21T01:46:25Z</time></trkpt><trkpt lat="36.973004" lon="138.959073"><ele>1800.3</ele><time>2021-08-21T01:46:26Z</time></trkpt><trkpt lat="36.972999" lon="138.959065"><ele>1800.1</ele><time>2021-08-21T01:46:27Z</time></trkpt><trkpt lat="36.972993" lon="138.959058"><ele>1800.0</ele><time>2021-08-21T01:46:28Z</time></trkpt><trkpt lat="36.972985" lon="138.959053"><ele>1799.8</ele><time>2021-08-21T01:46:29Z</time></trkpt><trkpt lat="36.972981" lon="138.959047"><ele>1799.6</ele><time>2021-08-21T01:46:30Z</time></trkpt><trkpt lat="36.972976" lon="138.959041"><ele>1799.5</ele><time>2021-08-21T01:46:31Z</time></trkpt><trkpt lat="36.972971" lon="138.959034"><ele>1799.3</ele><time>2021-08-21T01:46:32Z</time></trkpt><trkpt lat="36.972963" lon="138.95903"><ele>1799.1</ele><time>2021-08-21T01:46:33Z</time></trkpt><trkpt lat="36.972961" lon="138.959033"><ele>1799.0</ele><time>2021-08-21T01:46:34Z</time></trkpt><trkpt lat="36.972951" lon="138.959032"><ele>1798.8</ele><time>2021-08-21T01:46:35Z</time></trkpt><trkpt lat="36.972939" lon="138.959038"><ele>1798.5</ele><time>2021-08-21T01:46:36Z</time></trkpt><trkpt lat="36.972931" lon="138.959038"><ele>1798.3</ele><time>2021-08-21T01:46:37Z</time></trkpt><trkpt lat="36.972923" lon="138.959042"><ele>1798.1</ele><time>2021-08-21T01:46:38Z</time></trkpt><trkpt lat="36.972919" lon="138.959047"><ele>1798.0</ele><time>2021-08-21T01:46:39Z</time></trkpt><trkpt lat="36.972915" lon="138.95905"><ele>1797.9</ele><time>2021-08-21T01:46:40Z</time></trkpt><trkpt lat="36.972909" lon="138.959054"><ele>1797.7</ele><time>2021-08-21T01:46:41Z</time></trkpt><trkpt lat="36.972904" lon="138.959056"><ele>1797.6</ele><time>2021-08-21T01:46:42Z</time></trkpt><trkpt lat="36.972894" lon="138.959066"><ele>1797.3</ele><time>2021-08-21T01:46:43Z</time></trkpt><trkpt lat="36.972889" lon="138.959076"><ele>1797.1</ele><time>2021-08-21T01:46:44Z</time></trkpt><trkpt lat="36.972886" lon="138.959086"><ele>1796.9</ele><time>2021-08-21T01:46:45Z</time></trkpt><trkpt lat="36.97288" lon="138.959096"><ele>1796.6</ele><time>2021-08-21T01:46:46Z</time></trkpt><trkpt lat="36.972876" lon="138.959102"><ele>1796.5</ele><time>2021-08-21T01:46:47Z</time></trkpt><trkpt lat="36.972869" lon="138.959107"><ele>1796.3</ele><time>2021-08-21T01:46:48Z</time></trkpt><trkpt lat="36.972863" lon="138.959108"><ele>1796.2</ele><time>2021-08-21T01:46:49Z</time></trkpt><trkpt lat="36.972857" lon="138.959113"><ele>1796.0</ele><time>2021-08-21T01:46:50Z</time></trkpt><trkpt lat="36.972852" lon="138.959117"><ele>1795.9</ele><time>2021-08-21T01:46:51Z</time></trkpt><trkpt lat="36.972847" lon="138.95912"><ele>1795.8</ele><time>2021-08-21T01:46:52Z</time></trkpt><trkpt lat="36.972842" lon="138.959124"><ele>1795.6</ele><time>2021-08-21T01:46:53Z</time></trkpt><trkpt lat="36.972833" lon="138.959129"><ele>1795.4</ele><time>2021-08-21T01:46:54Z</time></trkpt><trkpt lat="36.972826" lon="138.959134"><ele>1795.2</ele><time>2021-08-21T01:46:55Z</time></trkpt><trkpt lat="36.972818" lon="138.95914"><ele>1795.0</ele><time>2021-08-21T01:46:56Z</time></trkpt><trkpt lat="36.972809" lon="138.959149"><ele>1794.7</ele><time>2021-08-21T01:46:57Z</time></trkpt><trkpt lat="36.972801" lon="138.959152"><ele>1794.5</ele><time>2021-08-21T01:46:58Z</time></trkpt><trkpt lat="36.97279" lon="138.959156"><ele>1794.3</ele><time>2021-08-21T01:46:59Z</time></trkpt><trkpt lat="36.972785" lon="138.959159"><ele>1794.1</ele><time>2021-08-21T01:47:00Z</time></trkpt><trkpt lat="36.972776" lon="138.95916"><ele>1793.9</ele><time>2021-08-21T01:47:01Z</time></trkpt><trkpt lat="36.972771" lon="138.959164"><ele>1793.8</ele><time>2021-08-21T01:47:02Z</time></trkpt><trkpt lat="36.972763" lon="138.959173"><ele>1793.5</ele><time>2021-08-21T01:47:03Z</time></trkpt><trkpt lat="36.972758" lon="138.959174"><ele>1793.4</ele><time>2021-08-21T01:47:04Z</time></trkpt><trkpt lat="36.972753" lon="138.95918"><ele>1793.3</ele><time>2021-08-21T01:47:05Z</time></trkpt><trkpt lat="36.972747" lon="138.959187"><ele>1793.1</ele><time>2021-08-21T01:47:06Z</time></trkpt><trkpt lat="36.972739" lon="138.959196"><ele>1792.8</ele><time>2021-08-21T01:47:07Z</time></trkpt><trkpt lat="36.972734" lon="138.959202"><ele>1792.7</ele><time>2021-08-21T01:47:08Z</time></trkpt><trkpt lat="36.972727" lon="138.959205"><ele>1792.5</ele><time>2021-08-21T01:47:09Z</time></trkpt><trkpt lat="36.972722" lon="138.959205"><ele>1792.4</ele><time>2021-08-21T01:47:10Z</time></trkpt><trkpt lat="36.972714" lon="138.959208"><ele>1792.2</ele><time>2021-08-21T01:47:11Z</time></trkpt><trkpt lat="36.972707" lon="138.959208"><ele>1792.0</ele><time>2021-08-21T01:47:12Z</time></trkpt><trkpt lat="36.972695" lon="138.95921"><ele>1791.8</ele><time>2021-08-21T01:47:13Z</time></trkpt><trkpt lat="36.972685" lon="138.959211"><ele>1791.5</ele><time>2021-08-21T01:47:14Z</time></trkpt><trkpt lat="36.972676" lon="138.959214"><ele>1791.3</ele><time>2021-08-21T01:47:15Z</time></trkpt><trkpt lat="36.97267" lon="138.959222"><ele>1791.1</ele><time>2021-08-21T01:47:16Z</time></trkpt><trkpt lat="36.97266" lon="138.959238"><ele>1790.7</ele><time>2021-08-21T01:47:17Z</time></trkpt><trkpt lat="36.972653" lon="138.959253"><ele>1790.4</ele><time>2021-08-21T01:47:18Z</time></trkpt><trkpt lat="36.972648" lon="138.959267"><ele>1790.1</ele><time>2021-08-21T01:47:19Z</time></trkpt><trkpt lat="36.972639" lon="138.959281"><ele>1789.8</ele><time>2021-08-21T01:47:20Z</time></trkpt><trkpt lat="36.972635" lon="138.959291"><ele>1789.6</ele><time>2021-08-21T01:47:21Z</time></trkpt><trkpt lat="36.972627" lon="138.959307"><ele>1789.3</ele><time>2021-08-21T01:47:22Z</time></trkpt><trkpt lat="36.972619" lon="138.959324"><ele>1788.9</ele><time>2021-08-21T01:47:23Z</time></trkpt><trkpt lat="36.972614" lon="138.959336"><ele>1788.6</ele><time>2021-08-21T01:47:24Z</time></trkpt><trkpt lat="36.97261" lon="138.959347"><ele>1788.4</ele><time>2021-08-21T01:47:25Z</time></trkpt><trkpt lat="36.972604" lon="138.95936"><ele>1788.1</ele><time>2021-08-21T01:47:26Z</time></trkpt><trkpt lat="36.972598" lon="138.959374"><ele>1787.9</ele><time>2021-08-21T01:47:27Z</time></trkpt><trkpt lat="36.972593" lon="138.959388"><ele>1787.6</ele><time>2021-08-21T01:47:28Z</time></trkpt><trkpt lat="36.972589" lon="138.959399"><ele>1787.4</ele><time>2021-08-21T01:47:29Z</time></trkpt><trkpt lat="36.972585" lon="138.959413"><ele>1787.1</ele><time>2021-08-21T01:47:30Z</time></trkpt><trkpt lat="36.97258" lon="138.959426"><ele>1786.8</ele><time>2021-08-21T01:47:31Z</time></trkpt><trkpt lat="36.972577" lon="138.959437"><ele>1786.6</ele><time>2021-08-21T01:47:32Z</time></trkpt><trkpt lat="36.972571" lon="138.959451"><ele>1786.3</ele><time>2021-08-21T01:47:33Z</time></trkpt><trkpt lat="36.972566" lon="138.959462"><ele>1786.1</ele><time>2021-08-21T01:47:34Z</time></trkpt><trkpt lat="36.972565" lon="138.95947"><ele>1785.9</ele><time>2021-08-21T01:47:35Z</time></trkpt><trkpt lat="36.972562" lon="138.959484"><ele>1785.7</ele><time>2021-08-21T01:47:36Z</time></trkpt><trkpt lat="36.972563" lon="138.959501"><ele>1785.3</ele><time>2021-08-21T01:47:37Z</time></trkpt><trkpt lat="36.972562" lon="138.959515"><ele>1785.1</ele><time>2021-08-21T01:47:38Z</time></trkpt><trkpt lat="36.972559" lon="138.959528"><ele>1784.8</ele><time>2021-08-21T01:47:39Z</time></trkpt><trkpt lat="36.972561" lon="138.959539"><ele>1784.6</ele><time>2021-08-21T01:47:40Z</time></trkpt><trkpt lat="36.97256" lon="138.959546"><ele>1784.5</ele><time>2021-08-21T01:47:41Z</time></trkpt><trkpt lat="36.972557" lon="138.959555"><ele>1784.3</ele><time>2021-08-21T01:47:42Z</time></trkpt><trkpt lat="36.972558" lon="138.959564"><ele>1784.2</ele><time>2021-08-21T01:47:43Z</time></trkpt><trkpt lat="36.972557" lon="138.959578"><ele>1783.9</ele><time>2021-08-21T01:47:44Z</time></trkpt><trkpt lat="36.972554" lon="138.959592"><ele>1783.6</ele><time>2021-08-21T01:47:45Z</time></trkpt><trkpt lat="36.972546" lon="138.959608"><ele>1783.3</ele><time>2021-08-21T01:47:46Z</time></trkpt><trkpt lat="36.972536" lon="138.959614"><ele>1783.0</ele><time>2021-08-21T01:47:47Z</time></trkpt><trkpt lat="36.972527" lon="138.959616"><ele>1782.8</ele><time>2021-08-21T01:47:48Z</time></trkpt><trkpt lat="36.972506" lon="138.959623"><ele>1782.3</ele><time>2021-08-21T01:47:49Z</time></trkpt><trkpt lat="36.972499" lon="138.959628"><ele>1782.1</ele><time>2021-08-21T01:47:50Z</time></trkpt><trkpt lat="36.972492" lon="138.959632"><ele>1782.0</ele><time>2021-08-21T01:47:51Z</time></trkpt><trkpt lat="36.972484" lon="138.959646"><ele>1781.6</ele><time>2021-08-21T01:47:52Z</time></trkpt><trkpt lat="36.972472" lon="138.959658"><ele>1781.3</ele><time>2021-08-21T01:47:53Z</time></trkpt><trkpt lat="36.972454" lon="138.959672"><ele>1780.8</ele><time>2021-08-21T01:47:54Z</time></trkpt><trkpt lat="36.972448" lon="138.959679"><ele>1780.6</ele><time>2021-08-21T01:47:55Z</time></trkpt><trkpt lat="36.972441" lon="138.959685"><ele>1780.4</ele><time>2021-08-21T01:47:56Z</time></trkpt><trkpt lat="36.972433" lon="138.959696"><ele>1780.1</ele><time>2021-08-21T01:47:57Z</time></trkpt><trkpt lat="36.972428" lon="138.959705"><ele>1779.9</ele><time>2021-08-21T01:47:58Z</time></trkpt><trkpt lat="36.972418" lon="138.959716"><ele>1779.6</ele><time>2021-08-21T01:47:59Z</time></trkpt><trkpt lat="36.972405" lon="138.959738"><ele>1779.1</ele><time>2021-08-21T01:48:00Z</time></trkpt><trkpt lat="36.9724" lon="138.959745"><ele>1779.0</ele><time>2021-08-21T01:48:01Z</time></trkpt><trkpt lat="36.972394" lon="138.959753"><ele>1778.8</ele><time>2021-08-21T01:48:02Z</time></trkpt><trkpt lat="36.972383" lon="138.959761"><ele>1778.5</ele><time>2021-08-21T01:48:03Z</time></trkpt><trkpt lat="36.972373" lon="138.959766"><ele>1778.2</ele><time>2021-08-21T01:48:04Z</time></trkpt><trkpt lat="36.972362" lon="138.959771"><ele>1778.0</ele><time>2021-08-21T01:48:05Z</time></trkpt><trkpt lat="36.972352" lon="138.959779"><ele>1777.7</ele><time>2021-08-21T01:48:06Z</time></trkpt><trkpt lat="36.972342" lon="138.959785"><ele>1777.4</ele><time>2021-08-21T01:48:07Z</time></trkpt><trkpt lat="36.972334" lon="138.959787"><ele>1777.2</ele><time>2021-08-21T01:48:08Z</time></trkpt><trkpt lat="36.972323" lon="138.959789"><ele>1777.0</ele><time>2021-08-21T01:48:09Z</time></trkpt><trkpt lat="36.972313" lon="138.959792"><ele>1776.7</ele><time>2021-08-21T01:48:10Z</time></trkpt><trkpt lat="36.972305" lon="138.959794"><ele>1776.6</ele><time>2021-08-21T01:48:11Z</time></trkpt><trkpt lat="36.972294" lon="138.959795"><ele>1776.3</ele><time>2021-08-21T01:48:12Z</time></trkpt><trkpt lat="36.972282" lon="138.959798"><ele>1776.0</ele><time>2021-08-21T01:48:13Z</time></trkpt><trkpt lat="36.972276" lon="138.9598"><ele>1775.9</ele><time>2021-08-21T01:48:14Z</time></trkpt><trkpt lat="36.972266" lon="138.959805"><ele>1775.6</ele><time>2021-08-21T01:48:15Z</time></trkpt><trkpt lat="36.972255" lon="138.959809"><ele>1775.4</ele><time>2021-08-21T01:48:17Z</time></trkpt><trkpt lat="36.972244" lon="138.959816"><ele>1775.1</ele><time>2021-08-21T01:48:18Z</time></trkpt><trkpt lat="36.972237" lon="138.959819"><ele>1774.9</ele><time>2021-08-21T01:48:19Z</time></trkpt><trkpt lat="36.972229" lon="138.959825"><ele>1774.7</ele><time>2021-08-21T01:48:20Z</time></trkpt><trkpt lat="36.972219" lon="138.959828"><ele>1774.5</ele><time>2021-08-21T01:48:21Z</time></trkpt><trkpt lat="36.972211" lon="138.959828"><ele>1774.3</ele><time>2021-08-21T01:48:22Z</time></trkpt><trkpt lat="36.972203" lon="138.959823"><ele>1774.1</ele><time>2021-08-21T01:48:23Z</time></trkpt><trkpt lat="36.972201" lon="138.959821"><ele>1774.0</ele><time>2021-08-21T01:48:24Z</time></trkpt><trkpt lat="36.972193" lon="138.95982"><ele>1773.8</ele><time>2021-08-21T01:48:25Z</time></trkpt><trkpt lat="36.972184" lon="138.959823"><ele>1773.6</ele><time>2021-08-21T01:48:26Z</time></trkpt><trkpt lat="36.972173" lon="138.959825"><ele>1773.4</ele><time>2021-08-21T01:48:27Z</time></trkpt><trkpt lat="36.972164" lon="138.959828"><ele>1773.1</ele><time>2021-08-21T01:48:28Z</time></trkpt><trkpt lat="36.972162" lon="138.959834"><ele>1773.0</ele><time>2021-08-21T01:48:29Z</time></trkpt><trkpt lat="36.972155" lon="138.959841"><ele>1772.8</ele><time>2021-08-21T01:48:30Z</time></trkpt><trkpt lat="36.972149" lon="138.959842"><ele>1772.7</ele><time>2021-08-21T01:48:31Z</time></trkpt><trkpt lat="36.972145" lon="138.959841"><ele>1772.6</ele><time>2021-08-21T01:48:32Z</time></trkpt><trkpt lat="36.972136" lon="138.959846"><ele>1772.4</ele><time>2021-08-21T01:48:33Z</time></trkpt><trkpt lat="36.972137" lon="138.959851"><ele>1772.3</ele><time>2021-08-21T01:48:34Z</time></trkpt><trkpt lat="36.972135" lon="138.95986"><ele>1772.1</ele><time>2021-08-21T01:48:35Z</time></trkpt><trkpt lat="36.972134" lon="138.959863"><ele>1772.0</ele><time>2021-08-21T01:48:36Z</time></trkpt><trkpt lat="36.972133" lon="138.959873"><ele>1771.9</ele><time>2021-08-21T01:48:37Z</time></trkpt><trkpt lat="36.972129" lon="138.959886"><ele>1771.6</ele><time>2021-08-21T01:48:38Z</time></trkpt><trkpt lat="36.972122" lon="138.959897"><ele>1771.3</ele><time>2021-08-21T01:48:39Z</time></trkpt><trkpt lat="36.972109" lon="138.959917"><ele>1770.9</ele><time>2021-08-21T01:48:40Z</time></trkpt><trkpt lat="36.9721" lon="138.959926"><ele>1770.6</ele><time>2021-08-21T01:48:41Z</time></trkpt><trkpt lat="36.972092" lon="138.959936"><ele>1770.3</ele><time>2021-08-21T01:48:42Z</time></trkpt><trkpt lat="36.972073" lon="138.959952"><ele>1769.8</ele><time>2021-08-21T01:48:43Z</time></trkpt><trkpt lat="36.972067" lon="138.959957"><ele>1769.6</ele><time>2021-08-21T01:48:44Z</time></trkpt><trkpt lat="36.97206" lon="138.959961"><ele>1769.5</ele><time>2021-08-21T01:48:45Z</time></trkpt><trkpt lat="36.972047" lon="138.959981"><ele>1769.0</ele><time>2021-08-21T01:48:46Z</time></trkpt><trkpt lat="36.972042" lon="138.959991"><ele>1768.8</ele><time>2021-08-21T01:48:47Z</time></trkpt><trkpt lat="36.972037" lon="138.96"><ele>1768.6</ele><time>2021-08-21T01:48:48Z</time></trkpt><trkpt lat="36.972025" lon="138.960023"><ele>1768.1</ele><time>2021-08-21T01:48:49Z</time></trkpt><trkpt lat="36.97202" lon="138.96003"><ele>1767.9</ele><time>2021-08-21T01:48:50Z</time></trkpt><trkpt lat="36.972015" lon="138.960038"><ele>1767.7</ele><time>2021-08-21T01:48:51Z</time></trkpt><trkpt lat="36.972008" lon="138.960044"><ele>1767.5</ele><time>2021-08-21T01:48:52Z</time></trkpt><trkpt lat="36.971997" lon="138.960053"><ele>1767.2</ele><time>2021-08-21T01:48:53Z</time></trkpt><trkpt lat="36.971993" lon="138.960059"><ele>1767.1</ele><time>2021-08-21T01:48:54Z</time></trkpt><trkpt lat="36.971991" lon="138.960078"><ele>1766.7</ele><time>2021-08-21T01:48:55Z</time></trkpt><trkpt lat="36.971989" lon="138.960088"><ele>1766.5</ele><time>2021-08-21T01:48:56Z</time></trkpt><trkpt lat="36.971987" lon="138.960098"><ele>1766.3</ele><time>2021-08-21T01:48:57Z</time></trkpt><trkpt lat="36.971985" lon="138.960108"><ele>1766.2</ele><time>2021-08-21T01:48:58Z</time></trkpt><trkpt lat="36.971979" lon="138.960117"><ele>1765.9</ele><time>2021-08-21T01:48:59Z</time></trkpt><trkpt lat="36.971968" lon="138.960119"><ele>1765.7</ele><time>2021-08-21T01:49:00Z</time></trkpt><trkpt lat="36.971955" lon="138.960119"><ele>1765.4</ele><time>2021-08-21T01:49:01Z</time></trkpt><trkpt lat="36.971947" lon="138.96012"><ele>1765.2</ele><time>2021-08-21T01:49:02Z</time></trkpt><trkpt lat="36.97194" lon="138.960125"><ele>1765.0</ele><time>2021-08-21T01:49:03Z</time></trkpt><trkpt lat="36.971929" lon="138.960134"><ele>1764.7</ele><time>2021-08-21T01:49:04Z</time></trkpt><trkpt lat="36.971921" lon="138.960144"><ele>1764.4</ele><time>2021-08-21T01:49:05Z</time></trkpt><trkpt lat="36.971915" lon="138.960156"><ele>1764.2</ele><time>2021-08-21T01:49:06Z</time></trkpt><trkpt lat="36.971914" lon="138.960167"><ele>1764.0</ele><time>2021-08-21T01:49:07Z</time></trkpt><trkpt lat="36.971908" lon="138.960176"><ele>1763.8</ele><time>2021-08-21T01:49:08Z</time></trkpt><trkpt lat="36.971899" lon="138.960182"><ele>1763.5</ele><time>2021-08-21T01:49:09Z</time></trkpt><trkpt lat="36.971888" lon="138.960186"><ele>1763.3</ele><time>2021-08-21T01:49:10Z</time></trkpt><trkpt lat="36.971871" lon="138.960188"><ele>1762.9</ele><time>2021-08-21T01:49:11Z</time></trkpt><trkpt lat="36.971863" lon="138.960197"><ele>1762.6</ele><time>2021-08-21T01:49:12Z</time></trkpt><trkpt lat="36.971861" lon="138.960205"><ele>1762.5</ele><time>2021-08-21T01:49:13Z</time></trkpt><trkpt lat="36.971849" lon="138.960214"><ele>1762.2</ele><time>2021-08-21T01:49:14Z</time></trkpt><trkpt lat="36.971842" lon="138.960214"><ele>1762.0</ele><time>2021-08-21T01:49:15Z</time></trkpt><trkpt lat="36.971831" lon="138.960216"><ele>1761.7</ele><time>2021-08-21T01:49:16Z</time></trkpt><trkpt lat="36.971819" lon="138.960223"><ele>1761.4</ele><time>2021-08-21T01:49:17Z</time></trkpt><trkpt lat="36.971816" lon="138.960232"><ele>1761.3</ele><time>2021-08-21T01:49:18Z</time></trkpt><trkpt lat="36.97181" lon="138.960243"><ele>1761.0</ele><time>2021-08-21T01:49:19Z</time></trkpt><trkpt lat="36.971797" lon="138.960255"><ele>1760.6</ele><time>2021-08-21T01:49:20Z</time></trkpt><trkpt lat="36.971789" lon="138.96026"><ele>1760.4</ele><time>2021-08-21T01:49:21Z</time></trkpt><trkpt lat="36.97178" lon="138.960264"><ele>1760.2</ele><time>2021-08-21T01:49:22Z</time></trkpt><trkpt lat="36.971773" lon="138.96027"><ele>1760.0</ele><time>2021-08-21T01:49:23Z</time></trkpt><trkpt lat="36.971765" lon="138.960277"><ele>1759.8</ele><time>2021-08-21T01:49:24Z</time></trkpt><trkpt lat="36.971762" lon="138.960282"><ele>1759.7</ele><time>2021-08-21T01:49:25Z</time></trkpt><trkpt lat="36.971754" lon="138.960294"><ele>1759.4</ele><time>2021-08-21T01:49:26Z</time></trkpt><trkpt lat="36.971746" lon="138.960307"><ele>1759.1</ele><time>2021-08-21T01:49:27Z</time></trkpt><trkpt lat="36.971735" lon="138.960314"><ele>1758.8</ele><time>2021-08-21T01:49:28Z</time></trkpt><trkpt lat="36.971722" lon="138.960315"><ele>1758.5</ele><time>2021-08-21T01:49:29Z</time></trkpt><trkpt lat="36.971713" lon="138.960314"><ele>1758.3</ele><time>2021-08-21T01:49:30Z</time></trkpt><trkpt lat="36.971705" lon="138.960313"><ele>1758.1</ele><time>2021-08-21T01:49:31Z</time></trkpt><trkpt lat="36.97169" lon="138.960314"><ele>1757.8</ele><time>2021-08-21T01:49:32Z</time></trkpt><trkpt lat="36.97167" lon="138.960322"><ele>1757.3</ele><time>2021-08-21T01:49:33Z</time></trkpt><trkpt lat="36.971663" lon="138.96033"><ele>1757.1</ele><time>2021-08-21T01:49:34Z</time></trkpt><trkpt lat="36.971656" lon="138.960337"><ele>1756.9</ele><time>2021-08-21T01:49:35Z</time></trkpt><trkpt lat="36.971647" lon="138.960336"><ele>1756.7</ele><time>2021-08-21T01:49:36Z</time></trkpt><trkpt lat="36.971642" lon="138.960332"><ele>1756.5</ele><time>2021-08-21T01:49:37Z</time></trkpt><trkpt lat="36.971632" lon="138.960329"><ele>1756.3</ele><time>2021-08-21T01:49:38Z</time></trkpt><trkpt lat="36.971625" lon="138.960324"><ele>1756.1</ele><time>2021-08-21T01:49:39Z</time></trkpt><trkpt lat="36.971617" lon="138.960318"><ele>1755.9</ele><time>2021-08-21T01:49:40Z</time></trkpt><trkpt lat="36.971608" lon="138.96031"><ele>1755.6</ele><time>2021-08-21T01:49:41Z</time></trkpt><trkpt lat="36.971598" lon="138.960302"><ele>1755.4</ele><time>2021-08-21T01:49:42Z</time></trkpt><trkpt lat="36.971589" lon="138.960298"><ele>1755.1</ele><time>2021-08-21T01:49:43Z</time></trkpt><trkpt lat="36.971582" lon="138.960293"><ele>1755.0</ele><time>2021-08-21T01:49:44Z</time></trkpt><trkpt lat="36.971576" lon="138.960295"><ele>1754.8</ele><time>2021-08-21T01:49:45Z</time></trkpt><trkpt lat="36.971572" lon="138.960295"><ele>1754.7</ele><time>2021-08-21T01:49:46Z</time></trkpt><trkpt lat="36.971569" lon="138.960293"><ele>1754.6</ele><time>2021-08-21T01:49:47Z</time></trkpt><trkpt lat="36.97156" lon="138.96029"><ele>1754.4</ele><time>2021-08-21T01:49:48Z</time></trkpt><trkpt lat="36.971552" lon="138.960289"><ele>1754.2</ele><time>2021-08-21T01:49:49Z</time></trkpt><trkpt lat="36.97154" lon="138.960293"><ele>1754.0</ele><time>2021-08-21T01:49:50Z</time></trkpt><trkpt lat="36.971529" lon="138.960293"><ele>1753.7</ele><time>2021-08-21T01:49:51Z</time></trkpt><trkpt lat="36.971519" lon="138.960296"><ele>1753.5</ele><time>2021-08-21T01:49:52Z</time></trkpt><trkpt lat="36.971506" lon="138.960296"><ele>1753.2</ele><time>2021-08-21T01:49:53Z</time></trkpt><trkpt lat="36.971497" lon="138.960301"><ele>1752.9</ele><time>2021-08-21T01:49:54Z</time></trkpt><trkpt lat="36.97149" lon="138.960308"><ele>1752.7</ele><time>2021-08-21T01:49:55Z</time></trkpt><trkpt lat="36.971478" lon="138.960311"><ele>1752.5</ele><time>2021-08-21T01:49:56Z</time></trkpt><trkpt lat="36.971471" lon="138.960318"><ele>1752.2</ele><time>2021-08-21T01:49:57Z</time></trkpt><trkpt lat="36.971459" lon="138.960323"><ele>1752.0</ele><time>2021-08-21T01:49:58Z</time></trkpt><trkpt lat="36.971449" lon="138.960326"><ele>1751.7</ele><time>2021-08-21T01:49:59Z</time></trkpt><trkpt lat="36.971437" lon="138.960332"><ele>1751.4</ele><time>2021-08-21T01:50:00Z</time></trkpt><trkpt lat="36.971424" lon="138.96034"><ele>1751.1</ele><time>2021-08-21T01:50:01Z</time></trkpt><trkpt lat="36.971415" lon="138.960346"><ele>1750.9</ele><time>2021-08-21T01:50:02Z</time></trkpt><trkpt lat="36.971407" lon="138.960346"><ele>1750.7</ele><time>2021-08-21T01:50:03Z</time></trkpt><trkpt lat="36.971397" lon="138.960352"><ele>1750.4</ele><time>2021-08-21T01:50:04Z</time></trkpt><trkpt lat="36.971389" lon="138.960358"><ele>1750.2</ele><time>2021-08-21T01:50:05Z</time></trkpt><trkpt lat="36.971381" lon="138.960362"><ele>1750.0</ele><time>2021-08-21T01:50:06Z</time></trkpt><trkpt lat="36.971371" lon="138.960361"><ele>1749.8</ele><time>2021-08-21T01:50:07Z</time></trkpt><trkpt lat="36.97136" lon="138.96036"><ele>1749.5</ele><time>2021-08-21T01:50:08Z</time></trkpt><trkpt lat="36.971354" lon="138.960357"><ele>1749.4</ele><time>2021-08-21T01:50:09Z</time></trkpt><trkpt lat="36.971359" lon="138.960357"><ele>1749.3</ele><time>2021-08-21T01:50:10Z</time></trkpt><trkpt lat="36.971359" lon="138.960356"><ele>1749.2</ele><time>2021-08-21T01:50:11Z</time></trkpt><trkpt lat="36.971359" lon="138.960357"><ele>1749.2</ele><time>2021-08-21T01:50:12Z</time></trkpt><trkpt lat="36.971361" lon="138.960358"><ele>1749.2</ele><time>2021-08-21T01:50:13Z</time></trkpt><trkpt lat="36.971362" lon="138.960358"><ele>1749.1</ele><time>2021-08-21T01:50:14Z</time></trkpt><trkpt lat="36.971361" lon="138.96036"><ele>1749.1</ele><time>2021-08-21T01:50:15Z</time></trkpt><trkpt lat="36.971357" lon="138.960358"><ele>1749.0</ele><time>2021-08-21T01:50:16Z</time></trkpt><trkpt lat="36.971354" lon="138.960357"><ele>1748.9</ele><time>2021-08-21T01:50:17Z</time></trkpt><trkpt lat="36.971353" lon="138.960362"><ele>1748.8</ele><time>2021-08-21T01:50:18Z</time></trkpt><trkpt lat="36.971341" lon="138.960358"><ele>1748.6</ele><time>2021-08-21T01:50:19Z</time></trkpt><trkpt lat="36.971332" lon="138.96036"><ele>1748.3</ele><time>2021-08-21T01:50:20Z</time></trkpt><trkpt lat="36.971333" lon="138.960363"><ele>1748.3</ele><time>2021-08-21T01:50:21Z</time></trkpt><trkpt lat="36.971329" lon="138.960363"><ele>1748.2</ele><time>2021-08-21T01:50:23Z</time></trkpt><trkpt lat="36.971331" lon="138.960363"><ele>1748.1</ele><time>2021-08-21T01:50:24Z</time></trkpt><trkpt lat="36.971323" lon="138.960361"><ele>1748.0</ele><time>2021-08-21T01:50:25Z</time></trkpt><trkpt lat="36.971315" lon="138.960361"><ele>1747.8</ele><time>2021-08-21T01:50:26Z</time></trkpt><trkpt lat="36.971306" lon="138.960354"><ele>1747.5</ele><time>2021-08-21T01:50:27Z</time></trkpt><trkpt lat="36.971297" lon="138.960351"><ele>1747.3</ele><time>2021-08-21T01:50:28Z</time></trkpt><trkpt lat="36.971292" lon="138.960348"><ele>1747.2</ele><time>2021-08-21T01:50:29Z</time></trkpt><trkpt lat="36.971287" lon="138.96034"><ele>1747.0</ele><time>2021-08-21T01:50:30Z</time></trkpt><trkpt lat="36.971289" lon="138.960338"><ele>1746.9</ele><time>2021-08-21T01:50:31Z</time></trkpt><trkpt lat="36.97129" lon="138.960337"><ele>1746.9</ele><time>2021-08-21T01:50:32Z</time></trkpt><trkpt lat="36.971289" lon="138.960334"><ele>1746.9</ele><time>2021-08-21T01:50:33Z</time></trkpt><trkpt lat="36.971288" lon="138.960336"><ele>1746.8</ele><time>2021-08-21T01:50:34Z</time></trkpt><trkpt lat="36.971286" lon="138.960328"><ele>1746.7</ele><time>2021-08-21T01:50:35Z</time></trkpt><trkpt lat="36.971282" lon="138.960323"><ele>1746.5</ele><time>2021-08-21T01:50:36Z</time></trkpt><trkpt lat="36.971278" lon="138.960318"><ele>1746.4</ele><time>2021-08-21T01:50:37Z</time></trkpt><trkpt lat="36.971272" lon="138.960311"><ele>1746.2</ele><time>2021-08-21T01:50:38Z</time></trkpt><trkpt lat="36.971263" lon="138.9603"><ele>1745.9</ele><time>2021-08-21T01:50:39Z</time></trkpt><trkpt lat="36.97126" lon="138.960296"><ele>1745.8</ele><time>2021-08-21T01:50:40Z</time></trkpt><trkpt lat="36.971254" lon="138.960291"><ele>1745.7</ele><time>2021-08-21T01:50:41Z</time></trkpt><trkpt lat="36.971251" lon="138.960283"><ele>1745.5</ele><time>2021-08-21T01:50:42Z</time></trkpt><trkpt lat="36.971246" lon="138.960276"><ele>1745.3</ele><time>2021-08-21T01:50:43Z</time></trkpt><trkpt lat="36.971243" lon="138.960273"><ele>1745.2</ele><time>2021-08-21T01:50:44Z</time></trkpt><trkpt lat="36.971227" lon="138.960254"><ele>1744.7</ele><time>2021-08-21T01:50:45Z</time></trkpt><trkpt lat="36.971225" lon="138.96025"><ele>1744.6</ele><time>2021-08-21T01:50:46Z</time></trkpt><trkpt lat="36.97122" lon="138.96024"><ele>1744.4</ele><time>2021-08-21T01:50:47Z</time></trkpt><trkpt lat="36.971211" lon="138.960227"><ele>1744.1</ele><time>2021-08-21T01:50:48Z</time></trkpt><trkpt lat="36.971205" lon="138.960221"><ele>1743.9</ele><time>2021-08-21T01:50:49Z</time></trkpt><trkpt lat="36.971198" lon="138.960215"><ele>1743.7</ele><time>2021-08-21T01:50:50Z</time></trkpt><trkpt lat="36.971192" lon="138.960209"><ele>1743.6</ele><time>2021-08-21T01:50:51Z</time></trkpt><trkpt lat="36.971185" lon="138.960198"><ele>1743.3</ele><time>2021-08-21T01:50:52Z</time></trkpt><trkpt lat="36.971177" lon="138.960192"><ele>1743.1</ele><time>2021-08-21T01:50:53Z</time></trkpt><trkpt lat="36.971166" lon="138.96018"><ele>1742.7</ele><time>2021-08-21T01:50:54Z</time></trkpt><trkpt lat="36.971162" lon="138.96018"><ele>1742.7</ele><time>2021-08-21T01:50:55Z</time></trkpt><trkpt lat="36.971154" lon="138.960177"><ele>1742.5</ele><time>2021-08-21T01:50:56Z</time></trkpt><trkpt lat="36.971146" lon="138.960174"><ele>1742.3</ele><time>2021-08-21T01:50:57Z</time></trkpt><trkpt lat="36.971133" lon="138.960169"><ele>1742.0</ele><time>2021-08-21T01:50:58Z</time></trkpt><trkpt lat="36.971122" lon="138.960166"><ele>1741.7</ele><time>2021-08-21T01:50:59Z</time></trkpt><trkpt lat="36.97111" lon="138.960162"><ele>1741.4</ele><time>2021-08-21T01:51:00Z</time></trkpt><trkpt lat="36.971103" lon="138.960161"><ele>1741.3</ele><time>2021-08-21T01:51:01Z</time></trkpt><trkpt lat="36.971093" lon="138.96016"><ele>1741.0</ele><time>2021-08-21T01:51:02Z</time></trkpt><trkpt lat="36.971086" lon="138.960153"><ele>1740.8</ele><time>2021-08-21T01:51:03Z</time></trkpt><trkpt lat="36.971079" lon="138.960148"><ele>1740.6</ele><time>2021-08-21T01:51:04Z</time></trkpt><trkpt lat="36.971072" lon="138.960146"><ele>1740.5</ele><time>2021-08-21T01:51:05Z</time></trkpt><trkpt lat="36.971061" lon="138.960144"><ele>1740.2</ele><time>2021-08-21T01:51:06Z</time></trkpt><trkpt lat="36.971055" lon="138.960149"><ele>1740.0</ele><time>2021-08-21T01:51:07Z</time></trkpt><trkpt lat="36.971049" lon="138.960148"><ele>1739.9</ele><time>2021-08-21T01:51:08Z</time></trkpt><trkpt lat="36.971041" lon="138.960146"><ele>1739.7</ele><time>2021-08-21T01:51:09Z</time></trkpt><trkpt lat="36.971035" lon="138.960143"><ele>1739.6</ele><time>2021-08-21T01:51:10Z</time></trkpt><trkpt lat="36.97103" lon="138.96014"><ele>1739.4</ele><time>2021-08-21T01:51:11Z</time></trkpt><trkpt lat="36.971019" lon="138.960134"><ele>1739.2</ele><time>2021-08-21T01:51:12Z</time></trkpt><trkpt lat="36.971012" lon="138.960133"><ele>1739.0</ele><time>2021-08-21T01:51:13Z</time></trkpt><trkpt lat="36.971008" lon="138.960132"><ele>1738.9</ele><time>2021-08-21T01:51:14Z</time></trkpt><trkpt lat="36.971006" lon="138.960133"><ele>1738.9</ele><time>2021-08-21T01:51:15Z</time></trkpt><trkpt lat="36.971" lon="138.960131"><ele>1738.7</ele><time>2021-08-21T01:51:16Z</time></trkpt><trkpt lat="36.970992" lon="138.960133"><ele>1738.5</ele><time>2021-08-21T01:51:17Z</time></trkpt><trkpt lat="36.970987" lon="138.960133"><ele>1738.4</ele><time>2021-08-21T01:51:18Z</time></trkpt><trkpt lat="36.970979" lon="138.960135"><ele>1738.2</ele><time>2021-08-21T01:51:19Z</time></trkpt><trkpt lat="36.970971" lon="138.960134"><ele>1738.0</ele><time>2021-08-21T01:51:20Z</time></trkpt><trkpt lat="36.970965" lon="138.960134"><ele>1737.9</ele><time>2021-08-21T01:51:21Z</time></trkpt><trkpt lat="36.970956" lon="138.960135"><ele>1737.7</ele><time>2021-08-21T01:51:22Z</time></trkpt><trkpt lat="36.970952" lon="138.960135"><ele>1737.6</ele><time>2021-08-21T01:51:23Z</time></trkpt><trkpt lat="36.970946" lon="138.960134"><ele>1737.5</ele><time>2021-08-21T01:51:24Z</time></trkpt><trkpt lat="36.970944" lon="138.960135"><ele>1737.4</ele><time>2021-08-21T01:51:25Z</time></trkpt><trkpt lat="36.970942" lon="138.960134"><ele>1737.4</ele><time>2021-08-21T01:51:26Z</time></trkpt><trkpt lat="36.970937" lon="138.960138"><ele>1737.2</ele><time>2021-08-21T01:51:27Z</time></trkpt><trkpt lat="36.970933" lon="138.960138"><ele>1737.1</ele><time>2021-08-21T01:51:28Z</time></trkpt><trkpt lat="36.970928" lon="138.960143"><ele>1737.0</ele><time>2021-08-21T01:51:29Z</time></trkpt><trkpt lat="36.970924" lon="138.960141"><ele>1736.9</ele><time>2021-08-21T01:51:30Z</time></trkpt><trkpt lat="36.970926" lon="138.960137"><ele>1736.8</ele><time>2021-08-21T01:51:31Z</time></trkpt><trkpt lat="36.970923" lon="138.960134"><ele>1736.7</ele><time>2021-08-21T01:51:32Z</time></trkpt><trkpt lat="36.970889" lon="138.96014"><ele>1735.9</ele><time>2021-08-21T01:51:36Z</time></trkpt><trkpt lat="36.970886" lon="138.96014"><ele>1735.9</ele><time>2021-08-21T01:51:37Z</time></trkpt><trkpt lat="36.970881" lon="138.96014"><ele>1735.7</ele><time>2021-08-21T01:51:38Z</time></trkpt><trkpt lat="36.970875" lon="138.960138"><ele>1735.6</ele><time>2021-08-21T01:51:39Z</time></trkpt><trkpt lat="36.970869" lon="138.960136"><ele>1735.5</ele><time>2021-08-21T01:51:40Z</time></trkpt><trkpt lat="36.970865" lon="138.960135"><ele>1735.4</ele><time>2021-08-21T01:51:41Z</time></trkpt><trkpt lat="36.97086" lon="138.960132"><ele>1735.2</ele><time>2021-08-21T01:51:42Z</time></trkpt><trkpt lat="36.970857" lon="138.960127"><ele>1735.1</ele><time>2021-08-21T01:51:43Z</time></trkpt><trkpt lat="36.970854" lon="138.960122"><ele>1735.0</ele><time>2021-08-21T01:51:44Z</time></trkpt><trkpt lat="36.970848" lon="138.960117"><ele>1734.8</ele><time>2021-08-21T01:51:45Z</time></trkpt><trkpt lat="36.970841" lon="138.960113"><ele>1734.7</ele><time>2021-08-21T01:51:46Z</time></trkpt><trkpt lat="36.970833" lon="138.960108"><ele>1734.5</ele><time>2021-08-21T01:51:47Z</time></trkpt><trkpt lat="36.970826" lon="138.960102"><ele>1734.3</ele><time>2021-08-21T01:51:48Z</time></trkpt><trkpt lat="36.970823" lon="138.960101"><ele>1734.2</ele><time>2021-08-21T01:51:49Z</time></trkpt><trkpt lat="36.970818" lon="138.960092"><ele>1734.0</ele><time>2021-08-21T01:51:50Z</time></trkpt><trkpt lat="36.970812" lon="138.96008"><ele>1733.7</ele><time>2021-08-21T01:51:51Z</time></trkpt><trkpt lat="36.970803" lon="138.960068"><ele>1733.4</ele><time>2021-08-21T01:51:52Z</time></trkpt><trkpt lat="36.970795" lon="138.960061"><ele>1733.2</ele><time>2021-08-21T01:51:53Z</time></trkpt><trkpt lat="36.970791" lon="138.96006"><ele>1733.1</ele><time>2021-08-21T01:51:54Z</time></trkpt><trkpt lat="36.970785" lon="138.960054"><ele>1732.9</ele><time>2021-08-21T01:51:55Z</time></trkpt><trkpt lat="36.970781" lon="138.960048"><ele>1732.8</ele><time>2021-08-21T01:51:56Z</time></trkpt><trkpt lat="36.970779" lon="138.960047"><ele>1732.7</ele><time>2021-08-21T01:51:57Z</time></trkpt><trkpt lat="36.970775" lon="138.960043"><ele>1732.6</ele><time>2021-08-21T01:51:58Z</time></trkpt><trkpt lat="36.970767" lon="138.960032"><ele>1732.3</ele><time>2021-08-21T01:51:59Z</time></trkpt><trkpt lat="36.97076" lon="138.960023"><ele>1732.1</ele><time>2021-08-21T01:52:00Z</time></trkpt><trkpt lat="36.970757" lon="138.960019"><ele>1732.0</ele><time>2021-08-21T01:52:01Z</time></trkpt><trkpt lat="36.970755" lon="138.960016"><ele>1731.9</ele><time>2021-08-21T01:52:02Z</time></trkpt><trkpt lat="36.970751" lon="138.960014"><ele>1731.8</ele><time>2021-08-21T01:52:03Z</time></trkpt><trkpt lat="36.970748" lon="138.960012"><ele>1731.8</ele><time>2021-08-21T01:52:04Z</time></trkpt><trkpt lat="36.970743" lon="138.960006"><ele>1731.6</ele><time>2021-08-21T01:52:05Z</time></trkpt><trkpt lat="36.970739" lon="138.960001"><ele>1731.5</ele><time>2021-08-21T01:52:06Z</time></trkpt><trkpt lat="36.97074" lon="138.959998"><ele>1731.4</ele><time>2021-08-21T01:52:07Z</time></trkpt><trkpt lat="36.970737" lon="138.959996"><ele>1731.3</ele><time>2021-08-21T01:52:08Z</time></trkpt><trkpt lat="36.970729" lon="138.959985"><ele>1731.1</ele><time>2021-08-21T01:52:09Z</time></trkpt><trkpt lat="36.970727" lon="138.95998"><ele>1731.0</ele><time>2021-08-21T01:52:10Z</time></trkpt><trkpt lat="36.970723" lon="138.959978"><ele>1730.9</ele><time>2021-08-21T01:52:11Z</time></trkpt><trkpt lat="36.970722" lon="138.959976"><ele>1730.8</ele><time>2021-08-21T01:52:12Z</time></trkpt><trkpt lat="36.970722" lon="138.959973"><ele>1730.8</ele><time>2021-08-21T01:52:13Z</time></trkpt><trkpt lat="36.970722" lon="138.959971"><ele>1730.7</ele><time>2021-08-21T01:52:14Z</time></trkpt><trkpt lat="36.970712" lon="138.959961"><ele>1730.4</ele><time>2021-08-21T01:52:15Z</time></trkpt><trkpt lat="36.970708" lon="138.959955"><ele>1730.3</ele><time>2021-08-21T01:52:16Z</time></trkpt><trkpt lat="36.970705" lon="138.959952"><ele>1730.2</ele><time>2021-08-21T01:52:17Z</time></trkpt><trkpt lat="36.970704" lon="138.959953"><ele>1730.2</ele><time>2021-08-21T01:52:18Z</time></trkpt><trkpt lat="36.970696" lon="138.959945"><ele>1729.9</ele><time>2021-08-21T01:52:19Z</time></trkpt><trkpt lat="36.970694" lon="138.959938"><ele>1729.8</ele><time>2021-08-21T01:52:20Z</time></trkpt><trkpt lat="36.970689" lon="138.959935"><ele>1729.7</ele><time>2021-08-21T01:52:21Z</time></trkpt><trkpt lat="36.970687" lon="138.959935"><ele>1729.6</ele><time>2021-08-21T01:52:22Z</time></trkpt><trkpt lat="36.970682" lon="138.959933"><ele>1729.5</ele><time>2021-08-21T01:52:23Z</time></trkpt><trkpt lat="36.970675" lon="138.959925"><ele>1729.3</ele><time>2021-08-21T01:52:24Z</time></trkpt><trkpt lat="36.970677" lon="138.959927"><ele>1729.2</ele><time>2021-08-21T01:52:25Z</time></trkpt><trkpt lat="36.970673" lon="138.959922"><ele>1729.1</ele><time>2021-08-21T01:52:26Z</time></trkpt><trkpt lat="36.970667" lon="138.959915"><ele>1728.9</ele><time>2021-08-21T01:52:27Z</time></trkpt><trkpt lat="36.97066" lon="138.959909"><ele>1728.7</ele><time>2021-08-21T01:52:29Z</time></trkpt><trkpt lat="36.970653" lon="138.959912"><ele>1728.5</ele><time>2021-08-21T01:52:30Z</time></trkpt><trkpt lat="36.970644" lon="138.959917"><ele>1728.3</ele><time>2021-08-21T01:52:31Z</time></trkpt><trkpt lat="36.970632" lon="138.959926"><ele>1728.0</ele><time>2021-08-21T01:52:32Z</time></trkpt><trkpt lat="36.970621" lon="138.959931"><ele>1727.7</ele><time>2021-08-21T01:52:33Z</time></trkpt><trkpt lat="36.970611" lon="138.959937"><ele>1727.5</ele><time>2021-08-21T01:52:34Z</time></trkpt><trkpt lat="36.970602" lon="138.959938"><ele>1727.3</ele><time>2021-08-21T01:52:35Z</time></trkpt><trkpt lat="36.970598" lon="138.959939"><ele>1727.2</ele><time>2021-08-21T01:52:36Z</time></trkpt><trkpt lat="36.970594" lon="138.959943"><ele>1727.1</ele><time>2021-08-21T01:52:37Z</time></trkpt><trkpt lat="36.970594" lon="138.959948"><ele>1727.0</ele><time>2021-08-21T01:52:38Z</time></trkpt><trkpt lat="36.97059" lon="138.959946"><ele>1726.9</ele><time>2021-08-21T01:52:39Z</time></trkpt><trkpt lat="36.970584" lon="138.95995"><ele>1726.7</ele><time>2021-08-21T01:52:40Z</time></trkpt><trkpt lat="36.970575" lon="138.95995"><ele>1726.5</ele><time>2021-08-21T01:52:41Z</time></trkpt><trkpt lat="36.97057" lon="138.95995"><ele>1726.4</ele><time>2021-08-21T01:52:42Z</time></trkpt><trkpt lat="36.970566" lon="138.959945"><ele>1726.3</ele><time>2021-08-21T01:52:43Z</time></trkpt><trkpt lat="36.97056" lon="138.95994"><ele>1726.1</ele><time>2021-08-21T01:52:44Z</time></trkpt><trkpt lat="36.97056" lon="138.95994"><ele>1726.1</ele><time>2021-08-21T01:52:45Z</time></trkpt><trkpt lat="36.970557" lon="138.959942"><ele>1726.0</ele><time>2021-08-21T01:52:46Z</time></trkpt><trkpt lat="36.970549" lon="138.959939"><ele>1725.8</ele><time>2021-08-21T01:52:47Z</time></trkpt><trkpt lat="36.970545" lon="138.95994"><ele>1725.7</ele><time>2021-08-21T01:52:48Z</time></trkpt><trkpt lat="36.970535" lon="138.959933"><ele>1725.5</ele><time>2021-08-21T01:52:49Z</time></trkpt><trkpt lat="36.970531" lon="138.959933"><ele>1725.4</ele><time>2021-08-21T01:52:50Z</time></trkpt><trkpt lat="36.970532" lon="138.959931"><ele>1725.3</ele><time>2021-08-21T01:52:51Z</time></trkpt><trkpt lat="36.97053" lon="138.95993"><ele>1725.3</ele><time>2021-08-21T01:52:52Z</time></trkpt><trkpt lat="36.970529" lon="138.959931"><ele>1725.2</ele><time>2021-08-21T01:52:53Z</time></trkpt><trkpt lat="36.970529" lon="138.959929"><ele>1725.2</ele><time>2021-08-21T01:52:54Z</time></trkpt><trkpt lat="36.970524" lon="138.959929"><ele>1725.1</ele><time>2021-08-21T01:52:55Z</time></trkpt><trkpt lat="36.970522" lon="138.959926"><ele>1725.0</ele><time>2021-08-21T01:52:56Z</time></trkpt><trkpt lat="36.970519" lon="138.959923"><ele>1724.9</ele><time>2021-08-21T01:52:57Z</time></trkpt><trkpt lat="36.970512" lon="138.959911"><ele>1724.7</ele><time>2021-08-21T01:52:58Z</time></trkpt><trkpt lat="36.970501" lon="138.959912"><ele>1724.4</ele><time>2021-08-21T01:52:59Z</time></trkpt><trkpt lat="36.970487" lon="138.959917"><ele>1724.1</ele><time>2021-08-21T01:53:00Z</time></trkpt><trkpt lat="36.970481" lon="138.959918"><ele>1723.9</ele><time>2021-08-21T01:53:01Z</time></trkpt><trkpt lat="36.970474" lon="138.959917"><ele>1723.8</ele><time>2021-08-21T01:53:02Z</time></trkpt><trkpt lat="36.970467" lon="138.959919"><ele>1723.6</ele><time>2021-08-21T01:53:03Z</time></trkpt><trkpt lat="36.970459" lon="138.959919"><ele>1723.4</ele><time>2021-08-21T01:53:04Z</time></trkpt><trkpt lat="36.970459" lon="138.959922"><ele>1723.4</ele><time>2021-08-21T01:53:05Z</time></trkpt><trkpt lat="36.970452" lon="138.959924"><ele>1723.2</ele><time>2021-08-21T01:53:06Z</time></trkpt><trkpt lat="36.970451" lon="138.959923"><ele>1723.2</ele><time>2021-08-21T01:53:07Z</time></trkpt><trkpt lat="36.970447" lon="138.959916"><ele>1723.0</ele><time>2021-08-21T01:53:08Z</time></trkpt><trkpt lat="36.970439" lon="138.959906"><ele>1722.8</ele><time>2021-08-21T01:53:09Z</time></trkpt><trkpt lat="36.970428" lon="138.959898"><ele>1722.5</ele><time>2021-08-21T01:53:10Z</time></trkpt><trkpt lat="36.970419" lon="138.959899"><ele>1722.3</ele><time>2021-08-21T01:53:11Z</time></trkpt><trkpt lat="36.97041" lon="138.959897"><ele>1722.0</ele><time>2021-08-21T01:53:12Z</time></trkpt><trkpt lat="36.970402" lon="138.959902"><ele>1721.8</ele><time>2021-08-21T01:53:13Z</time></trkpt><trkpt lat="36.970395" lon="138.959902"><ele>1721.7</ele><time>2021-08-21T01:53:14Z</time></trkpt><trkpt lat="36.970398" lon="138.959902"><ele>1721.6</ele><time>2021-08-21T01:53:15Z</time></trkpt><trkpt lat="36.9704" lon="138.959902"><ele>1721.6</ele><time>2021-08-21T01:53:16Z</time></trkpt><trkpt lat="36.9704" lon="138.959893"><ele>1721.4</ele><time>2021-08-21T01:53:17Z</time></trkpt><trkpt lat="36.97039" lon="138.959888"><ele>1721.2</ele><time>2021-08-21T01:53:18Z</time></trkpt><trkpt lat="36.970382" lon="138.959885"><ele>1721.0</ele><time>2021-08-21T01:53:19Z</time></trkpt><trkpt lat="36.970382" lon="138.959891"><ele>1720.8</ele><time>2021-08-21T01:53:20Z</time></trkpt><trkpt lat="36.970374" lon="138.959888"><ele>1720.7</ele><time>2021-08-21T01:53:21Z</time></trkpt><trkpt lat="36.970368" lon="138.959882"><ele>1720.5</ele><time>2021-08-21T01:53:22Z</time></trkpt><trkpt lat="36.97036" lon="138.959876"><ele>1720.3</ele><time>2021-08-21T01:53:23Z</time></trkpt><trkpt lat="36.970349" lon="138.959869"><ele>1720.0</ele><time>2021-08-21T01:53:24Z</time></trkpt><trkpt lat="36.970338" lon="138.959865"><ele>1719.7</ele><time>2021-08-21T01:53:25Z</time></trkpt><trkpt lat="36.970328" lon="138.959862"><ele>1719.5</ele><time>2021-08-21T01:53:26Z</time></trkpt><trkpt lat="36.970329" lon="138.959873"><ele>1719.3</ele><time>2021-08-21T01:53:27Z</time></trkpt><trkpt lat="36.970325" lon="138.959866"><ele>1719.1</ele><time>2021-08-21T01:53:28Z</time></trkpt><trkpt lat="36.970322" lon="138.959857"><ele>1718.9</ele><time>2021-08-21T01:53:29Z</time></trkpt><trkpt lat="36.970325" lon="138.959856"><ele>1718.9</ele><time>2021-08-21T01:53:30Z</time></trkpt><trkpt lat="36.970318" lon="138.959842"><ele>1718.6</ele><time>2021-08-21T01:53:31Z</time></trkpt><trkpt lat="36.970315" lon="138.959836"><ele>1718.4</ele><time>2021-08-21T01:53:32Z</time></trkpt><trkpt lat="36.970313" lon="138.959826"><ele>1718.2</ele><time>2021-08-21T01:53:33Z</time></trkpt><trkpt lat="36.970314" lon="138.959819"><ele>1718.1</ele><time>2021-08-21T01:53:34Z</time></trkpt><trkpt lat="36.970311" lon="138.959811"><ele>1718.0</ele><time>2021-08-21T01:53:35Z</time></trkpt><trkpt lat="36.970307" lon="138.959804"><ele>1717.8</ele><time>2021-08-21T01:53:36Z</time></trkpt><trkpt lat="36.970302" lon="138.959794"><ele>1717.6</ele><time>2021-08-21T01:53:37Z</time></trkpt><trkpt lat="36.970299" lon="138.959795"><ele>1717.5</ele><time>2021-08-21T01:53:38Z</time></trkpt><trkpt lat="36.970296" lon="138.959794"><ele>1717.4</ele><time>2021-08-21T01:53:39Z</time></trkpt><trkpt lat="36.970289" lon="138.959787"><ele>1717.2</ele><time>2021-08-21T01:53:40Z</time></trkpt><trkpt lat="36.970284" lon="138.95978"><ele>1717.1</ele><time>2021-08-21T01:53:41Z</time></trkpt><trkpt lat="36.970284" lon="138.959769"><ele>1716.9</ele><time>2021-08-21T01:53:42Z</time></trkpt><trkpt lat="36.970281" lon="138.959757"><ele>1716.6</ele><time>2021-08-21T01:53:43Z</time></trkpt><trkpt lat="36.970275" lon="138.959747"><ele>1716.4</ele><time>2021-08-21T01:53:44Z</time></trkpt><trkpt lat="36.970265" lon="138.959742"><ele>1716.1</ele><time>2021-08-21T01:53:45Z</time></trkpt><trkpt lat="36.970259" lon="138.959738"><ele>1716.0</ele><time>2021-08-21T01:53:46Z</time></trkpt><trkpt lat="36.970258" lon="138.95973"><ele>1715.8</ele><time>2021-08-21T01:53:47Z</time></trkpt><trkpt lat="36.97026" lon="138.959713"><ele>1715.5</ele><time>2021-08-21T01:53:48Z</time></trkpt><trkpt lat="36.970261" lon="138.959695"><ele>1715.2</ele><time>2021-08-21T01:53:49Z</time></trkpt><trkpt lat="36.970262" lon="138.959681"><ele>1714.9</ele><time>2021-08-21T01:53:50Z</time></trkpt><trkpt lat="36.970257" lon="138.959671"><ele>1714.7</ele><time>2021-08-21T01:53:51Z</time></trkpt><trkpt lat="36.970252" lon="138.959661"><ele>1714.5</ele><time>2021-08-21T01:53:52Z</time></trkpt><trkpt lat="36.970246" lon="138.959655"><ele>1714.3</ele><time>2021-08-21T01:53:53Z</time></trkpt><trkpt lat="36.97024" lon="138.959663"><ele>1714.1</ele><time>2021-08-21T01:53:54Z</time></trkpt><trkpt lat="36.970236" lon="138.959665"><ele>1714.0</ele><time>2021-08-21T01:53:55Z</time></trkpt><trkpt lat="36.970226" lon="138.959666"><ele>1713.8</ele><time>2021-08-21T01:53:56Z</time></trkpt><trkpt lat="36.970218" lon="138.959666"><ele>1713.6</ele><time>2021-08-21T01:53:57Z</time></trkpt><trkpt lat="36.970205" lon="138.95967"><ele>1713.3</ele><time>2021-08-21T01:53:58Z</time></trkpt><trkpt lat="36.970198" lon="138.959668"><ele>1713.1</ele><time>2021-08-21T01:53:59Z</time></trkpt><trkpt lat="36.970189" lon="138.95967"><ele>1712.9</ele><time>2021-08-21T01:54:00Z</time></trkpt><trkpt lat="36.970188" lon="138.959668"><ele>1712.9</ele><time>2021-08-21T01:54:01Z</time></trkpt><trkpt lat="36.970184" lon="138.959669"><ele>1712.8</ele><time>2021-08-21T01:54:02Z</time></trkpt><trkpt lat="36.970176" lon="138.959668"><ele>1712.6</ele><time>2021-08-21T01:54:03Z</time></trkpt><trkpt lat="36.970171" lon="138.959669"><ele>1712.5</ele><time>2021-08-21T01:54:04Z</time></trkpt><trkpt lat="36.970165" lon="138.959662"><ele>1712.3</ele><time>2021-08-21T01:54:05Z</time></trkpt><trkpt lat="36.97016" lon="138.959655"><ele>1712.1</ele><time>2021-08-21T01:54:06Z</time></trkpt><trkpt lat="36.970161" lon="138.959647"><ele>1712.0</ele><time>2021-08-21T01:54:07Z</time></trkpt><trkpt lat="36.970163" lon="138.959642"><ele>1711.9</ele><time>2021-08-21T01:54:08Z</time></trkpt><trkpt lat="36.970166" lon="138.959638"><ele>1711.8</ele><time>2021-08-21T01:54:09Z</time></trkpt><trkpt lat="36.970165" lon="138.959626"><ele>1711.6</ele><time>2021-08-21T01:54:10Z</time></trkpt><trkpt lat="36.970154" lon="138.959564"><ele>1710.4</ele><time>2021-08-21T01:54:18Z</time></trkpt><trkpt lat="36.970153" lon="138.959562"><ele>1710.3</ele><time>2021-08-21T01:54:19Z</time></trkpt><trkpt lat="36.970148" lon="138.959561"><ele>1710.2</ele><time>2021-08-21T01:54:20Z</time></trkpt><trkpt lat="36.970141" lon="138.959558"><ele>1710.1</ele><time>2021-08-21T01:54:21Z</time></trkpt><trkpt lat="36.970133" lon="138.959551"><ele>1709.8</ele><time>2021-08-21T01:54:22Z</time></trkpt><trkpt lat="36.970123" lon="138.959547"><ele>1709.6</ele><time>2021-08-21T01:54:23Z</time></trkpt><trkpt lat="36.970117" lon="138.959547"><ele>1709.5</ele><time>2021-08-21T01:54:24Z</time></trkpt><trkpt lat="36.970107" lon="138.959538"><ele>1709.2</ele><time>2021-08-21T01:54:25Z</time></trkpt><trkpt lat="36.970101" lon="138.959534"><ele>1709.0</ele><time>2021-08-21T01:54:26Z</time></trkpt><trkpt lat="36.970093" lon="138.959526"><ele>1708.8</ele><time>2021-08-21T01:54:27Z</time></trkpt><trkpt lat="36.970084" lon="138.959522"><ele>1708.6</ele><time>2021-08-21T01:54:28Z</time></trkpt><trkpt lat="36.970079" lon="138.959522"><ele>1708.4</ele><time>2021-08-21T01:54:29Z</time></trkpt><trkpt lat="36.970071" lon="138.959516"><ele>1708.2</ele><time>2021-08-21T01:54:30Z</time></trkpt><trkpt lat="36.970066" lon="138.959514"><ele>1708.1</ele><time>2021-08-21T01:54:31Z</time></trkpt><trkpt lat="36.970057" lon="138.959507"><ele>1707.9</ele><time>2021-08-21T01:54:32Z</time></trkpt><trkpt lat="36.970051" lon="138.959503"><ele>1707.7</ele><time>2021-08-21T01:54:33Z</time></trkpt><trkpt lat="36.970046" lon="138.959497"><ele>1707.6</ele><time>2021-08-21T01:54:35Z</time></trkpt><trkpt lat="36.970042" lon="138.959493"><ele>1707.4</ele><time>2021-08-21T01:54:36Z</time></trkpt><trkpt lat="36.970039" lon="138.959487"><ele>1707.3</ele><time>2021-08-21T01:54:37Z</time></trkpt><trkpt lat="36.970038" lon="138.959481"><ele>1707.2</ele><time>2021-08-21T01:54:38Z</time></trkpt><trkpt lat="36.970036" lon="138.959477"><ele>1707.1</ele><time>2021-08-21T01:54:39Z</time></trkpt><trkpt lat="36.970033" lon="138.95947"><ele>1707.0</ele><time>2021-08-21T01:54:40Z</time></trkpt><trkpt lat="36.970028" lon="138.959464"><ele>1706.8</ele><time>2021-08-21T01:54:41Z</time></trkpt><trkpt lat="36.970021" lon="138.959454"><ele>1706.6</ele><time>2021-08-21T01:54:42Z</time></trkpt><trkpt lat="36.970019" lon="138.959449"><ele>1706.5</ele><time>2021-08-21T01:54:43Z</time></trkpt><trkpt lat="36.970016" lon="138.959442"><ele>1706.3</ele><time>2021-08-21T01:54:44Z</time></trkpt><trkpt lat="36.970013" lon="138.959437"><ele>1706.2</ele><time>2021-08-21T01:54:45Z</time></trkpt><trkpt lat="36.97001" lon="138.959433"><ele>1706.1</ele><time>2021-08-21T01:54:46Z</time></trkpt><trkpt lat="36.970006" lon="138.959425"><ele>1705.9</ele><time>2021-08-21T01:54:47Z</time></trkpt><trkpt lat="36.970001" lon="138.959417"><ele>1705.7</ele><time>2021-08-21T01:54:48Z</time></trkpt><trkpt lat="36.969997" lon="138.959408"><ele>1705.5</ele><time>2021-08-21T01:54:49Z</time></trkpt><trkpt lat="36.969993" lon="138.959397"><ele>1705.3</ele><time>2021-08-21T01:54:50Z</time></trkpt><trkpt lat="36.96999" lon="138.959386"><ele>1705.1</ele><time>2021-08-21T01:54:51Z</time></trkpt><trkpt lat="36.969993" lon="138.959377"><ele>1704.9</ele><time>2021-08-21T01:54:52Z</time></trkpt><trkpt lat="36.969995" lon="138.959364"><ele>1704.7</ele><time>2021-08-21T01:54:53Z</time></trkpt><trkpt lat="36.969999" lon="138.959356"><ele>1704.5</ele><time>2021-08-21T01:54:54Z</time></trkpt><trkpt lat="36.970002" lon="138.95935"><ele>1704.4</ele><time>2021-08-21T01:54:55Z</time></trkpt><trkpt lat="36.970002" lon="138.959327"><ele>1704.0</ele><time>2021-08-21T01:54:56Z</time></trkpt><trkpt lat="36.970002" lon="138.959314"><ele>1703.7</ele><time>2021-08-21T01:54:57Z</time></trkpt><trkpt lat="36.970005" lon="138.959299"><ele>1703.4</ele><time>2021-08-21T01:54:58Z</time></trkpt><trkpt lat="36.970009" lon="138.959293"><ele>1703.3</ele><time>2021-08-21T01:54:59Z</time></trkpt><trkpt lat="36.970012" lon="138.959286"><ele>1703.1</ele><time>2021-08-21T01:55:00Z</time></trkpt><trkpt lat="36.970017" lon="138.959273"><ele>1702.9</ele><time>2021-08-21T01:55:01Z</time></trkpt><trkpt lat="36.970021" lon="138.959262"><ele>1702.7</ele><time>2021-08-21T01:55:02Z</time></trkpt><trkpt lat="36.970021" lon="138.959256"><ele>1702.5</ele><time>2021-08-21T01:55:03Z</time></trkpt><trkpt lat="36.970023" lon="138.959256"><ele>1702.5</ele><time>2021-08-21T01:55:04Z</time></trkpt><trkpt lat="36.970026" lon="138.959245"><ele>1702.3</ele><time>2021-08-21T01:55:05Z</time></trkpt><trkpt lat="36.970027" lon="138.959237"><ele>1702.1</ele><time>2021-08-21T01:55:06Z</time></trkpt><trkpt lat="36.970034" lon="138.959231"><ele>1701.9</ele><time>2021-08-21T01:55:07Z</time></trkpt><trkpt lat="36.970038" lon="138.959212"><ele>1701.6</ele><time>2021-08-21T01:55:08Z</time></trkpt><trkpt lat="36.97004" lon="138.959204"><ele>1701.4</ele><time>2021-08-21T01:55:09Z</time></trkpt><trkpt lat="36.970043" lon="138.959195"><ele>1701.3</ele><time>2021-08-21T01:55:10Z</time></trkpt><trkpt lat="36.970045" lon="138.959187"><ele>1701.1</ele><time>2021-08-21T01:55:11Z</time></trkpt><trkpt lat="36.97005" lon="138.95918"><ele>1700.9</ele><time>2021-08-21T01:55:12Z</time></trkpt><trkpt lat="36.970055" lon="138.959171"><ele>1700.7</ele><time>2021-08-21T01:55:13Z</time></trkpt><trkpt lat="36.970058" lon="138.959165"><ele>1700.6</ele><time>2021-08-21T01:55:14Z</time></trkpt><trkpt lat="36.970059" lon="138.959158"><ele>1700.5</ele><time>2021-08-21T01:55:15Z</time></trkpt><trkpt lat="36.970062" lon="138.959146"><ele>1700.2</ele><time>2021-08-21T01:55:16Z</time></trkpt><trkpt lat="36.970067" lon="138.959132"><ele>1699.9</ele><time>2021-08-21T01:55:17Z</time></trkpt><trkpt lat="36.970067" lon="138.959126"><ele>1699.8</ele><time>2021-08-21T01:55:18Z</time></trkpt><trkpt lat="36.970069" lon="138.959117"><ele>1699.7</ele><time>2021-08-21T01:55:19Z</time></trkpt><trkpt lat="36.970069" lon="138.959115"><ele>1699.6</ele><time>2021-08-21T01:55:20Z</time></trkpt><trkpt lat="36.970069" lon="138.95911"><ele>1699.5</ele><time>2021-08-21T01:55:21Z</time></trkpt><trkpt lat="36.970068" lon="138.959102"><ele>1699.4</ele><time>2021-08-21T01:55:22Z</time></trkpt><trkpt lat="36.970069" lon="138.959095"><ele>1699.3</ele><time>2021-08-21T01:55:23Z</time></trkpt><trkpt lat="36.970067" lon="138.959082"><ele>1699.0</ele><time>2021-08-21T01:55:24Z</time></trkpt><trkpt lat="36.970064" lon="138.959071"><ele>1698.8</ele><time>2021-08-21T01:55:25Z</time></trkpt><trkpt lat="36.970065" lon="138.95906"><ele>1698.6</ele><time>2021-08-21T01:55:26Z</time></trkpt><trkpt lat="36.970064" lon="138.959044"><ele>1698.3</ele><time>2021-08-21T01:55:27Z</time></trkpt><trkpt lat="36.970067" lon="138.959033"><ele>1698.1</ele><time>2021-08-21T01:55:28Z</time></trkpt><trkpt lat="36.970068" lon="138.959018"><ele>1697.8</ele><time>2021-08-21T01:55:29Z</time></trkpt><trkpt lat="36.970068" lon="138.959013"><ele>1697.7</ele><time>2021-08-21T01:55:30Z</time></trkpt><trkpt lat="36.970068" lon="138.959003"><ele>1697.5</ele><time>2021-08-21T01:55:31Z</time></trkpt><trkpt lat="36.970068" lon="138.958994"><ele>1697.4</ele><time>2021-08-21T01:55:32Z</time></trkpt><trkpt lat="36.970066" lon="138.958983"><ele>1697.2</ele><time>2021-08-21T01:55:33Z</time></trkpt><trkpt lat="36.970066" lon="138.958978"><ele>1697.1</ele><time>2021-08-21T01:55:34Z</time></trkpt><trkpt lat="36.970065" lon="138.958971"><ele>1696.9</ele><time>2021-08-21T01:55:35Z</time></trkpt><trkpt lat="36.970063" lon="138.958966"><ele>1696.8</ele><time>2021-08-21T01:55:36Z</time></trkpt><trkpt lat="36.970062" lon="138.958958"><ele>1696.7</ele><time>2021-08-21T01:55:37Z</time></trkpt><trkpt lat="36.970062" lon="138.958956"><ele>1696.7</ele><time>2021-08-21T01:55:38Z</time></trkpt><trkpt lat="36.97006" lon="138.958948"><ele>1696.5</ele><time>2021-08-21T01:55:39Z</time></trkpt><trkpt lat="36.970059" lon="138.95894"><ele>1696.4</ele><time>2021-08-21T01:55:40Z</time></trkpt><trkpt lat="36.970057" lon="138.958936"><ele>1696.3</ele><time>2021-08-21T01:55:41Z</time></trkpt><trkpt lat="36.970054" lon="138.95893"><ele>1696.1</ele><time>2021-08-21T01:55:42Z</time></trkpt><trkpt lat="36.97005" lon="138.958919"><ele>1695.9</ele><time>2021-08-21T01:55:43Z</time></trkpt><trkpt lat="36.970047" lon="138.958913"><ele>1695.8</ele><time>2021-08-21T01:55:44Z</time></trkpt><trkpt lat="36.970046" lon="138.958906"><ele>1695.7</ele><time>2021-08-21T01:55:45Z</time></trkpt><trkpt lat="36.970046" lon="138.958904"><ele>1695.6</ele><time>2021-08-21T01:55:46Z</time></trkpt><trkpt lat="36.970044" lon="138.958895"><ele>1695.4</ele><time>2021-08-21T01:55:47Z</time></trkpt><trkpt lat="36.970042" lon="138.95889"><ele>1695.3</ele><time>2021-08-21T01:55:48Z</time></trkpt><trkpt lat="36.970043" lon="138.958883"><ele>1695.2</ele><time>2021-08-21T01:55:49Z</time></trkpt><trkpt lat="36.970044" lon="138.95888"><ele>1695.2</ele><time>2021-08-21T01:55:50Z</time></trkpt><trkpt lat="36.970044" lon="138.958876"><ele>1695.1</ele><time>2021-08-21T01:55:51Z</time></trkpt><trkpt lat="36.970044" lon="138.958869"><ele>1694.9</ele><time>2021-08-21T01:55:52Z</time></trkpt><trkpt lat="36.970043" lon="138.958867"><ele>1694.9</ele><time>2021-08-21T01:55:53Z</time></trkpt><trkpt lat="36.970039" lon="138.958859"><ele>1694.7</ele><time>2021-08-21T01:55:54Z</time></trkpt><trkpt lat="36.970037" lon="138.958855"><ele>1694.6</ele><time>2021-08-21T01:55:55Z</time></trkpt><trkpt lat="36.970034" lon="138.958853"><ele>1694.6</ele><time>2021-08-21T01:55:56Z</time></trkpt><trkpt lat="36.970035" lon="138.958857"><ele>1694.5</ele><time>2021-08-21T01:55:57Z</time></trkpt><trkpt lat="36.970033" lon="138.958854"><ele>1694.4</ele><time>2021-08-21T01:55:58Z</time></trkpt><trkpt lat="36.970027" lon="138.958845"><ele>1694.2</ele><time>2021-08-21T01:55:59Z</time></trkpt><trkpt lat="36.969965" lon="138.958684"><ele>1690.9</ele><time>2021-08-21T01:56:31Z</time></trkpt><trkpt lat="36.969968" lon="138.958682"><ele>1690.8</ele><time>2021-08-21T01:56:32Z</time></trkpt><trkpt lat="36.969974" lon="138.958678"><ele>1690.7</ele><time>2021-08-21T01:56:33Z</time></trkpt><trkpt lat="36.969977" lon="138.958675"><ele>1690.6</ele><time>2021-08-21T01:56:34Z</time></trkpt><trkpt lat="36.96998" lon="138.958672"><ele>1690.5</ele><time>2021-08-21T01:56:35Z</time></trkpt><trkpt lat="36.97" lon="138.958667"><ele>1690.0</ele><time>2021-08-21T01:56:36Z</time></trkpt><trkpt lat="36.969996" lon="138.958651"><ele>1689.7</ele><time>2021-08-21T01:56:37Z</time></trkpt><trkpt lat="36.969997" lon="138.958654"><ele>1689.7</ele><time>2021-08-21T01:56:38Z</time></trkpt><trkpt lat="36.970003" lon="138.95865"><ele>1689.5</ele><time>2021-08-21T01:56:39Z</time></trkpt><trkpt lat="36.970011" lon="138.95865"><ele>1689.3</ele><time>2021-08-21T01:56:40Z</time></trkpt><trkpt lat="36.970017" lon="138.958631"><ele>1689.0</ele><time>2021-08-21T01:56:41Z</time></trkpt><trkpt lat="36.970011" lon="138.958636"><ele>1688.8</ele><time>2021-08-21T01:56:42Z</time></trkpt><trkpt lat="36.970009" lon="138.958632"><ele>1688.7</ele><time>2021-08-21T01:56:43Z</time></trkpt><trkpt lat="36.970003" lon="138.958631"><ele>1688.6</ele><time>2021-08-21T01:56:44Z</time></trkpt><trkpt lat="36.969995" lon="138.958626"><ele>1688.4</ele><time>2021-08-21T01:56:45Z</time></trkpt><trkpt lat="36.969988" lon="138.958616"><ele>1688.1</ele><time>2021-08-21T01:56:46Z</time></trkpt><trkpt lat="36.969982" lon="138.958618"><ele>1688.0</ele><time>2021-08-21T01:56:47Z</time></trkpt><trkpt lat="36.969979" lon="138.958616"><ele>1687.9</ele><time>2021-08-21T01:56:48Z</time></trkpt><trkpt lat="36.969973" lon="138.958613"><ele>1687.7</ele><time>2021-08-21T01:56:49Z</time></trkpt><trkpt lat="36.969964" lon="138.958604"><ele>1687.5</ele><time>2021-08-21T01:56:51Z</time></trkpt><trkpt lat="36.969985" lon="138.958558"><ele>1686.5</ele><time>2021-08-21T01:56:59Z</time></trkpt><trkpt lat="36.969994" lon="138.958553"><ele>1686.3</ele><time>2021-08-21T01:57:00Z</time></trkpt><trkpt lat="36.97" lon="138.958542"><ele>1686.0</ele><time>2021-08-21T01:57:01Z</time></trkpt><trkpt lat="36.970003" lon="138.958542"><ele>1686.0</ele><time>2021-08-21T01:57:02Z</time></trkpt><trkpt lat="36.970006" lon="138.958546"><ele>1685.9</ele><time>2021-08-21T01:57:03Z</time></trkpt><trkpt lat="36.970015" lon="138.958544"><ele>1685.7</ele><time>2021-08-21T01:57:04Z</time></trkpt><trkpt lat="36.97002" lon="138.958544"><ele>1685.5</ele><time>2021-08-21T01:57:05Z</time></trkpt><trkpt lat="36.97003" lon="138.958542"><ele>1685.3</ele><time>2021-08-21T01:57:06Z</time></trkpt><trkpt lat="36.970028" lon="138.958536"><ele>1685.2</ele><time>2021-08-21T01:57:07Z</time></trkpt><trkpt lat="36.970029" lon="138.958531"><ele>1685.1</ele><time>2021-08-21T01:57:08Z</time></trkpt><trkpt lat="36.970031" lon="138.958525"><ele>1685.0</ele><time>2021-08-21T01:57:09Z</time></trkpt><trkpt lat="36.970029" lon="138.958516"><ele>1684.8</ele><time>2021-08-21T01:57:10Z</time></trkpt><trkpt lat="36.970023" lon="138.958511"><ele>1684.6</ele><time>2021-08-21T01:57:11Z</time></trkpt><trkpt lat="36.970019" lon="138.958504"><ele>1684.5</ele><time>2021-08-21T01:57:12Z</time></trkpt><trkpt lat="36.970017" lon="138.9585"><ele>1684.4</ele><time>2021-08-21T01:57:13Z</time></trkpt><trkpt lat="36.970014" lon="138.958497"><ele>1684.3</ele><time>2021-08-21T01:57:14Z</time></trkpt><trkpt lat="36.97001" lon="138.958498"><ele>1684.2</ele><time>2021-08-21T01:57:15Z</time></trkpt><trkpt lat="36.970005" lon="138.958489"><ele>1684.0</ele><time>2021-08-21T01:57:16Z</time></trkpt><trkpt lat="36.969994" lon="138.958476"><ele>1683.7</ele><time>2021-08-21T01:57:18Z</time></trkpt><trkpt lat="36.969991" lon="138.958471"><ele>1683.5</ele><time>2021-08-21T01:57:19Z</time></trkpt><trkpt lat="36.969982" lon="138.958465"><ele>1683.3</ele><time>2021-08-21T01:57:20Z</time></trkpt><trkpt lat="36.969976" lon="138.958455"><ele>1683.1</ele><time>2021-08-21T01:57:21Z</time></trkpt><trkpt lat="36.969974" lon="138.958451"><ele>1683.0</ele><time>2021-08-21T01:57:22Z</time></trkpt><trkpt lat="36.96997" lon="138.958444"><ele>1682.8</ele><time>2021-08-21T01:57:23Z</time></trkpt><trkpt lat="36.969963" lon="138.958436"><ele>1682.6</ele><time>2021-08-21T01:57:24Z</time></trkpt><trkpt lat="36.969959" lon="138.958435"><ele>1682.5</ele><time>2021-08-21T01:57:25Z</time></trkpt><trkpt lat="36.969956" lon="138.958436"><ele>1682.5</ele><time>2021-08-21T01:57:26Z</time></trkpt><trkpt lat="36.969953" lon="138.958436"><ele>1682.4</ele><time>2021-08-21T01:57:27Z</time></trkpt><trkpt lat="36.969954" lon="138.958435"><ele>1682.4</ele><time>2021-08-21T01:57:28Z</time></trkpt><trkpt lat="36.969954" lon="138.958424"><ele>1682.2</ele><time>2021-08-21T01:57:29Z</time></trkpt><trkpt lat="36.969947" lon="138.958416"><ele>1681.9</ele><time>2021-08-21T01:57:30Z</time></trkpt><trkpt lat="36.969943" lon="138.958411"><ele>1681.8</ele><time>2021-08-21T01:57:31Z</time></trkpt><trkpt lat="36.969942" lon="138.958405"><ele>1681.7</ele><time>2021-08-21T01:57:32Z</time></trkpt><trkpt lat="36.96994" lon="138.958394"><ele>1681.5</ele><time>2021-08-21T01:57:33Z</time></trkpt><trkpt lat="36.969938" lon="138.958389"><ele>1681.4</ele><time>2021-08-21T01:57:34Z</time></trkpt><trkpt lat="36.969948" lon="138.958352"><ele>1680.7</ele><time>2021-08-21T01:57:43Z</time></trkpt><trkpt lat="36.969947" lon="138.958347"><ele>1680.6</ele><time>2021-08-21T01:57:44Z</time></trkpt><trkpt lat="36.969943" lon="138.958341"><ele>1680.4</ele><time>2021-08-21T01:57:45Z</time></trkpt><trkpt lat="36.969939" lon="138.958334"><ele>1680.3</ele><time>2021-08-21T01:57:46Z</time></trkpt><trkpt lat="36.969942" lon="138.958344"><ele>1680.1</ele><time>2021-08-21T01:57:47Z</time></trkpt><trkpt lat="36.969936" lon="138.958343"><ele>1679.9</ele><time>2021-08-21T01:57:48Z</time></trkpt><trkpt lat="36.969925" lon="138.958336"><ele>1679.7</ele><time>2021-08-21T01:57:49Z</time></trkpt><trkpt lat="36.969922" lon="138.958327"><ele>1679.5</ele><time>2021-08-21T01:57:50Z</time></trkpt><trkpt lat="36.969917" lon="138.958325"><ele>1679.4</ele><time>2021-08-21T01:57:51Z</time></trkpt><trkpt lat="36.969911" lon="138.958316"><ele>1679.1</ele><time>2021-08-21T01:57:52Z</time></trkpt><trkpt lat="36.969904" lon="138.958317"><ele>1679.0</ele><time>2021-08-21T01:57:53Z</time></trkpt><trkpt lat="36.969893" lon="138.958319"><ele>1678.7</ele><time>2021-08-21T01:57:54Z</time></trkpt><trkpt lat="36.96988" lon="138.958309"><ele>1678.4</ele><time>2021-08-21T01:57:55Z</time></trkpt><trkpt lat="36.969878" lon="138.958312"><ele>1678.3</ele><time>2021-08-21T01:57:56Z</time></trkpt><trkpt lat="36.969874" lon="138.958303"><ele>1678.1</ele><time>2021-08-21T01:57:57Z</time></trkpt><trkpt lat="36.969875" lon="138.958301"><ele>1678.1</ele><time>2021-08-21T01:57:58Z</time></trkpt><trkpt lat="36.969877" lon="138.95829"><ele>1677.9</ele><time>2021-08-21T01:57:59Z</time></trkpt><trkpt lat="36.969883" lon="138.958285"><ele>1677.7</ele><time>2021-08-21T01:58:00Z</time></trkpt><trkpt lat="36.969889" lon="138.958281"><ele>1677.5</ele><time>2021-08-21T01:58:01Z</time></trkpt><trkpt lat="36.969893" lon="138.958276"><ele>1677.4</ele><time>2021-08-21T01:58:02Z</time></trkpt><trkpt lat="36.969894" lon="138.958268"><ele>1677.3</ele><time>2021-08-21T01:58:03Z</time></trkpt><trkpt lat="36.969899" lon="138.958261"><ele>1677.1</ele><time>2021-08-21T01:58:04Z</time></trkpt><trkpt lat="36.969895" lon="138.958256"><ele>1677.0</ele><time>2021-08-21T01:58:05Z</time></trkpt><trkpt lat="36.969887" lon="138.958253"><ele>1676.8</ele><time>2021-08-21T01:58:06Z</time></trkpt><trkpt lat="36.969837" lon="138.958218"><ele>1675.4</ele><time>2021-08-21T01:58:20Z</time></trkpt><trkpt lat="36.969831" lon="138.958224"><ele>1675.3</ele><time>2021-08-21T01:58:21Z</time></trkpt><trkpt lat="36.969821" lon="138.958224"><ele>1675.0</ele><time>2021-08-21T01:58:22Z</time></trkpt><trkpt lat="36.969806" lon="138.958224"><ele>1674.7</ele><time>2021-08-21T01:58:23Z</time></trkpt><trkpt lat="36.969791" lon="138.95822"><ele>1674.3</ele><time>2021-08-21T01:58:24Z</time></trkpt><trkpt lat="36.969777" lon="138.958215"><ele>1674.0</ele><time>2021-08-21T01:58:25Z</time></trkpt><trkpt lat="36.969771" lon="138.958218"><ele>1673.9</ele><time>2021-08-21T01:58:26Z</time></trkpt><trkpt lat="36.969771" lon="138.95823"><ele>1673.6</ele><time>2021-08-21T01:58:27Z</time></trkpt><trkpt lat="36.969769" lon="138.95824"><ele>1673.4</ele><time>2021-08-21T01:58:28Z</time></trkpt><trkpt lat="36.969769" lon="138.958252"><ele>1673.2</ele><time>2021-08-21T01:58:29Z</time></trkpt><trkpt lat="36.969764" lon="138.958252"><ele>1673.1</ele><time>2021-08-21T01:58:30Z</time></trkpt><trkpt lat="36.969763" lon="138.958247"><ele>1673.0</ele><time>2021-08-21T01:58:31Z</time></trkpt><trkpt lat="36.969764" lon="138.958244"><ele>1673.0</ele><time>2021-08-21T01:58:32Z</time></trkpt><trkpt lat="36.969762" lon="138.958238"><ele>1672.8</ele><time>2021-08-21T01:58:33Z</time></trkpt><trkpt lat="36.969757" lon="138.958234"><ele>1672.7</ele><time>2021-08-21T01:58:34Z</time></trkpt><trkpt lat="36.969757" lon="138.958224"><ele>1672.5</ele><time>2021-08-21T01:58:35Z</time></trkpt><trkpt lat="36.969753" lon="138.958219"><ele>1672.4</ele><time>2021-08-21T01:58:36Z</time></trkpt><trkpt lat="36.969749" lon="138.958222"><ele>1672.3</ele><time>2021-08-21T01:58:37Z</time></trkpt><trkpt lat="36.969746" lon="138.958225"><ele>1672.2</ele><time>2021-08-21T01:58:38Z</time></trkpt><trkpt lat="36.969744" lon="138.958224"><ele>1672.1</ele><time>2021-08-21T01:58:39Z</time></trkpt><trkpt lat="36.969618" lon="138.95786"><ele>1664.9</ele><time>2021-08-21T01:59:57Z</time></trkpt><trkpt lat="36.969609" lon="138.957868"><ele>1664.6</ele><time>2021-08-21T01:59:58Z</time></trkpt><trkpt lat="36.969602" lon="138.957878"><ele>1664.4</ele><time>2021-08-21T01:59:59Z</time></trkpt><trkpt lat="36.969601" lon="138.957882"><ele>1664.3</ele><time>2021-08-21T02:00:00Z</time></trkpt><trkpt lat="36.969601" lon="138.957887"><ele>1664.2</ele><time>2021-08-21T02:00:01Z</time></trkpt><trkpt lat="36.969602" lon="138.957888"><ele>1664.2</ele><time>2021-08-21T02:00:02Z</time></trkpt><trkpt lat="36.969601" lon="138.95789"><ele>1664.1</ele><time>2021-08-21T02:00:03Z</time></trkpt><trkpt lat="36.9696" lon="138.957893"><ele>1664.1</ele><time>2021-08-21T02:00:04Z</time></trkpt><trkpt lat="36.969598" lon="138.957894"><ele>1664.0</ele><time>2021-08-21T02:00:05Z</time></trkpt><trkpt lat="36.969592" lon="138.957896"><ele>1663.9</ele><time>2021-08-21T02:00:06Z</time></trkpt><trkpt lat="36.969585" lon="138.957895"><ele>1663.7</ele><time>2021-08-21T02:00:07Z</time></trkpt><trkpt lat="36.969586" lon="138.957898"><ele>1663.6</ele><time>2021-08-21T02:00:08Z</time></trkpt><trkpt lat="36.969582" lon="138.957898"><ele>1663.5</ele><time>2021-08-21T02:00:09Z</time></trkpt><trkpt lat="36.969579" lon="138.957899"><ele>1663.5</ele><time>2021-08-21T02:00:10Z</time></trkpt><trkpt lat="36.969799" lon="138.957263"><ele>1650.7</ele><time>2021-08-21T02:02:39Z</time></trkpt><trkpt lat="36.969788" lon="138.957262"><ele>1650.5</ele><time>2021-08-21T02:02:40Z</time></trkpt><trkpt lat="36.96978" lon="138.957268"><ele>1650.3</ele><time>2021-08-21T02:02:41Z</time></trkpt><trkpt lat="36.969777" lon="138.957272"><ele>1650.2</ele><time>2021-08-21T02:02:42Z</time></trkpt><trkpt lat="36.969771" lon="138.957276"><ele>1650.0</ele><time>2021-08-21T02:02:43Z</time></trkpt><trkpt lat="36.969767" lon="138.957286"><ele>1649.8</ele><time>2021-08-21T02:02:44Z</time></trkpt><trkpt lat="36.969763" lon="138.957297"><ele>1649.6</ele><time>2021-08-21T02:02:45Z</time></trkpt><trkpt lat="36.96976" lon="138.957302"><ele>1649.5</ele><time>2021-08-21T02:02:46Z</time></trkpt><trkpt lat="36.96975" lon="138.957311"><ele>1649.2</ele><time>2021-08-21T02:02:47Z</time></trkpt><trkpt lat="36.969751" lon="138.957306"><ele>1649.1</ele><time>2021-08-21T02:02:48Z</time></trkpt><trkpt lat="36.969749" lon="138.957307"><ele>1649.0</ele><time>2021-08-21T02:02:49Z</time></trkpt><trkpt lat="36.969747" lon="138.957317"><ele>1648.9</ele><time>2021-08-21T02:02:50Z</time></trkpt><trkpt lat="36.969745" lon="138.957316"><ele>1648.8</ele><time>2021-08-21T02:02:51Z</time></trkpt><trkpt lat="36.969747" lon="138.957321"><ele>1648.7</ele><time>2021-08-21T02:02:52Z</time></trkpt><trkpt lat="36.969747" lon="138.957321"><ele>1648.7</ele><time>2021-08-21T02:02:53Z</time></trkpt><trkpt lat="36.969746" lon="138.957321"><ele>1648.7</ele><time>2021-08-21T02:02:54Z</time></trkpt><trkpt lat="36.969747" lon="138.957325"><ele>1648.6</ele><time>2021-08-21T02:02:55Z</time></trkpt><trkpt lat="36.96975" lon="138.957329"><ele>1648.5</ele><time>2021-08-21T02:02:56Z</time></trkpt><trkpt lat="36.969747" lon="138.957325"><ele>1648.4</ele><time>2021-08-21T02:02:57Z</time></trkpt><trkpt lat="36.969661" lon="138.957211"><ele>1645.5</ele><time>2021-08-21T02:03:25Z</time></trkpt><trkpt lat="36.969663" lon="138.95721"><ele>1645.5</ele><time>2021-08-21T02:03:26Z</time></trkpt><trkpt lat="36.969661" lon="138.95721"><ele>1645.4</ele><time>2021-08-21T02:03:27Z</time></trkpt><trkpt lat="36.969664" lon="138.95721"><ele>1645.4</ele><time>2021-08-21T02:03:28Z</time></trkpt><trkpt lat="36.96966" lon="138.957207"><ele>1645.3</ele><time>2021-08-21T02:03:29Z</time></trkpt><trkpt lat="36.96965" lon="138.957197"><ele>1645.0</ele><time>2021-08-21T02:03:30Z</time></trkpt><trkpt lat="36.969648" lon="138.957195"><ele>1644.9</ele><time>2021-08-21T02:03:31Z</time></trkpt><trkpt lat="36.969647" lon="138.95722"><ele>1644.4</ele><time>2021-08-21T02:03:32Z</time></trkpt><trkpt lat="36.969641" lon="138.957217"><ele>1644.3</ele><time>2021-08-21T02:03:33Z</time></trkpt><trkpt lat="36.969639" lon="138.957218"><ele>1644.2</ele><time>2021-08-21T02:03:34Z</time></trkpt><trkpt lat="36.969617" lon="138.957205"><ele>1643.7</ele><time>2021-08-21T02:03:36Z</time></trkpt><trkpt lat="36.9696" lon="138.957194"><ele>1643.2</ele><time>2021-08-21T02:03:37Z</time></trkpt><trkpt lat="36.969597" lon="138.957184"><ele>1643.0</ele><time>2021-08-21T02:03:38Z</time></trkpt><trkpt lat="36.969591" lon="138.957174"><ele>1642.8</ele><time>2021-08-21T02:03:39Z</time></trkpt><trkpt lat="36.96958" lon="138.957166"><ele>1642.5</ele><time>2021-08-21T02:03:40Z</time></trkpt><trkpt lat="36.969565" lon="138.957164"><ele>1642.2</ele><time>2021-08-21T02:03:41Z</time></trkpt><trkpt lat="36.969557" lon="138.957168"><ele>1642.0</ele><time>2021-08-21T02:03:42Z</time></trkpt><trkpt lat="36.969554" lon="138.95717"><ele>1641.9</ele><time>2021-08-21T02:03:43Z</time></trkpt><trkpt lat="36.969547" lon="138.957166"><ele>1641.7</ele><time>2021-08-21T02:03:44Z</time></trkpt><trkpt lat="36.969544" lon="138.957163"><ele>1641.6</ele><time>2021-08-21T02:03:45Z</time></trkpt><trkpt lat="36.969535" lon="138.957159"><ele>1641.4</ele><time>2021-08-21T02:03:46Z</time></trkpt><trkpt lat="36.969534" lon="138.957161"><ele>1641.4</ele><time>2021-08-21T02:03:47Z</time></trkpt><trkpt lat="36.969537" lon="138.957164"><ele>1641.3</ele><time>2021-08-21T02:03:48Z</time></trkpt><trkpt lat="36.969535" lon="138.957163"><ele>1641.2</ele><time>2021-08-21T02:03:49Z</time></trkpt><trkpt lat="36.969525" lon="138.957167"><ele>1641.0</ele><time>2021-08-21T02:03:50Z</time></trkpt><trkpt lat="36.969518" lon="138.957166"><ele>1640.8</ele><time>2021-08-21T02:03:51Z</time></trkpt><trkpt lat="36.969516" lon="138.957162"><ele>1640.7</ele><time>2021-08-21T02:03:52Z</time></trkpt><trkpt lat="36.969512" lon="138.957157"><ele>1640.6</ele><time>2021-08-21T02:03:53Z</time></trkpt><trkpt lat="36.969509" lon="138.957148"><ele>1640.4</ele><time>2021-08-21T02:03:54Z</time></trkpt><trkpt lat="36.969503" lon="138.957138"><ele>1640.2</ele><time>2021-08-21T02:03:55Z</time></trkpt><trkpt lat="36.969498" lon="138.957134"><ele>1640.1</ele><time>2021-08-21T02:03:56Z</time></trkpt><trkpt lat="36.969491" lon="138.957125"><ele>1639.8</ele><time>2021-08-21T02:03:57Z</time></trkpt><trkpt lat="36.969485" lon="138.957116"><ele>1639.6</ele><time>2021-08-21T02:03:58Z</time></trkpt><trkpt lat="36.969481" lon="138.95711"><ele>1639.5</ele><time>2021-08-21T02:03:59Z</time></trkpt><trkpt lat="36.969478" lon="138.957108"><ele>1639.4</ele><time>2021-08-21T02:04:00Z</time></trkpt><trkpt lat="36.969473" lon="138.957103"><ele>1639.3</ele><time>2021-08-21T02:04:01Z</time></trkpt><trkpt lat="36.969466" lon="138.957094"><ele>1639.0</ele><time>2021-08-21T02:04:02Z</time></trkpt><trkpt lat="36.969471" lon="138.957095"><ele>1638.9</ele><time>2021-08-21T02:04:03Z</time></trkpt><trkpt lat="36.969469" lon="138.957089"><ele>1638.8</ele><time>2021-08-21T02:04:04Z</time></trkpt><trkpt lat="36.969461" lon="138.957077"><ele>1638.5</ele><time>2021-08-21T02:04:05Z</time></trkpt><trkpt lat="36.969464" lon="138.957082"><ele>1638.4</ele><time>2021-08-21T02:04:06Z</time></trkpt><trkpt lat="36.969465" lon="138.957076"><ele>1638.3</ele><time>2021-08-21T02:04:07Z</time></trkpt><trkpt lat="36.969463" lon="138.957068"><ele>1638.1</ele><time>2021-08-21T02:04:08Z</time></trkpt><trkpt lat="36.969451" lon="138.957051"><ele>1637.7</ele><time>2021-08-21T02:04:11Z</time></trkpt><trkpt lat="36.969456" lon="138.957062"><ele>1637.5</ele><time>2021-08-21T02:04:12Z</time></trkpt><trkpt lat="36.969458" lon="138.957065"><ele>1637.4</ele><time>2021-08-21T02:04:13Z</time></trkpt><trkpt lat="36.969456" lon="138.957064"><ele>1637.3</ele><time>2021-08-21T02:04:14Z</time></trkpt><trkpt lat="36.969453" lon="138.957049"><ele>1637.1</ele><time>2021-08-21T02:04:15Z</time></trkpt><trkpt lat="36.969451" lon="138.957041"><ele>1636.9</ele><time>2021-08-21T02:04:16Z</time></trkpt><trkpt lat="36.969447" lon="138.957043"><ele>1636.8</ele><time>2021-08-21T02:04:17Z</time></trkpt><trkpt lat="36.969443" lon="138.957033"><ele>1636.6</ele><time>2021-08-21T02:04:18Z</time></trkpt><trkpt lat="36.969432" lon="138.957021"><ele>1636.3</ele><time>2021-08-21T02:04:19Z</time></trkpt><trkpt lat="36.969422" lon="138.957017"><ele>1636.0</ele><time>2021-08-21T02:04:20Z</time></trkpt><trkpt lat="36.969417" lon="138.957013"><ele>1635.9</ele><time>2021-08-21T02:04:21Z</time></trkpt><trkpt lat="36.969414" lon="138.957013"><ele>1635.8</ele><time>2021-08-21T02:04:22Z</time></trkpt><trkpt lat="36.969412" lon="138.957015"><ele>1635.8</ele><time>2021-08-21T02:04:23Z</time></trkpt><trkpt lat="36.969411" lon="138.957028"><ele>1635.5</ele><time>2021-08-21T02:04:24Z</time></trkpt><trkpt lat="36.969405" lon="138.957039"><ele>1635.3</ele><time>2021-08-21T02:04:25Z</time></trkpt><trkpt lat="36.9694" lon="138.957045"><ele>1635.1</ele><time>2021-08-21T02:04:26Z</time></trkpt><trkpt lat="36.969387" lon="138.957052"><ele>1634.8</ele><time>2021-08-21T02:04:27Z</time></trkpt><trkpt lat="36.96938" lon="138.957062"><ele>1634.6</ele><time>2021-08-21T02:04:28Z</time></trkpt><trkpt lat="36.969374" lon="138.95707"><ele>1634.3</ele><time>2021-08-21T02:04:29Z</time></trkpt><trkpt lat="36.969377" lon="138.957065"><ele>1634.2</ele><time>2021-08-21T02:04:30Z</time></trkpt><trkpt lat="36.969372" lon="138.957065"><ele>1634.1</ele><time>2021-08-21T02:04:31Z</time></trkpt><trkpt lat="36.969371" lon="138.957054"><ele>1633.9</ele><time>2021-08-21T02:04:32Z</time></trkpt><trkpt lat="36.969373" lon="138.957049"><ele>1633.8</ele><time>2021-08-21T02:04:33Z</time></trkpt><trkpt lat="36.969373" lon="138.957048"><ele>1633.8</ele><time>2021-08-21T02:04:34Z</time></trkpt><trkpt lat="36.969372" lon="138.957044"><ele>1633.7</ele><time>2021-08-21T02:04:35Z</time></trkpt><trkpt lat="36.969372" lon="138.957043"><ele>1633.7</ele><time>2021-08-21T02:04:36Z</time></trkpt><trkpt lat="36.969372" lon="138.957045"><ele>1633.7</ele><time>2021-08-21T02:04:37Z</time></trkpt><trkpt lat="36.969372" lon="138.957044"><ele>1633.6</ele><time>2021-08-21T02:04:38Z</time></trkpt><trkpt lat="36.969372" lon="138.957042"><ele>1633.6</ele><time>2021-08-21T02:04:39Z</time></trkpt><trkpt lat="36.969388" lon="138.956977"><ele>1632.4</ele><time>2021-08-21T02:05:05Z</time></trkpt><trkpt lat="36.969391" lon="138.956976"><ele>1632.3</ele><time>2021-08-21T02:05:06Z</time></trkpt><trkpt lat="36.969394" lon="138.956973"><ele>1632.2</ele><time>2021-08-21T02:05:07Z</time></trkpt><trkpt lat="36.9694" lon="138.956975"><ele>1632.1</ele><time>2021-08-21T02:05:08Z</time></trkpt><trkpt lat="36.969408" lon="138.956968"><ele>1631.8</ele><time>2021-08-21T02:05:09Z</time></trkpt><trkpt lat="36.969417" lon="138.956965"><ele>1631.6</ele><time>2021-08-21T02:05:10Z</time></trkpt><trkpt lat="36.969423" lon="138.956965"><ele>1631.5</ele><time>2021-08-21T02:05:11Z</time></trkpt><trkpt lat="36.969422" lon="138.956964"><ele>1631.4</ele><time>2021-08-21T02:05:12Z</time></trkpt><trkpt lat="36.969433" lon="138.956959"><ele>1631.2</ele><time>2021-08-21T02:05:13Z</time></trkpt><trkpt lat="36.969433" lon="138.956961"><ele>1631.0</ele><time>2021-08-21T02:05:14Z</time></trkpt><trkpt lat="36.969438" lon="138.956954"><ele>1630.9</ele><time>2021-08-21T02:05:15Z</time></trkpt><trkpt lat="36.969436" lon="138.956953"><ele>1630.7</ele><time>2021-08-21T02:05:16Z</time></trkpt><trkpt lat="36.969432" lon="138.95695"><ele>1630.6</ele><time>2021-08-21T02:05:17Z</time></trkpt><trkpt lat="36.969431" lon="138.956941"><ele>1630.4</ele><time>2021-08-21T02:05:18Z</time></trkpt><trkpt lat="36.969432" lon="138.956943"><ele>1630.3</ele><time>2021-08-21T02:05:19Z</time></trkpt><trkpt lat="36.969434" lon="138.956943"><ele>1630.3</ele><time>2021-08-21T02:05:20Z</time></trkpt><trkpt lat="36.969437" lon="138.956934"><ele>1630.0</ele><time>2021-08-21T02:05:21Z</time></trkpt><trkpt lat="36.96944" lon="138.956924"><ele>1629.8</ele><time>2021-08-21T02:05:22Z</time></trkpt><trkpt lat="36.96944" lon="138.956919"><ele>1629.7</ele><time>2021-08-21T02:05:23Z</time></trkpt><trkpt lat="36.969398" lon="138.956824"><ele>1627.6</ele><time>2021-08-21T02:05:47Z</time></trkpt><trkpt lat="36.969393" lon="138.956824"><ele>1627.5</ele><time>2021-08-21T02:05:48Z</time></trkpt><trkpt lat="36.969382" lon="138.956815"><ele>1627.2</ele><time>2021-08-21T02:05:49Z</time></trkpt><trkpt lat="36.969374" lon="138.956814"><ele>1626.9</ele><time>2021-08-21T02:05:50Z</time></trkpt><trkpt lat="36.969369" lon="138.956818"><ele>1626.8</ele><time>2021-08-21T02:05:51Z</time></trkpt><trkpt lat="36.969361" lon="138.956821"><ele>1626.6</ele><time>2021-08-21T02:05:52Z</time></trkpt><trkpt lat="36.969355" lon="138.956821"><ele>1626.3</ele><time>2021-08-21T02:05:53Z</time></trkpt><trkpt lat="36.969359" lon="138.956818"><ele>1626.2</ele><time>2021-08-21T02:05:54Z</time></trkpt><trkpt lat="36.969349" lon="138.956814"><ele>1625.9</ele><time>2021-08-21T02:05:55Z</time></trkpt><trkpt lat="36.969339" lon="138.956806"><ele>1625.6</ele><time>2021-08-21T02:05:56Z</time></trkpt><trkpt lat="36.969327" lon="138.956799"><ele>1625.3</ele><time>2021-08-21T02:05:57Z</time></trkpt><trkpt lat="36.96932" lon="138.956803"><ele>1625.1</ele><time>2021-08-21T02:05:58Z</time></trkpt><trkpt lat="36.969311" lon="138.956805"><ele>1624.8</ele><time>2021-08-21T02:05:59Z</time></trkpt><trkpt lat="36.969303" lon="138.95681"><ele>1624.6</ele><time>2021-08-21T02:06:00Z</time></trkpt><trkpt lat="36.969299" lon="138.956815"><ele>1624.5</ele><time>2021-08-21T02:06:01Z</time></trkpt><trkpt lat="36.969294" lon="138.956817"><ele>1624.3</ele><time>2021-08-21T02:06:02Z</time></trkpt><trkpt lat="36.969291" lon="138.956829"><ele>1624.0</ele><time>2021-08-21T02:06:03Z</time></trkpt><trkpt lat="36.969281" lon="138.956826"><ele>1623.8</ele><time>2021-08-21T02:06:04Z</time></trkpt><trkpt lat="36.969278" lon="138.956822"><ele>1623.6</ele><time>2021-08-21T02:06:05Z</time></trkpt><trkpt lat="36.969274" lon="138.956817"><ele>1623.5</ele><time>2021-08-21T02:06:06Z</time></trkpt><trkpt lat="36.96927" lon="138.956812"><ele>1623.3</ele><time>2021-08-21T02:06:07Z</time></trkpt><trkpt lat="36.969266" lon="138.956807"><ele>1623.1</ele><time>2021-08-21T02:06:08Z</time></trkpt><trkpt lat="36.969263" lon="138.956803"><ele>1623.0</ele><time>2021-08-21T02:06:09Z</time></trkpt><trkpt lat="36.969259" lon="138.956798"><ele>1622.9</ele><time>2021-08-21T02:06:10Z</time></trkpt><trkpt lat="36.969253" lon="138.956798"><ele>1622.6</ele><time>2021-08-21T02:06:11Z</time></trkpt><trkpt lat="36.96925" lon="138.956792"><ele>1622.5</ele><time>2021-08-21T02:06:12Z</time></trkpt><trkpt lat="36.969253" lon="138.956789"><ele>1622.4</ele><time>2021-08-21T02:06:13Z</time></trkpt><trkpt lat="36.969257" lon="138.956773"><ele>1622.0</ele><time>2021-08-21T02:06:14Z</time></trkpt><trkpt lat="36.969258" lon="138.956768"><ele>1621.9</ele><time>2021-08-21T02:06:15Z</time></trkpt><trkpt lat="36.969257" lon="138.956762"><ele>1621.8</ele><time>2021-08-21T02:06:16Z</time></trkpt><trkpt lat="36.969257" lon="138.956752"><ele>1621.6</ele><time>2021-08-21T02:06:17Z</time></trkpt><trkpt lat="36.969257" lon="138.956745"><ele>1621.4</ele><time>2021-08-21T02:06:18Z</time></trkpt><trkpt lat="36.969259" lon="138.956733"><ele>1621.2</ele><time>2021-08-21T02:06:19Z</time></trkpt><trkpt lat="36.969266" lon="138.956725"><ele>1620.9</ele><time>2021-08-21T02:06:20Z</time></trkpt><trkpt lat="36.96927" lon="138.956718"><ele>1620.7</ele><time>2021-08-21T02:06:21Z</time></trkpt><trkpt lat="36.969275" lon="138.956714"><ele>1620.5</ele><time>2021-08-21T02:06:22Z</time></trkpt><trkpt lat="36.969278" lon="138.956715"><ele>1620.5</ele><time>2021-08-21T02:06:23Z</time></trkpt><trkpt lat="36.969286" lon="138.956713"><ele>1620.3</ele><time>2021-08-21T02:06:24Z</time></trkpt><trkpt lat="36.969287" lon="138.956716"><ele>1620.2</ele><time>2021-08-21T02:06:25Z</time></trkpt><trkpt lat="36.969291" lon="138.956712"><ele>1620.0</ele><time>2021-08-21T02:06:26Z</time></trkpt><trkpt lat="36.96929" lon="138.956699"><ele>1619.8</ele><time>2021-08-21T02:06:27Z</time></trkpt><trkpt lat="36.96929" lon="138.956687"><ele>1619.6</ele><time>2021-08-21T02:06:28Z</time></trkpt><trkpt lat="36.969286" lon="138.956685"><ele>1619.4</ele><time>2021-08-21T02:06:29Z</time></trkpt><trkpt lat="36.969282" lon="138.956678"><ele>1619.2</ele><time>2021-08-21T02:06:30Z</time></trkpt><trkpt lat="36.969279" lon="138.956671"><ele>1619.0</ele><time>2021-08-21T02:06:31Z</time></trkpt><trkpt lat="36.969277" lon="138.956662"><ele>1618.8</ele><time>2021-08-21T02:06:32Z</time></trkpt><trkpt lat="36.969266" lon="138.956637"><ele>1618.3</ele><time>2021-08-21T02:06:33Z</time></trkpt><trkpt lat="36.969259" lon="138.956629"><ele>1618.1</ele><time>2021-08-21T02:06:34Z</time></trkpt><trkpt lat="36.969252" lon="138.956622"><ele>1617.8</ele><time>2021-08-21T02:06:35Z</time></trkpt><trkpt lat="36.969237" lon="138.956616"><ele>1617.4</ele><time>2021-08-21T02:06:36Z</time></trkpt><trkpt lat="36.969223" lon="138.956616"><ele>1617.1</ele><time>2021-08-21T02:06:37Z</time></trkpt><trkpt lat="36.969214" lon="138.956621"><ele>1616.8</ele><time>2021-08-21T02:06:38Z</time></trkpt><trkpt lat="36.969207" lon="138.95663"><ele>1616.6</ele><time>2021-08-21T02:06:39Z</time></trkpt><trkpt lat="36.9692" lon="138.956643"><ele>1616.4</ele><time>2021-08-21T02:06:40Z</time></trkpt><trkpt lat="36.969194" lon="138.956648"><ele>1616.1</ele><time>2021-08-21T02:06:41Z</time></trkpt><trkpt lat="36.969193" lon="138.95665"><ele>1616.1</ele><time>2021-08-21T02:06:42Z</time></trkpt><trkpt lat="36.969194" lon="138.956649"><ele>1616.1</ele><time>2021-08-21T02:06:43Z</time></trkpt><trkpt lat="36.969193" lon="138.956647"><ele>1615.9</ele><time>2021-08-21T02:06:44Z</time></trkpt><trkpt lat="36.969192" lon="138.956641"><ele>1615.8</ele><time>2021-08-21T02:06:45Z</time></trkpt><trkpt lat="36.969189" lon="138.956636"><ele>1615.7</ele><time>2021-08-21T02:06:46Z</time></trkpt><trkpt lat="36.969186" lon="138.956632"><ele>1615.5</ele><time>2021-08-21T02:06:47Z</time></trkpt><trkpt lat="36.969184" lon="138.956627"><ele>1615.4</ele><time>2021-08-21T02:06:48Z</time></trkpt><trkpt lat="36.969184" lon="138.95662"><ele>1615.3</ele><time>2021-08-21T02:06:49Z</time></trkpt><trkpt lat="36.969183" lon="138.956614"><ele>1615.1</ele><time>2021-08-21T02:06:50Z</time></trkpt><trkpt lat="36.969184" lon="138.956608"><ele>1615.0</ele><time>2021-08-21T02:06:51Z</time></trkpt><trkpt lat="36.969168" lon="138.956496"><ele>1613.0</ele><time>2021-08-21T02:07:07Z</time></trkpt><trkpt lat="36.969168" lon="138.956494"><ele>1612.9</ele><time>2021-08-21T02:07:08Z</time></trkpt><trkpt lat="36.969167" lon="138.956487"><ele>1612.8</ele><time>2021-08-21T02:07:09Z</time></trkpt><trkpt lat="36.969171" lon="138.956485"><ele>1612.7</ele><time>2021-08-21T02:07:10Z</time></trkpt><trkpt lat="36.969174" lon="138.956485"><ele>1612.6</ele><time>2021-08-21T02:07:11Z</time></trkpt><trkpt lat="36.969177" lon="138.956475"><ele>1612.4</ele><time>2021-08-21T02:07:12Z</time></trkpt><trkpt lat="36.969177" lon="138.956475"><ele>1612.4</ele><time>2021-08-21T02:07:13Z</time></trkpt><trkpt lat="36.969175" lon="138.956477"><ele>1612.2</ele><time>2021-08-21T02:07:14Z</time></trkpt><trkpt lat="36.969179" lon="138.956469"><ele>1612.1</ele><time>2021-08-21T02:07:15Z</time></trkpt><trkpt lat="36.969179" lon="138.956468"><ele>1612.1</ele><time>2021-08-21T02:07:16Z</time></trkpt><trkpt lat="36.969171" lon="138.956349"><ele>1610.0</ele><time>2021-08-21T02:07:39Z</time></trkpt><trkpt lat="36.969162" lon="138.95634"><ele>1609.7</ele><time>2021-08-21T02:07:40Z</time></trkpt><trkpt lat="36.96916" lon="138.956343"><ele>1609.6</ele><time>2021-08-21T02:07:41Z</time></trkpt><trkpt lat="36.969154" lon="138.956339"><ele>1609.4</ele><time>2021-08-21T02:07:42Z</time></trkpt><trkpt lat="36.969148" lon="138.956341"><ele>1609.3</ele><time>2021-08-21T02:07:43Z</time></trkpt><trkpt lat="36.969135" lon="138.956329"><ele>1608.9</ele><time>2021-08-21T02:07:44Z</time></trkpt><trkpt lat="36.969129" lon="138.956322"><ele>1608.8</ele><time>2021-08-21T02:07:45Z</time></trkpt><trkpt lat="36.969121" lon="138.956313"><ele>1608.4</ele><time>2021-08-21T02:07:46Z</time></trkpt><trkpt lat="36.969104" lon="138.956304"><ele>1608.0</ele><time>2021-08-21T02:07:47Z</time></trkpt><trkpt lat="36.969094" lon="138.956302"><ele>1607.8</ele><time>2021-08-21T02:07:48Z</time></trkpt><trkpt lat="36.969085" lon="138.9563"><ele>1607.6</ele><time>2021-08-21T02:07:49Z</time></trkpt><trkpt lat="36.969075" lon="138.956307"><ele>1607.3</ele><time>2021-08-21T02:07:50Z</time></trkpt><trkpt lat="36.96907" lon="138.956313"><ele>1607.1</ele><time>2021-08-21T02:07:51Z</time></trkpt><trkpt lat="36.969065" lon="138.956314"><ele>1607.0</ele><time>2021-08-21T02:07:52Z</time></trkpt><trkpt lat="36.969059" lon="138.956314"><ele>1606.9</ele><time>2021-08-21T02:07:53Z</time></trkpt><trkpt lat="36.969053" lon="138.95631"><ele>1606.8</ele><time>2021-08-21T02:07:54Z</time></trkpt><trkpt lat="36.969052" lon="138.956307"><ele>1606.7</ele><time>2021-08-21T02:07:55Z</time></trkpt><trkpt lat="36.96905" lon="138.956309"><ele>1606.7</ele><time>2021-08-21T02:07:56Z</time></trkpt><trkpt lat="36.969045" lon="138.956305"><ele>1606.5</ele><time>2021-08-21T02:07:57Z</time></trkpt><trkpt lat="36.969039" lon="138.956299"><ele>1606.4</ele><time>2021-08-21T02:07:58Z</time></trkpt><trkpt lat="36.969037" lon="138.956294"><ele>1606.3</ele><time>2021-08-21T02:07:59Z</time></trkpt><trkpt lat="36.969033" lon="138.956288"><ele>1606.2</ele><time>2021-08-21T02:08:00Z</time></trkpt><trkpt lat="36.969033" lon="138.956279"><ele>1606.0</ele><time>2021-08-21T02:08:01Z</time></trkpt><trkpt lat="36.96903" lon="138.956133"><ele>1603.5</ele><time>2021-08-21T02:08:24Z</time></trkpt><trkpt lat="36.969032" lon="138.956128"><ele>1603.4</ele><time>2021-08-21T02:08:25Z</time></trkpt><trkpt lat="36.969035" lon="138.956113"><ele>1603.2</ele><time>2021-08-21T02:08:26Z</time></trkpt><trkpt lat="36.969037" lon="138.956108"><ele>1603.1</ele><time>2021-08-21T02:08:27Z</time></trkpt><trkpt lat="36.969039" lon="138.956095"><ele>1602.9</ele><time>2021-08-21T02:08:28Z</time></trkpt><trkpt lat="36.969042" lon="138.956091"><ele>1602.8</ele><time>2021-08-21T02:08:29Z</time></trkpt><trkpt lat="36.96904" lon="138.956092"><ele>1602.7</ele><time>2021-08-21T02:08:30Z</time></trkpt><trkpt lat="36.969036" lon="138.956089"><ele>1602.6</ele><time>2021-08-21T02:08:31Z</time></trkpt><trkpt lat="36.969029" lon="138.956082"><ele>1602.4</ele><time>2021-08-21T02:08:32Z</time></trkpt><trkpt lat="36.969028" lon="138.956073"><ele>1602.3</ele><time>2021-08-21T02:08:33Z</time></trkpt><trkpt lat="36.969022" lon="138.956057"><ele>1602.0</ele><time>2021-08-21T02:08:34Z</time></trkpt><trkpt lat="36.969019" lon="138.956051"><ele>1601.9</ele><time>2021-08-21T02:08:35Z</time></trkpt><trkpt lat="36.969013" lon="138.956048"><ele>1601.7</ele><time>2021-08-21T02:08:36Z</time></trkpt><trkpt lat="36.969008" lon="138.956042"><ele>1601.6</ele><time>2021-08-21T02:08:37Z</time></trkpt><trkpt lat="36.969002" lon="138.956034"><ele>1601.4</ele><time>2021-08-21T02:08:38Z</time></trkpt><trkpt lat="36.968997" lon="138.956024"><ele>1601.2</ele><time>2021-08-21T02:08:39Z</time></trkpt><trkpt lat="36.96899" lon="138.956013"><ele>1601.0</ele><time>2021-08-21T02:08:40Z</time></trkpt><trkpt lat="36.96898" lon="138.956009"><ele>1600.8</ele><time>2021-08-21T02:08:41Z</time></trkpt><trkpt lat="36.968972" lon="138.956006"><ele>1600.6</ele><time>2021-08-21T02:08:42Z</time></trkpt><trkpt lat="36.968963" lon="138.956004"><ele>1600.4</ele><time>2021-08-21T02:08:43Z</time></trkpt><trkpt lat="36.968955" lon="138.956001"><ele>1600.2</ele><time>2021-08-21T02:08:44Z</time></trkpt><trkpt lat="36.96895" lon="138.956007"><ele>1600.1</ele><time>2021-08-21T02:08:45Z</time></trkpt><trkpt lat="36.968951" lon="138.95601"><ele>1600.0</ele><time>2021-08-21T02:08:46Z</time></trkpt><trkpt lat="36.968953" lon="138.956013"><ele>1599.9</ele><time>2021-08-21T02:08:47Z</time></trkpt><trkpt lat="36.968954" lon="138.956019"><ele>1599.8</ele><time>2021-08-21T02:08:48Z</time></trkpt><trkpt lat="36.968955" lon="138.956018"><ele>1599.8</ele><time>2021-08-21T02:08:49Z</time></trkpt><trkpt lat="36.968956" lon="138.956017"><ele>1599.8</ele><time>2021-08-21T02:08:50Z</time></trkpt><trkpt lat="36.968958" lon="138.956016"><ele>1599.7</ele><time>2021-08-21T02:08:51Z</time></trkpt><trkpt lat="36.968956" lon="138.956014"><ele>1599.7</ele><time>2021-08-21T02:08:52Z</time></trkpt><trkpt lat="36.96895" lon="138.956015"><ele>1599.6</ele><time>2021-08-21T02:08:53Z</time></trkpt><trkpt lat="36.968937" lon="138.956012"><ele>1599.3</ele><time>2021-08-21T02:08:54Z</time></trkpt><trkpt lat="36.968924" lon="138.956018"><ele>1599.0</ele><time>2021-08-21T02:08:55Z</time></trkpt><trkpt lat="36.968914" lon="138.956015"><ele>1598.8</ele><time>2021-08-21T02:08:56Z</time></trkpt><trkpt lat="36.968903" lon="138.956011"><ele>1598.5</ele><time>2021-08-21T02:08:57Z</time></trkpt><trkpt lat="36.968893" lon="138.956012"><ele>1598.3</ele><time>2021-08-21T02:08:58Z</time></trkpt><trkpt lat="36.968882" lon="138.956005"><ele>1598.1</ele><time>2021-08-21T02:08:59Z</time></trkpt><trkpt lat="36.968877" lon="138.956"><ele>1597.9</ele><time>2021-08-21T02:09:00Z</time></trkpt><trkpt lat="36.968869" lon="138.955989"><ele>1597.7</ele><time>2021-08-21T02:09:01Z</time></trkpt><trkpt lat="36.968865" lon="138.955981"><ele>1597.5</ele><time>2021-08-21T02:09:02Z</time></trkpt><trkpt lat="36.968857" lon="138.955969"><ele>1597.3</ele><time>2021-08-21T02:09:03Z</time></trkpt><trkpt lat="36.968846" lon="138.955961"><ele>1597.0</ele><time>2021-08-21T02:09:04Z</time></trkpt><trkpt lat="36.968843" lon="138.955964"><ele>1596.9</ele><time>2021-08-21T02:09:05Z</time></trkpt><trkpt lat="36.968838" lon="138.955958"><ele>1596.8</ele><time>2021-08-21T02:09:06Z</time></trkpt><trkpt lat="36.968831" lon="138.955951"><ele>1596.6</ele><time>2021-08-21T02:09:07Z</time></trkpt><trkpt lat="36.96883" lon="138.955948"><ele>1596.5</ele><time>2021-08-21T02:09:08Z</time></trkpt><trkpt lat="36.968828" lon="138.955946"><ele>1596.5</ele><time>2021-08-21T02:09:09Z</time></trkpt><trkpt lat="36.968821" lon="138.955942"><ele>1596.3</ele><time>2021-08-21T02:09:10Z</time></trkpt><trkpt lat="36.96881" lon="138.955931"><ele>1596.0</ele><time>2021-08-21T02:09:11Z</time></trkpt><trkpt lat="36.968811" lon="138.955926"><ele>1595.9</ele><time>2021-08-21T02:09:12Z</time></trkpt><trkpt lat="36.968811" lon="138.955921"><ele>1595.8</ele><time>2021-08-21T02:09:13Z</time></trkpt><trkpt lat="36.968811" lon="138.955917"><ele>1595.8</ele><time>2021-08-21T02:09:14Z</time></trkpt><trkpt lat="36.968811" lon="138.955912"><ele>1595.7</ele><time>2021-08-21T02:09:15Z</time></trkpt><trkpt lat="36.968812" lon="138.955907"><ele>1595.6</ele><time>2021-08-21T02:09:17Z</time></trkpt><trkpt lat="36.968812" lon="138.955902"><ele>1595.5</ele><time>2021-08-21T02:09:18Z</time></trkpt><trkpt lat="36.968812" lon="138.955897"><ele>1595.4</ele><time>2021-08-21T02:09:19Z</time></trkpt><trkpt lat="36.968815" lon="138.955882"><ele>1595.2</ele><time>2021-08-21T02:09:20Z</time></trkpt><trkpt lat="36.968812" lon="138.955876"><ele>1595.0</ele><time>2021-08-21T02:09:21Z</time></trkpt><trkpt lat="36.968804" lon="138.955854"><ele>1594.6</ele><time>2021-08-21T02:09:23Z</time></trkpt><trkpt lat="36.968798" lon="138.955846"><ele>1594.5</ele><time>2021-08-21T02:09:25Z</time></trkpt><trkpt lat="36.968788" lon="138.955837"><ele>1594.2</ele><time>2021-08-21T02:09:27Z</time></trkpt><trkpt lat="36.968784" lon="138.955833"><ele>1594.1</ele><time>2021-08-21T02:09:29Z</time></trkpt><trkpt lat="36.968786" lon="138.955824"><ele>1593.9</ele><time>2021-08-21T02:09:30Z</time></trkpt><trkpt lat="36.968785" lon="138.955822"><ele>1593.9</ele><time>2021-08-21T02:09:31Z</time></trkpt><trkpt lat="36.968782" lon="138.955818"><ele>1593.8</ele><time>2021-08-21T02:09:32Z</time></trkpt><trkpt lat="36.968777" lon="138.955806"><ele>1593.6</ele><time>2021-08-21T02:09:33Z</time></trkpt><trkpt lat="36.968774" lon="138.955797"><ele>1593.4</ele><time>2021-08-21T02:09:34Z</time></trkpt><trkpt lat="36.968775" lon="138.955796"><ele>1593.4</ele><time>2021-08-21T02:09:35Z</time></trkpt><trkpt lat="36.968775" lon="138.95579"><ele>1593.3</ele><time>2021-08-21T02:09:36Z</time></trkpt><trkpt lat="36.968772" lon="138.955779"><ele>1593.1</ele><time>2021-08-21T02:09:37Z</time></trkpt><trkpt lat="36.968769" lon="138.955774"><ele>1593.0</ele><time>2021-08-21T02:09:38Z</time></trkpt><trkpt lat="36.968769" lon="138.955768"><ele>1592.9</ele><time>2021-08-21T02:09:39Z</time></trkpt><trkpt lat="36.968769" lon="138.95576"><ele>1592.7</ele><time>2021-08-21T02:09:40Z</time></trkpt><trkpt lat="36.968769" lon="138.95575"><ele>1592.6</ele><time>2021-08-21T02:09:41Z</time></trkpt><trkpt lat="36.968768" lon="138.955746"><ele>1592.5</ele><time>2021-08-21T02:09:42Z</time></trkpt><trkpt lat="36.968767" lon="138.955741"><ele>1592.4</ele><time>2021-08-21T02:09:43Z</time></trkpt><trkpt lat="36.968766" lon="138.955737"><ele>1592.3</ele><time>2021-08-21T02:09:44Z</time></trkpt><trkpt lat="36.968765" lon="138.955733"><ele>1592.3</ele><time>2021-08-21T02:09:45Z</time></trkpt><trkpt lat="36.968763" lon="138.955729"><ele>1592.2</ele><time>2021-08-21T02:09:46Z</time></trkpt><trkpt lat="36.968762" lon="138.955725"><ele>1592.1</ele><time>2021-08-21T02:09:47Z</time></trkpt><trkpt lat="36.968761" lon="138.95572"><ele>1592.0</ele><time>2021-08-21T02:09:48Z</time></trkpt><trkpt lat="36.96876" lon="138.955716"><ele>1592.0</ele><time>2021-08-21T02:09:49Z</time></trkpt><trkpt lat="36.968759" lon="138.955712"><ele>1591.9</ele><time>2021-08-21T02:09:50Z</time></trkpt><trkpt lat="36.968759" lon="138.955708"><ele>1591.8</ele><time>2021-08-21T02:09:51Z</time></trkpt><trkpt lat="36.968759" lon="138.955697"><ele>1591.6</ele><time>2021-08-21T02:09:52Z</time></trkpt><trkpt lat="36.968759" lon="138.955686"><ele>1591.5</ele><time>2021-08-21T02:09:53Z</time></trkpt><trkpt lat="36.968761" lon="138.955682"><ele>1591.4</ele><time>2021-08-21T02:09:54Z</time></trkpt><trkpt lat="36.968766" lon="138.955673"><ele>1591.2</ele><time>2021-08-21T02:09:55Z</time></trkpt><trkpt lat="36.968765" lon="138.955668"><ele>1591.1</ele><time>2021-08-21T02:09:56Z</time></trkpt><trkpt lat="36.968765" lon="138.955655"><ele>1590.9</ele><time>2021-08-21T02:09:57Z</time></trkpt><trkpt lat="36.968761" lon="138.955659"><ele>1590.8</ele><time>2021-08-21T02:09:58Z</time></trkpt><trkpt lat="36.968756" lon="138.955656"><ele>1590.7</ele><time>2021-08-21T02:09:59Z</time></trkpt><trkpt lat="36.968753" lon="138.955652"><ele>1590.6</ele><time>2021-08-21T02:10:00Z</time></trkpt><trkpt lat="36.968748" lon="138.955636"><ele>1590.3</ele><time>2021-08-21T02:10:01Z</time></trkpt><trkpt lat="36.968744" lon="138.955622"><ele>1590.0</ele><time>2021-08-21T02:10:02Z</time></trkpt><trkpt lat="36.968745" lon="138.95562"><ele>1590.0</ele><time>2021-08-21T02:10:03Z</time></trkpt><trkpt lat="36.968747" lon="138.955624"><ele>1589.9</ele><time>2021-08-21T02:10:04Z</time></trkpt><trkpt lat="36.968747" lon="138.955614"><ele>1589.7</ele><time>2021-08-21T02:10:05Z</time></trkpt><trkpt lat="36.968746" lon="138.9556"><ele>1589.5</ele><time>2021-08-21T02:10:06Z</time></trkpt><trkpt lat="36.968742" lon="138.955599"><ele>1589.4</ele><time>2021-08-21T02:10:07Z</time></trkpt><trkpt lat="36.968739" lon="138.955587"><ele>1589.2</ele><time>2021-08-21T02:10:08Z</time></trkpt><trkpt lat="36.968736" lon="138.955588"><ele>1589.1</ele><time>2021-08-21T02:10:09Z</time></trkpt><trkpt lat="36.968737" lon="138.955581"><ele>1589.0</ele><time>2021-08-21T02:10:10Z</time></trkpt><trkpt lat="36.968738" lon="138.95558"><ele>1589.0</ele><time>2021-08-21T02:10:11Z</time></trkpt><trkpt lat="36.968741" lon="138.955564"><ele>1588.7</ele><time>2021-08-21T02:10:12Z</time></trkpt><trkpt lat="36.968741" lon="138.955556"><ele>1588.6</ele><time>2021-08-21T02:10:13Z</time></trkpt><trkpt lat="36.96874" lon="138.955552"><ele>1588.5</ele><time>2021-08-21T02:10:14Z</time></trkpt><trkpt lat="36.968738" lon="138.955537"><ele>1588.3</ele><time>2021-08-21T02:10:15Z</time></trkpt><trkpt lat="36.968737" lon="138.955527"><ele>1588.1</ele><time>2021-08-21T02:10:16Z</time></trkpt><trkpt lat="36.968731" lon="138.955517"><ele>1587.9</ele><time>2021-08-21T02:10:17Z</time></trkpt><trkpt lat="36.968729" lon="138.95551"><ele>1587.8</ele><time>2021-08-21T02:10:18Z</time></trkpt><trkpt lat="36.968731" lon="138.95551"><ele>1587.7</ele><time>2021-08-21T02:10:19Z</time></trkpt><trkpt lat="36.968733" lon="138.955509"><ele>1587.7</ele><time>2021-08-21T02:10:20Z</time></trkpt><trkpt lat="36.968736" lon="138.955503"><ele>1587.6</ele><time>2021-08-21T02:10:21Z</time></trkpt><trkpt lat="36.968739" lon="138.955498"><ele>1587.4</ele><time>2021-08-21T02:10:22Z</time></trkpt><trkpt lat="36.968749" lon="138.955495"><ele>1587.2</ele><time>2021-08-21T02:10:23Z</time></trkpt><trkpt lat="36.968755" lon="138.955488"><ele>1587.1</ele><time>2021-08-21T02:10:24Z</time></trkpt><trkpt lat="36.968755" lon="138.955481"><ele>1586.9</ele><time>2021-08-21T02:10:25Z</time></trkpt><trkpt lat="36.968754" lon="138.955473"><ele>1586.8</ele><time>2021-08-21T02:10:26Z</time></trkpt><trkpt lat="36.968755" lon="138.955461"><ele>1586.6</ele><time>2021-08-21T02:10:27Z</time></trkpt><trkpt lat="36.968758" lon="138.955456"><ele>1586.5</ele><time>2021-08-21T02:10:28Z</time></trkpt><trkpt lat="36.968762" lon="138.955446"><ele>1586.3</ele><time>2021-08-21T02:10:29Z</time></trkpt><trkpt lat="36.968762" lon="138.955438"><ele>1586.2</ele><time>2021-08-21T02:10:30Z</time></trkpt><trkpt lat="36.968763" lon="138.955432"><ele>1586.1</ele><time>2021-08-21T02:10:31Z</time></trkpt><trkpt lat="36.968763" lon="138.955426"><ele>1586.0</ele><time>2021-08-21T02:10:32Z</time></trkpt><trkpt lat="36.968765" lon="138.955426"><ele>1585.9</ele><time>2021-08-21T02:10:33Z</time></trkpt><trkpt lat="36.968769" lon="138.955412"><ele>1585.7</ele><time>2021-08-21T02:10:34Z</time></trkpt><trkpt lat="36.968769" lon="138.955409"><ele>1585.6</ele><time>2021-08-21T02:10:35Z</time></trkpt><trkpt lat="36.968771" lon="138.955398"><ele>1585.4</ele><time>2021-08-21T02:10:36Z</time></trkpt><trkpt lat="36.968775" lon="138.955398"><ele>1585.4</ele><time>2021-08-21T02:10:37Z</time></trkpt><trkpt lat="36.968777" lon="138.955386"><ele>1585.1</ele><time>2021-08-21T02:10:38Z</time></trkpt><trkpt lat="36.96878" lon="138.955391"><ele>1585.0</ele><time>2021-08-21T02:10:39Z</time></trkpt><trkpt lat="36.968761" lon="138.955222"><ele>1582.2</ele><time>2021-08-21T02:11:05Z</time></trkpt><trkpt lat="36.968765" lon="138.955204"><ele>1581.9</ele><time>2021-08-21T02:11:06Z</time></trkpt><trkpt lat="36.968766" lon="138.955193"><ele>1581.7</ele><time>2021-08-21T02:11:07Z</time></trkpt><trkpt lat="36.96876" lon="138.955195"><ele>1581.5</ele><time>2021-08-21T02:11:08Z</time></trkpt><trkpt lat="36.968761" lon="138.955196"><ele>1581.5</ele><time>2021-08-21T02:11:09Z</time></trkpt><trkpt lat="36.968758" lon="138.955186"><ele>1581.3</ele><time>2021-08-21T02:11:10Z</time></trkpt><trkpt lat="36.96876" lon="138.955169"><ele>1581.0</ele><time>2021-08-21T02:11:11Z</time></trkpt><trkpt lat="36.968758" lon="138.955157"><ele>1580.8</ele><time>2021-08-21T02:11:12Z</time></trkpt><trkpt lat="36.968755" lon="138.955146"><ele>1580.6</ele><time>2021-08-21T02:11:13Z</time></trkpt><trkpt lat="36.968753" lon="138.955134"><ele>1580.4</ele><time>2021-08-21T02:11:14Z</time></trkpt><trkpt lat="36.968746" lon="138.955134"><ele>1580.3</ele><time>2021-08-21T02:11:15Z</time></trkpt><trkpt lat="36.968741" lon="138.955118"><ele>1580.0</ele><time>2021-08-21T02:11:16Z</time></trkpt><trkpt lat="36.968736" lon="138.95511"><ele>1579.8</ele><time>2021-08-21T02:11:17Z</time></trkpt><trkpt lat="36.968728" lon="138.955102"><ele>1579.6</ele><time>2021-08-21T02:11:18Z</time></trkpt><trkpt lat="36.968718" lon="138.955097"><ele>1579.4</ele><time>2021-08-21T02:11:19Z</time></trkpt><trkpt lat="36.968707" lon="138.955089"><ele>1579.1</ele><time>2021-08-21T02:11:20Z</time></trkpt><trkpt lat="36.968698" lon="138.955084"><ele>1578.9</ele><time>2021-08-21T02:11:21Z</time></trkpt><trkpt lat="36.968693" lon="138.955076"><ele>1578.7</ele><time>2021-08-21T02:11:23Z</time></trkpt><trkpt lat="36.968686" lon="138.95507"><ele>1578.6</ele><time>2021-08-21T02:11:24Z</time></trkpt><trkpt lat="36.968678" lon="138.955061"><ele>1578.3</ele><time>2021-08-21T02:11:25Z</time></trkpt><trkpt lat="36.968669" lon="138.955052"><ele>1578.1</ele><time>2021-08-21T02:11:26Z</time></trkpt><trkpt lat="36.968669" lon="138.955051"><ele>1578.1</ele><time>2021-08-21T02:11:27Z</time></trkpt><trkpt lat="36.968664" lon="138.95505"><ele>1578.0</ele><time>2021-08-21T02:11:28Z</time></trkpt><trkpt lat="36.968664" lon="138.955046"><ele>1577.9</ele><time>2021-08-21T02:11:29Z</time></trkpt><trkpt lat="36.968663" lon="138.955038"><ele>1577.8</ele><time>2021-08-21T02:11:30Z</time></trkpt><trkpt lat="36.96866" lon="138.955029"><ele>1577.6</ele><time>2021-08-21T02:11:31Z</time></trkpt><trkpt lat="36.968657" lon="138.955021"><ele>1577.4</ele><time>2021-08-21T02:11:32Z</time></trkpt><trkpt lat="36.96865" lon="138.955013"><ele>1577.2</ele><time>2021-08-21T02:11:33Z</time></trkpt><trkpt lat="36.968646" lon="138.95501"><ele>1577.1</ele><time>2021-08-21T02:11:34Z</time></trkpt><trkpt lat="36.968639" lon="138.955002"><ele>1577.0</ele><time>2021-08-21T02:11:35Z</time></trkpt><trkpt lat="36.968629" lon="138.95499"><ele>1576.7</ele><time>2021-08-21T02:11:36Z</time></trkpt><trkpt lat="36.968625" lon="138.954988"><ele>1576.6</ele><time>2021-08-21T02:11:37Z</time></trkpt><trkpt lat="36.968617" lon="138.954982"><ele>1576.4</ele><time>2021-08-21T02:11:38Z</time></trkpt><trkpt lat="36.968611" lon="138.954982"><ele>1576.2</ele><time>2021-08-21T02:11:39Z</time></trkpt><trkpt lat="36.968605" lon="138.954979"><ele>1576.1</ele><time>2021-08-21T02:11:40Z</time></trkpt><trkpt lat="36.9686" lon="138.954976"><ele>1576.0</ele><time>2021-08-21T02:11:41Z</time></trkpt><trkpt lat="36.968597" lon="138.95496"><ele>1575.7</ele><time>2021-08-21T02:11:42Z</time></trkpt><trkpt lat="36.968593" lon="138.954952"><ele>1575.6</ele><time>2021-08-21T02:11:43Z</time></trkpt><trkpt lat="36.968586" lon="138.954944"><ele>1575.4</ele><time>2021-08-21T02:11:44Z</time></trkpt><trkpt lat="36.968582" lon="138.954941"><ele>1575.3</ele><time>2021-08-21T02:11:45Z</time></trkpt><trkpt lat="36.968578" lon="138.954936"><ele>1575.1</ele><time>2021-08-21T02:11:46Z</time></trkpt><trkpt lat="36.968576" lon="138.954932"><ele>1575.1</ele><time>2021-08-21T02:11:47Z</time></trkpt><trkpt lat="36.968576" lon="138.954928"><ele>1575.0</ele><time>2021-08-21T02:11:48Z</time></trkpt><trkpt lat="36.968577" lon="138.954922"><ele>1574.9</ele><time>2021-08-21T02:11:49Z</time></trkpt><trkpt lat="36.968573" lon="138.954919"><ele>1574.8</ele><time>2021-08-21T02:11:50Z</time></trkpt><trkpt lat="36.968575" lon="138.954916"><ele>1574.7</ele><time>2021-08-21T02:11:51Z</time></trkpt><trkpt lat="36.968579" lon="138.954931"><ele>1574.5</ele><time>2021-08-21T02:11:52Z</time></trkpt><trkpt lat="36.968583" lon="138.954932"><ele>1574.4</ele><time>2021-08-21T02:11:53Z</time></trkpt><trkpt lat="36.968581" lon="138.954932"><ele>1574.3</ele><time>2021-08-21T02:11:54Z</time></trkpt><trkpt lat="36.968578" lon="138.954937"><ele>1574.2</ele><time>2021-08-21T02:11:55Z</time></trkpt><trkpt lat="36.968578" lon="138.954936"><ele>1574.2</ele><time>2021-08-21T02:11:56Z</time></trkpt><trkpt lat="36.96859" lon="138.954879"><ele>1573.2</ele><time>2021-08-21T02:12:09Z</time></trkpt><trkpt lat="36.968589" lon="138.954869"><ele>1573.0</ele><time>2021-08-21T02:12:10Z</time></trkpt><trkpt lat="36.968586" lon="138.954862"><ele>1572.9</ele><time>2021-08-21T02:12:11Z</time></trkpt><trkpt lat="36.96858" lon="138.954849"><ele>1572.7</ele><time>2021-08-21T02:12:12Z</time></trkpt><trkpt lat="36.968577" lon="138.95484"><ele>1572.5</ele><time>2021-08-21T02:12:13Z</time></trkpt><trkpt lat="36.968573" lon="138.954826"><ele>1572.2</ele><time>2021-08-21T02:12:14Z</time></trkpt><trkpt lat="36.968575" lon="138.954812"><ele>1572.0</ele><time>2021-08-21T02:12:15Z</time></trkpt><trkpt lat="36.968581" lon="138.954809"><ele>1571.9</ele><time>2021-08-21T02:12:16Z</time></trkpt><trkpt lat="36.968586" lon="138.954793"><ele>1570.7</ele><time>2021-08-21T02:12:17Z</time></trkpt><trkpt lat="36.968589" lon="138.954787"><ele>1570.6</ele><time>2021-08-21T02:12:18Z</time></trkpt><trkpt lat="36.968589" lon="138.954779"><ele>1570.5</ele><time>2021-08-21T02:12:19Z</time></trkpt><trkpt lat="36.968589" lon="138.954758"><ele>1570.1</ele><time>2021-08-21T02:12:20Z</time></trkpt><trkpt lat="36.968598" lon="138.954746"><ele>1569.8</ele><time>2021-08-21T02:12:21Z</time></trkpt><trkpt lat="36.9686" lon="138.95473"><ele>1569.5</ele><time>2021-08-21T02:12:22Z</time></trkpt><trkpt lat="36.968592" lon="138.954724"><ele>1569.3</ele><time>2021-08-21T02:12:23Z</time></trkpt><trkpt lat="36.968586" lon="138.954712"><ele>1569.0</ele><time>2021-08-21T02:12:24Z</time></trkpt><trkpt lat="36.968584" lon="138.954699"><ele>1568.8</ele><time>2021-08-21T02:12:25Z</time></trkpt><trkpt lat="36.968586" lon="138.954699"><ele>1568.7</ele><time>2021-08-21T02:12:26Z</time></trkpt><trkpt lat="36.968585" lon="138.954681"><ele>1568.4</ele><time>2021-08-21T02:12:27Z</time></trkpt><trkpt lat="36.968587" lon="138.954673"><ele>1568.2</ele><time>2021-08-21T02:12:28Z</time></trkpt><trkpt lat="36.968591" lon="138.95467"><ele>1568.1</ele><time>2021-08-21T02:12:29Z</time></trkpt><trkpt lat="36.968595" lon="138.954665"><ele>1568.0</ele><time>2021-08-21T02:12:30Z</time></trkpt><trkpt lat="36.9686" lon="138.954661"><ele>1567.9</ele><time>2021-08-21T02:12:31Z</time></trkpt><trkpt lat="36.968604" lon="138.954654"><ele>1567.7</ele><time>2021-08-21T02:12:32Z</time></trkpt><trkpt lat="36.968608" lon="138.954646"><ele>1567.5</ele><time>2021-08-21T02:12:33Z</time></trkpt><trkpt lat="36.968613" lon="138.95464"><ele>1567.4</ele><time>2021-08-21T02:12:34Z</time></trkpt><trkpt lat="36.96862" lon="138.954633"><ele>1567.2</ele><time>2021-08-21T02:12:35Z</time></trkpt><trkpt lat="36.968622" lon="138.95463"><ele>1567.1</ele><time>2021-08-21T02:12:36Z</time></trkpt><trkpt lat="36.968622" lon="138.954621"><ele>1566.9</ele><time>2021-08-21T02:12:37Z</time></trkpt><trkpt lat="36.968618" lon="138.954625"><ele>1566.8</ele><time>2021-08-21T02:12:38Z</time></trkpt><trkpt lat="36.968618" lon="138.954621"><ele>1566.7</ele><time>2021-08-21T02:12:39Z</time></trkpt><trkpt lat="36.968617" lon="138.954613"><ele>1566.6</ele><time>2021-08-21T02:12:40Z</time></trkpt><trkpt lat="36.968617" lon="138.954602"><ele>1566.4</ele><time>2021-08-21T02:12:41Z</time></trkpt><trkpt lat="36.968618" lon="138.954591"><ele>1566.2</ele><time>2021-08-21T02:12:42Z</time></trkpt><trkpt lat="36.968619" lon="138.954587"><ele>1566.1</ele><time>2021-08-21T02:12:43Z</time></trkpt><trkpt lat="36.96862" lon="138.954579"><ele>1566.0</ele><time>2021-08-21T02:12:44Z</time></trkpt><trkpt lat="36.968624" lon="138.954572"><ele>1565.8</ele><time>2021-08-21T02:12:45Z</time></trkpt><trkpt lat="36.968629" lon="138.954568"><ele>1565.7</ele><time>2021-08-21T02:12:46Z</time></trkpt><trkpt lat="36.968634" lon="138.95456"><ele>1565.5</ele><time>2021-08-21T02:12:47Z</time></trkpt><trkpt lat="36.968641" lon="138.954558"><ele>1565.3</ele><time>2021-08-21T02:12:48Z</time></trkpt><trkpt lat="36.968646" lon="138.954554"><ele>1565.2</ele><time>2021-08-21T02:12:49Z</time></trkpt><trkpt lat="36.968649" lon="138.954549"><ele>1565.1</ele><time>2021-08-21T02:12:50Z</time></trkpt><trkpt lat="36.968649" lon="138.954539"><ele>1564.9</ele><time>2021-08-21T02:12:51Z</time></trkpt><trkpt lat="36.968652" lon="138.954531"><ele>1564.7</ele><time>2021-08-21T02:12:52Z</time></trkpt><trkpt lat="36.968659" lon="138.954519"><ele>1564.5</ele><time>2021-08-21T02:12:53Z</time></trkpt><trkpt lat="36.96866" lon="138.954509"><ele>1564.3</ele><time>2021-08-21T02:12:54Z</time></trkpt><trkpt lat="36.968662" lon="138.954501"><ele>1564.1</ele><time>2021-08-21T02:12:55Z</time></trkpt><trkpt lat="36.968666" lon="138.954497"><ele>1564.0</ele><time>2021-08-21T02:12:56Z</time></trkpt><trkpt lat="36.968667" lon="138.954488"><ele>1563.8</ele><time>2021-08-21T02:12:57Z</time></trkpt><trkpt lat="36.968662" lon="138.954481"><ele>1563.7</ele><time>2021-08-21T02:12:58Z</time></trkpt><trkpt lat="36.968662" lon="138.954476"><ele>1563.6</ele><time>2021-08-21T02:12:59Z</time></trkpt><trkpt lat="36.968662" lon="138.954459"><ele>1563.3</ele><time>2021-08-21T02:13:00Z</time></trkpt><trkpt lat="36.968661" lon="138.954456"><ele>1563.2</ele><time>2021-08-21T02:13:01Z</time></trkpt><trkpt lat="36.96866" lon="138.954443"><ele>1563.0</ele><time>2021-08-21T02:13:02Z</time></trkpt><trkpt lat="36.968662" lon="138.954441"><ele>1562.9</ele><time>2021-08-21T02:13:03Z</time></trkpt><trkpt lat="36.968667" lon="138.954432"><ele>1562.7</ele><time>2021-08-21T02:13:04Z</time></trkpt><trkpt lat="36.968673" lon="138.954427"><ele>1562.6</ele><time>2021-08-21T02:13:05Z</time></trkpt><trkpt lat="36.968679" lon="138.954419"><ele>1562.4</ele><time>2021-08-21T02:13:06Z</time></trkpt><trkpt lat="36.968684" lon="138.954414"><ele>1562.2</ele><time>2021-08-21T02:13:07Z</time></trkpt><trkpt lat="36.968687" lon="138.954406"><ele>1562.1</ele><time>2021-08-21T02:13:08Z</time></trkpt><trkpt lat="36.96869" lon="138.954398"><ele>1561.9</ele><time>2021-08-21T02:13:09Z</time></trkpt><trkpt lat="36.968693" lon="138.954379"><ele>1561.5</ele><time>2021-08-21T02:13:10Z</time></trkpt><trkpt lat="36.968693" lon="138.954378"><ele>1561.5</ele><time>2021-08-21T02:13:11Z</time></trkpt><trkpt lat="36.968694" lon="138.95437"><ele>1561.4</ele><time>2021-08-21T02:13:12Z</time></trkpt><trkpt lat="36.968691" lon="138.954361"><ele>1561.2</ele><time>2021-08-21T02:13:13Z</time></trkpt><trkpt lat="36.968687" lon="138.954345"><ele>1560.9</ele><time>2021-08-21T02:13:14Z</time></trkpt><trkpt lat="36.968676" lon="138.954324"><ele>1560.4</ele><time>2021-08-21T02:13:15Z</time></trkpt><trkpt lat="36.968666" lon="138.954312"><ele>1560.1</ele><time>2021-08-21T02:13:16Z</time></trkpt><trkpt lat="36.968661" lon="138.954297"><ele>1559.8</ele><time>2021-08-21T02:13:17Z</time></trkpt><trkpt lat="36.968655" lon="138.954275"><ele>1559.4</ele><time>2021-08-21T02:13:18Z</time></trkpt><trkpt lat="36.968646" lon="138.954253"><ele>1558.9</ele><time>2021-08-21T02:13:19Z</time></trkpt><trkpt lat="36.968635" lon="138.954242"><ele>1558.6</ele><time>2021-08-21T02:13:20Z</time></trkpt><trkpt lat="36.968623" lon="138.95423"><ele>1558.3</ele><time>2021-08-21T02:13:21Z</time></trkpt><trkpt lat="36.968624" lon="138.954224"><ele>1558.2</ele><time>2021-08-21T02:13:22Z</time></trkpt><trkpt lat="36.968627" lon="138.954208"><ele>1557.9</ele><time>2021-08-21T02:13:23Z</time></trkpt><trkpt lat="36.968628" lon="138.954205"><ele>1557.8</ele><time>2021-08-21T02:13:24Z</time></trkpt><trkpt lat="36.968631" lon="138.954189"><ele>1557.5</ele><time>2021-08-21T02:13:25Z</time></trkpt><trkpt lat="36.968631" lon="138.95417"><ele>1557.2</ele><time>2021-08-21T02:13:26Z</time></trkpt><trkpt lat="36.968634" lon="138.954162"><ele>1557.0</ele><time>2021-08-21T02:13:27Z</time></trkpt><trkpt lat="36.968636" lon="138.954153"><ele>1556.8</ele><time>2021-08-21T02:13:29Z</time></trkpt><trkpt lat="36.968638" lon="138.954144"><ele>1556.7</ele><time>2021-08-21T02:13:30Z</time></trkpt><trkpt lat="36.968644" lon="138.954135"><ele>1556.4</ele><time>2021-08-21T02:13:31Z</time></trkpt><trkpt lat="36.968647" lon="138.954128"><ele>1556.3</ele><time>2021-08-21T02:13:32Z</time></trkpt><trkpt lat="36.96865" lon="138.954118"><ele>1556.1</ele><time>2021-08-21T02:13:33Z</time></trkpt><trkpt lat="36.968657" lon="138.954118"><ele>1555.9</ele><time>2021-08-21T02:13:34Z</time></trkpt><trkpt lat="36.968667" lon="138.954116"><ele>1555.7</ele><time>2021-08-21T02:13:35Z</time></trkpt><trkpt lat="36.968676" lon="138.954115"><ele>1555.5</ele><time>2021-08-21T02:13:36Z</time></trkpt><trkpt lat="36.968685" lon="138.954106"><ele>1555.2</ele><time>2021-08-21T02:13:37Z</time></trkpt><trkpt lat="36.968692" lon="138.954094"><ele>1555.0</ele><time>2021-08-21T02:13:38Z</time></trkpt><trkpt lat="36.968699" lon="138.954081"><ele>1554.7</ele><time>2021-08-21T02:13:39Z</time></trkpt><trkpt lat="36.968704" lon="138.954075"><ele>1554.5</ele><time>2021-08-21T02:13:40Z</time></trkpt><trkpt lat="36.968716" lon="138.95407"><ele>1554.2</ele><time>2021-08-21T02:13:41Z</time></trkpt><trkpt lat="36.968719" lon="138.954064"><ele>1554.1</ele><time>2021-08-21T02:13:42Z</time></trkpt><trkpt lat="36.968724" lon="138.954052"><ele>1553.9</ele><time>2021-08-21T02:13:43Z</time></trkpt><trkpt lat="36.96872" lon="138.954048"><ele>1553.7</ele><time>2021-08-21T02:13:44Z</time></trkpt><trkpt lat="36.968722" lon="138.954041"><ele>1553.6</ele><time>2021-08-21T02:13:45Z</time></trkpt><trkpt lat="36.968728" lon="138.954032"><ele>1553.4</ele><time>2021-08-21T02:13:46Z</time></trkpt><trkpt lat="36.968732" lon="138.954025"><ele>1553.2</ele><time>2021-08-21T02:13:47Z</time></trkpt><trkpt lat="36.968738" lon="138.954022"><ele>1553.1</ele><time>2021-08-21T02:13:48Z</time></trkpt><trkpt lat="36.968741" lon="138.954016"><ele>1553.0</ele><time>2021-08-21T02:13:49Z</time></trkpt><trkpt lat="36.968742" lon="138.954011"><ele>1552.9</ele><time>2021-08-21T02:13:50Z</time></trkpt><trkpt lat="36.968748" lon="138.953993"><ele>1552.5</ele><time>2021-08-21T02:13:51Z</time></trkpt><trkpt lat="36.968753" lon="138.953981"><ele>1552.3</ele><time>2021-08-21T02:13:52Z</time></trkpt><trkpt lat="36.968755" lon="138.953979"><ele>1552.2</ele><time>2021-08-21T02:13:53Z</time></trkpt><trkpt lat="36.96876" lon="138.953972"><ele>1552.0</ele><time>2021-08-21T02:13:54Z</time></trkpt><trkpt lat="36.968765" lon="138.953973"><ele>1551.9</ele><time>2021-08-21T02:13:55Z</time></trkpt><trkpt lat="36.968759" lon="138.953976"><ele>1551.8</ele><time>2021-08-21T02:13:56Z</time></trkpt><trkpt lat="36.968762" lon="138.953968"><ele>1551.6</ele><time>2021-08-21T02:13:57Z</time></trkpt><trkpt lat="36.968768" lon="138.953962"><ele>1551.4</ele><time>2021-08-21T02:13:58Z</time></trkpt><trkpt lat="36.968769" lon="138.95395"><ele>1551.2</ele><time>2021-08-21T02:13:59Z</time></trkpt><trkpt lat="36.96877" lon="138.953939"><ele>1551.0</ele><time>2021-08-21T02:14:00Z</time></trkpt><trkpt lat="36.968771" lon="138.953932"><ele>1550.9</ele><time>2021-08-21T02:14:01Z</time></trkpt><trkpt lat="36.968773" lon="138.953925"><ele>1550.8</ele><time>2021-08-21T02:14:02Z</time></trkpt><trkpt lat="36.968775" lon="138.953917"><ele>1550.6</ele><time>2021-08-21T02:14:03Z</time></trkpt><trkpt lat="36.968776" lon="138.95391"><ele>1550.5</ele><time>2021-08-21T02:14:04Z</time></trkpt><trkpt lat="36.968778" lon="138.953903"><ele>1550.3</ele><time>2021-08-21T02:14:05Z</time></trkpt><trkpt lat="36.968775" lon="138.953885"><ele>1550.0</ele><time>2021-08-21T02:14:06Z</time></trkpt><trkpt lat="36.968775" lon="138.95388"><ele>1549.9</ele><time>2021-08-21T02:14:07Z</time></trkpt><trkpt lat="36.968774" lon="138.953864"><ele>1549.6</ele><time>2021-08-21T02:14:08Z</time></trkpt><trkpt lat="36.968773" lon="138.953851"><ele>1549.4</ele><time>2021-08-21T02:14:09Z</time></trkpt><trkpt lat="36.968772" lon="138.953846"><ele>1549.3</ele><time>2021-08-21T02:14:10Z</time></trkpt><trkpt lat="36.96877" lon="138.953833"><ele>1549.0</ele><time>2021-08-21T02:14:11Z</time></trkpt><trkpt lat="36.96877" lon="138.953826"><ele>1548.9</ele><time>2021-08-21T02:14:12Z</time></trkpt><trkpt lat="36.968772" lon="138.953817"><ele>1548.7</ele><time>2021-08-21T02:14:13Z</time></trkpt><trkpt lat="36.968771" lon="138.953808"><ele>1548.6</ele><time>2021-08-21T02:14:14Z</time></trkpt><trkpt lat="36.968771" lon="138.953795"><ele>1548.3</ele><time>2021-08-21T02:14:15Z</time></trkpt><trkpt lat="36.968768" lon="138.953788"><ele>1548.2</ele><time>2021-08-21T02:14:16Z</time></trkpt><trkpt lat="36.968765" lon="138.95378"><ele>1548.0</ele><time>2021-08-21T02:14:17Z</time></trkpt><trkpt lat="36.968764" lon="138.953773"><ele>1547.9</ele><time>2021-08-21T02:14:18Z</time></trkpt><trkpt lat="36.968764" lon="138.953754"><ele>1547.6</ele><time>2021-08-21T02:14:19Z</time></trkpt><trkpt lat="36.968761" lon="138.953756"><ele>1547.5</ele><time>2021-08-21T02:14:20Z</time></trkpt><trkpt lat="36.96876" lon="138.953744"><ele>1547.3</ele><time>2021-08-21T02:14:21Z</time></trkpt><trkpt lat="36.968756" lon="138.953732"><ele>1547.0</ele><time>2021-08-21T02:14:22Z</time></trkpt><trkpt lat="36.968754" lon="138.953726"><ele>1546.9</ele><time>2021-08-21T02:14:23Z</time></trkpt><trkpt lat="36.968755" lon="138.953714"><ele>1546.7</ele><time>2021-08-21T02:14:24Z</time></trkpt><trkpt lat="36.968755" lon="138.953706"><ele>1546.5</ele><time>2021-08-21T02:14:25Z</time></trkpt><trkpt lat="36.968753" lon="138.953692"><ele>1546.3</ele><time>2021-08-21T02:14:26Z</time></trkpt><trkpt lat="36.96875" lon="138.953686"><ele>1546.2</ele><time>2021-08-21T02:14:27Z</time></trkpt><trkpt lat="36.968742" lon="138.95368"><ele>1545.9</ele><time>2021-08-21T02:14:28Z</time></trkpt><trkpt lat="36.968733" lon="138.953671"><ele>1545.7</ele><time>2021-08-21T02:14:29Z</time></trkpt><trkpt lat="36.968732" lon="138.953663"><ele>1545.5</ele><time>2021-08-21T02:14:30Z</time></trkpt><trkpt lat="36.968736" lon="138.953661"><ele>1545.4</ele><time>2021-08-21T02:14:31Z</time></trkpt><trkpt lat="36.968737" lon="138.953647"><ele>1545.2</ele><time>2021-08-21T02:14:32Z</time></trkpt><trkpt lat="36.968741" lon="138.953635"><ele>1544.9</ele><time>2021-08-21T02:14:33Z</time></trkpt><trkpt lat="36.968742" lon="138.953621"><ele>1544.7</ele><time>2021-08-21T02:14:34Z</time></trkpt><trkpt lat="36.968743" lon="138.953613"><ele>1544.5</ele><time>2021-08-21T02:14:35Z</time></trkpt><trkpt lat="36.968742" lon="138.953607"><ele>1544.4</ele><time>2021-08-21T02:14:36Z</time></trkpt><trkpt lat="36.968737" lon="138.953598"><ele>1544.2</ele><time>2021-08-21T02:14:37Z</time></trkpt><trkpt lat="36.968733" lon="138.953587"><ele>1544.0</ele><time>2021-08-21T02:14:38Z</time></trkpt><trkpt lat="36.968733" lon="138.953578"><ele>1543.8</ele><time>2021-08-21T02:14:39Z</time></trkpt><trkpt lat="36.968736" lon="138.95357"><ele>1543.7</ele><time>2021-08-21T02:14:40Z</time></trkpt><trkpt lat="36.968739" lon="138.953554"><ele>1543.4</ele><time>2021-08-21T02:14:41Z</time></trkpt><trkpt lat="36.96874" lon="138.95354"><ele>1543.1</ele><time>2021-08-21T02:14:42Z</time></trkpt><trkpt lat="36.96874" lon="138.953528"><ele>1542.9</ele><time>2021-08-21T02:14:43Z</time></trkpt><trkpt lat="36.968744" lon="138.95352"><ele>1542.7</ele><time>2021-08-21T02:14:44Z</time></trkpt><trkpt lat="36.968745" lon="138.953511"><ele>1542.6</ele><time>2021-08-21T02:14:45Z</time></trkpt><trkpt lat="36.968743" lon="138.9535"><ele>1542.4</ele><time>2021-08-21T02:14:46Z</time></trkpt><trkpt lat="36.968746" lon="138.95349"><ele>1542.2</ele><time>2021-08-21T02:14:47Z</time></trkpt><trkpt lat="36.968749" lon="138.953477"><ele>1541.9</ele><time>2021-08-21T02:14:48Z</time></trkpt><trkpt lat="36.96875" lon="138.953464"><ele>1541.7</ele><time>2021-08-21T02:14:49Z</time></trkpt><trkpt lat="36.968752" lon="138.953462"><ele>1541.6</ele><time>2021-08-21T02:14:50Z</time></trkpt><trkpt lat="36.968751" lon="138.953447"><ele>1541.3</ele><time>2021-08-21T02:14:51Z</time></trkpt><trkpt lat="36.968751" lon="138.953443"><ele>1541.3</ele><time>2021-08-21T02:14:52Z</time></trkpt><trkpt lat="36.96875" lon="138.953433"><ele>1541.1</ele><time>2021-08-21T02:14:53Z</time></trkpt><trkpt lat="36.96875" lon="138.953427"><ele>1541.0</ele><time>2021-08-21T02:14:54Z</time></trkpt><trkpt lat="36.96875" lon="138.953421"><ele>1540.9</ele><time>2021-08-21T02:14:55Z</time></trkpt><trkpt lat="36.968752" lon="138.953413"><ele>1540.7</ele><time>2021-08-21T02:14:56Z</time></trkpt><trkpt lat="36.968753" lon="138.953401"><ele>1540.5</ele><time>2021-08-21T02:14:57Z</time></trkpt><trkpt lat="36.968756" lon="138.953386"><ele>1540.2</ele><time>2021-08-21T02:14:58Z</time></trkpt><trkpt lat="36.968757" lon="138.953377"><ele>1540.1</ele><time>2021-08-21T02:14:59Z</time></trkpt><trkpt lat="36.968757" lon="138.953369"><ele>1539.9</ele><time>2021-08-21T02:15:00Z</time></trkpt><trkpt lat="36.968758" lon="138.95336"><ele>1539.7</ele><time>2021-08-21T02:15:01Z</time></trkpt><trkpt lat="36.968758" lon="138.953352"><ele>1539.6</ele><time>2021-08-21T02:15:02Z</time></trkpt><trkpt lat="36.968763" lon="138.953347"><ele>1539.4</ele><time>2021-08-21T02:15:03Z</time></trkpt><trkpt lat="36.968765" lon="138.953335"><ele>1539.2</ele><time>2021-08-21T02:15:04Z</time></trkpt><trkpt lat="36.968764" lon="138.953324"><ele>1539.0</ele><time>2021-08-21T02:15:05Z</time></trkpt><trkpt lat="36.968764" lon="138.953314"><ele>1538.8</ele><time>2021-08-21T02:15:06Z</time></trkpt><trkpt lat="36.968759" lon="138.953299"><ele>1538.5</ele><time>2021-08-21T02:15:07Z</time></trkpt><trkpt lat="36.968754" lon="138.95329"><ele>1538.3</ele><time>2021-08-21T02:15:08Z</time></trkpt><trkpt lat="36.96875" lon="138.953282"><ele>1538.2</ele><time>2021-08-21T02:15:09Z</time></trkpt><trkpt lat="36.968745" lon="138.953274"><ele>1538.0</ele><time>2021-08-21T02:15:10Z</time></trkpt><trkpt lat="36.968742" lon="138.953274"><ele>1537.9</ele><time>2021-08-21T02:15:11Z</time></trkpt><trkpt lat="36.968737" lon="138.953255"><ele>1537.6</ele><time>2021-08-21T02:15:12Z</time></trkpt><trkpt lat="36.968737" lon="138.953245"><ele>1537.4</ele><time>2021-08-21T02:15:13Z</time></trkpt><trkpt lat="36.968734" lon="138.953234"><ele>1537.2</ele><time>2021-08-21T02:15:14Z</time></trkpt><trkpt lat="36.96873" lon="138.953229"><ele>1537.0</ele><time>2021-08-21T02:15:15Z</time></trkpt><trkpt lat="36.968725" lon="138.953221"><ele>1536.8</ele><time>2021-08-21T02:15:16Z</time></trkpt><trkpt lat="36.968722" lon="138.9532"><ele>1536.5</ele><time>2021-08-21T02:15:17Z</time></trkpt><trkpt lat="36.968716" lon="138.953192"><ele>1536.3</ele><time>2021-08-21T02:15:18Z</time></trkpt><trkpt lat="36.968715" lon="138.953199"><ele>1536.1</ele><time>2021-08-21T02:15:19Z</time></trkpt><trkpt lat="36.96871" lon="138.953208"><ele>1535.9</ele><time>2021-08-21T02:15:20Z</time></trkpt><trkpt lat="36.968706" lon="138.95321"><ele>1535.8</ele><time>2021-08-21T02:15:21Z</time></trkpt><trkpt lat="36.968695" lon="138.9532"><ele>1535.5</ele><time>2021-08-21T02:15:22Z</time></trkpt><trkpt lat="36.968692" lon="138.953193"><ele>1535.4</ele><time>2021-08-21T02:15:23Z</time></trkpt><trkpt lat="36.968692" lon="138.953192"><ele>1535.4</ele><time>2021-08-21T02:15:24Z</time></trkpt><trkpt lat="36.96868" lon="138.953179"><ele>1535.0</ele><time>2021-08-21T02:15:25Z</time></trkpt><trkpt lat="36.96868" lon="138.953177"><ele>1535.0</ele><time>2021-08-21T02:15:26Z</time></trkpt><trkpt lat="36.968678" lon="138.953179"><ele>1534.9</ele><time>2021-08-21T02:15:27Z</time></trkpt><trkpt lat="36.968674" lon="138.953164"><ele>1534.6</ele><time>2021-08-21T02:15:28Z</time></trkpt><trkpt lat="36.968671" lon="138.953167"><ele>1534.5</ele><time>2021-08-21T02:15:29Z</time></trkpt><trkpt lat="36.968674" lon="138.953167"><ele>1534.5</ele><time>2021-08-21T02:15:30Z</time></trkpt><trkpt lat="36.968674" lon="138.953158"><ele>1534.3</ele><time>2021-08-21T02:15:31Z</time></trkpt><trkpt lat="36.968669" lon="138.953158"><ele>1534.2</ele><time>2021-08-21T02:15:32Z</time></trkpt><trkpt lat="36.968664" lon="138.953149"><ele>1534.0</ele><time>2021-08-21T02:15:33Z</time></trkpt><trkpt lat="36.968666" lon="138.953133"><ele>1533.7</ele><time>2021-08-21T02:15:35Z</time></trkpt><trkpt lat="36.968665" lon="138.953123"><ele>1533.5</ele><time>2021-08-21T02:15:36Z</time></trkpt><trkpt lat="36.968662" lon="138.953118"><ele>1533.4</ele><time>2021-08-21T02:15:37Z</time></trkpt><trkpt lat="36.968662" lon="138.953113"><ele>1533.3</ele><time>2021-08-21T02:15:38Z</time></trkpt><trkpt lat="36.968664" lon="138.953101"><ele>1533.1</ele><time>2021-08-21T02:15:39Z</time></trkpt><trkpt lat="36.968664" lon="138.953095"><ele>1533.0</ele><time>2021-08-21T02:15:40Z</time></trkpt><trkpt lat="36.96866" lon="138.953086"><ele>1532.8</ele><time>2021-08-21T02:15:41Z</time></trkpt><trkpt lat="36.968658" lon="138.953091"><ele>1532.7</ele><time>2021-08-21T02:15:42Z</time></trkpt><trkpt lat="36.968658" lon="138.953083"><ele>1532.5</ele><time>2021-08-21T02:15:43Z</time></trkpt><trkpt lat="36.968661" lon="138.953076"><ele>1532.4</ele><time>2021-08-21T02:15:44Z</time></trkpt><trkpt lat="36.96865" lon="138.953018"><ele>1531.3</ele><time>2021-08-21T02:15:54Z</time></trkpt><trkpt lat="36.968651" lon="138.952993"><ele>1530.8</ele><time>2021-08-21T02:15:55Z</time></trkpt><trkpt lat="36.968652" lon="138.952994"><ele>1530.8</ele><time>2021-08-21T02:15:56Z</time></trkpt><trkpt lat="36.968656" lon="138.952995"><ele>1530.7</ele><time>2021-08-21T02:15:57Z</time></trkpt><trkpt lat="36.968658" lon="138.952991"><ele>1530.6</ele><time>2021-08-21T02:15:58Z</time></trkpt><trkpt lat="36.968667" lon="138.952987"><ele>1530.4</ele><time>2021-08-21T02:15:59Z</time></trkpt><trkpt lat="36.968655" lon="138.952968"><ele>1530.0</ele><time>2021-08-21T02:16:00Z</time></trkpt><trkpt lat="36.968656" lon="138.952959"><ele>1529.8</ele><time>2021-08-21T02:16:01Z</time></trkpt><trkpt lat="36.968656" lon="138.952949"><ele>1529.6</ele><time>2021-08-21T02:16:02Z</time></trkpt><trkpt lat="36.968656" lon="138.95294"><ele>1529.5</ele><time>2021-08-21T02:16:03Z</time></trkpt><trkpt lat="36.968654" lon="138.952935"><ele>1529.4</ele><time>2021-08-21T02:16:04Z</time></trkpt><trkpt lat="36.968653" lon="138.95293"><ele>1529.3</ele><time>2021-08-21T02:16:05Z</time></trkpt><trkpt lat="36.968657" lon="138.952924"><ele>1529.1</ele><time>2021-08-21T02:16:06Z</time></trkpt><trkpt lat="36.96866" lon="138.952916"><ele>1529.0</ele><time>2021-08-21T02:16:07Z</time></trkpt><trkpt lat="36.968659" lon="138.952906"><ele>1528.8</ele><time>2021-08-21T02:16:08Z</time></trkpt><trkpt lat="36.968659" lon="138.952896"><ele>1528.6</ele><time>2021-08-21T02:16:09Z</time></trkpt><trkpt lat="36.96866" lon="138.952896"><ele>1528.6</ele><time>2021-08-21T02:16:10Z</time></trkpt><trkpt lat="36.968657" lon="138.952894"><ele>1528.5</ele><time>2021-08-21T02:16:11Z</time></trkpt><trkpt lat="36.96866" lon="138.952881"><ele>1528.2</ele><time>2021-08-21T02:16:12Z</time></trkpt><trkpt lat="36.968664" lon="138.952874"><ele>1528.1</ele><time>2021-08-21T02:16:13Z</time></trkpt><trkpt lat="36.968664" lon="138.952866"><ele>1527.9</ele><time>2021-08-21T02:16:14Z</time></trkpt><trkpt lat="36.96869" lon="138.952821"><ele>1526.9</ele><time>2021-08-21T02:16:21Z</time></trkpt><trkpt lat="36.968693" lon="138.952822"><ele>1526.9</ele><time>2021-08-21T02:16:22Z</time></trkpt><trkpt lat="36.968698" lon="138.95282"><ele>1526.7</ele><time>2021-08-21T02:16:23Z</time></trkpt><trkpt lat="36.968701" lon="138.952812"><ele>1526.6</ele><time>2021-08-21T02:16:24Z</time></trkpt><trkpt lat="36.968698" lon="138.952808"><ele>1526.5</ele><time>2021-08-21T02:16:25Z</time></trkpt><trkpt lat="36.9687" lon="138.952797"><ele>1526.3</ele><time>2021-08-21T02:16:26Z</time></trkpt><trkpt lat="36.968702" lon="138.952786"><ele>1526.1</ele><time>2021-08-21T02:16:27Z</time></trkpt><trkpt lat="36.968705" lon="138.952786"><ele>1526.0</ele><time>2021-08-21T02:16:28Z</time></trkpt><trkpt lat="36.968703" lon="138.952783"><ele>1525.9</ele><time>2021-08-21T02:16:29Z</time></trkpt><trkpt lat="36.968701" lon="138.952773"><ele>1525.7</ele><time>2021-08-21T02:16:30Z</time></trkpt><trkpt lat="36.968703" lon="138.952777"><ele>1525.7</ele><time>2021-08-21T02:16:31Z</time></trkpt><trkpt lat="36.9687" lon="138.952773"><ele>1525.6</ele><time>2021-08-21T02:16:32Z</time></trkpt><trkpt lat="36.968701" lon="138.952773"><ele>1525.5</ele><time>2021-08-21T02:16:33Z</time></trkpt><trkpt lat="36.968701" lon="138.952769"><ele>1525.5</ele><time>2021-08-21T02:16:34Z</time></trkpt><trkpt lat="36.968702" lon="138.952759"><ele>1525.3</ele><time>2021-08-21T02:16:35Z</time></trkpt><trkpt lat="36.9687" lon="138.952755"><ele>1525.2</ele><time>2021-08-21T02:16:36Z</time></trkpt><trkpt lat="36.968701" lon="138.952753"><ele>1525.1</ele><time>2021-08-21T02:16:37Z</time></trkpt><trkpt lat="36.968633" lon="138.952562"><ele>1521.3</ele><time>2021-08-21T02:17:08Z</time></trkpt><trkpt lat="36.968628" lon="138.952558"><ele>1521.2</ele><time>2021-08-21T02:17:09Z</time></trkpt><trkpt lat="36.968621" lon="138.952555"><ele>1521.0</ele><time>2021-08-21T02:17:10Z</time></trkpt><trkpt lat="36.968618" lon="138.952556"><ele>1521.0</ele><time>2021-08-21T02:17:11Z</time></trkpt><trkpt lat="36.968614" lon="138.952555"><ele>1520.9</ele><time>2021-08-21T02:17:12Z</time></trkpt><trkpt lat="36.968614" lon="138.952558"><ele>1520.8</ele><time>2021-08-21T02:17:13Z</time></trkpt><trkpt lat="36.968605" lon="138.952548"><ele>1520.5</ele><time>2021-08-21T02:17:14Z</time></trkpt><trkpt lat="36.9686" lon="138.952547"><ele>1520.4</ele><time>2021-08-21T02:17:15Z</time></trkpt><trkpt lat="36.9686" lon="138.952547"><ele>1520.4</ele><time>2021-08-21T02:17:16Z</time></trkpt><trkpt lat="36.9686" lon="138.952538"><ele>1520.3</ele><time>2021-08-21T02:17:17Z</time></trkpt><trkpt lat="36.968603" lon="138.95253"><ele>1520.1</ele><time>2021-08-21T02:17:18Z</time></trkpt><trkpt lat="36.968602" lon="138.952525"><ele>1520.0</ele><time>2021-08-21T02:17:19Z</time></trkpt><trkpt lat="36.968592" lon="138.952521"><ele>1519.8</ele><time>2021-08-21T02:17:20Z</time></trkpt><trkpt lat="36.968585" lon="138.952496"><ele>1519.3</ele><time>2021-08-21T02:17:22Z</time></trkpt><trkpt lat="36.968581" lon="138.952489"><ele>1519.1</ele><time>2021-08-21T02:17:23Z</time></trkpt><trkpt lat="36.968577" lon="138.952479"><ele>1518.9</ele><time>2021-08-21T02:17:24Z</time></trkpt><trkpt lat="36.968572" lon="138.952481"><ele>1518.8</ele><time>2021-08-21T02:17:25Z</time></trkpt><trkpt lat="36.968566" lon="138.952486"><ele>1518.6</ele><time>2021-08-21T02:17:26Z</time></trkpt><trkpt lat="36.968561" lon="138.952498"><ele>1518.4</ele><time>2021-08-21T02:17:27Z</time></trkpt><trkpt lat="36.968564" lon="138.952514"><ele>1518.1</ele><time>2021-08-21T02:17:28Z</time></trkpt><trkpt lat="36.968559" lon="138.952512"><ele>1518.0</ele><time>2021-08-21T02:17:29Z</time></trkpt><trkpt lat="36.968556" lon="138.952507"><ele>1517.9</ele><time>2021-08-21T02:17:30Z</time></trkpt><trkpt lat="36.96855" lon="138.9525"><ele>1517.7</ele><time>2021-08-21T02:17:31Z</time></trkpt><trkpt lat="36.96855" lon="138.952495"><ele>1517.6</ele><time>2021-08-21T02:17:32Z</time></trkpt><trkpt lat="36.96855" lon="138.952494"><ele>1517.6</ele><time>2021-08-21T02:17:33Z</time></trkpt><trkpt lat="36.96855" lon="138.952486"><ele>1517.4</ele><time>2021-08-21T02:17:34Z</time></trkpt><trkpt lat="36.968538" lon="138.952399"><ele>1515.8</ele><time>2021-08-21T02:17:47Z</time></trkpt><trkpt lat="36.968535" lon="138.952406"><ele>1515.7</ele><time>2021-08-21T02:17:48Z</time></trkpt><trkpt lat="36.968531" lon="138.952399"><ele>1515.5</ele><time>2021-08-21T02:17:49Z</time></trkpt><trkpt lat="36.968528" lon="138.952391"><ele>1515.3</ele><time>2021-08-21T02:17:50Z</time></trkpt><trkpt lat="36.968525" lon="138.952384"><ele>1515.2</ele><time>2021-08-21T02:17:51Z</time></trkpt><trkpt lat="36.968521" lon="138.952383"><ele>1515.1</ele><time>2021-08-21T02:17:52Z</time></trkpt><trkpt lat="36.968523" lon="138.952379"><ele>1515.0</ele><time>2021-08-21T02:17:53Z</time></trkpt><trkpt lat="36.96852" lon="138.952379"><ele>1514.9</ele><time>2021-08-21T02:17:54Z</time></trkpt><trkpt lat="36.968521" lon="138.952366"><ele>1514.7</ele><time>2021-08-21T02:17:55Z</time></trkpt><trkpt lat="36.968524" lon="138.952357"><ele>1514.5</ele><time>2021-08-21T02:17:56Z</time></trkpt><trkpt lat="36.968538" lon="138.95215"><ele>1510.7</ele><time>2021-08-21T02:18:27Z</time></trkpt><trkpt lat="36.968538" lon="138.952143"><ele>1510.6</ele><time>2021-08-21T02:18:28Z</time></trkpt><trkpt lat="36.968536" lon="138.95214"><ele>1510.5</ele><time>2021-08-21T02:18:29Z</time></trkpt><trkpt lat="36.968532" lon="138.952139"><ele>1510.5</ele><time>2021-08-21T02:18:30Z</time></trkpt><trkpt lat="36.968531" lon="138.952136"><ele>1510.4</ele><time>2021-08-21T02:18:31Z</time></trkpt><trkpt lat="36.96853" lon="138.952129"><ele>1510.3</ele><time>2021-08-21T02:18:32Z</time></trkpt><trkpt lat="36.96853" lon="138.95213"><ele>1510.2</ele><time>2021-08-21T02:18:33Z</time></trkpt><trkpt lat="36.968532" lon="138.952138"><ele>1510.1</ele><time>2021-08-21T02:18:34Z</time></trkpt><trkpt lat="36.968534" lon="138.952123"><ele>1509.8</ele><time>2021-08-21T02:18:35Z</time></trkpt><trkpt lat="36.968533" lon="138.952111"><ele>1509.6</ele><time>2021-08-21T02:18:36Z</time></trkpt><trkpt lat="36.968528" lon="138.952098"><ele>1509.3</ele><time>2021-08-21T02:18:37Z</time></trkpt><trkpt lat="36.968525" lon="138.952097"><ele>1509.3</ele><time>2021-08-21T02:18:38Z</time></trkpt><trkpt lat="36.968524" lon="138.952091"><ele>1509.2</ele><time>2021-08-21T02:18:39Z</time></trkpt><trkpt lat="36.968523" lon="138.952082"><ele>1509.0</ele><time>2021-08-21T02:18:40Z</time></trkpt><trkpt lat="36.968524" lon="138.952084"><ele>1508.9</ele><time>2021-08-21T02:18:41Z</time></trkpt><trkpt lat="36.968525" lon="138.952079"><ele>1508.8</ele><time>2021-08-21T02:18:42Z</time></trkpt><trkpt lat="36.96852" lon="138.952065"><ele>1508.6</ele><time>2021-08-21T02:18:43Z</time></trkpt><trkpt lat="36.968518" lon="138.952069"><ele>1508.5</ele><time>2021-08-21T02:18:44Z</time></trkpt><trkpt lat="36.968517" lon="138.952064"><ele>1508.4</ele><time>2021-08-21T02:18:45Z</time></trkpt><trkpt lat="36.968514" lon="138.952055"><ele>1508.2</ele><time>2021-08-21T02:18:46Z</time></trkpt><trkpt lat="36.968515" lon="138.952036"><ele>1507.9</ele><time>2021-08-21T02:18:47Z</time></trkpt><trkpt lat="36.96846" lon="138.951844"><ele>1504.1</ele><time>2021-08-21T02:19:19Z</time></trkpt><trkpt lat="36.968456" lon="138.95185"><ele>1504.0</ele><time>2021-08-21T02:19:20Z</time></trkpt><trkpt lat="36.968443" lon="138.951848"><ele>1503.7</ele><time>2021-08-21T02:19:21Z</time></trkpt><trkpt lat="36.968437" lon="138.951844"><ele>1503.6</ele><time>2021-08-21T02:19:22Z</time></trkpt><trkpt lat="36.968432" lon="138.951842"><ele>1503.4</ele><time>2021-08-21T02:19:23Z</time></trkpt><trkpt lat="36.968425" lon="138.951841"><ele>1503.3</ele><time>2021-08-21T02:19:24Z</time></trkpt><trkpt lat="36.96842" lon="138.951838"><ele>1503.1</ele><time>2021-08-21T02:19:25Z</time></trkpt><trkpt lat="36.968427" lon="138.951832"><ele>1502.9</ele><time>2021-08-21T02:19:26Z</time></trkpt><trkpt lat="36.968425" lon="138.951824"><ele>1502.8</ele><time>2021-08-21T02:19:27Z</time></trkpt><trkpt lat="36.968414" lon="138.951812"><ele>1502.5</ele><time>2021-08-21T02:19:28Z</time></trkpt><trkpt lat="36.968409" lon="138.951808"><ele>1502.3</ele><time>2021-08-21T02:19:29Z</time></trkpt><trkpt lat="36.968398" lon="138.951804"><ele>1502.1</ele><time>2021-08-21T02:19:30Z</time></trkpt><trkpt lat="36.968389" lon="138.951803"><ele>1501.9</ele><time>2021-08-21T02:19:31Z</time></trkpt><trkpt lat="36.968384" lon="138.951801"><ele>1501.7</ele><time>2021-08-21T02:19:32Z</time></trkpt><trkpt lat="36.968373" lon="138.951796"><ele>1501.5</ele><time>2021-08-21T02:19:33Z</time></trkpt><trkpt lat="36.968375" lon="138.9518"><ele>1501.4</ele><time>2021-08-21T02:19:34Z</time></trkpt><trkpt lat="36.968372" lon="138.951795"><ele>1501.3</ele><time>2021-08-21T02:19:35Z</time></trkpt><trkpt lat="36.96837" lon="138.951789"><ele>1501.2</ele><time>2021-08-21T02:19:36Z</time></trkpt><trkpt lat="36.968373" lon="138.951791"><ele>1501.1</ele><time>2021-08-21T02:19:37Z</time></trkpt><trkpt lat="36.968376" lon="138.951791"><ele>1501.0</ele><time>2021-08-21T02:19:38Z</time></trkpt><trkpt lat="36.968373" lon="138.951788"><ele>1500.9</ele><time>2021-08-21T02:19:39Z</time></trkpt><trkpt lat="36.96837" lon="138.951782"><ele>1500.8</ele><time>2021-08-21T02:19:40Z</time></trkpt><trkpt lat="36.968364" lon="138.951779"><ele>1500.6</ele><time>2021-08-21T02:19:41Z</time></trkpt><trkpt lat="36.968365" lon="138.951768"><ele>1500.4</ele><time>2021-08-21T02:19:42Z</time></trkpt><trkpt lat="36.968362" lon="138.951765"><ele>1500.4</ele><time>2021-08-21T02:19:43Z</time></trkpt><trkpt lat="36.968322" lon="138.951697"><ele>1498.8</ele><time>2021-08-21T02:19:55Z</time></trkpt><trkpt lat="36.968313" lon="138.951675"><ele>1498.4</ele><time>2021-08-21T02:19:57Z</time></trkpt><trkpt lat="36.968303" lon="138.951664"><ele>1498.1</ele><time>2021-08-21T02:19:58Z</time></trkpt><trkpt lat="36.968299" lon="138.951661"><ele>1498.0</ele><time>2021-08-21T02:19:59Z</time></trkpt><trkpt lat="36.968291" lon="138.95166"><ele>1497.8</ele><time>2021-08-21T02:20:00Z</time></trkpt><trkpt lat="36.968283" lon="138.951656"><ele>1497.6</ele><time>2021-08-21T02:20:01Z</time></trkpt><trkpt lat="36.968281" lon="138.951652"><ele>1497.5</ele><time>2021-08-21T02:20:02Z</time></trkpt><trkpt lat="36.968274" lon="138.951644"><ele>1497.3</ele><time>2021-08-21T02:20:03Z</time></trkpt><trkpt lat="36.96827" lon="138.951642"><ele>1497.2</ele><time>2021-08-21T02:20:04Z</time></trkpt><trkpt lat="36.968263" lon="138.951642"><ele>1497.0</ele><time>2021-08-21T02:20:05Z</time></trkpt><trkpt lat="36.968255" lon="138.951628"><ele>1496.7</ele><time>2021-08-21T02:20:06Z</time></trkpt><trkpt lat="36.968247" lon="138.951624"><ele>1496.5</ele><time>2021-08-21T02:20:07Z</time></trkpt><trkpt lat="36.968242" lon="138.951621"><ele>1496.4</ele><time>2021-08-21T02:20:08Z</time></trkpt><trkpt lat="36.968237" lon="138.951617"><ele>1496.2</ele><time>2021-08-21T02:20:09Z</time></trkpt><trkpt lat="36.968231" lon="138.951614"><ele>1496.1</ele><time>2021-08-21T02:20:10Z</time></trkpt><trkpt lat="36.968226" lon="138.951611"><ele>1496.0</ele><time>2021-08-21T02:20:11Z</time></trkpt><trkpt lat="36.968221" lon="138.951608"><ele>1495.8</ele><time>2021-08-21T02:20:12Z</time></trkpt><trkpt lat="36.968215" lon="138.951603"><ele>1495.7</ele><time>2021-08-21T02:20:13Z</time></trkpt><trkpt lat="36.968211" lon="138.951604"><ele>1495.6</ele><time>2021-08-21T02:20:14Z</time></trkpt><trkpt lat="36.968206" lon="138.951599"><ele>1495.4</ele><time>2021-08-21T02:20:15Z</time></trkpt><trkpt lat="36.968201" lon="138.951596"><ele>1495.3</ele><time>2021-08-21T02:20:16Z</time></trkpt><trkpt lat="36.968193" lon="138.951588"><ele>1495.1</ele><time>2021-08-21T02:20:17Z</time></trkpt><trkpt lat="36.968175" lon="138.951586"><ele>1494.7</ele><time>2021-08-21T02:20:18Z</time></trkpt><trkpt lat="36.968169" lon="138.951583"><ele>1494.5</ele><time>2021-08-21T02:20:19Z</time></trkpt><trkpt lat="36.968162" lon="138.951581"><ele>1494.4</ele><time>2021-08-21T02:20:20Z</time></trkpt><trkpt lat="36.968155" lon="138.951579"><ele>1494.2</ele><time>2021-08-21T02:20:21Z</time></trkpt><trkpt lat="36.96815" lon="138.951572"><ele>1494.0</ele><time>2021-08-21T02:20:22Z</time></trkpt><trkpt lat="36.968149" lon="138.951565"><ele>1493.9</ele><time>2021-08-21T02:20:23Z</time></trkpt><trkpt lat="36.968144" lon="138.951557"><ele>1493.7</ele><time>2021-08-21T02:20:24Z</time></trkpt><trkpt lat="36.968142" lon="138.951547"><ele>1493.5</ele><time>2021-08-21T02:20:25Z</time></trkpt><trkpt lat="36.968142" lon="138.951541"><ele>1493.4</ele><time>2021-08-21T02:20:26Z</time></trkpt><trkpt lat="36.96814" lon="138.95153"><ele>1493.2</ele><time>2021-08-21T02:20:27Z</time></trkpt><trkpt lat="36.968139" lon="138.951525"><ele>1493.1</ele><time>2021-08-21T02:20:28Z</time></trkpt><trkpt lat="36.968134" lon="138.951521"><ele>1493.0</ele><time>2021-08-21T02:20:29Z</time></trkpt><trkpt lat="36.968129" lon="138.951515"><ele>1492.8</ele><time>2021-08-21T02:20:30Z</time></trkpt><trkpt lat="36.968118" lon="138.951508"><ele>1492.5</ele><time>2021-08-21T02:20:31Z</time></trkpt><trkpt lat="36.968113" lon="138.951508"><ele>1492.4</ele><time>2021-08-21T02:20:32Z</time></trkpt><trkpt lat="36.968108" lon="138.951496"><ele>1492.2</ele><time>2021-08-21T02:20:33Z</time></trkpt><trkpt lat="36.968107" lon="138.951494"><ele>1492.1</ele><time>2021-08-21T02:20:34Z</time></trkpt><trkpt lat="36.968101" lon="138.951491"><ele>1492.0</ele><time>2021-08-21T02:20:35Z</time></trkpt><trkpt lat="36.968095" lon="138.951488"><ele>1491.8</ele><time>2021-08-21T02:20:36Z</time></trkpt><trkpt lat="36.968096" lon="138.951485"><ele>1491.8</ele><time>2021-08-21T02:20:37Z</time></trkpt><trkpt lat="36.968086" lon="138.95147"><ele>1491.4</ele><time>2021-08-21T02:20:38Z</time></trkpt><trkpt lat="36.968083" lon="138.951468"><ele>1491.3</ele><time>2021-08-21T02:20:39Z</time></trkpt><trkpt lat="36.968076" lon="138.951454"><ele>1491.0</ele><time>2021-08-21T02:20:40Z</time></trkpt><trkpt lat="36.968072" lon="138.951451"><ele>1490.9</ele><time>2021-08-21T02:20:41Z</time></trkpt><trkpt lat="36.968068" lon="138.951443"><ele>1490.8</ele><time>2021-08-21T02:20:42Z</time></trkpt><trkpt lat="36.968067" lon="138.951443"><ele>1490.7</ele><time>2021-08-21T02:20:43Z</time></trkpt><trkpt lat="36.968062" lon="138.951436"><ele>1490.6</ele><time>2021-08-21T02:20:44Z</time></trkpt><trkpt lat="36.968054" lon="138.95143"><ele>1490.4</ele><time>2021-08-21T02:20:45Z</time></trkpt><trkpt lat="36.968046" lon="138.951429"><ele>1490.2</ele><time>2021-08-21T02:20:46Z</time></trkpt><trkpt lat="36.968039" lon="138.95142"><ele>1489.9</ele><time>2021-08-21T02:20:47Z</time></trkpt><trkpt lat="36.968041" lon="138.951416"><ele>1489.9</ele><time>2021-08-21T02:20:48Z</time></trkpt><trkpt lat="36.96804" lon="138.951409"><ele>1489.7</ele><time>2021-08-21T02:20:49Z</time></trkpt><trkpt lat="36.968032" lon="138.951396"><ele>1489.4</ele><time>2021-08-21T02:20:50Z</time></trkpt><trkpt lat="36.968029" lon="138.951395"><ele>1489.4</ele><time>2021-08-21T02:20:51Z</time></trkpt><trkpt lat="36.968024" lon="138.951387"><ele>1489.2</ele><time>2021-08-21T02:20:52Z</time></trkpt><trkpt lat="36.968025" lon="138.95138"><ele>1489.0</ele><time>2021-08-21T02:20:53Z</time></trkpt><trkpt lat="36.968013" lon="138.95137"><ele>1488.7</ele><time>2021-08-21T02:20:54Z</time></trkpt><trkpt lat="36.968014" lon="138.951383"><ele>1488.5</ele><time>2021-08-21T02:20:55Z</time></trkpt><trkpt lat="36.968011" lon="138.951387"><ele>1488.4</ele><time>2021-08-21T02:20:56Z</time></trkpt><trkpt lat="36.967995" lon="138.951383"><ele>1488.0</ele><time>2021-08-21T02:20:57Z</time></trkpt><trkpt lat="36.967991" lon="138.951382"><ele>1487.9</ele><time>2021-08-21T02:20:58Z</time></trkpt><trkpt lat="36.96798" lon="138.951373"><ele>1487.6</ele><time>2021-08-21T02:20:59Z</time></trkpt><trkpt lat="36.967977" lon="138.951377"><ele>1487.5</ele><time>2021-08-21T02:21:00Z</time></trkpt><trkpt lat="36.967973" lon="138.951376"><ele>1487.4</ele><time>2021-08-21T02:21:01Z</time></trkpt><trkpt lat="36.967964" lon="138.95137"><ele>1487.2</ele><time>2021-08-21T02:21:02Z</time></trkpt><trkpt lat="36.967958" lon="138.95137"><ele>1487.1</ele><time>2021-08-21T02:21:03Z</time></trkpt><trkpt lat="36.967954" lon="138.951375"><ele>1486.9</ele><time>2021-08-21T02:21:04Z</time></trkpt><trkpt lat="36.967944" lon="138.951371"><ele>1486.7</ele><time>2021-08-21T02:21:05Z</time></trkpt><trkpt lat="36.967937" lon="138.951357"><ele>1486.4</ele><time>2021-08-21T02:21:06Z</time></trkpt><trkpt lat="36.967934" lon="138.951353"><ele>1486.3</ele><time>2021-08-21T02:21:07Z</time></trkpt><trkpt lat="36.967925" lon="138.951349"><ele>1486.1</ele><time>2021-08-21T02:21:08Z</time></trkpt><trkpt lat="36.967914" lon="138.951341"><ele>1485.8</ele><time>2021-08-21T02:21:09Z</time></trkpt><trkpt lat="36.967909" lon="138.951331"><ele>1485.6</ele><time>2021-08-21T02:21:10Z</time></trkpt><trkpt lat="36.967896" lon="138.951313"><ele>1485.1</ele><time>2021-08-21T02:21:11Z</time></trkpt><trkpt lat="36.967889" lon="138.951304"><ele>1484.9</ele><time>2021-08-21T02:21:12Z</time></trkpt><trkpt lat="36.967883" lon="138.951296"><ele>1484.7</ele><time>2021-08-21T02:21:13Z</time></trkpt><trkpt lat="36.967878" lon="138.951288"><ele>1484.5</ele><time>2021-08-21T02:21:14Z</time></trkpt><trkpt lat="36.967875" lon="138.951275"><ele>1484.3</ele><time>2021-08-21T02:21:15Z</time></trkpt><trkpt lat="36.96787" lon="138.951267"><ele>1484.1</ele><time>2021-08-21T02:21:16Z</time></trkpt><trkpt lat="36.967862" lon="138.951253"><ele>1483.8</ele><time>2021-08-21T02:21:17Z</time></trkpt><trkpt lat="36.96786" lon="138.951245"><ele>1483.6</ele><time>2021-08-21T02:21:18Z</time></trkpt><trkpt lat="36.967863" lon="138.951232"><ele>1483.4</ele><time>2021-08-21T02:21:19Z</time></trkpt><trkpt lat="36.967872" lon="138.951224"><ele>1483.1</ele><time>2021-08-21T02:21:20Z</time></trkpt><trkpt lat="36.967876" lon="138.951223"><ele>1483.0</ele><time>2021-08-21T02:21:21Z</time></trkpt><trkpt lat="36.967879" lon="138.951223"><ele>1482.9</ele><time>2021-08-21T02:21:22Z</time></trkpt><trkpt lat="36.967882" lon="138.951223"><ele>1482.9</ele><time>2021-08-21T02:21:23Z</time></trkpt><trkpt lat="36.967886" lon="138.951222"><ele>1482.8</ele><time>2021-08-21T02:21:24Z</time></trkpt><trkpt lat="36.967889" lon="138.951222"><ele>1482.7</ele><time>2021-08-21T02:21:25Z</time></trkpt><trkpt lat="36.967892" lon="138.951222"><ele>1482.6</ele><time>2021-08-21T02:21:26Z</time></trkpt><trkpt lat="36.967896" lon="138.951221"><ele>1482.6</ele><time>2021-08-21T02:21:27Z</time></trkpt><trkpt lat="36.967899" lon="138.951221"><ele>1482.5</ele><time>2021-08-21T02:21:28Z</time></trkpt><trkpt lat="36.967894" lon="138.951209"><ele>1482.2</ele><time>2021-08-21T02:21:29Z</time></trkpt><trkpt lat="36.967892" lon="138.951201"><ele>1482.1</ele><time>2021-08-21T02:21:30Z</time></trkpt><trkpt lat="36.967897" lon="138.951191"><ele>1481.9</ele><time>2021-08-21T02:21:31Z</time></trkpt><trkpt lat="36.967899" lon="138.951182"><ele>1481.7</ele><time>2021-08-21T02:21:32Z</time></trkpt><trkpt lat="36.967897" lon="138.95117"><ele>1481.5</ele><time>2021-08-21T02:21:33Z</time></trkpt><trkpt lat="36.967896" lon="138.951169"><ele>1481.4</ele><time>2021-08-21T02:21:34Z</time></trkpt><trkpt lat="36.967893" lon="138.951171"><ele>1481.4</ele><time>2021-08-21T02:21:35Z</time></trkpt><trkpt lat="36.967893" lon="138.951167"><ele>1481.3</ele><time>2021-08-21T02:21:36Z</time></trkpt><trkpt lat="36.967894" lon="138.951152"><ele>1481.0</ele><time>2021-08-21T02:21:37Z</time></trkpt><trkpt lat="36.967892" lon="138.951141"><ele>1480.8</ele><time>2021-08-21T02:21:38Z</time></trkpt><trkpt lat="36.96789" lon="138.951135"><ele>1480.7</ele><time>2021-08-21T02:21:39Z</time></trkpt><trkpt lat="36.967894" lon="138.951136"><ele>1480.6</ele><time>2021-08-21T02:21:40Z</time></trkpt><trkpt lat="36.96789" lon="138.95113"><ele>1480.5</ele><time>2021-08-21T02:21:41Z</time></trkpt><trkpt lat="36.967889" lon="138.951124"><ele>1480.4</ele><time>2021-08-21T02:21:42Z</time></trkpt><trkpt lat="36.967889" lon="138.951118"><ele>1480.2</ele><time>2021-08-21T02:21:43Z</time></trkpt><trkpt lat="36.967858" lon="138.951091"><ele>1479.4</ele><time>2021-08-21T02:21:49Z</time></trkpt><trkpt lat="36.967842" lon="138.951083"><ele>1479.0</ele><time>2021-08-21T02:21:50Z</time></trkpt><trkpt lat="36.967834" lon="138.951073"><ele>1478.7</ele><time>2021-08-21T02:21:51Z</time></trkpt><trkpt lat="36.967829" lon="138.951068"><ele>1478.6</ele><time>2021-08-21T02:21:53Z</time></trkpt><trkpt lat="36.967825" lon="138.951063"><ele>1478.5</ele><time>2021-08-21T02:21:54Z</time></trkpt><trkpt lat="36.967823" lon="138.951052"><ele>1478.2</ele><time>2021-08-21T02:21:55Z</time></trkpt><trkpt lat="36.967821" lon="138.951044"><ele>1478.1</ele><time>2021-08-21T02:21:56Z</time></trkpt><trkpt lat="36.967821" lon="138.951045"><ele>1478.1</ele><time>2021-08-21T02:21:57Z</time></trkpt><trkpt lat="36.967819" lon="138.951027"><ele>1477.7</ele><time>2021-08-21T02:21:58Z</time></trkpt><trkpt lat="36.967818" lon="138.951015"><ele>1477.5</ele><time>2021-08-21T02:21:59Z</time></trkpt><trkpt lat="36.96781" lon="138.951007"><ele>1477.3</ele><time>2021-08-21T02:22:00Z</time></trkpt><trkpt lat="36.967807" lon="138.950997"><ele>1477.1</ele><time>2021-08-21T02:22:01Z</time></trkpt><trkpt lat="36.967806" lon="138.950997"><ele>1477.1</ele><time>2021-08-21T02:22:02Z</time></trkpt><trkpt lat="36.967809" lon="138.950995"><ele>1477.0</ele><time>2021-08-21T02:22:03Z</time></trkpt><trkpt lat="36.967806" lon="138.950985"><ele>1476.8</ele><time>2021-08-21T02:22:04Z</time></trkpt><trkpt lat="36.967805" lon="138.950975"><ele>1476.6</ele><time>2021-08-21T02:22:05Z</time></trkpt><trkpt lat="36.967801" lon="138.950967"><ele>1476.4</ele><time>2021-08-21T02:22:06Z</time></trkpt><trkpt lat="36.967798" lon="138.950957"><ele>1476.3</ele><time>2021-08-21T02:22:07Z</time></trkpt><trkpt lat="36.967793" lon="138.95095"><ele>1476.1</ele><time>2021-08-21T02:22:08Z</time></trkpt><trkpt lat="36.967789" lon="138.950948"><ele>1476.0</ele><time>2021-08-21T02:22:09Z</time></trkpt><trkpt lat="36.967781" lon="138.950943"><ele>1475.8</ele><time>2021-08-21T02:22:10Z</time></trkpt><trkpt lat="36.967778" lon="138.950934"><ele>1475.6</ele><time>2021-08-21T02:22:11Z</time></trkpt><trkpt lat="36.967782" lon="138.95093"><ele>1475.5</ele><time>2021-08-21T02:22:12Z</time></trkpt><trkpt lat="36.96778" lon="138.950919"><ele>1475.3</ele><time>2021-08-21T02:22:13Z</time></trkpt><trkpt lat="36.967759" lon="138.950904"><ele>1474.7</ele><time>2021-08-21T02:22:14Z</time></trkpt><trkpt lat="36.967755" lon="138.950904"><ele>1474.6</ele><time>2021-08-21T02:22:15Z</time></trkpt><trkpt lat="36.967755" lon="138.950909"><ele>1474.5</ele><time>2021-08-21T02:22:16Z</time></trkpt><trkpt lat="36.967754" lon="138.950912"><ele>1474.5</ele><time>2021-08-21T02:22:17Z</time></trkpt><trkpt lat="36.96775" lon="138.950917"><ele>1474.4</ele><time>2021-08-21T02:22:18Z</time></trkpt><trkpt lat="36.967747" lon="138.950915"><ele>1474.3</ele><time>2021-08-21T02:22:19Z</time></trkpt><trkpt lat="36.967739" lon="138.950897"><ele>1473.9</ele><time>2021-08-21T02:22:20Z</time></trkpt><trkpt lat="36.967737" lon="138.950884"><ele>1473.7</ele><time>2021-08-21T02:22:21Z</time></trkpt><trkpt lat="36.967731" lon="138.950871"><ele>1473.4</ele><time>2021-08-21T02:22:22Z</time></trkpt><trkpt lat="36.967723" lon="138.950862"><ele>1473.1</ele><time>2021-08-21T02:22:23Z</time></trkpt><trkpt lat="36.967715" lon="138.950867"><ele>1472.9</ele><time>2021-08-21T02:22:24Z</time></trkpt><trkpt lat="36.96771" lon="138.950871"><ele>1472.8</ele><time>2021-08-21T02:22:25Z</time></trkpt><trkpt lat="36.967696" lon="138.950876"><ele>1472.5</ele><time>2021-08-21T02:22:26Z</time></trkpt><trkpt lat="36.967682" lon="138.950865"><ele>1472.1</ele><time>2021-08-21T02:22:27Z</time></trkpt><trkpt lat="36.967671" lon="138.95087"><ele>1471.8</ele><time>2021-08-21T02:22:28Z</time></trkpt><trkpt lat="36.967667" lon="138.950866"><ele>1471.7</ele><time>2021-08-21T02:22:29Z</time></trkpt><trkpt lat="36.967647" lon="138.950862"><ele>1471.2</ele><time>2021-08-21T02:22:30Z</time></trkpt><trkpt lat="36.96764" lon="138.950862"><ele>1471.1</ele><time>2021-08-21T02:22:31Z</time></trkpt><trkpt lat="36.967633" lon="138.950858"><ele>1470.9</ele><time>2021-08-21T02:22:32Z</time></trkpt><trkpt lat="36.96763" lon="138.950857"><ele>1470.8</ele><time>2021-08-21T02:22:33Z</time></trkpt><trkpt lat="36.967617" lon="138.950867"><ele>1470.5</ele><time>2021-08-21T02:22:34Z</time></trkpt><trkpt lat="36.967609" lon="138.950868"><ele>1470.3</ele><time>2021-08-21T02:22:35Z</time></trkpt><trkpt lat="36.967601" lon="138.950863"><ele>1470.1</ele><time>2021-08-21T02:22:36Z</time></trkpt><trkpt lat="36.967604" lon="138.950858"><ele>1470.0</ele><time>2021-08-21T02:22:37Z</time></trkpt><trkpt lat="36.967589" lon="138.950842"><ele>1469.5</ele><time>2021-08-21T02:22:38Z</time></trkpt><trkpt lat="36.967586" lon="138.950822"><ele>1469.2</ele><time>2021-08-21T02:22:39Z</time></trkpt><trkpt lat="36.967582" lon="138.950808"><ele>1468.9</ele><time>2021-08-21T02:22:40Z</time></trkpt><trkpt lat="36.967585" lon="138.950799"><ele>1468.7</ele><time>2021-08-21T02:22:41Z</time></trkpt><trkpt lat="36.96758" lon="138.95079"><ele>1468.5</ele><time>2021-08-21T02:22:42Z</time></trkpt><trkpt lat="36.967575" lon="138.950781"><ele>1468.3</ele><time>2021-08-21T02:22:43Z</time></trkpt><trkpt lat="36.967576" lon="138.950768"><ele>1468.1</ele><time>2021-08-21T02:22:44Z</time></trkpt><trkpt lat="36.967577" lon="138.950764"><ele>1468.0</ele><time>2021-08-21T02:22:45Z</time></trkpt><trkpt lat="36.967572" lon="138.950753"><ele>1467.8</ele><time>2021-08-21T02:22:46Z</time></trkpt><trkpt lat="36.967571" lon="138.950756"><ele>1467.7</ele><time>2021-08-21T02:22:47Z</time></trkpt><trkpt lat="36.967563" lon="138.950747"><ele>1467.5</ele><time>2021-08-21T02:22:48Z</time></trkpt><trkpt lat="36.967565" lon="138.950752"><ele>1467.4</ele><time>2021-08-21T02:22:49Z</time></trkpt><trkpt lat="36.967559" lon="138.950742"><ele>1467.1</ele><time>2021-08-21T02:22:50Z</time></trkpt><trkpt lat="36.967559" lon="138.950744"><ele>1467.1</ele><time>2021-08-21T02:22:51Z</time></trkpt><trkpt lat="36.967554" lon="138.950747"><ele>1467.0</ele><time>2021-08-21T02:22:52Z</time></trkpt><trkpt lat="36.967532" lon="138.950705"><ele>1466.1</ele><time>2021-08-21T02:22:57Z</time></trkpt><trkpt lat="36.967524" lon="138.950689"><ele>1465.7</ele><time>2021-08-21T02:22:58Z</time></trkpt><trkpt lat="36.967524" lon="138.950684"><ele>1465.6</ele><time>2021-08-21T02:22:59Z</time></trkpt><trkpt lat="36.967523" lon="138.950677"><ele>1465.5</ele><time>2021-08-21T02:23:00Z</time></trkpt><trkpt lat="36.96752" lon="138.950673"><ele>1465.4</ele><time>2021-08-21T02:23:01Z</time></trkpt><trkpt lat="36.967522" lon="138.950678"><ele>1465.3</ele><time>2021-08-21T02:23:02Z</time></trkpt><trkpt lat="36.967523" lon="138.950674"><ele>1465.2</ele><time>2021-08-21T02:23:03Z</time></trkpt><trkpt lat="36.967529" lon="138.950673"><ele>1465.1</ele><time>2021-08-21T02:23:04Z</time></trkpt><trkpt lat="36.967526" lon="138.950675"><ele>1465.0</ele><time>2021-08-21T02:23:05Z</time></trkpt><trkpt lat="36.967524" lon="138.950677"><ele>1464.9</ele><time>2021-08-21T02:23:06Z</time></trkpt><trkpt lat="36.967517" lon="138.950662"><ele>1464.6</ele><time>2021-08-21T02:23:07Z</time></trkpt><trkpt lat="36.96752" lon="138.950661"><ele>1464.6</ele><time>2021-08-21T02:23:08Z</time></trkpt><trkpt lat="36.967521" lon="138.950649"><ele>1464.3</ele><time>2021-08-21T02:23:09Z</time></trkpt><trkpt lat="36.967518" lon="138.950636"><ele>1464.1</ele><time>2021-08-21T02:23:10Z</time></trkpt><trkpt lat="36.967521" lon="138.950631"><ele>1464.0</ele><time>2021-08-21T02:23:11Z</time></trkpt><trkpt lat="36.967517" lon="138.950622"><ele>1463.8</ele><time>2021-08-21T02:23:12Z</time></trkpt><trkpt lat="36.967507" lon="138.950622"><ele>1463.6</ele><time>2021-08-21T02:23:13Z</time></trkpt><trkpt lat="36.967501" lon="138.950609"><ele>1463.3</ele><time>2021-08-21T02:23:14Z</time></trkpt><trkpt lat="36.967495" lon="138.950607"><ele>1463.1</ele><time>2021-08-21T02:23:15Z</time></trkpt><trkpt lat="36.967478" lon="138.950604"><ele>1462.8</ele><time>2021-08-21T02:23:16Z</time></trkpt><trkpt lat="36.967479" lon="138.950601"><ele>1462.7</ele><time>2021-08-21T02:23:17Z</time></trkpt><trkpt lat="36.967475" lon="138.950591"><ele>1462.5</ele><time>2021-08-21T02:23:18Z</time></trkpt><trkpt lat="36.967472" lon="138.95057"><ele>1462.1</ele><time>2021-08-21T02:23:19Z</time></trkpt><trkpt lat="36.967461" lon="138.950559"><ele>1461.8</ele><time>2021-08-21T02:23:20Z</time></trkpt><trkpt lat="36.967448" lon="138.950548"><ele>1461.4</ele><time>2021-08-21T02:23:21Z</time></trkpt><trkpt lat="36.967444" lon="138.95055"><ele>1461.3</ele><time>2021-08-21T02:23:22Z</time></trkpt><trkpt lat="36.96744" lon="138.950553"><ele>1461.2</ele><time>2021-08-21T02:23:23Z</time></trkpt><trkpt lat="36.967436" lon="138.950555"><ele>1461.1</ele><time>2021-08-21T02:23:24Z</time></trkpt><trkpt lat="36.967432" lon="138.950558"><ele>1461.0</ele><time>2021-08-21T02:23:25Z</time></trkpt><trkpt lat="36.967428" lon="138.95056"><ele>1460.9</ele><time>2021-08-21T02:23:26Z</time></trkpt><trkpt lat="36.967424" lon="138.950563"><ele>1460.8</ele><time>2021-08-21T02:23:27Z</time></trkpt><trkpt lat="36.967412" lon="138.950564"><ele>1460.5</ele><time>2021-08-21T02:23:28Z</time></trkpt><trkpt lat="36.967406" lon="138.95056"><ele>1460.4</ele><time>2021-08-21T02:23:29Z</time></trkpt><trkpt lat="36.967401" lon="138.950557"><ele>1460.3</ele><time>2021-08-21T02:23:30Z</time></trkpt><trkpt lat="36.967395" lon="138.950553"><ele>1460.1</ele><time>2021-08-21T02:23:31Z</time></trkpt><trkpt lat="36.967389" lon="138.950549"><ele>1459.9</ele><time>2021-08-21T02:23:32Z</time></trkpt><trkpt lat="36.967382" lon="138.950542"><ele>1459.7</ele><time>2021-08-21T02:23:33Z</time></trkpt><trkpt lat="36.967378" lon="138.950536"><ele>1459.6</ele><time>2021-08-21T02:23:34Z</time></trkpt><trkpt lat="36.967373" lon="138.950529"><ele>1459.4</ele><time>2021-08-21T02:23:35Z</time></trkpt><trkpt lat="36.967368" lon="138.950522"><ele>1459.3</ele><time>2021-08-21T02:23:36Z</time></trkpt><trkpt lat="36.967364" lon="138.950516"><ele>1459.1</ele><time>2021-08-21T02:23:37Z</time></trkpt><trkpt lat="36.967359" lon="138.950509"><ele>1458.9</ele><time>2021-08-21T02:23:38Z</time></trkpt><trkpt lat="36.967355" lon="138.950505"><ele>1458.8</ele><time>2021-08-21T02:23:39Z</time></trkpt><trkpt lat="36.967347" lon="138.950492"><ele>1458.5</ele><time>2021-08-21T02:23:40Z</time></trkpt><trkpt lat="36.967347" lon="138.950488"><ele>1458.5</ele><time>2021-08-21T02:23:41Z</time></trkpt><trkpt lat="36.967343" lon="138.95048"><ele>1458.3</ele><time>2021-08-21T02:23:42Z</time></trkpt><trkpt lat="36.967345" lon="138.950483"><ele>1458.2</ele><time>2021-08-21T02:23:43Z</time></trkpt><trkpt lat="36.967346" lon="138.950483"><ele>1458.2</ele><time>2021-08-21T02:23:44Z</time></trkpt><trkpt lat="36.967349" lon="138.950484"><ele>1458.1</ele><time>2021-08-21T02:23:45Z</time></trkpt><trkpt lat="36.967355" lon="138.950479"><ele>1458.0</ele><time>2021-08-21T02:23:46Z</time></trkpt><trkpt lat="36.967353" lon="138.950473"><ele>1457.8</ele><time>2021-08-21T02:23:47Z</time></trkpt><trkpt lat="36.967349" lon="138.950463"><ele>1457.6</ele><time>2021-08-21T02:23:48Z</time></trkpt><trkpt lat="36.967339" lon="138.950451"><ele>1457.3</ele><time>2021-08-21T02:23:49Z</time></trkpt><trkpt lat="36.967333" lon="138.95045"><ele>1457.2</ele><time>2021-08-21T02:23:50Z</time></trkpt><trkpt lat="36.967296" lon="138.950475"><ele>1456.2</ele><time>2021-08-21T02:23:56Z</time></trkpt><trkpt lat="36.967291" lon="138.950484"><ele>1456.0</ele><time>2021-08-21T02:23:57Z</time></trkpt><trkpt lat="36.967282" lon="138.950492"><ele>1455.8</ele><time>2021-08-21T02:23:59Z</time></trkpt><trkpt lat="36.967281" lon="138.950488"><ele>1455.7</ele><time>2021-08-21T02:24:00Z</time></trkpt><trkpt lat="36.967283" lon="138.950486"><ele>1455.6</ele><time>2021-08-21T02:24:01Z</time></trkpt><trkpt lat="36.96728" lon="138.950486"><ele>1455.6</ele><time>2021-08-21T02:24:02Z</time></trkpt><trkpt lat="36.967271" lon="138.950478"><ele>1455.3</ele><time>2021-08-21T02:24:03Z</time></trkpt><trkpt lat="36.96726" lon="138.950467"><ele>1455.0</ele><time>2021-08-21T02:24:04Z</time></trkpt><trkpt lat="36.96725" lon="138.950451"><ele>1454.6</ele><time>2021-08-21T02:24:05Z</time></trkpt><trkpt lat="36.967243" lon="138.950434"><ele>1454.3</ele><time>2021-08-21T02:24:06Z</time></trkpt><trkpt lat="36.967229" lon="138.950423"><ele>1453.9</ele><time>2021-08-21T02:24:07Z</time></trkpt><trkpt lat="36.967217" lon="138.95041"><ele>1453.5</ele><time>2021-08-21T02:24:08Z</time></trkpt><trkpt lat="36.967204" lon="138.950396"><ele>1453.1</ele><time>2021-08-21T02:24:22Z</time></trkpt><trkpt lat="36.967191" lon="138.950382"><ele>1452.7</ele><time>2021-08-21T02:24:23Z</time></trkpt><trkpt lat="36.967178" lon="138.950368"><ele>1452.4</ele><time>2021-08-21T02:24:24Z</time></trkpt><trkpt lat="36.967166" lon="138.950355"><ele>1452.0</ele><time>2021-08-21T02:24:25Z</time></trkpt><trkpt lat="36.967153" lon="138.950341"><ele>1451.6</ele><time>2021-08-21T02:24:26Z</time></trkpt><trkpt lat="36.967134" lon="138.950328"><ele>1451.1</ele><time>2021-08-21T02:24:27Z</time></trkpt><trkpt lat="36.967128" lon="138.950323"><ele>1450.9</ele><time>2021-08-21T02:24:28Z</time></trkpt><trkpt lat="36.967122" lon="138.950319"><ele>1450.8</ele><time>2021-08-21T02:24:29Z</time></trkpt><trkpt lat="36.967116" lon="138.950315"><ele>1450.6</ele><time>2021-08-21T02:24:30Z</time></trkpt><trkpt lat="36.967114" lon="138.950306"><ele>1450.5</ele><time>2021-08-21T02:24:31Z</time></trkpt><trkpt lat="36.967116" lon="138.950306"><ele>1450.4</ele><time>2021-08-21T02:24:32Z</time></trkpt><trkpt lat="36.967111" lon="138.9503"><ele>1450.3</ele><time>2021-08-21T02:24:33Z</time></trkpt><trkpt lat="36.967106" lon="138.950286"><ele>1450.0</ele><time>2021-08-21T02:24:34Z</time></trkpt><trkpt lat="36.967104" lon="138.950283"><ele>1449.9</ele><time>2021-08-21T02:24:35Z</time></trkpt><trkpt lat="36.967098" lon="138.950276"><ele>1449.7</ele><time>2021-08-21T02:24:36Z</time></trkpt><trkpt lat="36.967092" lon="138.950274"><ele>1449.6</ele><time>2021-08-21T02:24:37Z</time></trkpt><trkpt lat="36.967086" lon="138.950271"><ele>1449.4</ele><time>2021-08-21T02:24:38Z</time></trkpt><trkpt lat="36.96708" lon="138.950269"><ele>1449.3</ele><time>2021-08-21T02:24:39Z</time></trkpt><trkpt lat="36.967074" lon="138.950266"><ele>1449.1</ele><time>2021-08-21T02:24:40Z</time></trkpt><trkpt lat="36.967068" lon="138.950264"><ele>1449.0</ele><time>2021-08-21T02:24:41Z</time></trkpt><trkpt lat="36.96707" lon="138.950263"><ele>1449.0</ele><time>2021-08-21T02:24:42Z</time></trkpt><trkpt lat="36.96707" lon="138.950259"><ele>1448.9</ele><time>2021-08-21T02:24:43Z</time></trkpt><trkpt lat="36.967064" lon="138.950255"><ele>1448.7</ele><time>2021-08-21T02:24:44Z</time></trkpt><trkpt lat="36.967057" lon="138.950255"><ele>1448.6</ele><time>2021-08-21T02:24:45Z</time></trkpt><trkpt lat="36.967058" lon="138.950254"><ele>1448.5</ele><time>2021-08-21T02:24:46Z</time></trkpt><trkpt lat="36.967061" lon="138.950251"><ele>1448.5</ele><time>2021-08-21T02:24:47Z</time></trkpt><trkpt lat="36.967053" lon="138.950237"><ele>1448.1</ele><time>2021-08-21T02:24:48Z</time></trkpt><trkpt lat="36.967047" lon="138.950235"><ele>1448.0</ele><time>2021-08-21T02:24:49Z</time></trkpt><trkpt lat="36.967047" lon="138.950236"><ele>1448.0</ele><time>2021-08-21T02:24:50Z</time></trkpt><trkpt lat="36.967045" lon="138.950232"><ele>1447.9</ele><time>2021-08-21T02:24:51Z</time></trkpt><trkpt lat="36.967036" lon="138.950225"><ele>1447.6</ele><time>2021-08-21T02:24:52Z</time></trkpt><trkpt lat="36.967034" lon="138.950201"><ele>1447.2</ele><time>2021-08-21T02:24:53Z</time></trkpt><trkpt lat="36.967035" lon="138.95019"><ele>1447.0</ele><time>2021-08-21T02:24:54Z</time></trkpt><trkpt lat="36.967033" lon="138.950195"><ele>1446.9</ele><time>2021-08-21T02:24:55Z</time></trkpt><trkpt lat="36.967031" lon="138.950203"><ele>1446.8</ele><time>2021-08-21T02:24:56Z</time></trkpt><trkpt lat="36.967031" lon="138.950204"><ele>1446.7</ele><time>2021-08-21T02:24:57Z</time></trkpt><trkpt lat="36.967035" lon="138.950205"><ele>1446.6</ele><time>2021-08-21T02:24:58Z</time></trkpt><trkpt lat="36.96704" lon="138.950208"><ele>1446.5</ele><time>2021-08-21T02:24:59Z</time></trkpt><trkpt lat="36.967047" lon="138.950207"><ele>1446.4</ele><time>2021-08-21T02:25:00Z</time></trkpt><trkpt lat="36.967047" lon="138.950203"><ele>1446.3</ele><time>2021-08-21T02:25:01Z</time></trkpt><trkpt lat="36.967052" lon="138.950195"><ele>1446.1</ele><time>2021-08-21T02:25:02Z</time></trkpt><trkpt lat="36.967055" lon="138.950188"><ele>1446.0</ele><time>2021-08-21T02:25:03Z</time></trkpt><trkpt lat="36.967034" lon="138.950158"><ele>1445.2</ele><time>2021-08-21T02:25:11Z</time></trkpt><trkpt lat="36.967036" lon="138.950158"><ele>1445.2</ele><time>2021-08-21T02:25:12Z</time></trkpt><trkpt lat="36.967034" lon="138.950156"><ele>1445.1</ele><time>2021-08-21T02:25:13Z</time></trkpt><trkpt lat="36.967032" lon="138.950148"><ele>1445.0</ele><time>2021-08-21T02:25:14Z</time></trkpt><trkpt lat="36.96703" lon="138.950146"><ele>1444.9</ele><time>2021-08-21T02:25:15Z</time></trkpt><trkpt lat="36.967027" lon="138.950151"><ele>1444.8</ele><time>2021-08-21T02:25:16Z</time></trkpt><trkpt lat="36.967027" lon="138.950148"><ele>1444.7</ele><time>2021-08-21T02:25:17Z</time></trkpt><trkpt lat="36.967023" lon="138.950147"><ele>1444.6</ele><time>2021-08-21T02:25:18Z</time></trkpt><trkpt lat="36.967023" lon="138.950137"><ele>1444.5</ele><time>2021-08-21T02:25:19Z</time></trkpt><trkpt lat="36.967019" lon="138.950136"><ele>1444.4</ele><time>2021-08-21T02:25:20Z</time></trkpt><trkpt lat="36.966992" lon="138.950091"><ele>1443.3</ele><time>2021-08-21T02:25:27Z</time></trkpt><trkpt lat="36.96699" lon="138.950086"><ele>1443.2</ele><time>2021-08-21T02:25:28Z</time></trkpt><trkpt lat="36.966986" lon="138.950084"><ele>1443.1</ele><time>2021-08-21T02:25:29Z</time></trkpt><trkpt lat="36.966986" lon="138.950079"><ele>1443.1</ele><time>2021-08-21T02:25:30Z</time></trkpt><trkpt lat="36.966982" lon="138.950074"><ele>1442.9</ele><time>2021-08-21T02:25:31Z</time></trkpt><trkpt lat="36.966981" lon="138.950075"><ele>1442.9</ele><time>2021-08-21T02:25:32Z</time></trkpt><trkpt lat="36.966977" lon="138.950075"><ele>1442.8</ele><time>2021-08-21T02:25:33Z</time></trkpt><trkpt lat="36.966974" lon="138.950062"><ele>1442.6</ele><time>2021-08-21T02:25:34Z</time></trkpt><trkpt lat="36.966965" lon="138.950047"><ele>1442.2</ele><time>2021-08-21T02:25:35Z</time></trkpt><trkpt lat="36.966967" lon="138.950048"><ele>1442.2</ele><time>2021-08-21T02:25:36Z</time></trkpt><trkpt lat="36.966966" lon="138.950049"><ele>1442.1</ele><time>2021-08-21T02:25:37Z</time></trkpt><trkpt lat="36.966965" lon="138.950036"><ele>1441.9</ele><time>2021-08-21T02:25:38Z</time></trkpt><trkpt lat="36.966965" lon="138.950035"><ele>1441.9</ele><time>2021-08-21T02:25:39Z</time></trkpt><trkpt lat="36.96696" lon="138.950033"><ele>1441.8</ele><time>2021-08-21T02:25:40Z</time></trkpt><trkpt lat="36.966962" lon="138.950032"><ele>1441.7</ele><time>2021-08-21T02:25:41Z</time></trkpt><trkpt lat="36.966965" lon="138.950028"><ele>1441.6</ele><time>2021-08-21T02:25:42Z</time></trkpt><trkpt lat="36.96697" lon="138.950022"><ele>1441.5</ele><time>2021-08-21T02:25:43Z</time></trkpt><trkpt lat="36.966968" lon="138.950018"><ele>1441.4</ele><time>2021-08-21T02:25:44Z</time></trkpt><trkpt lat="36.966955" lon="138.950012"><ele>1441.1</ele><time>2021-08-21T02:25:45Z</time></trkpt><trkpt lat="36.966919" lon="138.949952"><ele>1439.7</ele><time>2021-08-21T02:25:51Z</time></trkpt><trkpt lat="36.966918" lon="138.949962"><ele>1439.5</ele><time>2021-08-21T02:25:52Z</time></trkpt><trkpt lat="36.966918" lon="138.949964"><ele>1439.5</ele><time>2021-08-21T02:25:53Z</time></trkpt><trkpt lat="36.966909" lon="138.949953"><ele>1439.2</ele><time>2021-08-21T02:25:54Z</time></trkpt><trkpt lat="36.966908" lon="138.949932"><ele>1438.8</ele><time>2021-08-21T02:25:55Z</time></trkpt><trkpt lat="36.966909" lon="138.949923"><ele>1438.6</ele><time>2021-08-21T02:25:56Z</time></trkpt><trkpt lat="36.966908" lon="138.949916"><ele>1438.5</ele><time>2021-08-21T02:25:57Z</time></trkpt><trkpt lat="36.966909" lon="138.949926"><ele>1438.3</ele><time>2021-08-21T02:25:58Z</time></trkpt><trkpt lat="36.966914" lon="138.949913"><ele>1438.1</ele><time>2021-08-21T02:25:59Z</time></trkpt><trkpt lat="36.966914" lon="138.949897"><ele>1437.8</ele><time>2021-08-21T02:26:00Z</time></trkpt><trkpt lat="36.966906" lon="138.949897"><ele>1437.6</ele><time>2021-08-21T02:26:01Z</time></trkpt><trkpt lat="36.966906" lon="138.949849"><ele>1436.7</ele><time>2021-08-21T02:26:13Z</time></trkpt><trkpt lat="36.966903" lon="138.949839"><ele>1436.5</ele><time>2021-08-21T02:26:14Z</time></trkpt><trkpt lat="36.966901" lon="138.949833"><ele>1436.4</ele><time>2021-08-21T02:26:15Z</time></trkpt><trkpt lat="36.966901" lon="138.949819"><ele>1436.1</ele><time>2021-08-21T02:26:16Z</time></trkpt><trkpt lat="36.966901" lon="138.949806"><ele>1435.9</ele><time>2021-08-21T02:26:17Z</time></trkpt><trkpt lat="36.966904" lon="138.949798"><ele>1435.7</ele><time>2021-08-21T02:26:18Z</time></trkpt><trkpt lat="36.966903" lon="138.94979"><ele>1435.6</ele><time>2021-08-21T02:26:19Z</time></trkpt><trkpt lat="36.966889" lon="138.949793"><ele>1435.3</ele><time>2021-08-21T02:26:20Z</time></trkpt><trkpt lat="36.966884" lon="138.949795"><ele>1435.1</ele><time>2021-08-21T02:26:21Z</time></trkpt><trkpt lat="36.966883" lon="138.949792"><ele>1435.1</ele><time>2021-08-21T02:26:22Z</time></trkpt><trkpt lat="36.966883" lon="138.949781"><ele>1434.9</ele><time>2021-08-21T02:26:23Z</time></trkpt><trkpt lat="36.966876" lon="138.949778"><ele>1434.7</ele><time>2021-08-21T02:26:24Z</time></trkpt><trkpt lat="36.966869" lon="138.949761"><ele>1434.4</ele><time>2021-08-21T02:26:25Z</time></trkpt><trkpt lat="36.966861" lon="138.94976"><ele>1434.2</ele><time>2021-08-21T02:26:26Z</time></trkpt><trkpt lat="36.96682" lon="138.949632"><ele>1431.7</ele><time>2021-08-21T02:26:46Z</time></trkpt><trkpt lat="36.966821" lon="138.949635"><ele>1431.6</ele><time>2021-08-21T02:26:47Z</time></trkpt><trkpt lat="36.966831" lon="138.949632"><ele>1431.4</ele><time>2021-08-21T02:26:48Z</time></trkpt><trkpt lat="36.966836" lon="138.949632"><ele>1431.3</ele><time>2021-08-21T02:26:49Z</time></trkpt><trkpt lat="36.966835" lon="138.94963"><ele>1431.2</ele><time>2021-08-21T02:26:50Z</time></trkpt><trkpt lat="36.966839" lon="138.949636"><ele>1431.1</ele><time>2021-08-21T02:26:51Z</time></trkpt><trkpt lat="36.966847" lon="138.949633"><ele>1430.9</ele><time>2021-08-21T02:26:52Z</time></trkpt><trkpt lat="36.966843" lon="138.949628"><ele>1430.8</ele><time>2021-08-21T02:26:53Z</time></trkpt><trkpt lat="36.966838" lon="138.949628"><ele>1430.6</ele><time>2021-08-21T02:26:54Z</time></trkpt><trkpt lat="36.966843" lon="138.949631"><ele>1430.5</ele><time>2021-08-21T02:26:55Z</time></trkpt><trkpt lat="36.966933" lon="138.949524"><ele>1427.7</ele><time>2021-08-21T02:27:15Z</time></trkpt><trkpt lat="36.966932" lon="138.949529"><ele>1427.6</ele><time>2021-08-21T02:27:16Z</time></trkpt><trkpt lat="36.966937" lon="138.949522"><ele>1427.4</ele><time>2021-08-21T02:27:17Z</time></trkpt><trkpt lat="36.966934" lon="138.949522"><ele>1427.4</ele><time>2021-08-21T02:27:18Z</time></trkpt><trkpt lat="36.966938" lon="138.949509"><ele>1427.1</ele><time>2021-08-21T02:27:19Z</time></trkpt><trkpt lat="36.966925" lon="138.949506"><ele>1426.8</ele><time>2021-08-21T02:27:20Z</time></trkpt><trkpt lat="36.966923" lon="138.949506"><ele>1426.8</ele><time>2021-08-21T02:27:21Z</time></trkpt><trkpt lat="36.966915" lon="138.949502"><ele>1426.6</ele><time>2021-08-21T02:27:22Z</time></trkpt><trkpt lat="36.966927" lon="138.949499"><ele>1426.3</ele><time>2021-08-21T02:27:23Z</time></trkpt><trkpt lat="36.96693" lon="138.949491"><ele>1426.1</ele><time>2021-08-21T02:27:24Z</time></trkpt><trkpt lat="36.966932" lon="138.949484"><ele>1426.0</ele><time>2021-08-21T02:27:25Z</time></trkpt><trkpt lat="36.966935" lon="138.949476"><ele>1425.8</ele><time>2021-08-21T02:27:26Z</time></trkpt><trkpt lat="36.966938" lon="138.949469"><ele>1425.7</ele><time>2021-08-21T02:27:29Z</time></trkpt><trkpt lat="36.966941" lon="138.949461"><ele>1425.5</ele><time>2021-08-21T02:27:30Z</time></trkpt><trkpt lat="36.966944" lon="138.949454"><ele>1425.4</ele><time>2021-08-21T02:27:31Z</time></trkpt><trkpt lat="36.966946" lon="138.949446"><ele>1425.2</ele><time>2021-08-21T02:27:32Z</time></trkpt><trkpt lat="36.966949" lon="138.949439"><ele>1425.1</ele><time>2021-08-21T02:27:33Z</time></trkpt><trkpt lat="36.966952" lon="138.949431"><ele>1424.9</ele><time>2021-08-21T02:27:34Z</time></trkpt><trkpt lat="36.966954" lon="138.949418"><ele>1424.7</ele><time>2021-08-21T02:27:35Z</time></trkpt><trkpt lat="36.966953" lon="138.949403"><ele>1424.4</ele><time>2021-08-21T02:27:36Z</time></trkpt><trkpt lat="36.966962" lon="138.949388"><ele>1424.1</ele><time>2021-08-21T02:27:37Z</time></trkpt><trkpt lat="36.966967" lon="138.94938"><ele>1423.9</ele><time>2021-08-21T02:27:38Z</time></trkpt><trkpt lat="36.966963" lon="138.949375"><ele>1423.7</ele><time>2021-08-21T02:27:39Z</time></trkpt><trkpt lat="36.96696" lon="138.949361"><ele>1423.5</ele><time>2021-08-21T02:27:40Z</time></trkpt><trkpt lat="36.966955" lon="138.949349"><ele>1423.2</ele><time>2021-08-21T02:27:41Z</time></trkpt><trkpt lat="36.966947" lon="138.949344"><ele>1423.0</ele><time>2021-08-21T02:27:42Z</time></trkpt><trkpt lat="36.966943" lon="138.949338"><ele>1422.9</ele><time>2021-08-21T02:27:43Z</time></trkpt><trkpt lat="36.966944" lon="138.949329"><ele>1422.7</ele><time>2021-08-21T02:27:44Z</time></trkpt><trkpt lat="36.966944" lon="138.949328"><ele>1422.7</ele><time>2021-08-21T02:27:45Z</time></trkpt><trkpt lat="36.966947" lon="138.949325"><ele>1422.6</ele><time>2021-08-21T02:27:46Z</time></trkpt><trkpt lat="36.966948" lon="138.949321"><ele>1422.5</ele><time>2021-08-21T02:27:47Z</time></trkpt><trkpt lat="36.966963" lon="138.949317"><ele>1422.2</ele><time>2021-08-21T02:27:48Z</time></trkpt><trkpt lat="36.966974" lon="138.949318"><ele>1421.9</ele><time>2021-08-21T02:27:49Z</time></trkpt><trkpt lat="36.96697" lon="138.949311"><ele>1421.8</ele><time>2021-08-21T02:27:50Z</time></trkpt><trkpt lat="36.966964" lon="138.949305"><ele>1421.6</ele><time>2021-08-21T02:27:51Z</time></trkpt><trkpt lat="36.966966" lon="138.949291"><ele>1421.3</ele><time>2021-08-21T02:27:52Z</time></trkpt><trkpt lat="36.966964" lon="138.949286"><ele>1421.2</ele><time>2021-08-21T02:27:53Z</time></trkpt><trkpt lat="36.96696" lon="138.949264"><ele>1420.8</ele><time>2021-08-21T02:27:54Z</time></trkpt><trkpt lat="36.966959" lon="138.949253"><ele>1420.6</ele><time>2021-08-21T02:27:55Z</time></trkpt><trkpt lat="36.966958" lon="138.949241"><ele>1420.4</ele><time>2021-08-21T02:27:56Z</time></trkpt><trkpt lat="36.966956" lon="138.949237"><ele>1420.3</ele><time>2021-08-21T02:27:57Z</time></trkpt><trkpt lat="36.966957" lon="138.949234"><ele>1420.3</ele><time>2021-08-21T02:27:58Z</time></trkpt><trkpt lat="36.966948" lon="138.94922"><ele>1419.9</ele><time>2021-08-21T02:27:59Z</time></trkpt><trkpt lat="36.966945" lon="138.949217"><ele>1419.8</ele><time>2021-08-21T02:28:00Z</time></trkpt><trkpt lat="36.966941" lon="138.949211"><ele>1419.7</ele><time>2021-08-21T02:28:01Z</time></trkpt><trkpt lat="36.966938" lon="138.949197"><ele>1419.4</ele><time>2021-08-21T02:28:02Z</time></trkpt><trkpt lat="36.966939" lon="138.9492"><ele>1419.4</ele><time>2021-08-21T02:28:03Z</time></trkpt><trkpt lat="36.96694" lon="138.949189"><ele>1419.2</ele><time>2021-08-21T02:28:04Z</time></trkpt><trkpt lat="36.966935" lon="138.949181"><ele>1419.0</ele><time>2021-08-21T02:28:05Z</time></trkpt><trkpt lat="36.96691" lon="138.949142"><ele>1418.1</ele><time>2021-08-21T02:28:11Z</time></trkpt><trkpt lat="36.966905" lon="138.949142"><ele>1418.0</ele><time>2021-08-21T02:28:12Z</time></trkpt><trkpt lat="36.96691" lon="138.949137"><ele>1417.8</ele><time>2021-08-21T02:28:13Z</time></trkpt><trkpt lat="36.966913" lon="138.949136"><ele>1417.7</ele><time>2021-08-21T02:28:14Z</time></trkpt><trkpt lat="36.966908" lon="138.949123"><ele>1417.5</ele><time>2021-08-21T02:28:15Z</time></trkpt><trkpt lat="36.966895" lon="138.949111"><ele>1417.1</ele><time>2021-08-21T02:28:16Z</time></trkpt><trkpt lat="36.966887" lon="138.949105"><ele>1416.9</ele><time>2021-08-21T02:28:17Z</time></trkpt><trkpt lat="36.966881" lon="138.9491"><ele>1416.7</ele><time>2021-08-21T02:28:18Z</time></trkpt><trkpt lat="36.966873" lon="138.949095"><ele>1416.5</ele><time>2021-08-21T02:28:19Z</time></trkpt><trkpt lat="36.966868" lon="138.949088"><ele>1416.4</ele><time>2021-08-21T02:28:20Z</time></trkpt><trkpt lat="36.966866" lon="138.949092"><ele>1416.3</ele><time>2021-08-21T02:28:21Z</time></trkpt><trkpt lat="36.96687" lon="138.949091"><ele>1416.2</ele><time>2021-08-21T02:28:22Z</time></trkpt><trkpt lat="36.966869" lon="138.949089"><ele>1416.1</ele><time>2021-08-21T02:28:23Z</time></trkpt><trkpt lat="36.96687" lon="138.949071"><ele>1415.8</ele><time>2021-08-21T02:28:24Z</time></trkpt><trkpt lat="36.966865" lon="138.949062"><ele>1415.6</ele><time>2021-08-21T02:28:25Z</time></trkpt><trkpt lat="36.966858" lon="138.949059"><ele>1415.4</ele><time>2021-08-21T02:28:26Z</time></trkpt><trkpt lat="36.966855" lon="138.949057"><ele>1415.4</ele><time>2021-08-21T02:28:27Z</time></trkpt><trkpt lat="36.966848" lon="138.949037"><ele>1415.0</ele><time>2021-08-21T02:28:28Z</time></trkpt><trkpt lat="36.966843" lon="138.949026"><ele>1414.7</ele><time>2021-08-21T02:28:37Z</time></trkpt><trkpt lat="36.966839" lon="138.949016"><ele>1414.5</ele><time>2021-08-21T02:28:38Z</time></trkpt><trkpt lat="36.966834" lon="138.949005"><ele>1414.3</ele><time>2021-08-21T02:28:39Z</time></trkpt><trkpt lat="36.96683" lon="138.948994"><ele>1414.1</ele><time>2021-08-21T02:28:40Z</time></trkpt><trkpt lat="36.966825" lon="138.948983"><ele>1413.9</ele><time>2021-08-21T02:28:41Z</time></trkpt><trkpt lat="36.966821" lon="138.948972"><ele>1413.6</ele><time>2021-08-21T02:28:42Z</time></trkpt><trkpt lat="36.966816" lon="138.948961"><ele>1413.4</ele><time>2021-08-21T02:28:43Z</time></trkpt><trkpt lat="36.966812" lon="138.948951"><ele>1413.2</ele><time>2021-08-21T02:28:44Z</time></trkpt><trkpt lat="36.966807" lon="138.94894"><ele>1413.0</ele><time>2021-08-21T02:28:45Z</time></trkpt><trkpt lat="36.966803" lon="138.948929"><ele>1412.7</ele><time>2021-08-21T02:28:46Z</time></trkpt><trkpt lat="36.966798" lon="138.948918"><ele>1412.5</ele><time>2021-08-21T02:28:57Z</time></trkpt><trkpt lat="36.966794" lon="138.948907"><ele>1412.3</ele><time>2021-08-21T02:28:58Z</time></trkpt><trkpt lat="36.966789" lon="138.948897"><ele>1412.1</ele><time>2021-08-21T02:28:59Z</time></trkpt><trkpt lat="36.966785" lon="138.948886"><ele>1411.9</ele><time>2021-08-21T02:29:00Z</time></trkpt><trkpt lat="36.96678" lon="138.948875"><ele>1411.6</ele><time>2021-08-21T02:29:01Z</time></trkpt><trkpt lat="36.966781" lon="138.94887"><ele>1411.5</ele><time>2021-08-21T02:29:02Z</time></trkpt><trkpt lat="36.966779" lon="138.948869"><ele>1411.5</ele><time>2021-08-21T02:29:03Z</time></trkpt><trkpt lat="36.966776" lon="138.948859"><ele>1411.3</ele><time>2021-08-21T02:29:04Z</time></trkpt><trkpt lat="36.966775" lon="138.948852"><ele>1411.2</ele><time>2021-08-21T02:29:05Z</time></trkpt><trkpt lat="36.966776" lon="138.948839"><ele>1410.9</ele><time>2021-08-21T02:29:06Z</time></trkpt><trkpt lat="36.966773" lon="138.948833"><ele>1410.8</ele><time>2021-08-21T02:29:07Z</time></trkpt><trkpt lat="36.966772" lon="138.94882"><ele>1410.6</ele><time>2021-08-21T02:29:08Z</time></trkpt><trkpt lat="36.966762" lon="138.948799"><ele>1410.1</ele><time>2021-08-21T02:29:09Z</time></trkpt><trkpt lat="36.966771" lon="138.948796"><ele>1409.9</ele><time>2021-08-21T02:29:10Z</time></trkpt><trkpt lat="36.966768" lon="138.948786"><ele>1409.7</ele><time>2021-08-21T02:29:11Z</time></trkpt><trkpt lat="36.966775" lon="138.948781"><ele>1409.5</ele><time>2021-08-21T02:29:12Z</time></trkpt><trkpt lat="36.966784" lon="138.948775"><ele>1409.3</ele><time>2021-08-21T02:29:13Z</time></trkpt><trkpt lat="36.966779" lon="138.948763"><ele>1409.0</ele><time>2021-08-21T02:29:14Z</time></trkpt><trkpt lat="36.966776" lon="138.948755"><ele>1408.9</ele><time>2021-08-21T02:29:15Z</time></trkpt><trkpt lat="36.966773" lon="138.948748"><ele>1408.6</ele><time>2021-08-21T02:29:16Z</time></trkpt><trkpt lat="36.96677" lon="138.948741"><ele>1408.5</ele><time>2021-08-21T02:29:17Z</time></trkpt><trkpt lat="36.966767" lon="138.948734"><ele>1408.3</ele><time>2021-08-21T02:29:18Z</time></trkpt><trkpt lat="36.966763" lon="138.948726"><ele>1408.2</ele><time>2021-08-21T02:29:19Z</time></trkpt><trkpt lat="36.96676" lon="138.948719"><ele>1407.9</ele><time>2021-08-21T02:29:24Z</time></trkpt><trkpt lat="36.966757" lon="138.948712"><ele>1407.8</ele><time>2021-08-21T02:29:25Z</time></trkpt><trkpt lat="36.966754" lon="138.948705"><ele>1407.6</ele><time>2021-08-21T02:29:26Z</time></trkpt><trkpt lat="36.966751" lon="138.948697"><ele>1407.5</ele><time>2021-08-21T02:29:27Z</time></trkpt><trkpt lat="36.966748" lon="138.94869"><ele>1407.2</ele><time>2021-08-21T02:29:28Z</time></trkpt><trkpt lat="36.966742" lon="138.948689"><ele>1407.1</ele><time>2021-08-21T02:29:29Z</time></trkpt><trkpt lat="36.966736" lon="138.948686"><ele>1407.0</ele><time>2021-08-21T02:29:30Z</time></trkpt><trkpt lat="36.966731" lon="138.948683"><ele>1406.8</ele><time>2021-08-21T02:29:31Z</time></trkpt><trkpt lat="36.966726" lon="138.948679"><ele>1406.7</ele><time>2021-08-21T02:29:32Z</time></trkpt><trkpt lat="36.966721" lon="138.948676"><ele>1406.5</ele><time>2021-08-21T02:29:33Z</time></trkpt><trkpt lat="36.966715" lon="138.948673"><ele>1406.3</ele><time>2021-08-21T02:29:34Z</time></trkpt><trkpt lat="36.96671" lon="138.94867"><ele>1406.2</ele><time>2021-08-21T02:29:35Z</time></trkpt><trkpt lat="36.966716" lon="138.94868"><ele>1406.0</ele><time>2021-08-21T02:29:36Z</time></trkpt><trkpt lat="36.966714" lon="138.948681"><ele>1405.8</ele><time>2021-08-21T02:29:37Z</time></trkpt><trkpt lat="36.96672" lon="138.948677"><ele>1405.7</ele><time>2021-08-21T02:29:38Z</time></trkpt><trkpt lat="36.966722" lon="138.948656"><ele>1405.3</ele><time>2021-08-21T02:29:39Z</time></trkpt><trkpt lat="36.966727" lon="138.948655"><ele>1405.2</ele><time>2021-08-21T02:29:40Z</time></trkpt><trkpt lat="36.96673" lon="138.948654"><ele>1405.0</ele><time>2021-08-21T02:29:41Z</time></trkpt><trkpt lat="36.966733" lon="138.948649"><ele>1404.9</ele><time>2021-08-21T02:29:42Z</time></trkpt><trkpt lat="36.966733" lon="138.94865"><ele>1404.9</ele><time>2021-08-21T02:29:43Z</time></trkpt><trkpt lat="36.96674" lon="138.948652"><ele>1404.7</ele><time>2021-08-21T02:29:44Z</time></trkpt><trkpt lat="36.966739" lon="138.948633"><ele>1404.3</ele><time>2021-08-21T02:29:45Z</time></trkpt><trkpt lat="36.966739" lon="138.948633"><ele>1404.3</ele><time>2021-08-21T02:29:46Z</time></trkpt><trkpt lat="36.966738" lon="138.948632"><ele>1404.2</ele><time>2021-08-21T02:29:47Z</time></trkpt><trkpt lat="36.966744" lon="138.948629"><ele>1404.1</ele><time>2021-08-21T02:29:48Z</time></trkpt><trkpt lat="36.966743" lon="138.948624"><ele>1404.0</ele><time>2021-08-21T02:29:49Z</time></trkpt><trkpt lat="36.966749" lon="138.94846"><ele>1400.9</ele><time>2021-08-21T02:30:14Z</time></trkpt><trkpt lat="36.966743" lon="138.94847"><ele>1400.7</ele><time>2021-08-21T02:30:15Z</time></trkpt><trkpt lat="36.966739" lon="138.948458"><ele>1400.4</ele><time>2021-08-21T02:30:16Z</time></trkpt><trkpt lat="36.966738" lon="138.948465"><ele>1400.3</ele><time>2021-08-21T02:30:17Z</time></trkpt><trkpt lat="36.966743" lon="138.948464"><ele>1400.1</ele><time>2021-08-21T02:30:18Z</time></trkpt><trkpt lat="36.966747" lon="138.948471"><ele>1400.0</ele><time>2021-08-21T02:30:19Z</time></trkpt><trkpt lat="36.966737" lon="138.94846"><ele>1399.6</ele><time>2021-08-21T02:30:20Z</time></trkpt><trkpt lat="36.966728" lon="138.948456"><ele>1399.4</ele><time>2021-08-21T02:30:21Z</time></trkpt><trkpt lat="36.966733" lon="138.948433"><ele>1399.0</ele><time>2021-08-21T02:30:22Z</time></trkpt><trkpt lat="36.966735" lon="138.948418"><ele>1398.6</ele><time>2021-08-21T02:30:23Z</time></trkpt><trkpt lat="36.966739" lon="138.948431"><ele>1398.4</ele><time>2021-08-21T02:30:24Z</time></trkpt><trkpt lat="36.966738" lon="138.948428"><ele>1398.3</ele><time>2021-08-21T02:30:25Z</time></trkpt><trkpt lat="36.966746" lon="138.948417"><ele>1398.0</ele><time>2021-08-21T02:30:26Z</time></trkpt><trkpt lat="36.96675" lon="138.948412"><ele>1397.8</ele><time>2021-08-21T02:30:27Z</time></trkpt><trkpt lat="36.966761" lon="138.948424"><ele>1397.5</ele><time>2021-08-21T02:30:28Z</time></trkpt><trkpt lat="36.966768" lon="138.948431"><ele>1397.2</ele><time>2021-08-21T02:30:29Z</time></trkpt><trkpt lat="36.966778" lon="138.948443"><ele>1396.9</ele><time>2021-08-21T02:30:30Z</time></trkpt><trkpt lat="36.96678" lon="138.948442"><ele>1396.9</ele><time>2021-08-21T02:30:31Z</time></trkpt><trkpt lat="36.966782" lon="138.94844"><ele>1396.8</ele><time>2021-08-21T02:30:32Z</time></trkpt><trkpt lat="36.966787" lon="138.94844"><ele>1396.7</ele><time>2021-08-21T02:30:33Z</time></trkpt><trkpt lat="36.966773" lon="138.948368"><ele>1395.2</ele><time>2021-08-21T02:30:39Z</time></trkpt><trkpt lat="36.966767" lon="138.948376"><ele>1395.0</ele><time>2021-08-21T02:30:40Z</time></trkpt><trkpt lat="36.966768" lon="138.948381"><ele>1394.9</ele><time>2021-08-21T02:30:41Z</time></trkpt><trkpt lat="36.966762" lon="138.948379"><ele>1394.8</ele><time>2021-08-21T02:30:42Z</time></trkpt><trkpt lat="36.966761" lon="138.948385"><ele>1394.6</ele><time>2021-08-21T02:30:43Z</time></trkpt><trkpt lat="36.966754" lon="138.948369"><ele>1394.3</ele><time>2021-08-21T02:30:44Z</time></trkpt><trkpt lat="36.966754" lon="138.948363"><ele>1394.1</ele><time>2021-08-21T02:30:45Z</time></trkpt><trkpt lat="36.966744" lon="138.948363"><ele>1393.9</ele><time>2021-08-21T02:30:46Z</time></trkpt><trkpt lat="36.966742" lon="138.948369"><ele>1393.8</ele><time>2021-08-21T02:30:47Z</time></trkpt><trkpt lat="36.966735" lon="138.948375"><ele>1393.5</ele><time>2021-08-21T02:30:48Z</time></trkpt><trkpt lat="36.966732" lon="138.948377"><ele>1393.4</ele><time>2021-08-21T02:30:49Z</time></trkpt><trkpt lat="36.966818" lon="138.948023"><ele>1386.7</ele><time>2021-08-21T02:31:49Z</time></trkpt><trkpt lat="36.966826" lon="138.948008"><ele>1386.4</ele><time>2021-08-21T02:31:50Z</time></trkpt><trkpt lat="36.966829" lon="138.948"><ele>1386.1</ele><time>2021-08-21T02:31:51Z</time></trkpt><trkpt lat="36.966822" lon="138.947994"><ele>1385.9</ele><time>2021-08-21T02:31:52Z</time></trkpt><trkpt lat="36.966825" lon="138.947982"><ele>1385.7</ele><time>2021-08-21T02:31:53Z</time></trkpt><trkpt lat="36.96683" lon="138.947968"><ele>1385.4</ele><time>2021-08-21T02:31:54Z</time></trkpt><trkpt lat="36.966835" lon="138.947965"><ele>1385.3</ele><time>2021-08-21T02:31:55Z</time></trkpt><trkpt lat="36.966842" lon="138.947964"><ele>1385.0</ele><time>2021-08-21T02:31:56Z</time></trkpt><trkpt lat="36.966852" lon="138.947959"><ele>1384.8</ele><time>2021-08-21T02:31:57Z</time></trkpt><trkpt lat="36.966862" lon="138.947952"><ele>1384.5</ele><time>2021-08-21T02:31:58Z</time></trkpt><trkpt lat="36.966863" lon="138.947947"><ele>1384.4</ele><time>2021-08-21T02:31:59Z</time></trkpt><trkpt lat="36.966861" lon="138.947944"><ele>1384.3</ele><time>2021-08-21T02:32:00Z</time></trkpt><trkpt lat="36.966852" lon="138.94793"><ele>1384.0</ele><time>2021-08-21T02:32:01Z</time></trkpt><trkpt lat="36.966848" lon="138.947918"><ele>1383.7</ele><time>2021-08-21T02:32:02Z</time></trkpt><trkpt lat="36.96685" lon="138.947899"><ele>1383.4</ele><time>2021-08-21T02:32:03Z</time></trkpt><trkpt lat="36.966849" lon="138.947896"><ele>1383.3</ele><time>2021-08-21T02:32:04Z</time></trkpt><trkpt lat="36.966845" lon="138.947893"><ele>1383.1</ele><time>2021-08-21T02:32:05Z</time></trkpt><trkpt lat="36.966848" lon="138.947888"><ele>1383.0</ele><time>2021-08-21T02:32:06Z</time></trkpt><trkpt lat="36.966856" lon="138.947878"><ele>1382.7</ele><time>2021-08-21T02:32:07Z</time></trkpt><trkpt lat="36.96687" lon="138.947866"><ele>1382.4</ele><time>2021-08-21T02:32:08Z</time></trkpt><trkpt lat="36.966876" lon="138.947858"><ele>1382.1</ele><time>2021-08-21T02:32:09Z</time></trkpt><trkpt lat="36.966882" lon="138.947849"><ele>1381.8</ele><time>2021-08-21T02:32:10Z</time></trkpt><trkpt lat="36.966888" lon="138.947841"><ele>1381.6</ele><time>2021-08-21T02:32:11Z</time></trkpt><trkpt lat="36.966894" lon="138.947836"><ele>1381.5</ele><time>2021-08-21T02:32:12Z</time></trkpt><trkpt lat="36.966891" lon="138.947845"><ele>1381.3</ele><time>2021-08-21T02:32:13Z</time></trkpt><trkpt lat="36.966907" lon="138.947831"><ele>1380.8</ele><time>2021-08-21T02:32:14Z</time></trkpt><trkpt lat="36.966915" lon="138.947828"><ele>1380.6</ele><time>2021-08-21T02:32:15Z</time></trkpt><trkpt lat="36.966927" lon="138.947823"><ele>1380.3</ele><time>2021-08-21T02:32:16Z</time></trkpt><trkpt lat="36.966937" lon="138.947821"><ele>1380.1</ele><time>2021-08-21T02:32:17Z</time></trkpt><trkpt lat="36.966942" lon="138.947824"><ele>1379.9</ele><time>2021-08-21T02:32:18Z</time></trkpt><trkpt lat="36.966947" lon="138.947803"><ele>1379.4</ele><time>2021-08-21T02:32:19Z</time></trkpt><trkpt lat="36.966955" lon="138.947794"><ele>1379.2</ele><time>2021-08-21T02:32:20Z</time></trkpt><trkpt lat="36.966963" lon="138.947784"><ele>1378.9</ele><time>2021-08-21T02:32:21Z</time></trkpt><trkpt lat="36.966966" lon="138.947766"><ele>1378.6</ele><time>2021-08-21T02:32:23Z</time></trkpt><trkpt lat="36.966961" lon="138.947761"><ele>1378.4</ele><time>2021-08-21T02:32:24Z</time></trkpt><trkpt lat="36.966967" lon="138.94775"><ele>1378.1</ele><time>2021-08-21T02:32:25Z</time></trkpt><trkpt lat="36.966976" lon="138.94774"><ele>1377.8</ele><time>2021-08-21T02:32:26Z</time></trkpt><trkpt lat="36.966981" lon="138.947726"><ele>1377.6</ele><time>2021-08-21T02:32:27Z</time></trkpt><trkpt lat="36.96698" lon="138.947714"><ele>1377.3</ele><time>2021-08-21T02:32:28Z</time></trkpt><trkpt lat="36.96698" lon="138.947698"><ele>1377.1</ele><time>2021-08-21T02:32:29Z</time></trkpt><trkpt lat="36.96698" lon="138.947691"><ele>1376.9</ele><time>2021-08-21T02:32:30Z</time></trkpt><trkpt lat="36.966984" lon="138.947687"><ele>1376.8</ele><time>2021-08-21T02:32:31Z</time></trkpt><trkpt lat="36.966988" lon="138.947682"><ele>1376.7</ele><time>2021-08-21T02:32:32Z</time></trkpt><trkpt lat="36.966984" lon="138.947667"><ele>1376.4</ele><time>2021-08-21T02:32:33Z</time></trkpt><trkpt lat="36.966988" lon="138.947665"><ele>1376.3</ele><time>2021-08-21T02:32:34Z</time></trkpt><trkpt lat="36.966989" lon="138.947665"><ele>1376.3</ele><time>2021-08-21T02:32:35Z</time></trkpt><trkpt lat="36.966993" lon="138.947666"><ele>1376.2</ele><time>2021-08-21T02:32:36Z</time></trkpt><trkpt lat="36.966994" lon="138.947666"><ele>1376.2</ele><time>2021-08-21T02:32:37Z</time></trkpt><trkpt lat="36.966993" lon="138.947662"><ele>1376.1</ele><time>2021-08-21T02:32:38Z</time></trkpt><trkpt lat="36.966997" lon="138.947657"><ele>1376.0</ele><time>2021-08-21T02:32:39Z</time></trkpt><trkpt lat="36.966993" lon="138.947649"><ele>1375.8</ele><time>2021-08-21T02:32:40Z</time></trkpt><trkpt lat="36.966994" lon="138.947639"><ele>1375.6</ele><time>2021-08-21T02:32:41Z</time></trkpt><trkpt lat="36.966991" lon="138.947633"><ele>1375.5</ele><time>2021-08-21T02:32:42Z</time></trkpt><trkpt lat="36.966981" lon="138.947575"><ele>1374.4</ele><time>2021-08-21T02:32:53Z</time></trkpt><trkpt lat="36.966992" lon="138.947566"><ele>1374.1</ele><time>2021-08-21T02:32:54Z</time></trkpt><trkpt lat="36.966995" lon="138.947559"><ele>1374.0</ele><time>2021-08-21T02:32:55Z</time></trkpt><trkpt lat="36.967003" lon="138.947558"><ele>1373.8</ele><time>2021-08-21T02:32:56Z</time></trkpt><trkpt lat="36.967004" lon="138.947556"><ele>1373.7</ele><time>2021-08-21T02:32:57Z</time></trkpt><trkpt lat="36.967" lon="138.947537"><ele>1373.4</ele><time>2021-08-21T02:32:58Z</time></trkpt><trkpt lat="36.967005" lon="138.947528"><ele>1373.2</ele><time>2021-08-21T02:32:59Z</time></trkpt><trkpt lat="36.967008" lon="138.947518"><ele>1373.0</ele><time>2021-08-21T02:33:00Z</time></trkpt><trkpt lat="36.967008" lon="138.947515"><ele>1372.9</ele><time>2021-08-21T02:33:01Z</time></trkpt><trkpt lat="36.967013" lon="138.947505"><ele>1372.7</ele><time>2021-08-21T02:33:02Z</time></trkpt><trkpt lat="36.967024" lon="138.947496"><ele>1372.4</ele><time>2021-08-21T02:33:03Z</time></trkpt><trkpt lat="36.967029" lon="138.947486"><ele>1372.2</ele><time>2021-08-21T02:33:04Z</time></trkpt><trkpt lat="36.967032" lon="138.947466"><ele>1371.8</ele><time>2021-08-21T02:33:05Z</time></trkpt><trkpt lat="36.967029" lon="138.947454"><ele>1371.6</ele><time>2021-08-21T02:33:06Z</time></trkpt><trkpt lat="36.967026" lon="138.947443"><ele>1371.4</ele><time>2021-08-21T02:33:07Z</time></trkpt><trkpt lat="36.967023" lon="138.947431"><ele>1371.2</ele><time>2021-08-21T02:33:08Z</time></trkpt><trkpt lat="36.967019" lon="138.94741"><ele>1370.8</ele><time>2021-08-21T02:33:09Z</time></trkpt><trkpt lat="36.96702" lon="138.947401"><ele>1370.6</ele><time>2021-08-21T02:33:10Z</time></trkpt><trkpt lat="36.96702" lon="138.947392"><ele>1370.5</ele><time>2021-08-21T02:33:11Z</time></trkpt><trkpt lat="36.96702" lon="138.947383"><ele>1370.3</ele><time>2021-08-21T02:33:12Z</time></trkpt><trkpt lat="36.967025" lon="138.947373"><ele>1370.1</ele><time>2021-08-21T02:33:13Z</time></trkpt><trkpt lat="36.967026" lon="138.947349"><ele>1369.7</ele><time>2021-08-21T02:33:14Z</time></trkpt><trkpt lat="36.967016" lon="138.94733"><ele>1369.2</ele><time>2021-08-21T02:33:15Z</time></trkpt><trkpt lat="36.96701" lon="138.947326"><ele>1369.1</ele><time>2021-08-21T02:33:16Z</time></trkpt><trkpt lat="36.967003" lon="138.947323"><ele>1368.9</ele><time>2021-08-21T02:33:17Z</time></trkpt><trkpt lat="36.966997" lon="138.94732"><ele>1368.8</ele><time>2021-08-21T02:33:18Z</time></trkpt><trkpt lat="36.966991" lon="138.947307"><ele>1368.5</ele><time>2021-08-21T02:33:19Z</time></trkpt><trkpt lat="36.966986" lon="138.947297"><ele>1368.3</ele><time>2021-08-21T02:33:20Z</time></trkpt><trkpt lat="36.966982" lon="138.947288"><ele>1368.1</ele><time>2021-08-21T02:33:21Z</time></trkpt><trkpt lat="36.96697" lon="138.947287"><ele>1367.8</ele><time>2021-08-21T02:33:22Z</time></trkpt><trkpt lat="36.966952" lon="138.947268"><ele>1367.3</ele><time>2021-08-21T02:33:23Z</time></trkpt><trkpt lat="36.966948" lon="138.947254"><ele>1367.0</ele><time>2021-08-21T02:33:24Z</time></trkpt><trkpt lat="36.966945" lon="138.947246"><ele>1366.9</ele><time>2021-08-21T02:33:25Z</time></trkpt><trkpt lat="36.966938" lon="138.947236"><ele>1366.6</ele><time>2021-08-21T02:33:26Z</time></trkpt><trkpt lat="36.966933" lon="138.947233"><ele>1366.5</ele><time>2021-08-21T02:33:27Z</time></trkpt><trkpt lat="36.966925" lon="138.947222"><ele>1366.2</ele><time>2021-08-21T02:33:28Z</time></trkpt><trkpt lat="36.96692" lon="138.94722"><ele>1366.1</ele><time>2021-08-21T02:33:29Z</time></trkpt><trkpt lat="36.966911" lon="138.947213"><ele>1365.9</ele><time>2021-08-21T02:33:30Z</time></trkpt><trkpt lat="36.966899" lon="138.94721"><ele>1365.6</ele><time>2021-08-21T02:33:31Z</time></trkpt><trkpt lat="36.966889" lon="138.947204"><ele>1365.3</ele><time>2021-08-21T02:33:32Z</time></trkpt><trkpt lat="36.96688" lon="138.947204"><ele>1365.1</ele><time>2021-08-21T02:33:33Z</time></trkpt><trkpt lat="36.966884" lon="138.9472"><ele>1365.0</ele><time>2021-08-21T02:33:34Z</time></trkpt><trkpt lat="36.96687" lon="138.947191"><ele>1364.7</ele><time>2021-08-21T02:33:35Z</time></trkpt><trkpt lat="36.96687" lon="138.947205"><ele>1364.4</ele><time>2021-08-21T02:33:36Z</time></trkpt><trkpt lat="36.966861" lon="138.9472"><ele>1364.2</ele><time>2021-08-21T02:33:37Z</time></trkpt><trkpt lat="36.966852" lon="138.947194"><ele>1364.0</ele><time>2021-08-21T02:33:38Z</time></trkpt><trkpt lat="36.966843" lon="138.947188"><ele>1363.7</ele><time>2021-08-21T02:33:39Z</time></trkpt><trkpt lat="36.96683" lon="138.94718"><ele>1363.4</ele><time>2021-08-21T02:33:40Z</time></trkpt><trkpt lat="36.966825" lon="138.947186"><ele>1363.2</ele><time>2021-08-21T02:33:41Z</time></trkpt><trkpt lat="36.966807" lon="138.947182"><ele>1362.8</ele><time>2021-08-21T02:33:42Z</time></trkpt><trkpt lat="36.9668" lon="138.947164"><ele>1362.5</ele><time>2021-08-21T02:33:43Z</time></trkpt><trkpt lat="36.966785" lon="138.947154"><ele>1362.1</ele><time>2021-08-21T02:33:44Z</time></trkpt><trkpt lat="36.966781" lon="138.947149"><ele>1362.0</ele><time>2021-08-21T02:33:45Z</time></trkpt><trkpt lat="36.966772" lon="138.947143"><ele>1361.7</ele><time>2021-08-21T02:33:46Z</time></trkpt><trkpt lat="36.966757" lon="138.94713"><ele>1361.3</ele><time>2021-08-21T02:33:47Z</time></trkpt><trkpt lat="36.966747" lon="138.947115"><ele>1361.0</ele><time>2021-08-21T02:33:48Z</time></trkpt><trkpt lat="36.966734" lon="138.947104"><ele>1360.6</ele><time>2021-08-21T02:33:49Z</time></trkpt><trkpt lat="36.966728" lon="138.947098"><ele>1360.4</ele><time>2021-08-21T02:33:50Z</time></trkpt><trkpt lat="36.966721" lon="138.947092"><ele>1360.2</ele><time>2021-08-21T02:33:51Z</time></trkpt><trkpt lat="36.966714" lon="138.947086"><ele>1360.0</ele><time>2021-08-21T02:33:52Z</time></trkpt><trkpt lat="36.966707" lon="138.947081"><ele>1359.9</ele><time>2021-08-21T02:33:53Z</time></trkpt><trkpt lat="36.966698" lon="138.947074"><ele>1359.6</ele><time>2021-08-21T02:33:54Z</time></trkpt><trkpt lat="36.966688" lon="138.947071"><ele>1359.4</ele><time>2021-08-21T02:33:55Z</time></trkpt><trkpt lat="36.96668" lon="138.94707"><ele>1359.2</ele><time>2021-08-21T02:33:56Z</time></trkpt><trkpt lat="36.966674" lon="138.94706"><ele>1359.0</ele><time>2021-08-21T02:33:57Z</time></trkpt><trkpt lat="36.966672" lon="138.947052"><ele>1358.8</ele><time>2021-08-21T02:33:58Z</time></trkpt><trkpt lat="36.966664" lon="138.947043"><ele>1358.6</ele><time>2021-08-21T02:33:59Z</time></trkpt><trkpt lat="36.966658" lon="138.947035"><ele>1358.4</ele><time>2021-08-21T02:34:00Z</time></trkpt><trkpt lat="36.966656" lon="138.947042"><ele>1358.2</ele><time>2021-08-21T02:34:01Z</time></trkpt><trkpt lat="36.96665" lon="138.947035"><ele>1358.1</ele><time>2021-08-21T02:34:02Z</time></trkpt><trkpt lat="36.966643" lon="138.947033"><ele>1357.9</ele><time>2021-08-21T02:34:03Z</time></trkpt><trkpt lat="36.966645" lon="138.947039"><ele>1357.8</ele><time>2021-08-21T02:34:04Z</time></trkpt><trkpt lat="36.966632" lon="138.947033"><ele>1357.5</ele><time>2021-08-21T02:34:05Z</time></trkpt><trkpt lat="36.96661" lon="138.947027"><ele>1357.0</ele><time>2021-08-21T02:34:06Z</time></trkpt><trkpt lat="36.966592" lon="138.947021"><ele>1356.5</ele><time>2021-08-21T02:34:07Z</time></trkpt><trkpt lat="36.966574" lon="138.947016"><ele>1356.1</ele><time>2021-08-21T02:34:08Z</time></trkpt><trkpt lat="36.966555" lon="138.947011"><ele>1355.7</ele><time>2021-08-21T02:34:20Z</time></trkpt><trkpt lat="36.966537" lon="138.947005"><ele>1355.3</ele><time>2021-08-21T02:34:21Z</time></trkpt><trkpt lat="36.966519" lon="138.947"><ele>1354.8</ele><time>2021-08-21T02:34:22Z</time></trkpt><trkpt lat="36.966502" lon="138.947001"><ele>1354.5</ele><time>2021-08-21T02:34:23Z</time></trkpt><trkpt lat="36.966491" lon="138.946999"><ele>1354.2</ele><time>2021-08-21T02:34:24Z</time></trkpt><trkpt lat="36.96648" lon="138.946997"><ele>1354.0</ele><time>2021-08-21T02:34:25Z</time></trkpt><trkpt lat="36.966474" lon="138.946996"><ele>1353.8</ele><time>2021-08-21T02:34:26Z</time></trkpt><trkpt lat="36.966466" lon="138.946987"><ele>1353.6</ele><time>2021-08-21T02:34:27Z</time></trkpt><trkpt lat="36.96646" lon="138.94698"><ele>1353.4</ele><time>2021-08-21T02:34:29Z</time></trkpt><trkpt lat="36.966455" lon="138.946975"><ele>1353.2</ele><time>2021-08-21T02:34:30Z</time></trkpt><trkpt lat="36.966444" lon="138.946963"><ele>1352.9</ele><time>2021-08-21T02:34:31Z</time></trkpt><trkpt lat="36.966435" lon="138.946951"><ele>1352.6</ele><time>2021-08-21T02:34:32Z</time></trkpt><trkpt lat="36.966429" lon="138.94695"><ele>1352.5</ele><time>2021-08-21T02:34:33Z</time></trkpt><trkpt lat="36.966423" lon="138.946944"><ele>1352.3</ele><time>2021-08-21T02:34:34Z</time></trkpt><trkpt lat="36.966413" lon="138.94695"><ele>1352.0</ele><time>2021-08-21T02:34:35Z</time></trkpt><trkpt lat="36.966404" lon="138.946943"><ele>1351.8</ele><time>2021-08-21T02:34:36Z</time></trkpt><trkpt lat="36.966393" lon="138.946933"><ele>1351.5</ele><time>2021-08-21T02:34:37Z</time></trkpt><trkpt lat="36.966379" lon="138.946931"><ele>1351.2</ele><time>2021-08-21T02:34:38Z</time></trkpt><trkpt lat="36.966371" lon="138.946928"><ele>1351.0</ele><time>2021-08-21T02:34:39Z</time></trkpt><trkpt lat="36.966365" lon="138.946914"><ele>1350.7</ele><time>2021-08-21T02:34:40Z</time></trkpt><trkpt lat="36.966361" lon="138.946918"><ele>1350.6</ele><time>2021-08-21T02:34:41Z</time></trkpt><trkpt lat="36.966353" lon="138.946917"><ele>1350.4</ele><time>2021-08-21T02:34:42Z</time></trkpt><trkpt lat="36.96635" lon="138.946925"><ele>1350.2</ele><time>2021-08-21T02:34:43Z</time></trkpt><trkpt lat="36.966337" lon="138.946921"><ele>1349.9</ele><time>2021-08-21T02:34:44Z</time></trkpt><trkpt lat="36.966323" lon="138.946927"><ele>1349.6</ele><time>2021-08-21T02:34:45Z</time></trkpt><trkpt lat="36.966316" lon="138.946933"><ele>1349.4</ele><time>2021-08-21T02:34:46Z</time></trkpt><trkpt lat="36.966311" lon="138.946929"><ele>1349.3</ele><time>2021-08-21T02:34:47Z</time></trkpt><trkpt lat="36.966307" lon="138.946927"><ele>1349.2</ele><time>2021-08-21T02:34:48Z</time></trkpt><trkpt lat="36.966305" lon="138.946929"><ele>1349.1</ele><time>2021-08-21T02:34:49Z</time></trkpt><trkpt lat="36.966292" lon="138.946923"><ele>1348.8</ele><time>2021-08-21T02:34:50Z</time></trkpt><trkpt lat="36.966272" lon="138.946929"><ele>1348.3</ele><time>2021-08-21T02:34:51Z</time></trkpt><trkpt lat="36.966269" lon="138.946929"><ele>1348.3</ele><time>2021-08-21T02:34:52Z</time></trkpt><trkpt lat="36.966265" lon="138.946938"><ele>1348.1</ele><time>2021-08-21T02:34:53Z</time></trkpt><trkpt lat="36.96626" lon="138.946952"><ele>1347.8</ele><time>2021-08-21T02:34:54Z</time></trkpt><trkpt lat="36.966247" lon="138.946955"><ele>1347.5</ele><time>2021-08-21T02:34:55Z</time></trkpt><trkpt lat="36.966237" lon="138.946963"><ele>1347.2</ele><time>2021-08-21T02:34:56Z</time></trkpt><trkpt lat="36.966236" lon="138.946963"><ele>1347.2</ele><time>2021-08-21T02:34:57Z</time></trkpt><trkpt lat="36.966231" lon="138.946968"><ele>1347.1</ele><time>2021-08-21T02:34:58Z</time></trkpt><trkpt lat="36.966222" lon="138.94696"><ele>1346.8</ele><time>2021-08-21T02:34:59Z</time></trkpt><trkpt lat="36.966222" lon="138.946954"><ele>1346.7</ele><time>2021-08-21T02:35:00Z</time></trkpt><trkpt lat="36.966212" lon="138.946952"><ele>1346.5</ele><time>2021-08-21T02:35:01Z</time></trkpt><trkpt lat="36.966208" lon="138.946957"><ele>1346.4</ele><time>2021-08-21T02:35:02Z</time></trkpt><trkpt lat="36.966205" lon="138.946963"><ele>1346.2</ele><time>2021-08-21T02:35:03Z</time></trkpt><trkpt lat="36.966196" lon="138.946962"><ele>1346.0</ele><time>2021-08-21T02:35:04Z</time></trkpt><trkpt lat="36.966188" lon="138.946962"><ele>1345.8</ele><time>2021-08-21T02:35:05Z</time></trkpt><trkpt lat="36.966184" lon="138.946962"><ele>1345.8</ele><time>2021-08-21T02:35:06Z</time></trkpt><trkpt lat="36.966158" lon="138.946968"><ele>1345.2</ele><time>2021-08-21T02:35:08Z</time></trkpt><trkpt lat="36.966149" lon="138.946957"><ele>1344.9</ele><time>2021-08-21T02:35:09Z</time></trkpt><trkpt lat="36.966142" lon="138.946952"><ele>1344.7</ele><time>2021-08-21T02:35:10Z</time></trkpt><trkpt lat="36.966131" lon="138.946952"><ele>1344.4</ele><time>2021-08-21T02:35:11Z</time></trkpt><trkpt lat="36.966118" lon="138.946953"><ele>1344.1</ele><time>2021-08-21T02:35:12Z</time></trkpt><trkpt lat="36.966109" lon="138.946943"><ele>1343.9</ele><time>2021-08-21T02:35:13Z</time></trkpt><trkpt lat="36.966101" lon="138.946948"><ele>1343.7</ele><time>2021-08-21T02:35:14Z</time></trkpt><trkpt lat="36.966095" lon="138.946951"><ele>1343.5</ele><time>2021-08-21T02:35:15Z</time></trkpt><trkpt lat="36.966088" lon="138.946948"><ele>1343.4</ele><time>2021-08-21T02:35:16Z</time></trkpt><trkpt lat="36.966079" lon="138.946945"><ele>1343.1</ele><time>2021-08-21T02:35:17Z</time></trkpt><trkpt lat="36.966068" lon="138.946941"><ele>1342.9</ele><time>2021-08-21T02:35:18Z</time></trkpt><trkpt lat="36.966063" lon="138.946938"><ele>1342.8</ele><time>2021-08-21T02:35:19Z</time></trkpt><trkpt lat="36.966055" lon="138.946937"><ele>1342.6</ele><time>2021-08-21T02:35:20Z</time></trkpt><trkpt lat="36.966048" lon="138.946935"><ele>1342.4</ele><time>2021-08-21T02:35:21Z</time></trkpt><trkpt lat="36.966042" lon="138.946933"><ele>1342.3</ele><time>2021-08-21T02:35:22Z</time></trkpt><trkpt lat="36.966038" lon="138.946923"><ele>1342.1</ele><time>2021-08-21T02:35:23Z</time></trkpt><trkpt lat="36.966029" lon="138.946919"><ele>1341.9</ele><time>2021-08-21T02:35:24Z</time></trkpt><trkpt lat="36.966023" lon="138.94692"><ele>1341.7</ele><time>2021-08-21T02:35:25Z</time></trkpt><trkpt lat="36.966011" lon="138.946914"><ele>1341.4</ele><time>2021-08-21T02:35:26Z</time></trkpt><trkpt lat="36.966004" lon="138.946909"><ele>1341.2</ele><time>2021-08-21T02:35:27Z</time></trkpt><trkpt lat="36.965994" lon="138.946905"><ele>1341.0</ele><time>2021-08-21T02:35:28Z</time></trkpt><trkpt lat="36.965982" lon="138.946904"><ele>1340.7</ele><time>2021-08-21T02:35:29Z</time></trkpt><trkpt lat="36.965974" lon="138.946912"><ele>1340.5</ele><time>2021-08-21T02:35:30Z</time></trkpt><trkpt lat="36.965964" lon="138.946903"><ele>1340.2</ele><time>2021-08-21T02:35:31Z</time></trkpt><trkpt lat="36.965958" lon="138.946912"><ele>1340.0</ele><time>2021-08-21T02:35:32Z</time></trkpt><trkpt lat="36.965947" lon="138.946918"><ele>1339.7</ele><time>2021-08-21T02:35:33Z</time></trkpt><trkpt lat="36.965935" lon="138.946919"><ele>1339.5</ele><time>2021-08-21T02:35:34Z</time></trkpt><trkpt lat="36.965925" lon="138.94693"><ele>1339.2</ele><time>2021-08-21T02:35:35Z</time></trkpt><trkpt lat="36.965917" lon="138.946926"><ele>1339.0</ele><time>2021-08-21T02:35:36Z</time></trkpt><trkpt lat="36.965904" lon="138.946922"><ele>1338.7</ele><time>2021-08-21T02:35:37Z</time></trkpt><trkpt lat="36.965893" lon="138.946907"><ele>1338.3</ele><time>2021-08-21T02:35:38Z</time></trkpt><trkpt lat="36.965889" lon="138.94691"><ele>1338.2</ele><time>2021-08-21T02:35:39Z</time></trkpt><trkpt lat="36.965874" lon="138.946909"><ele>1337.9</ele><time>2021-08-21T02:35:40Z</time></trkpt><trkpt lat="36.96585" lon="138.946918"><ele>1337.3</ele><time>2021-08-21T02:35:41Z</time></trkpt><trkpt lat="36.96584" lon="138.946922"><ele>1337.0</ele><time>2021-08-21T02:35:42Z</time></trkpt><trkpt lat="36.96583" lon="138.946925"><ele>1336.8</ele><time>2021-08-21T02:35:43Z</time></trkpt><trkpt lat="36.965812" lon="138.946937"><ele>1336.4</ele><time>2021-08-21T02:35:44Z</time></trkpt><trkpt lat="36.965805" lon="138.946941"><ele>1336.2</ele><time>2021-08-21T02:35:45Z</time></trkpt><trkpt lat="36.965797" lon="138.946946"><ele>1336.0</ele><time>2021-08-21T02:35:46Z</time></trkpt><trkpt lat="36.965788" lon="138.946944"><ele>1335.8</ele><time>2021-08-21T02:35:47Z</time></trkpt><trkpt lat="36.965784" lon="138.94694"><ele>1335.7</ele><time>2021-08-21T02:35:48Z</time></trkpt><trkpt lat="36.965779" lon="138.946931"><ele>1335.5</ele><time>2021-08-21T02:35:49Z</time></trkpt><trkpt lat="36.965771" lon="138.946927"><ele>1335.3</ele><time>2021-08-21T02:35:50Z</time></trkpt><trkpt lat="36.965768" lon="138.946923"><ele>1335.2</ele><time>2021-08-21T02:35:51Z</time></trkpt><trkpt lat="36.96576" lon="138.946925"><ele>1335.0</ele><time>2021-08-21T02:35:52Z</time></trkpt><trkpt lat="36.96575" lon="138.94692"><ele>1334.7</ele><time>2021-08-21T02:35:53Z</time></trkpt><trkpt lat="36.965754" lon="138.946919"><ele>1334.6</ele><time>2021-08-21T02:35:54Z</time></trkpt><trkpt lat="36.965749" lon="138.946895"><ele>1334.2</ele><time>2021-08-21T02:35:55Z</time></trkpt><trkpt lat="36.965744" lon="138.946899"><ele>1334.1</ele><time>2021-08-21T02:35:56Z</time></trkpt><trkpt lat="36.965737" lon="138.946904"><ele>1333.9</ele><time>2021-08-21T02:35:57Z</time></trkpt><trkpt lat="36.965733" lon="138.946904"><ele>1333.8</ele><time>2021-08-21T02:35:58Z</time></trkpt><trkpt lat="36.965722" lon="138.946894"><ele>1333.5</ele><time>2021-08-21T02:35:59Z</time></trkpt><trkpt lat="36.965718" lon="138.946882"><ele>1333.2</ele><time>2021-08-21T02:36:00Z</time></trkpt><trkpt lat="36.96571" lon="138.946879"><ele>1333.1</ele><time>2021-08-21T02:36:01Z</time></trkpt><trkpt lat="36.965699" lon="138.946898"><ele>1332.6</ele><time>2021-08-21T02:36:02Z</time></trkpt><trkpt lat="36.965691" lon="138.946902"><ele>1332.4</ele><time>2021-08-21T02:36:03Z</time></trkpt><trkpt lat="36.965683" lon="138.946891"><ele>1332.2</ele><time>2021-08-21T02:36:04Z</time></trkpt><trkpt lat="36.965676" lon="138.946894"><ele>1332.0</ele><time>2021-08-21T02:36:05Z</time></trkpt><trkpt lat="36.965668" lon="138.946898"><ele>1331.8</ele><time>2021-08-21T02:36:06Z</time></trkpt><trkpt lat="36.965661" lon="138.946901"><ele>1331.6</ele><time>2021-08-21T02:36:07Z</time></trkpt><trkpt lat="36.965654" lon="138.946904"><ele>1331.5</ele><time>2021-08-21T02:36:08Z</time></trkpt><trkpt lat="36.965637" lon="138.946912"><ele>1331.1</ele><time>2021-08-21T02:36:09Z</time></trkpt><trkpt lat="36.965641" lon="138.946892"><ele>1330.7</ele><time>2021-08-21T02:36:10Z</time></trkpt><trkpt lat="36.965643" lon="138.946888"><ele>1330.6</ele><time>2021-08-21T02:36:11Z</time></trkpt><trkpt lat="36.965639" lon="138.946878"><ele>1330.4</ele><time>2021-08-21T02:36:12Z</time></trkpt><trkpt lat="36.965623" lon="138.94688"><ele>1330.0</ele><time>2021-08-21T02:36:13Z</time></trkpt><trkpt lat="36.965609" lon="138.946881"><ele>1329.7</ele><time>2021-08-21T02:36:14Z</time></trkpt><trkpt lat="36.965603" lon="138.946878"><ele>1329.6</ele><time>2021-08-21T02:36:15Z</time></trkpt><trkpt lat="36.965593" lon="138.946877"><ele>1329.3</ele><time>2021-08-21T02:36:16Z</time></trkpt><trkpt lat="36.965577" lon="138.946858"><ele>1328.8</ele><time>2021-08-21T02:36:17Z</time></trkpt><trkpt lat="36.96557" lon="138.946841"><ele>1328.5</ele><time>2021-08-21T02:36:18Z</time></trkpt><trkpt lat="36.965561" lon="138.946833"><ele>1328.2</ele><time>2021-08-21T02:36:19Z</time></trkpt><trkpt lat="36.965552" lon="138.946831"><ele>1328.0</ele><time>2021-08-21T02:36:20Z</time></trkpt><trkpt lat="36.96554" lon="138.946827"><ele>1327.8</ele><time>2021-08-21T02:36:21Z</time></trkpt><trkpt lat="36.965532" lon="138.946815"><ele>1327.5</ele><time>2021-08-21T02:36:22Z</time></trkpt><trkpt lat="36.96553" lon="138.946817"><ele>1327.4</ele><time>2021-08-21T02:36:23Z</time></trkpt><trkpt lat="36.965521" lon="138.946822"><ele>1327.2</ele><time>2021-08-21T02:36:24Z</time></trkpt><trkpt lat="36.965516" lon="138.946823"><ele>1327.1</ele><time>2021-08-21T02:36:25Z</time></trkpt><trkpt lat="36.965517" lon="138.946831"><ele>1326.9</ele><time>2021-08-21T02:36:26Z</time></trkpt><trkpt lat="36.965511" lon="138.946836"><ele>1326.8</ele><time>2021-08-21T02:36:27Z</time></trkpt><trkpt lat="36.965493" lon="138.946838"><ele>1326.4</ele><time>2021-08-21T02:36:28Z</time></trkpt><trkpt lat="36.965481" lon="138.946851"><ele>1326.0</ele><time>2021-08-21T02:36:29Z</time></trkpt><trkpt lat="36.965488" lon="138.946852"><ele>1325.8</ele><time>2021-08-21T02:36:30Z</time></trkpt><trkpt lat="36.965498" lon="138.946846"><ele>1325.6</ele><time>2021-08-21T02:36:31Z</time></trkpt><trkpt lat="36.965506" lon="138.946846"><ele>1325.4</ele><time>2021-08-21T02:36:32Z</time></trkpt><trkpt lat="36.965506" lon="138.946846"><ele>1325.4</ele><time>2021-08-21T02:36:33Z</time></trkpt><trkpt lat="36.965509" lon="138.946847"><ele>1325.3</ele><time>2021-08-21T02:36:35Z</time></trkpt><trkpt lat="36.96551" lon="138.946848"><ele>1325.3</ele><time>2021-08-21T02:36:36Z</time></trkpt><trkpt lat="36.965508" lon="138.946843"><ele>1325.2</ele><time>2021-08-21T02:36:37Z</time></trkpt><trkpt lat="36.965508" lon="138.946847"><ele>1325.1</ele><time>2021-08-21T02:36:38Z</time></trkpt><trkpt lat="36.965509" lon="138.946838"><ele>1325.0</ele><time>2021-08-21T02:36:39Z</time></trkpt><trkpt lat="36.965424" lon="138.946852"><ele>1323.0</ele><time>2021-08-21T02:36:53Z</time></trkpt><trkpt lat="36.965413" lon="138.946845"><ele>1322.7</ele><time>2021-08-21T02:36:54Z</time></trkpt><trkpt lat="36.965407" lon="138.946845"><ele>1322.6</ele><time>2021-08-21T02:36:55Z</time></trkpt><trkpt lat="36.965396" lon="138.946849"><ele>1322.3</ele><time>2021-08-21T02:36:56Z</time></trkpt><trkpt lat="36.965383" lon="138.946856"><ele>1322.0</ele><time>2021-08-21T02:36:57Z</time></trkpt><trkpt lat="36.965379" lon="138.946846"><ele>1321.8</ele><time>2021-08-21T02:36:58Z</time></trkpt><trkpt lat="36.965379" lon="138.946847"><ele>1321.8</ele><time>2021-08-21T02:36:59Z</time></trkpt><trkpt lat="36.96537" lon="138.946847"><ele>1321.6</ele><time>2021-08-21T02:37:00Z</time></trkpt><trkpt lat="36.965372" lon="138.946844"><ele>1321.5</ele><time>2021-08-21T02:37:01Z</time></trkpt><trkpt lat="36.965361" lon="138.946856"><ele>1321.2</ele><time>2021-08-21T02:37:02Z</time></trkpt><trkpt lat="36.965345" lon="138.946855"><ele>1320.8</ele><time>2021-08-21T02:37:03Z</time></trkpt><trkpt lat="36.965343" lon="138.946875"><ele>1320.5</ele><time>2021-08-21T02:37:04Z</time></trkpt><trkpt lat="36.965343" lon="138.946879"><ele>1320.4</ele><time>2021-08-21T02:37:05Z</time></trkpt><trkpt lat="36.96534" lon="138.946885"><ele>1320.3</ele><time>2021-08-21T02:37:06Z</time></trkpt><trkpt lat="36.965335" lon="138.9469"><ele>1320.0</ele><time>2021-08-21T02:37:07Z</time></trkpt><trkpt lat="36.965323" lon="138.946905"><ele>1319.7</ele><time>2021-08-21T02:37:08Z</time></trkpt><trkpt lat="36.965319" lon="138.946909"><ele>1319.6</ele><time>2021-08-21T02:37:09Z</time></trkpt><trkpt lat="36.965311" lon="138.946913"><ele>1319.4</ele><time>2021-08-21T02:37:10Z</time></trkpt><trkpt lat="36.965305" lon="138.946916"><ele>1319.2</ele><time>2021-08-21T02:37:11Z</time></trkpt><trkpt lat="36.965298" lon="138.946929"><ele>1319.0</ele><time>2021-08-21T02:37:12Z</time></trkpt><trkpt lat="36.965296" lon="138.94693"><ele>1318.9</ele><time>2021-08-21T02:37:13Z</time></trkpt><trkpt lat="36.965288" lon="138.946931"><ele>1318.7</ele><time>2021-08-21T02:37:14Z</time></trkpt><trkpt lat="36.965283" lon="138.946934"><ele>1318.6</ele><time>2021-08-21T02:37:15Z</time></trkpt><trkpt lat="36.965273" lon="138.94693"><ele>1318.4</ele><time>2021-08-21T02:37:16Z</time></trkpt><trkpt lat="36.965261" lon="138.946929"><ele>1318.1</ele><time>2021-08-21T02:37:17Z</time></trkpt><trkpt lat="36.965246" lon="138.946927"><ele>1317.7</ele><time>2021-08-21T02:37:18Z</time></trkpt><trkpt lat="36.965241" lon="138.946915"><ele>1317.5</ele><time>2021-08-21T02:37:19Z</time></trkpt><trkpt lat="36.965239" lon="138.946908"><ele>1317.4</ele><time>2021-08-21T02:37:20Z</time></trkpt><trkpt lat="36.965241" lon="138.946901"><ele>1317.2</ele><time>2021-08-21T02:37:21Z</time></trkpt><trkpt lat="36.965235" lon="138.946913"><ele>1317.0</ele><time>2021-08-21T02:37:22Z</time></trkpt><trkpt lat="36.965219" lon="138.946912"><ele>1316.6</ele><time>2021-08-21T02:37:23Z</time></trkpt><trkpt lat="36.965207" lon="138.946899"><ele>1316.3</ele><time>2021-08-21T02:37:24Z</time></trkpt><trkpt lat="36.965208" lon="138.9469"><ele>1316.2</ele><time>2021-08-21T02:37:25Z</time></trkpt><trkpt lat="36.965203" lon="138.946907"><ele>1316.1</ele><time>2021-08-21T02:37:26Z</time></trkpt><trkpt lat="36.965195" lon="138.946912"><ele>1315.8</ele><time>2021-08-21T02:37:27Z</time></trkpt><trkpt lat="36.965184" lon="138.946916"><ele>1315.6</ele><time>2021-08-21T02:37:28Z</time></trkpt><trkpt lat="36.965174" lon="138.946917"><ele>1315.4</ele><time>2021-08-21T02:37:29Z</time></trkpt><trkpt lat="36.965167" lon="138.946912"><ele>1315.2</ele><time>2021-08-21T02:37:30Z</time></trkpt><trkpt lat="36.965166" lon="138.9469"><ele>1315.0</ele><time>2021-08-21T02:37:31Z</time></trkpt><trkpt lat="36.965152" lon="138.946899"><ele>1314.6</ele><time>2021-08-21T02:37:32Z</time></trkpt><trkpt lat="36.965148" lon="138.946898"><ele>1314.6</ele><time>2021-08-21T02:37:33Z</time></trkpt><trkpt lat="36.96513" lon="138.946897"><ele>1314.1</ele><time>2021-08-21T02:37:34Z</time></trkpt><trkpt lat="36.965107" lon="138.9469"><ele>1313.6</ele><time>2021-08-21T02:37:36Z</time></trkpt><trkpt lat="36.965099" lon="138.946891"><ele>1313.4</ele><time>2021-08-21T02:37:37Z</time></trkpt><trkpt lat="36.965093" lon="138.946885"><ele>1313.2</ele><time>2021-08-21T02:37:38Z</time></trkpt><trkpt lat="36.965084" lon="138.946882"><ele>1313.0</ele><time>2021-08-21T02:37:39Z</time></trkpt><trkpt lat="36.965088" lon="138.946877"><ele>1312.9</ele><time>2021-08-21T02:37:40Z</time></trkpt><trkpt lat="36.965075" lon="138.946859"><ele>1312.4</ele><time>2021-08-21T02:37:41Z</time></trkpt><trkpt lat="36.965061" lon="138.946854"><ele>1312.1</ele><time>2021-08-21T02:37:42Z</time></trkpt><trkpt lat="36.96506" lon="138.946844"><ele>1311.9</ele><time>2021-08-21T02:37:43Z</time></trkpt><trkpt lat="36.965058" lon="138.946833"><ele>1311.7</ele><time>2021-08-21T02:37:44Z</time></trkpt><trkpt lat="36.965053" lon="138.946831"><ele>1311.6</ele><time>2021-08-21T02:37:45Z</time></trkpt><trkpt lat="36.965052" lon="138.946839"><ele>1311.4</ele><time>2021-08-21T02:37:46Z</time></trkpt><trkpt lat="36.965046" lon="138.946854"><ele>1311.1</ele><time>2021-08-21T02:37:47Z</time></trkpt><trkpt lat="36.96504" lon="138.946863"><ele>1310.9</ele><time>2021-08-21T02:37:48Z</time></trkpt><trkpt lat="36.965037" lon="138.946855"><ele>1310.8</ele><time>2021-08-21T02:37:49Z</time></trkpt><trkpt lat="36.965033" lon="138.946857"><ele>1310.7</ele><time>2021-08-21T02:37:50Z</time></trkpt><trkpt lat="36.965028" lon="138.946856"><ele>1310.6</ele><time>2021-08-21T02:37:51Z</time></trkpt><trkpt lat="36.965018" lon="138.946856"><ele>1310.3</ele><time>2021-08-21T02:37:52Z</time></trkpt><trkpt lat="36.965012" lon="138.946853"><ele>1310.2</ele><time>2021-08-21T02:37:53Z</time></trkpt><trkpt lat="36.964947" lon="138.946857"><ele>1308.7</ele><time>2021-08-21T02:38:04Z</time></trkpt><trkpt lat="36.964937" lon="138.946855"><ele>1308.5</ele><time>2021-08-21T02:38:05Z</time></trkpt><trkpt lat="36.964933" lon="138.946858"><ele>1308.4</ele><time>2021-08-21T02:38:06Z</time></trkpt><trkpt lat="36.964928" lon="138.946859"><ele>1308.3</ele><time>2021-08-21T02:38:07Z</time></trkpt><trkpt lat="36.964924" lon="138.946855"><ele>1308.1</ele><time>2021-08-21T02:38:08Z</time></trkpt><trkpt lat="36.964915" lon="138.946853"><ele>1307.9</ele><time>2021-08-21T02:38:09Z</time></trkpt><trkpt lat="36.964897" lon="138.946861"><ele>1307.5</ele><time>2021-08-21T02:38:10Z</time></trkpt><trkpt lat="36.9649" lon="138.946856"><ele>1307.4</ele><time>2021-08-21T02:38:11Z</time></trkpt><trkpt lat="36.964899" lon="138.946847"><ele>1307.2</ele><time>2021-08-21T02:38:12Z</time></trkpt><trkpt lat="36.964893" lon="138.946844"><ele>1307.1</ele><time>2021-08-21T02:38:13Z</time></trkpt><trkpt lat="36.964888" lon="138.94684"><ele>1306.9</ele><time>2021-08-21T02:38:14Z</time></trkpt><trkpt lat="36.964885" lon="138.946836"><ele>1306.8</ele><time>2021-08-21T02:38:15Z</time></trkpt><trkpt lat="36.964796" lon="138.946975"><ele>1302.3</ele><time>2021-08-21T02:38:35Z</time></trkpt><trkpt lat="36.964792" lon="138.946966"><ele>1302.1</ele><time>2021-08-21T02:38:36Z</time></trkpt><trkpt lat="36.964789" lon="138.946961"><ele>1302.0</ele><time>2021-08-21T02:38:37Z</time></trkpt><trkpt lat="36.964783" lon="138.946953"><ele>1301.8</ele><time>2021-08-21T02:38:38Z</time></trkpt><trkpt lat="36.964787" lon="138.946942"><ele>1301.6</ele><time>2021-08-21T02:38:39Z</time></trkpt><trkpt lat="36.964789" lon="138.946923"><ele>1301.2</ele><time>2021-08-21T02:38:41Z</time></trkpt><trkpt lat="36.964784" lon="138.946908"><ele>1300.9</ele><time>2021-08-21T02:38:42Z</time></trkpt><trkpt lat="36.964785" lon="138.946898"><ele>1300.7</ele><time>2021-08-21T02:38:43Z</time></trkpt><trkpt lat="36.964787" lon="138.946885"><ele>1300.5</ele><time>2021-08-21T02:38:44Z</time></trkpt><trkpt lat="36.964779" lon="138.946877"><ele>1300.3</ele><time>2021-08-21T02:38:45Z</time></trkpt><trkpt lat="36.964765" lon="138.946875"><ele>1299.9</ele><time>2021-08-21T02:38:46Z</time></trkpt><trkpt lat="36.964627" lon="138.946832"><ele>1296.7</ele><time>2021-08-21T02:39:17Z</time></trkpt><trkpt lat="36.964629" lon="138.946826"><ele>1296.6</ele><time>2021-08-21T02:39:18Z</time></trkpt><trkpt lat="36.964621" lon="138.946821"><ele>1296.4</ele><time>2021-08-21T02:39:19Z</time></trkpt><trkpt lat="36.964606" lon="138.946819"><ele>1296.0</ele><time>2021-08-21T02:39:20Z</time></trkpt><trkpt lat="36.964598" lon="138.946816"><ele>1295.8</ele><time>2021-08-21T02:39:21Z</time></trkpt><trkpt lat="36.964587" lon="138.946802"><ele>1295.5</ele><time>2021-08-21T02:39:22Z</time></trkpt><trkpt lat="36.964585" lon="138.946784"><ele>1295.1</ele><time>2021-08-21T02:39:23Z</time></trkpt><trkpt lat="36.964585" lon="138.946783"><ele>1295.1</ele><time>2021-08-21T02:39:24Z</time></trkpt><trkpt lat="36.964585" lon="138.946779"><ele>1295.0</ele><time>2021-08-21T02:39:25Z</time></trkpt><trkpt lat="36.964584" lon="138.946777"><ele>1295.0</ele><time>2021-08-21T02:39:26Z</time></trkpt><trkpt lat="36.964582" lon="138.946769"><ele>1294.8</ele><time>2021-08-21T02:39:27Z</time></trkpt><trkpt lat="36.964575" lon="138.946771"><ele>1294.7</ele><time>2021-08-21T02:39:28Z</time></trkpt><trkpt lat="36.964574" lon="138.946766"><ele>1294.6</ele><time>2021-08-21T02:39:29Z</time></trkpt><trkpt lat="36.964572" lon="138.946751"><ele>1294.3</ele><time>2021-08-21T02:39:30Z</time></trkpt><trkpt lat="36.964554" lon="138.946759"><ele>1293.9</ele><time>2021-08-21T02:39:31Z</time></trkpt><trkpt lat="36.964549" lon="138.946764"><ele>1293.7</ele><time>2021-08-21T02:39:32Z</time></trkpt><trkpt lat="36.964543" lon="138.946769"><ele>1293.5</ele><time>2021-08-21T02:39:33Z</time></trkpt><trkpt lat="36.964538" lon="138.946774"><ele>1293.4</ele><time>2021-08-21T02:39:34Z</time></trkpt><trkpt lat="36.964532" lon="138.946779"><ele>1293.2</ele><time>2021-08-21T02:39:35Z</time></trkpt><trkpt lat="36.964521" lon="138.946766"><ele>1292.9</ele><time>2021-08-21T02:39:36Z</time></trkpt><trkpt lat="36.964501" lon="138.946771"><ele>1292.4</ele><time>2021-08-21T02:39:37Z</time></trkpt><trkpt lat="36.964506" lon="138.946774"><ele>1292.3</ele><time>2021-08-21T02:39:38Z</time></trkpt><trkpt lat="36.964508" lon="138.946761"><ele>1292.1</ele><time>2021-08-21T02:39:39Z</time></trkpt><trkpt lat="36.964496" lon="138.946758"><ele>1291.8</ele><time>2021-08-21T02:39:40Z</time></trkpt><trkpt lat="36.964496" lon="138.94675"><ele>1291.6</ele><time>2021-08-21T02:39:41Z</time></trkpt><trkpt lat="36.964481" lon="138.946747"><ele>1291.3</ele><time>2021-08-21T02:39:42Z</time></trkpt><trkpt lat="36.964475" lon="138.946743"><ele>1291.1</ele><time>2021-08-21T02:39:43Z</time></trkpt><trkpt lat="36.964469" lon="138.946738"><ele>1291.0</ele><time>2021-08-21T02:39:44Z</time></trkpt><trkpt lat="36.96447" lon="138.946722"><ele>1290.7</ele><time>2021-08-21T02:39:45Z</time></trkpt><trkpt lat="36.964466" lon="138.946715"><ele>1290.5</ele><time>2021-08-21T02:39:46Z</time></trkpt><trkpt lat="36.964467" lon="138.946708"><ele>1290.4</ele><time>2021-08-21T02:39:47Z</time></trkpt><trkpt lat="36.964472" lon="138.9467"><ele>1290.2</ele><time>2021-08-21T02:39:48Z</time></trkpt><trkpt lat="36.964471" lon="138.946682"><ele>1289.9</ele><time>2021-08-21T02:39:49Z</time></trkpt><trkpt lat="36.96448" lon="138.946674"><ele>1289.6</ele><time>2021-08-21T02:39:50Z</time></trkpt><trkpt lat="36.964476" lon="138.946659"><ele>1289.3</ele><time>2021-08-21T02:39:51Z</time></trkpt><trkpt lat="36.964462" lon="138.946657"><ele>1289.0</ele><time>2021-08-21T02:39:52Z</time></trkpt><trkpt lat="36.964453" lon="138.946647"><ele>1288.7</ele><time>2021-08-21T02:39:53Z</time></trkpt><trkpt lat="36.964446" lon="138.946644"><ele>1288.5</ele><time>2021-08-21T02:39:54Z</time></trkpt><trkpt lat="36.964438" lon="138.946643"><ele>1288.4</ele><time>2021-08-21T02:39:55Z</time></trkpt><trkpt lat="36.964438" lon="138.946678"><ele>1287.7</ele><time>2021-08-21T02:39:56Z</time></trkpt><trkpt lat="36.964421" lon="138.946695"><ele>1287.2</ele><time>2021-08-21T02:39:57Z</time></trkpt><trkpt lat="36.964418" lon="138.946704"><ele>1287.0</ele><time>2021-08-21T02:39:58Z</time></trkpt><trkpt lat="36.964414" lon="138.946713"><ele>1286.9</ele><time>2021-08-21T02:39:59Z</time></trkpt><trkpt lat="36.964396" lon="138.946714"><ele>1286.4</ele><time>2021-08-21T02:40:00Z</time></trkpt><trkpt lat="36.964383" lon="138.946722"><ele>1286.1</ele><time>2021-08-21T02:40:01Z</time></trkpt><trkpt lat="36.964378" lon="138.946705"><ele>1285.8</ele><time>2021-08-21T02:40:02Z</time></trkpt><trkpt lat="36.964369" lon="138.94668"><ele>1285.3</ele><time>2021-08-21T02:40:03Z</time></trkpt><trkpt lat="36.96437" lon="138.946663"><ele>1285.0</ele><time>2021-08-21T02:40:04Z</time></trkpt><trkpt lat="36.964366" lon="138.94666"><ele>1284.9</ele><time>2021-08-21T02:40:05Z</time></trkpt><trkpt lat="36.964344" lon="138.94667"><ele>1284.3</ele><time>2021-08-21T02:40:06Z</time></trkpt><trkpt lat="36.964336" lon="138.946669"><ele>1284.1</ele><time>2021-08-21T02:40:07Z</time></trkpt><trkpt lat="36.964329" lon="138.946638"><ele>1283.5</ele><time>2021-08-21T02:40:08Z</time></trkpt><trkpt lat="36.964315" lon="138.946643"><ele>1283.2</ele><time>2021-08-21T02:40:09Z</time></trkpt><trkpt lat="36.964312" lon="138.946649"><ele>1283.1</ele><time>2021-08-21T02:40:10Z</time></trkpt><trkpt lat="36.964302" lon="138.946645"><ele>1282.8</ele><time>2021-08-21T02:40:11Z</time></trkpt><trkpt lat="36.964297" lon="138.946639"><ele>1282.7</ele><time>2021-08-21T02:40:12Z</time></trkpt><trkpt lat="36.964287" lon="138.946639"><ele>1282.5</ele><time>2021-08-21T02:40:13Z</time></trkpt><trkpt lat="36.964282" lon="138.946654"><ele>1282.2</ele><time>2021-08-21T02:40:14Z</time></trkpt><trkpt lat="36.964271" lon="138.946658"><ele>1281.9</ele><time>2021-08-21T02:40:15Z</time></trkpt><trkpt lat="36.964263" lon="138.946665"><ele>1281.7</ele><time>2021-08-21T02:40:16Z</time></trkpt><trkpt lat="36.964251" lon="138.946677"><ele>1281.3</ele><time>2021-08-21T02:40:17Z</time></trkpt><trkpt lat="36.964247" lon="138.946684"><ele>1281.2</ele><time>2021-08-21T02:40:18Z</time></trkpt><trkpt lat="36.964242" lon="138.946691"><ele>1281.0</ele><time>2021-08-21T02:40:19Z</time></trkpt><trkpt lat="36.964237" lon="138.946698"><ele>1280.8</ele><time>2021-08-21T02:40:20Z</time></trkpt><trkpt lat="36.964231" lon="138.946691"><ele>1280.6</ele><time>2021-08-21T02:40:21Z</time></trkpt><trkpt lat="36.964225" lon="138.946687"><ele>1280.5</ele><time>2021-08-21T02:40:22Z</time></trkpt><trkpt lat="36.964218" lon="138.946682"><ele>1280.3</ele><time>2021-08-21T02:40:23Z</time></trkpt><trkpt lat="36.964212" lon="138.946678"><ele>1280.1</ele><time>2021-08-21T02:40:24Z</time></trkpt><trkpt lat="36.964205" lon="138.946673"><ele>1280.0</ele><time>2021-08-21T02:40:25Z</time></trkpt><trkpt lat="36.964198" lon="138.946661"><ele>1279.7</ele><time>2021-08-21T02:40:26Z</time></trkpt><trkpt lat="36.964184" lon="138.946663"><ele>1279.4</ele><time>2021-08-21T02:40:27Z</time></trkpt><trkpt lat="36.964171" lon="138.946662"><ele>1279.1</ele><time>2021-08-21T02:40:28Z</time></trkpt><trkpt lat="36.964167" lon="138.946642"><ele>1278.7</ele><time>2021-08-21T02:40:29Z</time></trkpt><trkpt lat="36.964163" lon="138.946634"><ele>1278.5</ele><time>2021-08-21T02:40:30Z</time></trkpt><trkpt lat="36.96416" lon="138.946625"><ele>1278.3</ele><time>2021-08-21T02:40:31Z</time></trkpt><trkpt lat="36.964156" lon="138.946617"><ele>1278.2</ele><time>2021-08-21T02:40:32Z</time></trkpt><trkpt lat="36.964158" lon="138.946606"><ele>1277.9</ele><time>2021-08-21T02:40:33Z</time></trkpt><trkpt lat="36.964154" lon="138.946603"><ele>1277.8</ele><time>2021-08-21T02:40:34Z</time></trkpt><trkpt lat="36.964127" lon="138.9466"><ele>1277.2</ele><time>2021-08-21T02:40:35Z</time></trkpt><trkpt lat="36.964124" lon="138.9466"><ele>1277.2</ele><time>2021-08-21T02:40:36Z</time></trkpt><trkpt lat="36.964114" lon="138.946597"><ele>1276.9</ele><time>2021-08-21T02:40:37Z</time></trkpt><trkpt lat="36.964111" lon="138.946589"><ele>1276.8</ele><time>2021-08-21T02:40:38Z</time></trkpt><trkpt lat="36.964103" lon="138.946578"><ele>1276.5</ele><time>2021-08-21T02:40:39Z</time></trkpt><trkpt lat="36.9641" lon="138.946595"><ele>1276.2</ele><time>2021-08-21T02:40:40Z</time></trkpt><trkpt lat="36.964092" lon="138.946606"><ele>1275.9</ele><time>2021-08-21T02:40:41Z</time></trkpt><trkpt lat="36.964084" lon="138.9466"><ele>1275.7</ele><time>2021-08-21T02:40:42Z</time></trkpt><trkpt lat="36.96408" lon="138.946608"><ele>1275.5</ele><time>2021-08-21T02:40:43Z</time></trkpt><trkpt lat="36.964065" lon="138.946607"><ele>1275.2</ele><time>2021-08-21T02:40:44Z</time></trkpt><trkpt lat="36.964054" lon="138.946607"><ele>1274.9</ele><time>2021-08-21T02:40:45Z</time></trkpt><trkpt lat="36.964046" lon="138.946593"><ele>1274.6</ele><time>2021-08-21T02:40:47Z</time></trkpt><trkpt lat="36.964037" lon="138.94659"><ele>1274.4</ele><time>2021-08-21T02:40:48Z</time></trkpt><trkpt lat="36.964022" lon="138.946583"><ele>1274.0</ele><time>2021-08-21T02:40:49Z</time></trkpt><trkpt lat="36.964014" lon="138.946596"><ele>1273.7</ele><time>2021-08-21T02:40:50Z</time></trkpt><trkpt lat="36.96401" lon="138.94661"><ele>1273.4</ele><time>2021-08-21T02:40:51Z</time></trkpt><trkpt lat="36.964007" lon="138.946632"><ele>1273.0</ele><time>2021-08-21T02:40:52Z</time></trkpt><trkpt lat="36.963989" lon="138.946655"><ele>1272.4</ele><time>2021-08-21T02:40:53Z</time></trkpt><trkpt lat="36.963974" lon="138.946658"><ele>1272.1</ele><time>2021-08-21T02:40:54Z</time></trkpt><trkpt lat="36.963959" lon="138.946662"><ele>1271.7</ele><time>2021-08-21T02:40:55Z</time></trkpt><trkpt lat="36.963942" lon="138.946664"><ele>1271.4</ele><time>2021-08-21T02:40:56Z</time></trkpt><trkpt lat="36.963927" lon="138.946659"><ele>1271.0</ele><time>2021-08-21T02:40:57Z</time></trkpt><trkpt lat="36.963913" lon="138.946662"><ele>1270.7</ele><time>2021-08-21T02:40:58Z</time></trkpt><trkpt lat="36.963926" lon="138.946641"><ele>1270.2</ele><time>2021-08-21T02:40:59Z</time></trkpt><trkpt lat="36.963925" lon="138.946618"><ele>1269.8</ele><time>2021-08-21T02:41:00Z</time></trkpt><trkpt lat="36.963904" lon="138.946596"><ele>1269.1</ele><time>2021-08-21T02:41:01Z</time></trkpt><trkpt lat="36.963892" lon="138.946592"><ele>1268.8</ele><time>2021-08-21T02:41:02Z</time></trkpt><trkpt lat="36.963879" lon="138.946587"><ele>1268.5</ele><time>2021-08-21T02:41:03Z</time></trkpt><trkpt lat="36.963882" lon="138.94657"><ele>1268.2</ele><time>2021-08-21T02:41:05Z</time></trkpt><trkpt lat="36.963877" lon="138.946563"><ele>1268.0</ele><time>2021-08-21T02:41:06Z</time></trkpt><trkpt lat="36.96387" lon="138.946564"><ele>1267.9</ele><time>2021-08-21T02:41:07Z</time></trkpt><trkpt lat="36.963866" lon="138.94656"><ele>1267.8</ele><time>2021-08-21T02:41:08Z</time></trkpt><trkpt lat="36.963856" lon="138.946551"><ele>1267.5</ele><time>2021-08-21T02:41:09Z</time></trkpt><trkpt lat="36.963848" lon="138.946541"><ele>1267.2</ele><time>2021-08-21T02:41:10Z</time></trkpt><trkpt lat="36.963842" lon="138.946543"><ele>1267.1</ele><time>2021-08-21T02:41:11Z</time></trkpt><trkpt lat="36.963835" lon="138.946547"><ele>1266.9</ele><time>2021-08-21T02:41:12Z</time></trkpt><trkpt lat="36.963833" lon="138.946554"><ele>1266.8</ele><time>2021-08-21T02:41:13Z</time></trkpt><trkpt lat="36.963823" lon="138.946558"><ele>1266.5</ele><time>2021-08-21T02:41:14Z</time></trkpt><trkpt lat="36.963815" lon="138.94657"><ele>1266.2</ele><time>2021-08-21T02:41:15Z</time></trkpt><trkpt lat="36.963798" lon="138.946579"><ele>1265.8</ele><time>2021-08-21T02:41:16Z</time></trkpt><trkpt lat="36.963783" lon="138.946586"><ele>1265.5</ele><time>2021-08-21T02:41:17Z</time></trkpt><trkpt lat="36.963778" lon="138.94658"><ele>1265.3</ele><time>2021-08-21T02:41:18Z</time></trkpt><trkpt lat="36.963774" lon="138.946573"><ele>1265.1</ele><time>2021-08-21T02:41:19Z</time></trkpt><trkpt lat="36.963769" lon="138.946567"><ele>1265.0</ele><time>2021-08-21T02:41:20Z</time></trkpt><trkpt lat="36.963764" lon="138.946561"><ele>1264.8</ele><time>2021-08-21T02:41:21Z</time></trkpt><trkpt lat="36.963759" lon="138.946555"><ele>1264.7</ele><time>2021-08-21T02:41:22Z</time></trkpt><trkpt lat="36.963748" lon="138.946573"><ele>1264.2</ele><time>2021-08-21T02:41:23Z</time></trkpt><trkpt lat="36.963748" lon="138.946552"><ele>1263.9</ele><time>2021-08-21T02:41:24Z</time></trkpt><trkpt lat="36.963744" lon="138.946546"><ele>1263.7</ele><time>2021-08-21T02:41:25Z</time></trkpt><trkpt lat="36.963735" lon="138.946541"><ele>1263.5</ele><time>2021-08-21T02:41:26Z</time></trkpt><trkpt lat="36.963736" lon="138.946559"><ele>1263.2</ele><time>2021-08-21T02:41:27Z</time></trkpt><trkpt lat="36.96373" lon="138.946549"><ele>1262.9</ele><time>2021-08-21T02:41:28Z</time></trkpt><trkpt lat="36.963729" lon="138.946564"><ele>1262.7</ele><time>2021-08-21T02:41:29Z</time></trkpt><trkpt lat="36.963725" lon="138.946568"><ele>1262.5</ele><time>2021-08-21T02:41:30Z</time></trkpt><trkpt lat="36.963723" lon="138.946577"><ele>1262.4</ele><time>2021-08-21T02:41:31Z</time></trkpt><trkpt lat="36.963723" lon="138.946586"><ele>1262.2</ele><time>2021-08-21T02:41:32Z</time></trkpt><trkpt lat="36.963713" lon="138.946591"><ele>1262.0</ele><time>2021-08-21T02:41:33Z</time></trkpt><trkpt lat="36.963703" lon="138.946587"><ele>1261.7</ele><time>2021-08-21T02:41:38Z</time></trkpt><trkpt lat="36.963692" lon="138.946582"><ele>1261.5</ele><time>2021-08-21T02:41:39Z</time></trkpt><trkpt lat="36.963682" lon="138.946578"><ele>1261.2</ele><time>2021-08-21T02:41:40Z</time></trkpt><trkpt lat="36.963671" lon="138.946573"><ele>1260.9</ele><time>2021-08-21T02:41:41Z</time></trkpt><trkpt lat="36.963661" lon="138.946574"><ele>1260.7</ele><time>2021-08-21T02:41:42Z</time></trkpt><trkpt lat="36.963656" lon="138.946566"><ele>1260.5</ele><time>2021-08-21T02:41:43Z</time></trkpt><trkpt lat="36.96365" lon="138.946559"><ele>1260.3</ele><time>2021-08-21T02:41:44Z</time></trkpt><trkpt lat="36.963645" lon="138.946551"><ele>1260.2</ele><time>2021-08-21T02:41:45Z</time></trkpt><trkpt lat="36.963639" lon="138.946543"><ele>1260.0</ele><time>2021-08-21T02:41:46Z</time></trkpt><trkpt lat="36.963624" lon="138.946553"><ele>1259.6</ele><time>2021-08-21T02:41:47Z</time></trkpt><trkpt lat="36.963623" lon="138.946542"><ele>1259.4</ele><time>2021-08-21T02:41:48Z</time></trkpt><trkpt lat="36.963622" lon="138.946522"><ele>1259.0</ele><time>2021-08-21T02:41:49Z</time></trkpt><trkpt lat="36.96362" lon="138.946515"><ele>1258.9</ele><time>2021-08-21T02:41:50Z</time></trkpt><trkpt lat="36.963615" lon="138.946537"><ele>1258.4</ele><time>2021-08-21T02:41:51Z</time></trkpt><trkpt lat="36.963607" lon="138.946552"><ele>1258.1</ele><time>2021-08-21T02:41:52Z</time></trkpt><trkpt lat="36.9636" lon="138.946566"><ele>1257.8</ele><time>2021-08-21T02:41:53Z</time></trkpt><trkpt lat="36.963592" lon="138.946559"><ele>1257.6</ele><time>2021-08-21T02:41:54Z</time></trkpt><trkpt lat="36.963593" lon="138.946549"><ele>1257.4</ele><time>2021-08-21T02:41:55Z</time></trkpt><trkpt lat="36.963592" lon="138.946536"><ele>1257.2</ele><time>2021-08-21T02:41:56Z</time></trkpt><trkpt lat="36.9636" lon="138.946532"><ele>1257.0</ele><time>2021-08-21T02:41:57Z</time></trkpt><trkpt lat="36.963603" lon="138.946523"><ele>1256.8</ele><time>2021-08-21T02:41:58Z</time></trkpt><trkpt lat="36.963599" lon="138.946503"><ele>1256.4</ele><time>2021-08-21T02:41:59Z</time></trkpt><trkpt lat="36.963594" lon="138.946496"><ele>1256.2</ele><time>2021-08-21T02:42:00Z</time></trkpt><trkpt lat="36.963585" lon="138.946495"><ele>1256.0</ele><time>2021-08-21T02:42:01Z</time></trkpt><trkpt lat="36.963579" lon="138.946481"><ele>1255.7</ele><time>2021-08-21T02:42:02Z</time></trkpt><trkpt lat="36.963573" lon="138.946493"><ele>1255.5</ele><time>2021-08-21T02:42:03Z</time></trkpt><trkpt lat="36.963561" lon="138.946498"><ele>1255.2</ele><time>2021-08-21T02:42:04Z</time></trkpt><trkpt lat="36.963529" lon="138.946513"><ele>1254.4</ele><time>2021-08-21T02:42:07Z</time></trkpt><trkpt lat="36.963526" lon="138.946521"><ele>1254.2</ele><time>2021-08-21T02:42:08Z</time></trkpt><trkpt lat="36.963527" lon="138.946512"><ele>1254.1</ele><time>2021-08-21T02:42:09Z</time></trkpt><trkpt lat="36.963527" lon="138.946515"><ele>1254.0</ele><time>2021-08-21T02:42:10Z</time></trkpt><trkpt lat="36.963527" lon="138.946526"><ele>1253.8</ele><time>2021-08-21T02:42:11Z</time></trkpt><trkpt lat="36.963523" lon="138.946525"><ele>1253.7</ele><time>2021-08-21T02:42:12Z</time></trkpt><trkpt lat="36.96352" lon="138.946512"><ele>1253.5</ele><time>2021-08-21T02:42:13Z</time></trkpt><trkpt lat="36.963512" lon="138.946504"><ele>1253.2</ele><time>2021-08-21T02:42:14Z</time></trkpt><trkpt lat="36.963506" lon="138.946514"><ele>1253.0</ele><time>2021-08-21T02:42:15Z</time></trkpt><trkpt lat="36.963482" lon="138.946506"><ele>1252.4</ele><time>2021-08-21T02:42:16Z</time></trkpt><trkpt lat="36.963461" lon="138.946483"><ele>1251.8</ele><time>2021-08-21T02:42:28Z</time></trkpt><trkpt lat="36.963439" lon="138.946461"><ele>1251.2</ele><time>2021-08-21T02:42:29Z</time></trkpt><trkpt lat="36.963418" lon="138.946438"><ele>1250.5</ele><time>2021-08-21T02:42:30Z</time></trkpt><trkpt lat="36.963414" lon="138.946427"><ele>1250.3</ele><time>2021-08-21T02:42:31Z</time></trkpt><trkpt lat="36.963407" lon="138.946426"><ele>1250.1</ele><time>2021-08-21T02:42:32Z</time></trkpt><trkpt lat="36.963401" lon="138.946425"><ele>1250.0</ele><time>2021-08-21T02:42:33Z</time></trkpt><trkpt lat="36.963395" lon="138.946424"><ele>1249.9</ele><time>2021-08-21T02:42:34Z</time></trkpt><trkpt lat="36.963388" lon="138.946423"><ele>1249.7</ele><time>2021-08-21T02:42:35Z</time></trkpt><trkpt lat="36.963382" lon="138.946422"><ele>1249.6</ele><time>2021-08-21T02:42:36Z</time></trkpt><trkpt lat="36.963378" lon="138.946424"><ele>1249.5</ele><time>2021-08-21T02:42:37Z</time></trkpt><trkpt lat="36.963379" lon="138.946438"><ele>1249.2</ele><time>2021-08-21T02:42:38Z</time></trkpt><trkpt lat="36.963382" lon="138.946429"><ele>1249.0</ele><time>2021-08-21T02:42:39Z</time></trkpt><trkpt lat="36.963373" lon="138.946431"><ele>1248.8</ele><time>2021-08-21T02:42:40Z</time></trkpt><trkpt lat="36.963358" lon="138.946432"><ele>1248.5</ele><time>2021-08-21T02:42:41Z</time></trkpt><trkpt lat="36.963356" lon="138.946402"><ele>1247.9</ele><time>2021-08-21T02:42:42Z</time></trkpt><trkpt lat="36.963358" lon="138.946389"><ele>1247.7</ele><time>2021-08-21T02:42:43Z</time></trkpt><trkpt lat="36.963349" lon="138.946367"><ele>1247.2</ele><time>2021-08-21T02:42:44Z</time></trkpt><trkpt lat="36.963336" lon="138.946349"><ele>1246.8</ele><time>2021-08-21T02:42:45Z</time></trkpt><trkpt lat="36.96333" lon="138.946343"><ele>1246.6</ele><time>2021-08-21T02:42:46Z</time></trkpt><trkpt lat="36.963323" lon="138.946338"><ele>1246.4</ele><time>2021-08-21T02:42:47Z</time></trkpt><trkpt lat="36.963316" lon="138.946333"><ele>1246.2</ele><time>2021-08-21T02:42:48Z</time></trkpt><trkpt lat="36.963309" lon="138.94634"><ele>1246.0</ele><time>2021-08-21T02:42:49Z</time></trkpt><trkpt lat="36.963309" lon="138.946342"><ele>1246.0</ele><time>2021-08-21T02:42:50Z</time></trkpt><trkpt lat="36.963312" lon="138.946337"><ele>1245.9</ele><time>2021-08-21T02:42:51Z</time></trkpt><trkpt lat="36.963303" lon="138.946315"><ele>1245.4</ele><time>2021-08-21T02:42:52Z</time></trkpt><trkpt lat="36.963303" lon="138.946305"><ele>1245.2</ele><time>2021-08-21T02:42:53Z</time></trkpt><trkpt lat="36.963298" lon="138.946296"><ele>1245.0</ele><time>2021-08-21T02:42:54Z</time></trkpt><trkpt lat="36.963282" lon="138.946296"><ele>1244.7</ele><time>2021-08-21T02:42:55Z</time></trkpt><trkpt lat="36.963277" lon="138.946318"><ele>1244.3</ele><time>2021-08-21T02:42:56Z</time></trkpt><trkpt lat="36.963289" lon="138.946324"><ele>1244.0</ele><time>2021-08-21T02:42:57Z</time></trkpt><trkpt lat="36.963283" lon="138.946335"><ele>1243.7</ele><time>2021-08-21T02:42:58Z</time></trkpt><trkpt lat="36.963277" lon="138.946334"><ele>1243.6</ele><time>2021-08-21T02:42:59Z</time></trkpt><trkpt lat="36.963274" lon="138.946317"><ele>1243.3</ele><time>2021-08-21T02:43:00Z</time></trkpt><trkpt lat="36.96326" lon="138.9463"><ele>1242.8</ele><time>2021-08-21T02:43:01Z</time></trkpt><trkpt lat="36.963259" lon="138.946285"><ele>1242.5</ele><time>2021-08-21T02:43:02Z</time></trkpt><trkpt lat="36.963253" lon="138.946281"><ele>1242.4</ele><time>2021-08-21T02:43:03Z</time></trkpt><trkpt lat="36.963243" lon="138.946257"><ele>1241.9</ele><time>2021-08-21T02:43:04Z</time></trkpt><trkpt lat="36.963241" lon="138.946253"><ele>1241.8</ele><time>2021-08-21T02:43:05Z</time></trkpt><trkpt lat="36.963232" lon="138.946253"><ele>1241.6</ele><time>2021-08-21T02:43:06Z</time></trkpt><trkpt lat="36.963221" lon="138.946253"><ele>1241.3</ele><time>2021-08-21T02:43:07Z</time></trkpt><trkpt lat="36.963212" lon="138.946255"><ele>1241.1</ele><time>2021-08-21T02:43:08Z</time></trkpt><trkpt lat="36.963206" lon="138.946243"><ele>1240.9</ele><time>2021-08-21T02:43:09Z</time></trkpt><trkpt lat="36.963201" lon="138.946237"><ele>1240.7</ele><time>2021-08-21T02:43:10Z</time></trkpt><trkpt lat="36.963187" lon="138.946227"><ele>1240.3</ele><time>2021-08-21T02:43:11Z</time></trkpt><trkpt lat="36.963179" lon="138.94622"><ele>1240.1</ele><time>2021-08-21T02:43:12Z</time></trkpt><trkpt lat="36.96317" lon="138.946217"><ele>1239.9</ele><time>2021-08-21T02:43:13Z</time></trkpt><trkpt lat="36.963159" lon="138.946213"><ele>1239.6</ele><time>2021-08-21T02:43:14Z</time></trkpt><trkpt lat="36.963155" lon="138.946222"><ele>1239.5</ele><time>2021-08-21T02:43:15Z</time></trkpt><trkpt lat="36.963149" lon="138.946215"><ele>1239.3</ele><time>2021-08-21T02:43:16Z</time></trkpt><trkpt lat="36.963147" lon="138.946205"><ele>1239.1</ele><time>2021-08-21T02:43:17Z</time></trkpt><trkpt lat="36.963138" lon="138.94619"><ele>1238.7</ele><time>2021-08-21T02:43:18Z</time></trkpt><trkpt lat="36.963127" lon="138.946176"><ele>1238.4</ele><time>2021-08-21T02:43:19Z</time></trkpt><trkpt lat="36.96311" lon="138.946181"><ele>1238.0</ele><time>2021-08-21T02:43:20Z</time></trkpt><trkpt lat="36.96309" lon="138.946197"><ele>1237.4</ele><time>2021-08-21T02:43:21Z</time></trkpt><trkpt lat="36.963082" lon="138.946205"><ele>1237.2</ele><time>2021-08-21T02:43:22Z</time></trkpt><trkpt lat="36.963073" lon="138.946212"><ele>1237.0</ele><time>2021-08-21T02:43:23Z</time></trkpt><trkpt lat="36.963062" lon="138.946214"><ele>1236.7</ele><time>2021-08-21T02:43:24Z</time></trkpt><trkpt lat="36.963061" lon="138.946192"><ele>1236.3</ele><time>2021-08-21T02:43:25Z</time></trkpt><trkpt lat="36.963046" lon="138.946189"><ele>1235.9</ele><time>2021-08-21T02:43:26Z</time></trkpt><trkpt lat="36.963034" lon="138.946183"><ele>1235.6</ele><time>2021-08-21T02:43:27Z</time></trkpt><trkpt lat="36.963018" lon="138.946178"><ele>1235.3</ele><time>2021-08-21T02:43:28Z</time></trkpt><trkpt lat="36.963003" lon="138.946164"><ele>1234.8</ele><time>2021-08-21T02:43:29Z</time></trkpt><trkpt lat="36.962987" lon="138.946169"><ele>1234.5</ele><time>2021-08-21T02:43:30Z</time></trkpt><trkpt lat="36.962976" lon="138.946161"><ele>1234.2</ele><time>2021-08-21T02:43:31Z</time></trkpt><trkpt lat="36.96297" lon="138.94614"><ele>1233.8</ele><time>2021-08-21T02:43:32Z</time></trkpt><trkpt lat="36.96297" lon="138.946155"><ele>1233.5</ele><time>2021-08-21T02:43:33Z</time></trkpt><trkpt lat="36.962968" lon="138.946163"><ele>1233.3</ele><time>2021-08-21T02:43:34Z</time></trkpt><trkpt lat="36.962967" lon="138.946172"><ele>1233.2</ele><time>2021-08-21T02:43:35Z</time></trkpt><trkpt lat="36.962966" lon="138.94618"><ele>1233.0</ele><time>2021-08-21T02:43:36Z</time></trkpt><trkpt lat="36.962964" lon="138.946189"><ele>1232.9</ele><time>2021-08-21T02:43:37Z</time></trkpt><trkpt lat="36.962963" lon="138.946197"><ele>1232.7</ele><time>2021-08-21T02:43:38Z</time></trkpt><trkpt lat="36.962962" lon="138.94619"><ele>1232.6</ele><time>2021-08-21T02:43:39Z</time></trkpt><trkpt lat="36.962956" lon="138.94618"><ele>1232.3</ele><time>2021-08-21T02:43:40Z</time></trkpt><trkpt lat="36.96295" lon="138.946171"><ele>1232.1</ele><time>2021-08-21T02:43:41Z</time></trkpt><trkpt lat="36.962944" lon="138.946161"><ele>1231.9</ele><time>2021-08-21T02:43:42Z</time></trkpt><trkpt lat="36.962937" lon="138.946152"><ele>1231.7</ele><time>2021-08-21T02:43:43Z</time></trkpt><trkpt lat="36.962931" lon="138.946143"><ele>1231.5</ele><time>2021-08-21T02:43:44Z</time></trkpt><trkpt lat="36.962925" lon="138.946133"><ele>1231.2</ele><time>2021-08-21T02:43:45Z</time></trkpt><trkpt lat="36.962919" lon="138.946124"><ele>1231.0</ele><time>2021-08-21T02:43:46Z</time></trkpt><trkpt lat="36.962913" lon="138.946115"><ele>1230.8</ele><time>2021-08-21T02:43:47Z</time></trkpt><trkpt lat="36.962907" lon="138.946105"><ele>1230.6</ele><time>2021-08-21T02:43:48Z</time></trkpt><trkpt lat="36.962901" lon="138.946096"><ele>1230.4</ele><time>2021-08-21T02:44:18Z</time></trkpt><trkpt lat="36.962895" lon="138.946086"><ele>1230.1</ele><time>2021-08-21T02:44:19Z</time></trkpt><trkpt lat="36.962888" lon="138.946077"><ele>1229.9</ele><time>2021-08-21T02:44:20Z</time></trkpt><trkpt lat="36.962882" lon="138.946068"><ele>1229.7</ele><time>2021-08-21T02:44:21Z</time></trkpt><trkpt lat="36.962876" lon="138.946058"><ele>1229.5</ele><time>2021-08-21T02:44:22Z</time></trkpt><trkpt lat="36.96287" lon="138.946049"><ele>1229.2</ele><time>2021-08-21T02:44:23Z</time></trkpt><trkpt lat="36.962867" lon="138.946044"><ele>1229.1</ele><time>2021-08-21T02:44:24Z</time></trkpt><trkpt lat="36.962864" lon="138.946028"><ele>1228.8</ele><time>2021-08-21T02:44:25Z</time></trkpt><trkpt lat="36.962863" lon="138.946022"><ele>1228.7</ele><time>2021-08-21T02:44:26Z</time></trkpt><trkpt lat="36.962863" lon="138.946023"><ele>1228.7</ele><time>2021-08-21T02:44:27Z</time></trkpt><trkpt lat="36.962858" lon="138.946008"><ele>1228.4</ele><time>2021-08-21T02:44:28Z</time></trkpt><trkpt lat="36.962854" lon="138.945999"><ele>1228.2</ele><time>2021-08-21T02:44:29Z</time></trkpt><trkpt lat="36.962858" lon="138.946004"><ele>1228.1</ele><time>2021-08-21T02:44:30Z</time></trkpt><trkpt lat="36.962852" lon="138.945997"><ele>1227.9</ele><time>2021-08-21T02:44:31Z</time></trkpt><trkpt lat="36.962838" lon="138.945982"><ele>1227.5</ele><time>2021-08-21T02:44:32Z</time></trkpt><trkpt lat="36.962838" lon="138.945975"><ele>1227.3</ele><time>2021-08-21T02:44:33Z</time></trkpt><trkpt lat="36.962832" lon="138.945965"><ele>1227.1</ele><time>2021-08-21T02:44:34Z</time></trkpt><trkpt lat="36.962819" lon="138.945947"><ele>1226.7</ele><time>2021-08-21T02:44:35Z</time></trkpt><trkpt lat="36.962818" lon="138.945929"><ele>1226.3</ele><time>2021-08-21T02:44:36Z</time></trkpt><trkpt lat="36.962804" lon="138.945914"><ele>1225.9</ele><time>2021-08-21T02:44:37Z</time></trkpt><trkpt lat="36.962798" lon="138.945917"><ele>1225.8</ele><time>2021-08-21T02:44:38Z</time></trkpt><trkpt lat="36.962787" lon="138.945913"><ele>1225.5</ele><time>2021-08-21T02:44:39Z</time></trkpt><trkpt lat="36.962775" lon="138.945914"><ele>1225.2</ele><time>2021-08-21T02:44:40Z</time></trkpt><trkpt lat="36.962762" lon="138.945908"><ele>1224.9</ele><time>2021-08-21T02:44:41Z</time></trkpt><trkpt lat="36.962766" lon="138.945894"><ele>1224.6</ele><time>2021-08-21T02:44:42Z</time></trkpt><trkpt lat="36.962761" lon="138.945886"><ele>1224.4</ele><time>2021-08-21T02:44:43Z</time></trkpt><trkpt lat="36.962756" lon="138.94588"><ele>1224.3</ele><time>2021-08-21T02:44:44Z</time></trkpt><trkpt lat="36.962749" lon="138.945863"><ele>1223.9</ele><time>2021-08-21T02:44:45Z</time></trkpt><trkpt lat="36.96274" lon="138.945858"><ele>1223.7</ele><time>2021-08-21T02:44:46Z</time></trkpt><trkpt lat="36.962737" lon="138.945844"><ele>1223.4</ele><time>2021-08-21T02:44:47Z</time></trkpt><trkpt lat="36.96274" lon="138.945845"><ele>1223.4</ele><time>2021-08-21T02:44:48Z</time></trkpt><trkpt lat="36.962729" lon="138.945848"><ele>1223.1</ele><time>2021-08-21T02:44:49Z</time></trkpt><trkpt lat="36.962719" lon="138.945833"><ele>1222.8</ele><time>2021-08-21T02:44:50Z</time></trkpt><trkpt lat="36.962709" lon="138.945834"><ele>1222.5</ele><time>2021-08-21T02:44:51Z</time></trkpt><trkpt lat="36.962703" lon="138.945834"><ele>1222.4</ele><time>2021-08-21T02:44:52Z</time></trkpt><trkpt lat="36.962695" lon="138.945831"><ele>1222.2</ele><time>2021-08-21T02:44:53Z</time></trkpt><trkpt lat="36.962686" lon="138.945829"><ele>1222.0</ele><time>2021-08-21T02:44:54Z</time></trkpt><trkpt lat="36.962678" lon="138.945826"><ele>1221.8</ele><time>2021-08-21T02:44:55Z</time></trkpt><trkpt lat="36.96267" lon="138.945823"><ele>1221.6</ele><time>2021-08-21T02:44:56Z</time></trkpt><trkpt lat="36.96266" lon="138.945829"><ele>1221.4</ele><time>2021-08-21T02:44:57Z</time></trkpt><trkpt lat="36.96264" lon="138.945848"><ele>1220.8</ele><time>2021-08-21T02:44:59Z</time></trkpt><trkpt lat="36.96262" lon="138.945844"><ele>1220.3</ele><time>2021-08-21T02:45:01Z</time></trkpt><trkpt lat="36.962618" lon="138.945839"><ele>1220.2</ele><time>2021-08-21T02:45:02Z</time></trkpt><trkpt lat="36.962622" lon="138.945835"><ele>1220.1</ele><time>2021-08-21T02:45:03Z</time></trkpt><trkpt lat="36.96262" lon="138.945831"><ele>1220.0</ele><time>2021-08-21T02:45:04Z</time></trkpt><trkpt lat="36.962619" lon="138.945839"><ele>1219.9</ele><time>2021-08-21T02:45:05Z</time></trkpt><trkpt lat="36.962603" lon="138.945847"><ele>1219.5</ele><time>2021-08-21T02:45:07Z</time></trkpt><trkpt lat="36.962602" lon="138.945834"><ele>1219.2</ele><time>2021-08-21T02:45:09Z</time></trkpt><trkpt lat="36.962531" lon="138.945736"><ele>1216.8</ele><time>2021-08-21T02:45:29Z</time></trkpt><trkpt lat="36.962527" lon="138.94574"><ele>1216.7</ele><time>2021-08-21T02:45:30Z</time></trkpt><trkpt lat="36.962522" lon="138.945736"><ele>1216.6</ele><time>2021-08-21T02:45:31Z</time></trkpt><trkpt lat="36.962514" lon="138.945728"><ele>1216.3</ele><time>2021-08-21T02:45:32Z</time></trkpt><trkpt lat="36.96251" lon="138.945725"><ele>1216.2</ele><time>2021-08-21T02:45:33Z</time></trkpt><trkpt lat="36.962501" lon="138.945723"><ele>1216.0</ele><time>2021-08-21T02:45:34Z</time></trkpt><trkpt lat="36.962502" lon="138.945711"><ele>1215.8</ele><time>2021-08-21T02:45:35Z</time></trkpt><trkpt lat="36.962507" lon="138.945686"><ele>1215.3</ele><time>2021-08-21T02:45:36Z</time></trkpt><trkpt lat="36.962515" lon="138.945692"><ele>1215.1</ele><time>2021-08-21T02:45:37Z</time></trkpt><trkpt lat="36.962526" lon="138.945684"><ele>1214.8</ele><time>2021-08-21T02:45:38Z</time></trkpt><trkpt lat="36.962526" lon="138.945686"><ele>1214.8</ele><time>2021-08-21T02:45:39Z</time></trkpt><trkpt lat="36.962515" lon="138.945658"><ele>1214.2</ele><time>2021-08-21T02:45:40Z</time></trkpt><trkpt lat="36.962516" lon="138.945652"><ele>1214.1</ele><time>2021-08-21T02:45:41Z</time></trkpt><trkpt lat="36.96252" lon="138.945611"><ele>1213.3</ele><time>2021-08-21T02:45:42Z</time></trkpt><trkpt lat="36.962517" lon="138.945597"><ele>1213.1</ele><time>2021-08-21T02:45:43Z</time></trkpt><trkpt lat="36.962516" lon="138.945585"><ele>1212.8</ele><time>2021-08-21T02:45:44Z</time></trkpt><trkpt lat="36.962513" lon="138.945574"><ele>1212.6</ele><time>2021-08-21T02:45:45Z</time></trkpt><trkpt lat="36.962509" lon="138.945563"><ele>1212.4</ele><time>2021-08-21T02:45:46Z</time></trkpt><trkpt lat="36.962505" lon="138.945552"><ele>1212.2</ele><time>2021-08-21T02:45:47Z</time></trkpt><trkpt lat="36.962497" lon="138.945534"><ele>1211.8</ele><time>2021-08-21T02:45:48Z</time></trkpt><trkpt lat="36.962493" lon="138.945528"><ele>1211.7</ele><time>2021-08-21T02:45:49Z</time></trkpt><trkpt lat="36.962488" lon="138.945519"><ele>1211.5</ele><time>2021-08-21T02:45:50Z</time></trkpt><trkpt lat="36.962484" lon="138.945499"><ele>1211.1</ele><time>2021-08-21T02:45:51Z</time></trkpt><trkpt lat="36.962484" lon="138.945483"><ele>1210.8</ele><time>2021-08-21T02:45:52Z</time></trkpt><trkpt lat="36.962478" lon="138.945492"><ele>1210.6</ele><time>2021-08-21T02:45:53Z</time></trkpt><trkpt lat="36.962473" lon="138.945474"><ele>1210.2</ele><time>2021-08-21T02:45:54Z</time></trkpt><trkpt lat="36.96246" lon="138.945464"><ele>1209.9</ele><time>2021-08-21T02:45:55Z</time></trkpt><trkpt lat="36.962452" lon="138.945464"><ele>1209.7</ele><time>2021-08-21T02:45:56Z</time></trkpt><trkpt lat="36.962444" lon="138.945443"><ele>1209.3</ele><time>2021-08-21T02:45:57Z</time></trkpt><trkpt lat="36.962435" lon="138.945437"><ele>1209.0</ele><time>2021-08-21T02:45:58Z</time></trkpt><trkpt lat="36.96243" lon="138.94543"><ele>1208.9</ele><time>2021-08-21T02:45:59Z</time></trkpt><trkpt lat="36.962424" lon="138.945429"><ele>1208.7</ele><time>2021-08-21T02:46:00Z</time></trkpt><trkpt lat="36.962419" lon="138.945419"><ele>1208.5</ele><time>2021-08-21T02:46:01Z</time></trkpt><trkpt lat="36.962408" lon="138.945414"><ele>1208.2</ele><time>2021-08-21T02:46:02Z</time></trkpt><trkpt lat="36.962396" lon="138.945405"><ele>1207.9</ele><time>2021-08-21T02:46:03Z</time></trkpt><trkpt lat="36.962395" lon="138.945408"><ele>1207.9</ele><time>2021-08-21T02:46:04Z</time></trkpt><trkpt lat="36.962394" lon="138.945395"><ele>1207.6</ele><time>2021-08-21T02:46:05Z</time></trkpt><trkpt lat="36.962391" lon="138.945385"><ele>1207.4</ele><time>2021-08-21T02:46:06Z</time></trkpt><trkpt lat="36.962403" lon="138.945386"><ele>1207.1</ele><time>2021-08-21T02:46:07Z</time></trkpt><trkpt lat="36.962397" lon="138.945371"><ele>1206.8</ele><time>2021-08-21T02:46:08Z</time></trkpt><trkpt lat="36.962394" lon="138.945379"><ele>1206.7</ele><time>2021-08-21T02:46:09Z</time></trkpt><trkpt lat="36.962391" lon="138.94537"><ele>1206.5</ele><time>2021-08-21T02:46:10Z</time></trkpt><trkpt lat="36.962379" lon="138.945373"><ele>1206.2</ele><time>2021-08-21T02:46:11Z</time></trkpt><trkpt lat="36.962375" lon="138.945354"><ele>1205.9</ele><time>2021-08-21T02:46:12Z</time></trkpt><trkpt lat="36.962378" lon="138.94534"><ele>1205.6</ele><time>2021-08-21T02:46:13Z</time></trkpt><trkpt lat="36.962374" lon="138.945323"><ele>1205.3</ele><time>2021-08-21T02:46:14Z</time></trkpt><trkpt lat="36.96237" lon="138.945326"><ele>1205.2</ele><time>2021-08-21T02:46:15Z</time></trkpt><trkpt lat="36.962363" lon="138.945316"><ele>1204.9</ele><time>2021-08-21T02:46:16Z</time></trkpt><trkpt lat="36.962349" lon="138.945301"><ele>1204.5</ele><time>2021-08-21T02:46:17Z</time></trkpt><trkpt lat="36.96234" lon="138.945291"><ele>1204.2</ele><time>2021-08-21T02:46:18Z</time></trkpt><trkpt lat="36.96233" lon="138.945281"><ele>1203.9</ele><time>2021-08-21T02:46:19Z</time></trkpt><trkpt lat="36.962318" lon="138.945287"><ele>1203.6</ele><time>2021-08-21T02:46:20Z</time></trkpt><trkpt lat="36.962313" lon="138.945295"><ele>1203.4</ele><time>2021-08-21T02:46:21Z</time></trkpt><trkpt lat="36.962309" lon="138.945282"><ele>1203.2</ele><time>2021-08-21T02:46:22Z</time></trkpt><trkpt lat="36.962303" lon="138.945278"><ele>1203.0</ele><time>2021-08-21T02:46:23Z</time></trkpt><trkpt lat="36.962286" lon="138.945264"><ele>1202.6</ele><time>2021-08-21T02:46:24Z</time></trkpt><trkpt lat="36.962281" lon="138.945256"><ele>1202.4</ele><time>2021-08-21T02:46:25Z</time></trkpt><trkpt lat="36.962275" lon="138.945249"><ele>1202.2</ele><time>2021-08-21T02:46:26Z</time></trkpt><trkpt lat="36.962269" lon="138.94525"><ele>1202.1</ele><time>2021-08-21T02:46:27Z</time></trkpt><trkpt lat="36.962263" lon="138.94525"><ele>1201.9</ele><time>2021-08-21T02:46:28Z</time></trkpt><trkpt lat="36.962254" lon="138.945252"><ele>1201.7</ele><time>2021-08-21T02:46:29Z</time></trkpt><trkpt lat="36.962244" lon="138.94525"><ele>1201.5</ele><time>2021-08-21T02:46:30Z</time></trkpt><trkpt lat="36.962239" lon="138.945248"><ele>1201.4</ele><time>2021-08-21T02:46:31Z</time></trkpt><trkpt lat="36.962231" lon="138.945239"><ele>1201.1</ele><time>2021-08-21T02:46:32Z</time></trkpt><trkpt lat="36.962227" lon="138.945227"><ele>1200.9</ele><time>2021-08-21T02:46:33Z</time></trkpt><trkpt lat="36.962222" lon="138.94523"><ele>1200.7</ele><time>2021-08-21T02:46:34Z</time></trkpt><trkpt lat="36.962205" lon="138.94523"><ele>1200.4</ele><time>2021-08-21T02:46:35Z</time></trkpt><trkpt lat="36.962198" lon="138.945236"><ele>1200.2</ele><time>2021-08-21T02:46:36Z</time></trkpt><trkpt lat="36.962195" lon="138.945235"><ele>1200.1</ele><time>2021-08-21T02:46:37Z</time></trkpt><trkpt lat="36.962176" lon="138.945247"><ele>1199.6</ele><time>2021-08-21T02:46:38Z</time></trkpt><trkpt lat="36.962162" lon="138.945235"><ele>1199.2</ele><time>2021-08-21T02:46:39Z</time></trkpt><trkpt lat="36.96215" lon="138.945246"><ele>1198.9</ele><time>2021-08-21T02:46:40Z</time></trkpt><trkpt lat="36.962143" lon="138.94525"><ele>1198.7</ele><time>2021-08-21T02:46:41Z</time></trkpt><trkpt lat="36.962136" lon="138.945255"><ele>1198.5</ele><time>2021-08-21T02:46:42Z</time></trkpt><trkpt lat="36.962129" lon="138.945259"><ele>1198.3</ele><time>2021-08-21T02:46:43Z</time></trkpt><trkpt lat="36.962115" lon="138.945261"><ele>1198.0</ele><time>2021-08-21T02:46:44Z</time></trkpt><trkpt lat="36.962116" lon="138.94525"><ele>1197.8</ele><time>2021-08-21T02:46:45Z</time></trkpt><trkpt lat="36.962107" lon="138.945246"><ele>1197.6</ele><time>2021-08-21T02:46:46Z</time></trkpt><trkpt lat="36.962094" lon="138.945246"><ele>1197.3</ele><time>2021-08-21T02:46:47Z</time></trkpt><trkpt lat="36.962079" lon="138.945231"><ele>1196.9</ele><time>2021-08-21T02:46:48Z</time></trkpt><trkpt lat="36.962077" lon="138.94523"><ele>1196.8</ele><time>2021-08-21T02:46:49Z</time></trkpt><trkpt lat="36.962081" lon="138.945234"><ele>1196.7</ele><time>2021-08-21T02:46:50Z</time></trkpt><trkpt lat="36.962077" lon="138.945239"><ele>1196.6</ele><time>2021-08-21T02:46:51Z</time></trkpt><trkpt lat="36.962071" lon="138.945239"><ele>1196.4</ele><time>2021-08-21T02:46:52Z</time></trkpt><trkpt lat="36.962061" lon="138.945237"><ele>1196.2</ele><time>2021-08-21T02:46:53Z</time></trkpt><trkpt lat="36.962058" lon="138.945239"><ele>1196.1</ele><time>2021-08-21T02:46:54Z</time></trkpt><trkpt lat="36.962046" lon="138.945233"><ele>1195.8</ele><time>2021-08-21T02:46:55Z</time></trkpt><trkpt lat="36.962042" lon="138.94523"><ele>1195.7</ele><time>2021-08-21T02:46:56Z</time></trkpt><trkpt lat="36.962038" lon="138.945228"><ele>1195.6</ele><time>2021-08-21T02:46:57Z</time></trkpt><trkpt lat="36.962031" lon="138.945224"><ele>1195.4</ele><time>2021-08-21T02:46:58Z</time></trkpt><trkpt lat="36.962024" lon="138.945214"><ele>1195.2</ele><time>2021-08-21T02:46:59Z</time></trkpt><trkpt lat="36.962013" lon="138.9452"><ele>1194.8</ele><time>2021-08-21T02:47:00Z</time></trkpt><trkpt lat="36.96201" lon="138.945194"><ele>1194.7</ele><time>2021-08-21T02:47:01Z</time></trkpt><trkpt lat="36.962003" lon="138.945185"><ele>1194.5</ele><time>2021-08-21T02:47:02Z</time></trkpt><trkpt lat="36.961995" lon="138.945181"><ele>1194.3</ele><time>2021-08-21T02:47:03Z</time></trkpt><trkpt lat="36.961987" lon="138.945173"><ele>1194.0</ele><time>2021-08-21T02:47:05Z</time></trkpt><trkpt lat="36.961982" lon="138.945165"><ele>1193.9</ele><time>2021-08-21T02:47:06Z</time></trkpt><trkpt lat="36.961976" lon="138.945149"><ele>1193.5</ele><time>2021-08-21T02:47:07Z</time></trkpt><trkpt lat="36.961965" lon="138.945139"><ele>1193.2</ele><time>2021-08-21T02:47:08Z</time></trkpt><trkpt lat="36.961963" lon="138.945149"><ele>1193.0</ele><time>2021-08-21T02:47:09Z</time></trkpt><trkpt lat="36.961955" lon="138.945143"><ele>1192.8</ele><time>2021-08-21T02:47:10Z</time></trkpt><trkpt lat="36.961954" lon="138.945144"><ele>1192.8</ele><time>2021-08-21T02:47:11Z</time></trkpt><trkpt lat="36.96195" lon="138.945127"><ele>1192.5</ele><time>2021-08-21T02:47:12Z</time></trkpt><trkpt lat="36.961949" lon="138.945127"><ele>1192.4</ele><time>2021-08-21T02:47:13Z</time></trkpt><trkpt lat="36.961934" lon="138.945116"><ele>1192.0</ele><time>2021-08-21T02:47:14Z</time></trkpt><trkpt lat="36.961925" lon="138.945103"><ele>1191.7</ele><time>2021-08-21T02:47:15Z</time></trkpt><trkpt lat="36.961926" lon="138.945091"><ele>1191.5</ele><time>2021-08-21T02:47:16Z</time></trkpt><trkpt lat="36.961923" lon="138.945095"><ele>1191.4</ele><time>2021-08-21T02:47:17Z</time></trkpt><trkpt lat="36.961906" lon="138.945093"><ele>1191.0</ele><time>2021-08-21T02:47:19Z</time></trkpt><trkpt lat="36.961894" lon="138.945081"><ele>1190.7</ele><time>2021-08-21T02:47:21Z</time></trkpt><trkpt lat="36.961884" lon="138.945057"><ele>1190.2</ele><time>2021-08-21T02:47:23Z</time></trkpt><trkpt lat="36.961878" lon="138.945053"><ele>1190.0</ele><time>2021-08-21T02:47:24Z</time></trkpt><trkpt lat="36.961873" lon="138.94505"><ele>1189.9</ele><time>2021-08-21T02:47:25Z</time></trkpt><trkpt lat="36.961868" lon="138.945045"><ele>1189.7</ele><time>2021-08-21T02:47:26Z</time></trkpt><trkpt lat="36.961865" lon="138.945042"><ele>1189.6</ele><time>2021-08-21T02:47:27Z</time></trkpt><trkpt lat="36.961852" lon="138.94502"><ele>1189.1</ele><time>2021-08-21T02:47:28Z</time></trkpt><trkpt lat="36.961847" lon="138.945023"><ele>1189.0</ele><time>2021-08-21T02:47:29Z</time></trkpt><trkpt lat="36.961842" lon="138.945028"><ele>1188.9</ele><time>2021-08-21T02:47:30Z</time></trkpt><trkpt lat="36.961844" lon="138.945006"><ele>1188.5</ele><time>2021-08-21T02:47:31Z</time></trkpt><trkpt lat="36.96184" lon="138.945009"><ele>1188.4</ele><time>2021-08-21T02:47:32Z</time></trkpt><trkpt lat="36.961822" lon="138.945013"><ele>1187.9</ele><time>2021-08-21T02:47:33Z</time></trkpt><trkpt lat="36.9618" lon="138.944989"><ele>1187.3</ele><time>2021-08-21T02:47:34Z</time></trkpt><trkpt lat="36.961793" lon="138.944987"><ele>1187.1</ele><time>2021-08-21T02:47:35Z</time></trkpt><trkpt lat="36.961775" lon="138.944977"><ele>1186.7</ele><time>2021-08-21T02:47:36Z</time></trkpt><trkpt lat="36.961773" lon="138.944975"><ele>1186.6</ele><time>2021-08-21T02:47:37Z</time></trkpt><trkpt lat="36.961764" lon="138.944984"><ele>1186.3</ele><time>2021-08-21T02:47:38Z</time></trkpt><trkpt lat="36.961757" lon="138.944988"><ele>1186.2</ele><time>2021-08-21T02:47:39Z</time></trkpt><trkpt lat="36.961761" lon="138.944986"><ele>1186.1</ele><time>2021-08-21T02:47:40Z</time></trkpt><trkpt lat="36.96176" lon="138.944983"><ele>1186.0</ele><time>2021-08-21T02:47:41Z</time></trkpt><trkpt lat="36.961754" lon="138.944986"><ele>1185.8</ele><time>2021-08-21T02:47:42Z</time></trkpt><trkpt lat="36.96175" lon="138.944985"><ele>1185.8</ele><time>2021-08-21T02:47:43Z</time></trkpt><trkpt lat="36.961755" lon="138.944996"><ele>1185.5</ele><time>2021-08-21T02:47:44Z</time></trkpt><trkpt lat="36.961755" lon="138.945003"><ele>1185.4</ele><time>2021-08-21T02:47:45Z</time></trkpt><trkpt lat="36.961755" lon="138.945"><ele>1185.3</ele><time>2021-08-21T02:47:46Z</time></trkpt><trkpt lat="36.961747" lon="138.944977"><ele>1184.9</ele><time>2021-08-21T02:47:47Z</time></trkpt><trkpt lat="36.961567" lon="138.944803"><ele>1179.7</ele><time>2021-08-21T02:49:29Z</time></trkpt><trkpt lat="36.961564" lon="138.944801"><ele>1179.6</ele><time>2021-08-21T02:49:30Z</time></trkpt><trkpt lat="36.961564" lon="138.9448"><ele>1179.6</ele><time>2021-08-21T02:49:31Z</time></trkpt><trkpt lat="36.96156" lon="138.944799"><ele>1179.5</ele><time>2021-08-21T02:49:32Z</time></trkpt><trkpt lat="36.961552" lon="138.944794"><ele>1179.3</ele><time>2021-08-21T02:49:33Z</time></trkpt><trkpt lat="36.961551" lon="138.94479"><ele>1179.2</ele><time>2021-08-21T02:49:34Z</time></trkpt><trkpt lat="36.961543" lon="138.944784"><ele>1179.0</ele><time>2021-08-21T02:49:35Z</time></trkpt><trkpt lat="36.961544" lon="138.944792"><ele>1178.8</ele><time>2021-08-21T02:49:36Z</time></trkpt><trkpt lat="36.961539" lon="138.944791"><ele>1178.7</ele><time>2021-08-21T02:49:37Z</time></trkpt><trkpt lat="36.961526" lon="138.9448"><ele>1178.4</ele><time>2021-08-21T02:49:38Z</time></trkpt><trkpt lat="36.961517" lon="138.944802"><ele>1178.2</ele><time>2021-08-21T02:49:39Z</time></trkpt><trkpt lat="36.961507" lon="138.9448"><ele>1177.9</ele><time>2021-08-21T02:49:40Z</time></trkpt><trkpt lat="36.961499" lon="138.944797"><ele>1177.7</ele><time>2021-08-21T02:49:41Z</time></trkpt><trkpt lat="36.96149" lon="138.944793"><ele>1177.5</ele><time>2021-08-21T02:49:42Z</time></trkpt><trkpt lat="36.961482" lon="138.94479"><ele>1177.3</ele><time>2021-08-21T02:49:43Z</time></trkpt><trkpt lat="36.961474" lon="138.944787"><ele>1177.1</ele><time>2021-08-21T02:49:44Z</time></trkpt><trkpt lat="36.961466" lon="138.944784"><ele>1177.0</ele><time>2021-08-21T02:49:45Z</time></trkpt><trkpt lat="36.961458" lon="138.94478"><ele>1176.8</ele><time>2021-08-21T02:49:46Z</time></trkpt><trkpt lat="36.96145" lon="138.944777"><ele>1176.6</ele><time>2021-08-21T02:49:47Z</time></trkpt><trkpt lat="36.961441" lon="138.944774"><ele>1176.4</ele><time>2021-08-21T02:49:48Z</time></trkpt><trkpt lat="36.961433" lon="138.944771"><ele>1176.2</ele><time>2021-08-21T02:49:49Z</time></trkpt><trkpt lat="36.961425" lon="138.944767"><ele>1176.0</ele><time>2021-08-21T02:50:06Z</time></trkpt><trkpt lat="36.961417" lon="138.944764"><ele>1175.8</ele><time>2021-08-21T02:50:07Z</time></trkpt><trkpt lat="36.961409" lon="138.944761"><ele>1175.6</ele><time>2021-08-21T02:50:08Z</time></trkpt><trkpt lat="36.961401" lon="138.944758"><ele>1175.4</ele><time>2021-08-21T02:50:09Z</time></trkpt><trkpt lat="36.961392" lon="138.944754"><ele>1175.2</ele><time>2021-08-21T02:50:10Z</time></trkpt><trkpt lat="36.961384" lon="138.944751"><ele>1175.0</ele><time>2021-08-21T02:50:11Z</time></trkpt><trkpt lat="36.961376" lon="138.944748"><ele>1174.8</ele><time>2021-08-21T02:50:12Z</time></trkpt><trkpt lat="36.961368" lon="138.944741"><ele>1174.6</ele><time>2021-08-21T02:50:13Z</time></trkpt><trkpt lat="36.961361" lon="138.944739"><ele>1174.4</ele><time>2021-08-21T02:50:14Z</time></trkpt><trkpt lat="36.961351" lon="138.944734"><ele>1174.2</ele><time>2021-08-21T02:50:15Z</time></trkpt><trkpt lat="36.961351" lon="138.944723"><ele>1173.9</ele><time>2021-08-21T02:50:16Z</time></trkpt><trkpt lat="36.961344" lon="138.944718"><ele>1173.8</ele><time>2021-08-21T02:50:17Z</time></trkpt><trkpt lat="36.961338" lon="138.944703"><ele>1173.5</ele><time>2021-08-21T02:50:18Z</time></trkpt><trkpt lat="36.961339" lon="138.944695"><ele>1173.3</ele><time>2021-08-21T02:50:19Z</time></trkpt><trkpt lat="36.961342" lon="138.944691"><ele>1173.2</ele><time>2021-08-21T02:50:20Z</time></trkpt><trkpt lat="36.961339" lon="138.944697"><ele>1173.1</ele><time>2021-08-21T02:50:21Z</time></trkpt><trkpt lat="36.961336" lon="138.944703"><ele>1172.9</ele><time>2021-08-21T02:50:22Z</time></trkpt><trkpt lat="36.961335" lon="138.944701"><ele>1172.9</ele><time>2021-08-21T02:50:23Z</time></trkpt><trkpt lat="36.961326" lon="138.944706"><ele>1172.7</ele><time>2021-08-21T02:50:24Z</time></trkpt><trkpt lat="36.961323" lon="138.944702"><ele>1172.6</ele><time>2021-08-21T02:50:25Z</time></trkpt><trkpt lat="36.961312" lon="138.944704"><ele>1172.3</ele><time>2021-08-21T02:50:26Z</time></trkpt><trkpt lat="36.961307" lon="138.944704"><ele>1172.2</ele><time>2021-08-21T02:50:27Z</time></trkpt><trkpt lat="36.9613" lon="138.944683"><ele>1171.8</ele><time>2021-08-21T02:50:28Z</time></trkpt><trkpt lat="36.96126" lon="138.944665"><ele>1170.8</ele><time>2021-08-21T02:50:37Z</time></trkpt><trkpt lat="36.961252" lon="138.944667"><ele>1170.6</ele><time>2021-08-21T02:50:38Z</time></trkpt><trkpt lat="36.961251" lon="138.944679"><ele>1170.4</ele><time>2021-08-21T02:50:39Z</time></trkpt><trkpt lat="36.961238" lon="138.944689"><ele>1170.1</ele><time>2021-08-21T02:50:40Z</time></trkpt><trkpt lat="36.961242" lon="138.944685"><ele>1169.9</ele><time>2021-08-21T02:50:41Z</time></trkpt><trkpt lat="36.961242" lon="138.944682"><ele>1169.9</ele><time>2021-08-21T02:50:42Z</time></trkpt><trkpt lat="36.961242" lon="138.944683"><ele>1169.9</ele><time>2021-08-21T02:50:43Z</time></trkpt><trkpt lat="36.96124" lon="138.944685"><ele>1169.8</ele><time>2021-08-21T02:50:44Z</time></trkpt><trkpt lat="36.961238" lon="138.944681"><ele>1169.7</ele><time>2021-08-21T02:50:45Z</time></trkpt><trkpt lat="36.961226" lon="138.94469"><ele>1169.4</ele><time>2021-08-21T02:50:46Z</time></trkpt><trkpt lat="36.961225" lon="138.944696"><ele>1169.3</ele><time>2021-08-21T02:50:47Z</time></trkpt><trkpt lat="36.961213" lon="138.944698"><ele>1169.0</ele><time>2021-08-21T02:50:48Z</time></trkpt><trkpt lat="36.96121" lon="138.944699"><ele>1168.9</ele><time>2021-08-21T02:50:49Z</time></trkpt><trkpt lat="36.96121" lon="138.944696"><ele>1168.9</ele><time>2021-08-21T02:50:50Z</time></trkpt><trkpt lat="36.961207" lon="138.944691"><ele>1168.8</ele><time>2021-08-21T02:50:51Z</time></trkpt><trkpt lat="36.961196" lon="138.94469"><ele>1168.5</ele><time>2021-08-21T02:50:52Z</time></trkpt><trkpt lat="36.961197" lon="138.944677"><ele>1168.3</ele><time>2021-08-21T02:50:53Z</time></trkpt><trkpt lat="36.961186" lon="138.944675"><ele>1168.0</ele><time>2021-08-21T02:50:54Z</time></trkpt><trkpt lat="36.961183" lon="138.944679"><ele>1167.9</ele><time>2021-08-21T02:50:55Z</time></trkpt><trkpt lat="36.961179" lon="138.944681"><ele>1167.8</ele><time>2021-08-21T02:50:56Z</time></trkpt><trkpt lat="36.961176" lon="138.944682"><ele>1167.8</ele><time>2021-08-21T02:50:57Z</time></trkpt><trkpt lat="36.961172" lon="138.944683"><ele>1167.7</ele><time>2021-08-21T02:50:58Z</time></trkpt><trkpt lat="36.961169" lon="138.944685"><ele>1167.6</ele><time>2021-08-21T02:50:59Z</time></trkpt><trkpt lat="36.961165" lon="138.944686"><ele>1167.5</ele><time>2021-08-21T02:51:00Z</time></trkpt><trkpt lat="36.961162" lon="138.944687"><ele>1167.4</ele><time>2021-08-21T02:51:01Z</time></trkpt><trkpt lat="36.961158" lon="138.944688"><ele>1167.3</ele><time>2021-08-21T02:51:02Z</time></trkpt><trkpt lat="36.961155" lon="138.94469"><ele>1167.3</ele><time>2021-08-21T02:51:03Z</time></trkpt><trkpt lat="36.961151" lon="138.944691"><ele>1167.2</ele><time>2021-08-21T02:51:04Z</time></trkpt><trkpt lat="36.96115" lon="138.9447"><ele>1167.0</ele><time>2021-08-21T02:51:05Z</time></trkpt><trkpt lat="36.961144" lon="138.944702"><ele>1166.8</ele><time>2021-08-21T02:51:06Z</time></trkpt><trkpt lat="36.961147" lon="138.944695"><ele>1166.7</ele><time>2021-08-21T02:51:07Z</time></trkpt><trkpt lat="36.961142" lon="138.944702"><ele>1166.5</ele><time>2021-08-21T02:51:08Z</time></trkpt><trkpt lat="36.961132" lon="138.944691"><ele>1166.2</ele><time>2021-08-21T02:51:09Z</time></trkpt><trkpt lat="36.961125" lon="138.944694"><ele>1166.1</ele><time>2021-08-21T02:51:10Z</time></trkpt><trkpt lat="36.961117" lon="138.944686"><ele>1165.8</ele><time>2021-08-21T02:51:11Z</time></trkpt><trkpt lat="36.96111" lon="138.944691"><ele>1165.6</ele><time>2021-08-21T02:51:12Z</time></trkpt><trkpt lat="36.961106" lon="138.94469"><ele>1165.5</ele><time>2021-08-21T02:51:13Z</time></trkpt><trkpt lat="36.961099" lon="138.944677"><ele>1165.3</ele><time>2021-08-21T02:51:14Z</time></trkpt><trkpt lat="36.961089" lon="138.944648"><ele>1164.7</ele><time>2021-08-21T02:51:16Z</time></trkpt><trkpt lat="36.961088" lon="138.944642"><ele>1164.6</ele><time>2021-08-21T02:51:17Z</time></trkpt><trkpt lat="36.961089" lon="138.944644"><ele>1164.5</ele><time>2021-08-21T02:51:18Z</time></trkpt><trkpt lat="36.961084" lon="138.944637"><ele>1164.4</ele><time>2021-08-21T02:51:19Z</time></trkpt><trkpt lat="36.961081" lon="138.944627"><ele>1164.2</ele><time>2021-08-21T02:51:20Z</time></trkpt><trkpt lat="36.961079" lon="138.944627"><ele>1164.1</ele><time>2021-08-21T02:51:21Z</time></trkpt><trkpt lat="36.961076" lon="138.944627"><ele>1164.0</ele><time>2021-08-21T02:51:22Z</time></trkpt><trkpt lat="36.961075" lon="138.944622"><ele>1163.9</ele><time>2021-08-21T02:51:23Z</time></trkpt><trkpt lat="36.961072" lon="138.944621"><ele>1163.9</ele><time>2021-08-21T02:51:24Z</time></trkpt><trkpt lat="36.961071" lon="138.944622"><ele>1163.8</ele><time>2021-08-21T02:51:25Z</time></trkpt><trkpt lat="36.961073" lon="138.944627"><ele>1163.7</ele><time>2021-08-21T02:51:26Z</time></trkpt><trkpt lat="36.961035" lon="138.944512"><ele>1161.5</ele><time>2021-08-21T02:52:03Z</time></trkpt><trkpt lat="36.961031" lon="138.944511"><ele>1161.4</ele><time>2021-08-21T02:52:04Z</time></trkpt><trkpt lat="36.961023" lon="138.944507"><ele>1161.2</ele><time>2021-08-21T02:52:05Z</time></trkpt><trkpt lat="36.961011" lon="138.944512"><ele>1160.9</ele><time>2021-08-21T02:52:06Z</time></trkpt><trkpt lat="36.960995" lon="138.944515"><ele>1160.5</ele><time>2021-08-21T02:52:07Z</time></trkpt><trkpt lat="36.960987" lon="138.944523"><ele>1160.3</ele><time>2021-08-21T02:52:08Z</time></trkpt><trkpt lat="36.960979" lon="138.944532"><ele>1160.0</ele><time>2021-08-21T02:52:09Z</time></trkpt><trkpt lat="36.960971" lon="138.94454"><ele>1159.8</ele><time>2021-08-21T02:52:10Z</time></trkpt><trkpt lat="36.960967" lon="138.944537"><ele>1159.7</ele><time>2021-08-21T02:52:11Z</time></trkpt><trkpt lat="36.960968" lon="138.944541"><ele>1159.6</ele><time>2021-08-21T02:52:12Z</time></trkpt><trkpt lat="36.96097" lon="138.944539"><ele>1159.6</ele><time>2021-08-21T02:52:13Z</time></trkpt><trkpt lat="36.96098" lon="138.944541"><ele>1159.3</ele><time>2021-08-21T02:52:14Z</time></trkpt><trkpt lat="36.960986" lon="138.944551"><ele>1159.1</ele><time>2021-08-21T02:52:15Z</time></trkpt><trkpt lat="36.960985" lon="138.944558"><ele>1159.0</ele><time>2021-08-21T02:52:16Z</time></trkpt><trkpt lat="36.960973" lon="138.944567"><ele>1158.6</ele><time>2021-08-21T02:52:17Z</time></trkpt><trkpt lat="36.960966" lon="138.944564"><ele>1158.5</ele><time>2021-08-21T02:52:18Z</time></trkpt><trkpt lat="36.960967" lon="138.94456"><ele>1158.4</ele><time>2021-08-21T02:52:19Z</time></trkpt><trkpt lat="36.960956" lon="138.944571"><ele>1158.1</ele><time>2021-08-21T02:52:20Z</time></trkpt><trkpt lat="36.960957" lon="138.944568"><ele>1158.0</ele><time>2021-08-21T02:52:21Z</time></trkpt><trkpt lat="36.96096" lon="138.944555"><ele>1157.8</ele><time>2021-08-21T02:52:22Z</time></trkpt><trkpt lat="36.960952" lon="138.944566"><ele>1157.5</ele><time>2021-08-21T02:52:23Z</time></trkpt><trkpt lat="36.960941" lon="138.944571"><ele>1157.2</ele><time>2021-08-21T02:52:24Z</time></trkpt><trkpt lat="36.960927" lon="138.944563"><ele>1156.9</ele><time>2021-08-21T02:52:25Z</time></trkpt><trkpt lat="36.960925" lon="138.944564"><ele>1156.8</ele><time>2021-08-21T02:52:26Z</time></trkpt><trkpt lat="36.960924" lon="138.944578"><ele>1156.6</ele><time>2021-08-21T02:52:27Z</time></trkpt><trkpt lat="36.960918" lon="138.944579"><ele>1156.4</ele><time>2021-08-21T02:52:28Z</time></trkpt><trkpt lat="36.960919" lon="138.944574"><ele>1156.3</ele><time>2021-08-21T02:52:29Z</time></trkpt><trkpt lat="36.960914" lon="138.944564"><ele>1156.1</ele><time>2021-08-21T02:52:30Z</time></trkpt><trkpt lat="36.960917" lon="138.944567"><ele>1156.0</ele><time>2021-08-21T02:52:31Z</time></trkpt><trkpt lat="36.960915" lon="138.944559"><ele>1155.9</ele><time>2021-08-21T02:52:32Z</time></trkpt><trkpt lat="36.960913" lon="138.944544"><ele>1155.6</ele><time>2021-08-21T02:52:33Z</time></trkpt><trkpt lat="36.960908" lon="138.944543"><ele>1155.5</ele><time>2021-08-21T02:52:34Z</time></trkpt><trkpt lat="36.960906" lon="138.944538"><ele>1155.4</ele><time>2021-08-21T02:52:35Z</time></trkpt><trkpt lat="36.960821" lon="138.944489"><ele>1153.2</ele><time>2021-08-21T02:52:49Z</time></trkpt><trkpt lat="36.960826" lon="138.944471"><ele>1152.9</ele><time>2021-08-21T02:52:50Z</time></trkpt><trkpt lat="36.960826" lon="138.944475"><ele>1152.8</ele><time>2021-08-21T02:52:51Z</time></trkpt><trkpt lat="36.960812" lon="138.944471"><ele>1152.5</ele><time>2021-08-21T02:52:52Z</time></trkpt><trkpt lat="36.960808" lon="138.944465"><ele>1152.3</ele><time>2021-08-21T02:52:53Z</time></trkpt><trkpt lat="36.960793" lon="138.944471"><ele>1152.0</ele><time>2021-08-21T02:52:54Z</time></trkpt><trkpt lat="36.960774" lon="138.944468"><ele>1151.5</ele><time>2021-08-21T02:52:55Z</time></trkpt><trkpt lat="36.960765" lon="138.94447"><ele>1151.3</ele><time>2021-08-21T02:52:56Z</time></trkpt><trkpt lat="36.96076" lon="138.944477"><ele>1151.2</ele><time>2021-08-21T02:52:57Z</time></trkpt><trkpt lat="36.960755" lon="138.944476"><ele>1151.0</ele><time>2021-08-21T02:52:58Z</time></trkpt><trkpt lat="36.960751" lon="138.944476"><ele>1151.0</ele><time>2021-08-21T02:52:59Z</time></trkpt><trkpt lat="36.960746" lon="138.944475"><ele>1150.8</ele><time>2021-08-21T02:53:00Z</time></trkpt><trkpt lat="36.960742" lon="138.944474"><ele>1150.7</ele><time>2021-08-21T02:53:01Z</time></trkpt><trkpt lat="36.960737" lon="138.944473"><ele>1150.6</ele><time>2021-08-21T02:53:02Z</time></trkpt><trkpt lat="36.960733" lon="138.944473"><ele>1150.5</ele><time>2021-08-21T02:53:03Z</time></trkpt><trkpt lat="36.960728" lon="138.944472"><ele>1150.4</ele><time>2021-08-21T02:53:04Z</time></trkpt><trkpt lat="36.960713" lon="138.944478"><ele>1150.1</ele><time>2021-08-21T02:53:05Z</time></trkpt><trkpt lat="36.960714" lon="138.944484"><ele>1149.9</ele><time>2021-08-21T02:53:06Z</time></trkpt><trkpt lat="36.960717" lon="138.944483"><ele>1149.9</ele><time>2021-08-21T02:53:07Z</time></trkpt><trkpt lat="36.960723" lon="138.944486"><ele>1149.7</ele><time>2021-08-21T02:53:08Z</time></trkpt><trkpt lat="36.96072" lon="138.944492"><ele>1149.6</ele><time>2021-08-21T02:53:09Z</time></trkpt><trkpt lat="36.960718" lon="138.944497"><ele>1149.5</ele><time>2021-08-21T02:53:10Z</time></trkpt><trkpt lat="36.960718" lon="138.944496"><ele>1149.5</ele><time>2021-08-21T02:53:11Z</time></trkpt><trkpt lat="36.960714" lon="138.944494"><ele>1149.4</ele><time>2021-08-21T02:53:12Z</time></trkpt><trkpt lat="36.960711" lon="138.944495"><ele>1149.3</ele><time>2021-08-21T02:53:13Z</time></trkpt><trkpt lat="36.960711" lon="138.944493"><ele>1149.3</ele><time>2021-08-21T02:53:14Z</time></trkpt><trkpt lat="36.960709" lon="138.944498"><ele>1149.2</ele><time>2021-08-21T02:53:15Z</time></trkpt><trkpt lat="36.960672" lon="138.94452"><ele>1148.2</ele><time>2021-08-21T02:53:19Z</time></trkpt><trkpt lat="36.960676" lon="138.944511"><ele>1148.0</ele><time>2021-08-21T02:53:20Z</time></trkpt><trkpt lat="36.960676" lon="138.944496"><ele>1147.8</ele><time>2021-08-21T02:53:21Z</time></trkpt><trkpt lat="36.960677" lon="138.94448"><ele>1147.5</ele><time>2021-08-21T02:53:22Z</time></trkpt><trkpt lat="36.96068" lon="138.944469"><ele>1147.3</ele><time>2021-08-21T02:53:23Z</time></trkpt><trkpt lat="36.960661" lon="138.944478"><ele>1146.8</ele><time>2021-08-21T02:53:24Z</time></trkpt><trkpt lat="36.960647" lon="138.944484"><ele>1146.5</ele><time>2021-08-21T02:53:25Z</time></trkpt><trkpt lat="36.960646" lon="138.94449"><ele>1146.3</ele><time>2021-08-21T02:53:26Z</time></trkpt><trkpt lat="36.960643" lon="138.944487"><ele>1146.3</ele><time>2021-08-21T02:53:27Z</time></trkpt><trkpt lat="36.960636" lon="138.944496"><ele>1146.0</ele><time>2021-08-21T02:53:28Z</time></trkpt><trkpt lat="36.960639" lon="138.944486"><ele>1145.8</ele><time>2021-08-21T02:53:29Z</time></trkpt><trkpt lat="36.960638" lon="138.94448"><ele>1145.7</ele><time>2021-08-21T02:53:30Z</time></trkpt><trkpt lat="36.960617" lon="138.944465"><ele>1145.2</ele><time>2021-08-21T02:53:31Z</time></trkpt><trkpt lat="36.960616" lon="138.944459"><ele>1145.0</ele><time>2021-08-21T02:53:32Z</time></trkpt><trkpt lat="36.960613" lon="138.944451"><ele>1144.9</ele><time>2021-08-21T02:53:33Z</time></trkpt><trkpt lat="36.960614" lon="138.944441"><ele>1144.7</ele><time>2021-08-21T02:53:34Z</time></trkpt><trkpt lat="36.960614" lon="138.944434"><ele>1144.6</ele><time>2021-08-21T02:53:35Z</time></trkpt><trkpt lat="36.960599" lon="138.944429"><ele>1144.2</ele><time>2021-08-21T02:53:36Z</time></trkpt><trkpt lat="36.960586" lon="138.944435"><ele>1143.9</ele><time>2021-08-21T02:53:37Z</time></trkpt><trkpt lat="36.960572" lon="138.944435"><ele>1143.6</ele><time>2021-08-21T02:53:38Z</time></trkpt><trkpt lat="36.960571" lon="138.944462"><ele>1143.1</ele><time>2021-08-21T02:53:39Z</time></trkpt><trkpt lat="36.960568" lon="138.944471"><ele>1142.9</ele><time>2021-08-21T02:53:40Z</time></trkpt><trkpt lat="36.960565" lon="138.944481"><ele>1142.7</ele><time>2021-08-21T02:53:41Z</time></trkpt><trkpt lat="36.960549" lon="138.944501"><ele>1142.2</ele><time>2021-08-21T02:53:42Z</time></trkpt><trkpt lat="36.960546" lon="138.944504"><ele>1142.1</ele><time>2021-08-21T02:53:43Z</time></trkpt><trkpt lat="36.960543" lon="138.944506"><ele>1142.0</ele><time>2021-08-21T02:53:44Z</time></trkpt><trkpt lat="36.96054" lon="138.944509"><ele>1141.9</ele><time>2021-08-21T02:53:45Z</time></trkpt><trkpt lat="36.960537" lon="138.944512"><ele>1141.9</ele><time>2021-08-21T02:53:46Z</time></trkpt><trkpt lat="36.960538" lon="138.944507"><ele>1141.8</ele><time>2021-08-21T02:53:47Z</time></trkpt><trkpt lat="36.960531" lon="138.944507"><ele>1141.6</ele><time>2021-08-21T02:53:48Z</time></trkpt><trkpt lat="36.960527" lon="138.944511"><ele>1141.5</ele><time>2021-08-21T02:53:49Z</time></trkpt><trkpt lat="36.960517" lon="138.944505"><ele>1141.2</ele><time>2021-08-21T02:53:50Z</time></trkpt><trkpt lat="36.960514" lon="138.944503"><ele>1141.1</ele><time>2021-08-21T02:53:51Z</time></trkpt><trkpt lat="36.960507" lon="138.9445"><ele>1141.0</ele><time>2021-08-21T02:53:52Z</time></trkpt><trkpt lat="36.960455" lon="138.944443"><ele>1139.4</ele><time>2021-08-21T02:54:01Z</time></trkpt><trkpt lat="36.96045" lon="138.944435"><ele>1139.2</ele><time>2021-08-21T02:54:02Z</time></trkpt><trkpt lat="36.960439" lon="138.944429"><ele>1138.9</ele><time>2021-08-21T02:54:03Z</time></trkpt><trkpt lat="36.96042" lon="138.944437"><ele>1138.5</ele><time>2021-08-21T02:54:04Z</time></trkpt><trkpt lat="36.960413" lon="138.944445"><ele>1138.3</ele><time>2021-08-21T02:54:05Z</time></trkpt><trkpt lat="36.960405" lon="138.944452"><ele>1138.0</ele><time>2021-08-21T02:54:06Z</time></trkpt><trkpt lat="36.960394" lon="138.944461"><ele>1137.7</ele><time>2021-08-21T02:54:07Z</time></trkpt><trkpt lat="36.960385" lon="138.944461"><ele>1137.5</ele><time>2021-08-21T02:54:08Z</time></trkpt><trkpt lat="36.960381" lon="138.944453"><ele>1137.4</ele><time>2021-08-21T02:54:09Z</time></trkpt><trkpt lat="36.960387" lon="138.944439"><ele>1137.1</ele><time>2021-08-21T02:54:10Z</time></trkpt><trkpt lat="36.960374" lon="138.944435"><ele>1136.8</ele><time>2021-08-21T02:54:11Z</time></trkpt><trkpt lat="36.960364" lon="138.944424"><ele>1136.4</ele><time>2021-08-21T02:54:12Z</time></trkpt><trkpt lat="36.960359" lon="138.944431"><ele>1136.3</ele><time>2021-08-21T02:54:13Z</time></trkpt><trkpt lat="36.960346" lon="138.944427"><ele>1136.0</ele><time>2021-08-21T02:54:14Z</time></trkpt><trkpt lat="36.960333" lon="138.944431"><ele>1135.7</ele><time>2021-08-21T02:54:15Z</time></trkpt><trkpt lat="36.960328" lon="138.94443"><ele>1135.5</ele><time>2021-08-21T02:54:16Z</time></trkpt><trkpt lat="36.960315" lon="138.944426"><ele>1135.2</ele><time>2021-08-21T02:54:17Z</time></trkpt><trkpt lat="36.96031" lon="138.944419"><ele>1135.1</ele><time>2021-08-21T02:54:18Z</time></trkpt><trkpt lat="36.960304" lon="138.944418"><ele>1134.9</ele><time>2021-08-21T02:54:19Z</time></trkpt><trkpt lat="36.960297" lon="138.944419"><ele>1134.8</ele><time>2021-08-21T02:54:20Z</time></trkpt><trkpt lat="36.960288" lon="138.944424"><ele>1134.5</ele><time>2021-08-21T02:54:21Z</time></trkpt><trkpt lat="36.960284" lon="138.944427"><ele>1134.4</ele><time>2021-08-21T02:54:22Z</time></trkpt><trkpt lat="36.960286" lon="138.944429"><ele>1134.4</ele><time>2021-08-21T02:54:23Z</time></trkpt><trkpt lat="36.960278" lon="138.94443"><ele>1134.2</ele><time>2021-08-21T02:54:24Z</time></trkpt><trkpt lat="36.960265" lon="138.944436"><ele>1133.9</ele><time>2021-08-21T02:54:25Z</time></trkpt><trkpt lat="36.960265" lon="138.944414"><ele>1133.5</ele><time>2021-08-21T02:54:26Z</time></trkpt><trkpt lat="36.960256" lon="138.944407"><ele>1133.2</ele><time>2021-08-21T02:54:27Z</time></trkpt><trkpt lat="36.960249" lon="138.944413"><ele>1132.9</ele><time>2021-08-21T02:54:28Z</time></trkpt><trkpt lat="36.960192" lon="138.94444"><ele>1131.3</ele><time>2021-08-21T02:54:39Z</time></trkpt><trkpt lat="36.960184" lon="138.944441"><ele>1131.1</ele><time>2021-08-21T02:54:40Z</time></trkpt><trkpt lat="36.960188" lon="138.944441"><ele>1130.9</ele><time>2021-08-21T02:54:41Z</time></trkpt><trkpt lat="36.960172" lon="138.944431"><ele>1130.4</ele><time>2021-08-21T02:54:42Z</time></trkpt><trkpt lat="36.960164" lon="138.944427"><ele>1130.0</ele><time>2021-08-21T02:54:43Z</time></trkpt><trkpt lat="36.960156" lon="138.944427"><ele>1129.7</ele><time>2021-08-21T02:54:44Z</time></trkpt><trkpt lat="36.960157" lon="138.944432"><ele>1129.5</ele><time>2021-08-21T02:54:45Z</time></trkpt><trkpt lat="36.960157" lon="138.944435"><ele>1129.3</ele><time>2021-08-21T02:54:46Z</time></trkpt><trkpt lat="36.960151" lon="138.944441"><ele>1128.9</ele><time>2021-08-21T02:54:47Z</time></trkpt><trkpt lat="36.960149" lon="138.944439"><ele>1128.8</ele><time>2021-08-21T02:54:48Z</time></trkpt><trkpt lat="36.960142" lon="138.944443"><ele>1128.5</ele><time>2021-08-21T02:54:49Z</time></trkpt><trkpt lat="36.960136" lon="138.944444"><ele>1128.2</ele><time>2021-08-21T02:54:50Z</time></trkpt><trkpt lat="36.960134" lon="138.944449"><ele>1128.0</ele><time>2021-08-21T02:54:51Z</time></trkpt><trkpt lat="36.960122" lon="138.944446"><ele>1127.6</ele><time>2021-08-21T02:54:52Z</time></trkpt><trkpt lat="36.960115" lon="138.944445"><ele>1127.3</ele><time>2021-08-21T02:54:53Z</time></trkpt><trkpt lat="36.960109" lon="138.944441"><ele>1127.1</ele><time>2021-08-21T02:54:54Z</time></trkpt><trkpt lat="36.960105" lon="138.944441"><ele>1126.8</ele><time>2021-08-21T02:54:55Z</time></trkpt><trkpt lat="36.960105" lon="138.944439"><ele>1126.6</ele><time>2021-08-21T02:54:56Z</time></trkpt><trkpt lat="36.960096" lon="138.944429"><ele>1126.3</ele><time>2021-08-21T02:54:57Z</time></trkpt><trkpt lat="36.96009" lon="138.944425"><ele>1126.0</ele><time>2021-08-21T02:54:58Z</time></trkpt><trkpt lat="36.960087" lon="138.944426"><ele>1125.8</ele><time>2021-08-21T02:54:59Z</time></trkpt><trkpt lat="36.960081" lon="138.944426"><ele>1125.5</ele><time>2021-08-21T02:55:00Z</time></trkpt><trkpt lat="36.960082" lon="138.944429"><ele>1125.3</ele><time>2021-08-21T02:55:01Z</time></trkpt><trkpt lat="36.960074" lon="138.944425"><ele>1125.0</ele><time>2021-08-21T02:55:02Z</time></trkpt><trkpt lat="36.960078" lon="138.944431"><ele>1124.8</ele><time>2021-08-21T02:55:03Z</time></trkpt><trkpt lat="36.959975" lon="138.94431"><ele>1121.5</ele><time>2021-08-21T02:55:47Z</time></trkpt><trkpt lat="36.959975" lon="138.944302"><ele>1121.2</ele><time>2021-08-21T02:55:48Z</time></trkpt><trkpt lat="36.959972" lon="138.944305"><ele>1121.0</ele><time>2021-08-21T02:55:49Z</time></trkpt><trkpt lat="36.959968" lon="138.944297"><ele>1120.8</ele><time>2021-08-21T02:55:50Z</time></trkpt><trkpt lat="36.959965" lon="138.944269"><ele>1120.1</ele><time>2021-08-21T02:55:51Z</time></trkpt><trkpt lat="36.95996" lon="138.944274"><ele>1119.9</ele><time>2021-08-21T02:55:52Z</time></trkpt><trkpt lat="36.959962" lon="138.944269"><ele>1119.7</ele><time>2021-08-21T02:55:53Z</time></trkpt><trkpt lat="36.959959" lon="138.944256"><ele>1119.3</ele><time>2021-08-21T02:55:54Z</time></trkpt><trkpt lat="36.959959" lon="138.944248"><ele>1119.0</ele><time>2021-08-21T02:55:55Z</time></trkpt><trkpt lat="36.959954" lon="138.944235"><ele>1118.7</ele><time>2021-08-21T02:55:56Z</time></trkpt><trkpt lat="36.959957" lon="138.944207"><ele>1118.0</ele><time>2021-08-21T02:55:57Z</time></trkpt><trkpt lat="36.959967" lon="138.944199"><ele>1117.7</ele><time>2021-08-21T02:55:58Z</time></trkpt><trkpt lat="36.959976" lon="138.944215"><ele>1117.2</ele><time>2021-08-21T02:55:59Z</time></trkpt><trkpt lat="36.959995" lon="138.944219"><ele>1116.7</ele><time>2021-08-21T02:56:00Z</time></trkpt><trkpt lat="36.959995" lon="138.944213"><ele>1116.4</ele><time>2021-08-21T02:56:01Z</time></trkpt><trkpt lat="36.959992" lon="138.944213"><ele>1116.3</ele><time>2021-08-21T02:56:02Z</time></trkpt><trkpt lat="36.959986" lon="138.944211"><ele>1116.0</ele><time>2021-08-21T02:56:03Z</time></trkpt><trkpt lat="36.959987" lon="138.944205"><ele>1115.8</ele><time>2021-08-21T02:56:04Z</time></trkpt><trkpt lat="36.959982" lon="138.944201"><ele>1115.6</ele><time>2021-08-21T02:56:05Z</time></trkpt><trkpt lat="36.959981" lon="138.9442"><ele>1115.4</ele><time>2021-08-21T02:56:06Z</time></trkpt><trkpt lat="36.959982" lon="138.944189"><ele>1115.1</ele><time>2021-08-21T02:56:07Z</time></trkpt><trkpt lat="36.959995" lon="138.94416"><ele>1114.4</ele><time>2021-08-21T02:56:08Z</time></trkpt><trkpt lat="36.959995" lon="138.944149"><ele>1114.1</ele><time>2021-08-21T02:56:09Z</time></trkpt><trkpt lat="36.959994" lon="138.944137"><ele>1113.8</ele><time>2021-08-21T02:56:10Z</time></trkpt><trkpt lat="36.959994" lon="138.944125"><ele>1113.5</ele><time>2021-08-21T02:56:13Z</time></trkpt><trkpt lat="36.959994" lon="138.944114"><ele>1113.2</ele><time>2021-08-21T02:56:14Z</time></trkpt><trkpt lat="36.959994" lon="138.944102"><ele>1112.9</ele><time>2021-08-21T02:56:15Z</time></trkpt><trkpt lat="36.959993" lon="138.944091"><ele>1112.5</ele><time>2021-08-21T02:56:16Z</time></trkpt><trkpt lat="36.959993" lon="138.944079"><ele>1112.2</ele><time>2021-08-21T02:56:17Z</time></trkpt><trkpt lat="36.959991" lon="138.94407"><ele>1112.0</ele><time>2021-08-21T02:56:18Z</time></trkpt><trkpt lat="36.959994" lon="138.944073"><ele>1111.8</ele><time>2021-08-21T02:56:19Z</time></trkpt><trkpt lat="36.959998" lon="138.944089"><ele>1111.3</ele><time>2021-08-21T02:56:20Z</time></trkpt><trkpt lat="36.959996" lon="138.944087"><ele>1111.2</ele><time>2021-08-21T02:56:21Z</time></trkpt><trkpt lat="36.959998" lon="138.94408"><ele>1111.0</ele><time>2021-08-21T02:56:22Z</time></trkpt><trkpt lat="36.960025" lon="138.944061"><ele>1110.2</ele><time>2021-08-21T02:56:23Z</time></trkpt><trkpt lat="36.960043" lon="138.944057"><ele>1109.7</ele><time>2021-08-21T02:56:24Z</time></trkpt><trkpt lat="36.960051" lon="138.944057"><ele>1109.4</ele><time>2021-08-21T02:56:25Z</time></trkpt><trkpt lat="36.960059" lon="138.944058"><ele>1109.1</ele><time>2021-08-21T02:56:26Z</time></trkpt><trkpt lat="36.960067" lon="138.944059"><ele>1108.9</ele><time>2021-08-21T02:56:27Z</time></trkpt><trkpt lat="36.960058" lon="138.944057"><ele>1108.5</ele><time>2021-08-21T02:56:28Z</time></trkpt><trkpt lat="36.960055" lon="138.944052"><ele>1108.3</ele><time>2021-08-21T02:56:29Z</time></trkpt><trkpt lat="36.960058" lon="138.944054"><ele>1108.1</ele><time>2021-08-21T02:56:30Z</time></trkpt><trkpt lat="36.960066" lon="138.944026"><ele>1107.5</ele><time>2021-08-21T02:56:31Z</time></trkpt><trkpt lat="36.960073" lon="138.94402"><ele>1107.3</ele><time>2021-08-21T02:56:32Z</time></trkpt><trkpt lat="36.960072" lon="138.944011"><ele>1107.0</ele><time>2021-08-21T02:56:33Z</time></trkpt><trkpt lat="36.960081" lon="138.944002"><ele>1106.6</ele><time>2021-08-21T02:56:34Z</time></trkpt><trkpt lat="36.960095" lon="138.943999"><ele>1106.2</ele><time>2021-08-21T02:56:35Z</time></trkpt><trkpt lat="36.9601" lon="138.943974"><ele>1105.7</ele><time>2021-08-21T02:56:36Z</time></trkpt><trkpt lat="36.960111" lon="138.943975"><ele>1105.4</ele><time>2021-08-21T02:56:37Z</time></trkpt><trkpt lat="36.960118" lon="138.943965"><ele>1105.0</ele><time>2021-08-21T02:56:38Z</time></trkpt><trkpt lat="36.960141" lon="138.943941"><ele>1104.3</ele><time>2021-08-21T02:56:39Z</time></trkpt><trkpt lat="36.960156" lon="138.943934"><ele>1103.8</ele><time>2021-08-21T02:56:40Z</time></trkpt><trkpt lat="36.960165" lon="138.943938"><ele>1103.5</ele><time>2021-08-21T02:56:41Z</time></trkpt><trkpt lat="36.960178" lon="138.943929"><ele>1103.1</ele><time>2021-08-21T02:56:42Z</time></trkpt><trkpt lat="36.960186" lon="138.943926"><ele>1102.8</ele><time>2021-08-21T02:56:43Z</time></trkpt><trkpt lat="36.960205" lon="138.94391"><ele>1102.3</ele><time>2021-08-21T02:56:44Z</time></trkpt><trkpt lat="36.960207" lon="138.943901"><ele>1102.0</ele><time>2021-08-21T02:56:45Z</time></trkpt><trkpt lat="36.960208" lon="138.943893"><ele>1101.8</ele><time>2021-08-21T02:56:46Z</time></trkpt><trkpt lat="36.96021" lon="138.943884"><ele>1101.5</ele><time>2021-08-21T02:56:47Z</time></trkpt><trkpt lat="36.960213" lon="138.943871"><ele>1101.2</ele><time>2021-08-21T02:56:48Z</time></trkpt><trkpt lat="36.960205" lon="138.943854"><ele>1100.7</ele><time>2021-08-21T02:56:49Z</time></trkpt><trkpt lat="36.960196" lon="138.943838"><ele>1100.3</ele><time>2021-08-21T02:56:50Z</time></trkpt><trkpt lat="36.960188" lon="138.94382"><ele>1099.9</ele><time>2021-08-21T02:56:51Z</time></trkpt><trkpt lat="36.960183" lon="138.943813"><ele>1099.6</ele><time>2021-08-21T02:56:52Z</time></trkpt><trkpt lat="36.96019" lon="138.943811"><ele>1099.4</ele><time>2021-08-21T02:56:53Z</time></trkpt><trkpt lat="36.960198" lon="138.943817"><ele>1099.1</ele><time>2021-08-21T02:56:54Z</time></trkpt><trkpt lat="36.960206" lon="138.943815"><ele>1098.8</ele><time>2021-08-21T02:56:55Z</time></trkpt><trkpt lat="36.960211" lon="138.943816"><ele>1098.6</ele><time>2021-08-21T02:56:56Z</time></trkpt><trkpt lat="36.960226" lon="138.943831"><ele>1098.1</ele><time>2021-08-21T02:56:57Z</time></trkpt><trkpt lat="36.960264" lon="138.943857"><ele>1097.1</ele><time>2021-08-21T02:56:58Z</time></trkpt><trkpt lat="36.960252" lon="138.943823"><ele>1096.4</ele><time>2021-08-21T02:56:59Z</time></trkpt><trkpt lat="36.960248" lon="138.943812"><ele>1096.1</ele><time>2021-08-21T02:57:00Z</time></trkpt><trkpt lat="36.960245" lon="138.943783"><ele>1095.6</ele><time>2021-08-21T02:57:01Z</time></trkpt><trkpt lat="36.960228" lon="138.943787"><ele>1095.1</ele><time>2021-08-21T02:57:02Z</time></trkpt><trkpt lat="36.960203" lon="138.943787"><ele>1094.6</ele><time>2021-08-21T02:57:03Z</time></trkpt><trkpt lat="36.960196" lon="138.943794"><ele>1094.4</ele><time>2021-08-21T02:57:04Z</time></trkpt><trkpt lat="36.960181" lon="138.943799"><ele>1094.1</ele><time>2021-08-21T02:57:05Z</time></trkpt><trkpt lat="36.960173" lon="138.943803"><ele>1093.9</ele><time>2021-08-21T02:57:06Z</time></trkpt><trkpt lat="36.960165" lon="138.943807"><ele>1093.8</ele><time>2021-08-21T02:57:07Z</time></trkpt><trkpt lat="36.960157" lon="138.943811"><ele>1093.6</ele><time>2021-08-21T02:57:08Z</time></trkpt><trkpt lat="36.960144" lon="138.943794"><ele>1093.2</ele><time>2021-08-21T02:57:09Z</time></trkpt><trkpt lat="36.960139" lon="138.943782"><ele>1093.0</ele><time>2021-08-21T02:57:10Z</time></trkpt><trkpt lat="36.960135" lon="138.943769"><ele>1092.8</ele><time>2021-08-21T02:57:11Z</time></trkpt><trkpt lat="36.960131" lon="138.943777"><ele>1092.6</ele><time>2021-08-21T02:57:12Z</time></trkpt><trkpt lat="36.960109" lon="138.943778"><ele>1092.2</ele><time>2021-08-21T02:57:13Z</time></trkpt><trkpt lat="36.960097" lon="138.943794"><ele>1091.8</ele><time>2021-08-21T02:57:14Z</time></trkpt><trkpt lat="36.960115" lon="138.943797"><ele>1091.4</ele><time>2021-08-21T02:57:15Z</time></trkpt><trkpt lat="36.960107" lon="138.943812"><ele>1091.1</ele><time>2021-08-21T02:57:16Z</time></trkpt><trkpt lat="36.960109" lon="138.943796"><ele>1090.9</ele><time>2021-08-21T02:57:17Z</time></trkpt><trkpt lat="36.96011" lon="138.943792"><ele>1090.8</ele><time>2021-08-21T02:57:18Z</time></trkpt><trkpt lat="36.960104" lon="138.943815"><ele>1090.4</ele><time>2021-08-21T02:57:19Z</time></trkpt><trkpt lat="36.960094" lon="138.943825"><ele>1090.2</ele><time>2021-08-21T02:57:20Z</time></trkpt><trkpt lat="36.960087" lon="138.943832"><ele>1090.0</ele><time>2021-08-21T02:57:21Z</time></trkpt><trkpt lat="36.960086" lon="138.943852"><ele>1089.7</ele><time>2021-08-21T02:57:22Z</time></trkpt><trkpt lat="36.96008" lon="138.943847"><ele>1089.5</ele><time>2021-08-21T02:57:23Z</time></trkpt><trkpt lat="36.960087" lon="138.943842"><ele>1089.3</ele><time>2021-08-21T02:57:24Z</time></trkpt><trkpt lat="36.960078" lon="138.94384"><ele>1089.2</ele><time>2021-08-21T02:57:25Z</time></trkpt><trkpt lat="36.960073" lon="138.943846"><ele>1089.0</ele><time>2021-08-21T02:57:26Z</time></trkpt><trkpt lat="36.960053" lon="138.943834"><ele>1088.6</ele><time>2021-08-21T02:57:27Z</time></trkpt><trkpt lat="36.960049" lon="138.943818"><ele>1088.3</ele><time>2021-08-21T02:57:28Z</time></trkpt><trkpt lat="36.96004" lon="138.943812"><ele>1088.1</ele><time>2021-08-21T02:57:29Z</time></trkpt><trkpt lat="36.96003" lon="138.943806"><ele>1087.9</ele><time>2021-08-21T02:57:30Z</time></trkpt><trkpt lat="36.96002" lon="138.9438"><ele>1087.6</ele><time>2021-08-21T02:57:31Z</time></trkpt><trkpt lat="36.960048" lon="138.943794"><ele>1087.1</ele><time>2021-08-21T02:57:32Z</time></trkpt><trkpt lat="36.960075" lon="138.943799"><ele>1086.5</ele><time>2021-08-21T02:57:33Z</time></trkpt><trkpt lat="36.960091" lon="138.943804"><ele>1086.2</ele><time>2021-08-21T02:57:34Z</time></trkpt><trkpt lat="36.96011" lon="138.943806"><ele>1085.8</ele><time>2021-08-21T02:57:35Z</time></trkpt><trkpt lat="36.960117" lon="138.943788"><ele>1085.5</ele><time>2021-08-21T02:57:36Z</time></trkpt><trkpt lat="36.960108" lon="138.943771"><ele>1085.1</ele><time>2021-08-21T02:57:37Z</time></trkpt><trkpt lat="36.960112" lon="138.943758"><ele>1084.9</ele><time>2021-08-21T02:57:38Z</time></trkpt><trkpt lat="36.960117" lon="138.943743"><ele>1084.6</ele><time>2021-08-21T02:57:39Z</time></trkpt><trkpt lat="36.960118" lon="138.943731"><ele>1084.5</ele><time>2021-08-21T02:57:40Z</time></trkpt><trkpt lat="36.96013" lon="138.943715"><ele>1084.1</ele><time>2021-08-21T02:57:41Z</time></trkpt><trkpt lat="36.960147" lon="138.943742"><ele>1083.5</ele><time>2021-08-21T02:57:43Z</time></trkpt><trkpt lat="36.960183" lon="138.943731"><ele>1082.8</ele><time>2021-08-21T02:57:45Z</time></trkpt><trkpt lat="36.960175" lon="138.943705"><ele>1082.3</ele><time>2021-08-21T02:57:47Z</time></trkpt><trkpt lat="36.960163" lon="138.943702"><ele>1082.1</ele><time>2021-08-21T02:57:49Z</time></trkpt><trkpt lat="36.960152" lon="138.943699"><ele>1081.9</ele><time>2021-08-21T02:57:50Z</time></trkpt><trkpt lat="36.960139" lon="138.943692"><ele>1081.6</ele><time>2021-08-21T02:57:51Z</time></trkpt><trkpt lat="36.960133" lon="138.943687"><ele>1081.4</ele><time>2021-08-21T02:57:52Z</time></trkpt><trkpt lat="36.96013" lon="138.943677"><ele>1081.3</ele><time>2021-08-21T02:57:53Z</time></trkpt><trkpt lat="36.96014" lon="138.943684"><ele>1081.0</ele><time>2021-08-21T02:57:54Z</time></trkpt><trkpt lat="36.960145" lon="138.943691"><ele>1080.9</ele><time>2021-08-21T02:57:55Z</time></trkpt><trkpt lat="36.96015" lon="138.943697"><ele>1080.7</ele><time>2021-08-21T02:57:56Z</time></trkpt><trkpt lat="36.960155" lon="138.943704"><ele>1080.6</ele><time>2021-08-21T02:57:57Z</time></trkpt><trkpt lat="36.96016" lon="138.943711"><ele>1080.4</ele><time>2021-08-21T02:57:58Z</time></trkpt><trkpt lat="36.960185" lon="138.943685"><ele>1079.8</ele><time>2021-08-21T02:57:59Z</time></trkpt><trkpt lat="36.960147" lon="138.943662"><ele>1078.9</ele><time>2021-08-21T02:58:00Z</time></trkpt><trkpt lat="36.960152" lon="138.943652"><ele>1078.7</ele><time>2021-08-21T02:58:01Z</time></trkpt><trkpt lat="36.960143" lon="138.943649"><ele>1078.5</ele><time>2021-08-21T02:58:02Z</time></trkpt><trkpt lat="36.960141" lon="138.943644"><ele>1078.4</ele><time>2021-08-21T02:58:03Z</time></trkpt><trkpt lat="36.960142" lon="138.943646"><ele>1078.4</ele><time>2021-08-21T02:58:04Z</time></trkpt><trkpt lat="36.960143" lon="138.94364"><ele>1078.3</ele><time>2021-08-21T02:58:05Z</time></trkpt><trkpt lat="36.960139" lon="138.94365"><ele>1078.1</ele><time>2021-08-21T02:58:06Z</time></trkpt><trkpt lat="36.960129" lon="138.94366"><ele>1077.9</ele><time>2021-08-21T02:58:07Z</time></trkpt><trkpt lat="36.96013" lon="138.943661"><ele>1077.8</ele><time>2021-08-21T02:58:08Z</time></trkpt><trkpt lat="36.96013" lon="138.943662"><ele>1077.8</ele><time>2021-08-21T02:58:09Z</time></trkpt><trkpt lat="36.960134" lon="138.943658"><ele>1077.7</ele><time>2021-08-21T02:58:10Z</time></trkpt><trkpt lat="36.960144" lon="138.943627"><ele>1077.2</ele><time>2021-08-21T02:58:11Z</time></trkpt><trkpt lat="36.960159" lon="138.943603"><ele>1076.7</ele><time>2021-08-21T02:58:12Z</time></trkpt><trkpt lat="36.960163" lon="138.943596"><ele>1076.5</ele><time>2021-08-21T02:58:13Z</time></trkpt><trkpt lat="36.960166" lon="138.94359"><ele>1076.4</ele><time>2021-08-21T02:58:14Z</time></trkpt><trkpt lat="36.960191" lon="138.943596"><ele>1075.9</ele><time>2021-08-21T02:58:15Z</time></trkpt><trkpt lat="36.960196" lon="138.943595"><ele>1075.8</ele><time>2021-08-21T02:58:16Z</time></trkpt><trkpt lat="36.960201" lon="138.943595"><ele>1075.7</ele><time>2021-08-21T02:58:17Z</time></trkpt><trkpt lat="36.960206" lon="138.943594"><ele>1075.6</ele><time>2021-08-21T02:58:18Z</time></trkpt><trkpt lat="36.960211" lon="138.943594"><ele>1075.5</ele><time>2021-08-21T02:58:19Z</time></trkpt><trkpt lat="36.960216" lon="138.943593"><ele>1075.4</ele><time>2021-08-21T02:58:20Z</time></trkpt><trkpt lat="36.960214" lon="138.943571"><ele>1075.0</ele><time>2021-08-21T02:58:21Z</time></trkpt><trkpt lat="36.960204" lon="138.94356"><ele>1074.8</ele><time>2021-08-21T02:58:22Z</time></trkpt><trkpt lat="36.960195" lon="138.943548"><ele>1074.5</ele><time>2021-08-21T02:58:23Z</time></trkpt><trkpt lat="36.960185" lon="138.943537"><ele>1074.2</ele><time>2021-08-21T02:58:24Z</time></trkpt><trkpt lat="36.960156" lon="138.943544"><ele>1073.6</ele><time>2021-08-21T02:58:25Z</time></trkpt><trkpt lat="36.960148" lon="138.943546"><ele>1073.5</ele><time>2021-08-21T02:58:26Z</time></trkpt><trkpt lat="36.960148" lon="138.943549"><ele>1073.4</ele><time>2021-08-21T02:58:27Z</time></trkpt><trkpt lat="36.960152" lon="138.943567"><ele>1073.1</ele><time>2021-08-21T02:58:28Z</time></trkpt><trkpt lat="36.960143" lon="138.943575"><ele>1072.9</ele><time>2021-08-21T02:58:29Z</time></trkpt><trkpt lat="36.960127" lon="138.94357"><ele>1072.6</ele><time>2021-08-21T02:58:30Z</time></trkpt><trkpt lat="36.960123" lon="138.943547"><ele>1072.2</ele><time>2021-08-21T02:58:31Z</time></trkpt><trkpt lat="36.960124" lon="138.943545"><ele>1072.1</ele><time>2021-08-21T02:58:32Z</time></trkpt><trkpt lat="36.960116" lon="138.943536"><ele>1071.9</ele><time>2021-08-21T02:58:33Z</time></trkpt><trkpt lat="36.960102" lon="138.943519"><ele>1071.5</ele><time>2021-08-21T02:58:34Z</time></trkpt><trkpt lat="36.960101" lon="138.94352"><ele>1071.5</ele><time>2021-08-21T02:58:35Z</time></trkpt><trkpt lat="36.960098" lon="138.943523"><ele>1071.4</ele><time>2021-08-21T02:58:36Z</time></trkpt><trkpt lat="36.96009" lon="138.943522"><ele>1071.3</ele><time>2021-08-21T02:58:37Z</time></trkpt><trkpt lat="36.960089" lon="138.943526"><ele>1071.2</ele><time>2021-08-21T02:58:38Z</time></trkpt><trkpt lat="36.96008" lon="138.943514"><ele>1070.9</ele><time>2021-08-21T02:58:39Z</time></trkpt><trkpt lat="36.96007" lon="138.943512"><ele>1070.7</ele><time>2021-08-21T02:58:40Z</time></trkpt><trkpt lat="36.960059" lon="138.943516"><ele>1070.5</ele><time>2021-08-21T02:58:41Z</time></trkpt><trkpt lat="36.960065" lon="138.943527"><ele>1070.3</ele><time>2021-08-21T02:58:42Z</time></trkpt><trkpt lat="36.960063" lon="138.943519"><ele>1070.1</ele><time>2021-08-21T02:58:43Z</time></trkpt><trkpt lat="36.960056" lon="138.943512"><ele>1070.0</ele><time>2021-08-21T02:58:44Z</time></trkpt><trkpt lat="36.960013" lon="138.943577"><ele>1068.6</ele><time>2021-08-21T02:58:58Z</time></trkpt><trkpt lat="36.960014" lon="138.943566"><ele>1068.4</ele><time>2021-08-21T02:58:59Z</time></trkpt><trkpt lat="36.960013" lon="138.943565"><ele>1068.4</ele><time>2021-08-21T02:59:00Z</time></trkpt><trkpt lat="36.960003" lon="138.943559"><ele>1068.2</ele><time>2021-08-21T02:59:01Z</time></trkpt><trkpt lat="36.959999" lon="138.943555"><ele>1068.1</ele><time>2021-08-21T02:59:02Z</time></trkpt><trkpt lat="36.96" lon="138.94355"><ele>1068.0</ele><time>2021-08-21T02:59:03Z</time></trkpt><trkpt lat="36.959997" lon="138.943546"><ele>1067.9</ele><time>2021-08-21T02:59:04Z</time></trkpt><trkpt lat="36.959998" lon="138.943545"><ele>1067.9</ele><time>2021-08-21T02:59:05Z</time></trkpt><trkpt lat="36.960003" lon="138.943543"><ele>1067.8</ele><time>2021-08-21T02:59:06Z</time></trkpt><trkpt lat="36.960003" lon="138.943547"><ele>1067.7</ele><time>2021-08-21T02:59:07Z</time></trkpt><trkpt lat="36.960005" lon="138.943542"><ele>1067.6</ele><time>2021-08-21T02:59:08Z</time></trkpt><trkpt lat="36.959989" lon="138.943568"><ele>1067.1</ele><time>2021-08-21T02:59:18Z</time></trkpt><trkpt lat="36.959986" lon="138.943563"><ele>1067.0</ele><time>2021-08-21T02:59:19Z</time></trkpt><trkpt lat="36.959975" lon="138.943565"><ele>1066.7</ele><time>2021-08-21T02:59:20Z</time></trkpt><trkpt lat="36.959989" lon="138.943558"><ele>1066.4</ele><time>2021-08-21T02:59:21Z</time></trkpt><trkpt lat="36.959985" lon="138.943547"><ele>1066.2</ele><time>2021-08-21T02:59:22Z</time></trkpt><trkpt lat="36.959965" lon="138.943536"><ele>1065.8</ele><time>2021-08-21T02:59:23Z</time></trkpt><trkpt lat="36.959948" lon="138.94355"><ele>1065.4</ele><time>2021-08-21T02:59:24Z</time></trkpt><trkpt lat="36.959942" lon="138.943552"><ele>1065.3</ele><time>2021-08-21T02:59:25Z</time></trkpt><trkpt lat="36.959935" lon="138.943554"><ele>1065.1</ele><time>2021-08-21T02:59:26Z</time></trkpt><trkpt lat="36.959928" lon="138.943556"><ele>1065.0</ele><time>2021-08-21T02:59:27Z</time></trkpt><trkpt lat="36.959917" lon="138.943551"><ele>1064.7</ele><time>2021-08-21T02:59:28Z</time></trkpt><trkpt lat="36.959939" lon="138.943546"><ele>1064.3</ele><time>2021-08-21T02:59:29Z</time></trkpt><trkpt lat="36.959933" lon="138.943561"><ele>1064.0</ele><time>2021-08-21T02:59:30Z</time></trkpt><trkpt lat="36.959934" lon="138.943555"><ele>1063.9</ele><time>2021-08-21T02:59:31Z</time></trkpt><trkpt lat="36.959934" lon="138.943558"><ele>1063.9</ele><time>2021-08-21T02:59:32Z</time></trkpt><trkpt lat="36.959922" lon="138.943549"><ele>1063.6</ele><time>2021-08-21T02:59:33Z</time></trkpt><trkpt lat="36.959908" lon="138.943532"><ele>1063.2</ele><time>2021-08-21T02:59:34Z</time></trkpt><trkpt lat="36.959904" lon="138.943525"><ele>1063.0</ele><time>2021-08-21T02:59:35Z</time></trkpt><trkpt lat="36.959894" lon="138.943533"><ele>1062.8</ele><time>2021-08-21T02:59:36Z</time></trkpt><trkpt lat="36.959877" lon="138.943547"><ele>1062.4</ele><time>2021-08-21T02:59:37Z</time></trkpt><trkpt lat="36.959866" lon="138.943556"><ele>1062.1</ele><time>2021-08-21T02:59:38Z</time></trkpt><trkpt lat="36.959861" lon="138.943548"><ele>1061.9</ele><time>2021-08-21T02:59:39Z</time></trkpt><trkpt lat="36.959846" lon="138.943539"><ele>1061.6</ele><time>2021-08-21T02:59:41Z</time></trkpt><trkpt lat="36.959861" lon="138.943539"><ele>1061.3</ele><time>2021-08-21T02:59:42Z</time></trkpt><trkpt lat="36.959849" lon="138.943544"><ele>1061.1</ele><time>2021-08-21T02:59:43Z</time></trkpt><trkpt lat="36.959841" lon="138.94354"><ele>1060.9</ele><time>2021-08-21T02:59:44Z</time></trkpt><trkpt lat="36.959826" lon="138.943541"><ele>1060.6</ele><time>2021-08-21T02:59:45Z</time></trkpt><trkpt lat="36.959811" lon="138.943536"><ele>1060.3</ele><time>2021-08-21T02:59:46Z</time></trkpt><trkpt lat="36.959811" lon="138.943535"><ele>1060.2</ele><time>2021-08-21T02:59:47Z</time></trkpt><trkpt lat="36.959806" lon="138.943535"><ele>1060.1</ele><time>2021-08-21T02:59:48Z</time></trkpt><trkpt lat="36.959799" lon="138.943553"><ele>1059.8</ele><time>2021-08-21T02:59:49Z</time></trkpt><trkpt lat="36.959805" lon="138.943563"><ele>1059.6</ele><time>2021-08-21T02:59:50Z</time></trkpt><trkpt lat="36.959786" lon="138.943557"><ele>1059.2</ele><time>2021-08-21T02:59:51Z</time></trkpt><trkpt lat="36.959797" lon="138.943567"><ele>1058.9</ele><time>2021-08-21T02:59:52Z</time></trkpt><trkpt lat="36.959795" lon="138.943554"><ele>1058.7</ele><time>2021-08-21T02:59:53Z</time></trkpt><trkpt lat="36.959799" lon="138.943543"><ele>1058.5</ele><time>2021-08-21T02:59:54Z</time></trkpt><trkpt lat="36.959802" lon="138.943553"><ele>1058.4</ele><time>2021-08-21T02:59:55Z</time></trkpt><trkpt lat="36.95982" lon="138.943568"><ele>1057.9</ele><time>2021-08-21T02:59:56Z</time></trkpt><trkpt lat="36.959806" lon="138.943559"><ele>1057.6</ele><time>2021-08-21T02:59:57Z</time></trkpt><trkpt lat="36.959795" lon="138.943545"><ele>1057.3</ele><time>2021-08-21T02:59:58Z</time></trkpt><trkpt lat="36.959797" lon="138.943536"><ele>1057.1</ele><time>2021-08-21T02:59:59Z</time></trkpt><trkpt lat="36.959795" lon="138.943545"><ele>1057.0</ele><time>2021-08-21T03:00:00Z</time></trkpt><trkpt lat="36.959784" lon="138.943536"><ele>1056.7</ele><time>2021-08-21T03:00:01Z</time></trkpt><trkpt lat="36.959767" lon="138.943537"><ele>1056.4</ele><time>2021-08-21T03:00:02Z</time></trkpt><trkpt lat="36.959759" lon="138.943525"><ele>1056.1</ele><time>2021-08-21T03:00:03Z</time></trkpt><trkpt lat="36.959744" lon="138.943526"><ele>1055.8</ele><time>2021-08-21T03:00:04Z</time></trkpt><trkpt lat="36.959732" lon="138.943525"><ele>1055.6</ele><time>2021-08-21T03:00:05Z</time></trkpt><trkpt lat="36.959722" lon="138.943527"><ele>1055.4</ele><time>2021-08-21T03:00:06Z</time></trkpt><trkpt lat="36.959707" lon="138.943527"><ele>1055.1</ele><time>2021-08-21T03:00:07Z</time></trkpt><trkpt lat="36.9597" lon="138.943536"><ele>1054.9</ele><time>2021-08-21T03:00:08Z</time></trkpt><trkpt lat="36.959697" lon="138.943527"><ele>1054.7</ele><time>2021-08-21T03:00:09Z</time></trkpt><trkpt lat="36.959697" lon="138.943534"><ele>1054.6</ele><time>2021-08-21T03:00:10Z</time></trkpt><trkpt lat="36.959701" lon="138.943558"><ele>1054.2</ele><time>2021-08-21T03:00:11Z</time></trkpt><trkpt lat="36.9597" lon="138.943561"><ele>1054.1</ele><time>2021-08-21T03:00:12Z</time></trkpt><trkpt lat="36.959683" lon="138.943565"><ele>1053.8</ele><time>2021-08-21T03:00:13Z</time></trkpt><trkpt lat="36.959689" lon="138.943552"><ele>1053.5</ele><time>2021-08-21T03:00:14Z</time></trkpt><trkpt lat="36.959688" lon="138.94353"><ele>1053.2</ele><time>2021-08-21T03:00:15Z</time></trkpt><trkpt lat="36.959688" lon="138.943524"><ele>1053.1</ele><time>2021-08-21T03:00:16Z</time></trkpt><trkpt lat="36.959686" lon="138.943521"><ele>1053.0</ele><time>2021-08-21T03:00:17Z</time></trkpt><trkpt lat="36.959681" lon="138.943526"><ele>1052.9</ele><time>2021-08-21T03:00:18Z</time></trkpt><trkpt lat="36.959677" lon="138.94354"><ele>1052.6</ele><time>2021-08-21T03:00:19Z</time></trkpt><trkpt lat="36.959665" lon="138.943526"><ele>1052.3</ele><time>2021-08-21T03:00:20Z</time></trkpt><trkpt lat="36.959663" lon="138.943523"><ele>1052.3</ele><time>2021-08-21T03:00:21Z</time></trkpt><trkpt lat="36.959668" lon="138.943513"><ele>1052.1</ele><time>2021-08-21T03:00:22Z</time></trkpt><trkpt lat="36.959677" lon="138.943511"><ele>1051.9</ele><time>2021-08-21T03:00:23Z</time></trkpt><trkpt lat="36.959772" lon="138.943394"><ele>1049.2</ele><time>2021-08-21T03:00:48Z</time></trkpt><trkpt lat="36.959779" lon="138.943378"><ele>1048.9</ele><time>2021-08-21T03:00:49Z</time></trkpt><trkpt lat="36.959786" lon="138.943383"><ele>1048.7</ele><time>2021-08-21T03:00:50Z</time></trkpt><trkpt lat="36.959782" lon="138.943383"><ele>1048.6</ele><time>2021-08-21T03:00:51Z</time></trkpt><trkpt lat="36.959777" lon="138.943379"><ele>1048.5</ele><time>2021-08-21T03:00:52Z</time></trkpt><trkpt lat="36.959782" lon="138.94337"><ele>1048.3</ele><time>2021-08-21T03:00:53Z</time></trkpt><trkpt lat="36.959786" lon="138.943372"><ele>1048.2</ele><time>2021-08-21T03:00:54Z</time></trkpt><trkpt lat="36.959789" lon="138.943363"><ele>1048.1</ele><time>2021-08-21T03:00:55Z</time></trkpt><trkpt lat="36.959796" lon="138.943367"><ele>1047.9</ele><time>2021-08-21T03:00:56Z</time></trkpt><trkpt lat="36.959791" lon="138.943372"><ele>1047.8</ele><time>2021-08-21T03:00:57Z</time></trkpt><trkpt lat="36.959793" lon="138.943366"><ele>1047.7</ele><time>2021-08-21T03:00:58Z</time></trkpt><trkpt lat="36.959799" lon="138.943356"><ele>1047.5</ele><time>2021-08-21T03:00:59Z</time></trkpt><trkpt lat="36.959792" lon="138.943348"><ele>1047.3</ele><time>2021-08-21T03:01:00Z</time></trkpt><trkpt lat="36.959789" lon="138.943344"><ele>1047.2</ele><time>2021-08-21T03:01:01Z</time></trkpt><trkpt lat="36.959786" lon="138.943346"><ele>1047.1</ele><time>2021-08-21T03:01:02Z</time></trkpt><trkpt lat="36.959782" lon="138.943334"><ele>1046.9</ele><time>2021-08-21T03:01:03Z</time></trkpt><trkpt lat="36.95978" lon="138.943336"><ele>1046.9</ele><time>2021-08-21T03:01:04Z</time></trkpt><trkpt lat="36.959786" lon="138.943329"><ele>1046.7</ele><time>2021-08-21T03:01:05Z</time></trkpt><trkpt lat="36.959801" lon="138.943298"><ele>1046.1</ele><time>2021-08-21T03:01:06Z</time></trkpt><trkpt lat="36.959806" lon="138.94329"><ele>1046.0</ele><time>2021-08-21T03:01:07Z</time></trkpt><trkpt lat="36.959809" lon="138.943279"><ele>1045.8</ele><time>2021-08-21T03:01:08Z</time></trkpt><trkpt lat="36.959809" lon="138.943279"><ele>1045.8</ele><time>2021-08-21T03:01:09Z</time></trkpt><trkpt lat="36.959805" lon="138.943258"><ele>1045.4</ele><time>2021-08-21T03:01:10Z</time></trkpt><trkpt lat="36.959799" lon="138.943263"><ele>1045.3</ele><time>2021-08-21T03:01:11Z</time></trkpt><trkpt lat="36.959795" lon="138.943259"><ele>1045.2</ele><time>2021-08-21T03:01:12Z</time></trkpt><trkpt lat="36.959798" lon="138.94326"><ele>1045.1</ele><time>2021-08-21T03:01:13Z</time></trkpt><trkpt lat="36.959802" lon="138.943237"><ele>1044.7</ele><time>2021-08-21T03:01:14Z</time></trkpt><trkpt lat="36.959802" lon="138.943232"><ele>1044.7</ele><time>2021-08-21T03:01:15Z</time></trkpt><trkpt lat="36.959803" lon="138.943216"><ele>1044.4</ele><time>2021-08-21T03:01:16Z</time></trkpt><trkpt lat="36.959806" lon="138.943219"><ele>1044.3</ele><time>2021-08-21T03:01:17Z</time></trkpt><trkpt lat="36.95982" lon="138.943207"><ele>1044.0</ele><time>2021-08-21T03:01:18Z</time></trkpt><trkpt lat="36.959827" lon="138.943199"><ele>1043.8</ele><time>2021-08-21T03:01:19Z</time></trkpt><trkpt lat="36.959824" lon="138.943198"><ele>1043.7</ele><time>2021-08-21T03:01:20Z</time></trkpt><trkpt lat="36.95982" lon="138.943195"><ele>1043.6</ele><time>2021-08-21T03:01:21Z</time></trkpt><trkpt lat="36.959811" lon="138.943193"><ele>1043.4</ele><time>2021-08-21T03:01:22Z</time></trkpt><trkpt lat="36.959806" lon="138.943188"><ele>1043.3</ele><time>2021-08-21T03:01:23Z</time></trkpt><trkpt lat="36.959798" lon="138.94319"><ele>1043.1</ele><time>2021-08-21T03:01:24Z</time></trkpt><trkpt lat="36.959793" lon="138.943193"><ele>1043.0</ele><time>2021-08-21T03:01:25Z</time></trkpt><trkpt lat="36.959787" lon="138.94319"><ele>1042.9</ele><time>2021-08-21T03:01:26Z</time></trkpt><trkpt lat="36.959717" lon="138.943145"><ele>1041.3</ele><time>2021-08-21T03:01:53Z</time></trkpt><trkpt lat="36.959721" lon="138.943148"><ele>1041.2</ele><time>2021-08-21T03:01:54Z</time></trkpt><trkpt lat="36.959721" lon="138.943137"><ele>1041.0</ele><time>2021-08-21T03:01:55Z</time></trkpt><trkpt lat="36.959724" lon="138.943139"><ele>1041.0</ele><time>2021-08-21T03:01:56Z</time></trkpt><trkpt lat="36.959726" lon="138.943141"><ele>1040.9</ele><time>2021-08-21T03:01:57Z</time></trkpt><trkpt lat="36.959723" lon="138.94315"><ele>1040.8</ele><time>2021-08-21T03:01:58Z</time></trkpt><trkpt lat="36.959708" lon="138.943143"><ele>1040.4</ele><time>2021-08-21T03:01:59Z</time></trkpt><trkpt lat="36.959694" lon="138.943155"><ele>1040.1</ele><time>2021-08-21T03:02:00Z</time></trkpt><trkpt lat="36.959686" lon="138.943161"><ele>1039.9</ele><time>2021-08-21T03:02:01Z</time></trkpt><trkpt lat="36.959678" lon="138.94317"><ele>1039.7</ele><time>2021-08-21T03:02:02Z</time></trkpt><trkpt lat="36.959672" lon="138.94317"><ele>1039.6</ele><time>2021-08-21T03:02:03Z</time></trkpt><trkpt lat="36.959667" lon="138.943171"><ele>1039.4</ele><time>2021-08-21T03:02:04Z</time></trkpt><trkpt lat="36.959661" lon="138.943172"><ele>1039.3</ele><time>2021-08-21T03:02:05Z</time></trkpt><trkpt lat="36.959656" lon="138.943173"><ele>1039.2</ele><time>2021-08-21T03:02:06Z</time></trkpt><trkpt lat="36.95965" lon="138.943173"><ele>1039.1</ele><time>2021-08-21T03:02:07Z</time></trkpt><trkpt lat="36.959645" lon="138.943174"><ele>1039.0</ele><time>2021-08-21T03:02:08Z</time></trkpt><trkpt lat="36.959642" lon="138.943184"><ele>1038.8</ele><time>2021-08-21T03:02:09Z</time></trkpt><trkpt lat="36.959638" lon="138.94318"><ele>1038.7</ele><time>2021-08-21T03:02:10Z</time></trkpt><trkpt lat="36.959631" lon="138.943182"><ele>1038.6</ele><time>2021-08-21T03:02:11Z</time></trkpt><trkpt lat="36.959624" lon="138.94318"><ele>1038.4</ele><time>2021-08-21T03:02:12Z</time></trkpt><trkpt lat="36.95962" lon="138.943192"><ele>1038.2</ele><time>2021-08-21T03:02:13Z</time></trkpt><trkpt lat="36.959611" lon="138.943204"><ele>1038.0</ele><time>2021-08-21T03:02:14Z</time></trkpt><trkpt lat="36.959603" lon="138.943201"><ele>1037.8</ele><time>2021-08-21T03:02:15Z</time></trkpt><trkpt lat="36.959596" lon="138.943189"><ele>1037.5</ele><time>2021-08-21T03:02:16Z</time></trkpt><trkpt lat="36.959587" lon="138.943182"><ele>1037.3</ele><time>2021-08-21T03:02:17Z</time></trkpt><trkpt lat="36.959569" lon="138.943195"><ele>1036.9</ele><time>2021-08-21T03:02:18Z</time></trkpt><trkpt lat="36.959559" lon="138.943201"><ele>1036.7</ele><time>2021-08-21T03:02:19Z</time></trkpt><trkpt lat="36.95955" lon="138.943208"><ele>1036.5</ele><time>2021-08-21T03:02:20Z</time></trkpt><trkpt lat="36.959557" lon="138.943207"><ele>1036.3</ele><time>2021-08-21T03:02:21Z</time></trkpt><trkpt lat="36.959556" lon="138.943209"><ele>1036.3</ele><time>2021-08-21T03:02:22Z</time></trkpt><trkpt lat="36.959554" lon="138.943202"><ele>1036.2</ele><time>2021-08-21T03:02:23Z</time></trkpt><trkpt lat="36.959545" lon="138.943195"><ele>1036.0</ele><time>2021-08-21T03:02:24Z</time></trkpt><trkpt lat="36.959544" lon="138.943182"><ele>1035.7</ele><time>2021-08-21T03:02:25Z</time></trkpt><trkpt lat="36.959551" lon="138.943177"><ele>1035.6</ele><time>2021-08-21T03:02:26Z</time></trkpt><trkpt lat="36.959558" lon="138.943177"><ele>1035.4</ele><time>2021-08-21T03:02:27Z</time></trkpt><trkpt lat="36.959562" lon="138.943172"><ele>1035.3</ele><time>2021-08-21T03:02:28Z</time></trkpt><trkpt lat="36.959566" lon="138.943169"><ele>1035.2</ele><time>2021-08-21T03:02:29Z</time></trkpt><trkpt lat="36.959579" lon="138.943137"><ele>1034.6</ele><time>2021-08-21T03:02:30Z</time></trkpt><trkpt lat="36.959581" lon="138.943139"><ele>1034.6</ele><time>2021-08-21T03:02:31Z</time></trkpt><trkpt lat="36.959595" lon="138.943134"><ele>1034.3</ele><time>2021-08-21T03:02:32Z</time></trkpt><trkpt lat="36.9596" lon="138.943141"><ele>1034.1</ele><time>2021-08-21T03:02:33Z</time></trkpt><trkpt lat="36.959604" lon="138.943125"><ele>1033.9</ele><time>2021-08-21T03:02:34Z</time></trkpt><trkpt lat="36.959605" lon="138.943118"><ele>1033.8</ele><time>2021-08-21T03:02:35Z</time></trkpt><trkpt lat="36.959618" lon="138.943108"><ele>1033.4</ele><time>2021-08-21T03:02:36Z</time></trkpt><trkpt lat="36.959626" lon="138.943107"><ele>1033.3</ele><time>2021-08-21T03:02:37Z</time></trkpt><trkpt lat="36.959633" lon="138.943105"><ele>1033.1</ele><time>2021-08-21T03:02:38Z</time></trkpt><trkpt lat="36.959641" lon="138.943104"><ele>1033.0</ele><time>2021-08-21T03:02:39Z</time></trkpt><trkpt lat="36.959649" lon="138.943086"><ele>1032.6</ele><time>2021-08-21T03:02:40Z</time></trkpt><trkpt lat="36.95965" lon="138.943081"><ele>1032.6</ele><time>2021-08-21T03:02:41Z</time></trkpt><trkpt lat="36.959651" lon="138.943077"><ele>1032.5</ele><time>2021-08-21T03:02:42Z</time></trkpt><trkpt lat="36.959652" lon="138.943072"><ele>1032.4</ele><time>2021-08-21T03:02:43Z</time></trkpt><trkpt lat="36.959653" lon="138.943068"><ele>1032.3</ele><time>2021-08-21T03:02:44Z</time></trkpt><trkpt lat="36.959653" lon="138.943063"><ele>1032.3</ele><time>2021-08-21T03:02:45Z</time></trkpt><trkpt lat="36.959654" lon="138.943059"><ele>1032.2</ele><time>2021-08-21T03:02:46Z</time></trkpt><trkpt lat="36.959655" lon="138.943054"><ele>1032.1</ele><time>2021-08-21T03:02:47Z</time></trkpt><trkpt lat="36.959656" lon="138.94305"><ele>1032.0</ele><time>2021-08-21T03:02:48Z</time></trkpt><trkpt lat="36.959657" lon="138.943045"><ele>1032.0</ele><time>2021-08-21T03:02:49Z</time></trkpt><trkpt lat="36.959658" lon="138.943041"><ele>1031.9</ele><time>2021-08-21T03:02:50Z</time></trkpt><trkpt lat="36.959662" lon="138.943031"><ele>1031.7</ele><time>2021-08-21T03:02:51Z</time></trkpt><trkpt lat="36.959662" lon="138.943022"><ele>1031.6</ele><time>2021-08-21T03:02:52Z</time></trkpt><trkpt lat="36.959667" lon="138.943031"><ele>1031.4</ele><time>2021-08-21T03:02:53Z</time></trkpt><trkpt lat="36.959665" lon="138.943019"><ele>1031.2</ele><time>2021-08-21T03:02:54Z</time></trkpt><trkpt lat="36.959659" lon="138.943021"><ele>1031.1</ele><time>2021-08-21T03:02:55Z</time></trkpt><trkpt lat="36.959653" lon="138.943022"><ele>1030.9</ele><time>2021-08-21T03:02:56Z</time></trkpt><trkpt lat="36.959642" lon="138.943023"><ele>1030.7</ele><time>2021-08-21T03:02:57Z</time></trkpt><trkpt lat="36.959634" lon="138.943027"><ele>1030.5</ele><time>2021-08-21T03:02:58Z</time></trkpt><trkpt lat="36.959623" lon="138.943033"><ele>1030.3</ele><time>2021-08-21T03:02:59Z</time></trkpt><trkpt lat="36.959619" lon="138.943037"><ele>1030.2</ele><time>2021-08-21T03:03:00Z</time></trkpt><trkpt lat="36.959589" lon="138.943043"><ele>1029.6</ele><time>2021-08-21T03:03:01Z</time></trkpt><trkpt lat="36.959599" lon="138.943049"><ele>1029.4</ele><time>2021-08-21T03:03:02Z</time></trkpt><trkpt lat="36.959677" lon="138.942674"><ele>1023.1</ele><time>2021-08-21T03:04:26Z</time></trkpt><trkpt lat="36.959682" lon="138.942653"><ele>1022.7</ele><time>2021-08-21T03:04:27Z</time></trkpt><trkpt lat="36.95968" lon="138.942647"><ele>1022.6</ele><time>2021-08-21T03:04:28Z</time></trkpt><trkpt lat="36.95968" lon="138.942642"><ele>1022.5</ele><time>2021-08-21T03:04:29Z</time></trkpt><trkpt lat="36.959678" lon="138.942628"><ele>1022.3</ele><time>2021-08-21T03:04:30Z</time></trkpt><trkpt lat="36.959679" lon="138.942618"><ele>1022.1</ele><time>2021-08-21T03:04:31Z</time></trkpt><trkpt lat="36.959673" lon="138.942618"><ele>1022.0</ele><time>2021-08-21T03:04:32Z</time></trkpt><trkpt lat="36.959669" lon="138.942622"><ele>1021.9</ele><time>2021-08-21T03:04:33Z</time></trkpt><trkpt lat="36.959668" lon="138.942613"><ele>1021.8</ele><time>2021-08-21T03:04:34Z</time></trkpt><trkpt lat="36.959668" lon="138.942601"><ele>1021.6</ele><time>2021-08-21T03:04:35Z</time></trkpt><trkpt lat="36.95967" lon="138.942597"><ele>1021.5</ele><time>2021-08-21T03:04:36Z</time></trkpt><trkpt lat="36.959672" lon="138.942579"><ele>1021.2</ele><time>2021-08-21T03:04:37Z</time></trkpt><trkpt lat="36.959675" lon="138.942567"><ele>1021.0</ele><time>2021-08-21T03:04:38Z</time></trkpt><trkpt lat="36.959681" lon="138.942564"><ele>1020.9</ele><time>2021-08-21T03:04:39Z</time></trkpt><trkpt lat="36.95969" lon="138.94256"><ele>1020.7</ele><time>2021-08-21T03:04:40Z</time></trkpt><trkpt lat="36.959703" lon="138.942481"><ele>1019.4</ele><time>2021-08-21T03:04:50Z</time></trkpt><trkpt lat="36.959704" lon="138.942465"><ele>1019.1</ele><time>2021-08-21T03:04:51Z</time></trkpt><trkpt lat="36.959715" lon="138.942471"><ele>1018.9</ele><time>2021-08-21T03:04:52Z</time></trkpt><trkpt lat="36.95972" lon="138.942472"><ele>1018.8</ele><time>2021-08-21T03:04:53Z</time></trkpt><trkpt lat="36.959724" lon="138.942472"><ele>1018.7</ele><time>2021-08-21T03:04:54Z</time></trkpt><trkpt lat="36.959725" lon="138.942462"><ele>1018.5</ele><time>2021-08-21T03:04:55Z</time></trkpt><trkpt lat="36.959723" lon="138.942453"><ele>1018.4</ele><time>2021-08-21T03:04:56Z</time></trkpt><trkpt lat="36.959723" lon="138.942444"><ele>1018.2</ele><time>2021-08-21T03:04:57Z</time></trkpt><trkpt lat="36.95973" lon="138.942436"><ele>1018.0</ele><time>2021-08-21T03:04:58Z</time></trkpt><trkpt lat="36.959738" lon="138.942421"><ele>1017.7</ele><time>2021-08-21T03:04:59Z</time></trkpt><trkpt lat="36.959736" lon="138.942405"><ele>1017.5</ele><time>2021-08-21T03:05:00Z</time></trkpt><trkpt lat="36.959736" lon="138.94239"><ele>1017.2</ele><time>2021-08-21T03:05:01Z</time></trkpt><trkpt lat="36.959737" lon="138.942376"><ele>1017.0</ele><time>2021-08-21T03:05:02Z</time></trkpt><trkpt lat="36.959737" lon="138.942361"><ele>1016.8</ele><time>2021-08-21T03:05:03Z</time></trkpt><trkpt lat="36.959738" lon="138.94237"><ele>1016.6</ele><time>2021-08-21T03:05:04Z</time></trkpt><trkpt lat="36.959739" lon="138.942363"><ele>1016.5</ele><time>2021-08-21T03:05:05Z</time></trkpt><trkpt lat="36.959741" lon="138.942357"><ele>1016.4</ele><time>2021-08-21T03:05:06Z</time></trkpt><trkpt lat="36.959743" lon="138.94235"><ele>1016.3</ele><time>2021-08-21T03:05:07Z</time></trkpt><trkpt lat="36.959744" lon="138.942343"><ele>1016.2</ele><time>2021-08-21T03:05:08Z</time></trkpt><trkpt lat="36.959746" lon="138.942336"><ele>1016.0</ele><time>2021-08-21T03:05:09Z</time></trkpt><trkpt lat="36.959748" lon="138.94233"><ele>1015.9</ele><time>2021-08-21T03:05:10Z</time></trkpt><trkpt lat="36.959749" lon="138.942323"><ele>1015.8</ele><time>2021-08-21T03:05:11Z</time></trkpt><trkpt lat="36.959751" lon="138.942316"><ele>1015.7</ele><time>2021-08-21T03:05:12Z</time></trkpt><trkpt lat="36.959752" lon="138.942305"><ele>1015.5</ele><time>2021-08-21T03:05:13Z</time></trkpt><trkpt lat="36.959749" lon="138.942291"><ele>1015.3</ele><time>2021-08-21T03:05:14Z</time></trkpt><trkpt lat="36.959751" lon="138.942281"><ele>1015.1</ele><time>2021-08-21T03:05:15Z</time></trkpt><trkpt lat="36.959759" lon="138.942256"><ele>1014.7</ele><time>2021-08-21T03:05:16Z</time></trkpt><trkpt lat="36.959763" lon="138.942279"><ele>1014.3</ele><time>2021-08-21T03:05:17Z</time></trkpt><trkpt lat="36.959773" lon="138.942289"><ele>1014.0</ele><time>2021-08-21T03:05:18Z</time></trkpt><trkpt lat="36.95978" lon="138.942286"><ele>1013.9</ele><time>2021-08-21T03:05:19Z</time></trkpt><trkpt lat="36.959802" lon="138.942263"><ele>1013.3</ele><time>2021-08-21T03:05:20Z</time></trkpt><trkpt lat="36.959808" lon="138.942259"><ele>1013.2</ele><time>2021-08-21T03:05:21Z</time></trkpt><trkpt lat="36.959814" lon="138.942254"><ele>1013.0</ele><time>2021-08-21T03:05:22Z</time></trkpt><trkpt lat="36.959827" lon="138.942258"><ele>1012.7</ele><time>2021-08-21T03:05:23Z</time></trkpt><trkpt lat="36.959843" lon="138.942258"><ele>1012.4</ele><time>2021-08-21T03:05:24Z</time></trkpt><trkpt lat="36.959835" lon="138.942261"><ele>1012.3</ele><time>2021-08-21T03:05:25Z</time></trkpt><trkpt lat="36.959826" lon="138.942266"><ele>1012.1</ele><time>2021-08-21T03:05:26Z</time></trkpt><trkpt lat="36.959811" lon="138.942271"><ele>1011.7</ele><time>2021-08-21T03:05:27Z</time></trkpt><trkpt lat="36.959798" lon="138.942272"><ele>1011.5</ele><time>2021-08-21T03:05:28Z</time></trkpt><trkpt lat="36.959819" lon="138.942259"><ele>1011.0</ele><time>2021-08-21T03:05:29Z</time></trkpt><trkpt lat="36.959828" lon="138.942251"><ele>1010.8</ele><time>2021-08-21T03:05:30Z</time></trkpt><trkpt lat="36.959824" lon="138.942243"><ele>1010.6</ele><time>2021-08-21T03:05:31Z</time></trkpt><trkpt lat="36.959831" lon="138.942236"><ele>1010.4</ele><time>2021-08-21T03:05:32Z</time></trkpt><trkpt lat="36.959842" lon="138.942246"><ele>1010.2</ele><time>2021-08-21T03:05:33Z</time></trkpt><trkpt lat="36.959852" lon="138.942234"><ele>1009.9</ele><time>2021-08-21T03:05:34Z</time></trkpt><trkpt lat="36.959859" lon="138.942228"><ele>1009.7</ele><time>2021-08-21T03:05:35Z</time></trkpt><trkpt lat="36.959853" lon="138.942215"><ele>1009.5</ele><time>2021-08-21T03:05:36Z</time></trkpt><trkpt lat="36.959849" lon="138.942198"><ele>1009.2</ele><time>2021-08-21T03:05:37Z</time></trkpt><trkpt lat="36.959867" lon="138.942189"><ele>1008.8</ele><time>2021-08-21T03:05:38Z</time></trkpt><trkpt lat="36.959882" lon="138.942174"><ele>1008.4</ele><time>2021-08-21T03:05:39Z</time></trkpt><trkpt lat="36.959892" lon="138.942171"><ele>1008.2</ele><time>2021-08-21T03:05:40Z</time></trkpt><trkpt lat="36.959899" lon="138.942156"><ele>1007.9</ele><time>2021-08-21T03:05:41Z</time></trkpt><trkpt lat="36.959896" lon="138.94216"><ele>1007.8</ele><time>2021-08-21T03:05:42Z</time></trkpt><trkpt lat="36.959902" lon="138.94216"><ele>1007.7</ele><time>2021-08-21T03:05:43Z</time></trkpt><trkpt lat="36.959908" lon="138.942158"><ele>1007.6</ele><time>2021-08-21T03:05:44Z</time></trkpt><trkpt lat="36.959907" lon="138.942158"><ele>1007.6</ele><time>2021-08-21T03:05:45Z</time></trkpt><trkpt lat="36.959911" lon="138.94216"><ele>1007.5</ele><time>2021-08-21T03:05:46Z</time></trkpt><trkpt lat="36.959918" lon="138.942163"><ele>1007.3</ele><time>2021-08-21T03:05:47Z</time></trkpt><trkpt lat="36.959918" lon="138.942156"><ele>1007.2</ele><time>2021-08-21T03:05:48Z</time></trkpt><trkpt lat="36.959914" lon="138.942145"><ele>1007.0</ele><time>2021-08-21T03:05:49Z</time></trkpt><trkpt lat="36.959921" lon="138.942124"><ele>1006.6</ele><time>2021-08-21T03:05:50Z</time></trkpt><trkpt lat="36.959923" lon="138.942127"><ele>1006.6</ele><time>2021-08-21T03:05:51Z</time></trkpt><trkpt lat="36.959969" lon="138.942106"><ele>1005.6</ele><time>2021-08-21T03:06:08Z</time></trkpt><trkpt lat="36.95998" lon="138.942121"><ele>1005.3</ele><time>2021-08-21T03:06:09Z</time></trkpt><trkpt lat="36.959979" lon="138.942126"><ele>1005.2</ele><time>2021-08-21T03:06:10Z</time></trkpt><trkpt lat="36.959982" lon="138.942128"><ele>1005.1</ele><time>2021-08-21T03:06:11Z</time></trkpt><trkpt lat="36.959979" lon="138.942113"><ele>1004.8</ele><time>2021-08-21T03:06:12Z</time></trkpt><trkpt lat="36.959977" lon="138.942113"><ele>1004.8</ele><time>2021-08-21T03:06:13Z</time></trkpt><trkpt lat="36.959983" lon="138.942092"><ele>1004.4</ele><time>2021-08-21T03:06:14Z</time></trkpt><trkpt lat="36.959974" lon="138.942065"><ele>1004.0</ele><time>2021-08-21T03:06:15Z</time></trkpt><trkpt lat="36.959983" lon="138.942039"><ele>1003.5</ele><time>2021-08-21T03:06:16Z</time></trkpt><trkpt lat="36.959981" lon="138.942046"><ele>1003.4</ele><time>2021-08-21T03:06:17Z</time></trkpt><trkpt lat="36.959977" lon="138.942031"><ele>1003.1</ele><time>2021-08-21T03:06:18Z</time></trkpt><trkpt lat="36.959964" lon="138.942017"><ele>1002.8</ele><time>2021-08-21T03:06:19Z</time></trkpt><trkpt lat="36.959954" lon="138.942013"><ele>1002.6</ele><time>2021-08-21T03:06:24Z</time></trkpt><trkpt lat="36.959945" lon="138.942008"><ele>1002.4</ele><time>2021-08-21T03:06:25Z</time></trkpt><trkpt lat="36.959935" lon="138.942004"><ele>1002.2</ele><time>2021-08-21T03:06:26Z</time></trkpt><trkpt lat="36.959926" lon="138.942"><ele>1002.0</ele><time>2021-08-21T03:06:27Z</time></trkpt><trkpt lat="36.959916" lon="138.941996"><ele>1001.8</ele><time>2021-08-21T03:06:28Z</time></trkpt><trkpt lat="36.959907" lon="138.941992"><ele>1001.6</ele><time>2021-08-21T03:06:29Z</time></trkpt><trkpt lat="36.959897" lon="138.941987"><ele>1001.3</ele><time>2021-08-21T03:06:30Z</time></trkpt><trkpt lat="36.959888" lon="138.941983"><ele>1001.2</ele><time>2021-08-21T03:06:31Z</time></trkpt><trkpt lat="36.959878" lon="138.941979"><ele>1000.9</ele><time>2021-08-21T03:06:32Z</time></trkpt><trkpt lat="36.95985" lon="138.941974"><ele>1000.4</ele><time>2021-08-21T03:06:33Z</time></trkpt><trkpt lat="36.959825" lon="138.941975"><ele>999.9</ele><time>2021-08-21T03:06:34Z</time></trkpt><trkpt lat="36.959799" lon="138.941975"><ele>999.3</ele><time>2021-08-21T03:06:35Z</time></trkpt><trkpt lat="36.959773" lon="138.941976"><ele>998.8</ele><time>2021-08-21T03:07:08Z</time></trkpt><trkpt lat="36.959747" lon="138.941977"><ele>998.3</ele><time>2021-08-21T03:07:09Z</time></trkpt><trkpt lat="36.959722" lon="138.941978"><ele>997.8</ele><time>2021-08-21T03:07:10Z</time></trkpt><trkpt lat="36.959696" lon="138.941978"><ele>997.2</ele><time>2021-08-21T03:07:11Z</time></trkpt><trkpt lat="36.95967" lon="138.941979"><ele>996.7</ele><time>2021-08-21T03:07:12Z</time></trkpt><trkpt lat="36.959651" lon="138.941978"><ele>996.3</ele><time>2021-08-21T03:07:13Z</time></trkpt><trkpt lat="36.959648" lon="138.941973"><ele>996.2</ele><time>2021-08-21T03:07:14Z</time></trkpt><trkpt lat="36.959644" lon="138.941967"><ele>996.1</ele><time>2021-08-21T03:07:15Z</time></trkpt><trkpt lat="36.959641" lon="138.941962"><ele>996.0</ele><time>2021-08-21T03:07:16Z</time></trkpt><trkpt lat="36.959638" lon="138.941957"><ele>995.9</ele><time>2021-08-21T03:07:17Z</time></trkpt><trkpt lat="36.959632" lon="138.941969"><ele>995.7</ele><time>2021-08-21T03:07:18Z</time></trkpt><trkpt lat="36.959627" lon="138.941974"><ele>995.5</ele><time>2021-08-21T03:07:19Z</time></trkpt><trkpt lat="36.959632" lon="138.941971"><ele>995.4</ele><time>2021-08-21T03:07:20Z</time></trkpt><trkpt lat="36.959632" lon="138.941969"><ele>995.4</ele><time>2021-08-21T03:07:21Z</time></trkpt><trkpt lat="36.959638" lon="138.941973"><ele>995.3</ele><time>2021-08-21T03:07:22Z</time></trkpt><trkpt lat="36.959638" lon="138.94197"><ele>995.2</ele><time>2021-08-21T03:07:23Z</time></trkpt><trkpt lat="36.959633" lon="138.941955"><ele>994.9</ele><time>2021-08-21T03:07:24Z</time></trkpt><trkpt lat="36.959631" lon="138.941945"><ele>994.8</ele><time>2021-08-21T03:07:25Z</time></trkpt><trkpt lat="36.959622" lon="138.94195"><ele>994.6</ele><time>2021-08-21T03:07:26Z</time></trkpt><trkpt lat="36.959613" lon="138.94196"><ele>994.3</ele><time>2021-08-21T03:07:27Z</time></trkpt><trkpt lat="36.959605" lon="138.94197"><ele>994.1</ele><time>2021-08-21T03:07:28Z</time></trkpt><trkpt lat="36.959597" lon="138.941973"><ele>993.9</ele><time>2021-08-21T03:07:29Z</time></trkpt><trkpt lat="36.959587" lon="138.941959"><ele>993.6</ele><time>2021-08-21T03:07:30Z</time></trkpt><trkpt lat="36.959586" lon="138.94195"><ele>993.5</ele><time>2021-08-21T03:07:31Z</time></trkpt><trkpt lat="36.959593" lon="138.941943"><ele>993.3</ele><time>2021-08-21T03:07:32Z</time></trkpt><trkpt lat="36.959605" lon="138.941936"><ele>993.0</ele><time>2021-08-21T03:07:33Z</time></trkpt><trkpt lat="36.959605" lon="138.941942"><ele>992.9</ele><time>2021-08-21T03:07:34Z</time></trkpt><trkpt lat="36.95959" lon="138.941932"><ele>992.6</ele><time>2021-08-21T03:07:35Z</time></trkpt><trkpt lat="36.95958" lon="138.941932"><ele>992.4</ele><time>2021-08-21T03:07:36Z</time></trkpt><trkpt lat="36.959573" lon="138.94194"><ele>992.2</ele><time>2021-08-21T03:07:37Z</time></trkpt><trkpt lat="36.959553" lon="138.941942"><ele>991.8</ele><time>2021-08-21T03:07:38Z</time></trkpt><trkpt lat="36.959543" lon="138.941946"><ele>991.6</ele><time>2021-08-21T03:07:39Z</time></trkpt><trkpt lat="36.959533" lon="138.94195"><ele>991.4</ele><time>2021-08-21T03:07:40Z</time></trkpt><trkpt lat="36.959521" lon="138.941966"><ele>991.0</ele><time>2021-08-21T03:07:41Z</time></trkpt><trkpt lat="36.959512" lon="138.941973"><ele>990.8</ele><time>2021-08-21T03:07:42Z</time></trkpt><trkpt lat="36.959515" lon="138.941969"><ele>990.7</ele><time>2021-08-21T03:07:43Z</time></trkpt><trkpt lat="36.959513" lon="138.941972"><ele>990.6</ele><time>2021-08-21T03:07:44Z</time></trkpt><trkpt lat="36.959504" lon="138.941973"><ele>990.5</ele><time>2021-08-21T03:07:45Z</time></trkpt><trkpt lat="36.959498" lon="138.941981"><ele>990.3</ele><time>2021-08-21T03:07:46Z</time></trkpt><trkpt lat="36.95949" lon="138.941977"><ele>990.1</ele><time>2021-08-21T03:07:47Z</time></trkpt><trkpt lat="36.959489" lon="138.941964"><ele>989.9</ele><time>2021-08-21T03:07:48Z</time></trkpt><trkpt lat="36.959492" lon="138.941962"><ele>989.8</ele><time>2021-08-21T03:07:49Z</time></trkpt><trkpt lat="36.95949" lon="138.941952"><ele>989.7</ele><time>2021-08-21T03:07:50Z</time></trkpt><trkpt lat="36.959494" lon="138.941951"><ele>989.6</ele><time>2021-08-21T03:07:51Z</time></trkpt><trkpt lat="36.959496" lon="138.941954"><ele>989.5</ele><time>2021-08-21T03:07:52Z</time></trkpt><trkpt lat="36.959402" lon="138.941961"><ele>987.6</ele><time>2021-08-21T03:08:06Z</time></trkpt><trkpt lat="36.9594" lon="138.941968"><ele>987.5</ele><time>2021-08-21T03:08:07Z</time></trkpt><trkpt lat="36.959399" lon="138.941961"><ele>987.4</ele><time>2021-08-21T03:08:08Z</time></trkpt><trkpt lat="36.959403" lon="138.941956"><ele>987.3</ele><time>2021-08-21T03:08:09Z</time></trkpt><trkpt lat="36.959398" lon="138.941955"><ele>987.2</ele><time>2021-08-21T03:08:10Z</time></trkpt><trkpt lat="36.959395" lon="138.941936"><ele>986.8</ele><time>2021-08-21T03:08:11Z</time></trkpt><trkpt lat="36.959381" lon="138.941927"><ele>986.5</ele><time>2021-08-21T03:08:12Z</time></trkpt><trkpt lat="36.959377" lon="138.941936"><ele>986.4</ele><time>2021-08-21T03:08:13Z</time></trkpt><trkpt lat="36.959374" lon="138.941931"><ele>986.2</ele><time>2021-08-21T03:08:14Z</time></trkpt><trkpt lat="36.959371" lon="138.941926"><ele>986.1</ele><time>2021-08-21T03:08:15Z</time></trkpt><trkpt lat="36.959368" lon="138.941934"><ele>986.0</ele><time>2021-08-21T03:08:16Z</time></trkpt><trkpt lat="36.959368" lon="138.941957"><ele>985.6</ele><time>2021-08-21T03:08:17Z</time></trkpt><trkpt lat="36.959358" lon="138.941957"><ele>985.4</ele><time>2021-08-21T03:08:18Z</time></trkpt><trkpt lat="36.959354" lon="138.941956"><ele>985.3</ele><time>2021-08-21T03:08:19Z</time></trkpt><trkpt lat="36.959351" lon="138.941964"><ele>985.2</ele><time>2021-08-21T03:08:20Z</time></trkpt><trkpt lat="36.959339" lon="138.941951"><ele>984.9</ele><time>2021-08-21T03:08:21Z</time></trkpt><trkpt lat="36.959331" lon="138.941948"><ele>984.7</ele><time>2021-08-21T03:08:22Z</time></trkpt><trkpt lat="36.959325" lon="138.941953"><ele>984.6</ele><time>2021-08-21T03:08:23Z</time></trkpt><trkpt lat="36.959316" lon="138.94195"><ele>984.4</ele><time>2021-08-21T03:08:24Z</time></trkpt><trkpt lat="36.959313" lon="138.941954"><ele>984.3</ele><time>2021-08-21T03:08:25Z</time></trkpt><trkpt lat="36.959308" lon="138.941958"><ele>984.2</ele><time>2021-08-21T03:08:26Z</time></trkpt><trkpt lat="36.959305" lon="138.941971"><ele>983.9</ele><time>2021-08-21T03:08:27Z</time></trkpt><trkpt lat="36.959293" lon="138.941976"><ele>983.7</ele><time>2021-08-21T03:08:28Z</time></trkpt><trkpt lat="36.959278" lon="138.941993"><ele>983.3</ele><time>2021-08-21T03:08:30Z</time></trkpt><trkpt lat="36.95928" lon="138.941977"><ele>983.0</ele><time>2021-08-21T03:08:31Z</time></trkpt><trkpt lat="36.95927" lon="138.941982"><ele>982.8</ele><time>2021-08-21T03:08:32Z</time></trkpt><trkpt lat="36.959258" lon="138.941986"><ele>982.5</ele><time>2021-08-21T03:08:33Z</time></trkpt><trkpt lat="36.959255" lon="138.941993"><ele>982.4</ele><time>2021-08-21T03:08:34Z</time></trkpt><trkpt lat="36.959252" lon="138.941999"><ele>982.3</ele><time>2021-08-21T03:08:35Z</time></trkpt><trkpt lat="36.959244" lon="138.941996"><ele>982.1</ele><time>2021-08-21T03:08:36Z</time></trkpt><trkpt lat="36.959245" lon="138.94199"><ele>982.0</ele><time>2021-08-21T03:08:37Z</time></trkpt><trkpt lat="36.959236" lon="138.941994"><ele>981.8</ele><time>2021-08-21T03:08:38Z</time></trkpt><trkpt lat="36.959235" lon="138.941983"><ele>981.7</ele><time>2021-08-21T03:08:39Z</time></trkpt><trkpt lat="36.959226" lon="138.941995"><ele>981.4</ele><time>2021-08-21T03:08:40Z</time></trkpt><trkpt lat="36.959216" lon="138.942008"><ele>981.1</ele><time>2021-08-21T03:08:41Z</time></trkpt><trkpt lat="36.959209" lon="138.942009"><ele>980.7</ele><time>2021-08-21T03:08:42Z</time></trkpt><trkpt lat="36.959195" lon="138.941998"><ele>980.3</ele><time>2021-08-21T03:08:43Z</time></trkpt><trkpt lat="36.959186" lon="138.941995"><ele>980.2</ele><time>2021-08-21T03:08:44Z</time></trkpt><trkpt lat="36.959189" lon="138.941991"><ele>980.1</ele><time>2021-08-21T03:08:45Z</time></trkpt><trkpt lat="36.959175" lon="138.941987"><ele>979.8</ele><time>2021-08-21T03:08:46Z</time></trkpt><trkpt lat="36.95918" lon="138.941984"><ele>979.7</ele><time>2021-08-21T03:08:47Z</time></trkpt><trkpt lat="36.959172" lon="138.941981"><ele>979.5</ele><time>2021-08-21T03:08:48Z</time></trkpt><trkpt lat="36.959167" lon="138.941988"><ele>979.4</ele><time>2021-08-21T03:08:49Z</time></trkpt><trkpt lat="36.959167" lon="138.941987"><ele>979.4</ele><time>2021-08-21T03:08:50Z</time></trkpt><trkpt lat="36.959162" lon="138.941987"><ele>979.3</ele><time>2021-08-21T03:08:51Z</time></trkpt><trkpt lat="36.95916" lon="138.941994"><ele>979.1</ele><time>2021-08-21T03:08:52Z</time></trkpt><trkpt lat="36.959148" lon="138.941998"><ele>978.9</ele><time>2021-08-21T03:08:53Z</time></trkpt><trkpt lat="36.959146" lon="138.941995"><ele>978.8</ele><time>2021-08-21T03:08:54Z</time></trkpt><trkpt lat="36.959135" lon="138.941994"><ele>978.6</ele><time>2021-08-21T03:08:55Z</time></trkpt><trkpt lat="36.959127" lon="138.942013"><ele>978.3</ele><time>2021-08-21T03:08:56Z</time></trkpt><trkpt lat="36.959124" lon="138.942021"><ele>978.1</ele><time>2021-08-21T03:08:57Z</time></trkpt><trkpt lat="36.959122" lon="138.942029"><ele>978.0</ele><time>2021-08-21T03:08:58Z</time></trkpt><trkpt lat="36.959119" lon="138.942037"><ele>977.9</ele><time>2021-08-21T03:08:59Z</time></trkpt><trkpt lat="36.959115" lon="138.942028"><ele>977.7</ele><time>2021-08-21T03:09:00Z</time></trkpt><trkpt lat="36.959109" lon="138.942015"><ele>977.5</ele><time>2021-08-21T03:09:01Z</time></trkpt><trkpt lat="36.959097" lon="138.94201"><ele>977.2</ele><time>2021-08-21T03:09:02Z</time></trkpt><trkpt lat="36.959093" lon="138.942014"><ele>977.1</ele><time>2021-08-21T03:09:03Z</time></trkpt><trkpt lat="36.959086" lon="138.942016"><ele>977.0</ele><time>2021-08-21T03:09:04Z</time></trkpt><trkpt lat="36.959089" lon="138.942016"><ele>976.9</ele><time>2021-08-21T03:09:05Z</time></trkpt><trkpt lat="36.959083" lon="138.942019"><ele>976.8</ele><time>2021-08-21T03:09:06Z</time></trkpt><trkpt lat="36.959083" lon="138.942016"><ele>976.8</ele><time>2021-08-21T03:09:07Z</time></trkpt><trkpt lat="36.959086" lon="138.94202"><ele>976.7</ele><time>2021-08-21T03:09:08Z</time></trkpt><trkpt lat="36.959076" lon="138.942005"><ele>976.4</ele><time>2021-08-21T03:09:09Z</time></trkpt><trkpt lat="36.959068" lon="138.942001"><ele>976.2</ele><time>2021-08-21T03:09:10Z</time></trkpt><trkpt lat="36.959057" lon="138.942013"><ele>975.9</ele><time>2021-08-21T03:09:11Z</time></trkpt><trkpt lat="36.959048" lon="138.942022"><ele>975.7</ele><time>2021-08-21T03:09:12Z</time></trkpt><trkpt lat="36.959049" lon="138.942029"><ele>975.6</ele><time>2021-08-21T03:09:14Z</time></trkpt><trkpt lat="36.959064" lon="138.942005"><ele>975.1</ele><time>2021-08-21T03:09:15Z</time></trkpt><trkpt lat="36.959067" lon="138.941993"><ele>974.9</ele><time>2021-08-21T03:09:16Z</time></trkpt><trkpt lat="36.959068" lon="138.941985"><ele>974.8</ele><time>2021-08-21T03:09:17Z</time></trkpt><trkpt lat="36.959069" lon="138.941987"><ele>974.8</ele><time>2021-08-21T03:09:18Z</time></trkpt><trkpt lat="36.959073" lon="138.941994"><ele>974.6</ele><time>2021-08-21T03:09:19Z</time></trkpt><trkpt lat="36.95907" lon="138.941982"><ele>974.4</ele><time>2021-08-21T03:09:20Z</time></trkpt><trkpt lat="36.959066" lon="138.941964"><ele>974.1</ele><time>2021-08-21T03:09:21Z</time></trkpt><trkpt lat="36.959064" lon="138.941978"><ele>973.9</ele><time>2021-08-21T03:09:22Z</time></trkpt><trkpt lat="36.959058" lon="138.941995"><ele>973.6</ele><time>2021-08-21T03:09:23Z</time></trkpt><trkpt lat="36.959132" lon="138.94174"><ele>969.4</ele><time>2021-08-21T03:09:57Z</time></trkpt><trkpt lat="36.959132" lon="138.941727"><ele>969.2</ele><time>2021-08-21T03:09:58Z</time></trkpt><trkpt lat="36.95913" lon="138.941718"><ele>969.0</ele><time>2021-08-21T03:09:59Z</time></trkpt><trkpt lat="36.959135" lon="138.941718"><ele>968.9</ele><time>2021-08-21T03:10:00Z</time></trkpt><trkpt lat="36.959132" lon="138.941708"><ele>968.8</ele><time>2021-08-21T03:10:01Z</time></trkpt><trkpt lat="36.959126" lon="138.94168"><ele>968.3</ele><time>2021-08-21T03:10:02Z</time></trkpt><trkpt lat="36.959125" lon="138.941667"><ele>968.1</ele><time>2021-08-21T03:10:03Z</time></trkpt><trkpt lat="36.959123" lon="138.941655"><ele>967.9</ele><time>2021-08-21T03:10:04Z</time></trkpt><trkpt lat="36.959126" lon="138.941659"><ele>967.8</ele><time>2021-08-21T03:10:05Z</time></trkpt><trkpt lat="36.959135" lon="138.941651"><ele>967.6</ele><time>2021-08-21T03:10:06Z</time></trkpt><trkpt lat="36.959134" lon="138.941644"><ele>967.5</ele><time>2021-08-21T03:10:07Z</time></trkpt><trkpt lat="36.959138" lon="138.941629"><ele>967.3</ele><time>2021-08-21T03:10:08Z</time></trkpt><trkpt lat="36.959146" lon="138.941627"><ele>967.1</ele><time>2021-08-21T03:10:09Z</time></trkpt><trkpt lat="36.959155" lon="138.941615"><ele>966.9</ele><time>2021-08-21T03:10:11Z</time></trkpt><trkpt lat="36.959165" lon="138.941609"><ele>966.6</ele><time>2021-08-21T03:10:12Z</time></trkpt><trkpt lat="36.959163" lon="138.941602"><ele>966.5</ele><time>2021-08-21T03:10:13Z</time></trkpt><trkpt lat="36.959158" lon="138.941588"><ele>966.3</ele><time>2021-08-21T03:10:14Z</time></trkpt><trkpt lat="36.959143" lon="138.941574"><ele>965.9</ele><time>2021-08-21T03:10:15Z</time></trkpt><trkpt lat="36.959135" lon="138.941571"><ele>965.8</ele><time>2021-08-21T03:10:16Z</time></trkpt><trkpt lat="36.959126" lon="138.941568"><ele>965.6</ele><time>2021-08-21T03:10:17Z</time></trkpt><trkpt lat="36.959118" lon="138.941565"><ele>965.4</ele><time>2021-08-21T03:10:18Z</time></trkpt><trkpt lat="36.959097" lon="138.941572"><ele>965.0</ele><time>2021-08-21T03:10:19Z</time></trkpt><trkpt lat="36.959089" lon="138.941568"><ele>964.8</ele><time>2021-08-21T03:10:20Z</time></trkpt><trkpt lat="36.959082" lon="138.941563"><ele>964.7</ele><time>2021-08-21T03:10:21Z</time></trkpt><trkpt lat="36.959073" lon="138.941562"><ele>964.5</ele><time>2021-08-21T03:10:22Z</time></trkpt><trkpt lat="36.959068" lon="138.94157"><ele>964.3</ele><time>2021-08-21T03:10:23Z</time></trkpt><trkpt lat="36.959068" lon="138.941574"><ele>964.3</ele><time>2021-08-21T03:10:24Z</time></trkpt><trkpt lat="36.959057" lon="138.941578"><ele>964.0</ele><time>2021-08-21T03:10:25Z</time></trkpt><trkpt lat="36.959054" lon="138.941567"><ele>963.9</ele><time>2021-08-21T03:10:26Z</time></trkpt><trkpt lat="36.959048" lon="138.94157"><ele>963.7</ele><time>2021-08-21T03:10:27Z</time></trkpt><trkpt lat="36.959044" lon="138.941561"><ele>963.6</ele><time>2021-08-21T03:10:28Z</time></trkpt><trkpt lat="36.959037" lon="138.941557"><ele>963.4</ele><time>2021-08-21T03:10:29Z</time></trkpt><trkpt lat="36.959035" lon="138.941552"><ele>963.3</ele><time>2021-08-21T03:10:30Z</time></trkpt><trkpt lat="36.959039" lon="138.94155"><ele>963.3</ele><time>2021-08-21T03:10:31Z</time></trkpt><trkpt lat="36.959047" lon="138.94154"><ele>963.0</ele><time>2021-08-21T03:10:32Z</time></trkpt><trkpt lat="36.959052" lon="138.941535"><ele>962.9</ele><time>2021-08-21T03:10:33Z</time></trkpt><trkpt lat="36.959051" lon="138.941533"><ele>962.9</ele><time>2021-08-21T03:10:34Z</time></trkpt><trkpt lat="36.959047" lon="138.941537"><ele>962.8</ele><time>2021-08-21T03:10:35Z</time></trkpt><trkpt lat="36.959043" lon="138.941522"><ele>962.5</ele><time>2021-08-21T03:10:36Z</time></trkpt><trkpt lat="36.959054" lon="138.941518"><ele>962.3</ele><time>2021-08-21T03:10:37Z</time></trkpt><trkpt lat="36.959053" lon="138.941502"><ele>962.1</ele><time>2021-08-21T03:10:38Z</time></trkpt><trkpt lat="36.959052" lon="138.941453"><ele>961.3</ele><time>2021-08-21T03:10:44Z</time></trkpt><trkpt lat="36.959059" lon="138.941459"><ele>961.1</ele><time>2021-08-21T03:10:45Z</time></trkpt><trkpt lat="36.959065" lon="138.941456"><ele>961.0</ele><time>2021-08-21T03:10:46Z</time></trkpt><trkpt lat="36.959068" lon="138.94145"><ele>960.9</ele><time>2021-08-21T03:10:47Z</time></trkpt><trkpt lat="36.959077" lon="138.941452"><ele>960.7</ele><time>2021-08-21T03:10:48Z</time></trkpt><trkpt lat="36.959074" lon="138.941432"><ele>960.4</ele><time>2021-08-21T03:10:49Z</time></trkpt><trkpt lat="36.959075" lon="138.94143"><ele>960.4</ele><time>2021-08-21T03:10:50Z</time></trkpt><trkpt lat="36.959075" lon="138.941423"><ele>960.2</ele><time>2021-08-21T03:10:51Z</time></trkpt><trkpt lat="36.959074" lon="138.941417"><ele>960.1</ele><time>2021-08-21T03:10:52Z</time></trkpt><trkpt lat="36.959071" lon="138.941414"><ele>960.1</ele><time>2021-08-21T03:10:53Z</time></trkpt><trkpt lat="36.959067" lon="138.941401"><ele>959.9</ele><time>2021-08-21T03:10:54Z</time></trkpt><trkpt lat="36.959059" lon="138.941388"><ele>959.6</ele><time>2021-08-21T03:10:55Z</time></trkpt><trkpt lat="36.959039" lon="138.941379"><ele>959.2</ele><time>2021-08-21T03:10:56Z</time></trkpt><trkpt lat="36.95903" lon="138.941371"><ele>959.0</ele><time>2021-08-21T03:10:57Z</time></trkpt><trkpt lat="36.959021" lon="138.941364"><ele>958.8</ele><time>2021-08-21T03:10:58Z</time></trkpt><trkpt lat="36.959012" lon="138.941361"><ele>958.6</ele><time>2021-08-21T03:10:59Z</time></trkpt><trkpt lat="36.95901" lon="138.941361"><ele>958.5</ele><time>2021-08-21T03:11:00Z</time></trkpt><trkpt lat="36.959008" lon="138.941358"><ele>958.5</ele><time>2021-08-21T03:11:01Z</time></trkpt><trkpt lat="36.959004" lon="138.941355"><ele>958.4</ele><time>2021-08-21T03:11:02Z</time></trkpt><trkpt lat="36.958998" lon="138.941342"><ele>958.2</ele><time>2021-08-21T03:11:03Z</time></trkpt><trkpt lat="36.958991" lon="138.941339"><ele>958.0</ele><time>2021-08-21T03:11:04Z</time></trkpt><trkpt lat="36.958986" lon="138.941338"><ele>957.9</ele><time>2021-08-21T03:11:05Z</time></trkpt><trkpt lat="36.958987" lon="138.941339"><ele>957.9</ele><time>2021-08-21T03:11:06Z</time></trkpt><trkpt lat="36.958985" lon="138.941332"><ele>957.8</ele><time>2021-08-21T03:11:07Z</time></trkpt><trkpt lat="36.958981" lon="138.941309"><ele>957.4</ele><time>2021-08-21T03:11:08Z</time></trkpt><trkpt lat="36.95898" lon="138.941294"><ele>957.2</ele><time>2021-08-21T03:11:09Z</time></trkpt><trkpt lat="36.958985" lon="138.941308"><ele>956.9</ele><time>2021-08-21T03:11:10Z</time></trkpt><trkpt lat="36.958984" lon="138.941303"><ele>956.9</ele><time>2021-08-21T03:11:11Z</time></trkpt><trkpt lat="36.958978" lon="138.941298"><ele>956.7</ele><time>2021-08-21T03:11:12Z</time></trkpt><trkpt lat="36.958974" lon="138.941279"><ele>956.4</ele><time>2021-08-21T03:11:13Z</time></trkpt><trkpt lat="36.958977" lon="138.941278"><ele>956.3</ele><time>2021-08-21T03:11:14Z</time></trkpt><trkpt lat="36.958986" lon="138.941279"><ele>956.2</ele><time>2021-08-21T03:11:15Z</time></trkpt><trkpt lat="36.958986" lon="138.941285"><ele>956.1</ele><time>2021-08-21T03:11:16Z</time></trkpt><trkpt lat="36.958988" lon="138.941278"><ele>956.0</ele><time>2021-08-21T03:11:17Z</time></trkpt><trkpt lat="36.958991" lon="138.941273"><ele>955.9</ele><time>2021-08-21T03:11:18Z</time></trkpt><trkpt lat="36.958987" lon="138.941259"><ele>955.6</ele><time>2021-08-21T03:11:19Z</time></trkpt><trkpt lat="36.958977" lon="138.941185"><ele>954.5</ele><time>2021-08-21T03:11:29Z</time></trkpt><trkpt lat="36.958971" lon="138.941173"><ele>954.2</ele><time>2021-08-21T03:11:30Z</time></trkpt><trkpt lat="36.958958" lon="138.941166"><ele>954.0</ele><time>2021-08-21T03:11:31Z</time></trkpt><trkpt lat="36.958953" lon="138.941168"><ele>953.9</ele><time>2021-08-21T03:11:32Z</time></trkpt><trkpt lat="36.958945" lon="138.941162"><ele>953.7</ele><time>2021-08-21T03:11:33Z</time></trkpt><trkpt lat="36.958943" lon="138.941156"><ele>953.6</ele><time>2021-08-21T03:11:34Z</time></trkpt><trkpt lat="36.958943" lon="138.941145"><ele>953.4</ele><time>2021-08-21T03:11:35Z</time></trkpt><trkpt lat="36.958945" lon="138.941135"><ele>953.2</ele><time>2021-08-21T03:11:36Z</time></trkpt><trkpt lat="36.95895" lon="138.94115"><ele>953.0</ele><time>2021-08-21T03:11:37Z</time></trkpt><trkpt lat="36.958935" lon="138.941158"><ele>952.7</ele><time>2021-08-21T03:11:38Z</time></trkpt><trkpt lat="36.958927" lon="138.941147"><ele>952.4</ele><time>2021-08-21T03:11:39Z</time></trkpt><trkpt lat="36.958926" lon="138.941136"><ele>952.3</ele><time>2021-08-21T03:11:40Z</time></trkpt><trkpt lat="36.958921" lon="138.941124"><ele>952.1</ele><time>2021-08-21T03:11:41Z</time></trkpt><trkpt lat="36.958928" lon="138.941125"><ele>951.9</ele><time>2021-08-21T03:11:42Z</time></trkpt><trkpt lat="36.958933" lon="138.941134"><ele>951.7</ele><time>2021-08-21T03:11:43Z</time></trkpt><trkpt lat="36.958938" lon="138.941131"><ele>951.6</ele><time>2021-08-21T03:11:44Z</time></trkpt><trkpt lat="36.958938" lon="138.941133"><ele>951.6</ele><time>2021-08-21T03:11:45Z</time></trkpt><trkpt lat="36.958935" lon="138.941124"><ele>951.5</ele><time>2021-08-21T03:11:46Z</time></trkpt><trkpt lat="36.958926" lon="138.941128"><ele>951.3</ele><time>2021-08-21T03:11:47Z</time></trkpt><trkpt lat="36.958915" lon="138.941117"><ele>951.0</ele><time>2021-08-21T03:11:48Z</time></trkpt><trkpt lat="36.958902" lon="138.941107"><ele>950.7</ele><time>2021-08-21T03:11:49Z</time></trkpt><trkpt lat="36.958897" lon="138.941097"><ele>950.5</ele><time>2021-08-21T03:11:50Z</time></trkpt><trkpt lat="36.958887" lon="138.941097"><ele>950.3</ele><time>2021-08-21T03:11:51Z</time></trkpt><trkpt lat="36.958869" lon="138.941108"><ele>949.9</ele><time>2021-08-21T03:11:52Z</time></trkpt><trkpt lat="36.95886" lon="138.941113"><ele>949.7</ele><time>2021-08-21T03:11:53Z</time></trkpt><trkpt lat="36.958851" lon="138.941117"><ele>949.6</ele><time>2021-08-21T03:11:54Z</time></trkpt><trkpt lat="36.958839" lon="138.941116"><ele>949.3</ele><time>2021-08-21T03:11:55Z</time></trkpt><trkpt lat="36.958832" lon="138.94112"><ele>949.2</ele><time>2021-08-21T03:11:56Z</time></trkpt><trkpt lat="36.95882" lon="138.941125"><ele>948.9</ele><time>2021-08-21T03:11:57Z</time></trkpt><trkpt lat="36.95881" lon="138.941132"><ele>948.7</ele><time>2021-08-21T03:11:58Z</time></trkpt><trkpt lat="36.958806" lon="138.941134"><ele>948.6</ele><time>2021-08-21T03:11:59Z</time></trkpt><trkpt lat="36.958802" lon="138.941137"><ele>948.5</ele><time>2021-08-21T03:12:00Z</time></trkpt><trkpt lat="36.958799" lon="138.94114"><ele>948.4</ele><time>2021-08-21T03:12:01Z</time></trkpt><trkpt lat="36.958795" lon="138.941143"><ele>948.4</ele><time>2021-08-21T03:12:02Z</time></trkpt><trkpt lat="36.958791" lon="138.941145"><ele>948.3</ele><time>2021-08-21T03:12:03Z</time></trkpt><trkpt lat="36.958787" lon="138.941148"><ele>948.2</ele><time>2021-08-21T03:12:04Z</time></trkpt><trkpt lat="36.958792" lon="138.941153"><ele>948.1</ele><time>2021-08-21T03:12:05Z</time></trkpt><trkpt lat="36.958779" lon="138.941153"><ele>947.8</ele><time>2021-08-21T03:12:06Z</time></trkpt><trkpt lat="36.958775" lon="138.941163"><ele>947.6</ele><time>2021-08-21T03:12:07Z</time></trkpt><trkpt lat="36.958769" lon="138.941145"><ele>947.3</ele><time>2021-08-21T03:12:08Z</time></trkpt><trkpt lat="36.958767" lon="138.94113"><ele>947.1</ele><time>2021-08-21T03:12:09Z</time></trkpt><trkpt lat="36.958767" lon="138.941131"><ele>947.1</ele><time>2021-08-21T03:12:10Z</time></trkpt><trkpt lat="36.958763" lon="138.941137"><ele>946.9</ele><time>2021-08-21T03:12:11Z</time></trkpt><trkpt lat="36.958758" lon="138.941131"><ele>946.8</ele><time>2021-08-21T03:12:12Z</time></trkpt><trkpt lat="36.958749" lon="138.941131"><ele>946.6</ele><time>2021-08-21T03:12:13Z</time></trkpt><trkpt lat="36.958743" lon="138.941121"><ele>946.4</ele><time>2021-08-21T03:12:14Z</time></trkpt><trkpt lat="36.958739" lon="138.941122"><ele>946.4</ele><time>2021-08-21T03:12:15Z</time></trkpt><trkpt lat="36.958731" lon="138.941123"><ele>946.2</ele><time>2021-08-21T03:12:16Z</time></trkpt><trkpt lat="36.958715" lon="138.941119"><ele>945.9</ele><time>2021-08-21T03:12:17Z</time></trkpt><trkpt lat="36.958712" lon="138.941104"><ele>945.6</ele><time>2021-08-21T03:12:18Z</time></trkpt><trkpt lat="36.958709" lon="138.94109"><ele>945.4</ele><time>2021-08-21T03:12:19Z</time></trkpt><trkpt lat="36.958706" lon="138.941076"><ele>945.2</ele><time>2021-08-21T03:12:20Z</time></trkpt><trkpt lat="36.958703" lon="138.941061"><ele>945.0</ele><time>2021-08-21T03:12:21Z</time></trkpt><trkpt lat="36.958701" lon="138.941047"><ele>944.7</ele><time>2021-08-21T03:12:22Z</time></trkpt><trkpt lat="36.958698" lon="138.941033"><ele>944.5</ele><time>2021-08-21T03:12:23Z</time></trkpt><trkpt lat="36.958695" lon="138.941018"><ele>944.3</ele><time>2021-08-21T03:12:24Z</time></trkpt><trkpt lat="36.958692" lon="138.941004"><ele>944.0</ele><time>2021-08-21T03:12:40Z</time></trkpt><trkpt lat="36.958689" lon="138.94099"><ele>943.8</ele><time>2021-08-21T03:12:41Z</time></trkpt><trkpt lat="36.958686" lon="138.940975"><ele>943.6</ele><time>2021-08-21T03:12:42Z</time></trkpt><trkpt lat="36.958683" lon="138.940961"><ele>943.3</ele><time>2021-08-21T03:12:43Z</time></trkpt><trkpt lat="36.958681" lon="138.940946"><ele>943.1</ele><time>2021-08-21T03:12:44Z</time></trkpt><trkpt lat="36.958687" lon="138.940938"><ele>942.9</ele><time>2021-08-21T03:12:45Z</time></trkpt><trkpt lat="36.958686" lon="138.940936"><ele>942.9</ele><time>2021-08-21T03:12:46Z</time></trkpt><trkpt lat="36.958686" lon="138.940918"><ele>942.6</ele><time>2021-08-21T03:12:47Z</time></trkpt><trkpt lat="36.958686" lon="138.94091"><ele>942.5</ele><time>2021-08-21T03:12:48Z</time></trkpt><trkpt lat="36.958683" lon="138.940904"><ele>942.4</ele><time>2021-08-21T03:12:49Z</time></trkpt><trkpt lat="36.958672" lon="138.940905"><ele>942.2</ele><time>2021-08-21T03:12:50Z</time></trkpt><trkpt lat="36.958661" lon="138.940899"><ele>941.9</ele><time>2021-08-21T03:12:51Z</time></trkpt><trkpt lat="36.958655" lon="138.94089"><ele>941.8</ele><time>2021-08-21T03:12:52Z</time></trkpt><trkpt lat="36.958646" lon="138.940885"><ele>941.6</ele><time>2021-08-21T03:12:53Z</time></trkpt><trkpt lat="36.958644" lon="138.94088"><ele>941.5</ele><time>2021-08-21T03:12:54Z</time></trkpt><trkpt lat="36.958643" lon="138.94087"><ele>941.3</ele><time>2021-08-21T03:12:55Z</time></trkpt><trkpt lat="36.958648" lon="138.94087"><ele>941.2</ele><time>2021-08-21T03:12:56Z</time></trkpt><trkpt lat="36.958648" lon="138.940864"><ele>941.1</ele><time>2021-08-21T03:12:57Z</time></trkpt><trkpt lat="36.958645" lon="138.940853"><ele>940.9</ele><time>2021-08-21T03:12:58Z</time></trkpt><trkpt lat="36.95864" lon="138.94084"><ele>940.7</ele><time>2021-08-21T03:12:59Z</time></trkpt><trkpt lat="36.958637" lon="138.94083"><ele>940.6</ele><time>2021-08-21T03:13:00Z</time></trkpt><trkpt lat="36.958633" lon="138.94083"><ele>940.5</ele><time>2021-08-21T03:13:01Z</time></trkpt><trkpt lat="36.95863" lon="138.940817"><ele>940.3</ele><time>2021-08-21T03:13:02Z</time></trkpt><trkpt lat="36.958626" lon="138.940813"><ele>940.2</ele><time>2021-08-21T03:13:03Z</time></trkpt><trkpt lat="36.95863" lon="138.940809"><ele>940.1</ele><time>2021-08-21T03:13:04Z</time></trkpt><trkpt lat="36.958625" lon="138.940788"><ele>939.7</ele><time>2021-08-21T03:13:05Z</time></trkpt><trkpt lat="36.958618" lon="138.940787"><ele>939.6</ele><time>2021-08-21T03:13:06Z</time></trkpt><trkpt lat="36.958609" lon="138.940773"><ele>939.3</ele><time>2021-08-21T03:13:07Z</time></trkpt><trkpt lat="36.958597" lon="138.940771"><ele>939.1</ele><time>2021-08-21T03:13:08Z</time></trkpt><trkpt lat="36.958588" lon="138.940769"><ele>938.9</ele><time>2021-08-21T03:13:09Z</time></trkpt><trkpt lat="36.958578" lon="138.940762"><ele>938.7</ele><time>2021-08-21T03:13:10Z</time></trkpt><trkpt lat="36.958571" lon="138.940761"><ele>938.5</ele><time>2021-08-21T03:13:11Z</time></trkpt><trkpt lat="36.958564" lon="138.94075"><ele>938.3</ele><time>2021-08-21T03:13:12Z</time></trkpt><trkpt lat="36.958556" lon="138.940748"><ele>938.1</ele><time>2021-08-21T03:13:13Z</time></trkpt><trkpt lat="36.958546" lon="138.940752"><ele>937.9</ele><time>2021-08-21T03:13:14Z</time></trkpt><trkpt lat="36.958538" lon="138.940762"><ele>937.7</ele><time>2021-08-21T03:13:15Z</time></trkpt><trkpt lat="36.958538" lon="138.940769"><ele>937.6</ele><time>2021-08-21T03:13:16Z</time></trkpt><trkpt lat="36.958533" lon="138.94077"><ele>937.5</ele><time>2021-08-21T03:13:17Z</time></trkpt><trkpt lat="36.958516" lon="138.940767"><ele>937.2</ele><time>2021-08-21T03:13:18Z</time></trkpt><trkpt lat="36.958519" lon="138.94076"><ele>937.1</ele><time>2021-08-21T03:13:19Z</time></trkpt><trkpt lat="36.958521" lon="138.940756"><ele>937.0</ele><time>2021-08-21T03:13:20Z</time></trkpt><trkpt lat="36.958521" lon="138.940753"><ele>936.9</ele><time>2021-08-21T03:13:21Z</time></trkpt><trkpt lat="36.958508" lon="138.940746"><ele>936.7</ele><time>2021-08-21T03:13:22Z</time></trkpt><trkpt lat="36.958494" lon="138.940733"><ele>936.3</ele><time>2021-08-21T03:13:23Z</time></trkpt><trkpt lat="36.958489" lon="138.940729"><ele>936.2</ele><time>2021-08-21T03:13:24Z</time></trkpt><trkpt lat="36.958485" lon="138.940724"><ele>936.1</ele><time>2021-08-21T03:13:25Z</time></trkpt><trkpt lat="36.95848" lon="138.94072"><ele>936.0</ele><time>2021-08-21T03:13:26Z</time></trkpt><trkpt lat="36.958476" lon="138.940715"><ele>935.9</ele><time>2021-08-21T03:13:27Z</time></trkpt><trkpt lat="36.958471" lon="138.940711"><ele>935.8</ele><time>2021-08-21T03:13:28Z</time></trkpt><trkpt lat="36.958467" lon="138.940706"><ele>935.6</ele><time>2021-08-21T03:13:29Z</time></trkpt><trkpt lat="36.95846" lon="138.940683"><ele>935.3</ele><time>2021-08-21T03:13:30Z</time></trkpt><trkpt lat="36.958458" lon="138.94067"><ele>935.1</ele><time>2021-08-21T03:13:31Z</time></trkpt><trkpt lat="36.958458" lon="138.94068"><ele>934.9</ele><time>2021-08-21T03:13:32Z</time></trkpt><trkpt lat="36.958445" lon="138.940671"><ele>934.6</ele><time>2021-08-21T03:13:33Z</time></trkpt><trkpt lat="36.958431" lon="138.94067"><ele>934.3</ele><time>2021-08-21T03:13:34Z</time></trkpt><trkpt lat="36.958425" lon="138.940663"><ele>934.2</ele><time>2021-08-21T03:13:35Z</time></trkpt><trkpt lat="36.958417" lon="138.940662"><ele>934.0</ele><time>2021-08-21T03:13:36Z</time></trkpt><trkpt lat="36.958409" lon="138.940661"><ele>933.9</ele><time>2021-08-21T03:13:37Z</time></trkpt><trkpt lat="36.958405" lon="138.940657"><ele>933.8</ele><time>2021-08-21T03:13:38Z</time></trkpt><trkpt lat="36.958397" lon="138.940665"><ele>933.6</ele><time>2021-08-21T03:13:39Z</time></trkpt><trkpt lat="36.958388" lon="138.940666"><ele>933.4</ele><time>2021-08-21T03:13:40Z</time></trkpt><trkpt lat="36.958376" lon="138.940668"><ele>933.1</ele><time>2021-08-21T03:13:41Z</time></trkpt><trkpt lat="36.958369" lon="138.940653"><ele>932.9</ele><time>2021-08-21T03:13:42Z</time></trkpt><trkpt lat="36.958369" lon="138.940652"><ele>932.9</ele><time>2021-08-21T03:13:43Z</time></trkpt><trkpt lat="36.958365" lon="138.940643"><ele>932.7</ele><time>2021-08-21T03:13:44Z</time></trkpt><trkpt lat="36.958362" lon="138.94064"><ele>932.6</ele><time>2021-08-21T03:13:45Z</time></trkpt><trkpt lat="36.958359" lon="138.940639"><ele>932.6</ele><time>2021-08-21T03:13:46Z</time></trkpt><trkpt lat="36.958352" lon="138.940648"><ele>932.4</ele><time>2021-08-21T03:13:47Z</time></trkpt><trkpt lat="36.958344" lon="138.940653"><ele>932.2</ele><time>2021-08-21T03:13:48Z</time></trkpt><trkpt lat="36.958337" lon="138.940658"><ele>932.0</ele><time>2021-08-21T03:13:49Z</time></trkpt><trkpt lat="36.95834" lon="138.940661"><ele>932.0</ele><time>2021-08-21T03:13:50Z</time></trkpt><trkpt lat="36.958339" lon="138.940669"><ele>931.8</ele><time>2021-08-21T03:13:51Z</time></trkpt><trkpt lat="36.958329" lon="138.940664"><ele>931.6</ele><time>2021-08-21T03:13:52Z</time></trkpt><trkpt lat="36.958308" lon="138.940661"><ele>931.2</ele><time>2021-08-21T03:14:01Z</time></trkpt><trkpt lat="36.958287" lon="138.940659"><ele>930.8</ele><time>2021-08-21T03:14:02Z</time></trkpt><trkpt lat="36.958269" lon="138.940647"><ele>930.4</ele><time>2021-08-21T03:14:03Z</time></trkpt><trkpt lat="36.95826" lon="138.940646"><ele>930.2</ele><time>2021-08-21T03:14:04Z</time></trkpt><trkpt lat="36.95825" lon="138.940646"><ele>930.0</ele><time>2021-08-21T03:14:05Z</time></trkpt><trkpt lat="36.958236" lon="138.940653"><ele>929.7</ele><time>2021-08-21T03:14:06Z</time></trkpt><trkpt lat="36.958218" lon="138.940667"><ele>929.3</ele><time>2021-08-21T03:14:07Z</time></trkpt><trkpt lat="36.958218" lon="138.940676"><ele>929.2</ele><time>2021-08-21T03:14:08Z</time></trkpt><trkpt lat="36.958215" lon="138.940665"><ele>929.0</ele><time>2021-08-21T03:14:09Z</time></trkpt><trkpt lat="36.958199" lon="138.940663"><ele>928.7</ele><time>2021-08-21T03:14:10Z</time></trkpt><trkpt lat="36.958189" lon="138.940658"><ele>928.5</ele><time>2021-08-21T03:14:11Z</time></trkpt><trkpt lat="36.958178" lon="138.940657"><ele>928.3</ele><time>2021-08-21T03:14:12Z</time></trkpt><trkpt lat="36.95817" lon="138.940657"><ele>928.1</ele><time>2021-08-21T03:14:13Z</time></trkpt><trkpt lat="36.958158" lon="138.940655"><ele>927.9</ele><time>2021-08-21T03:14:14Z</time></trkpt><trkpt lat="36.958146" lon="138.940648"><ele>927.6</ele><time>2021-08-21T03:14:15Z</time></trkpt><trkpt lat="36.958132" lon="138.940644"><ele>927.3</ele><time>2021-08-21T03:14:16Z</time></trkpt><trkpt lat="36.958129" lon="138.940634"><ele>927.2</ele><time>2021-08-21T03:14:17Z</time></trkpt><trkpt lat="36.958124" lon="138.940632"><ele>927.1</ele><time>2021-08-21T03:14:18Z</time></trkpt><trkpt lat="36.958121" lon="138.940627"><ele>927.0</ele><time>2021-08-21T03:14:19Z</time></trkpt><trkpt lat="36.958114" lon="138.940617"><ele>926.8</ele><time>2021-08-21T03:14:20Z</time></trkpt><trkpt lat="36.958091" lon="138.940596"><ele>926.2</ele><time>2021-08-21T03:14:21Z</time></trkpt><trkpt lat="36.958086" lon="138.94059"><ele>926.1</ele><time>2021-08-21T03:14:23Z</time></trkpt><trkpt lat="36.95808" lon="138.940583"><ele>925.9</ele><time>2021-08-21T03:14:24Z</time></trkpt><trkpt lat="36.958075" lon="138.940577"><ele>925.8</ele><time>2021-08-21T03:14:25Z</time></trkpt><trkpt lat="36.958069" lon="138.94057"><ele>925.6</ele><time>2021-08-21T03:14:26Z</time></trkpt><trkpt lat="36.958064" lon="138.940564"><ele>925.5</ele><time>2021-08-21T03:14:27Z</time></trkpt><trkpt lat="36.958058" lon="138.940557"><ele>925.3</ele><time>2021-08-21T03:14:28Z</time></trkpt><trkpt lat="36.958048" lon="138.940547"><ele>925.1</ele><time>2021-08-21T03:14:29Z</time></trkpt><trkpt lat="36.958045" lon="138.94054"><ele>924.9</ele><time>2021-08-21T03:14:30Z</time></trkpt><trkpt lat="36.958041" lon="138.940533"><ele>924.8</ele><time>2021-08-21T03:14:31Z</time></trkpt><trkpt lat="36.958038" lon="138.940526"><ele>924.7</ele><time>2021-08-21T03:14:32Z</time></trkpt><trkpt lat="36.958035" lon="138.940519"><ele>924.6</ele><time>2021-08-21T03:14:33Z</time></trkpt><trkpt lat="36.958023" lon="138.940518"><ele>924.3</ele><time>2021-08-21T03:14:34Z</time></trkpt><trkpt lat="36.958014" lon="138.940511"><ele>924.1</ele><time>2021-08-21T03:14:35Z</time></trkpt><trkpt lat="36.958006" lon="138.940512"><ele>924.0</ele><time>2021-08-21T03:14:36Z</time></trkpt><trkpt lat="36.958001" lon="138.940511"><ele>923.9</ele><time>2021-08-21T03:14:37Z</time></trkpt><trkpt lat="36.957994" lon="138.940499"><ele>923.6</ele><time>2021-08-21T03:14:38Z</time></trkpt><trkpt lat="36.957983" lon="138.940486"><ele>923.3</ele><time>2021-08-21T03:14:39Z</time></trkpt><trkpt lat="36.957977" lon="138.940494"><ele>923.2</ele><time>2021-08-21T03:14:40Z</time></trkpt><trkpt lat="36.957968" lon="138.940493"><ele>923.0</ele><time>2021-08-21T03:14:41Z</time></trkpt><trkpt lat="36.957959" lon="138.940461"><ele>922.5</ele><time>2021-08-21T03:14:42Z</time></trkpt><trkpt lat="36.957954" lon="138.940454"><ele>922.3</ele><time>2021-08-21T03:14:43Z</time></trkpt><trkpt lat="36.957951" lon="138.940448"><ele>922.2</ele><time>2021-08-21T03:14:44Z</time></trkpt><trkpt lat="36.957939" lon="138.940446"><ele>922.0</ele><time>2021-08-21T03:14:45Z</time></trkpt><trkpt lat="36.957928" lon="138.940437"><ele>921.7</ele><time>2021-08-21T03:14:46Z</time></trkpt><trkpt lat="36.957921" lon="138.940443"><ele>921.5</ele><time>2021-08-21T03:14:47Z</time></trkpt><trkpt lat="36.957912" lon="138.940443"><ele>921.4</ele><time>2021-08-21T03:14:48Z</time></trkpt><trkpt lat="36.957918" lon="138.940446"><ele>921.2</ele><time>2021-08-21T03:14:49Z</time></trkpt><trkpt lat="36.95792" lon="138.940443"><ele>921.2</ele><time>2021-08-21T03:14:50Z</time></trkpt><trkpt lat="36.957919" lon="138.940437"><ele>921.1</ele><time>2021-08-21T03:14:51Z</time></trkpt><trkpt lat="36.957919" lon="138.940435"><ele>921.1</ele><time>2021-08-21T03:14:52Z</time></trkpt><trkpt lat="36.957904" lon="138.940419"><ele>920.7</ele><time>2021-08-21T03:14:53Z</time></trkpt><trkpt lat="36.957886" lon="138.940422"><ele>920.3</ele><time>2021-08-21T03:14:54Z</time></trkpt><trkpt lat="36.957877" lon="138.940411"><ele>920.1</ele><time>2021-08-21T03:14:55Z</time></trkpt><trkpt lat="36.957878" lon="138.94041"><ele>920.0</ele><time>2021-08-21T03:14:56Z</time></trkpt><trkpt lat="36.957879" lon="138.940413"><ele>920.0</ele><time>2021-08-21T03:14:57Z</time></trkpt><trkpt lat="36.957873" lon="138.940408"><ele>919.9</ele><time>2021-08-21T03:14:58Z</time></trkpt><trkpt lat="36.957875" lon="138.940403"><ele>919.8</ele><time>2021-08-21T03:14:59Z</time></trkpt><trkpt lat="36.957877" lon="138.940401"><ele>919.7</ele><time>2021-08-21T03:15:00Z</time></trkpt><trkpt lat="36.95788" lon="138.940394"><ele>919.6</ele><time>2021-08-21T03:15:01Z</time></trkpt><trkpt lat="36.957877" lon="138.940388"><ele>919.5</ele><time>2021-08-21T03:15:02Z</time></trkpt><trkpt lat="36.957863" lon="138.940367"><ele>919.1</ele><time>2021-08-21T03:15:03Z</time></trkpt><trkpt lat="36.957869" lon="138.940358"><ele>918.9</ele><time>2021-08-21T03:15:04Z</time></trkpt><trkpt lat="36.95786" lon="138.940354"><ele>918.7</ele><time>2021-08-21T03:15:05Z</time></trkpt><trkpt lat="36.957852" lon="138.940348"><ele>918.5</ele><time>2021-08-21T03:15:06Z</time></trkpt><trkpt lat="36.95785" lon="138.940346"><ele>918.5</ele><time>2021-08-21T03:15:07Z</time></trkpt><trkpt lat="36.957846" lon="138.940343"><ele>918.4</ele><time>2021-08-21T03:15:08Z</time></trkpt><trkpt lat="36.957838" lon="138.940336"><ele>918.2</ele><time>2021-08-21T03:15:09Z</time></trkpt><trkpt lat="36.957831" lon="138.940335"><ele>918.0</ele><time>2021-08-21T03:15:10Z</time></trkpt><trkpt lat="36.957827" lon="138.94034"><ele>917.9</ele><time>2021-08-21T03:15:11Z</time></trkpt><trkpt lat="36.957821" lon="138.940326"><ele>917.7</ele><time>2021-08-21T03:15:12Z</time></trkpt><trkpt lat="36.957814" lon="138.940317"><ele>917.5</ele><time>2021-08-21T03:15:13Z</time></trkpt><trkpt lat="36.957803" lon="138.940314"><ele>917.3</ele><time>2021-08-21T03:15:14Z</time></trkpt><trkpt lat="36.95779" lon="138.940308"><ele>917.0</ele><time>2021-08-21T03:15:15Z</time></trkpt><trkpt lat="36.957787" lon="138.940307"><ele>916.9</ele><time>2021-08-21T03:15:16Z</time></trkpt><trkpt lat="36.957771" lon="138.940302"><ele>916.6</ele><time>2021-08-21T03:15:17Z</time></trkpt><trkpt lat="36.957768" lon="138.940299"><ele>916.5</ele><time>2021-08-21T03:15:18Z</time></trkpt><trkpt lat="36.957767" lon="138.940295"><ele>916.5</ele><time>2021-08-21T03:15:19Z</time></trkpt><trkpt lat="36.95776" lon="138.940284"><ele>916.3</ele><time>2021-08-21T03:15:20Z</time></trkpt><trkpt lat="36.957758" lon="138.940279"><ele>916.2</ele><time>2021-08-21T03:15:21Z</time></trkpt><trkpt lat="36.957747" lon="138.940275"><ele>915.9</ele><time>2021-08-21T03:15:22Z</time></trkpt><trkpt lat="36.957739" lon="138.940274"><ele>915.8</ele><time>2021-08-21T03:15:23Z</time></trkpt><trkpt lat="36.957739" lon="138.940269"><ele>915.7</ele><time>2021-08-21T03:15:24Z</time></trkpt><trkpt lat="36.957735" lon="138.940271"><ele>915.6</ele><time>2021-08-21T03:15:25Z</time></trkpt><trkpt lat="36.957727" lon="138.940261"><ele>915.4</ele><time>2021-08-21T03:15:26Z</time></trkpt><trkpt lat="36.95772" lon="138.940253"><ele>915.2</ele><time>2021-08-21T03:15:27Z</time></trkpt><trkpt lat="36.957716" lon="138.940248"><ele>915.1</ele><time>2021-08-21T03:15:28Z</time></trkpt><trkpt lat="36.957709" lon="138.940251"><ele>915.0</ele><time>2021-08-21T03:15:29Z</time></trkpt><trkpt lat="36.9577" lon="138.940249"><ele>914.8</ele><time>2021-08-21T03:15:30Z</time></trkpt><trkpt lat="36.957692" lon="138.940251"><ele>914.6</ele><time>2021-08-21T03:15:31Z</time></trkpt><trkpt lat="36.957688" lon="138.940253"><ele>914.5</ele><time>2021-08-21T03:15:32Z</time></trkpt><trkpt lat="36.957671" lon="138.940257"><ele>914.2</ele><time>2021-08-21T03:15:33Z</time></trkpt><trkpt lat="36.957663" lon="138.940254"><ele>914.0</ele><time>2021-08-21T03:15:34Z</time></trkpt><trkpt lat="36.957662" lon="138.94026"><ele>913.9</ele><time>2021-08-21T03:15:35Z</time></trkpt><trkpt lat="36.957651" lon="138.940266"><ele>913.7</ele><time>2021-08-21T03:15:36Z</time></trkpt><trkpt lat="36.957647" lon="138.94027"><ele>913.6</ele><time>2021-08-21T03:15:37Z</time></trkpt><trkpt lat="36.957641" lon="138.940261"><ele>913.4</ele><time>2021-08-21T03:15:38Z</time></trkpt><trkpt lat="36.957633" lon="138.940256"><ele>913.3</ele><time>2021-08-21T03:15:39Z</time></trkpt><trkpt lat="36.95763" lon="138.940235"><ele>912.9</ele><time>2021-08-21T03:15:40Z</time></trkpt><trkpt lat="36.957628" lon="138.94022"><ele>912.7</ele><time>2021-08-21T03:15:41Z</time></trkpt><trkpt lat="36.957625" lon="138.940204"><ele>912.4</ele><time>2021-08-21T03:15:42Z</time></trkpt><trkpt lat="36.957622" lon="138.940189"><ele>912.2</ele><time>2021-08-21T03:15:43Z</time></trkpt><trkpt lat="36.95762" lon="138.940174"><ele>912.0</ele><time>2021-08-21T03:15:53Z</time></trkpt><trkpt lat="36.957617" lon="138.940159"><ele>911.7</ele><time>2021-08-21T03:15:54Z</time></trkpt><trkpt lat="36.957615" lon="138.940144"><ele>911.5</ele><time>2021-08-21T03:15:55Z</time></trkpt><trkpt lat="36.957612" lon="138.940129"><ele>911.2</ele><time>2021-08-21T03:15:56Z</time></trkpt><trkpt lat="36.957609" lon="138.940113"><ele>911.0</ele><time>2021-08-21T03:15:57Z</time></trkpt><trkpt lat="36.957607" lon="138.940098"><ele>910.7</ele><time>2021-08-21T03:15:58Z</time></trkpt><trkpt lat="36.957604" lon="138.940083"><ele>910.5</ele><time>2021-08-21T03:15:59Z</time></trkpt><trkpt lat="36.957592" lon="138.940079"><ele>910.3</ele><time>2021-08-21T03:16:00Z</time></trkpt><trkpt lat="36.95758" lon="138.940056"><ele>909.8</ele><time>2021-08-21T03:16:01Z</time></trkpt><trkpt lat="36.957571" lon="138.94005"><ele>909.6</ele><time>2021-08-21T03:16:02Z</time></trkpt><trkpt lat="36.95756" lon="138.940049"><ele>909.4</ele><time>2021-08-21T03:16:03Z</time></trkpt><trkpt lat="36.957558" lon="138.940021"><ele>909.0</ele><time>2021-08-21T03:16:04Z</time></trkpt><trkpt lat="36.957556" lon="138.940013"><ele>908.8</ele><time>2021-08-21T03:16:05Z</time></trkpt><trkpt lat="36.957554" lon="138.940017"><ele>908.8</ele><time>2021-08-21T03:16:06Z</time></trkpt><trkpt lat="36.957543" lon="138.93999"><ele>908.3</ele><time>2021-08-21T03:16:07Z</time></trkpt><trkpt lat="36.95754" lon="138.939978"><ele>908.1</ele><time>2021-08-21T03:16:08Z</time></trkpt><trkpt lat="36.957535" lon="138.93997"><ele>907.9</ele><time>2021-08-21T03:16:09Z</time></trkpt><trkpt lat="36.95753" lon="138.939959"><ele>907.7</ele><time>2021-08-21T03:16:10Z</time></trkpt><trkpt lat="36.957515" lon="138.939937"><ele>907.3</ele><time>2021-08-21T03:16:11Z</time></trkpt><trkpt lat="36.957506" lon="138.939928"><ele>907.1</ele><time>2021-08-21T03:16:12Z</time></trkpt><trkpt lat="36.957488" lon="138.939914"><ele>906.7</ele><time>2021-08-21T03:16:13Z</time></trkpt><trkpt lat="36.957482" lon="138.939906"><ele>906.5</ele><time>2021-08-21T03:16:14Z</time></trkpt><trkpt lat="36.957476" lon="138.939897"><ele>906.3</ele><time>2021-08-21T03:16:15Z</time></trkpt><trkpt lat="36.95747" lon="138.93989"><ele>906.1</ele><time>2021-08-21T03:16:16Z</time></trkpt><trkpt lat="36.957465" lon="138.939884"><ele>906.0</ele><time>2021-08-21T03:16:17Z</time></trkpt><trkpt lat="36.957459" lon="138.939871"><ele>905.8</ele><time>2021-08-21T03:16:18Z</time></trkpt><trkpt lat="36.957456" lon="138.93986"><ele>905.6</ele><time>2021-08-21T03:16:19Z</time></trkpt><trkpt lat="36.957449" lon="138.939851"><ele>905.4</ele><time>2021-08-21T03:16:20Z</time></trkpt><trkpt lat="36.957439" lon="138.939838"><ele>905.1</ele><time>2021-08-21T03:16:21Z</time></trkpt><trkpt lat="36.957436" lon="138.939838"><ele>905.1</ele><time>2021-08-21T03:16:22Z</time></trkpt><trkpt lat="36.957428" lon="138.939833"><ele>904.9</ele><time>2021-08-21T03:16:23Z</time></trkpt><trkpt lat="36.957422" lon="138.939836"><ele>904.8</ele><time>2021-08-21T03:16:24Z</time></trkpt><trkpt lat="36.957413" lon="138.939846"><ele>904.5</ele><time>2021-08-21T03:16:25Z</time></trkpt><trkpt lat="36.957414" lon="138.939857"><ele>904.3</ele><time>2021-08-21T03:16:26Z</time></trkpt><trkpt lat="36.957417" lon="138.939889"><ele>903.8</ele><time>2021-08-21T03:16:27Z</time></trkpt><trkpt lat="36.957422" lon="138.93988"><ele>903.7</ele><time>2021-08-21T03:16:28Z</time></trkpt><trkpt lat="36.957423" lon="138.939888"><ele>903.5</ele><time>2021-08-21T03:16:29Z</time></trkpt><trkpt lat="36.957423" lon="138.939888"><ele>903.5</ele><time>2021-08-21T03:16:30Z</time></trkpt><trkpt lat="36.957411" lon="138.939907"><ele>903.2</ele><time>2021-08-21T03:16:31Z</time></trkpt><trkpt lat="36.9574" lon="138.939922"><ele>902.9</ele><time>2021-08-21T03:16:32Z</time></trkpt><trkpt lat="36.957404" lon="138.939915"><ele>902.7</ele><time>2021-08-21T03:16:33Z</time></trkpt><trkpt lat="36.957408" lon="138.939921"><ele>902.6</ele><time>2021-08-21T03:16:34Z</time></trkpt><trkpt lat="36.957408" lon="138.939927"><ele>902.5</ele><time>2021-08-21T03:16:35Z</time></trkpt><trkpt lat="36.957409" lon="138.939923"><ele>902.4</ele><time>2021-08-21T03:16:36Z</time></trkpt><trkpt lat="36.957409" lon="138.939923"><ele>902.4</ele><time>2021-08-21T03:16:37Z</time></trkpt><trkpt lat="36.957375" lon="138.939835"><ele>900.9</ele><time>2021-08-21T03:16:56Z</time></trkpt><trkpt lat="36.957367" lon="138.939834"><ele>900.8</ele><time>2021-08-21T03:16:57Z</time></trkpt><trkpt lat="36.957355" lon="138.939827"><ele>900.5</ele><time>2021-08-21T03:16:58Z</time></trkpt><trkpt lat="36.957348" lon="138.939814"><ele>900.3</ele><time>2021-08-21T03:16:59Z</time></trkpt><trkpt lat="36.957338" lon="138.939809"><ele>900.0</ele><time>2021-08-21T03:17:00Z</time></trkpt><trkpt lat="36.957328" lon="138.93981"><ele>899.8</ele><time>2021-08-21T03:17:01Z</time></trkpt><trkpt lat="36.957318" lon="138.939803"><ele>899.6</ele><time>2021-08-21T03:17:02Z</time></trkpt><trkpt lat="36.957315" lon="138.93979"><ele>899.4</ele><time>2021-08-21T03:17:03Z</time></trkpt><trkpt lat="36.957312" lon="138.939777"><ele>899.2</ele><time>2021-08-21T03:17:04Z</time></trkpt><trkpt lat="36.957309" lon="138.939774"><ele>899.1</ele><time>2021-08-21T03:17:05Z</time></trkpt><trkpt lat="36.9573" lon="138.939755"><ele>898.8</ele><time>2021-08-21T03:17:06Z</time></trkpt><trkpt lat="36.957298" lon="138.939753"><ele>898.7</ele><time>2021-08-21T03:17:07Z</time></trkpt><trkpt lat="36.957296" lon="138.939748"><ele>898.6</ele><time>2021-08-21T03:17:08Z</time></trkpt><trkpt lat="36.957287" lon="138.939733"><ele>898.4</ele><time>2021-08-21T03:17:09Z</time></trkpt><trkpt lat="36.957281" lon="138.939728"><ele>898.2</ele><time>2021-08-21T03:17:10Z</time></trkpt><trkpt lat="36.957274" lon="138.939722"><ele>898.0</ele><time>2021-08-21T03:17:11Z</time></trkpt><trkpt lat="36.957268" lon="138.939717"><ele>897.9</ele><time>2021-08-21T03:17:12Z</time></trkpt><trkpt lat="36.957255" lon="138.939698"><ele>897.5</ele><time>2021-08-21T03:17:13Z</time></trkpt><trkpt lat="36.957243" lon="138.939697"><ele>897.3</ele><time>2021-08-21T03:17:14Z</time></trkpt><trkpt lat="36.957238" lon="138.939698"><ele>897.2</ele><time>2021-08-21T03:17:15Z</time></trkpt><trkpt lat="36.957227" lon="138.939687"><ele>896.9</ele><time>2021-08-21T03:17:16Z</time></trkpt><trkpt lat="36.957218" lon="138.939693"><ele>896.7</ele><time>2021-08-21T03:17:17Z</time></trkpt><trkpt lat="36.957209" lon="138.939689"><ele>896.5</ele><time>2021-08-21T03:17:18Z</time></trkpt><trkpt lat="36.957199" lon="138.939677"><ele>896.3</ele><time>2021-08-21T03:17:19Z</time></trkpt><trkpt lat="36.957195" lon="138.939676"><ele>896.2</ele><time>2021-08-21T03:17:20Z</time></trkpt><trkpt lat="36.95719" lon="138.939679"><ele>896.1</ele><time>2021-08-21T03:17:21Z</time></trkpt><trkpt lat="36.957175" lon="138.939679"><ele>895.8</ele><time>2021-08-21T03:17:22Z</time></trkpt><trkpt lat="36.957162" lon="138.939664"><ele>895.4</ele><time>2021-08-21T03:17:23Z</time></trkpt><trkpt lat="36.957159" lon="138.939658"><ele>895.3</ele><time>2021-08-21T03:17:24Z</time></trkpt><trkpt lat="36.957152" lon="138.939658"><ele>895.2</ele><time>2021-08-21T03:17:25Z</time></trkpt><trkpt lat="36.957137" lon="138.939656"><ele>894.9</ele><time>2021-08-21T03:17:26Z</time></trkpt><trkpt lat="36.957125" lon="138.939654"><ele>894.7</ele><time>2021-08-21T03:17:27Z</time></trkpt><trkpt lat="36.957114" lon="138.939656"><ele>894.4</ele><time>2021-08-21T03:17:28Z</time></trkpt><trkpt lat="36.957106" lon="138.939656"><ele>894.3</ele><time>2021-08-21T03:17:29Z</time></trkpt><trkpt lat="36.957097" lon="138.939655"><ele>894.1</ele><time>2021-08-21T03:17:30Z</time></trkpt><trkpt lat="36.957088" lon="138.939655"><ele>893.9</ele><time>2021-08-21T03:17:31Z</time></trkpt><trkpt lat="36.957088" lon="138.939646"><ele>893.8</ele><time>2021-08-21T03:17:32Z</time></trkpt><trkpt lat="36.957085" lon="138.939633"><ele>893.6</ele><time>2021-08-21T03:17:33Z</time></trkpt><trkpt lat="36.957079" lon="138.939621"><ele>893.4</ele><time>2021-08-21T03:17:34Z</time></trkpt><trkpt lat="36.957063" lon="138.939615"><ele>893.0</ele><time>2021-08-21T03:17:35Z</time></trkpt><trkpt lat="36.957057" lon="138.939611"><ele>892.9</ele><time>2021-08-21T03:17:36Z</time></trkpt><trkpt lat="36.95705" lon="138.939608"><ele>892.8</ele><time>2021-08-21T03:17:37Z</time></trkpt><trkpt lat="36.957044" lon="138.939604"><ele>892.6</ele><time>2021-08-21T03:17:38Z</time></trkpt><trkpt lat="36.957035" lon="138.939596"><ele>892.4</ele><time>2021-08-21T03:17:39Z</time></trkpt><trkpt lat="36.957026" lon="138.939598"><ele>892.2</ele><time>2021-08-21T03:17:40Z</time></trkpt><trkpt lat="36.957019" lon="138.939589"><ele>892.0</ele><time>2021-08-21T03:17:41Z</time></trkpt><trkpt lat="36.957012" lon="138.939578"><ele>891.8</ele><time>2021-08-21T03:17:42Z</time></trkpt><trkpt lat="36.957009" lon="138.939581"><ele>891.7</ele><time>2021-08-21T03:17:43Z</time></trkpt><trkpt lat="36.957001" lon="138.939567"><ele>891.5</ele><time>2021-08-21T03:17:44Z</time></trkpt><trkpt lat="36.956995" lon="138.939559"><ele>891.3</ele><time>2021-08-21T03:17:45Z</time></trkpt><trkpt lat="36.956994" lon="138.939549"><ele>891.1</ele><time>2021-08-21T03:17:46Z</time></trkpt><trkpt lat="36.956991" lon="138.939536"><ele>890.9</ele><time>2021-08-21T03:17:47Z</time></trkpt><trkpt lat="36.956982" lon="138.939535"><ele>890.8</ele><time>2021-08-21T03:17:48Z</time></trkpt><trkpt lat="36.956976" lon="138.939531"><ele>890.6</ele><time>2021-08-21T03:17:49Z</time></trkpt><trkpt lat="36.956966" lon="138.939522"><ele>890.4</ele><time>2021-08-21T03:17:50Z</time></trkpt><trkpt lat="36.95696" lon="138.93952"><ele>890.3</ele><time>2021-08-21T03:17:51Z</time></trkpt><trkpt lat="36.956958" lon="138.939518"><ele>890.2</ele><time>2021-08-21T03:17:52Z</time></trkpt><trkpt lat="36.956951" lon="138.939514"><ele>890.1</ele><time>2021-08-21T03:17:53Z</time></trkpt><trkpt lat="36.956938" lon="138.939503"><ele>889.7</ele><time>2021-08-21T03:17:54Z</time></trkpt><trkpt lat="36.956932" lon="138.939497"><ele>889.6</ele><time>2021-08-21T03:17:55Z</time></trkpt><trkpt lat="36.956924" lon="138.93949"><ele>889.4</ele><time>2021-08-21T03:17:56Z</time></trkpt><trkpt lat="36.956917" lon="138.939483"><ele>889.2</ele><time>2021-08-21T03:17:57Z</time></trkpt><trkpt lat="36.956916" lon="138.939479"><ele>889.2</ele><time>2021-08-21T03:17:58Z</time></trkpt><trkpt lat="36.95691" lon="138.939468"><ele>889.0</ele><time>2021-08-21T03:17:59Z</time></trkpt><trkpt lat="36.956908" lon="138.939456"><ele>888.8</ele><time>2021-08-21T03:18:00Z</time></trkpt><trkpt lat="36.956903" lon="138.939444"><ele>888.6</ele><time>2021-08-21T03:18:01Z</time></trkpt><trkpt lat="36.956894" lon="138.939437"><ele>888.4</ele><time>2021-08-21T03:18:02Z</time></trkpt><trkpt lat="36.956883" lon="138.939432"><ele>888.1</ele><time>2021-08-21T03:18:03Z</time></trkpt><trkpt lat="36.956873" lon="138.939435"><ele>887.9</ele><time>2021-08-21T03:18:04Z</time></trkpt><trkpt lat="36.956854" lon="138.93942"><ele>887.5</ele><time>2021-08-21T03:18:05Z</time></trkpt><trkpt lat="36.956835" lon="138.939403"><ele>887.0</ele><time>2021-08-21T03:18:06Z</time></trkpt><trkpt lat="36.956826" lon="138.939396"><ele>886.8</ele><time>2021-08-21T03:18:07Z</time></trkpt><trkpt lat="36.956816" lon="138.93939"><ele>886.6</ele><time>2021-08-21T03:18:08Z</time></trkpt><trkpt lat="36.956804" lon="138.93938"><ele>886.3</ele><time>2021-08-21T03:18:09Z</time></trkpt><trkpt lat="36.956792" lon="138.939372"><ele>886.1</ele><time>2021-08-21T03:18:10Z</time></trkpt><trkpt lat="36.956783" lon="138.939366"><ele>885.9</ele><time>2021-08-21T03:18:11Z</time></trkpt><trkpt lat="36.956772" lon="138.939369"><ele>885.6</ele><time>2021-08-21T03:18:12Z</time></trkpt><trkpt lat="36.956763" lon="138.939354"><ele>885.3</ele><time>2021-08-21T03:18:13Z</time></trkpt><trkpt lat="36.956751" lon="138.939352"><ele>885.1</ele><time>2021-08-21T03:18:14Z</time></trkpt><trkpt lat="36.956732" lon="138.93934"><ele>884.7</ele><time>2021-08-21T03:18:15Z</time></trkpt><trkpt lat="36.956723" lon="138.939344"><ele>884.5</ele><time>2021-08-21T03:18:16Z</time></trkpt><trkpt lat="36.956714" lon="138.939341"><ele>884.3</ele><time>2021-08-21T03:18:17Z</time></trkpt><trkpt lat="36.956701" lon="138.93933"><ele>884.0</ele><time>2021-08-21T03:18:18Z</time></trkpt><trkpt lat="36.956695" lon="138.939324"><ele>883.9</ele><time>2021-08-21T03:18:19Z</time></trkpt><trkpt lat="36.956679" lon="138.939296"><ele>883.3</ele><time>2021-08-21T03:18:20Z</time></trkpt><trkpt lat="36.956672" lon="138.939293"><ele>883.2</ele><time>2021-08-21T03:18:21Z</time></trkpt><trkpt lat="36.956672" lon="138.939287"><ele>883.1</ele><time>2021-08-21T03:18:22Z</time></trkpt><trkpt lat="36.956667" lon="138.93928"><ele>883.0</ele><time>2021-08-21T03:18:23Z</time></trkpt><trkpt lat="36.956659" lon="138.939272"><ele>882.8</ele><time>2021-08-21T03:18:24Z</time></trkpt><trkpt lat="36.956639" lon="138.939262"><ele>882.3</ele><time>2021-08-21T03:18:25Z</time></trkpt><trkpt lat="36.956631" lon="138.939262"><ele>882.2</ele><time>2021-08-21T03:18:26Z</time></trkpt><trkpt lat="36.956623" lon="138.939261"><ele>882.0</ele><time>2021-08-21T03:18:27Z</time></trkpt><trkpt lat="36.956611" lon="138.939272"><ele>881.7</ele><time>2021-08-21T03:18:28Z</time></trkpt><trkpt lat="36.9566" lon="138.939276"><ele>881.5</ele><time>2021-08-21T03:18:29Z</time></trkpt><trkpt lat="36.95659" lon="138.93928"><ele>881.3</ele><time>2021-08-21T03:18:30Z</time></trkpt><trkpt lat="36.95658" lon="138.939288"><ele>881.1</ele><time>2021-08-21T03:18:31Z</time></trkpt><trkpt lat="36.956575" lon="138.939287"><ele>881.0</ele><time>2021-08-21T03:18:32Z</time></trkpt><trkpt lat="36.956565" lon="138.939292"><ele>880.8</ele><time>2021-08-21T03:18:33Z</time></trkpt><trkpt lat="36.956562" lon="138.939295"><ele>880.7</ele><time>2021-08-21T03:18:34Z</time></trkpt><trkpt lat="36.956553" lon="138.939297"><ele>880.5</ele><time>2021-08-21T03:18:35Z</time></trkpt><trkpt lat="36.956548" lon="138.939292"><ele>880.4</ele><time>2021-08-21T03:18:36Z</time></trkpt><trkpt lat="36.956545" lon="138.93928"><ele>880.2</ele><time>2021-08-21T03:18:37Z</time></trkpt><trkpt lat="36.956533" lon="138.939273"><ele>879.9</ele><time>2021-08-21T03:18:38Z</time></trkpt><trkpt lat="36.956525" lon="138.939273"><ele>879.8</ele><time>2021-08-21T03:18:39Z</time></trkpt><trkpt lat="36.956514" lon="138.939265"><ele>879.5</ele><time>2021-08-21T03:18:40Z</time></trkpt><trkpt lat="36.956504" lon="138.939261"><ele>879.4</ele><time>2021-08-21T03:18:41Z</time></trkpt><trkpt lat="36.956498" lon="138.939263"><ele>879.3</ele><time>2021-08-21T03:18:42Z</time></trkpt><trkpt lat="36.956487" lon="138.939268"><ele>879.2</ele><time>2021-08-21T03:18:43Z</time></trkpt><trkpt lat="36.95648" lon="138.939262"><ele>879.0</ele><time>2021-08-21T03:18:44Z</time></trkpt><trkpt lat="36.956475" lon="138.939267"><ele>879.0</ele><time>2021-08-21T03:18:45Z</time></trkpt><trkpt lat="36.95645" lon="138.939253"><ele>878.4</ele><time>2021-08-21T03:18:46Z</time></trkpt><trkpt lat="36.95644" lon="138.939252"><ele>878.2</ele><time>2021-08-21T03:18:47Z</time></trkpt><trkpt lat="36.956416" lon="138.93925"><ele>877.9</ele><time>2021-08-21T03:18:48Z</time></trkpt><trkpt lat="36.956408" lon="138.939258"><ele>877.7</ele><time>2021-08-21T03:18:49Z</time></trkpt><trkpt lat="36.956397" lon="138.939261"><ele>877.6</ele><time>2021-08-21T03:18:50Z</time></trkpt><trkpt lat="36.956388" lon="138.939255"><ele>877.4</ele><time>2021-08-21T03:18:51Z</time></trkpt><trkpt lat="36.956378" lon="138.93925"><ele>877.1</ele><time>2021-08-21T03:18:52Z</time></trkpt><trkpt lat="36.956369" lon="138.939245"><ele>877.1</ele><time>2021-08-21T03:18:53Z</time></trkpt><trkpt lat="36.956351" lon="138.939236"><ele>876.7</ele><time>2021-08-21T03:18:54Z</time></trkpt><trkpt lat="36.956342" lon="138.939232"><ele>876.6</ele><time>2021-08-21T03:18:55Z</time></trkpt><trkpt lat="36.956334" lon="138.939229"><ele>876.4</ele><time>2021-08-21T03:18:56Z</time></trkpt><trkpt lat="36.956323" lon="138.939216"><ele>876.1</ele><time>2021-08-21T03:18:57Z</time></trkpt><trkpt lat="36.956318" lon="138.939211"><ele>876.1</ele><time>2021-08-21T03:18:58Z</time></trkpt><trkpt lat="36.956314" lon="138.939205"><ele>876.0</ele><time>2021-08-21T03:18:59Z</time></trkpt><trkpt lat="36.956309" lon="138.9392"><ele>875.9</ele><time>2021-08-21T03:19:00Z</time></trkpt><trkpt lat="36.956304" lon="138.939194"><ele>875.8</ele><time>2021-08-21T03:19:01Z</time></trkpt><trkpt lat="36.956283" lon="138.939166"><ele>875.2</ele><time>2021-08-21T03:19:02Z</time></trkpt><trkpt lat="36.956276" lon="138.93915"><ele>875.0</ele><time>2021-08-21T03:19:03Z</time></trkpt><trkpt lat="36.956256" lon="138.939138"><ele>874.6</ele><time>2021-08-21T03:19:04Z</time></trkpt><trkpt lat="36.95625" lon="138.93913"><ele>874.4</ele><time>2021-08-21T03:19:05Z</time></trkpt><trkpt lat="36.956243" lon="138.939123"><ele>874.4</ele><time>2021-08-21T03:19:06Z</time></trkpt><trkpt lat="36.956224" lon="138.939128"><ele>874.0</ele><time>2021-08-21T03:19:07Z</time></trkpt><trkpt lat="36.956214" lon="138.939126"><ele>873.8</ele><time>2021-08-21T03:19:08Z</time></trkpt><trkpt lat="36.956204" lon="138.939124"><ele>873.7</ele><time>2021-08-21T03:19:09Z</time></trkpt><trkpt lat="36.956186" lon="138.939119"><ele>873.3</ele><time>2021-08-21T03:19:10Z</time></trkpt><trkpt lat="36.95618" lon="138.939117"><ele>873.2</ele><time>2021-08-21T03:19:11Z</time></trkpt><trkpt lat="36.956173" lon="138.939116"><ele>873.2</ele><time>2021-08-21T03:19:12Z</time></trkpt><trkpt lat="36.956166" lon="138.939114"><ele>873.0</ele><time>2021-08-21T03:19:13Z</time></trkpt><trkpt lat="36.956164" lon="138.939096"><ele>872.8</ele><time>2021-08-21T03:19:14Z</time></trkpt><trkpt lat="36.956161" lon="138.939088"><ele>872.7</ele><time>2021-08-21T03:19:15Z</time></trkpt><trkpt lat="36.956156" lon="138.93909"><ele>872.6</ele><time>2021-08-21T03:19:16Z</time></trkpt><trkpt lat="36.956145" lon="138.939079"><ele>872.3</ele><time>2021-08-21T03:19:17Z</time></trkpt><trkpt lat="36.956133" lon="138.939068"><ele>872.1</ele><time>2021-08-21T03:19:18Z</time></trkpt><trkpt lat="36.956124" lon="138.939069"><ele>872.0</ele><time>2021-08-21T03:19:19Z</time></trkpt><trkpt lat="36.956114" lon="138.939063"><ele>871.8</ele><time>2021-08-21T03:19:20Z</time></trkpt><trkpt lat="36.956105" lon="138.939065"><ele>871.7</ele><time>2021-08-21T03:19:21Z</time></trkpt><trkpt lat="36.956101" lon="138.939067"><ele>871.6</ele><time>2021-08-21T03:19:22Z</time></trkpt><trkpt lat="36.956092" lon="138.939064"><ele>871.5</ele><time>2021-08-21T03:19:23Z</time></trkpt><trkpt lat="36.956081" lon="138.939061"><ele>871.3</ele><time>2021-08-21T03:19:24Z</time></trkpt><trkpt lat="36.956074" lon="138.93906"><ele>871.2</ele><time>2021-08-21T03:19:25Z</time></trkpt><trkpt lat="36.956059" lon="138.939051"><ele>870.8</ele><time>2021-08-21T03:19:26Z</time></trkpt><trkpt lat="36.956047" lon="138.93905"><ele>870.7</ele><time>2021-08-21T03:19:27Z</time></trkpt><trkpt lat="36.956041" lon="138.939052"><ele>870.6</ele><time>2021-08-21T03:19:28Z</time></trkpt><trkpt lat="36.956038" lon="138.939065"><ele>870.4</ele><time>2021-08-21T03:19:29Z</time></trkpt><trkpt lat="36.956035" lon="138.939084"><ele>870.1</ele><time>2021-08-21T03:19:30Z</time></trkpt><trkpt lat="36.956037" lon="138.939112"><ele>869.7</ele><time>2021-08-21T03:19:31Z</time></trkpt><trkpt lat="36.956036" lon="138.939123"><ele>869.6</ele><time>2021-08-21T03:19:32Z</time></trkpt><trkpt lat="36.956035" lon="138.939134"><ele>869.4</ele><time>2021-08-21T03:19:33Z</time></trkpt><trkpt lat="36.956026" lon="138.939135"><ele>869.3</ele><time>2021-08-21T03:19:34Z</time></trkpt><trkpt lat="36.956019" lon="138.939134"><ele>869.2</ele><time>2021-08-21T03:19:35Z</time></trkpt><trkpt lat="36.956013" lon="138.939132"><ele>869.1</ele><time>2021-08-21T03:19:36Z</time></trkpt><trkpt lat="36.956006" lon="138.93913"><ele>869.0</ele><time>2021-08-21T03:19:37Z</time></trkpt><trkpt lat="36.955999" lon="138.939129"><ele>868.9</ele><time>2021-08-21T03:19:38Z</time></trkpt><trkpt lat="36.955992" lon="138.939127"><ele>868.8</ele><time>2021-08-21T03:19:39Z</time></trkpt><trkpt lat="36.955979" lon="138.939116"><ele>868.5</ele><time>2021-08-21T03:19:40Z</time></trkpt><trkpt lat="36.955974" lon="138.939112"><ele>868.4</ele><time>2021-08-21T03:19:41Z</time></trkpt><trkpt lat="36.955965" lon="138.939101"><ele>868.2</ele><time>2021-08-21T03:19:42Z</time></trkpt><trkpt lat="36.955954" lon="138.939094"><ele>867.9</ele><time>2021-08-21T03:19:43Z</time></trkpt><trkpt lat="36.955933" lon="138.939082"><ele>867.6</ele><time>2021-08-21T03:19:44Z</time></trkpt><trkpt lat="36.955916" lon="138.939087"><ele>867.2</ele><time>2021-08-21T03:19:45Z</time></trkpt><trkpt lat="36.955909" lon="138.939085"><ele>867.1</ele><time>2021-08-21T03:19:46Z</time></trkpt><trkpt lat="36.955901" lon="138.939084"><ele>867.0</ele><time>2021-08-21T03:19:47Z</time></trkpt><trkpt lat="36.955894" lon="138.939082"><ele>866.8</ele><time>2021-08-21T03:19:48Z</time></trkpt><trkpt lat="36.955885" lon="138.939074"><ele>866.7</ele><time>2021-08-21T03:19:49Z</time></trkpt><trkpt lat="36.955878" lon="138.939067"><ele>866.5</ele><time>2021-08-21T03:19:50Z</time></trkpt><trkpt lat="36.955877" lon="138.939072"><ele>866.4</ele><time>2021-08-21T03:19:51Z</time></trkpt><trkpt lat="36.955872" lon="138.939088"><ele>866.3</ele><time>2021-08-21T03:19:52Z</time></trkpt><trkpt lat="36.95587" lon="138.939089"><ele>866.2</ele><time>2021-08-21T03:19:53Z</time></trkpt><trkpt lat="36.955871" lon="138.939093"><ele>866.2</ele><time>2021-08-21T03:19:54Z</time></trkpt><trkpt lat="36.95587" lon="138.939099"><ele>866.1</ele><time>2021-08-21T03:19:55Z</time></trkpt><trkpt lat="36.955872" lon="138.939101"><ele>866.1</ele><time>2021-08-21T03:19:56Z</time></trkpt><trkpt lat="36.95587" lon="138.939106"><ele>866.1</ele><time>2021-08-21T03:19:57Z</time></trkpt><trkpt lat="36.955869" lon="138.93911"><ele>866.0</ele><time>2021-08-21T03:19:58Z</time></trkpt><trkpt lat="36.955866" lon="138.939107"><ele>865.9</ele><time>2021-08-21T03:19:59Z</time></trkpt><trkpt lat="36.955891" lon="138.939114"><ele>865.5</ele><time>2021-08-21T03:20:13Z</time></trkpt><trkpt lat="36.95589" lon="138.939112"><ele>865.5</ele><time>2021-08-21T03:20:14Z</time></trkpt><trkpt lat="36.955866" lon="138.939096"><ele>864.9</ele><time>2021-08-21T03:20:15Z</time></trkpt><trkpt lat="36.955868" lon="138.939071"><ele>864.6</ele><time>2021-08-21T03:20:16Z</time></trkpt><trkpt lat="36.95586" lon="138.939061"><ele>864.4</ele><time>2021-08-21T03:20:17Z</time></trkpt><trkpt lat="36.955865" lon="138.93907"><ele>864.2</ele><time>2021-08-21T03:20:18Z</time></trkpt><trkpt lat="36.955868" lon="138.939076"><ele>864.2</ele><time>2021-08-21T03:20:19Z</time></trkpt><trkpt lat="36.955868" lon="138.939084"><ele>864.0</ele><time>2021-08-21T03:20:20Z</time></trkpt><trkpt lat="36.955868" lon="138.939085"><ele>864.0</ele><time>2021-08-21T03:20:21Z</time></trkpt><trkpt lat="36.955874" lon="138.939089"><ele>864.0</ele><time>2021-08-21T03:20:22Z</time></trkpt><trkpt lat="36.955875" lon="138.939096"><ele>863.9</ele><time>2021-08-21T03:20:23Z</time></trkpt><trkpt lat="36.955876" lon="138.939096"><ele>863.9</ele><time>2021-08-21T03:20:24Z</time></trkpt><trkpt lat="36.955878" lon="138.939093"><ele>863.9</ele><time>2021-08-21T03:20:25Z</time></trkpt><trkpt lat="36.955885" lon="138.939093"><ele>863.7</ele><time>2021-08-21T03:20:26Z</time></trkpt><trkpt lat="36.955885" lon="138.939108"><ele>863.5</ele><time>2021-08-21T03:20:27Z</time></trkpt><trkpt lat="36.955847" lon="138.939088"><ele>862.7</ele><time>2021-08-21T03:20:39Z</time></trkpt><trkpt lat="36.955839" lon="138.939074"><ele>862.5</ele><time>2021-08-21T03:20:40Z</time></trkpt><trkpt lat="36.955832" lon="138.93907"><ele>862.3</ele><time>2021-08-21T03:20:41Z</time></trkpt><trkpt lat="36.95582" lon="138.93906"><ele>862.1</ele><time>2021-08-21T03:20:42Z</time></trkpt><trkpt lat="36.955809" lon="138.939053"><ele>861.9</ele><time>2021-08-21T03:20:43Z</time></trkpt><trkpt lat="36.955793" lon="138.939047"><ele>861.5</ele><time>2021-08-21T03:20:44Z</time></trkpt><trkpt lat="36.955782" lon="138.939044"><ele>861.3</ele><time>2021-08-21T03:20:45Z</time></trkpt><trkpt lat="36.955769" lon="138.939042"><ele>861.0</ele><time>2021-08-21T03:20:46Z</time></trkpt><trkpt lat="36.955765" lon="138.939049"><ele>860.9</ele><time>2021-08-21T03:20:47Z</time></trkpt><trkpt lat="36.955758" lon="138.939042"><ele>860.7</ele><time>2021-08-21T03:20:48Z</time></trkpt><trkpt lat="36.955753" lon="138.939032"><ele>860.5</ele><time>2021-08-21T03:20:49Z</time></trkpt><trkpt lat="36.95575" lon="138.939028"><ele>860.4</ele><time>2021-08-21T03:20:50Z</time></trkpt><trkpt lat="36.955741" lon="138.93902"><ele>860.2</ele><time>2021-08-21T03:20:51Z</time></trkpt><trkpt lat="36.95573" lon="138.939003"><ele>859.8</ele><time>2021-08-21T03:20:52Z</time></trkpt><trkpt lat="36.955725" lon="138.939013"><ele>859.6</ele><time>2021-08-21T03:20:53Z</time></trkpt><trkpt lat="36.955721" lon="138.939026"><ele>859.4</ele><time>2021-08-21T03:20:54Z</time></trkpt><trkpt lat="36.955713" lon="138.939022"><ele>859.2</ele><time>2021-08-21T03:20:55Z</time></trkpt><trkpt lat="36.955713" lon="138.939022"><ele>859.2</ele><time>2021-08-21T03:20:56Z</time></trkpt><trkpt lat="36.955708" lon="138.939023"><ele>859.1</ele><time>2021-08-21T03:20:57Z</time></trkpt><trkpt lat="36.955702" lon="138.939027"><ele>859.0</ele><time>2021-08-21T03:20:58Z</time></trkpt><trkpt lat="36.955695" lon="138.939034"><ele>858.8</ele><time>2021-08-21T03:20:59Z</time></trkpt><trkpt lat="36.955683" lon="138.939017"><ele>858.4</ele><time>2021-08-21T03:21:00Z</time></trkpt><trkpt lat="36.955679" lon="138.939013"><ele>858.3</ele><time>2021-08-21T03:21:01Z</time></trkpt><trkpt lat="36.955671" lon="138.939004"><ele>858.1</ele><time>2021-08-21T03:21:02Z</time></trkpt><trkpt lat="36.955666" lon="138.938997"><ele>857.9</ele><time>2021-08-21T03:21:03Z</time></trkpt><trkpt lat="36.955658" lon="138.938991"><ele>857.7</ele><time>2021-08-21T03:21:04Z</time></trkpt><trkpt lat="36.955654" lon="138.938988"><ele>857.6</ele><time>2021-08-21T03:21:05Z</time></trkpt><trkpt lat="36.955642" lon="138.938992"><ele>857.4</ele><time>2021-08-21T03:21:06Z</time></trkpt><trkpt lat="36.95563" lon="138.938994"><ele>857.1</ele><time>2021-08-21T03:21:07Z</time></trkpt><trkpt lat="36.955617" lon="138.938992"><ele>856.9</ele><time>2021-08-21T03:21:08Z</time></trkpt><trkpt lat="36.955606" lon="138.938996"><ele>856.6</ele><time>2021-08-21T03:21:09Z</time></trkpt><trkpt lat="36.955589" lon="138.939005"><ele>856.2</ele><time>2021-08-21T03:21:10Z</time></trkpt><trkpt lat="36.955583" lon="138.939011"><ele>856.1</ele><time>2021-08-21T03:21:11Z</time></trkpt><trkpt lat="36.955578" lon="138.939016"><ele>856.0</ele><time>2021-08-21T03:21:12Z</time></trkpt><trkpt lat="36.955572" lon="138.939022"><ele>855.8</ele><time>2021-08-21T03:21:13Z</time></trkpt><trkpt lat="36.955559" lon="138.939017"><ele>855.5</ele><time>2021-08-21T03:21:14Z</time></trkpt><trkpt lat="36.955553" lon="138.939012"><ele>855.4</ele><time>2021-08-21T03:21:15Z</time></trkpt><trkpt lat="36.95554" lon="138.939016"><ele>855.1</ele><time>2021-08-21T03:21:16Z</time></trkpt><trkpt lat="36.955517" lon="138.939012"><ele>854.6</ele><time>2021-08-21T03:21:17Z</time></trkpt><trkpt lat="36.955506" lon="138.939022"><ele>854.3</ele><time>2021-08-21T03:21:18Z</time></trkpt><trkpt lat="36.955493" lon="138.939021"><ele>854.1</ele><time>2021-08-21T03:21:19Z</time></trkpt><trkpt lat="36.955482" lon="138.939015"><ele>853.8</ele><time>2021-08-21T03:21:20Z</time></trkpt><trkpt lat="36.95547" lon="138.93901"><ele>853.6</ele><time>2021-08-21T03:21:21Z</time></trkpt><trkpt lat="36.955457" lon="138.939005"><ele>853.3</ele><time>2021-08-21T03:21:22Z</time></trkpt><trkpt lat="36.955449" lon="138.939007"><ele>853.1</ele><time>2021-08-21T03:21:23Z</time></trkpt><trkpt lat="36.955436" lon="138.939011"><ele>852.8</ele><time>2021-08-21T03:21:24Z</time></trkpt><trkpt lat="36.955425" lon="138.939007"><ele>852.6</ele><time>2021-08-21T03:21:25Z</time></trkpt><trkpt lat="36.955416" lon="138.938995"><ele>852.3</ele><time>2021-08-21T03:21:26Z</time></trkpt><trkpt lat="36.955408" lon="138.938994"><ele>852.2</ele><time>2021-08-21T03:21:27Z</time></trkpt><trkpt lat="36.955403" lon="138.938993"><ele>852.1</ele><time>2021-08-21T03:21:28Z</time></trkpt><trkpt lat="36.955404" lon="138.938995"><ele>852.0</ele><time>2021-08-21T03:21:29Z</time></trkpt><trkpt lat="36.955392" lon="138.938993"><ele>851.8</ele><time>2021-08-21T03:21:30Z</time></trkpt><trkpt lat="36.955379" lon="138.938987"><ele>851.5</ele><time>2021-08-21T03:21:31Z</time></trkpt><trkpt lat="36.955371" lon="138.938991"><ele>851.3</ele><time>2021-08-21T03:21:32Z</time></trkpt><trkpt lat="36.955371" lon="138.938999"><ele>851.2</ele><time>2021-08-21T03:21:33Z</time></trkpt><trkpt lat="36.955365" lon="138.939"><ele>851.1</ele><time>2021-08-21T03:21:34Z</time></trkpt><trkpt lat="36.955353" lon="138.939007"><ele>850.8</ele><time>2021-08-21T03:21:35Z</time></trkpt><trkpt lat="36.955331" lon="138.939004"><ele>850.3</ele><time>2021-08-21T03:21:36Z</time></trkpt><trkpt lat="36.955317" lon="138.939004"><ele>850.0</ele><time>2021-08-21T03:21:37Z</time></trkpt><trkpt lat="36.95531" lon="138.939004"><ele>849.9</ele><time>2021-08-21T03:21:38Z</time></trkpt><trkpt lat="36.955306" lon="138.939004"><ele>849.8</ele><time>2021-08-21T03:21:39Z</time></trkpt><trkpt lat="36.955301" lon="138.939009"><ele>849.7</ele><time>2021-08-21T03:21:40Z</time></trkpt><trkpt lat="36.955292" lon="138.939014"><ele>849.5</ele><time>2021-08-21T03:21:41Z</time></trkpt><trkpt lat="36.955291" lon="138.939019"><ele>849.4</ele><time>2021-08-21T03:21:42Z</time></trkpt><trkpt lat="36.955278" lon="138.939029"><ele>849.1</ele><time>2021-08-21T03:21:43Z</time></trkpt><trkpt lat="36.955269" lon="138.939033"><ele>848.9</ele><time>2021-08-21T03:21:44Z</time></trkpt><trkpt lat="36.955265" lon="138.939035"><ele>848.8</ele><time>2021-08-21T03:21:45Z</time></trkpt><trkpt lat="36.955265" lon="138.93904"><ele>848.7</ele><time>2021-08-21T03:21:46Z</time></trkpt><trkpt lat="36.955257" lon="138.939047"><ele>848.5</ele><time>2021-08-21T03:21:47Z</time></trkpt><trkpt lat="36.955253" lon="138.939049"><ele>848.4</ele><time>2021-08-21T03:21:48Z</time></trkpt><trkpt lat="36.955251" lon="138.939044"><ele>848.3</ele><time>2021-08-21T03:21:49Z</time></trkpt><trkpt lat="36.955237" lon="138.939054"><ele>848.0</ele><time>2021-08-21T03:21:50Z</time></trkpt><trkpt lat="36.955239" lon="138.939046"><ele>847.9</ele><time>2021-08-21T03:21:51Z</time></trkpt><trkpt lat="36.955237" lon="138.939045"><ele>847.8</ele><time>2021-08-21T03:21:52Z</time></trkpt><trkpt lat="36.955237" lon="138.939048"><ele>847.8</ele><time>2021-08-21T03:21:53Z</time></trkpt><trkpt lat="36.955219" lon="138.939047"><ele>847.4</ele><time>2021-08-21T03:21:54Z</time></trkpt><trkpt lat="36.95521" lon="138.939042"><ele>847.2</ele><time>2021-08-21T03:21:55Z</time></trkpt><trkpt lat="36.955203" lon="138.939048"><ele>847.0</ele><time>2021-08-21T03:21:56Z</time></trkpt><trkpt lat="36.955198" lon="138.939057"><ele>846.8</ele><time>2021-08-21T03:21:57Z</time></trkpt><trkpt lat="36.955197" lon="138.939059"><ele>846.8</ele><time>2021-08-21T03:21:58Z</time></trkpt><trkpt lat="36.955189" lon="138.93906"><ele>846.6</ele><time>2021-08-21T03:21:59Z</time></trkpt><trkpt lat="36.955177" lon="138.939062"><ele>846.4</ele><time>2021-08-21T03:22:00Z</time></trkpt><trkpt lat="36.955174" lon="138.939052"><ele>846.2</ele><time>2021-08-21T03:22:01Z</time></trkpt><trkpt lat="36.955166" lon="138.939048"><ele>846.0</ele><time>2021-08-21T03:22:02Z</time></trkpt><trkpt lat="36.955161" lon="138.939049"><ele>845.9</ele><time>2021-08-21T03:22:03Z</time></trkpt><trkpt lat="36.95516" lon="138.939046"><ele>845.9</ele><time>2021-08-21T03:22:04Z</time></trkpt><trkpt lat="36.955151" lon="138.939046"><ele>845.7</ele><time>2021-08-21T03:22:05Z</time></trkpt><trkpt lat="36.955135" lon="138.939058"><ele>845.3</ele><time>2021-08-21T03:22:06Z</time></trkpt><trkpt lat="36.955124" lon="138.939068"><ele>845.0</ele><time>2021-08-21T03:22:07Z</time></trkpt><trkpt lat="36.955114" lon="138.939078"><ele>844.8</ele><time>2021-08-21T03:22:10Z</time></trkpt><trkpt lat="36.955103" lon="138.939088"><ele>844.5</ele><time>2021-08-21T03:22:11Z</time></trkpt><trkpt lat="36.955092" lon="138.939098"><ele>844.2</ele><time>2021-08-21T03:22:12Z</time></trkpt><trkpt lat="36.955085" lon="138.939111"><ele>843.9</ele><time>2021-08-21T03:22:13Z</time></trkpt><trkpt lat="36.955079" lon="138.939118"><ele>843.8</ele><time>2021-08-21T03:22:14Z</time></trkpt><trkpt lat="36.955076" lon="138.939115"><ele>843.7</ele><time>2021-08-21T03:22:15Z</time></trkpt><trkpt lat="36.955074" lon="138.939111"><ele>843.6</ele><time>2021-08-21T03:22:16Z</time></trkpt><trkpt lat="36.955061" lon="138.939117"><ele>843.3</ele><time>2021-08-21T03:22:17Z</time></trkpt><trkpt lat="36.955052" lon="138.939111"><ele>843.1</ele><time>2021-08-21T03:22:18Z</time></trkpt><trkpt lat="36.955047" lon="138.939105"><ele>843.0</ele><time>2021-08-21T03:22:19Z</time></trkpt><trkpt lat="36.955048" lon="138.939107"><ele>842.9</ele><time>2021-08-21T03:22:20Z</time></trkpt><trkpt lat="36.955039" lon="138.939106"><ele>842.8</ele><time>2021-08-21T03:22:21Z</time></trkpt><trkpt lat="36.95503" lon="138.939114"><ele>842.5</ele><time>2021-08-21T03:22:22Z</time></trkpt><trkpt lat="36.955029" lon="138.939129"><ele>842.3</ele><time>2021-08-21T03:22:23Z</time></trkpt><trkpt lat="36.955028" lon="138.939145"><ele>842.0</ele><time>2021-08-21T03:22:24Z</time></trkpt><trkpt lat="36.955022" lon="138.939155"><ele>841.8</ele><time>2021-08-21T03:22:25Z</time></trkpt><trkpt lat="36.95502" lon="138.93916"><ele>841.7</ele><time>2021-08-21T03:22:26Z</time></trkpt><trkpt lat="36.955015" lon="138.939171"><ele>841.5</ele><time>2021-08-21T03:22:27Z</time></trkpt><trkpt lat="36.955012" lon="138.939183"><ele>841.3</ele><time>2021-08-21T03:22:28Z</time></trkpt><trkpt lat="36.955012" lon="138.93918"><ele>841.3</ele><time>2021-08-21T03:22:29Z</time></trkpt><trkpt lat="36.955011" lon="138.939185"><ele>841.2</ele><time>2021-08-21T03:22:30Z</time></trkpt><trkpt lat="36.955007" lon="138.939192"><ele>841.0</ele><time>2021-08-21T03:22:31Z</time></trkpt><trkpt lat="36.955004" lon="138.939188"><ele>840.9</ele><time>2021-08-21T03:22:32Z</time></trkpt><trkpt lat="36.954998" lon="138.939195"><ele>840.8</ele><time>2021-08-21T03:22:33Z</time></trkpt><trkpt lat="36.954998" lon="138.939196"><ele>840.7</ele><time>2021-08-21T03:22:34Z</time></trkpt><trkpt lat="36.954993" lon="138.9392"><ele>840.6</ele><time>2021-08-21T03:22:35Z</time></trkpt><trkpt lat="36.954987" lon="138.939197"><ele>840.5</ele><time>2021-08-21T03:22:36Z</time></trkpt><trkpt lat="36.954985" lon="138.939196"><ele>840.4</ele><time>2021-08-21T03:22:37Z</time></trkpt><trkpt lat="36.954975" lon="138.939185"><ele>840.2</ele><time>2021-08-21T03:22:38Z</time></trkpt><trkpt lat="36.954937" lon="138.939111"><ele>838.7</ele><time>2021-08-21T03:22:53Z</time></trkpt><trkpt lat="36.954941" lon="138.939111"><ele>838.6</ele><time>2021-08-21T03:22:55Z</time></trkpt><trkpt lat="36.954943" lon="138.939121"><ele>838.5</ele><time>2021-08-21T03:22:57Z</time></trkpt><trkpt lat="36.954942" lon="138.939105"><ele>838.2</ele><time>2021-08-21T03:22:58Z</time></trkpt><trkpt lat="36.95494" lon="138.939099"><ele>838.1</ele><time>2021-08-21T03:22:59Z</time></trkpt><trkpt lat="36.954939" lon="138.939101"><ele>838.1</ele><time>2021-08-21T03:23:00Z</time></trkpt><trkpt lat="36.954933" lon="138.939093"><ele>837.9</ele><time>2021-08-21T03:23:01Z</time></trkpt><trkpt lat="36.954913" lon="138.939017"><ele>836.6</ele><time>2021-08-21T03:23:12Z</time></trkpt><trkpt lat="36.95492" lon="138.939032"><ele>836.3</ele><time>2021-08-21T03:23:13Z</time></trkpt><trkpt lat="36.954925" lon="138.939041"><ele>836.1</ele><time>2021-08-21T03:23:14Z</time></trkpt><trkpt lat="36.954935" lon="138.939045"><ele>835.9</ele><time>2021-08-21T03:23:15Z</time></trkpt><trkpt lat="36.954956" lon="138.939046"><ele>835.5</ele><time>2021-08-21T03:23:16Z</time></trkpt><trkpt lat="36.95496" lon="138.939046"><ele>835.4</ele><time>2021-08-21T03:23:17Z</time></trkpt><trkpt lat="36.954964" lon="138.939046"><ele>835.3</ele><time>2021-08-21T03:23:18Z</time></trkpt><trkpt lat="36.954968" lon="138.939046"><ele>835.2</ele><time>2021-08-21T03:23:19Z</time></trkpt><trkpt lat="36.954972" lon="138.939046"><ele>835.1</ele><time>2021-08-21T03:23:20Z</time></trkpt><trkpt lat="36.954974" lon="138.93904"><ele>835.0</ele><time>2021-08-21T03:23:21Z</time></trkpt><trkpt lat="36.954991" lon="138.938932"><ele>833.2</ele><time>2021-08-21T03:23:32Z</time></trkpt><trkpt lat="36.95499" lon="138.938929"><ele>833.2</ele><time>2021-08-21T03:23:33Z</time></trkpt><trkpt lat="36.95498" lon="138.938937"><ele>832.9</ele><time>2021-08-21T03:23:34Z</time></trkpt><trkpt lat="36.954985" lon="138.93894"><ele>832.8</ele><time>2021-08-21T03:23:35Z</time></trkpt><trkpt lat="36.954992" lon="138.938941"><ele>832.6</ele><time>2021-08-21T03:23:36Z</time></trkpt><trkpt lat="36.954987" lon="138.938938"><ele>832.5</ele><time>2021-08-21T03:23:37Z</time></trkpt><trkpt lat="36.954986" lon="138.938923"><ele>832.3</ele><time>2021-08-21T03:23:38Z</time></trkpt><trkpt lat="36.954981" lon="138.938928"><ele>832.2</ele><time>2021-08-21T03:23:39Z</time></trkpt><trkpt lat="36.954979" lon="138.938924"><ele>832.1</ele><time>2021-08-21T03:23:40Z</time></trkpt><trkpt lat="36.954978" lon="138.938909"><ele>831.8</ele><time>2021-08-21T03:23:41Z</time></trkpt><trkpt lat="36.954969" lon="138.938892"><ele>831.5</ele><time>2021-08-21T03:23:42Z</time></trkpt><trkpt lat="36.954968" lon="138.938878"><ele>831.3</ele><time>2021-08-21T03:23:43Z</time></trkpt><trkpt lat="36.954974" lon="138.938873"><ele>831.1</ele><time>2021-08-21T03:23:44Z</time></trkpt><trkpt lat="36.954976" lon="138.938881"><ele>831.0</ele><time>2021-08-21T03:23:45Z</time></trkpt><trkpt lat="36.954984" lon="138.938896"><ele>830.7</ele><time>2021-08-21T03:23:46Z</time></trkpt><trkpt lat="36.954988" lon="138.93888"><ele>830.4</ele><time>2021-08-21T03:23:47Z</time></trkpt><trkpt lat="36.954992" lon="138.938884"><ele>830.3</ele><time>2021-08-21T03:23:48Z</time></trkpt><trkpt lat="36.954992" lon="138.938903"><ele>830.0</ele><time>2021-08-21T03:23:49Z</time></trkpt><trkpt lat="36.955004" lon="138.93891"><ele>829.7</ele><time>2021-08-21T03:23:50Z</time></trkpt><trkpt lat="36.954999" lon="138.938881"><ele>829.2</ele><time>2021-08-21T03:23:51Z</time></trkpt><trkpt lat="36.954991" lon="138.93887"><ele>829.0</ele><time>2021-08-21T03:23:52Z</time></trkpt><trkpt lat="36.955001" lon="138.938882"><ele>828.7</ele><time>2021-08-21T03:23:53Z</time></trkpt><trkpt lat="36.955007" lon="138.938872"><ele>828.5</ele><time>2021-08-21T03:23:54Z</time></trkpt><trkpt lat="36.955003" lon="138.938866"><ele>828.4</ele><time>2021-08-21T03:23:55Z</time></trkpt><trkpt lat="36.954998" lon="138.93886"><ele>828.2</ele><time>2021-08-21T03:23:56Z</time></trkpt><trkpt lat="36.954997" lon="138.938855"><ele>828.1</ele><time>2021-08-21T03:23:57Z</time></trkpt><trkpt lat="36.955004" lon="138.938836"><ele>827.8</ele><time>2021-08-21T03:23:58Z</time></trkpt><trkpt lat="36.954994" lon="138.938816"><ele>827.4</ele><time>2021-08-21T03:23:59Z</time></trkpt><trkpt lat="36.954991" lon="138.938811"><ele>827.3</ele><time>2021-08-21T03:24:00Z</time></trkpt><trkpt lat="36.954998" lon="138.938801"><ele>827.1</ele><time>2021-08-21T03:24:01Z</time></trkpt><trkpt lat="36.954995" lon="138.938792"><ele>826.9</ele><time>2021-08-21T03:24:02Z</time></trkpt><trkpt lat="36.954997" lon="138.938787"><ele>826.8</ele><time>2021-08-21T03:24:03Z</time></trkpt><trkpt lat="36.955" lon="138.938781"><ele>826.7</ele><time>2021-08-21T03:24:04Z</time></trkpt><trkpt lat="36.955002" lon="138.938776"><ele>826.6</ele><time>2021-08-21T03:24:05Z</time></trkpt><trkpt lat="36.955005" lon="138.93877"><ele>826.5</ele><time>2021-08-21T03:24:06Z</time></trkpt><trkpt lat="36.955007" lon="138.938764"><ele>826.4</ele><time>2021-08-21T03:24:07Z</time></trkpt><trkpt lat="36.95501" lon="138.938759"><ele>826.3</ele><time>2021-08-21T03:24:08Z</time></trkpt><trkpt lat="36.955012" lon="138.938753"><ele>826.2</ele><time>2021-08-21T03:24:09Z</time></trkpt><trkpt lat="36.955013" lon="138.93875"><ele>826.1</ele><time>2021-08-21T03:24:10Z</time></trkpt><trkpt lat="36.955021" lon="138.93873"><ele>825.8</ele><time>2021-08-21T03:24:11Z</time></trkpt><trkpt lat="36.955021" lon="138.938719"><ele>825.6</ele><time>2021-08-21T03:24:12Z</time></trkpt><trkpt lat="36.955024" lon="138.938703"><ele>825.3</ele><time>2021-08-21T03:24:13Z</time></trkpt><trkpt lat="36.955025" lon="138.938683"><ele>825.0</ele><time>2021-08-21T03:24:14Z</time></trkpt><trkpt lat="36.955022" lon="138.938663"><ele>824.6</ele><time>2021-08-21T03:24:15Z</time></trkpt><trkpt lat="36.955014" lon="138.938642"><ele>824.3</ele><time>2021-08-21T03:24:16Z</time></trkpt><trkpt lat="36.955007" lon="138.938636"><ele>824.1</ele><time>2021-08-21T03:24:17Z</time></trkpt><trkpt lat="36.954995" lon="138.93862"><ele>823.7</ele><time>2021-08-21T03:24:18Z</time></trkpt><trkpt lat="36.95499" lon="138.938618"><ele>823.6</ele><time>2021-08-21T03:24:19Z</time></trkpt><trkpt lat="36.954979" lon="138.938606"><ele>823.3</ele><time>2021-08-21T03:24:20Z</time></trkpt><trkpt lat="36.954965" lon="138.938601"><ele>823.0</ele><time>2021-08-21T03:24:21Z</time></trkpt><trkpt lat="36.95496" lon="138.938582"><ele>822.7</ele><time>2021-08-21T03:24:22Z</time></trkpt><trkpt lat="36.954962" lon="138.938576"><ele>822.6</ele><time>2021-08-21T03:24:23Z</time></trkpt><trkpt lat="36.954964" lon="138.938569"><ele>822.5</ele><time>2021-08-21T03:24:24Z</time></trkpt><trkpt lat="36.954965" lon="138.938562"><ele>822.3</ele><time>2021-08-21T03:24:25Z</time></trkpt><trkpt lat="36.954967" lon="138.938556"><ele>822.2</ele><time>2021-08-21T03:24:26Z</time></trkpt><trkpt lat="36.954969" lon="138.938549"><ele>822.1</ele><time>2021-08-21T03:24:27Z</time></trkpt><trkpt lat="36.954962" lon="138.938536"><ele>821.9</ele><time>2021-08-21T03:24:28Z</time></trkpt><trkpt lat="36.95496" lon="138.938524"><ele>821.7</ele><time>2021-08-21T03:24:29Z</time></trkpt><trkpt lat="36.954958" lon="138.938518"><ele>821.5</ele><time>2021-08-21T03:24:30Z</time></trkpt><trkpt lat="36.954955" lon="138.938516"><ele>821.5</ele><time>2021-08-21T03:24:31Z</time></trkpt><trkpt lat="36.954949" lon="138.938512"><ele>821.3</ele><time>2021-08-21T03:24:32Z</time></trkpt><trkpt lat="36.954941" lon="138.938497"><ele>821.0</ele><time>2021-08-21T03:24:33Z</time></trkpt><trkpt lat="36.954941" lon="138.938498"><ele>821.0</ele><time>2021-08-21T03:24:34Z</time></trkpt><trkpt lat="36.954938" lon="138.938496"><ele>821.0</ele><time>2021-08-21T03:24:35Z</time></trkpt><trkpt lat="36.954935" lon="138.938494"><ele>820.9</ele><time>2021-08-21T03:24:36Z</time></trkpt><trkpt lat="36.95493" lon="138.938469"><ele>820.5</ele><time>2021-08-21T03:24:37Z</time></trkpt><trkpt lat="36.954923" lon="138.93846"><ele>820.3</ele><time>2021-08-21T03:24:38Z</time></trkpt><trkpt lat="36.954917" lon="138.938451"><ele>820.1</ele><time>2021-08-21T03:24:39Z</time></trkpt><trkpt lat="36.954911" lon="138.938425"><ele>819.6</ele><time>2021-08-21T03:24:40Z</time></trkpt><trkpt lat="36.954911" lon="138.938415"><ele>819.5</ele><time>2021-08-21T03:24:41Z</time></trkpt><trkpt lat="36.95491" lon="138.938406"><ele>819.3</ele><time>2021-08-21T03:24:42Z</time></trkpt><trkpt lat="36.954908" lon="138.938398"><ele>819.2</ele><time>2021-08-21T03:24:43Z</time></trkpt><trkpt lat="36.954908" lon="138.938385"><ele>818.9</ele><time>2021-08-21T03:24:44Z</time></trkpt><trkpt lat="36.954915" lon="138.938378"><ele>818.8</ele><time>2021-08-21T03:24:45Z</time></trkpt><trkpt lat="36.954918" lon="138.938369"><ele>818.6</ele><time>2021-08-21T03:24:46Z</time></trkpt><trkpt lat="36.954915" lon="138.938357"><ele>818.4</ele><time>2021-08-21T03:24:47Z</time></trkpt><trkpt lat="36.95491" lon="138.938351"><ele>818.3</ele><time>2021-08-21T03:24:48Z</time></trkpt><trkpt lat="36.954903" lon="138.938337"><ele>818.0</ele><time>2021-08-21T03:24:49Z</time></trkpt><trkpt lat="36.954897" lon="138.93832"><ele>817.7</ele><time>2021-08-21T03:24:50Z</time></trkpt><trkpt lat="36.95489" lon="138.93831"><ele>817.5</ele><time>2021-08-21T03:24:51Z</time></trkpt><trkpt lat="36.954883" lon="138.938305"><ele>817.3</ele><time>2021-08-21T03:24:52Z</time></trkpt><trkpt lat="36.954883" lon="138.938297"><ele>817.2</ele><time>2021-08-21T03:24:53Z</time></trkpt><trkpt lat="36.954888" lon="138.938286"><ele>817.0</ele><time>2021-08-21T03:24:54Z</time></trkpt><trkpt lat="36.95489" lon="138.938281"><ele>816.9</ele><time>2021-08-21T03:24:55Z</time></trkpt><trkpt lat="36.954893" lon="138.938268"><ele>816.6</ele><time>2021-08-21T03:24:56Z</time></trkpt><trkpt lat="36.954896" lon="138.938247"><ele>816.3</ele><time>2021-08-21T03:24:57Z</time></trkpt><trkpt lat="36.954903" lon="138.93825"><ele>816.1</ele><time>2021-08-21T03:24:58Z</time></trkpt><trkpt lat="36.954901" lon="138.938252"><ele>816.1</ele><time>2021-08-21T03:24:59Z</time></trkpt><trkpt lat="36.954903" lon="138.938233"><ele>815.8</ele><time>2021-08-21T03:25:00Z</time></trkpt><trkpt lat="36.954906" lon="138.938228"><ele>815.7</ele><time>2021-08-21T03:25:01Z</time></trkpt><trkpt lat="36.954917" lon="138.938226"><ele>815.4</ele><time>2021-08-21T03:25:02Z</time></trkpt><trkpt lat="36.954926" lon="138.938223"><ele>815.2</ele><time>2021-08-21T03:25:03Z</time></trkpt><trkpt lat="36.954936" lon="138.938234"><ele>815.0</ele><time>2021-08-21T03:25:04Z</time></trkpt><trkpt lat="36.954946" lon="138.938222"><ele>814.7</ele><time>2021-08-21T03:25:05Z</time></trkpt><trkpt lat="36.954947" lon="138.938211"><ele>814.5</ele><time>2021-08-21T03:25:06Z</time></trkpt><trkpt lat="36.954948" lon="138.9382"><ele>814.3</ele><time>2021-08-21T03:25:07Z</time></trkpt><trkpt lat="36.954949" lon="138.938189"><ele>814.1</ele><time>2021-08-21T03:25:08Z</time></trkpt><trkpt lat="36.954959" lon="138.938155"><ele>813.5</ele><time>2021-08-21T03:25:09Z</time></trkpt><trkpt lat="36.954963" lon="138.938147"><ele>813.4</ele><time>2021-08-21T03:25:10Z</time></trkpt><trkpt lat="36.954967" lon="138.938134"><ele>813.2</ele><time>2021-08-21T03:25:11Z</time></trkpt><trkpt lat="36.954971" lon="138.93812"><ele>812.9</ele><time>2021-08-21T03:25:12Z</time></trkpt><trkpt lat="36.954976" lon="138.93812"><ele>812.8</ele><time>2021-08-21T03:25:13Z</time></trkpt><trkpt lat="36.954973" lon="138.938114"><ele>812.7</ele><time>2021-08-21T03:25:14Z</time></trkpt><trkpt lat="36.954976" lon="138.938094"><ele>812.4</ele><time>2021-08-21T03:25:15Z</time></trkpt><trkpt lat="36.954979" lon="138.938086"><ele>812.2</ele><time>2021-08-21T03:25:16Z</time></trkpt><trkpt lat="36.954981" lon="138.938077"><ele>812.1</ele><time>2021-08-21T03:25:17Z</time></trkpt><trkpt lat="36.954984" lon="138.938069"><ele>811.9</ele><time>2021-08-21T03:25:18Z</time></trkpt><trkpt lat="36.954988" lon="138.938054"><ele>811.7</ele><time>2021-08-21T03:25:19Z</time></trkpt><trkpt lat="36.954994" lon="138.938046"><ele>811.5</ele><time>2021-08-21T03:25:20Z</time></trkpt><trkpt lat="36.954995" lon="138.938034"><ele>811.3</ele><time>2021-08-21T03:25:21Z</time></trkpt><trkpt lat="36.954995" lon="138.938013"><ele>810.9</ele><time>2021-08-21T03:25:22Z</time></trkpt><trkpt lat="36.954995" lon="138.938003"><ele>810.8</ele><time>2021-08-21T03:25:23Z</time></trkpt><trkpt lat="36.954994" lon="138.937994"><ele>810.6</ele><time>2021-08-21T03:25:24Z</time></trkpt><trkpt lat="36.954993" lon="138.937984"><ele>810.4</ele><time>2021-08-21T03:25:25Z</time></trkpt><trkpt lat="36.954984" lon="138.93797"><ele>810.2</ele><time>2021-08-21T03:25:26Z</time></trkpt><trkpt lat="36.954981" lon="138.937961"><ele>810.0</ele><time>2021-08-21T03:25:27Z</time></trkpt><trkpt lat="36.954978" lon="138.937952"><ele>809.8</ele><time>2021-08-21T03:25:28Z</time></trkpt><trkpt lat="36.954975" lon="138.937943"><ele>809.7</ele><time>2021-08-21T03:25:29Z</time></trkpt><trkpt lat="36.954976" lon="138.937932"><ele>809.5</ele><time>2021-08-21T03:25:30Z</time></trkpt><trkpt lat="36.954986" lon="138.937926"><ele>809.3</ele><time>2021-08-21T03:25:31Z</time></trkpt><trkpt lat="36.954982" lon="138.937923"><ele>809.2</ele><time>2021-08-21T03:25:32Z</time></trkpt><trkpt lat="36.954979" lon="138.937917"><ele>809.0</ele><time>2021-08-21T03:25:33Z</time></trkpt><trkpt lat="36.954971" lon="138.937906"><ele>808.8</ele><time>2021-08-21T03:25:34Z</time></trkpt><trkpt lat="36.954969" lon="138.937883"><ele>808.4</ele><time>2021-08-21T03:25:35Z</time></trkpt><trkpt lat="36.954966" lon="138.937871"><ele>808.2</ele><time>2021-08-21T03:25:36Z</time></trkpt><trkpt lat="36.954963" lon="138.93786"><ele>808.0</ele><time>2021-08-21T03:25:37Z</time></trkpt><trkpt lat="36.95496" lon="138.937848"><ele>807.8</ele><time>2021-08-21T03:25:38Z</time></trkpt><trkpt lat="36.954956" lon="138.937836"><ele>807.6</ele><time>2021-08-21T03:25:39Z</time></trkpt><trkpt lat="36.954952" lon="138.937826"><ele>807.4</ele><time>2021-08-21T03:25:40Z</time></trkpt><trkpt lat="36.954948" lon="138.937804"><ele>807.0</ele><time>2021-08-21T03:25:41Z</time></trkpt><trkpt lat="36.954943" lon="138.937773"><ele>806.5</ele><time>2021-08-21T03:25:42Z</time></trkpt><trkpt lat="36.954951" lon="138.937767"><ele>806.3</ele><time>2021-08-21T03:25:43Z</time></trkpt><trkpt lat="36.954956" lon="138.937745"><ele>806.0</ele><time>2021-08-21T03:25:44Z</time></trkpt><trkpt lat="36.954969" lon="138.937741"><ele>805.7</ele><time>2021-08-21T03:25:45Z</time></trkpt><trkpt lat="36.954976" lon="138.937736"><ele>805.5</ele><time>2021-08-21T03:25:46Z</time></trkpt><trkpt lat="36.954987" lon="138.937735"><ele>805.3</ele><time>2021-08-21T03:25:47Z</time></trkpt><trkpt lat="36.954996" lon="138.937731"><ele>805.1</ele><time>2021-08-21T03:25:48Z</time></trkpt><trkpt lat="36.955001" lon="138.937716"><ele>804.8</ele><time>2021-08-21T03:25:49Z</time></trkpt><trkpt lat="36.955004" lon="138.937705"><ele>804.6</ele><time>2021-08-21T03:25:50Z</time></trkpt><trkpt lat="36.955004" lon="138.937694"><ele>804.5</ele><time>2021-08-21T03:25:51Z</time></trkpt><trkpt lat="36.955005" lon="138.937683"><ele>804.3</ele><time>2021-08-21T03:25:52Z</time></trkpt><trkpt lat="36.95501" lon="138.937678"><ele>804.1</ele><time>2021-08-21T03:25:53Z</time></trkpt><trkpt lat="36.955022" lon="138.937676"><ele>803.9</ele><time>2021-08-21T03:25:54Z</time></trkpt><trkpt lat="36.955024" lon="138.937668"><ele>803.8</ele><time>2021-08-21T03:25:55Z</time></trkpt><trkpt lat="36.955031" lon="138.937668"><ele>803.6</ele><time>2021-08-21T03:25:56Z</time></trkpt><trkpt lat="36.955029" lon="138.937668"><ele>803.6</ele><time>2021-08-21T03:25:57Z</time></trkpt><trkpt lat="36.955037" lon="138.937663"><ele>803.4</ele><time>2021-08-21T03:25:58Z</time></trkpt><trkpt lat="36.955044" lon="138.937657"><ele>803.2</ele><time>2021-08-21T03:25:59Z</time></trkpt><trkpt lat="36.955051" lon="138.937648"><ele>803.0</ele><time>2021-08-21T03:26:00Z</time></trkpt><trkpt lat="36.955049" lon="138.93764"><ele>802.9</ele><time>2021-08-21T03:26:01Z</time></trkpt><trkpt lat="36.955048" lon="138.937634"><ele>802.8</ele><time>2021-08-21T03:26:02Z</time></trkpt><trkpt lat="36.955056" lon="138.937626"><ele>802.6</ele><time>2021-08-21T03:26:03Z</time></trkpt><trkpt lat="36.955056" lon="138.93761"><ele>802.3</ele><time>2021-08-21T03:26:04Z</time></trkpt><trkpt lat="36.955057" lon="138.9376"><ele>802.1</ele><time>2021-08-21T03:26:05Z</time></trkpt><trkpt lat="36.955064" lon="138.93759"><ele>801.9</ele><time>2021-08-21T03:26:06Z</time></trkpt><trkpt lat="36.95507" lon="138.937578"><ele>801.7</ele><time>2021-08-21T03:26:07Z</time></trkpt><trkpt lat="36.955073" lon="138.937568"><ele>801.5</ele><time>2021-08-21T03:26:08Z</time></trkpt><trkpt lat="36.955074" lon="138.937562"><ele>801.4</ele><time>2021-08-21T03:26:09Z</time></trkpt><trkpt lat="36.955079" lon="138.937561"><ele>801.3</ele><time>2021-08-21T03:26:10Z</time></trkpt><trkpt lat="36.95508" lon="138.937558"><ele>801.2</ele><time>2021-08-21T03:26:11Z</time></trkpt><trkpt lat="36.955087" lon="138.93756"><ele>801.1</ele><time>2021-08-21T03:26:12Z</time></trkpt><trkpt lat="36.955089" lon="138.937552"><ele>801.0</ele><time>2021-08-21T03:26:13Z</time></trkpt><trkpt lat="36.955087" lon="138.937538"><ele>800.7</ele><time>2021-08-21T03:26:14Z</time></trkpt><trkpt lat="36.955092" lon="138.937522"><ele>800.4</ele><time>2021-08-21T03:26:15Z</time></trkpt><trkpt lat="36.955086" lon="138.93751"><ele>800.2</ele><time>2021-08-21T03:26:16Z</time></trkpt><trkpt lat="36.955087" lon="138.937496"><ele>800.0</ele><time>2021-08-21T03:26:17Z</time></trkpt><trkpt lat="36.955087" lon="138.937487"><ele>799.8</ele><time>2021-08-21T03:26:18Z</time></trkpt><trkpt lat="36.955094" lon="138.937476"><ele>799.6</ele><time>2021-08-21T03:26:19Z</time></trkpt><trkpt lat="36.955101" lon="138.937463"><ele>799.3</ele><time>2021-08-21T03:26:20Z</time></trkpt><trkpt lat="36.955106" lon="138.937452"><ele>799.1</ele><time>2021-08-21T03:26:21Z</time></trkpt><trkpt lat="36.955103" lon="138.937449"><ele>799.0</ele><time>2021-08-21T03:26:22Z</time></trkpt><trkpt lat="36.955103" lon="138.937441"><ele>798.9</ele><time>2021-08-21T03:26:23Z</time></trkpt><trkpt lat="36.955103" lon="138.937439"><ele>798.9</ele><time>2021-08-21T03:26:24Z</time></trkpt><trkpt lat="36.955105" lon="138.937428"><ele>798.7</ele><time>2021-08-21T03:26:25Z</time></trkpt><trkpt lat="36.955106" lon="138.937428"><ele>798.7</ele><time>2021-08-21T03:26:26Z</time></trkpt><trkpt lat="36.955109" lon="138.937428"><ele>798.6</ele><time>2021-08-21T03:26:27Z</time></trkpt><trkpt lat="36.955109" lon="138.937417"><ele>798.4</ele><time>2021-08-21T03:26:28Z</time></trkpt><trkpt lat="36.955109" lon="138.937401"><ele>798.2</ele><time>2021-08-21T03:26:29Z</time></trkpt><trkpt lat="36.955112" lon="138.937395"><ele>798.1</ele><time>2021-08-21T03:26:30Z</time></trkpt><trkpt lat="36.955108" lon="138.937371"><ele>797.6</ele><time>2021-08-21T03:26:31Z</time></trkpt><trkpt lat="36.955104" lon="138.937365"><ele>797.5</ele><time>2021-08-21T03:26:32Z</time></trkpt><trkpt lat="36.955102" lon="138.937351"><ele>797.3</ele><time>2021-08-21T03:26:33Z</time></trkpt><trkpt lat="36.955108" lon="138.937344"><ele>797.1</ele><time>2021-08-21T03:26:34Z</time></trkpt><trkpt lat="36.955112" lon="138.937336"><ele>797.0</ele><time>2021-08-21T03:26:35Z</time></trkpt><trkpt lat="36.955118" lon="138.937329"><ele>796.8</ele><time>2021-08-21T03:26:36Z</time></trkpt><trkpt lat="36.95513" lon="138.937321"><ele>796.5</ele><time>2021-08-21T03:26:37Z</time></trkpt><trkpt lat="36.955135" lon="138.937318"><ele>796.4</ele><time>2021-08-21T03:26:38Z</time></trkpt><trkpt lat="36.955141" lon="138.937316"><ele>796.3</ele><time>2021-08-21T03:26:39Z</time></trkpt><trkpt lat="36.955146" lon="138.937313"><ele>796.2</ele><time>2021-08-21T03:26:40Z</time></trkpt><trkpt lat="36.955151" lon="138.937311"><ele>796.0</ele><time>2021-08-21T03:26:41Z</time></trkpt><trkpt lat="36.955156" lon="138.937309"><ele>795.9</ele><time>2021-08-21T03:26:42Z</time></trkpt><trkpt lat="36.955161" lon="138.937306"><ele>795.8</ele><time>2021-08-21T03:26:43Z</time></trkpt><trkpt lat="36.955167" lon="138.937304"><ele>795.7</ele><time>2021-08-21T03:26:44Z</time></trkpt><trkpt lat="36.955172" lon="138.937301"><ele>795.6</ele><time>2021-08-21T03:26:45Z</time></trkpt><trkpt lat="36.955177" lon="138.937299"><ele>795.5</ele><time>2021-08-21T03:26:46Z</time></trkpt><trkpt lat="36.955188" lon="138.937286"><ele>795.2</ele><time>2021-08-21T03:26:47Z</time></trkpt><trkpt lat="36.955181" lon="138.937274"><ele>794.9</ele><time>2021-08-21T03:26:48Z</time></trkpt><trkpt lat="36.955182" lon="138.937268"><ele>794.8</ele><time>2021-08-21T03:26:49Z</time></trkpt><trkpt lat="36.955191" lon="138.937268"><ele>794.6</ele><time>2021-08-21T03:26:50Z</time></trkpt><trkpt lat="36.955194" lon="138.937265"><ele>794.6</ele><time>2021-08-21T03:26:51Z</time></trkpt><trkpt lat="36.955208" lon="138.937263"><ele>794.3</ele><time>2021-08-21T03:26:52Z</time></trkpt><trkpt lat="36.955209" lon="138.937253"><ele>794.1</ele><time>2021-08-21T03:26:53Z</time></trkpt><trkpt lat="36.955224" lon="138.937256"><ele>793.8</ele><time>2021-08-21T03:26:54Z</time></trkpt><trkpt lat="36.955235" lon="138.93724"><ele>793.4</ele><time>2021-08-21T03:26:55Z</time></trkpt><trkpt lat="36.955239" lon="138.937233"><ele>793.3</ele><time>2021-08-21T03:26:56Z</time></trkpt><trkpt lat="36.955242" lon="138.937226"><ele>793.2</ele><time>2021-08-21T03:26:57Z</time></trkpt><trkpt lat="36.955246" lon="138.937219"><ele>793.0</ele><time>2021-08-21T03:26:58Z</time></trkpt><trkpt lat="36.955257" lon="138.937209"><ele>792.7</ele><time>2021-08-21T03:26:59Z</time></trkpt><trkpt lat="36.955262" lon="138.937203"><ele>792.6</ele><time>2021-08-21T03:27:00Z</time></trkpt><trkpt lat="36.955262" lon="138.937186"><ele>792.3</ele><time>2021-08-21T03:27:01Z</time></trkpt><trkpt lat="36.95525" lon="138.937163"><ele>791.9</ele><time>2021-08-21T03:27:02Z</time></trkpt><trkpt lat="36.955245" lon="138.937165"><ele>791.8</ele><time>2021-08-21T03:27:03Z</time></trkpt><trkpt lat="36.955245" lon="138.937152"><ele>791.5</ele><time>2021-08-21T03:27:04Z</time></trkpt><trkpt lat="36.955242" lon="138.937143"><ele>791.4</ele><time>2021-08-21T03:27:05Z</time></trkpt><trkpt lat="36.955239" lon="138.937134"><ele>791.2</ele><time>2021-08-21T03:27:06Z</time></trkpt><trkpt lat="36.955238" lon="138.937124"><ele>791.1</ele><time>2021-08-21T03:27:07Z</time></trkpt><trkpt lat="36.955237" lon="138.937111"><ele>790.8</ele><time>2021-08-21T03:27:08Z</time></trkpt><trkpt lat="36.955233" lon="138.937093"><ele>790.5</ele><time>2021-08-21T03:27:09Z</time></trkpt><trkpt lat="36.955235" lon="138.937088"><ele>790.4</ele><time>2021-08-21T03:27:10Z</time></trkpt><trkpt lat="36.95523" lon="138.937069"><ele>790.1</ele><time>2021-08-21T03:27:11Z</time></trkpt><trkpt lat="36.955221" lon="138.937057"><ele>789.8</ele><time>2021-08-21T03:27:12Z</time></trkpt><trkpt lat="36.955219" lon="138.937046"><ele>789.7</ele><time>2021-08-21T03:27:13Z</time></trkpt><trkpt lat="36.955214" lon="138.93703"><ele>789.4</ele><time>2021-08-21T03:27:14Z</time></trkpt><trkpt lat="36.955212" lon="138.937015"><ele>789.1</ele><time>2021-08-21T03:27:15Z</time></trkpt><trkpt lat="36.95521" lon="138.937001"><ele>788.9</ele><time>2021-08-21T03:27:16Z</time></trkpt><trkpt lat="36.95521" lon="138.937002"><ele>788.9</ele><time>2021-08-21T03:27:17Z</time></trkpt><trkpt lat="36.955218" lon="138.937005"><ele>788.7</ele><time>2021-08-21T03:27:18Z</time></trkpt><trkpt lat="36.955227" lon="138.937007"><ele>788.5</ele><time>2021-08-21T03:27:19Z</time></trkpt><trkpt lat="36.955233" lon="138.936999"><ele>788.3</ele><time>2021-08-21T03:27:20Z</time></trkpt><trkpt lat="36.955228" lon="138.936981"><ele>788.0</ele><time>2021-08-21T03:27:21Z</time></trkpt><trkpt lat="36.955227" lon="138.936974"><ele>787.9</ele><time>2021-08-21T03:27:22Z</time></trkpt><trkpt lat="36.955228" lon="138.936976"><ele>787.9</ele><time>2021-08-21T03:27:23Z</time></trkpt><trkpt lat="36.955228" lon="138.936969"><ele>787.8</ele><time>2021-08-21T03:27:24Z</time></trkpt><trkpt lat="36.955217" lon="138.936959"><ele>787.5</ele><time>2021-08-21T03:27:25Z</time></trkpt><trkpt lat="36.9552" lon="138.936948"><ele>787.1</ele><time>2021-08-21T03:27:26Z</time></trkpt><trkpt lat="36.955196" lon="138.936943"><ele>787.0</ele><time>2021-08-21T03:27:27Z</time></trkpt><trkpt lat="36.9552" lon="138.936933"><ele>786.8</ele><time>2021-08-21T03:27:28Z</time></trkpt><trkpt lat="36.955194" lon="138.936931"><ele>786.6</ele><time>2021-08-21T03:27:29Z</time></trkpt><trkpt lat="36.955192" lon="138.936909"><ele>786.3</ele><time>2021-08-21T03:27:30Z</time></trkpt><trkpt lat="36.955192" lon="138.9369"><ele>786.1</ele><time>2021-08-21T03:27:31Z</time></trkpt><trkpt lat="36.955191" lon="138.936892"><ele>786.0</ele><time>2021-08-21T03:27:32Z</time></trkpt><trkpt lat="36.955191" lon="138.936883"><ele>785.9</ele><time>2021-08-21T03:27:33Z</time></trkpt><trkpt lat="36.955182" lon="138.936867"><ele>785.5</ele><time>2021-08-21T03:27:34Z</time></trkpt><trkpt lat="36.955175" lon="138.936866"><ele>785.4</ele><time>2021-08-21T03:27:35Z</time></trkpt><trkpt lat="36.955174" lon="138.936854"><ele>785.2</ele><time>2021-08-21T03:27:36Z</time></trkpt><trkpt lat="36.955166" lon="138.936829"><ele>784.7</ele><time>2021-08-21T03:27:37Z</time></trkpt><trkpt lat="36.955164" lon="138.936822"><ele>784.6</ele><time>2021-08-21T03:27:38Z</time></trkpt><trkpt lat="36.955162" lon="138.936816"><ele>784.5</ele><time>2021-08-21T03:27:39Z</time></trkpt><trkpt lat="36.95516" lon="138.93681"><ele>784.4</ele><time>2021-08-21T03:27:40Z</time></trkpt><trkpt lat="36.955149" lon="138.936796"><ele>784.1</ele><time>2021-08-21T03:27:41Z</time></trkpt><trkpt lat="36.955144" lon="138.936793"><ele>784.0</ele><time>2021-08-21T03:27:42Z</time></trkpt><trkpt lat="36.955142" lon="138.936786"><ele>783.9</ele><time>2021-08-21T03:27:43Z</time></trkpt><trkpt lat="36.95514" lon="138.936776"><ele>783.7</ele><time>2021-08-21T03:27:44Z</time></trkpt><trkpt lat="36.955135" lon="138.936764"><ele>783.5</ele><time>2021-08-21T03:27:45Z</time></trkpt><trkpt lat="36.955127" lon="138.936753"><ele>783.2</ele><time>2021-08-21T03:27:46Z</time></trkpt><trkpt lat="36.955122" lon="138.936744"><ele>783.0</ele><time>2021-08-21T03:27:47Z</time></trkpt><trkpt lat="36.955118" lon="138.936721"><ele>782.6</ele><time>2021-08-21T03:27:48Z</time></trkpt><trkpt lat="36.955117" lon="138.936712"><ele>782.5</ele><time>2021-08-21T03:27:49Z</time></trkpt><trkpt lat="36.955115" lon="138.936699"><ele>782.3</ele><time>2021-08-21T03:27:50Z</time></trkpt><trkpt lat="36.955116" lon="138.936698"><ele>782.3</ele><time>2021-08-21T03:27:51Z</time></trkpt><trkpt lat="36.955118" lon="138.936688"><ele>782.1</ele><time>2021-08-21T03:27:52Z</time></trkpt><trkpt lat="36.95512" lon="138.936679"><ele>781.9</ele><time>2021-08-21T03:27:53Z</time></trkpt><trkpt lat="36.95512" lon="138.936689"><ele>781.8</ele><time>2021-08-21T03:27:54Z</time></trkpt><trkpt lat="36.95512" lon="138.936692"><ele>781.7</ele><time>2021-08-21T03:27:55Z</time></trkpt><trkpt lat="36.955126" lon="138.93669"><ele>781.6</ele><time>2021-08-21T03:27:56Z</time></trkpt><trkpt lat="36.95513" lon="138.936687"><ele>781.5</ele><time>2021-08-21T03:27:57Z</time></trkpt><trkpt lat="36.955127" lon="138.936678"><ele>781.3</ele><time>2021-08-21T03:27:58Z</time></trkpt><trkpt lat="36.955127" lon="138.936681"><ele>781.3</ele><time>2021-08-21T03:27:59Z</time></trkpt><trkpt lat="36.955124" lon="138.936673"><ele>781.1</ele><time>2021-08-21T03:28:00Z</time></trkpt><trkpt lat="36.955124" lon="138.936672"><ele>781.1</ele><time>2021-08-21T03:28:01Z</time></trkpt><trkpt lat="36.955124" lon="138.936671"><ele>781.1</ele><time>2021-08-21T03:28:02Z</time></trkpt><trkpt lat="36.955125" lon="138.93667"><ele>781.1</ele><time>2021-08-21T03:28:03Z</time></trkpt><trkpt lat="36.955133" lon="138.936593"><ele>779.8</ele><time>2021-08-21T03:28:31Z</time></trkpt><trkpt lat="36.955135" lon="138.936586"><ele>779.7</ele><time>2021-08-21T03:28:32Z</time></trkpt><trkpt lat="36.955137" lon="138.93658"><ele>779.6</ele><time>2021-08-21T03:28:33Z</time></trkpt><trkpt lat="36.955135" lon="138.936578"><ele>779.5</ele><time>2021-08-21T03:28:34Z</time></trkpt><trkpt lat="36.95513" lon="138.936563"><ele>779.2</ele><time>2021-08-21T03:28:35Z</time></trkpt><trkpt lat="36.955129" lon="138.936551"><ele>779.1</ele><time>2021-08-21T03:28:36Z</time></trkpt><trkpt lat="36.955133" lon="138.936542"><ele>778.9</ele><time>2021-08-21T03:28:37Z</time></trkpt><trkpt lat="36.955132" lon="138.936542"><ele>778.9</ele><time>2021-08-21T03:28:38Z</time></trkpt><trkpt lat="36.955136" lon="138.936528"><ele>778.6</ele><time>2021-08-21T03:28:39Z</time></trkpt><trkpt lat="36.955142" lon="138.936516"><ele>778.4</ele><time>2021-08-21T03:28:40Z</time></trkpt><trkpt lat="36.955147" lon="138.936506"><ele>778.2</ele><time>2021-08-21T03:28:41Z</time></trkpt><trkpt lat="36.955151" lon="138.936494"><ele>778.0</ele><time>2021-08-21T03:28:42Z</time></trkpt><trkpt lat="36.95516" lon="138.936486"><ele>777.7</ele><time>2021-08-21T03:28:43Z</time></trkpt><trkpt lat="36.955169" lon="138.936475"><ele>777.5</ele><time>2021-08-21T03:28:44Z</time></trkpt><trkpt lat="36.955176" lon="138.936462"><ele>777.2</ele><time>2021-08-21T03:28:45Z</time></trkpt><trkpt lat="36.955175" lon="138.936451"><ele>777.0</ele><time>2021-08-21T03:28:46Z</time></trkpt><trkpt lat="36.955171" lon="138.936433"><ele>776.7</ele><time>2021-08-21T03:28:47Z</time></trkpt><trkpt lat="36.955177" lon="138.936441"><ele>776.6</ele><time>2021-08-21T03:28:48Z</time></trkpt><trkpt lat="36.955175" lon="138.93642"><ele>776.2</ele><time>2021-08-21T03:28:49Z</time></trkpt><trkpt lat="36.955177" lon="138.9364"><ele>775.9</ele><time>2021-08-21T03:28:50Z</time></trkpt><trkpt lat="36.955184" lon="138.936398"><ele>775.7</ele><time>2021-08-21T03:28:51Z</time></trkpt><trkpt lat="36.95518" lon="138.936389"><ele>775.6</ele><time>2021-08-21T03:28:52Z</time></trkpt><trkpt lat="36.955185" lon="138.936376"><ele>775.3</ele><time>2021-08-21T03:28:53Z</time></trkpt><trkpt lat="36.955186" lon="138.936337"><ele>774.7</ele><time>2021-08-21T03:28:54Z</time></trkpt><trkpt lat="36.9552" lon="138.936322"><ele>774.3</ele><time>2021-08-21T03:28:55Z</time></trkpt><trkpt lat="36.955216" lon="138.93631"><ele>773.9</ele><time>2021-08-21T03:28:56Z</time></trkpt><trkpt lat="36.955233" lon="138.936291"><ele>773.5</ele><time>2021-08-21T03:28:57Z</time></trkpt><trkpt lat="36.95524" lon="138.936284"><ele>773.3</ele><time>2021-08-21T03:28:58Z</time></trkpt><trkpt lat="36.955247" lon="138.936276"><ele>773.1</ele><time>2021-08-21T03:28:59Z</time></trkpt><trkpt lat="36.955255" lon="138.936271"><ele>772.9</ele><time>2021-08-21T03:29:00Z</time></trkpt><trkpt lat="36.955258" lon="138.936264"><ele>772.8</ele><time>2021-08-21T03:29:01Z</time></trkpt><trkpt lat="36.955261" lon="138.936252"><ele>772.5</ele><time>2021-08-21T03:29:02Z</time></trkpt><trkpt lat="36.955266" lon="138.936246"><ele>772.4</ele><time>2021-08-21T03:29:03Z</time></trkpt><trkpt lat="36.955273" lon="138.936234"><ele>772.2</ele><time>2021-08-21T03:29:04Z</time></trkpt><trkpt lat="36.95528" lon="138.936225"><ele>772.0</ele><time>2021-08-21T03:29:05Z</time></trkpt><trkpt lat="36.955273" lon="138.936213"><ele>771.7</ele><time>2021-08-21T03:29:06Z</time></trkpt><trkpt lat="36.955273" lon="138.936199"><ele>771.5</ele><time>2021-08-21T03:29:07Z</time></trkpt><trkpt lat="36.955278" lon="138.936166"><ele>770.9</ele><time>2021-08-21T03:29:09Z</time></trkpt><trkpt lat="36.955277" lon="138.936132"><ele>770.4</ele><time>2021-08-21T03:29:11Z</time></trkpt><trkpt lat="36.955277" lon="138.93611"><ele>770.0</ele><time>2021-08-21T03:29:13Z</time></trkpt><trkpt lat="36.955273" lon="138.936092"><ele>769.7</ele><time>2021-08-21T03:29:14Z</time></trkpt><trkpt lat="36.955274" lon="138.936076"><ele>769.4</ele><time>2021-08-21T03:29:15Z</time></trkpt><trkpt lat="36.955277" lon="138.936064"><ele>769.2</ele><time>2021-08-21T03:29:16Z</time></trkpt><trkpt lat="36.955285" lon="138.936057"><ele>769.0</ele><time>2021-08-21T03:29:17Z</time></trkpt><trkpt lat="36.95529" lon="138.936046"><ele>768.8</ele><time>2021-08-21T03:29:18Z</time></trkpt><trkpt lat="36.9553" lon="138.93604"><ele>768.6</ele><time>2021-08-21T03:29:19Z</time></trkpt><trkpt lat="36.955303" lon="138.936029"><ele>768.4</ele><time>2021-08-21T03:29:20Z</time></trkpt><trkpt lat="36.955307" lon="138.936021"><ele>768.2</ele><time>2021-08-21T03:29:21Z</time></trkpt><trkpt lat="36.95531" lon="138.93602"><ele>768.2</ele><time>2021-08-21T03:29:22Z</time></trkpt><trkpt lat="36.955308" lon="138.936013"><ele>768.1</ele><time>2021-08-21T03:29:23Z</time></trkpt><trkpt lat="36.955315" lon="138.936"><ele>767.8</ele><time>2021-08-21T03:29:24Z</time></trkpt><trkpt lat="36.955318" lon="138.935997"><ele>767.7</ele><time>2021-08-21T03:29:25Z</time></trkpt><trkpt lat="36.955319" lon="138.935991"><ele>767.6</ele><time>2021-08-21T03:29:26Z</time></trkpt><trkpt lat="36.955325" lon="138.935983"><ele>767.4</ele><time>2021-08-21T03:29:27Z</time></trkpt><trkpt lat="36.955322" lon="138.935973"><ele>767.3</ele><time>2021-08-21T03:29:28Z</time></trkpt><trkpt lat="36.955307" lon="138.935963"><ele>766.9</ele><time>2021-08-21T03:29:29Z</time></trkpt><trkpt lat="36.9553" lon="138.935963"><ele>766.8</ele><time>2021-08-21T03:29:30Z</time></trkpt><trkpt lat="36.955301" lon="138.935952"><ele>766.6</ele><time>2021-08-21T03:29:31Z</time></trkpt><trkpt lat="36.955299" lon="138.935938"><ele>766.4</ele><time>2021-08-21T03:29:32Z</time></trkpt><trkpt lat="36.955303" lon="138.935925"><ele>766.1</ele><time>2021-08-21T03:29:33Z</time></trkpt><trkpt lat="36.95531" lon="138.935919"><ele>765.9</ele><time>2021-08-21T03:29:34Z</time></trkpt><trkpt lat="36.955314" lon="138.935908"><ele>765.8</ele><time>2021-08-21T03:29:35Z</time></trkpt><trkpt lat="36.955325" lon="138.935905"><ele>765.5</ele><time>2021-08-21T03:29:36Z</time></trkpt><trkpt lat="36.955338" lon="138.935902"><ele>765.2</ele><time>2021-08-21T03:29:37Z</time></trkpt><trkpt lat="36.955338" lon="138.935898"><ele>765.2</ele><time>2021-08-21T03:29:38Z</time></trkpt><trkpt lat="36.955348" lon="138.935899"><ele>765.0</ele><time>2021-08-21T03:29:39Z</time></trkpt><trkpt lat="36.955346" lon="138.935903"><ele>764.9</ele><time>2021-08-21T03:29:40Z</time></trkpt><trkpt lat="36.955353" lon="138.935894"><ele>764.7</ele><time>2021-08-21T03:29:41Z</time></trkpt><trkpt lat="36.955365" lon="138.93588"><ele>764.4</ele><time>2021-08-21T03:29:42Z</time></trkpt><trkpt lat="36.955365" lon="138.935868"><ele>764.2</ele><time>2021-08-21T03:29:43Z</time></trkpt><trkpt lat="36.95536" lon="138.935858"><ele>764.0</ele><time>2021-08-21T03:29:44Z</time></trkpt><trkpt lat="36.95536" lon="138.935847"><ele>763.8</ele><time>2021-08-21T03:29:45Z</time></trkpt><trkpt lat="36.955364" lon="138.93583"><ele>763.5</ele><time>2021-08-21T03:29:46Z</time></trkpt><trkpt lat="36.955368" lon="138.935828"><ele>763.4</ele><time>2021-08-21T03:29:47Z</time></trkpt><trkpt lat="36.95538" lon="138.935822"><ele>763.1</ele><time>2021-08-21T03:29:48Z</time></trkpt><trkpt lat="36.95538" lon="138.935813"><ele>763.0</ele><time>2021-08-21T03:29:49Z</time></trkpt><trkpt lat="36.955384" lon="138.935801"><ele>762.8</ele><time>2021-08-21T03:29:50Z</time></trkpt><trkpt lat="36.955375" lon="138.935795"><ele>762.6</ele><time>2021-08-21T03:29:51Z</time></trkpt><trkpt lat="36.955375" lon="138.935779"><ele>762.3</ele><time>2021-08-21T03:29:52Z</time></trkpt><trkpt lat="36.955373" lon="138.935769"><ele>762.1</ele><time>2021-08-21T03:29:53Z</time></trkpt><trkpt lat="36.955371" lon="138.935755"><ele>761.9</ele><time>2021-08-21T03:29:54Z</time></trkpt><trkpt lat="36.955374" lon="138.935748"><ele>761.8</ele><time>2021-08-21T03:29:55Z</time></trkpt><trkpt lat="36.955375" lon="138.935742"><ele>761.7</ele><time>2021-08-21T03:29:56Z</time></trkpt><trkpt lat="36.955375" lon="138.935739"><ele>761.6</ele><time>2021-08-21T03:29:57Z</time></trkpt><trkpt lat="36.955375" lon="138.935735"><ele>761.5</ele><time>2021-08-21T03:29:58Z</time></trkpt><trkpt lat="36.955383" lon="138.935743"><ele>761.3</ele><time>2021-08-21T03:29:59Z</time></trkpt><trkpt lat="36.955371" lon="138.935734"><ele>761.0</ele><time>2021-08-21T03:30:00Z</time></trkpt><trkpt lat="36.955368" lon="138.935717"><ele>760.8</ele><time>2021-08-21T03:30:01Z</time></trkpt><trkpt lat="36.955373" lon="138.935708"><ele>760.6</ele><time>2021-08-21T03:30:02Z</time></trkpt><trkpt lat="36.955371" lon="138.935694"><ele>760.3</ele><time>2021-08-21T03:30:03Z</time></trkpt><trkpt lat="36.95537" lon="138.935686"><ele>760.2</ele><time>2021-08-21T03:30:04Z</time></trkpt><trkpt lat="36.955368" lon="138.935677"><ele>760.1</ele><time>2021-08-21T03:30:05Z</time></trkpt><trkpt lat="36.955367" lon="138.935669"><ele>759.9</ele><time>2021-08-21T03:30:06Z</time></trkpt><trkpt lat="36.955365" lon="138.935661"><ele>759.8</ele><time>2021-08-21T03:30:07Z</time></trkpt><trkpt lat="36.955368" lon="138.935647"><ele>759.6</ele><time>2021-08-21T03:30:08Z</time></trkpt><trkpt lat="36.955373" lon="138.935646"><ele>759.4</ele><time>2021-08-21T03:30:09Z</time></trkpt><trkpt lat="36.955378" lon="138.935644"><ele>759.3</ele><time>2021-08-21T03:30:10Z</time></trkpt><trkpt lat="36.955383" lon="138.935642"><ele>759.2</ele><time>2021-08-21T03:30:11Z</time></trkpt><trkpt lat="36.955388" lon="138.93564"><ele>759.1</ele><time>2021-08-21T03:30:12Z</time></trkpt><trkpt lat="36.955393" lon="138.935639"><ele>759.0</ele><time>2021-08-21T03:30:13Z</time></trkpt><trkpt lat="36.955398" lon="138.935637"><ele>758.9</ele><time>2021-08-21T03:30:14Z</time></trkpt><trkpt lat="36.955403" lon="138.935635"><ele>758.8</ele><time>2021-08-21T03:30:15Z</time></trkpt><trkpt lat="36.955395" lon="138.935626"><ele>758.6</ele><time>2021-08-21T03:30:16Z</time></trkpt><trkpt lat="36.9554" lon="138.935617"><ele>758.4</ele><time>2021-08-21T03:30:17Z</time></trkpt><trkpt lat="36.955404" lon="138.935609"><ele>758.2</ele><time>2021-08-21T03:30:18Z</time></trkpt><trkpt lat="36.955407" lon="138.935601"><ele>758.1</ele><time>2021-08-21T03:30:19Z</time></trkpt><trkpt lat="36.955408" lon="138.935587"><ele>757.9</ele><time>2021-08-21T03:30:20Z</time></trkpt><trkpt lat="36.955414" lon="138.935575"><ele>757.6</ele><time>2021-08-21T03:30:21Z</time></trkpt><trkpt lat="36.955416" lon="138.935568"><ele>757.5</ele><time>2021-08-21T03:30:22Z</time></trkpt><trkpt lat="36.955416" lon="138.935553"><ele>757.3</ele><time>2021-08-21T03:30:23Z</time></trkpt><trkpt lat="36.955408" lon="138.935545"><ele>757.1</ele><time>2021-08-21T03:30:24Z</time></trkpt><trkpt lat="36.955404" lon="138.935534"><ele>756.9</ele><time>2021-08-21T03:30:25Z</time></trkpt><trkpt lat="36.955401" lon="138.935509"><ele>756.4</ele><time>2021-08-21T03:30:26Z</time></trkpt><trkpt lat="36.955398" lon="138.935498"><ele>756.2</ele><time>2021-08-21T03:30:27Z</time></trkpt><trkpt lat="36.955395" lon="138.935486"><ele>756.0</ele><time>2021-08-21T03:30:28Z</time></trkpt><trkpt lat="36.955395" lon="138.935469"><ele>755.8</ele><time>2021-08-21T03:30:29Z</time></trkpt><trkpt lat="36.955399" lon="138.935462"><ele>755.6</ele><time>2021-08-21T03:30:30Z</time></trkpt><trkpt lat="36.955402" lon="138.93545"><ele>755.4</ele><time>2021-08-21T03:30:31Z</time></trkpt><trkpt lat="36.955403" lon="138.935432"><ele>755.1</ele><time>2021-08-21T03:30:32Z</time></trkpt><trkpt lat="36.955398" lon="138.935414"><ele>754.8</ele><time>2021-08-21T03:30:33Z</time></trkpt><trkpt lat="36.955404" lon="138.9354"><ele>754.5</ele><time>2021-08-21T03:30:34Z</time></trkpt><trkpt lat="36.955404" lon="138.935388"><ele>754.3</ele><time>2021-08-21T03:30:35Z</time></trkpt><trkpt lat="36.955405" lon="138.935373"><ele>754.1</ele><time>2021-08-21T03:30:36Z</time></trkpt><trkpt lat="36.955404" lon="138.935355"><ele>753.8</ele><time>2021-08-21T03:30:37Z</time></trkpt><trkpt lat="36.9554" lon="138.93534"><ele>753.5</ele><time>2021-08-21T03:30:38Z</time></trkpt><trkpt lat="36.955403" lon="138.935327"><ele>753.3</ele><time>2021-08-21T03:30:39Z</time></trkpt><trkpt lat="36.955406" lon="138.935321"><ele>753.2</ele><time>2021-08-21T03:30:40Z</time></trkpt><trkpt lat="36.955412" lon="138.935315"><ele>753.0</ele><time>2021-08-21T03:30:41Z</time></trkpt><trkpt lat="36.95542" lon="138.935313"><ele>752.9</ele><time>2021-08-21T03:30:42Z</time></trkpt><trkpt lat="36.955431" lon="138.935313"><ele>752.6</ele><time>2021-08-21T03:30:43Z</time></trkpt><trkpt lat="36.955441" lon="138.935314"><ele>752.4</ele><time>2021-08-21T03:30:44Z</time></trkpt><trkpt lat="36.955453" lon="138.935315"><ele>752.2</ele><time>2021-08-21T03:30:45Z</time></trkpt><trkpt lat="36.955463" lon="138.935318"><ele>752.0</ele><time>2021-08-21T03:30:46Z</time></trkpt><trkpt lat="36.95548" lon="138.935324"><ele>751.6</ele><time>2021-08-21T03:30:47Z</time></trkpt><trkpt lat="36.955488" lon="138.935324"><ele>751.5</ele><time>2021-08-21T03:30:48Z</time></trkpt><trkpt lat="36.955501" lon="138.935323"><ele>751.2</ele><time>2021-08-21T03:30:49Z</time></trkpt><trkpt lat="36.955509" lon="138.935312"><ele>750.9</ele><time>2021-08-21T03:30:50Z</time></trkpt><trkpt lat="36.955523" lon="138.935306"><ele>750.6</ele><time>2021-08-21T03:30:51Z</time></trkpt><trkpt lat="36.955528" lon="138.935306"><ele>750.5</ele><time>2021-08-21T03:30:52Z</time></trkpt><trkpt lat="36.955539" lon="138.935298"><ele>750.3</ele><time>2021-08-21T03:30:53Z</time></trkpt><trkpt lat="36.955538" lon="138.935291"><ele>750.2</ele><time>2021-08-21T03:30:54Z</time></trkpt><trkpt lat="36.955548" lon="138.935279"><ele>749.9</ele><time>2021-08-21T03:30:55Z</time></trkpt><trkpt lat="36.955553" lon="138.935263"><ele>749.6</ele><time>2021-08-21T03:30:56Z</time></trkpt><trkpt lat="36.955544" lon="138.935233"><ele>749.1</ele><time>2021-08-21T03:30:57Z</time></trkpt><trkpt lat="36.95554" lon="138.93522"><ele>748.8</ele><time>2021-08-21T03:30:58Z</time></trkpt><trkpt lat="36.955527" lon="138.935217"><ele>748.6</ele><time>2021-08-21T03:30:59Z</time></trkpt><trkpt lat="36.955521" lon="138.935195"><ele>748.2</ele><time>2021-08-21T03:31:00Z</time></trkpt><trkpt lat="36.955502" lon="138.935158"><ele>747.4</ele><time>2021-08-21T03:31:01Z</time></trkpt><trkpt lat="36.955494" lon="138.935147"><ele>747.2</ele><time>2021-08-21T03:31:02Z</time></trkpt><trkpt lat="36.955483" lon="138.935145"><ele>747.0</ele><time>2021-08-21T03:31:03Z</time></trkpt><trkpt lat="36.955468" lon="138.935142"><ele>746.7</ele><time>2021-08-21T03:31:04Z</time></trkpt><trkpt lat="36.95546" lon="138.93513"><ele>746.4</ele><time>2021-08-21T03:31:05Z</time></trkpt><trkpt lat="36.95545" lon="138.93513"><ele>746.2</ele><time>2021-08-21T03:31:06Z</time></trkpt><trkpt lat="36.955439" lon="138.935117"><ele>745.9</ele><time>2021-08-21T03:31:07Z</time></trkpt><trkpt lat="36.955432" lon="138.935108"><ele>745.7</ele><time>2021-08-21T03:31:08Z</time></trkpt><trkpt lat="36.955424" lon="138.935102"><ele>745.5</ele><time>2021-08-21T03:31:09Z</time></trkpt><trkpt lat="36.955404" lon="138.935085"><ele>745.0</ele><time>2021-08-21T03:31:11Z</time></trkpt><trkpt lat="36.955384" lon="138.93507"><ele>744.5</ele><time>2021-08-21T03:31:13Z</time></trkpt><trkpt lat="36.955361" lon="138.93507"><ele>744.0</ele><time>2021-08-21T03:31:15Z</time></trkpt><trkpt lat="36.955349" lon="138.935065"><ele>743.8</ele><time>2021-08-21T03:31:17Z</time></trkpt><trkpt lat="36.955342" lon="138.935055"><ele>743.6</ele><time>2021-08-21T03:31:18Z</time></trkpt><trkpt lat="36.955329" lon="138.93504"><ele>743.2</ele><time>2021-08-21T03:31:19Z</time></trkpt><trkpt lat="36.955323" lon="138.935033"><ele>743.0</ele><time>2021-08-21T03:31:20Z</time></trkpt><trkpt lat="36.955318" lon="138.935026"><ele>742.9</ele><time>2021-08-21T03:31:21Z</time></trkpt><trkpt lat="36.955312" lon="138.935019"><ele>742.7</ele><time>2021-08-21T03:31:22Z</time></trkpt><trkpt lat="36.955301" lon="138.935003"><ele>742.4</ele><time>2021-08-21T03:31:23Z</time></trkpt><trkpt lat="36.955291" lon="138.934991"><ele>742.1</ele><time>2021-08-21T03:31:24Z</time></trkpt><trkpt lat="36.955274" lon="138.934977"><ele>741.7</ele><time>2021-08-21T03:31:25Z</time></trkpt><trkpt lat="36.955269" lon="138.934969"><ele>741.5</ele><time>2021-08-21T03:31:26Z</time></trkpt><trkpt lat="36.955263" lon="138.934961"><ele>741.3</ele><time>2021-08-21T03:31:27Z</time></trkpt><trkpt lat="36.955255" lon="138.934957"><ele>741.1</ele><time>2021-08-21T03:31:28Z</time></trkpt><trkpt lat="36.955244" lon="138.934945"><ele>740.8</ele><time>2021-08-21T03:31:29Z</time></trkpt><trkpt lat="36.955232" lon="138.934928"><ele>740.5</ele><time>2021-08-21T03:31:30Z</time></trkpt><trkpt lat="36.955215" lon="138.934906"><ele>739.9</ele><time>2021-08-21T03:31:31Z</time></trkpt><trkpt lat="36.95521" lon="138.934902"><ele>739.8</ele><time>2021-08-21T03:31:32Z</time></trkpt><trkpt lat="36.955198" lon="138.934893"><ele>739.5</ele><time>2021-08-21T03:31:33Z</time></trkpt><trkpt lat="36.95519" lon="138.934891"><ele>739.4</ele><time>2021-08-21T03:31:34Z</time></trkpt><trkpt lat="36.955185" lon="138.934881"><ele>739.0</ele><time>2021-08-21T03:31:35Z</time></trkpt><trkpt lat="36.955184" lon="138.93488"><ele>739.0</ele><time>2021-08-21T03:31:36Z</time></trkpt><trkpt lat="36.955178" lon="138.934872"><ele>739.1</ele><time>2021-08-21T03:31:37Z</time></trkpt><trkpt lat="36.955177" lon="138.934872"><ele>739.1</ele><time>2021-08-21T03:31:38Z</time></trkpt><trkpt lat="36.955176" lon="138.934868"><ele>739.1</ele><time>2021-08-21T03:31:39Z</time></trkpt><trkpt lat="36.955169" lon="138.934876"><ele>739.1</ele><time>2021-08-21T03:31:40Z</time></trkpt><trkpt lat="36.955157" lon="138.93489"><ele>739.2</ele><time>2021-08-21T03:31:41Z</time></trkpt><trkpt lat="36.955148" lon="138.934909"><ele>739.3</ele><time>2021-08-21T03:31:42Z</time></trkpt><trkpt lat="36.955134" lon="138.934921"><ele>739.4</ele><time>2021-08-21T03:31:43Z</time></trkpt><trkpt lat="36.955123" lon="138.934934"><ele>739.5</ele><time>2021-08-21T03:31:44Z</time></trkpt><trkpt lat="36.955111" lon="138.934944"><ele>739.6</ele><time>2021-08-21T03:31:45Z</time></trkpt><trkpt lat="36.955093" lon="138.934957"><ele>739.7</ele><time>2021-08-21T03:31:46Z</time></trkpt><trkpt lat="36.955082" lon="138.934966"><ele>739.8</ele><time>2021-08-21T03:31:47Z</time></trkpt><trkpt lat="36.955068" lon="138.934974"><ele>739.8</ele><time>2021-08-21T03:31:48Z</time></trkpt><trkpt lat="36.955056" lon="138.934982"><ele>739.9</ele><time>2021-08-21T03:31:49Z</time></trkpt><trkpt lat="36.955052" lon="138.934998"><ele>739.9</ele><time>2021-08-21T03:31:50Z</time></trkpt><trkpt lat="36.955043" lon="138.935014"><ele>740.0</ele><time>2021-08-21T03:31:51Z</time></trkpt><trkpt lat="36.955034" lon="138.935026"><ele>740.1</ele><time>2021-08-21T03:31:52Z</time></trkpt><trkpt lat="36.955021" lon="138.935031"><ele>740.1</ele><time>2021-08-21T03:31:53Z</time></trkpt><trkpt lat="36.955017" lon="138.935042"><ele>740.1</ele><time>2021-08-21T03:31:54Z</time></trkpt><trkpt lat="36.95501" lon="138.935051"><ele>740.2</ele><time>2021-08-21T03:31:55Z</time></trkpt><trkpt lat="36.955003" lon="138.935059"><ele>740.2</ele><time>2021-08-21T03:31:56Z</time></trkpt><trkpt lat="36.95499" lon="138.935068"><ele>740.3</ele><time>2021-08-21T03:31:57Z</time></trkpt><trkpt lat="36.954983" lon="138.935081"><ele>740.3</ele><time>2021-08-21T03:31:58Z</time></trkpt><trkpt lat="36.954976" lon="138.935092"><ele>740.3</ele><time>2021-08-21T03:31:59Z</time></trkpt><trkpt lat="36.95497" lon="138.935104"><ele>740.4</ele><time>2021-08-21T03:32:00Z</time></trkpt><trkpt lat="36.954954" lon="138.93511"><ele>740.5</ele><time>2021-08-21T03:32:01Z</time></trkpt><trkpt lat="36.954947" lon="138.935123"><ele>740.5</ele><time>2021-08-21T03:32:02Z</time></trkpt><trkpt lat="36.95493" lon="138.93514"><ele>740.6</ele><time>2021-08-21T03:32:03Z</time></trkpt><trkpt lat="36.954924" lon="138.935148"><ele>740.6</ele><time>2021-08-21T03:32:04Z</time></trkpt><trkpt lat="36.954917" lon="138.935157"><ele>740.7</ele><time>2021-08-21T03:32:05Z</time></trkpt><trkpt lat="36.954905" lon="138.935162"><ele>740.7</ele><time>2021-08-21T03:32:06Z</time></trkpt><trkpt lat="36.954895" lon="138.935162"><ele>740.8</ele><time>2021-08-21T03:32:07Z</time></trkpt><trkpt lat="36.954884" lon="138.935169"><ele>740.8</ele><time>2021-08-21T03:32:08Z</time></trkpt><trkpt lat="36.954862" lon="138.935182"><ele>740.9</ele><time>2021-08-21T03:32:09Z</time></trkpt><trkpt lat="36.954857" lon="138.935186"><ele>741.0</ele><time>2021-08-21T03:32:10Z</time></trkpt><trkpt lat="36.954851" lon="138.935189"><ele>741.0</ele><time>2021-08-21T03:32:11Z</time></trkpt><trkpt lat="36.954841" lon="138.935195"><ele>741.1</ele><time>2021-08-21T03:32:12Z</time></trkpt><trkpt lat="36.954836" lon="138.935198"><ele>741.1</ele><time>2021-08-21T03:32:13Z</time></trkpt><trkpt lat="36.954828" lon="138.935195"><ele>741.1</ele><time>2021-08-21T03:32:14Z</time></trkpt><trkpt lat="36.954819" lon="138.935193"><ele>741.2</ele><time>2021-08-21T03:32:15Z</time></trkpt><trkpt lat="36.954805" lon="138.93519"><ele>741.3</ele><time>2021-08-21T03:32:16Z</time></trkpt><trkpt lat="36.9548" lon="138.93519"><ele>741.3</ele><time>2021-08-21T03:32:17Z</time></trkpt><trkpt lat="36.954796" lon="138.935189"><ele>741.4</ele><time>2021-08-21T03:32:18Z</time></trkpt><trkpt lat="36.954794" lon="138.935189"><ele>741.4</ele><time>2021-08-21T03:32:19Z</time></trkpt><trkpt lat="36.954799" lon="138.935188"><ele>741.4</ele><time>2021-08-21T03:32:20Z</time></trkpt><trkpt lat="36.954802" lon="138.935188"><ele>741.4</ele><time>2021-08-21T03:32:21Z</time></trkpt><trkpt lat="36.954805" lon="138.935184"><ele>741.5</ele><time>2021-08-21T03:32:22Z</time></trkpt><trkpt lat="36.954804" lon="138.935175"><ele>741.5</ele><time>2021-08-21T03:32:23Z</time></trkpt><trkpt lat="36.954806" lon="138.935175"><ele>741.5</ele><time>2021-08-21T03:32:24Z</time></trkpt><trkpt lat="36.954806" lon="138.935176"><ele>741.5</ele><time>2021-08-21T03:32:25Z</time></trkpt><trkpt lat="36.954807" lon="138.935178"><ele>741.5</ele><time>2021-08-21T03:32:26Z</time></trkpt><trkpt lat="36.954809" lon="138.935183"><ele>741.6</ele><time>2021-08-21T03:32:27Z</time></trkpt><trkpt lat="36.954806" lon="138.935177"><ele>741.6</ele><time>2021-08-21T03:32:28Z</time></trkpt><trkpt lat="36.954826" lon="138.935197"><ele>741.8</ele><time>2021-08-21T03:32:37Z</time></trkpt><trkpt lat="36.954827" lon="138.935189"><ele>741.9</ele><time>2021-08-21T03:32:38Z</time></trkpt><trkpt lat="36.954815" lon="138.935184"><ele>742.0</ele><time>2021-08-21T03:32:39Z</time></trkpt><trkpt lat="36.954809" lon="138.935183"><ele>742.0</ele><time>2021-08-21T03:32:40Z</time></trkpt><trkpt lat="36.954804" lon="138.935185"><ele>742.1</ele><time>2021-08-21T03:32:41Z</time></trkpt><trkpt lat="36.954807" lon="138.935183"><ele>742.1</ele><time>2021-08-21T03:32:42Z</time></trkpt><trkpt lat="36.954803" lon="138.935182"><ele>742.1</ele><time>2021-08-21T03:32:43Z</time></trkpt><trkpt lat="36.954797" lon="138.935194"><ele>742.2</ele><time>2021-08-21T03:32:44Z</time></trkpt><trkpt lat="36.954797" lon="138.935205"><ele>742.3</ele><time>2021-08-21T03:32:45Z</time></trkpt><trkpt lat="36.954794" lon="138.935204"><ele>742.3</ele><time>2021-08-21T03:32:46Z</time></trkpt><trkpt lat="36.954792" lon="138.935214"><ele>742.4</ele><time>2021-08-21T03:32:47Z</time></trkpt><trkpt lat="36.954796" lon="138.935211"><ele>742.5</ele><time>2021-08-21T03:32:48Z</time></trkpt><trkpt lat="36.954735" lon="138.935213"><ele>742.8</ele><time>2021-08-21T03:33:17Z</time></trkpt><trkpt lat="36.954726" lon="138.935216"><ele>742.8</ele><time>2021-08-21T03:33:18Z</time></trkpt><trkpt lat="36.954722" lon="138.935215"><ele>742.7</ele><time>2021-08-21T03:33:19Z</time></trkpt><trkpt lat="36.954711" lon="138.935209"><ele>742.6</ele><time>2021-08-21T03:33:20Z</time></trkpt><trkpt lat="36.954705" lon="138.935215"><ele>742.5</ele><time>2021-08-21T03:33:21Z</time></trkpt><trkpt lat="36.954701" lon="138.935216"><ele>742.5</ele><time>2021-08-21T03:33:22Z</time></trkpt><trkpt lat="36.954691" lon="138.935208"><ele>742.4</ele><time>2021-08-21T03:33:23Z</time></trkpt><trkpt lat="36.954675" lon="138.935203"><ele>742.2</ele><time>2021-08-21T03:33:24Z</time></trkpt><trkpt lat="36.95467" lon="138.935205"><ele>742.1</ele><time>2021-08-21T03:33:25Z</time></trkpt><trkpt lat="36.954659" lon="138.935208"><ele>742.0</ele><time>2021-08-21T03:33:26Z</time></trkpt><trkpt lat="36.95465" lon="138.935216"><ele>741.9</ele><time>2021-08-21T03:33:27Z</time></trkpt><trkpt lat="36.954638" lon="138.935217"><ele>741.8</ele><time>2021-08-21T03:33:28Z</time></trkpt><trkpt lat="36.954629" lon="138.935223"><ele>741.8</ele><time>2021-08-21T03:33:29Z</time></trkpt><trkpt lat="36.954617" lon="138.935221"><ele>741.7</ele><time>2021-08-21T03:33:30Z</time></trkpt><trkpt lat="36.954596" lon="138.935226"><ele>741.5</ele><time>2021-08-21T03:33:31Z</time></trkpt><trkpt lat="36.954588" lon="138.93523"><ele>741.4</ele><time>2021-08-21T03:33:32Z</time></trkpt><trkpt lat="36.954581" lon="138.935233"><ele>741.3</ele><time>2021-08-21T03:33:33Z</time></trkpt><trkpt lat="36.954572" lon="138.935239"><ele>741.3</ele><time>2021-08-21T03:33:34Z</time></trkpt><trkpt lat="36.95456" lon="138.935235"><ele>741.2</ele><time>2021-08-21T03:33:35Z</time></trkpt><trkpt lat="36.95455" lon="138.93524"><ele>741.1</ele><time>2021-08-21T03:33:36Z</time></trkpt><trkpt lat="36.954525" lon="138.935241"><ele>740.9</ele><time>2021-08-21T03:33:37Z</time></trkpt><trkpt lat="36.954512" lon="138.935239"><ele>740.8</ele><time>2021-08-21T03:33:38Z</time></trkpt><trkpt lat="36.9545" lon="138.935247"><ele>740.6</ele><time>2021-08-21T03:33:39Z</time></trkpt><trkpt lat="36.954488" lon="138.935251"><ele>740.5</ele><time>2021-08-21T03:33:40Z</time></trkpt><trkpt lat="36.954479" lon="138.935256"><ele>740.5</ele><time>2021-08-21T03:33:41Z</time></trkpt><trkpt lat="36.954467" lon="138.935258"><ele>740.4</ele><time>2021-08-21T03:33:42Z</time></trkpt><trkpt lat="36.954461" lon="138.935261"><ele>740.3</ele><time>2021-08-21T03:33:43Z</time></trkpt><trkpt lat="36.954446" lon="138.935269"><ele>740.2</ele><time>2021-08-21T03:33:44Z</time></trkpt><trkpt lat="36.954435" lon="138.935275"><ele>740.1</ele><time>2021-08-21T03:33:45Z</time></trkpt><trkpt lat="36.954425" lon="138.93528"><ele>740.0</ele><time>2021-08-21T03:33:46Z</time></trkpt><trkpt lat="36.954418" lon="138.935289"><ele>739.9</ele><time>2021-08-21T03:33:47Z</time></trkpt><trkpt lat="36.954398" lon="138.935293"><ele>739.7</ele><time>2021-08-21T03:33:48Z</time></trkpt><trkpt lat="36.954387" lon="138.935291"><ele>739.6</ele><time>2021-08-21T03:33:49Z</time></trkpt><trkpt lat="36.954376" lon="138.935289"><ele>739.5</ele><time>2021-08-21T03:33:50Z</time></trkpt><trkpt lat="36.954368" lon="138.935284"><ele>739.4</ele><time>2021-08-21T03:33:51Z</time></trkpt><trkpt lat="36.954354" lon="138.935279"><ele>739.3</ele><time>2021-08-21T03:33:52Z</time></trkpt><trkpt lat="36.954342" lon="138.93528"><ele>739.2</ele><time>2021-08-21T03:33:53Z</time></trkpt><trkpt lat="36.954335" lon="138.935274"><ele>739.1</ele><time>2021-08-21T03:33:54Z</time></trkpt><trkpt lat="36.954325" lon="138.935273"><ele>739.0</ele><time>2021-08-21T03:33:55Z</time></trkpt><trkpt lat="36.954318" lon="138.935265"><ele>738.9</ele><time>2021-08-21T03:33:56Z</time></trkpt><trkpt lat="36.95431" lon="138.935264"><ele>738.7</ele><time>2021-08-21T03:33:57Z</time></trkpt><trkpt lat="36.954305" lon="138.935258"><ele>738.6</ele><time>2021-08-21T03:33:58Z</time></trkpt><trkpt lat="36.954298" lon="138.935254"><ele>738.4</ele><time>2021-08-21T03:33:59Z</time></trkpt><trkpt lat="36.954293" lon="138.935244"><ele>738.2</ele><time>2021-08-21T03:34:00Z</time></trkpt><trkpt lat="36.954285" lon="138.935238"><ele>738.0</ele><time>2021-08-21T03:34:01Z</time></trkpt><trkpt lat="36.954269" lon="138.935226"><ele>737.6</ele><time>2021-08-21T03:34:02Z</time></trkpt><trkpt lat="36.954261" lon="138.935219"><ele>737.4</ele><time>2021-08-21T03:34:03Z</time></trkpt><trkpt lat="36.954254" lon="138.935213"><ele>737.2</ele><time>2021-08-21T03:34:04Z</time></trkpt><trkpt lat="36.954242" lon="138.935203"><ele>736.8</ele><time>2021-08-21T03:34:05Z</time></trkpt><trkpt lat="36.954236" lon="138.935196"><ele>736.7</ele><time>2021-08-21T03:34:06Z</time></trkpt><trkpt lat="36.954231" lon="138.935189"><ele>736.5</ele><time>2021-08-21T03:34:07Z</time></trkpt><trkpt lat="36.954225" lon="138.935182"><ele>736.3</ele><time>2021-08-21T03:34:08Z</time></trkpt><trkpt lat="36.954216" lon="138.935178"><ele>736.1</ele><time>2021-08-21T03:34:09Z</time></trkpt><trkpt lat="36.954206" lon="138.935174"><ele>735.9</ele><time>2021-08-21T03:34:10Z</time></trkpt><trkpt lat="36.954194" lon="138.935164"><ele>735.5</ele><time>2021-08-21T03:34:11Z</time></trkpt><trkpt lat="36.954181" lon="138.935161"><ele>735.2</ele><time>2021-08-21T03:34:12Z</time></trkpt><trkpt lat="36.954174" lon="138.93516"><ele>735.1</ele><time>2021-08-21T03:34:13Z</time></trkpt><trkpt lat="36.954164" lon="138.935145"><ele>734.7</ele><time>2021-08-21T03:34:14Z</time></trkpt><trkpt lat="36.954151" lon="138.93513"><ele>734.3</ele><time>2021-08-21T03:34:15Z</time></trkpt><trkpt lat="36.95414" lon="138.935121"><ele>734.0</ele><time>2021-08-21T03:34:16Z</time></trkpt><trkpt lat="36.954126" lon="138.935104"><ele>734.1</ele><time>2021-08-21T03:34:17Z</time></trkpt><trkpt lat="36.95412" lon="138.935095"><ele>734.1</ele><time>2021-08-21T03:34:18Z</time></trkpt><trkpt lat="36.954114" lon="138.935087"><ele>734.1</ele><time>2021-08-21T03:34:19Z</time></trkpt><trkpt lat="36.954105" lon="138.935081"><ele>734.2</ele><time>2021-08-21T03:34:20Z</time></trkpt><trkpt lat="36.954096" lon="138.935077"><ele>734.2</ele><time>2021-08-21T03:34:21Z</time></trkpt><trkpt lat="36.954088" lon="138.935068"><ele>734.2</ele><time>2021-08-21T03:34:22Z</time></trkpt><trkpt lat="36.954085" lon="138.935057"><ele>734.3</ele><time>2021-08-21T03:34:23Z</time></trkpt><trkpt lat="36.954081" lon="138.935049"><ele>734.3</ele><time>2021-08-21T03:34:24Z</time></trkpt><trkpt lat="36.954068" lon="138.935045"><ele>734.3</ele><time>2021-08-21T03:34:25Z</time></trkpt><trkpt lat="36.954065" lon="138.935035"><ele>734.4</ele><time>2021-08-21T03:34:26Z</time></trkpt><trkpt lat="36.954059" lon="138.93501"><ele>734.5</ele><time>2021-08-21T03:34:27Z</time></trkpt><trkpt lat="36.954057" lon="138.935001"><ele>734.5</ele><time>2021-08-21T03:34:28Z</time></trkpt><trkpt lat="36.954054" lon="138.934991"><ele>734.5</ele><time>2021-08-21T03:34:29Z</time></trkpt><trkpt lat="36.954052" lon="138.934975"><ele>734.6</ele><time>2021-08-21T03:34:30Z</time></trkpt><trkpt lat="36.954056" lon="138.934957"><ele>734.6</ele><time>2021-08-21T03:34:31Z</time></trkpt><trkpt lat="36.954049" lon="138.934931"><ele>734.7</ele><time>2021-08-21T03:34:32Z</time></trkpt><trkpt lat="36.954045" lon="138.934923"><ele>734.8</ele><time>2021-08-21T03:34:33Z</time></trkpt><trkpt lat="36.954042" lon="138.934914"><ele>734.8</ele><time>2021-08-21T03:34:34Z</time></trkpt><trkpt lat="36.954041" lon="138.934887"><ele>734.9</ele><time>2021-08-21T03:34:35Z</time></trkpt><trkpt lat="36.95404" lon="138.934878"><ele>734.9</ele><time>2021-08-21T03:34:36Z</time></trkpt><trkpt lat="36.95404" lon="138.934868"><ele>735.0</ele><time>2021-08-21T03:34:37Z</time></trkpt><trkpt lat="36.954037" lon="138.934855"><ele>735.0</ele><time>2021-08-21T03:34:38Z</time></trkpt><trkpt lat="36.954034" lon="138.934841"><ele>735.1</ele><time>2021-08-21T03:34:39Z</time></trkpt><trkpt lat="36.954031" lon="138.93483"><ele>735.1</ele><time>2021-08-21T03:34:40Z</time></trkpt><trkpt lat="36.954027" lon="138.934815"><ele>735.2</ele><time>2021-08-21T03:34:41Z</time></trkpt><trkpt lat="36.954025" lon="138.934808"><ele>735.2</ele><time>2021-08-21T03:34:42Z</time></trkpt><trkpt lat="36.954022" lon="138.934794"><ele>735.2</ele><time>2021-08-21T03:34:43Z</time></trkpt><trkpt lat="36.95402" lon="138.934776"><ele>735.3</ele><time>2021-08-21T03:34:44Z</time></trkpt><trkpt lat="36.954017" lon="138.934772"><ele>735.3</ele><time>2021-08-21T03:34:45Z</time></trkpt><trkpt lat="36.954016" lon="138.934766"><ele>735.4</ele><time>2021-08-21T03:34:46Z</time></trkpt><trkpt lat="36.95402" lon="138.934777"><ele>735.4</ele><time>2021-08-21T03:34:47Z</time></trkpt><trkpt lat="36.954016" lon="138.934769"><ele>735.4</ele><time>2021-08-21T03:34:48Z</time></trkpt><trkpt lat="36.954013" lon="138.934758"><ele>735.5</ele><time>2021-08-21T03:34:49Z</time></trkpt><trkpt lat="36.954015" lon="138.934754"><ele>735.5</ele><time>2021-08-21T03:34:50Z</time></trkpt><trkpt lat="36.954016" lon="138.934755"><ele>735.5</ele><time>2021-08-21T03:34:51Z</time></trkpt><trkpt lat="36.954023" lon="138.934757"><ele>735.5</ele><time>2021-08-21T03:34:52Z</time></trkpt><trkpt lat="36.954021" lon="138.934758"><ele>735.5</ele><time>2021-08-21T03:34:53Z</time></trkpt><trkpt lat="36.954018" lon="138.934745"><ele>735.6</ele><time>2021-08-21T03:34:54Z</time></trkpt><trkpt lat="36.954019" lon="138.93473"><ele>735.6</ele><time>2021-08-21T03:34:55Z</time></trkpt><trkpt lat="36.954021" lon="138.934716"><ele>735.7</ele><time>2021-08-21T03:34:56Z</time></trkpt><trkpt lat="36.954018" lon="138.934702"><ele>735.7</ele><time>2021-08-21T03:34:57Z</time></trkpt><trkpt lat="36.954013" lon="138.934692"><ele>735.8</ele><time>2021-08-21T03:34:58Z</time></trkpt><trkpt lat="36.95401" lon="138.934678"><ele>735.8</ele><time>2021-08-21T03:34:59Z</time></trkpt><trkpt lat="36.954008" lon="138.934665"><ele>735.9</ele><time>2021-08-21T03:35:00Z</time></trkpt><trkpt lat="36.954005" lon="138.934649"><ele>735.9</ele><time>2021-08-21T03:35:01Z</time></trkpt><trkpt lat="36.954002" lon="138.934635"><ele>736.0</ele><time>2021-08-21T03:35:02Z</time></trkpt><trkpt lat="36.954008" lon="138.934628"><ele>736.0</ele><time>2021-08-21T03:35:03Z</time></trkpt><trkpt lat="36.954007" lon="138.934616"><ele>736.0</ele><time>2021-08-21T03:35:04Z</time></trkpt><trkpt lat="36.954004" lon="138.934603"><ele>736.1</ele><time>2021-08-21T03:35:05Z</time></trkpt><trkpt lat="36.954008" lon="138.934591"><ele>736.1</ele><time>2021-08-21T03:35:06Z</time></trkpt><trkpt lat="36.954009" lon="138.934586"><ele>736.2</ele><time>2021-08-21T03:35:07Z</time></trkpt><trkpt lat="36.954009" lon="138.934582"><ele>736.2</ele><time>2021-08-21T03:35:08Z</time></trkpt><trkpt lat="36.954017" lon="138.934577"><ele>736.2</ele><time>2021-08-21T03:35:09Z</time></trkpt><trkpt lat="36.95402" lon="138.934572"><ele>736.2</ele><time>2021-08-21T03:35:10Z</time></trkpt><trkpt lat="36.954019" lon="138.934566"><ele>736.2</ele><time>2021-08-21T03:35:11Z</time></trkpt><trkpt lat="36.954014" lon="138.934565"><ele>736.3</ele><time>2021-08-21T03:35:12Z</time></trkpt><trkpt lat="36.954011" lon="138.934562"><ele>736.3</ele><time>2021-08-21T03:35:13Z</time></trkpt><trkpt lat="36.954008" lon="138.934547"><ele>736.3</ele><time>2021-08-21T03:35:14Z</time></trkpt><trkpt lat="36.954004" lon="138.934534"><ele>736.4</ele><time>2021-08-21T03:35:15Z</time></trkpt><trkpt lat="36.954005" lon="138.934523"><ele>736.4</ele><time>2021-08-21T03:35:16Z</time></trkpt><trkpt lat="36.954004" lon="138.934511"><ele>736.5</ele><time>2021-08-21T03:35:17Z</time></trkpt><trkpt lat="36.954004" lon="138.934498"><ele>736.5</ele><time>2021-08-21T03:35:18Z</time></trkpt><trkpt lat="36.954003" lon="138.934487"><ele>736.5</ele><time>2021-08-21T03:35:19Z</time></trkpt><trkpt lat="36.954004" lon="138.934473"><ele>736.6</ele><time>2021-08-21T03:35:20Z</time></trkpt><trkpt lat="36.954" lon="138.934463"><ele>736.6</ele><time>2021-08-21T03:35:21Z</time></trkpt><trkpt lat="36.953997" lon="138.934448"><ele>736.7</ele><time>2021-08-21T03:35:23Z</time></trkpt><trkpt lat="36.953996" lon="138.934435"><ele>736.7</ele><time>2021-08-21T03:35:24Z</time></trkpt><trkpt lat="36.953995" lon="138.934428"><ele>736.7</ele><time>2021-08-21T03:35:25Z</time></trkpt><trkpt lat="36.95399" lon="138.934418"><ele>736.8</ele><time>2021-08-21T03:35:26Z</time></trkpt><trkpt lat="36.953988" lon="138.934408"><ele>736.8</ele><time>2021-08-21T03:35:27Z</time></trkpt><trkpt lat="36.953993" lon="138.934405"><ele>736.8</ele><time>2021-08-21T03:35:28Z</time></trkpt><trkpt lat="36.953995" lon="138.934403"><ele>736.8</ele><time>2021-08-21T03:35:29Z</time></trkpt><trkpt lat="36.953995" lon="138.934408"><ele>736.9</ele><time>2021-08-21T03:35:30Z</time></trkpt><trkpt lat="36.953996" lon="138.934406"><ele>736.9</ele><time>2021-08-21T03:35:31Z</time></trkpt><trkpt lat="36.953999" lon="138.9344"><ele>736.9</ele><time>2021-08-21T03:35:32Z</time></trkpt><trkpt lat="36.953994" lon="138.934385"><ele>736.9</ele><time>2021-08-21T03:35:33Z</time></trkpt><trkpt lat="36.953993" lon="138.934371"><ele>737.0</ele><time>2021-08-21T03:35:34Z</time></trkpt><trkpt lat="36.953991" lon="138.934356"><ele>737.0</ele><time>2021-08-21T03:35:35Z</time></trkpt><trkpt lat="36.953985" lon="138.934344"><ele>737.1</ele><time>2021-08-21T03:35:36Z</time></trkpt><trkpt lat="36.953976" lon="138.934334"><ele>737.1</ele><time>2021-08-21T03:35:37Z</time></trkpt><trkpt lat="36.953971" lon="138.934325"><ele>737.2</ele><time>2021-08-21T03:35:38Z</time></trkpt><trkpt lat="36.953968" lon="138.934314"><ele>737.2</ele><time>2021-08-21T03:35:39Z</time></trkpt><trkpt lat="36.953963" lon="138.934299"><ele>737.3</ele><time>2021-08-21T03:35:40Z</time></trkpt><trkpt lat="36.953959" lon="138.934283"><ele>737.3</ele><time>2021-08-21T03:35:41Z</time></trkpt><trkpt lat="36.95395" lon="138.934247"><ele>737.4</ele><time>2021-08-21T03:35:42Z</time></trkpt><trkpt lat="36.953948" lon="138.934238"><ele>737.4</ele><time>2021-08-21T03:35:43Z</time></trkpt><trkpt lat="36.953945" lon="138.934224"><ele>737.5</ele><time>2021-08-21T03:35:44Z</time></trkpt><trkpt lat="36.953942" lon="138.934207"><ele>737.5</ele><time>2021-08-21T03:35:45Z</time></trkpt><trkpt lat="36.953939" lon="138.934195"><ele>737.5</ele><time>2021-08-21T03:35:46Z</time></trkpt><trkpt lat="36.95393" lon="138.934189"><ele>737.5</ele><time>2021-08-21T03:35:47Z</time></trkpt><trkpt lat="36.95392" lon="138.934183"><ele>737.6</ele><time>2021-08-21T03:35:48Z</time></trkpt><trkpt lat="36.953912" lon="138.934178"><ele>737.6</ele><time>2021-08-21T03:35:49Z</time></trkpt><trkpt lat="36.953911" lon="138.934174"><ele>737.6</ele><time>2021-08-21T03:35:50Z</time></trkpt><trkpt lat="36.953911" lon="138.934166"><ele>737.6</ele><time>2021-08-21T03:35:51Z</time></trkpt><trkpt lat="36.953911" lon="138.934151"><ele>737.6</ele><time>2021-08-21T03:35:52Z</time></trkpt><trkpt lat="36.953907" lon="138.934137"><ele>737.7</ele><time>2021-08-21T03:35:53Z</time></trkpt><trkpt lat="36.953904" lon="138.934131"><ele>737.7</ele><time>2021-08-21T03:35:54Z</time></trkpt><trkpt lat="36.953891" lon="138.934125"><ele>737.7</ele><time>2021-08-21T03:35:55Z</time></trkpt><trkpt lat="36.953887" lon="138.934121"><ele>737.7</ele><time>2021-08-21T03:35:56Z</time></trkpt><trkpt lat="36.953881" lon="138.934108"><ele>737.7</ele><time>2021-08-21T03:35:57Z</time></trkpt><trkpt lat="36.953873" lon="138.934102"><ele>737.7</ele><time>2021-08-21T03:35:58Z</time></trkpt><trkpt lat="36.953869" lon="138.934099"><ele>737.7</ele><time>2021-08-21T03:35:59Z</time></trkpt><trkpt lat="36.953859" lon="138.934084"><ele>737.8</ele><time>2021-08-21T03:36:00Z</time></trkpt><trkpt lat="36.953855" lon="138.934085"><ele>737.8</ele><time>2021-08-21T03:36:01Z</time></trkpt><trkpt lat="36.95385" lon="138.934077"><ele>737.8</ele><time>2021-08-21T03:36:02Z</time></trkpt><trkpt lat="36.953844" lon="138.93406"><ele>737.8</ele><time>2021-08-21T03:36:03Z</time></trkpt><trkpt lat="36.953838" lon="138.934055"><ele>737.8</ele><time>2021-08-21T03:36:04Z</time></trkpt><trkpt lat="36.953831" lon="138.934044"><ele>737.8</ele><time>2021-08-21T03:36:05Z</time></trkpt><trkpt lat="36.953824" lon="138.934037"><ele>737.8</ele><time>2021-08-21T03:36:06Z</time></trkpt><trkpt lat="36.953823" lon="138.934032"><ele>737.8</ele><time>2021-08-21T03:36:07Z</time></trkpt><trkpt lat="36.953821" lon="138.934025"><ele>737.8</ele><time>2021-08-21T03:36:08Z</time></trkpt><trkpt lat="36.953819" lon="138.93402"><ele>737.8</ele><time>2021-08-21T03:36:09Z</time></trkpt><trkpt lat="36.953817" lon="138.934013"><ele>737.8</ele><time>2021-08-21T03:36:10Z</time></trkpt><trkpt lat="36.953815" lon="138.934001"><ele>737.8</ele><time>2021-08-21T03:36:11Z</time></trkpt><trkpt lat="36.953817" lon="138.93399"><ele>737.9</ele><time>2021-08-21T03:36:12Z</time></trkpt><trkpt lat="36.953824" lon="138.933984"><ele>737.9</ele><time>2021-08-21T03:36:13Z</time></trkpt><trkpt lat="36.953834" lon="138.933982"><ele>737.9</ele><time>2021-08-21T03:36:14Z</time></trkpt><trkpt lat="36.953843" lon="138.933977"><ele>737.9</ele><time>2021-08-21T03:36:15Z</time></trkpt><trkpt lat="36.953851" lon="138.933974"><ele>737.9</ele><time>2021-08-21T03:36:16Z</time></trkpt><trkpt lat="36.953858" lon="138.933974"><ele>737.9</ele><time>2021-08-21T03:36:17Z</time></trkpt><trkpt lat="36.95386" lon="138.933973"><ele>737.9</ele><time>2021-08-21T03:36:18Z</time></trkpt><trkpt lat="36.953866" lon="138.933973"><ele>737.9</ele><time>2021-08-21T03:36:19Z</time></trkpt><trkpt lat="36.953873" lon="138.933975"><ele>737.9</ele><time>2021-08-21T03:36:20Z</time></trkpt><trkpt lat="36.953884" lon="138.933976"><ele>737.9</ele><time>2021-08-21T03:36:21Z</time></trkpt><trkpt lat="36.953886" lon="138.933977"><ele>737.9</ele><time>2021-08-21T03:36:22Z</time></trkpt><trkpt lat="36.953887" lon="138.933977"><ele>737.9</ele><time>2021-08-21T03:36:23Z</time></trkpt><trkpt lat="36.953889" lon="138.933978"><ele>737.9</ele><time>2021-08-21T03:36:24Z</time></trkpt><trkpt lat="36.95389" lon="138.933978"><ele>737.9</ele><time>2021-08-21T03:36:25Z</time></trkpt><trkpt lat="36.953891" lon="138.933979"><ele>737.9</ele><time>2021-08-21T03:36:26Z</time></trkpt><trkpt lat="36.953893" lon="138.933979"><ele>737.9</ele><time>2021-08-21T03:36:27Z</time></trkpt><trkpt lat="36.953894" lon="138.93398"><ele>737.9</ele><time>2021-08-21T03:36:28Z</time></trkpt><trkpt lat="36.953896" lon="138.93398"><ele>737.9</ele><time>2021-08-21T03:36:29Z</time></trkpt><trkpt lat="36.953897" lon="138.933981"><ele>737.9</ele><time>2021-08-21T03:36:30Z</time></trkpt><trkpt lat="36.953899" lon="138.933981"><ele>737.9</ele><time>2021-08-21T03:36:31Z</time></trkpt><trkpt lat="36.9539" lon="138.933982"><ele>737.9</ele><time>2021-08-21T03:36:32Z</time></trkpt><trkpt lat="36.953901" lon="138.933982"><ele>737.9</ele><time>2021-08-21T03:36:33Z</time></trkpt><trkpt lat="36.953903" lon="138.933983"><ele>737.9</ele><time>2021-08-21T03:37:12Z</time></trkpt><trkpt lat="36.953904" lon="138.933983"><ele>737.9</ele><time>2021-08-21T03:37:13Z</time></trkpt><trkpt lat="36.953906" lon="138.933984"><ele>737.9</ele><time>2021-08-21T03:37:14Z</time></trkpt><trkpt lat="36.953907" lon="138.933984"><ele>737.9</ele><time>2021-08-21T03:37:15Z</time></trkpt><trkpt lat="36.953907" lon="138.933987"><ele>737.9</ele><time>2021-08-21T03:37:16Z</time></trkpt><trkpt lat="36.953908" lon="138.933989"><ele>737.9</ele><time>2021-08-21T03:37:17Z</time></trkpt><trkpt lat="36.953909" lon="138.933989"><ele>737.9</ele><time>2021-08-21T03:37:18Z</time></trkpt><trkpt lat="36.953908" lon="138.933984"><ele>737.9</ele><time>2021-08-21T03:37:19Z</time></trkpt><trkpt lat="36.953906" lon="138.933986"><ele>737.9</ele><time>2021-08-21T03:37:20Z</time></trkpt><trkpt lat="36.953907" lon="138.933982"><ele>737.9</ele><time>2021-08-21T03:37:21Z</time></trkpt><trkpt lat="36.953905" lon="138.93399"><ele>737.9</ele><time>2021-08-21T03:37:22Z</time></trkpt><trkpt lat="36.953905" lon="138.93399"><ele>737.9</ele><time>2021-08-21T03:37:23Z</time></trkpt><trkpt lat="36.953905" lon="138.933988"><ele>737.9</ele><time>2021-08-21T03:37:24Z</time></trkpt><trkpt lat="36.953902" lon="138.933987"><ele>737.9</ele><time>2021-08-21T03:37:25Z</time></trkpt><trkpt lat="36.953882" lon="138.933935"><ele>737.9</ele><time>2021-08-21T03:37:53Z</time></trkpt><trkpt lat="36.953872" lon="138.933922"><ele>737.9</ele><time>2021-08-21T03:37:54Z</time></trkpt><trkpt lat="36.953861" lon="138.933925"><ele>737.9</ele><time>2021-08-21T03:37:55Z</time></trkpt><trkpt lat="36.953848" lon="138.933922"><ele>737.9</ele><time>2021-08-21T03:37:56Z</time></trkpt><trkpt lat="36.953839" lon="138.933922"><ele>737.9</ele><time>2021-08-21T03:37:57Z</time></trkpt><trkpt lat="36.953831" lon="138.933914"><ele>737.9</ele><time>2021-08-21T03:37:58Z</time></trkpt><trkpt lat="36.953821" lon="138.93391"><ele>737.9</ele><time>2021-08-21T03:37:59Z</time></trkpt><trkpt lat="36.953815" lon="138.933901"><ele>737.9</ele><time>2021-08-21T03:38:00Z</time></trkpt><trkpt lat="36.953806" lon="138.933895"><ele>737.9</ele><time>2021-08-21T03:38:01Z</time></trkpt><trkpt lat="36.953797" lon="138.933892"><ele>737.9</ele><time>2021-08-21T03:38:02Z</time></trkpt><trkpt lat="36.953789" lon="138.933887"><ele>737.9</ele><time>2021-08-21T03:38:03Z</time></trkpt><trkpt lat="36.953781" lon="138.933883"><ele>737.9</ele><time>2021-08-21T03:38:04Z</time></trkpt><trkpt lat="36.953772" lon="138.93388"><ele>737.9</ele><time>2021-08-21T03:38:05Z</time></trkpt><trkpt lat="36.95376" lon="138.933881"><ele>737.9</ele><time>2021-08-21T03:38:06Z</time></trkpt><trkpt lat="36.953749" lon="138.933878"><ele>737.9</ele><time>2021-08-21T03:38:07Z</time></trkpt><trkpt lat="36.953742" lon="138.933866"><ele>737.9</ele><time>2021-08-21T03:38:08Z</time></trkpt><trkpt lat="36.953733" lon="138.933861"><ele>737.9</ele><time>2021-08-21T03:38:09Z</time></trkpt><trkpt lat="36.953726" lon="138.933853"><ele>737.9</ele><time>2021-08-21T03:38:10Z</time></trkpt><trkpt lat="36.953718" lon="138.933842"><ele>737.9</ele><time>2021-08-21T03:38:11Z</time></trkpt><trkpt lat="36.953717" lon="138.933846"><ele>737.9</ele><time>2021-08-21T03:38:12Z</time></trkpt><trkpt lat="36.953718" lon="138.933848"><ele>737.9</ele><time>2021-08-21T03:38:13Z</time></trkpt><trkpt lat="36.953718" lon="138.933853"><ele>737.9</ele><time>2021-08-21T03:38:14Z</time></trkpt><trkpt lat="36.953715" lon="138.933851"><ele>737.9</ele><time>2021-08-21T03:38:15Z</time></trkpt><trkpt lat="36.953718" lon="138.933847"><ele>737.9</ele><time>2021-08-21T03:38:16Z</time></trkpt><trkpt lat="36.953719" lon="138.933845"><ele>737.9</ele><time>2021-08-21T03:38:17Z</time></trkpt><trkpt lat="36.953716" lon="138.933844"><ele>737.9</ele><time>2021-08-21T03:38:18Z</time></trkpt><trkpt lat="36.953717" lon="138.933835"><ele>737.9</ele><time>2021-08-21T03:38:19Z</time></trkpt><trkpt lat="36.953716" lon="138.933828"><ele>737.9</ele><time>2021-08-21T03:38:20Z</time></trkpt><trkpt lat="36.953714" lon="138.933826"><ele>737.9</ele><time>2021-08-21T03:38:21Z</time></trkpt><trkpt lat="36.953919" lon="138.933967"><ele>737.4</ele><time>2021-08-21T03:39:38Z</time></trkpt><trkpt lat="36.953915" lon="138.933959"><ele>737.4</ele><time>2021-08-21T03:39:39Z</time></trkpt><trkpt lat="36.953915" lon="138.933969"><ele>737.3</ele><time>2021-08-21T03:39:40Z</time></trkpt><trkpt lat="36.953913" lon="138.933972"><ele>737.3</ele><time>2021-08-21T03:39:41Z</time></trkpt><trkpt lat="36.953913" lon="138.933975"><ele>737.3</ele><time>2021-08-21T03:39:42Z</time></trkpt><trkpt lat="36.953912" lon="138.933973"><ele>737.3</ele><time>2021-08-21T03:39:43Z</time></trkpt><trkpt lat="36.953909" lon="138.933975"><ele>737.3</ele><time>2021-08-21T03:39:44Z</time></trkpt><trkpt lat="36.953907" lon="138.933974"><ele>737.3</ele><time>2021-08-21T03:39:45Z</time></trkpt><trkpt lat="36.953905" lon="138.933975"><ele>737.3</ele><time>2021-08-21T03:39:46Z</time></trkpt><trkpt lat="36.953905" lon="138.933975"><ele>737.3</ele><time>2021-08-21T03:39:47Z</time></trkpt><trkpt lat="36.953905" lon="138.933974"><ele>737.3</ele><time>2021-08-21T03:39:48Z</time></trkpt><trkpt lat="36.953906" lon="138.933977"><ele>737.3</ele><time>2021-08-21T03:39:49Z</time></trkpt><trkpt lat="36.953884" lon="138.933944"><ele>737.1</ele><time>2021-08-21T04:52:09Z</time></trkpt><trkpt lat="36.953882" lon="138.933936"><ele>737.1</ele><time>2021-08-21T04:52:10Z</time></trkpt><trkpt lat="36.953884" lon="138.93394"><ele>737.1</ele><time>2021-08-21T04:52:11Z</time></trkpt><trkpt lat="36.95388" lon="138.93392"><ele>737.0</ele><time>2021-08-21T04:52:12Z</time></trkpt><trkpt lat="36.953882" lon="138.933917"><ele>737.0</ele><time>2021-08-21T04:52:13Z</time></trkpt><trkpt lat="36.953884" lon="138.933923"><ele>737.0</ele><time>2021-08-21T04:52:14Z</time></trkpt><trkpt lat="36.953884" lon="138.933927"><ele>737.0</ele><time>2021-08-21T04:52:15Z</time></trkpt><trkpt lat="36.953882" lon="138.933928"><ele>736.9</ele><time>2021-08-21T04:52:16Z</time></trkpt><trkpt lat="36.953877" lon="138.933934"><ele>736.9</ele><time>2021-08-21T04:52:17Z</time></trkpt><trkpt lat="36.953869" lon="138.93394"><ele>736.9</ele><time>2021-08-21T04:52:18Z</time></trkpt><trkpt lat="36.953859" lon="138.933946"><ele>736.8</ele><time>2021-08-21T04:52:19Z</time></trkpt><trkpt lat="36.953809" lon="138.933922"><ele>736.6</ele><time>2021-08-21T04:52:20Z</time></trkpt><trkpt lat="36.953769" lon="138.933893"><ele>736.4</ele><time>2021-08-21T04:52:21Z</time></trkpt><trkpt lat="36.953729" lon="138.933864"><ele>736.3</ele><time>2021-08-21T04:52:22Z</time></trkpt><trkpt lat="36.953689" lon="138.933835"><ele>736.1</ele><time>2021-08-21T04:52:39Z</time></trkpt><trkpt lat="36.953649" lon="138.933806"><ele>736.0</ele><time>2021-08-21T04:52:40Z</time></trkpt><trkpt lat="36.953627" lon="138.933781"><ele>735.9</ele><time>2021-08-21T04:52:41Z</time></trkpt><trkpt lat="36.953605" lon="138.933752"><ele>735.8</ele><time>2021-08-21T04:52:42Z</time></trkpt><trkpt lat="36.953575" lon="138.933713"><ele>735.7</ele><time>2021-08-21T04:52:43Z</time></trkpt><trkpt lat="36.953541" lon="138.933674"><ele>735.5</ele><time>2021-08-21T04:52:44Z</time></trkpt><trkpt lat="36.9535" lon="138.933627"><ele>735.4</ele><time>2021-08-21T04:52:45Z</time></trkpt><trkpt lat="36.953456" lon="138.933575"><ele>735.1</ele><time>2021-08-21T04:52:46Z</time></trkpt><trkpt lat="36.953406" lon="138.933523"><ele>734.9</ele><time>2021-08-21T04:52:47Z</time></trkpt><trkpt lat="36.953358" lon="138.933484"><ele>734.6</ele><time>2021-08-21T04:52:48Z</time></trkpt><trkpt lat="36.953313" lon="138.933453"><ele>734.4</ele><time>2021-08-21T04:52:49Z</time></trkpt><trkpt lat="36.953276" lon="138.933431"><ele>734.2</ele><time>2021-08-21T04:52:50Z</time></trkpt><trkpt lat="36.953234" lon="138.933419"><ele>734.0</ele><time>2021-08-21T04:52:51Z</time></trkpt><trkpt lat="36.953182" lon="138.93343"><ele>733.7</ele><time>2021-08-21T04:52:52Z</time></trkpt><trkpt lat="36.953131" lon="138.933457"><ele>733.5</ele><time>2021-08-21T04:52:53Z</time></trkpt><trkpt lat="36.95308" lon="138.93349"><ele>733.3</ele><time>2021-08-21T04:52:54Z</time></trkpt><trkpt lat="36.953033" lon="138.933524"><ele>733.2</ele><time>2021-08-21T04:52:55Z</time></trkpt><trkpt lat="36.952988" lon="138.933543"><ele>733.1</ele><time>2021-08-21T04:52:56Z</time></trkpt><trkpt lat="36.952956" lon="138.933539"><ele>733.1</ele><time>2021-08-21T04:52:57Z</time></trkpt><trkpt lat="36.95295" lon="138.933536"><ele>733.1</ele><time>2021-08-21T04:52:58Z</time></trkpt><trkpt lat="36.952937" lon="138.93353"><ele>733.1</ele><time>2021-08-21T04:52:59Z</time></trkpt><trkpt lat="36.952917" lon="138.933521"><ele>733.1</ele><time>2021-08-21T04:53:00Z</time></trkpt><trkpt lat="36.952887" lon="138.933502"><ele>732.2</ele><time>2021-08-21T04:53:01Z</time></trkpt><trkpt lat="36.952877" lon="138.933497"><ele>731.8</ele><time>2021-08-21T04:53:02Z</time></trkpt><trkpt lat="36.952856" lon="138.933486"><ele>731.1</ele><time>2021-08-21T04:53:03Z</time></trkpt><trkpt lat="36.952837" lon="138.933476"><ele>730.5</ele><time>2021-08-21T04:53:05Z</time></trkpt><trkpt lat="36.952812" lon="138.933462"><ele>729.6</ele><time>2021-08-21T04:53:06Z</time></trkpt><trkpt lat="36.952779" lon="138.933448"><ele>728.5</ele><time>2021-08-21T04:53:07Z</time></trkpt><trkpt lat="36.952749" lon="138.933434"><ele>727.5</ele><time>2021-08-21T04:53:08Z</time></trkpt><trkpt lat="36.952715" lon="138.933421"><ele>726.3</ele><time>2021-08-21T04:53:09Z</time></trkpt><trkpt lat="36.952684" lon="138.933398"><ele>726.0</ele><time>2021-08-21T04:53:10Z</time></trkpt><trkpt lat="36.952659" lon="138.933381"><ele>726.0</ele><time>2021-08-21T04:53:11Z</time></trkpt><trkpt lat="36.952634" lon="138.933374"><ele>726.0</ele><time>2021-08-21T04:53:12Z</time></trkpt><trkpt lat="36.952628" lon="138.933365"><ele>725.9</ele><time>2021-08-21T04:53:13Z</time></trkpt><trkpt lat="36.952623" lon="138.933357"><ele>725.8</ele><time>2021-08-21T04:53:14Z</time></trkpt><trkpt lat="36.952617" lon="138.933348"><ele>725.8</ele><time>2021-08-21T04:53:15Z</time></trkpt><trkpt lat="36.952612" lon="138.93334"><ele>725.7</ele><time>2021-08-21T04:53:16Z</time></trkpt><trkpt lat="36.952607" lon="138.933331"><ele>725.6</ele><time>2021-08-21T04:53:17Z</time></trkpt><trkpt lat="36.952601" lon="138.933323"><ele>725.6</ele><time>2021-08-21T04:53:18Z</time></trkpt><trkpt lat="36.952596" lon="138.933315"><ele>725.5</ele><time>2021-08-21T04:53:19Z</time></trkpt><trkpt lat="36.95259" lon="138.933306"><ele>725.4</ele><time>2021-08-21T04:53:20Z</time></trkpt><trkpt lat="36.952585" lon="138.933298"><ele>725.3</ele><time>2021-08-21T04:53:21Z</time></trkpt><trkpt lat="36.952579" lon="138.933289"><ele>725.3</ele><time>2021-08-21T04:53:28Z</time></trkpt><trkpt lat="36.952574" lon="138.933281"><ele>725.2</ele><time>2021-08-21T04:53:29Z</time></trkpt><trkpt lat="36.952565" lon="138.933247"><ele>725.0</ele><time>2021-08-21T04:53:30Z</time></trkpt><trkpt lat="36.952563" lon="138.933214"><ele>724.7</ele><time>2021-08-21T04:53:31Z</time></trkpt><trkpt lat="36.95255" lon="138.933177"><ele>724.5</ele><time>2021-08-21T04:53:32Z</time></trkpt><trkpt lat="36.952548" lon="138.933167"><ele>724.4</ele><time>2021-08-21T04:53:33Z</time></trkpt><trkpt lat="36.952533" lon="138.933128"><ele>724.1</ele><time>2021-08-21T04:53:34Z</time></trkpt><trkpt lat="36.952524" lon="138.933115"><ele>724.0</ele><time>2021-08-21T04:53:35Z</time></trkpt><trkpt lat="36.952503" lon="138.933084"><ele>723.7</ele><time>2021-08-21T04:53:36Z</time></trkpt><trkpt lat="36.952474" lon="138.933052"><ele>723.4</ele><time>2021-08-21T04:53:37Z</time></trkpt></trkseg></trk></gpx>