<?xml version='1.0' encoding='UTF-8'?><gpx creator="YAMAP - https://yamap.com" xsi:schemaLocation="http://www.topografix.com/GPX/1/1 http://www.topografix.com/GPX/1/1/gpx.xsd" version="1.1" xmlns="http://www.topografix.com/GPX/1/1" xmlns:xsi="http://www.w3.org/2001/XMLSchema-instance"><metadata><bounds maxlat="36.56765790210617" maxlon="138.47223668724706" minlat="36.53440581110751" minlon="138.41292017543486"/></metadata><trk><name>茨木山・四阿山・浦倉山</name><number>1</number><trkseg><trkpt lat="36.5551310917703" lon="138.46454182652613"><ele>1458.7284393310547</ele><time>2021-10-02T23:48:24Z</time></trkpt><trkpt lat="36.55494525844086" lon="138.4645826262822"><ele>1463.479904320091</ele><time>2021-10-02T23:48:37Z</time></trkpt><trkpt lat="36.55482480100649" lon="138.46441020063332"><ele>1463.7884980998933</ele><time>2021-10-02T23:48:54Z</time></trkpt><trkpt lat="36.55465857894332" lon="138.46430685996046"><ele>1464.1540254401043</ele><time>2021-10-02T23:49:10Z</time></trkpt><trkpt lat="36.55448481599734" lon="138.46439752675525"><ele>1461.9347949381918</ele><time>2021-10-02T23:49:34Z</time></trkpt><trkpt lat="36.55437771487776" lon="138.46458086653755"><ele>1459.487482639961</ele><time>2021-10-02T23:49:47Z</time></trkpt><trkpt lat="36.55427870623816" lon="138.46477682930387"><ele>1458.867104708217</ele><time>2021-10-02T23:49:59Z</time></trkpt><trkpt lat="36.55418774929542" lon="138.4649726384439"><ele>1455.2362838173285</ele><time>2021-10-02T23:50:15Z</time></trkpt><trkpt lat="36.55409074718993" lon="138.46516389660613"><ele>1452.4154904987663</ele><time>2021-10-02T23:50:33Z</time></trkpt><trkpt lat="36.553988259064006" lon="138.4653503845593"><ele>1451.428640557453</ele><time>2021-10-02T23:50:51Z</time></trkpt><trkpt lat="36.55388145806797" lon="138.46554093912982"><ele>1450.2185414712876</ele><time>2021-10-02T23:51:07Z</time></trkpt><trkpt lat="36.55384377979413" lon="138.46577046139768"><ele>1448.5908121345565</ele><time>2021-10-02T23:51:21Z</time></trkpt><trkpt lat="36.55386482557006" lon="138.4660065427543"><ele>1445.2787732556462</ele><time>2021-10-02T23:51:35Z</time></trkpt><trkpt lat="36.55396186807052" lon="138.4661990525885"><ele>1444.3222883027047</ele><time>2021-10-02T23:51:48Z</time></trkpt><trkpt lat="36.554092615984196" lon="138.4663642689186"><ele>1442.508953217417</ele><time>2021-10-02T23:52:02Z</time></trkpt><trkpt lat="36.55421257209469" lon="138.4665461141105"><ele>1440.2420129012316</ele><time>2021-10-02T23:52:17Z</time></trkpt><trkpt lat="36.55435615058199" lon="138.46668992500784"><ele>1437.8562908302993</ele><time>2021-10-02T23:52:31Z</time></trkpt><trkpt lat="36.55447505604066" lon="138.46687440265592"><ele>1436.180620293133</ele><time>2021-10-02T23:52:45Z</time></trkpt><trkpt lat="36.55451264409395" lon="138.4671052551119"><ele>1436.2239514496177</ele><time>2021-10-02T23:52:59Z</time></trkpt><trkpt lat="36.55446646069525" lon="138.46732451060143"><ele>1433.6442772950977</ele><time>2021-10-02T23:53:12Z</time></trkpt><trkpt lat="36.55441727593112" lon="138.46755107007976"><ele>1429.723043082282</ele><time>2021-10-02T23:53:26Z</time></trkpt><trkpt lat="36.554356667893764" lon="138.46777998531124"><ele>1428.4335042871535</ele><time>2021-10-02T23:53:40Z</time></trkpt><trkpt lat="36.55432944416585" lon="138.46800178587725"><ele>1428.2388702305034</ele><time>2021-10-02T23:53:53Z</time></trkpt><trkpt lat="36.55431920014475" lon="138.46823908506053"><ele>1426.7110753403977</ele><time>2021-10-02T23:54:08Z</time></trkpt><trkpt lat="36.55426041174108" lon="138.4684542800394"><ele>1424.504481010139</ele><time>2021-10-02T23:54:22Z</time></trkpt><trkpt lat="36.55420846208859" lon="138.46867818247762"><ele>1424.5456290971488</ele><time>2021-10-02T23:54:36Z</time></trkpt><trkpt lat="36.55415445849891" lon="138.46890607145974"><ele>1423.6879227692261</ele><time>2021-10-02T23:54:50Z</time></trkpt><trkpt lat="36.554118516399036" lon="138.46912763609174"><ele>1421.6231784326956</ele><time>2021-10-02T23:55:04Z</time></trkpt><trkpt lat="36.554061849439016" lon="138.4693454759253"><ele>1419.1237616529688</ele><time>2021-10-02T23:55:18Z</time></trkpt><trkpt lat="36.55403262943892" lon="138.46957426474785"><ele>1417.1453197523952</ele><time>2021-10-02T23:55:30Z</time></trkpt><trkpt lat="36.553974403215655" lon="138.4697877862159"><ele>1413.8047562735155</ele><time>2021-10-02T23:55:45Z</time></trkpt><trkpt lat="36.55392990138828" lon="138.4700057755755"><ele>1412.8958389880136</ele><time>2021-10-02T23:55:58Z</time></trkpt><trkpt lat="36.55387808180943" lon="138.47022714310367"><ele>1410.8485425878316</ele><time>2021-10-02T23:56:12Z</time></trkpt><trkpt lat="36.55383597659031" lon="138.4704468090092"><ele>1410.88674420584</ele><time>2021-10-02T23:56:24Z</time></trkpt><trkpt lat="36.55380312212564" lon="138.47067407313975"><ele>1407.6793963061646</ele><time>2021-10-02T23:56:39Z</time></trkpt><trkpt lat="36.55375525038477" lon="138.47090226690943"><ele>1405.937370063737</ele><time>2021-10-02T23:56:53Z</time></trkpt><trkpt lat="36.55365918240798" lon="138.4711015615135"><ele>1402.9535578647628</ele><time>2021-10-02T23:57:07Z</time></trkpt><trkpt lat="36.55350882920692" lon="138.471230189624"><ele>1401.730959647335</ele><time>2021-10-02T23:57:30Z</time></trkpt><trkpt lat="36.55331853386022" lon="138.4712208181773"><ele>1401.7696242788807</ele><time>2021-10-02T23:57:44Z</time></trkpt><trkpt lat="36.55313528006527" lon="138.47124835278413"><ele>1399.6529318755493</ele><time>2021-10-02T23:58:00Z</time></trkpt><trkpt lat="36.55294989050447" lon="138.4712521729448"><ele>1398.6157352998853</ele><time>2021-10-02T23:58:22Z</time></trkpt><trkpt lat="36.55276016492351" lon="138.4712841298291"><ele>1397.4994344329461</ele><time>2021-10-02T23:58:37Z</time></trkpt><trkpt lat="36.55257889678463" lon="138.47128205834028"><ele>1396.0663837119937</ele><time>2021-10-02T23:58:52Z</time></trkpt><trkpt lat="36.55239901478789" lon="138.47125440069465"><ele>1394.2995327431709</ele><time>2021-10-02T23:59:06Z</time></trkpt><trkpt lat="36.55221792909501" lon="138.47124624543753"><ele>1392.507440940477</ele><time>2021-10-02T23:59:19Z</time></trkpt><trkpt lat="36.5520272659147" lon="138.47125089165928"><ele>1390.3987145954743</ele><time>2021-10-02T23:59:33Z</time></trkpt><trkpt lat="36.55183178658365" lon="138.47124138858493"><ele>1390.0703458385542</ele><time>2021-10-02T23:59:47Z</time></trkpt><trkpt lat="36.55164110890429" lon="138.47124213517472"><ele>1388.5065843788907</ele><time>2021-10-03T00:00:01Z</time></trkpt><trkpt lat="36.551463081314495" lon="138.47115200305208"><ele>1386.9846411459148</ele><time>2021-10-03T00:00:14Z</time></trkpt><trkpt lat="36.551331811591055" lon="138.47097854524148"><ele>1384.7975014038384</ele><time>2021-10-03T00:00:29Z</time></trkpt><trkpt lat="36.55124384934972" lon="138.47075939842694"><ele>1381.9925530273467</ele><time>2021-10-03T00:00:48Z</time></trkpt><trkpt lat="36.551182572365505" lon="138.47053310020246"><ele>1379.7719585448503</ele><time>2021-10-03T00:01:01Z</time></trkpt><trkpt lat="36.55111717544156" lon="138.47031479256802"><ele>1380.2145935716107</ele><time>2021-10-03T00:01:14Z</time></trkpt><trkpt lat="36.55104716221277" lon="138.4700988330453"><ele>1378.9773389929906</ele><time>2021-10-03T00:01:28Z</time></trkpt><trkpt lat="36.5509795289566" lon="138.46987340622152"><ele>1375.9418390449136</ele><time>2021-10-03T00:01:42Z</time></trkpt><trkpt lat="36.550943600314376" lon="138.46964846289163"><ele>1376.8605659846216</ele><time>2021-10-03T00:01:54Z</time></trkpt><trkpt lat="36.550903213336916" lon="138.46942740614293"><ele>1374.626152234152</ele><time>2021-10-03T00:02:06Z</time></trkpt><trkpt lat="36.55082514282134" lon="138.46920561004703"><ele>1373.7366174971685</ele><time>2021-10-03T00:02:19Z</time></trkpt><trkpt lat="36.55068853955335" lon="138.46905557989805"><ele>1375.5629435116425</ele><time>2021-10-03T00:02:31Z</time></trkpt><trkpt lat="36.55050218893087" lon="138.4689919784935"><ele>1372.5610222406685</ele><time>2021-10-03T00:02:45Z</time></trkpt><trkpt lat="36.55030479241054" lon="138.4689905341337"><ele>1372.8762200400233</ele><time>2021-10-03T00:02:58Z</time></trkpt><trkpt lat="36.550122730288386" lon="138.46898565282106"><ele>1372.4257303643972</ele><time>2021-10-03T00:03:13Z</time></trkpt><trkpt lat="36.54993695320561" lon="138.46899810673884"><ele>1372.2230366114527</ele><time>2021-10-03T00:03:26Z</time></trkpt><trkpt lat="36.54974532392039" lon="138.469012283159"><ele>1372.5099306497723</ele><time>2021-10-03T00:03:40Z</time></trkpt><trkpt lat="36.549556734715814" lon="138.46901800325605"><ele>1372.8907050974667</ele><time>2021-10-03T00:03:53Z</time></trkpt><trkpt lat="36.54937277637403" lon="138.46903885407917"><ele>1373.055854040198</ele><time>2021-10-03T00:04:06Z</time></trkpt><trkpt lat="36.54919303078438" lon="138.4690229042158"><ele>1373.2891650013626</ele><time>2021-10-03T00:04:19Z</time></trkpt><trkpt lat="36.54901231446596" lon="138.46908109278343"><ele>1371.8184015396982</ele><time>2021-10-03T00:04:32Z</time></trkpt><trkpt lat="36.548852156976416" lon="138.46921548769183"><ele>1370.932546466589</ele><time>2021-10-03T00:04:44Z</time></trkpt><trkpt lat="36.54869110344573" lon="138.46934036998792"><ele>1372.266704203561</ele><time>2021-10-03T00:04:56Z</time></trkpt><trkpt lat="36.548526731963555" lon="138.46946029363372"><ele>1372.4926598099992</ele><time>2021-10-03T00:05:09Z</time></trkpt><trkpt lat="36.54837305056008" lon="138.46958668239049"><ele>1371.6153781199828</ele><time>2021-10-03T00:05:23Z</time></trkpt><trkpt lat="36.54822776472342" lon="138.46973534428926"><ele>1368.0605792654678</ele><time>2021-10-03T00:05:37Z</time></trkpt><trkpt lat="36.548070232740265" lon="138.4698672496859"><ele>1366.734926928766</ele><time>2021-10-03T00:05:51Z</time></trkpt><trkpt lat="36.54791867249433" lon="138.47000840372198"><ele>1366.1813338585198</ele><time>2021-10-03T00:06:04Z</time></trkpt><trkpt lat="36.54776327163469" lon="138.47014230560418"><ele>1363.7616172200069</ele><time>2021-10-03T00:06:17Z</time></trkpt><trkpt lat="36.547620301589184" lon="138.47027841957328"><ele>1361.0627290131524</ele><time>2021-10-03T00:06:29Z</time></trkpt><trkpt lat="36.547471126010045" lon="138.47041333022855"><ele>1359.6392732542008</ele><time>2021-10-03T00:06:42Z</time></trkpt><trkpt lat="36.54732404711997" lon="138.47055784682104"><ele>1358.4749990962446</ele><time>2021-10-03T00:06:55Z</time></trkpt><trkpt lat="36.54715968518189" lon="138.47068885913373"><ele>1357.1633500857279</ele><time>2021-10-03T00:07:08Z</time></trkpt><trkpt lat="36.546977187271516" lon="138.47072787783318"><ele>1354.5935924267396</ele><time>2021-10-03T00:07:25Z</time></trkpt><trkpt lat="36.54681628268204" lon="138.47062106879412"><ele>1354.524864631705</ele><time>2021-10-03T00:07:38Z</time></trkpt><trkpt lat="36.54671842418302" lon="138.47041670147584"><ele>1350.5818977905437</ele><time>2021-10-03T00:07:54Z</time></trkpt><trkpt lat="36.54664408171583" lon="138.47019728099065"><ele>1349.3540657050908</ele><time>2021-10-03T00:08:07Z</time></trkpt><trkpt lat="36.54657620602304" lon="138.46997428454222"><ele>1348.103726415895</ele><time>2021-10-03T00:08:21Z</time></trkpt><trkpt lat="36.54651474973819" lon="138.46976179913204"><ele>1346.047753664665</ele><time>2021-10-03T00:08:33Z</time></trkpt><trkpt lat="36.54645576030212" lon="138.4695393828033"><ele>1344.6567609207705</ele><time>2021-10-03T00:08:47Z</time></trkpt><trkpt lat="36.54636407579124" lon="138.4693325937902"><ele>1341.042983520776</ele><time>2021-10-03T00:09:01Z</time></trkpt><trkpt lat="36.54619971923104" lon="138.4691930354422"><ele>1340.9900248460472</ele><time>2021-10-03T00:09:13Z</time></trkpt><trkpt lat="36.5460312901689" lon="138.46908802318134"><ele>1344.9166536852717</ele><time>2021-10-03T00:09:23Z</time></trkpt><trkpt lat="36.545855785195116" lon="138.46917827614803"><ele>1342.4821843449026</ele><time>2021-10-03T00:09:35Z</time></trkpt><trkpt lat="36.545732640168936" lon="138.46935307503148"><ele>1338.9393807286397</ele><time>2021-10-03T00:09:46Z</time></trkpt><trkpt lat="36.545673903703246" lon="138.46957820835644"><ele>1336.7610976332799</ele><time>2021-10-03T00:09:57Z</time></trkpt><trkpt lat="36.54571841681886" lon="138.46979751306878"><ele>1332.741218955256</ele><time>2021-10-03T00:10:10Z</time></trkpt><trkpt lat="36.545774518243476" lon="138.47002215216108"><ele>1328.778651567176</ele><time>2021-10-03T00:10:23Z</time></trkpt><trkpt lat="36.54583723464858" lon="138.47024171204322"><ele>1329.5497686248273</ele><time>2021-10-03T00:10:35Z</time></trkpt><trkpt lat="36.54589433136032" lon="138.47046136766988"><ele>1329.0788094671443</ele><time>2021-10-03T00:10:48Z</time></trkpt><trkpt lat="36.545969390166114" lon="138.47066486241636"><ele>1329.4563673408702</ele><time>2021-10-03T00:11:04Z</time></trkpt><trkpt lat="36.546035788721504" lon="138.4708861022569"><ele>1327.5966486502439</ele><time>2021-10-03T00:11:21Z</time></trkpt><trkpt lat="36.546100801008556" lon="138.47110628131838"><ele>1326.9118217341602</ele><time>2021-10-03T00:11:38Z</time></trkpt><trkpt lat="36.54610777142885" lon="138.47134071415238"><ele>1326.287960092537</ele><time>2021-10-03T00:11:51Z</time></trkpt><trkpt lat="36.546004831792466" lon="138.47152749478036"><ele>1326.650546927005</ele><time>2021-10-03T00:12:04Z</time></trkpt><trkpt lat="36.54582871666187" lon="138.47158398113115"><ele>1324.0291432803497</ele><time>2021-10-03T00:12:18Z</time></trkpt><trkpt lat="36.54564110291037" lon="138.47154090860442"><ele>1325.0655643437058</ele><time>2021-10-03T00:12:32Z</time></trkpt><trkpt lat="36.54550563449013" lon="138.47139087411625"><ele>1322.3202316705137</ele><time>2021-10-03T00:12:45Z</time></trkpt><trkpt lat="36.545384887302184" lon="138.471205920117"><ele>1318.179377685301</ele><time>2021-10-03T00:13:00Z</time></trkpt><trkpt lat="36.545238212379324" lon="138.47105774122286"><ele>1315.6292268717661</ele><time>2021-10-03T00:13:14Z</time></trkpt><trkpt lat="36.545056258254064" lon="138.47111371540296"><ele>1314.490531746298</ele><time>2021-10-03T00:13:42Z</time></trkpt><trkpt lat="36.54495749067082" lon="138.47130084067922"><ele>1311.9555474603549</ele><time>2021-10-03T00:13:55Z</time></trkpt><trkpt lat="36.54500402965988" lon="138.47152487768903"><ele>1310.277382065542</ele><time>2021-10-03T00:14:08Z</time></trkpt><trkpt lat="36.54506547427698" lon="138.47174010678268"><ele>1308.796077675186</ele><time>2021-10-03T00:14:21Z</time></trkpt><trkpt lat="36.545053408209" lon="138.4719641377525"><ele>1308.8130450332537</ele><time>2021-10-03T00:14:34Z</time></trkpt><trkpt lat="36.54494809354259" lon="138.47215437151502"><ele>1307.435106436722</ele><time>2021-10-03T00:14:49Z</time></trkpt><trkpt lat="36.54477434558151" lon="138.47221798290414"><ele>1304.7272607889026</ele><time>2021-10-03T00:15:02Z</time></trkpt><trkpt lat="36.54458998961567" lon="138.47223668724706"><ele>1303.9280613409355</ele><time>2021-10-03T00:15:14Z</time></trkpt><trkpt lat="36.544407901930796" lon="138.4722101397466"><ele>1302.784219974652</ele><time>2021-10-03T00:15:27Z</time></trkpt><trkpt lat="36.544222087580984" lon="138.4721698747434"><ele>1300.1917421324179</ele><time>2021-10-03T00:15:41Z</time></trkpt><trkpt lat="36.54403464002401" lon="138.4721238948041"><ele>1299.4664183128625</ele><time>2021-10-03T00:15:55Z</time></trkpt><trkpt lat="36.543844976823536" lon="138.47209208140976"><ele>1296.4361253958195</ele><time>2021-10-03T00:16:09Z</time></trkpt><trkpt lat="36.543678858704254" lon="138.47199688060962"><ele>1292.366533354856</ele><time>2021-10-03T00:16:24Z</time></trkpt><trkpt lat="36.54371510801941" lon="138.47189446293493"><ele>1293.4497197512537</ele><time>2021-10-03T00:16:34Z</time></trkpt><trkpt lat="36.5435211933884" lon="138.47190438060684"><ele>1290.9711853992194</ele><time>2021-10-03T00:16:50Z</time></trkpt><trkpt lat="36.543329996922374" lon="138.47187934079298"><ele>1291.440850310959</ele><time>2021-10-03T00:17:03Z</time></trkpt><trkpt lat="36.5431414356819" lon="138.47184301725113"><ele>1289.9356318917125</ele><time>2021-10-03T00:17:18Z</time></trkpt><trkpt lat="36.5430017217753" lon="138.47169924982748"><ele>1289.3500965479761</ele><time>2021-10-03T00:17:34Z</time></trkpt><trkpt lat="36.54302791957219" lon="138.47147451493169"><ele>1288.2868605265394</ele><time>2021-10-03T00:17:52Z</time></trkpt><trkpt lat="36.5430474734637" lon="138.47124822825072"><ele>1291.048532007262</ele><time>2021-10-03T00:18:06Z</time></trkpt><trkpt lat="36.543086108276704" lon="138.47102205572108"><ele>1289.8328678915277</ele><time>2021-10-03T00:18:23Z</time></trkpt><trkpt lat="36.5431377562444" lon="138.47080413305193"><ele>1289.2337856534868</ele><time>2021-10-03T00:18:40Z</time></trkpt><trkpt lat="36.54316067674223" lon="138.47057676700135"><ele>1290.5549064278603</ele><time>2021-10-03T00:18:55Z</time></trkpt><trkpt lat="36.54320504347741" lon="138.47034670067146"><ele>1291.7047924427316</ele><time>2021-10-03T00:19:11Z</time></trkpt><trkpt lat="36.5432560711053" lon="138.47013154085832"><ele>1291.5186585951596</ele><time>2021-10-03T00:19:28Z</time></trkpt><trkpt lat="36.543291717406944" lon="138.46989992005024"><ele>1293.648848367855</ele><time>2021-10-03T00:19:44Z</time></trkpt><trkpt lat="36.54334087373887" lon="138.469671226044"><ele>1292.4430323895067</ele><time>2021-10-03T00:19:59Z</time></trkpt><trkpt lat="36.54336022037695" lon="138.46943640717458"><ele>1290.6633539535105</ele><time>2021-10-03T00:20:12Z</time></trkpt><trkpt lat="36.54336471495629" lon="138.46920861289667"><ele>1291.885463859886</ele><time>2021-10-03T00:20:24Z</time></trkpt><trkpt lat="36.543356977690415" lon="138.46898003540255"><ele>1290.7453696122393</ele><time>2021-10-03T00:20:35Z</time></trkpt><trkpt lat="36.543352123388466" lon="138.46874517753716"><ele>1289.840355717577</ele><time>2021-10-03T00:20:47Z</time></trkpt><trkpt lat="36.54346084175662" lon="138.4685615929565"><ele>1286.8245403831825</ele><time>2021-10-03T00:21:27Z</time></trkpt><trkpt lat="36.54354792749293" lon="138.4683553756314"><ele>1291.7718555545434</ele><time>2021-10-03T00:21:51Z</time></trkpt><trkpt lat="36.54357618945111" lon="138.46812789266022"><ele>1293.770241273567</ele><time>2021-10-03T00:22:09Z</time></trkpt><trkpt lat="36.54357519007166" lon="138.4678924360288"><ele>1294.8208511788398</ele><time>2021-10-03T00:22:26Z</time></trkpt><trkpt lat="36.54360419270429" lon="138.46766238321175"><ele>1294.5844829166308</ele><time>2021-10-03T00:22:42Z</time></trkpt><trkpt lat="36.543575498875676" lon="138.46744121957047"><ele>1297.2781896768138</ele><time>2021-10-03T00:22:56Z</time></trkpt><trkpt lat="36.543551153766686" lon="138.46720625568113"><ele>1299.1974299196154</ele><time>2021-10-03T00:23:12Z</time></trkpt><trkpt lat="36.543561837920805" lon="138.4669747992094"><ele>1299.7871194072068</ele><time>2021-10-03T00:23:32Z</time></trkpt><trkpt lat="36.54342694059996" lon="138.46682251053338"><ele>1299.5728113185614</ele><time>2021-10-03T00:23:50Z</time></trkpt><trkpt lat="36.5433399447811" lon="138.46662279135828"><ele>1300.4723705612123</ele><time>2021-10-03T00:24:06Z</time></trkpt><trkpt lat="36.54321776263173" lon="138.46643377157235"><ele>1299.772808458656</ele><time>2021-10-03T00:24:22Z</time></trkpt><trkpt lat="36.54306139466593" lon="138.46631686657832"><ele>1302.928467025049</ele><time>2021-10-03T00:24:35Z</time></trkpt><trkpt lat="36.54292045525463" lon="138.46616029791457"><ele>1300.4786569671705</ele><time>2021-10-03T00:24:48Z</time></trkpt><trkpt lat="36.542797561561486" lon="138.46599604537323"><ele>1301.4550695000216</ele><time>2021-10-03T00:25:03Z</time></trkpt><trkpt lat="36.54283769683887" lon="138.465774061404"><ele>1299.3251136066392</ele><time>2021-10-03T00:25:25Z</time></trkpt><trkpt lat="36.54295196089051" lon="138.46558509274448"><ele>1300.7905975906178</ele><time>2021-10-03T00:25:42Z</time></trkpt><trkpt lat="36.542897467012445" lon="138.46535752176587"><ele>1303.2146154204383</ele><time>2021-10-03T00:26:09Z</time></trkpt><trkpt lat="36.54278876963534" lon="138.4651729905286"><ele>1305.2484100507572</ele><time>2021-10-03T00:26:37Z</time></trkpt><trkpt lat="36.54267422119684" lon="138.46499139166457"><ele>1309.2116980990395</ele><time>2021-10-03T00:27:07Z</time></trkpt><trkpt lat="36.54260049575145" lon="138.46478030848493"><ele>1307.8891828367487</ele><time>2021-10-03T00:27:57Z</time></trkpt><trkpt lat="36.542537761907916" lon="138.46456429541863"><ele>1309.5947001352906</ele><time>2021-10-03T00:28:19Z</time></trkpt><trkpt lat="36.54262185102144" lon="138.4643606151911"><ele>1311.7624361850321</ele><time>2021-10-03T00:28:40Z</time></trkpt><trkpt lat="36.542694302792874" lon="138.46413099168555"><ele>1313.8104225592688</ele><time>2021-10-03T00:29:02Z</time></trkpt><trkpt lat="36.542717903979835" lon="138.46390492406593"><ele>1317.9965722979978</ele><time>2021-10-03T00:29:18Z</time></trkpt><trkpt lat="36.54277632610042" lon="138.4636893167513"><ele>1319.832226944156</ele><time>2021-10-03T00:29:36Z</time></trkpt><trkpt lat="36.54279835127149" lon="138.4634659302321"><ele>1322.5709790149704</ele><time>2021-10-03T00:29:53Z</time></trkpt><trkpt lat="36.542770980422176" lon="138.46324497182422"><ele>1324.0121838180348</ele><time>2021-10-03T00:30:12Z</time></trkpt><trkpt lat="36.542814797797526" lon="138.46302195259113"><ele>1332.4386616963893</ele><time>2021-10-03T00:30:37Z</time></trkpt><trkpt lat="36.54290316437233" lon="138.46282382993326"><ele>1336.3500258894637</ele><time>2021-10-03T00:30:58Z</time></trkpt><trkpt lat="36.54282999502196" lon="138.46261761610117"><ele>1338.7058812193573</ele><time>2021-10-03T00:31:14Z</time></trkpt><trkpt lat="36.54266708886108" lon="138.4624897463709"><ele>1343.6868994506076</ele><time>2021-10-03T00:31:34Z</time></trkpt><trkpt lat="36.54251148196952" lon="138.46236149152236"><ele>1349.7321298867464</ele><time>2021-10-03T00:31:59Z</time></trkpt><trkpt lat="36.54245972998403" lon="138.46214337213402"><ele>1351.0508156567812</ele><time>2021-10-03T00:32:24Z</time></trkpt><trkpt lat="36.542338870678066" lon="138.46195314764088"><ele>1357.6832033647224</ele><time>2021-10-03T00:32:45Z</time></trkpt><trkpt lat="36.542212578772975" lon="138.46181481141744"><ele>1360.5766526218504</ele><time>2021-10-03T00:33:01Z</time></trkpt><trkpt lat="36.542072492530345" lon="138.4616734137616"><ele>1361.9886772651225</ele><time>2021-10-03T00:33:23Z</time></trkpt><trkpt lat="36.542015577232974" lon="138.46145017280367"><ele>1362.9662295514718</ele><time>2021-10-03T00:33:43Z</time></trkpt><trkpt lat="36.54191070446163" lon="138.46125849468712"><ele>1365.125839440152</ele><time>2021-10-03T00:34:02Z</time></trkpt><trkpt lat="36.54189522998793" lon="138.46102934996858"><ele>1368.6352777751163</ele><time>2021-10-03T00:34:21Z</time></trkpt><trkpt lat="36.54192924196563" lon="138.46080335475298"><ele>1372.8443511156365</ele><time>2021-10-03T00:34:41Z</time></trkpt><trkpt lat="36.54195050739991" lon="138.46057159648942"><ele>1374.1587171116844</ele><time>2021-10-03T00:35:00Z</time></trkpt><trkpt lat="36.54197345437391" lon="138.46034647829302"><ele>1379.1357528129593</ele><time>2021-10-03T00:35:15Z</time></trkpt><trkpt lat="36.54203860467377" lon="138.460122151369"><ele>1381.3169256998226</ele><time>2021-10-03T00:35:35Z</time></trkpt><trkpt lat="36.54206982933369" lon="138.45990129144104"><ele>1382.2615306572989</ele><time>2021-10-03T00:35:51Z</time></trkpt><trkpt lat="36.54203753141405" lon="138.4596791372068"><ele>1391.2760638883337</ele><time>2021-10-03T00:36:08Z</time></trkpt><trkpt lat="36.54205623272574" lon="138.45944949258646"><ele>1392.8052650121972</ele><time>2021-10-03T00:36:27Z</time></trkpt><trkpt lat="36.54205756783377" lon="138.45922245118706"><ele>1392.0086162900552</ele><time>2021-10-03T00:36:48Z</time></trkpt><trkpt lat="36.542077533401795" lon="138.4589820756259"><ele>1395.6272073946893</ele><time>2021-10-03T00:37:06Z</time></trkpt><trkpt lat="36.54208911185993" lon="138.45875576547584"><ele>1401.5986887197942</ele><time>2021-10-03T00:37:23Z</time></trkpt><trkpt lat="36.54209098917186" lon="138.45853102060386"><ele>1402.8442084472626</ele><time>2021-10-03T00:37:41Z</time></trkpt><trkpt lat="36.54201542370869" lon="138.45830110119613"><ele>1407.5890300562605</ele><time>2021-10-03T00:37:59Z</time></trkpt><trkpt lat="36.54194064596726" lon="138.4580918449061"><ele>1403.833183617331</ele><time>2021-10-03T00:38:16Z</time></trkpt><trkpt lat="36.541888775581434" lon="138.45787194312493"><ele>1403.5054661259055</ele><time>2021-10-03T00:38:35Z</time></trkpt><trkpt lat="36.541792611522986" lon="138.45767123499408"><ele>1402.4352437052876</ele><time>2021-10-03T00:38:53Z</time></trkpt><trkpt lat="36.54167507831262" lon="138.45749128413377"><ele>1402.9183835564181</ele><time>2021-10-03T00:39:06Z</time></trkpt><trkpt lat="36.541619616702256" lon="138.45726605948872"><ele>1404.3823359357193</ele><time>2021-10-03T00:39:25Z</time></trkpt><trkpt lat="36.54162600896846" lon="138.4570412877516"><ele>1406.055765262805</ele><time>2021-10-03T00:39:51Z</time></trkpt><trkpt lat="36.541567149803086" lon="138.45682923786651"><ele>1409.2033340772614</ele><time>2021-10-03T00:40:12Z</time></trkpt><trkpt lat="36.541391644745296" lon="138.45674391069474"><ele>1402.9711461169645</ele><time>2021-10-03T00:40:39Z</time></trkpt><trkpt lat="36.541344009168526" lon="138.4565178947597"><ele>1405.3418728681281</ele><time>2021-10-03T00:41:02Z</time></trkpt><trkpt lat="36.541290756159555" lon="138.45629073964875"><ele>1404.9730567969382</ele><time>2021-10-03T00:41:21Z</time></trkpt><trkpt lat="36.54116301030991" lon="138.45612511279316"><ele>1402.9207038069144</ele><time>2021-10-03T00:41:36Z</time></trkpt><trkpt lat="36.541156094834896" lon="138.4558944622249"><ele>1401.778235739097</ele><time>2021-10-03T00:41:53Z</time></trkpt><trkpt lat="36.541111890558895" lon="138.45567775774654"><ele>1399.0375916287303</ele><time>2021-10-03T00:42:09Z</time></trkpt><trkpt lat="36.541003942628116" lon="138.45548951144062"><ele>1397.1407550452277</ele><time>2021-10-03T00:42:26Z</time></trkpt><trkpt lat="36.54086655443855" lon="138.4553335033176"><ele>1393.2903062095866</ele><time>2021-10-03T00:42:43Z</time></trkpt><trkpt lat="36.54088117316266" lon="138.4551029527973"><ele>1395.634087363258</ele><time>2021-10-03T00:43:06Z</time></trkpt><trkpt lat="36.54091262804288" lon="138.4548705791007"><ele>1399.1480947844684</ele><time>2021-10-03T00:43:24Z</time></trkpt><trkpt lat="36.540814727084225" lon="138.45467939201063"><ele>1401.7612427147105</ele><time>2021-10-03T00:43:48Z</time></trkpt><trkpt lat="36.540788795461374" lon="138.45445155197774"><ele>1405.888741966337</ele><time>2021-10-03T00:44:15Z</time></trkpt><trkpt lat="36.540770553771026" lon="138.4542155589172"><ele>1408.481591174379</ele><time>2021-10-03T00:44:36Z</time></trkpt><trkpt lat="36.540835582244" lon="138.45399349274155"><ele>1411.1728259837255</ele><time>2021-10-03T00:44:57Z</time></trkpt><trkpt lat="36.54083398944213" lon="138.45376411064777"><ele>1414.2440104531124</ele><time>2021-10-03T00:45:17Z</time></trkpt><trkpt lat="36.54084743948909" lon="138.45353776943196"><ele>1419.3961065551266</ele><time>2021-10-03T00:45:35Z</time></trkpt><trkpt lat="36.540804637692574" lon="138.4533161928707"><ele>1415.867562954314</ele><time>2021-10-03T00:45:53Z</time></trkpt><trkpt lat="36.54079165417981" lon="138.45308870187813"><ele>1416.2430130634457</ele><time>2021-10-03T00:46:11Z</time></trkpt><trkpt lat="36.540715422599696" lon="138.45288007602682"><ele>1418.0087618548423</ele><time>2021-10-03T00:46:27Z</time></trkpt><trkpt lat="36.54068127095691" lon="138.45264962019368"><ele>1419.0564435338601</ele><time>2021-10-03T00:46:56Z</time></trkpt><trkpt lat="36.54068844652809" lon="138.4524155746695"><ele>1420.3498909901828</ele><time>2021-10-03T00:47:14Z</time></trkpt><trkpt lat="36.5405517965878" lon="138.45226447561114"><ele>1418.7494199257344</ele><time>2021-10-03T00:47:35Z</time></trkpt><trkpt lat="36.540421780088934" lon="138.4521045215936"><ele>1421.0421261824667</ele><time>2021-10-03T00:47:56Z</time></trkpt><trkpt lat="36.540339393438494" lon="138.45190328777215"><ele>1419.1043224781752</ele><time>2021-10-03T00:48:13Z</time></trkpt><trkpt lat="36.5402431510048" lon="138.45170616039138"><ele>1419.7266499511898</ele><time>2021-10-03T00:48:33Z</time></trkpt><trkpt lat="36.54013920608216" lon="138.45151960037396"><ele>1420.7919896570966</ele><time>2021-10-03T00:50:33Z</time></trkpt><trkpt lat="36.539965110035055" lon="138.45158465908813"><ele>1422.2114640194923</ele><time>2021-10-03T00:51:05Z</time></trkpt><trkpt lat="36.53979597885391" lon="138.45167630538222"><ele>1421.8884904645383</ele><time>2021-10-03T00:51:23Z</time></trkpt><trkpt lat="36.53961759342592" lon="138.45170942480257"><ele>1428.3375848364085</ele><time>2021-10-03T00:53:00Z</time></trkpt><trkpt lat="36.53948340690404" lon="138.45155214646272"><ele>1432.7666198173538</ele><time>2021-10-03T00:53:25Z</time></trkpt><trkpt lat="36.53931493051779" lon="138.4516448285451"><ele>1433.4905384583399</ele><time>2021-10-03T00:53:48Z</time></trkpt><trkpt lat="36.53922104496794" lon="138.4518412697056"><ele>1432.1148610496894</ele><time>2021-10-03T00:54:09Z</time></trkpt><trkpt lat="36.539169370995936" lon="138.45206797564558"><ele>1428.102304383181</ele><time>2021-10-03T00:55:16Z</time></trkpt><trkpt lat="36.5391550775845" lon="138.45229421578935"><ele>1430.701909028925</ele><time>2021-10-03T00:55:36Z</time></trkpt><trkpt lat="36.539006628211474" lon="138.45242556577074"><ele>1433.3278732439503</ele><time>2021-10-03T00:56:03Z</time></trkpt><trkpt lat="36.53882975762036" lon="138.45235111374802"><ele>1440.5315522002056</ele><time>2021-10-03T00:56:38Z</time></trkpt><trkpt lat="36.53866850634355" lon="138.45223579270024"><ele>1448.2930079223588</ele><time>2021-10-03T00:57:16Z</time></trkpt><trkpt lat="36.538488214105584" lon="138.4522271079289"><ele>1456.910871995613</ele><time>2021-10-03T00:57:56Z</time></trkpt><trkpt lat="36.538308553259824" lon="138.45215991509136"><ele>1462.6104825073853</ele><time>2021-10-03T00:58:21Z</time></trkpt><trkpt lat="36.538131641894644" lon="138.45210821528775"><ele>1472.0046292794868</ele><time>2021-10-03T00:58:56Z</time></trkpt><trkpt lat="36.537952579547195" lon="138.4521459785934"><ele>1477.2704549869522</ele><time>2021-10-03T00:59:28Z</time></trkpt><trkpt lat="36.53776431789898" lon="138.45216260879826"><ele>1483.0157507937402</ele><time>2021-10-03T01:00:08Z</time></trkpt><trkpt lat="36.53765242345982" lon="138.45216130618576"><ele>1489.2496021250263</ele><time>2021-10-03T01:00:31Z</time></trkpt><trkpt lat="36.53747946970285" lon="138.45222693455094"><ele>1499.4592215456069</ele><time>2021-10-03T01:01:05Z</time></trkpt><trkpt lat="36.537297068334105" lon="138.45222547711612"><ele>1505.813544866629</ele><time>2021-10-03T01:01:44Z</time></trkpt><trkpt lat="36.53714154106592" lon="138.45234662942022"><ele>1514.958578614518</ele><time>2021-10-03T01:02:19Z</time></trkpt><trkpt lat="36.53697454096116" lon="138.4522475903057"><ele>1525.0130015648901</ele><time>2021-10-03T01:03:08Z</time></trkpt><trkpt lat="36.53684086397694" lon="138.45209374726377"><ele>1529.1183117469773</ele><time>2021-10-03T01:03:35Z</time></trkpt><trkpt lat="36.536657660030045" lon="138.45211257674708"><ele>1535.3295092843473</ele><time>2021-10-03T01:04:12Z</time></trkpt><trkpt lat="36.53647343840872" lon="138.45212102357516"><ele>1541.8758426988497</ele><time>2021-10-03T01:04:50Z</time></trkpt><trkpt lat="36.53630111297664" lon="138.4520331385842"><ele>1545.6703189043328</ele><time>2021-10-03T01:05:21Z</time></trkpt><trkpt lat="36.53611175786779" lon="138.45196497823224"><ele>1547.6712684631348</ele><time>2021-10-03T01:05:47Z</time></trkpt><trkpt lat="36.53597513271199" lon="138.4518049612036"><ele>1548.3971059117466</ele><time>2021-10-03T01:06:14Z</time></trkpt><trkpt lat="36.53581683138607" lon="138.45165471956057"><ele>1551.318743782118</ele><time>2021-10-03T01:06:35Z</time></trkpt><trkpt lat="36.53573180970381" lon="138.45145551428254"><ele>1556.4282362386584</ele><time>2021-10-03T01:07:03Z</time></trkpt><trkpt lat="36.53558543349935" lon="138.45131560545818"><ele>1558.3014489309862</ele><time>2021-10-03T01:07:24Z</time></trkpt><trkpt lat="36.53552146412134" lon="138.45108953272904"><ele>1566.4254890279844</ele><time>2021-10-03T01:07:51Z</time></trkpt><trkpt lat="36.53540067907713" lon="138.45091840015488"><ele>1574.4234689902514</ele><time>2021-10-03T01:08:23Z</time></trkpt><trkpt lat="36.535242982367755" lon="138.4508002796299"><ele>1578.492709278129</ele><time>2021-10-03T01:08:56Z</time></trkpt><trkpt lat="36.535104726616176" lon="138.4506523622197"><ele>1585.4622209938243</ele><time>2021-10-03T01:09:32Z</time></trkpt><trkpt lat="36.534991333282136" lon="138.4504731961714"><ele>1597.5079057971016</ele><time>2021-10-03T01:10:10Z</time></trkpt><trkpt lat="36.534810998932734" lon="138.45042302213625"><ele>1598.1885287454352</ele><time>2021-10-03T01:10:37Z</time></trkpt><trkpt lat="36.53463867442917" lon="138.45033568464117"><ele>1606.3144907774404</ele><time>2021-10-03T01:11:15Z</time></trkpt><trkpt lat="36.53451928122828" lon="138.45015353249886"><ele>1618.4337920993567</ele><time>2021-10-03T01:12:14Z</time></trkpt><trkpt lat="36.53440581110751" lon="138.4502008324031"><ele>1623.7154858345166</ele><time>2021-10-03T01:16:04Z</time></trkpt><trkpt lat="36.53455497214961" lon="138.4500599693412"><ele>1617.968454785645</ele><time>2021-10-03T01:23:21Z</time></trkpt><trkpt lat="36.53465168965075" lon="138.44987036239684"><ele>1614.7542833173648</ele><time>2021-10-03T01:23:49Z</time></trkpt><trkpt lat="36.53478057235776" lon="138.44971287870877"><ele>1612.4040978997946</ele><time>2021-10-03T01:24:26Z</time></trkpt><trkpt lat="36.53488820564431" lon="138.44952052254772"><ele>1612.2230398012325</ele><time>2021-10-03T01:24:48Z</time></trkpt><trkpt lat="36.53495107184732" lon="138.44929421458465"><ele>1612.3522397736087</ele><time>2021-10-03T01:25:07Z</time></trkpt><trkpt lat="36.5349975262206" lon="138.44907594618607"><ele>1610.2723566610366</ele><time>2021-10-03T01:25:27Z</time></trkpt><trkpt lat="36.53506291885813" lon="138.4488566394608"><ele>1605.80186186824</ele><time>2021-10-03T01:25:47Z</time></trkpt><trkpt lat="36.53507050827544" lon="138.4486275077177"><ele>1602.2768659675494</ele><time>2021-10-03T01:26:09Z</time></trkpt><trkpt lat="36.53506569473956" lon="138.44838942831802"><ele>1597.8557304255664</ele><time>2021-10-03T01:26:31Z</time></trkpt><trkpt lat="36.53507424103294" lon="138.4481546697503"><ele>1595.7389806248248</ele><time>2021-10-03T01:26:47Z</time></trkpt><trkpt lat="36.535133944083974" lon="138.44792990547114"><ele>1597.0217196960002</ele><time>2021-10-03T01:27:04Z</time></trkpt><trkpt lat="36.535103975126034" lon="138.44770392184597"><ele>1597.7810952076688</ele><time>2021-10-03T01:27:24Z</time></trkpt><trkpt lat="36.535132742625066" lon="138.4474761921679"><ele>1602.3574612736702</ele><time>2021-10-03T01:27:49Z</time></trkpt><trkpt lat="36.535160562127416" lon="138.44724404843885"><ele>1605.4361499678344</ele><time>2021-10-03T01:28:14Z</time></trkpt><trkpt lat="36.53512477326495" lon="138.44702146347728"><ele>1608.6609561946243</ele><time>2021-10-03T01:28:34Z</time></trkpt><trkpt lat="36.53519725665427" lon="138.44681380774244"><ele>1614.2342993095517</ele><time>2021-10-03T01:29:01Z</time></trkpt><trkpt lat="36.53523112491509" lon="138.44659226512223"><ele>1616.0248069129884</ele><time>2021-10-03T01:29:23Z</time></trkpt><trkpt lat="36.535136372254925" lon="138.44638971938159"><ele>1622.8370590889826</ele><time>2021-10-03T01:29:46Z</time></trkpt><trkpt lat="36.53498635689866" lon="138.446255118471"><ele>1626.121762114577</ele><time>2021-10-03T01:30:13Z</time></trkpt><trkpt lat="36.53495186838589" lon="138.44603529962114"><ele>1631.1428228709847</ele><time>2021-10-03T01:30:41Z</time></trkpt><trkpt lat="36.534971807393894" lon="138.44580717591228"><ele>1635.9641003198922</ele><time>2021-10-03T01:31:06Z</time></trkpt><trkpt lat="36.53498988483053" lon="138.4455824380929"><ele>1640.916967542842</ele><time>2021-10-03T01:31:32Z</time></trkpt><trkpt lat="36.53511462746475" lon="138.4454107425488"><ele>1645.7234038142487</ele><time>2021-10-03T01:32:01Z</time></trkpt><trkpt lat="36.5350931070527" lon="138.44518672455638"><ele>1650.9399184957147</ele><time>2021-10-03T01:32:29Z</time></trkpt><trkpt lat="36.53515714247715" lon="138.44497799707153"><ele>1663.0070397891104</ele><time>2021-10-03T01:33:17Z</time></trkpt><trkpt lat="36.53531566864113" lon="138.44483174917514"><ele>1665.232548808679</ele><time>2021-10-03T01:33:46Z</time></trkpt><trkpt lat="36.53546767231542" lon="138.44470693551173"><ele>1671.9778102980927</ele><time>2021-10-03T01:34:11Z</time></trkpt><trkpt lat="36.53559856452403" lon="138.44453640031787"><ele>1673.6943141045049</ele><time>2021-10-03T01:34:37Z</time></trkpt><trkpt lat="36.535735852482574" lon="138.44438401629102"><ele>1679.162548086606</ele><time>2021-10-03T01:34:59Z</time></trkpt><trkpt lat="36.535800099812526" lon="138.4441708123933"><ele>1682.941150777042</ele><time>2021-10-03T01:35:23Z</time></trkpt><trkpt lat="36.53593601217742" lon="138.4439936224545"><ele>1690.9364330070093</ele><time>2021-10-03T01:35:56Z</time></trkpt><trkpt lat="36.535988645785295" lon="138.44376835932374"><ele>1692.514809653163</ele><time>2021-10-03T01:36:15Z</time></trkpt><trkpt lat="36.536102782203756" lon="138.44358357565287"><ele>1690.955240022391</ele><time>2021-10-03T01:36:35Z</time></trkpt><trkpt lat="36.53622778213655" lon="138.44340079900618"><ele>1704.2175038270652</ele><time>2021-10-03T01:37:07Z</time></trkpt><trkpt lat="36.53632310279696" lon="138.44319360531645"><ele>1709.4646926950663</ele><time>2021-10-03T01:37:29Z</time></trkpt><trkpt lat="36.53639510900936" lon="138.4429736053541"><ele>1713.7712493268773</ele><time>2021-10-03T01:37:58Z</time></trkpt><trkpt lat="36.53655297514165" lon="138.44284928317145"><ele>1721.458845690824</ele><time>2021-10-03T01:38:37Z</time></trkpt><trkpt lat="36.53671696553264" lon="138.44275150003367"><ele>1727.3679910777137</ele><time>2021-10-03T01:39:05Z</time></trkpt><trkpt lat="36.536679363128236" lon="138.4425288369001"><ele>1728.3703416474164</ele><time>2021-10-03T01:39:30Z</time></trkpt><trkpt lat="36.536785336479916" lon="138.44233732009357"><ele>1740.169538761489</ele><time>2021-10-03T01:40:13Z</time></trkpt><trkpt lat="36.53695192900282" lon="138.44223619421314"><ele>1749.8074253145605</ele><time>2021-10-03T01:40:58Z</time></trkpt><trkpt lat="36.53701654888941" lon="138.4420213246145"><ele>1752.82637005765</ele><time>2021-10-03T01:41:22Z</time></trkpt><trkpt lat="36.53696080632156" lon="138.4418021542431"><ele>1752.3867194475606</ele><time>2021-10-03T01:41:40Z</time></trkpt><trkpt lat="36.53686201455682" lon="138.44160631447622"><ele>1751.5625333990902</ele><time>2021-10-03T01:41:59Z</time></trkpt><trkpt lat="36.53681475861877" lon="138.44138556330248"><ele>1751.140090605244</ele><time>2021-10-03T01:42:16Z</time></trkpt><trkpt lat="36.536811627191085" lon="138.44115443980715"><ele>1752.653695772402</ele><time>2021-10-03T01:42:32Z</time></trkpt><trkpt lat="36.53684648218223" lon="138.44092274400367"><ele>1752.361367519945</ele><time>2021-10-03T01:42:49Z</time></trkpt><trkpt lat="36.53676125936018" lon="138.44071695796177"><ele>1749.5717341098934</ele><time>2021-10-03T01:43:08Z</time></trkpt><trkpt lat="36.53681955308103" lon="138.44050459086662"><ele>1746.5798889081925</ele><time>2021-10-03T01:43:31Z</time></trkpt><trkpt lat="36.53679075631531" lon="138.4402785308354"><ele>1742.3827189635485</ele><time>2021-10-03T01:43:55Z</time></trkpt><trkpt lat="36.53685306078642" lon="138.44006080179958"><ele>1739.7732979757711</ele><time>2021-10-03T01:44:15Z</time></trkpt><trkpt lat="36.536907033451456" lon="138.43983445742992"><ele>1742.2783584762365</ele><time>2021-10-03T01:44:34Z</time></trkpt><trkpt lat="36.53687299261412" lon="138.43961320156237"><ele>1747.5094383591786</ele><time>2021-10-03T01:45:02Z</time></trkpt><trkpt lat="36.53682840937445" lon="138.43938760200024"><ele>1758.0820542741567</ele><time>2021-10-03T01:45:35Z</time></trkpt><trkpt lat="36.536877092768364" lon="138.43916427653957"><ele>1763.7464336995035</ele><time>2021-10-03T01:46:08Z</time></trkpt><trkpt lat="36.536927568999566" lon="138.43893407304364"><ele>1765.6376248421147</ele><time>2021-10-03T01:46:31Z</time></trkpt><trkpt lat="36.53694805370088" lon="138.43870028259667"><ele>1766.9912065220997</ele><time>2021-10-03T01:46:54Z</time></trkpt><trkpt lat="36.53701050714213" lon="138.43848505304578"><ele>1768.3756865086034</ele><time>2021-10-03T01:47:13Z</time></trkpt><trkpt lat="36.53706541182747" lon="138.43826993043965"><ele>1771.8533271709457</ele><time>2021-10-03T01:47:32Z</time></trkpt><trkpt lat="36.53709117879195" lon="138.4380426743484"><ele>1775.1394332991913</ele><time>2021-10-03T01:47:55Z</time></trkpt><trkpt lat="36.53709310134235" lon="138.43781730997253"><ele>1781.0265155602247</ele><time>2021-10-03T01:48:19Z</time></trkpt><trkpt lat="36.537030502433986" lon="138.43759839262944"><ele>1788.4937310237437</ele><time>2021-10-03T01:48:43Z</time></trkpt><trkpt lat="36.537213561832715" lon="138.4375821582577"><ele>1796.9415542762727</ele><time>2021-10-03T01:49:21Z</time></trkpt><trkpt lat="36.537206616838404" lon="138.43734867649644"><ele>1799.9491442041472</ele><time>2021-10-03T01:50:00Z</time></trkpt><trkpt lat="36.5372243865518" lon="138.43712475682034"><ele>1809.3180999513716</ele><time>2021-10-03T01:50:49Z</time></trkpt><trkpt lat="36.5371278789984" lon="138.4369305853774"><ele>1818.5586121687666</ele><time>2021-10-03T01:51:33Z</time></trkpt><trkpt lat="36.53721406334904" lon="138.43669900270137"><ele>1828.9373619472608</ele><time>2021-10-03T01:52:30Z</time></trkpt><trkpt lat="36.5371982229389" lon="138.43646459582337"><ele>1839.725933865644</ele><time>2021-10-03T01:53:34Z</time></trkpt><trkpt lat="36.53721559984884" lon="138.43624194045637"><ele>1847.8498209007084</ele><time>2021-10-03T01:54:22Z</time></trkpt><trkpt lat="36.537241151303796" lon="138.43600861495452"><ele>1853.117331259884</ele><time>2021-10-03T01:55:00Z</time></trkpt><trkpt lat="36.53719108256463" lon="138.43578168078452"><ele>1858.484741359949</ele><time>2021-10-03T01:55:29Z</time></trkpt><trkpt lat="36.537380255777286" lon="138.4357657267445"><ele>1869.4653458371758</ele><time>2021-10-03T01:56:11Z</time></trkpt><trkpt lat="36.53735508314557" lon="138.43553839008476"><ele>1868.3814465571195</ele><time>2021-10-03T01:56:34Z</time></trkpt><trkpt lat="36.537363767565495" lon="138.43545517038075"><ele>1874.233876755461</ele><time>2021-10-03T01:56:51Z</time></trkpt><trkpt lat="36.53730057455693" lon="138.43523559281203"><ele>1868.3320165826008</ele><time>2021-10-03T01:57:14Z</time></trkpt><trkpt lat="36.537253534027734" lon="138.43501499632114"><ele>1865.709133522585</ele><time>2021-10-03T01:57:37Z</time></trkpt><trkpt lat="36.53723092221776" lon="138.43477834437388"><ele>1866.047192459926</ele><time>2021-10-03T01:57:59Z</time></trkpt><trkpt lat="36.537184436404964" lon="138.43454880749138"><ele>1861.6187120303512</ele><time>2021-10-03T01:58:26Z</time></trkpt><trkpt lat="36.537163868680445" lon="138.43431940699688"><ele>1863.4146759230644</ele><time>2021-10-03T01:58:43Z</time></trkpt><trkpt lat="36.53711235386469" lon="138.4341046644079"><ele>1860.6559719331563</ele><time>2021-10-03T01:59:03Z</time></trkpt><trkpt lat="36.537108493239295" lon="138.433873381405"><ele>1860.9574668221176</ele><time>2021-10-03T01:59:24Z</time></trkpt><trkpt lat="36.53713366783195" lon="138.43365048814564"><ele>1857.4667398873717</ele><time>2021-10-03T02:00:17Z</time></trkpt><trkpt lat="36.53722691401971" lon="138.4334470126074"><ele>1858.4474510224536</ele><time>2021-10-03T02:00:50Z</time></trkpt><trkpt lat="36.53729046539798" lon="138.43322946722998"><ele>1860.0377580365166</ele><time>2021-10-03T02:01:32Z</time></trkpt><trkpt lat="36.53737053291649" lon="138.43301789175598"><ele>1856.2995686037466</ele><time>2021-10-03T02:02:03Z</time></trkpt><trkpt lat="36.537449073693665" lon="138.43281209456222"><ele>1856.0924317380413</ele><time>2021-10-03T02:02:24Z</time></trkpt><trkpt lat="36.53749005499334" lon="138.43259334487882"><ele>1861.2889006249607</ele><time>2021-10-03T02:03:04Z</time></trkpt><trkpt lat="36.53748364443943" lon="138.4323623915177"><ele>1861.6552082644776</ele><time>2021-10-03T02:04:31Z</time></trkpt><trkpt lat="36.53748447165875" lon="138.43213822177552"><ele>1866.7368139065802</ele><time>2021-10-03T02:04:55Z</time></trkpt><trkpt lat="36.53749628787438" lon="138.43191532232564"><ele>1869.5669448068365</ele><time>2021-10-03T02:05:19Z</time></trkpt><trkpt lat="36.53755185018001" lon="138.43169896929388"><ele>1874.8987636771053</ele><time>2021-10-03T02:05:47Z</time></trkpt><trkpt lat="36.537546257875114" lon="138.43147388657087"><ele>1878.4121297402307</ele><time>2021-10-03T02:06:11Z</time></trkpt><trkpt lat="36.537537724569184" lon="138.43124934122022"><ele>1880.3095849603415</ele><time>2021-10-03T02:06:36Z</time></trkpt><trkpt lat="36.537563187491884" lon="138.43102499478442"><ele>1887.955736453645</ele><time>2021-10-03T02:07:08Z</time></trkpt><trkpt lat="36.53763008228919" lon="138.43079810299767"><ele>1896.0884724808857</ele><time>2021-10-03T02:07:52Z</time></trkpt><trkpt lat="36.53778000042255" lon="138.430670079591"><ele>1896.0704465499148</ele><time>2021-10-03T02:08:14Z</time></trkpt><trkpt lat="36.53794765880284" lon="138.43057423871034"><ele>1898.5429090010002</ele><time>2021-10-03T02:08:46Z</time></trkpt><trkpt lat="36.53810879712333" lon="138.4304728149436"><ele>1903.0817258693278</ele><time>2021-10-03T02:09:09Z</time></trkpt><trkpt lat="36.53824538187528" lon="138.43032096873281"><ele>1906.3530886210501</ele><time>2021-10-03T02:09:45Z</time></trkpt><trkpt lat="36.53834592881366" lon="138.43012919991955"><ele>1909.523820665665</ele><time>2021-10-03T02:10:08Z</time></trkpt><trkpt lat="36.53838690982156" lon="138.42989745464527"><ele>1909.5123291080818</ele><time>2021-10-03T02:10:26Z</time></trkpt><trkpt lat="36.5384215091095" lon="138.4296722046714"><ele>1910.436710963957</ele><time>2021-10-03T02:10:47Z</time></trkpt><trkpt lat="36.538444845832196" lon="138.42944497667372"><ele>1911.0063584586605</ele><time>2021-10-03T02:11:04Z</time></trkpt><trkpt lat="36.53848951433557" lon="138.42921785138"><ele>1912.1111438851804</ele><time>2021-10-03T02:11:22Z</time></trkpt><trkpt lat="36.538552096982905" lon="138.42900513277306"><ele>1915.4456871906295</ele><time>2021-10-03T02:11:43Z</time></trkpt><trkpt lat="36.53856379156399" lon="138.42876796951822"><ele>1920.4527483815327</ele><time>2021-10-03T02:12:03Z</time></trkpt><trkpt lat="36.53867905643364" lon="138.42859033640602"><ele>1930.8876601029187</ele><time>2021-10-03T02:12:39Z</time></trkpt><trkpt lat="36.53872815685548" lon="138.42837402253775"><ele>1926.3493433995172</ele><time>2021-10-03T02:13:01Z</time></trkpt><trkpt lat="36.538693021065356" lon="138.42814597647228"><ele>1920.3445668946952</ele><time>2021-10-03T02:13:42Z</time></trkpt><trkpt lat="36.538741232892185" lon="138.4279241155056"><ele>1916.024665640667</ele><time>2021-10-03T02:14:04Z</time></trkpt><trkpt lat="36.53881295639978" lon="138.42771006578215"><ele>1915.6220689853653</ele><time>2021-10-03T02:14:26Z</time></trkpt><trkpt lat="36.53893493834056" lon="138.4275434011184"><ele>1925.6526944590732</ele><time>2021-10-03T02:14:52Z</time></trkpt><trkpt lat="36.53905655485505" lon="138.42737102380386"><ele>1926.0003615431488</ele><time>2021-10-03T02:15:16Z</time></trkpt><trkpt lat="36.53912598664047" lon="138.4271543481794"><ele>1927.3833661507815</ele><time>2021-10-03T02:15:45Z</time></trkpt><trkpt lat="36.539214234773375" lon="138.4269483558956"><ele>1932.507871449925</ele><time>2021-10-03T02:16:10Z</time></trkpt><trkpt lat="36.53931175416929" lon="138.42675174120376"><ele>1932.3072521267459</ele><time>2021-10-03T02:16:34Z</time></trkpt><trkpt lat="36.539296886901134" lon="138.42652642677902"><ele>1934.582911722362</ele><time>2021-10-03T02:17:05Z</time></trkpt><trkpt lat="36.539335291094325" lon="138.42630100612382"><ele>1932.6051061153412</ele><time>2021-10-03T02:17:35Z</time></trkpt><trkpt lat="36.539464193805514" lon="138.4261018125021"><ele>1931.082551829517</ele><time>2021-10-03T02:23:42Z</time></trkpt><trkpt lat="36.539453685293495" lon="138.42585982553956"><ele>1938.7013217257336</ele><time>2021-10-03T02:24:23Z</time></trkpt><trkpt lat="36.53950393769786" lon="138.42563654280536"><ele>1944.0306670907885</ele><time>2021-10-03T02:24:55Z</time></trkpt><trkpt lat="36.539498496920345" lon="138.42539652996297"><ele>1954.2411134717986</ele><time>2021-10-03T02:25:30Z</time></trkpt><trkpt lat="36.53952654477716" lon="138.4251756740396"><ele>1965.014534487389</ele><time>2021-10-03T02:26:26Z</time></trkpt><trkpt lat="36.53966645567481" lon="138.42501325950315"><ele>1980.5643978267908</ele><time>2021-10-03T02:27:49Z</time></trkpt><trkpt lat="36.539567877697536" lon="138.42481264223704"><ele>1985.7054702462628</ele><time>2021-10-03T02:28:39Z</time></trkpt><trkpt lat="36.53958619924566" lon="138.42459036065196"><ele>2001.6952563934028</ele><time>2021-10-03T02:30:00Z</time></trkpt><trkpt lat="36.53954537782387" lon="138.42436711222405"><ele>2009.9314802680165</ele><time>2021-10-03T02:31:06Z</time></trkpt><trkpt lat="36.53952334496133" lon="138.4241401298896"><ele>2019.1788529120386</ele><time>2021-10-03T02:32:35Z</time></trkpt><trkpt lat="36.53953568461538" lon="138.42391044649608"><ele>2026.4009522087872</ele><time>2021-10-03T02:33:29Z</time></trkpt><trkpt lat="36.53960529186079" lon="138.4236994733232"><ele>2034.083211287856</ele><time>2021-10-03T02:37:09Z</time></trkpt><trkpt lat="36.53955889335298" lon="138.42347549954277"><ele>2042.0210202923045</ele><time>2021-10-03T02:37:44Z</time></trkpt><trkpt lat="36.539568640325186" lon="138.42324949964384"><ele>2047.2596523799002</ele><time>2021-10-03T02:38:20Z</time></trkpt><trkpt lat="36.539651030599" lon="138.42304243401398"><ele>2058.2433559121564</ele><time>2021-10-03T02:39:08Z</time></trkpt><trkpt lat="36.53980331662456" lon="138.42290841439203"><ele>2060.9108281694353</ele><time>2021-10-03T02:41:54Z</time></trkpt><trkpt lat="36.539900780880345" lon="138.42270571579184"><ele>2060.7875228142366</ele><time>2021-10-03T02:42:18Z</time></trkpt><trkpt lat="36.54002308589821" lon="138.4225276299955"><ele>2066.8090380784124</ele><time>2021-10-03T02:42:42Z</time></trkpt><trkpt lat="36.54011689920934" lon="138.42233249804912"><ele>2072.7041842630133</ele><time>2021-10-03T02:43:13Z</time></trkpt><trkpt lat="36.540233129601454" lon="138.4221592606294"><ele>2080.499187035486</ele><time>2021-10-03T02:43:50Z</time></trkpt><trkpt lat="36.54037183382822" lon="138.4220156512089"><ele>2083.0581591855735</ele><time>2021-10-03T02:44:23Z</time></trkpt><trkpt lat="36.54054928127882" lon="138.42196663401978"><ele>2090.8167257318273</ele><time>2021-10-03T02:44:57Z</time></trkpt><trkpt lat="36.540702035578725" lon="138.42184792597257"><ele>2098.105477980338</ele><time>2021-10-03T02:45:31Z</time></trkpt><trkpt lat="36.5408565593032" lon="138.42172706490277"><ele>2105.517222588882</ele><time>2021-10-03T02:45:59Z</time></trkpt><trkpt lat="36.54100011987321" lon="138.4215880624907"><ele>2106.266268301755</ele><time>2021-10-03T02:46:24Z</time></trkpt><trkpt lat="36.54118254586853" lon="138.42165426142853"><ele>2113.0079715522006</ele><time>2021-10-03T02:46:53Z</time></trkpt><trkpt lat="36.541285853356996" lon="138.42146800248653"><ele>2116.429469063878</ele><time>2021-10-03T02:47:18Z</time></trkpt><trkpt lat="36.54144544903577" lon="138.4213529166467"><ele>2121.9120645103976</ele><time>2021-10-03T02:47:47Z</time></trkpt><trkpt lat="36.5415168770447" lon="138.42114079009727"><ele>2127.47631389834</ele><time>2021-10-03T02:48:21Z</time></trkpt><trkpt lat="36.54169472528857" lon="138.42106489528825"><ele>2140.622891098261</ele><time>2021-10-03T02:49:24Z</time></trkpt><trkpt lat="36.54184080694231" lon="138.42093151484232"><ele>2149.20104383491</ele><time>2021-10-03T02:51:05Z</time></trkpt><trkpt lat="36.54199353651578" lon="138.42079373865585"><ele>2179.77335668914</ele><time>2021-10-03T02:54:29Z</time></trkpt><trkpt lat="36.5421625186793" lon="138.42069265298085"><ele>2194.928098147735</ele><time>2021-10-03T02:54:45Z</time></trkpt><trkpt lat="36.5422040479445" lon="138.42047089072358"><ele>2194.1493704300374</ele><time>2021-10-03T02:55:03Z</time></trkpt><trkpt lat="36.54229800826482" lon="138.42027735013662"><ele>2198.196592181921</ele><time>2021-10-03T02:55:26Z</time></trkpt><trkpt lat="36.542358596328306" lon="138.42006445040792"><ele>2203.9520933460444</ele><time>2021-10-03T02:57:14Z</time></trkpt><trkpt lat="36.54253764834334" lon="138.4200209707599"><ele>2213.3713268693537</ele><time>2021-10-03T02:59:14Z</time></trkpt><trkpt lat="36.54268774034438" lon="138.4198929879494"><ele>2217.2779569681734</ele><time>2021-10-03T02:59:43Z</time></trkpt><trkpt lat="36.542842863096766" lon="138.4197726176998"><ele>2221.4703836692497</ele><time>2021-10-03T03:00:16Z</time></trkpt><trkpt lat="36.54286333290952" lon="138.4195461742058"><ele>2231.187000259757</ele><time>2021-10-03T03:00:51Z</time></trkpt><trkpt lat="36.54299446101673" lon="138.41938268534824"><ele>2236.839484235272</ele><time>2021-10-03T03:01:29Z</time></trkpt><trkpt lat="36.54307660178316" lon="138.41917904432756"><ele>2243.809437246993</ele><time>2021-10-03T03:02:02Z</time></trkpt><trkpt lat="36.543248270294505" lon="138.41909807407748"><ele>2246.3612832371145</ele><time>2021-10-03T03:05:11Z</time></trkpt><trkpt lat="36.543287582017406" lon="138.41887153615718"><ele>2254.7723987288773</ele><time>2021-10-03T03:06:10Z</time></trkpt><trkpt lat="36.54321786877307" lon="138.41865821371232"><ele>2260.344664731063</ele><time>2021-10-03T03:06:41Z</time></trkpt><trkpt lat="36.54315987633786" lon="138.4184392518026"><ele>2264.7375938752666</ele><time>2021-10-03T03:07:07Z</time></trkpt><trkpt lat="36.543108137368755" lon="138.4182198179714"><ele>2268.8749166578054</ele><time>2021-10-03T03:07:29Z</time></trkpt><trkpt lat="36.54307018092616" lon="138.4179941056554"><ele>2270.357387312688</ele><time>2021-10-03T03:07:52Z</time></trkpt><trkpt lat="36.54313370453788" lon="138.4177746023852"><ele>2268.979099173099</ele><time>2021-10-03T03:08:12Z</time></trkpt><trkpt lat="36.54310168836296" lon="138.41753914553053"><ele>2272.46704393439</ele><time>2021-10-03T03:08:29Z</time></trkpt><trkpt lat="36.54306831322345" lon="138.41730839581226"><ele>2275.4418978411704</ele><time>2021-10-03T03:08:48Z</time></trkpt><trkpt lat="36.543020696061326" lon="138.4170827902639"><ele>2275.7598037654534</ele><time>2021-10-03T03:09:08Z</time></trkpt><trkpt lat="36.54298695548863" lon="138.41685106862664"><ele>2276.1008960921317</ele><time>2021-10-03T03:09:23Z</time></trkpt><trkpt lat="36.54293257513689" lon="138.41663320493734"><ele>2277.597408130765</ele><time>2021-10-03T03:09:38Z</time></trkpt><trkpt lat="36.54287894403059" lon="138.41640097026604"><ele>2280.433876956813</ele><time>2021-10-03T03:09:57Z</time></trkpt><trkpt lat="36.54283528351321" lon="138.4161751954336"><ele>2281.457520841621</ele><time>2021-10-03T03:10:15Z</time></trkpt><trkpt lat="36.542827448879876" lon="138.4159443713536"><ele>2288.6665228419006</ele><time>2021-10-03T03:10:39Z</time></trkpt><trkpt lat="36.542804276818245" lon="138.4157199026311"><ele>2295.2747596884146</ele><time>2021-10-03T03:11:09Z</time></trkpt><trkpt lat="36.5428293587269" lon="138.4154954497912"><ele>2298.610013670288</ele><time>2021-10-03T03:12:26Z</time></trkpt><trkpt lat="36.54282995299305" lon="138.41526611494487"><ele>2311.154091968201</ele><time>2021-10-03T03:13:48Z</time></trkpt><trkpt lat="36.54275302076018" lon="138.4150615569889"><ele>2315.337282807566</ele><time>2021-10-03T03:14:52Z</time></trkpt><trkpt lat="36.54267321746974" lon="138.41485858508437"><ele>2318.20396869909</ele><time>2021-10-03T03:16:20Z</time></trkpt><trkpt lat="36.54261154061063" lon="138.41464684826747"><ele>2322.015865109861</ele><time>2021-10-03T03:16:56Z</time></trkpt><trkpt lat="36.54254786446498" lon="138.41440852007008"><ele>2323.9736063769087</ele><time>2021-10-03T03:17:25Z</time></trkpt><trkpt lat="36.54245934173304" lon="138.4142054579923"><ele>2331.2238984443247</ele><time>2021-10-03T03:18:23Z</time></trkpt><trkpt lat="36.54235732142586" lon="138.4140025390956"><ele>2329.0024501383305</ele><time>2021-10-03T03:19:21Z</time></trkpt><trkpt lat="36.542226537325945" lon="138.41384413663772"><ele>2329.4201943315566</ele><time>2021-10-03T03:20:01Z</time></trkpt><trkpt lat="36.54211914305785" lon="138.41365473202765"><ele>2326.5902265189216</ele><time>2021-10-03T03:20:17Z</time></trkpt><trkpt lat="36.54199115062969" lon="138.41349638796507"><ele>2329.761207810603</ele><time>2021-10-03T03:20:37Z</time></trkpt><trkpt lat="36.5419282983219" lon="138.41327412619938"><ele>2338.93472816702</ele><time>2021-10-03T03:21:30Z</time></trkpt><trkpt lat="36.54180269951828" lon="138.41310860602164"><ele>2344.9072617124766</ele><time>2021-10-03T03:22:21Z</time></trkpt><trkpt lat="36.54170058699532" lon="138.41292017543486"><ele>2349.8370430618525</ele><time>2021-10-03T03:22:50Z</time></trkpt><trkpt lat="36.54176114234289" lon="138.4131418079528"><ele>2345.9748489419</ele><time>2021-10-03T04:07:05Z</time></trkpt><trkpt lat="36.541901020261115" lon="138.4132917186727"><ele>2338.061482558027</ele><time>2021-10-03T04:08:38Z</time></trkpt><trkpt lat="36.541961013369814" lon="138.4135124404609"><ele>2329.940806065686</ele><time>2021-10-03T04:10:12Z</time></trkpt><trkpt lat="36.54209053408459" lon="138.4136870816194"><ele>2323.430936029181</ele><time>2021-10-03T04:10:37Z</time></trkpt><trkpt lat="36.542207140892685" lon="138.41387385219792"><ele>2323.505874347873</ele><time>2021-10-03T04:10:55Z</time></trkpt><trkpt lat="36.54233921337824" lon="138.41402912213803"><ele>2324.037120591849</ele><time>2021-10-03T04:11:17Z</time></trkpt><trkpt lat="36.542436913267686" lon="138.41421880555447"><ele>2324.6455798391253</ele><time>2021-10-03T04:11:36Z</time></trkpt><trkpt lat="36.54251742246935" lon="138.41442246386404"><ele>2328.0670074699447</ele><time>2021-10-03T04:12:17Z</time></trkpt><trkpt lat="36.542576574839394" lon="138.41463724062612"><ele>2321.510871268809</ele><time>2021-10-03T04:12:46Z</time></trkpt><trkpt lat="36.54262979299805" lon="138.41485231510396"><ele>2321.894890683703</ele><time>2021-10-03T04:13:21Z</time></trkpt><trkpt lat="36.542704441963" lon="138.41505970301574"><ele>2320.5377809982747</ele><time>2021-10-03T04:13:46Z</time></trkpt><trkpt lat="36.542796317833115" lon="138.41525344221816"><ele>2317.469708142802</ele><time>2021-10-03T04:15:10Z</time></trkpt><trkpt lat="36.54281554160363" lon="138.41547732584908"><ele>2301.919976344332</ele><time>2021-10-03T04:17:45Z</time></trkpt><trkpt lat="36.542797261120484" lon="138.41570225984017"><ele>2294.5673518516123</ele><time>2021-10-03T04:19:14Z</time></trkpt><trkpt lat="36.54281370918118" lon="138.41592790946618"><ele>2287.8554880516604</ele><time>2021-10-03T04:19:46Z</time></trkpt><trkpt lat="36.542840400205705" lon="138.41616292841354"><ele>2280.605303169228</ele><time>2021-10-03T04:20:19Z</time></trkpt><trkpt lat="36.5428803511258" lon="138.4163817901555"><ele>2272.91002511885</ele><time>2021-10-03T04:20:36Z</time></trkpt><trkpt lat="36.542913358508706" lon="138.41661438238592"><ele>2272.36183522176</ele><time>2021-10-03T04:21:04Z</time></trkpt><trkpt lat="36.542957546209934" lon="138.41684327595408"><ele>2272.7052841447294</ele><time>2021-10-03T04:21:21Z</time></trkpt><trkpt lat="36.543012854989556" lon="138.41706273364085"><ele>2270.782169942744</ele><time>2021-10-03T04:21:41Z</time></trkpt><trkpt lat="36.543060360764834" lon="138.41728023670086"><ele>2272.360776465386</ele><time>2021-10-03T04:21:58Z</time></trkpt><trkpt lat="36.54310194346595" lon="138.41750701331665"><ele>2270.8640275467187</ele><time>2021-10-03T04:22:15Z</time></trkpt><trkpt lat="36.543130975399414" lon="138.41773691328476"><ele>2271.0044788029045</ele><time>2021-10-03T04:22:34Z</time></trkpt><trkpt lat="36.54304587230937" lon="138.41794586103555"><ele>2270.5339762512594</ele><time>2021-10-03T04:22:50Z</time></trkpt><trkpt lat="36.54307836203302" lon="138.4181852784215"><ele>2268.384720769711</ele><time>2021-10-03T04:23:08Z</time></trkpt><trkpt lat="36.54313929136147" lon="138.41840391293957"><ele>2265.5828983420506</ele><time>2021-10-03T04:23:24Z</time></trkpt><trkpt lat="36.54320667846785" lon="138.41862521565025"><ele>2260.1695363409817</ele><time>2021-10-03T04:23:45Z</time></trkpt><trkpt lat="36.54325497338524" lon="138.41885253364404"><ele>2252.2465979261324</ele><time>2021-10-03T04:24:08Z</time></trkpt><trkpt lat="36.543309335044995" lon="138.41907041228643"><ele>2249.9151105266064</ele><time>2021-10-03T04:24:49Z</time></trkpt><trkpt lat="36.54323638775316" lon="138.41927566411817"><ele>2241.051555428654</ele><time>2021-10-03T04:25:43Z</time></trkpt><trkpt lat="36.54335687791919" lon="138.41945237973067"><ele>2237.289261266589</ele><time>2021-10-03T04:25:58Z</time></trkpt><trkpt lat="36.54353815907228" lon="138.41943920970118"><ele>2233.1978451507166</ele><time>2021-10-03T04:26:16Z</time></trkpt><trkpt lat="36.5437197230513" lon="138.41944168695423"><ele>2231.876558292657</ele><time>2021-10-03T04:26:34Z</time></trkpt><trkpt lat="36.54391116090972" lon="138.4194400992791"><ele>2228.8686061743647</ele><time>2021-10-03T04:26:49Z</time></trkpt><trkpt lat="36.544092051502574" lon="138.41939389779486"><ele>2224.212682945654</ele><time>2021-10-03T04:27:22Z</time></trkpt><trkpt lat="36.54420525798825" lon="138.4192116472649"><ele>2221.216618867591</ele><time>2021-10-03T04:27:54Z</time></trkpt><trkpt lat="36.5442985716868" lon="138.41901879048967"><ele>2220.9263569181785</ele><time>2021-10-03T04:28:13Z</time></trkpt><trkpt lat="36.54448439788014" lon="138.41902874263576"><ele>2211.5064248349518</ele><time>2021-10-03T04:28:50Z</time></trkpt><trkpt lat="36.544647934909925" lon="138.41913163725567"><ele>2205.868842032738</ele><time>2021-10-03T04:29:14Z</time></trkpt><trkpt lat="36.54482217087843" lon="138.41920776694425"><ele>2197.4255637964234</ele><time>2021-10-03T04:29:37Z</time></trkpt><trkpt lat="36.54498759398931" lon="138.41931074881742"><ele>2201.109969652258</ele><time>2021-10-03T04:29:53Z</time></trkpt><trkpt lat="36.54515914903193" lon="138.4193839781655"><ele>2194.7921630740166</ele><time>2021-10-03T04:30:11Z</time></trkpt><trkpt lat="36.545297196618584" lon="138.41953321032014"><ele>2191.3328111497685</ele><time>2021-10-03T04:30:28Z</time></trkpt><trkpt lat="36.54533161895953" lon="138.41975909963074"><ele>2191.8434941675514</ele><time>2021-10-03T04:30:44Z</time></trkpt><trkpt lat="36.54541051151257" lon="138.41996264045406"><ele>2187.0811419356614</ele><time>2021-10-03T04:31:01Z</time></trkpt><trkpt lat="36.545501997527744" lon="138.42017323101416"><ele>2183.8163512852043</ele><time>2021-10-03T04:31:19Z</time></trkpt><trkpt lat="36.54560567977079" lon="138.42035926128756"><ele>2184.1037776563317</ele><time>2021-10-03T04:31:33Z</time></trkpt><trkpt lat="36.54574355126735" lon="138.4205147922017"><ele>2179.808619390242</ele><time>2021-10-03T04:31:49Z</time></trkpt><trkpt lat="36.54592199646852" lon="138.4205819848343"><ele>2180.017091535963</ele><time>2021-10-03T04:32:07Z</time></trkpt><trkpt lat="36.546067227513" lon="138.42071628612536"><ele>2179.975419911556</ele><time>2021-10-03T04:32:23Z</time></trkpt><trkpt lat="36.546223002819" lon="138.4208445588168"><ele>2179.272004504688</ele><time>2021-10-03T04:32:39Z</time></trkpt><trkpt lat="36.54637755793497" lon="138.4209771837866"><ele>2181.2486123163253</ele><time>2021-10-03T04:32:56Z</time></trkpt><trkpt lat="36.54653200043649" lon="138.42110642358185"><ele>2182.1063502579927</ele><time>2021-10-03T04:33:16Z</time></trkpt><trkpt lat="36.54666193446272" lon="138.4212687468843"><ele>2180.0843210276216</ele><time>2021-10-03T04:33:37Z</time></trkpt><trkpt lat="36.546840479345306" lon="138.4213118669335"><ele>2178.5521893315017</ele><time>2021-10-03T04:33:59Z</time></trkpt><trkpt lat="36.54700185927518" lon="138.42142495496435"><ele>2176.545631930232</ele><time>2021-10-03T04:34:15Z</time></trkpt><trkpt lat="36.547165109881426" lon="138.42155573107763"><ele>2175.869654067792</ele><time>2021-10-03T04:34:32Z</time></trkpt><trkpt lat="36.547320934665514" lon="138.421699561834"><ele>2173.9073763415217</ele><time>2021-10-03T04:34:51Z</time></trkpt><trkpt lat="36.547481619661504" lon="138.421806956967"><ele>2175.0056906649843</ele><time>2021-10-03T04:35:06Z</time></trkpt><trkpt lat="36.54764243993681" lon="138.421926793458"><ele>2175.239977975376</ele><time>2021-10-03T04:35:22Z</time></trkpt><trkpt lat="36.54780810905157" lon="138.4220350708128"><ele>2172.3195103975013</ele><time>2021-10-03T04:35:41Z</time></trkpt><trkpt lat="36.54796882539752" lon="138.42215814768502"><ele>2170.547861476429</ele><time>2021-10-03T04:36:01Z</time></trkpt><trkpt lat="36.54808518206224" lon="138.42233332902725"><ele>2165.850427827798</ele><time>2021-10-03T04:36:29Z</time></trkpt><trkpt lat="36.54820699700207" lon="138.42250002411896"><ele>2161.117326707579</ele><time>2021-10-03T04:36:52Z</time></trkpt><trkpt lat="36.54830209733466" lon="138.42269858980947"><ele>2160.2061777515337</ele><time>2021-10-03T04:37:16Z</time></trkpt><trkpt lat="36.548422703728306" lon="138.42287290583667"><ele>2159.2452724575996</ele><time>2021-10-03T04:37:39Z</time></trkpt><trkpt lat="36.548561818828155" lon="138.42302641158398"><ele>2161.581057811156</ele><time>2021-10-03T04:38:01Z</time></trkpt><trkpt lat="36.54865559695144" lon="138.4232189597338"><ele>2163.916620812379</ele><time>2021-10-03T04:38:25Z</time></trkpt><trkpt lat="36.548741180316775" lon="138.42342256204842"><ele>2167.316399442032</ele><time>2021-10-03T04:38:51Z</time></trkpt><trkpt lat="36.548844380651694" lon="138.4236165496059"><ele>2170.6046362295747</ele><time>2021-10-03T04:39:18Z</time></trkpt><trkpt lat="36.548913378674875" lon="138.42382378701228"><ele>2168.7690102616325</ele><time>2021-10-03T04:39:37Z</time></trkpt><trkpt lat="36.54899789346416" lon="138.42402503418216"><ele>2169.909175495617</ele><time>2021-10-03T04:39:57Z</time></trkpt><trkpt lat="36.54915036207906" lon="138.42417146484155"><ele>2172.0850208215415</ele><time>2021-10-03T04:40:19Z</time></trkpt><trkpt lat="36.54933152992226" lon="138.4242258346283"><ele>2169.3623992688954</ele><time>2021-10-03T04:40:37Z</time></trkpt><trkpt lat="36.549511369052674" lon="138.42424878069681"><ele>2169.221211720258</ele><time>2021-10-03T04:40:55Z</time></trkpt><trkpt lat="36.54970227800409" lon="138.4242743376481"><ele>2170.4588349713013</ele><time>2021-10-03T04:41:12Z</time></trkpt><trkpt lat="36.54984355451097" lon="138.42444983341562"><ele>2171.632301661186</ele><time>2021-10-03T04:41:33Z</time></trkpt><trkpt lat="36.54997632307052" lon="138.42461209848304"><ele>2174.343498283066</ele><time>2021-10-03T04:41:53Z</time></trkpt><trkpt lat="36.550140891907034" lon="138.42472856970377"><ele>2172.853421884589</ele><time>2021-10-03T04:42:14Z</time></trkpt><trkpt lat="36.55030524803349" lon="138.42482035844458"><ele>2174.2121996069327</ele><time>2021-10-03T04:42:30Z</time></trkpt><trkpt lat="36.55044843370812" lon="138.42498068218075"><ele>2172.8086342690513</ele><time>2021-10-03T04:42:46Z</time></trkpt><trkpt lat="36.5505879693289" lon="138.4251258336023"><ele>2171.940337801352</ele><time>2021-10-03T04:43:05Z</time></trkpt><trkpt lat="36.55076232239055" lon="138.42518568429702"><ele>2171.1992695685476</ele><time>2021-10-03T04:43:47Z</time></trkpt><trkpt lat="36.55092027139858" lon="138.42529864866532"><ele>2168.370819366537</ele><time>2021-10-03T04:44:17Z</time></trkpt><trkpt lat="36.551064585552524" lon="138.42543810051447"><ele>2157.5577939692885</ele><time>2021-10-03T04:45:39Z</time></trkpt><trkpt lat="36.55110579907425" lon="138.42566156284894"><ele>2145.0431377654895</ele><time>2021-10-03T04:46:51Z</time></trkpt><trkpt lat="36.55100046065213" lon="138.4258430669966"><ele>2141.1290330505</ele><time>2021-10-03T04:47:28Z</time></trkpt><trkpt lat="36.551101906718145" lon="138.42603406499993"><ele>2136.0256463997066</ele><time>2021-10-03T04:48:09Z</time></trkpt><trkpt lat="36.551240805438916" lon="138.4261773362444"><ele>2136.4445049874485</ele><time>2021-10-03T04:48:28Z</time></trkpt><trkpt lat="36.551256334049185" lon="138.42640132614787"><ele>2135.5089664477855</ele><time>2021-10-03T04:49:01Z</time></trkpt><trkpt lat="36.55137673560655" lon="138.42657985519813"><ele>2131.2609453871846</ele><time>2021-10-03T04:49:26Z</time></trkpt><trkpt lat="36.55152832015769" lon="138.42645186274794"><ele>2129.307875489816</ele><time>2021-10-03T04:49:58Z</time></trkpt><trkpt lat="36.55168756383161" lon="138.4263218762281"><ele>2125.5436038793996</ele><time>2021-10-03T04:50:31Z</time></trkpt><trkpt lat="36.551855379648046" lon="138.4262301596969"><ele>2120.4996556816623</ele><time>2021-10-03T04:51:01Z</time></trkpt><trkpt lat="36.5520313449325" lon="138.4262814182838"><ele>2117.2623836193234</ele><time>2021-10-03T04:51:34Z</time></trkpt><trkpt lat="36.55222222300088" lon="138.42630815864345"><ele>2114.2499841339886</ele><time>2021-10-03T04:51:58Z</time></trkpt><trkpt lat="36.552402746701055" lon="138.42634249802646"><ele>2113.9506235364825</ele><time>2021-10-03T04:52:16Z</time></trkpt><trkpt lat="36.552592860036555" lon="138.42637405734106"><ele>2112.5713406251743</ele><time>2021-10-03T04:52:35Z</time></trkpt><trkpt lat="36.55277477504835" lon="138.4263926667615"><ele>2114.6959004066885</ele><time>2021-10-03T04:53:14Z</time></trkpt><trkpt lat="36.552919732583476" lon="138.42653336839243"><ele>2113.0102076148614</ele><time>2021-10-03T04:53:36Z</time></trkpt><trkpt lat="36.55305420197713" lon="138.42668863253806"><ele>2111.517750554718</ele><time>2021-10-03T04:53:56Z</time></trkpt><trkpt lat="36.553195862726916" lon="138.42685109809634"><ele>2111.964579315856</ele><time>2021-10-03T04:54:20Z</time></trkpt><trkpt lat="36.553374238472024" lon="138.42689528487367"><ele>2106.3626209357753</ele><time>2021-10-03T04:54:34Z</time></trkpt><trkpt lat="36.553528562036824" lon="138.4270279995307"><ele>2104.5191987492144</ele><time>2021-10-03T04:55:01Z</time></trkpt><trkpt lat="36.55367458576528" lon="138.4271625880141"><ele>2101.27440078184</ele><time>2021-10-03T04:55:22Z</time></trkpt><trkpt lat="36.553815683501355" lon="138.4273080545986"><ele>2098.1455095261335</ele><time>2021-10-03T04:55:40Z</time></trkpt><trkpt lat="36.55394640120303" lon="138.427463212033"><ele>2096.7600368196145</ele><time>2021-10-03T04:55:56Z</time></trkpt><trkpt lat="36.55409767550055" lon="138.42760918476375"><ele>2092.4302008599043</ele><time>2021-10-03T04:56:11Z</time></trkpt><trkpt lat="36.55422110622142" lon="138.4277732192846"><ele>2092.3286374071613</ele><time>2021-10-03T04:56:27Z</time></trkpt><trkpt lat="36.55438787805224" lon="138.42788339759795"><ele>2090.2991956546903</ele><time>2021-10-03T04:56:43Z</time></trkpt><trkpt lat="36.55449922111355" lon="138.42806220070182"><ele>2088.7126654973254</ele><time>2021-10-03T04:57:03Z</time></trkpt><trkpt lat="36.55465844154138" lon="138.4281668827054"><ele>2086.231437499635</ele><time>2021-10-03T04:57:22Z</time></trkpt><trkpt lat="36.55482543118137" lon="138.4282651896452"><ele>2085.9954167306423</ele><time>2021-10-03T04:57:38Z</time></trkpt><trkpt lat="36.555000767715484" lon="138.42833068331092"><ele>2084.74910635408</ele><time>2021-10-03T04:57:57Z</time></trkpt><trkpt lat="36.55517310021197" lon="138.42840717150557"><ele>2080.127258332446</ele><time>2021-10-03T04:58:17Z</time></trkpt><trkpt lat="36.555354262723895" lon="138.42844471376802"><ele>2079.668305201456</ele><time>2021-10-03T04:58:36Z</time></trkpt><trkpt lat="36.55544448990875" lon="138.42865053096787"><ele>2075.4840436000377</ele><time>2021-10-03T04:59:01Z</time></trkpt><trkpt lat="36.55555477313463" lon="138.42882875048625"><ele>2072.07418110501</ele><time>2021-10-03T04:59:19Z</time></trkpt><trkpt lat="36.55567890189501" lon="138.42899856194435"><ele>2070.3350206278265</ele><time>2021-10-03T04:59:37Z</time></trkpt><trkpt lat="36.55580749440657" lon="138.42915545853594"><ele>2071.302652928978</ele><time>2021-10-03T04:59:52Z</time></trkpt><trkpt lat="36.55597878342434" lon="138.42924307889348"><ele>2070.610828572884</ele><time>2021-10-03T05:00:08Z</time></trkpt><trkpt lat="36.55615529133366" lon="138.42931223061856"><ele>2074.7145725637674</ele><time>2021-10-03T05:00:24Z</time></trkpt><trkpt lat="36.556347926824884" lon="138.42928466089285"><ele>2071.7775341337547</ele><time>2021-10-03T05:00:45Z</time></trkpt><trkpt lat="36.55653563289429" lon="138.42929860951728"><ele>2076.607530870475</ele><time>2021-10-03T05:01:03Z</time></trkpt><trkpt lat="36.55671251003924" lon="138.42923227179128"><ele>2076.6182923251763</ele><time>2021-10-03T05:01:23Z</time></trkpt><trkpt lat="36.5568885304964" lon="138.4291621761774"><ele>2077.499457541853</ele><time>2021-10-03T05:01:46Z</time></trkpt><trkpt lat="36.557074660451214" lon="138.42910493596233"><ele>2080.3101309305057</ele><time>2021-10-03T05:02:04Z</time></trkpt><trkpt lat="36.55722397891621" lon="138.4292370610126"><ele>2076.187518636696</ele><time>2021-10-03T05:02:36Z</time></trkpt><trkpt lat="36.557408283583186" lon="138.42919186414133"><ele>2074.895334869623</ele><time>2021-10-03T05:02:53Z</time></trkpt><trkpt lat="36.55759280384455" lon="138.4291315615729"><ele>2075.9108654167503</ele><time>2021-10-03T05:03:08Z</time></trkpt><trkpt lat="36.55777443438839" lon="138.42908735397717"><ele>2073.6270828889683</ele><time>2021-10-03T05:03:25Z</time></trkpt><trkpt lat="36.55795324890648" lon="138.42902179809562"><ele>2073.254192312248</ele><time>2021-10-03T05:03:41Z</time></trkpt><trkpt lat="36.55813464047303" lon="138.42896950511786"><ele>2074.8925518505275</ele><time>2021-10-03T05:03:57Z</time></trkpt><trkpt lat="36.55827997394104" lon="138.4288239564295"><ele>2076.849710701965</ele><time>2021-10-03T05:04:17Z</time></trkpt><trkpt lat="36.558436379091326" lon="138.42870359410756"><ele>2076.318141316995</ele><time>2021-10-03T05:04:35Z</time></trkpt><trkpt lat="36.558573298617105" lon="138.42854564715958"><ele>2078.25698654633</ele><time>2021-10-03T05:04:53Z</time></trkpt><trkpt lat="36.558709032368874" lon="138.4283880525941"><ele>2079.533414501697</ele><time>2021-10-03T05:05:34Z</time></trkpt><trkpt lat="36.5587926090589" lon="138.4281698508916"><ele>2082.7245686305687</ele><time>2021-10-03T05:05:53Z</time></trkpt><trkpt lat="36.55882699721959" lon="138.42794481920177"><ele>2085.374191894196</ele><time>2021-10-03T05:06:10Z</time></trkpt><trkpt lat="36.55888132032514" lon="138.4277279427428"><ele>2086.46549298428</ele><time>2021-10-03T05:06:27Z</time></trkpt><trkpt lat="36.55902942946964" lon="138.42759844586874"><ele>2086.094355701469</ele><time>2021-10-03T05:06:48Z</time></trkpt><trkpt lat="36.55918613487551" lon="138.42747897591468"><ele>2089.4890653444454</ele><time>2021-10-03T05:07:07Z</time></trkpt><trkpt lat="36.559350593448855" lon="138.4273841468732"><ele>2093.3944688569754</ele><time>2021-10-03T05:07:30Z</time></trkpt><trkpt lat="36.55940876274745" lon="138.42716391220034"><ele>2098.6878292150795</ele><time>2021-10-03T05:08:05Z</time></trkpt><trkpt lat="36.55958328568465" lon="138.42707223782972"><ele>2102.524071455933</ele><time>2021-10-03T05:08:49Z</time></trkpt><trkpt lat="36.55969973834291" lon="138.42689211364106"><ele>2108.3941386006773</ele><time>2021-10-03T05:09:18Z</time></trkpt><trkpt lat="36.55966710689162" lon="138.4266720570521"><ele>2114.3731341781095</ele><time>2021-10-03T05:10:09Z</time></trkpt><trkpt lat="36.55981536016722" lon="138.42653832489032"><ele>2111.8347290279344</ele><time>2021-10-03T05:12:59Z</time></trkpt><trkpt lat="36.55999432755829" lon="138.42657833354806"><ele>2104.354757005349</ele><time>2021-10-03T05:13:37Z</time></trkpt><trkpt lat="36.560029244995874" lon="138.4268112033573"><ele>2104.0963834133</ele><time>2021-10-03T05:14:25Z</time></trkpt><trkpt lat="36.560148197452435" lon="138.4269844927363"><ele>2097.64319261536</ele><time>2021-10-03T05:15:02Z</time></trkpt><trkpt lat="36.56032877483684" lon="138.42701507279585"><ele>2094.383081323467</ele><time>2021-10-03T05:15:29Z</time></trkpt><trkpt lat="36.560287690223824" lon="138.42723265912474"><ele>2094.667492577806</ele><time>2021-10-03T05:15:50Z</time></trkpt><trkpt lat="36.56039392664995" lon="138.42741960531225"><ele>2090.363902325742</ele><time>2021-10-03T05:16:20Z</time></trkpt><trkpt lat="36.56053668153255" lon="138.42757539441857"><ele>2088.245632270351</ele><time>2021-10-03T05:16:55Z</time></trkpt><trkpt lat="36.56071070084394" lon="138.42766397808518"><ele>2082.968769335188</ele><time>2021-10-03T05:17:12Z</time></trkpt><trkpt lat="36.56088503859176" lon="138.4277253640423"><ele>2080.4631920345128</ele><time>2021-10-03T05:17:26Z</time></trkpt><trkpt lat="36.561072985113974" lon="138.42773855760709"><ele>2080.0481961397454</ele><time>2021-10-03T05:17:44Z</time></trkpt><trkpt lat="36.561246117214104" lon="138.42784007123316"><ele>2079.295275415294</ele><time>2021-10-03T05:17:59Z</time></trkpt><trkpt lat="36.56139218821039" lon="138.42798135369225"><ele>2076.9649530211464</ele><time>2021-10-03T05:18:13Z</time></trkpt><trkpt lat="36.561522083132935" lon="138.42815182792836"><ele>2072.996938799508</ele><time>2021-10-03T05:18:26Z</time></trkpt><trkpt lat="36.56165157624287" lon="138.4283302511794"><ele>2069.338692315854</ele><time>2021-10-03T05:18:39Z</time></trkpt><trkpt lat="36.561771433809334" lon="138.42850561109745"><ele>2068.105281610973</ele><time>2021-10-03T05:18:53Z</time></trkpt><trkpt lat="36.56189433779057" lon="138.42868303357153"><ele>2065.990928360261</ele><time>2021-10-03T05:19:07Z</time></trkpt><trkpt lat="36.56202932669786" lon="138.42883269323104"><ele>2063.5915317209437</ele><time>2021-10-03T05:19:20Z</time></trkpt><trkpt lat="36.562181352206025" lon="138.4289611579572"><ele>2063.427525742911</ele><time>2021-10-03T05:19:33Z</time></trkpt><trkpt lat="36.562372958823424" lon="138.42896791922004"><ele>2061.808994660154</ele><time>2021-10-03T05:19:48Z</time></trkpt><trkpt lat="36.56255696326285" lon="138.4289840101109"><ele>2059.3985390663147</ele><time>2021-10-03T05:20:02Z</time></trkpt><trkpt lat="36.56274002396658" lon="138.42905001947608"><ele>2056.0763371456414</ele><time>2021-10-03T05:20:15Z</time></trkpt><trkpt lat="36.562927916100435" lon="138.42912931291835"><ele>2057.446771644987</ele><time>2021-10-03T05:24:18Z</time></trkpt><trkpt lat="36.56311758191398" lon="138.4291658684781"><ele>2054.5615184102207</ele><time>2021-10-03T05:24:24Z</time></trkpt><trkpt lat="36.563285911140675" lon="138.4290570640841"><ele>2057.0114450957626</ele><time>2021-10-03T05:24:31Z</time></trkpt><trkpt lat="36.56345850869757" lon="138.42913440972336"><ele>2058.2025721836835</ele><time>2021-10-03T05:24:37Z</time></trkpt><trkpt lat="36.56363982282474" lon="138.42909613492586"><ele>2055.704922036268</ele><time>2021-10-03T05:24:49Z</time></trkpt><trkpt lat="36.5637802342512" lon="138.42894562846237"><ele>2057.8899209508672</ele><time>2021-10-03T05:25:04Z</time></trkpt><trkpt lat="36.5639490188472" lon="138.4290346018363"><ele>2057.198814173229</ele><time>2021-10-03T05:25:20Z</time></trkpt><trkpt lat="36.56409154753878" lon="138.42918989348811"><ele>2061.9478581538424</ele><time>2021-10-03T05:25:34Z</time></trkpt><trkpt lat="36.564259690713534" lon="138.42909565438168"><ele>2060.586572345346</ele><time>2021-10-03T05:25:47Z</time></trkpt><trkpt lat="36.5644159091985" lon="138.42897188044861"><ele>2064.753517824225</ele><time>2021-10-03T05:26:09Z</time></trkpt><trkpt lat="36.56459654605451" lon="138.4289714297259"><ele>2065.4937605848536</ele><time>2021-10-03T05:26:26Z</time></trkpt><trkpt lat="36.56478707416847" lon="138.42898146009506"><ele>2067.86335927248</ele><time>2021-10-03T05:26:42Z</time></trkpt><trkpt lat="36.5649728827253" lon="138.42904610645178"><ele>2068.8749239360914</ele><time>2021-10-03T05:26:59Z</time></trkpt><trkpt lat="36.56515502052392" lon="138.429002105424"><ele>2070.692737063393</ele><time>2021-10-03T05:27:14Z</time></trkpt><trkpt lat="36.565320086498694" lon="138.42890433114445"><ele>2075.0261127846316</ele><time>2021-10-03T05:27:30Z</time></trkpt><trkpt lat="36.565505891223395" lon="138.42892672277947"><ele>2079.3860227791592</ele><time>2021-10-03T05:27:54Z</time></trkpt><trkpt lat="36.565685846692034" lon="138.4289586894622"><ele>2085.8159970873967</ele><time>2021-10-03T05:28:17Z</time></trkpt><trkpt lat="36.56582972173956" lon="138.42882091042688"><ele>2086.4018143424764</ele><time>2021-10-03T05:28:56Z</time></trkpt><trkpt lat="36.56600770616265" lon="138.42887210004974"><ele>2084.3700656238943</ele><time>2021-10-03T05:29:23Z</time></trkpt><trkpt lat="36.565876453952335" lon="138.42904377667193"><ele>2082.278547592461</ele><time>2021-10-03T05:29:41Z</time></trkpt><trkpt lat="36.56580522140426" lon="138.42925603583288"><ele>2079.558607180603</ele><time>2021-10-03T05:29:58Z</time></trkpt><trkpt lat="36.56571109498121" lon="138.42945708442315"><ele>2075.2750913780183</ele><time>2021-10-03T05:30:16Z</time></trkpt><trkpt lat="36.56569689029723" lon="138.42969034680812"><ele>2069.0223870072514</ele><time>2021-10-03T05:30:40Z</time></trkpt><trkpt lat="36.56572029394238" lon="138.42991320596747"><ele>2064.5413479031995</ele><time>2021-10-03T05:31:04Z</time></trkpt><trkpt lat="36.565614749568105" lon="138.43011589118257"><ele>2061.0351403523237</ele><time>2021-10-03T05:31:24Z</time></trkpt><trkpt lat="36.565588419175945" lon="138.4303500712615"><ele>2058.616817003116</ele><time>2021-10-03T05:31:40Z</time></trkpt><trkpt lat="36.565691934053895" lon="138.43054502034374"><ele>2057.361468457617</ele><time>2021-10-03T05:31:56Z</time></trkpt><trkpt lat="36.56567247400693" lon="138.43077810083594"><ele>2052.430974249728</ele><time>2021-10-03T05:32:16Z</time></trkpt><trkpt lat="36.5656932458821" lon="138.43101698847434"><ele>2047.855853125453</ele><time>2021-10-03T05:32:37Z</time></trkpt><trkpt lat="36.56578825953667" lon="138.4312177765499"><ele>2041.5614031115547</ele><time>2021-10-03T05:32:57Z</time></trkpt><trkpt lat="36.56586742704693" lon="138.431420713628"><ele>2036.7963472725824</ele><time>2021-10-03T05:33:15Z</time></trkpt><trkpt lat="36.56593744642837" lon="138.4316323942851"><ele>2030.2097621979192</ele><time>2021-10-03T05:33:38Z</time></trkpt><trkpt lat="36.56594453413851" lon="138.43186444734516"><ele>2025.4520233059302</ele><time>2021-10-03T05:33:56Z</time></trkpt><trkpt lat="36.56593274620665" lon="138.43209884230666"><ele>2021.6320579918101</ele><time>2021-10-03T05:34:16Z</time></trkpt><trkpt lat="36.56592936984362" lon="138.4323260562475"><ele>2019.9235129281878</ele><time>2021-10-03T05:34:31Z</time></trkpt><trkpt lat="36.565939795445445" lon="138.4325554568877"><ele>2015.0377766620368</ele><time>2021-10-03T05:34:50Z</time></trkpt><trkpt lat="36.56604376182499" lon="138.43275825965586"><ele>2010.8637130595744</ele><time>2021-10-03T05:35:10Z</time></trkpt><trkpt lat="36.566056607491596" lon="138.43298185617698"><ele>2006.060319436714</ele><time>2021-10-03T05:35:28Z</time></trkpt><trkpt lat="36.565977656140426" lon="138.43319061363331"><ele>1999.0244844779372</ele><time>2021-10-03T05:35:50Z</time></trkpt><trkpt lat="36.56586411448171" lon="138.43337873467587"><ele>1996.3028638977557</ele><time>2021-10-03T05:36:10Z</time></trkpt><trkpt lat="36.565881808380354" lon="138.43360308063356"><ele>1988.9641198562458</ele><time>2021-10-03T05:36:34Z</time></trkpt><trkpt lat="36.5658658896493" lon="138.43383496384396"><ele>1986.2106767334044</ele><time>2021-10-03T05:36:52Z</time></trkpt><trkpt lat="36.56580870130492" lon="138.43405633239618"><ele>1982.981037285179</ele><time>2021-10-03T05:37:10Z</time></trkpt><trkpt lat="36.565735742964186" lon="138.43427063419028"><ele>1976.2960645398125</ele><time>2021-10-03T05:37:33Z</time></trkpt><trkpt lat="36.565715486025425" lon="138.43449581825405"><ele>1972.5012808842584</ele><time>2021-10-03T05:37:53Z</time></trkpt><trkpt lat="36.56573168851086" lon="138.43474718741044"><ele>1969.4948113011196</ele><time>2021-10-03T05:38:11Z</time></trkpt><trkpt lat="36.56575106717966" lon="138.43497569430454"><ele>1966.05644730106</ele><time>2021-10-03T05:38:28Z</time></trkpt><trkpt lat="36.56560111951176" lon="138.43513519254967"><ele>1958.8574588345364</ele><time>2021-10-03T05:38:56Z</time></trkpt><trkpt lat="36.5654173071192" lon="138.43517573602998"><ele>1956.7947717886418</ele><time>2021-10-03T05:39:14Z</time></trkpt><trkpt lat="36.56544539645215" lon="138.43540894426025"><ele>1950.4793472457677</ele><time>2021-10-03T05:39:32Z</time></trkpt><trkpt lat="36.56534311510767" lon="138.43559651213087"><ele>1945.6092686671764</ele><time>2021-10-03T05:39:48Z</time></trkpt><trkpt lat="36.5653105136313" lon="138.4358231200585"><ele>1941.541662722826</ele><time>2021-10-03T05:40:05Z</time></trkpt><trkpt lat="36.56524312083619" lon="138.4360376064075"><ele>1938.3973276913166</ele><time>2021-10-03T05:40:27Z</time></trkpt><trkpt lat="36.56517117731123" lon="138.4362511175192"><ele>1936.1206711148843</ele><time>2021-10-03T05:40:45Z</time></trkpt><trkpt lat="36.56514642300641" lon="138.4364771797774"><ele>1930.784874434583</ele><time>2021-10-03T05:41:02Z</time></trkpt><trkpt lat="36.5651173344742" lon="138.43669856612735"><ele>1928.8300470774993</ele><time>2021-10-03T05:41:17Z</time></trkpt><trkpt lat="36.56506741498274" lon="138.43691878049026"><ele>1924.9267020747066</ele><time>2021-10-03T05:41:37Z</time></trkpt><trkpt lat="36.56497152794105" lon="138.4371099079217"><ele>1918.0175070064142</ele><time>2021-10-03T05:41:55Z</time></trkpt><trkpt lat="36.56484961322151" lon="138.4373007181964"><ele>1915.5822027167305</ele><time>2021-10-03T05:42:15Z</time></trkpt><trkpt lat="36.56475897304538" lon="138.43749725170667"><ele>1912.3737289775163</ele><time>2021-10-03T05:42:33Z</time></trkpt><trkpt lat="36.56471579551766" lon="138.43772294474027"><ele>1909.1959598874673</ele><time>2021-10-03T05:42:51Z</time></trkpt><trkpt lat="36.56469273272399" lon="138.43794581428892"><ele>1907.2783681424335</ele><time>2021-10-03T05:43:05Z</time></trkpt><trkpt lat="36.56485394808478" lon="138.4380647605442"><ele>1907.7465528985485</ele><time>2021-10-03T05:43:35Z</time></trkpt><trkpt lat="36.56490375592406" lon="138.43829220587804"><ele>1900.9571577915922</ele><time>2021-10-03T05:43:55Z</time></trkpt><trkpt lat="36.564929605567265" lon="138.43852199811934"><ele>1898.2913867719471</ele><time>2021-10-03T05:44:12Z</time></trkpt><trkpt lat="36.5648790206141" lon="138.438748131095"><ele>1891.7789266742766</ele><time>2021-10-03T05:44:36Z</time></trkpt><trkpt lat="36.564946927943474" lon="138.43896027546845"><ele>1887.5803025383502</ele><time>2021-10-03T05:44:59Z</time></trkpt><trkpt lat="36.56508578601468" lon="138.4391033402956"><ele>1880.5598767530173</ele><time>2021-10-03T05:45:23Z</time></trkpt><trkpt lat="36.565078401216965" lon="138.43932663811358"><ele>1874.580573456362</ele><time>2021-10-03T05:45:42Z</time></trkpt><trkpt lat="36.56501361012543" lon="138.43954466256176"><ele>1871.6921908622608</ele><time>2021-10-03T05:46:01Z</time></trkpt><trkpt lat="36.56488682586147" lon="138.4397197938502"><ele>1867.3032475961372</ele><time>2021-10-03T05:46:15Z</time></trkpt><trkpt lat="36.564899948376414" lon="138.43995127968572"><ele>1863.8418908352032</ele><time>2021-10-03T05:46:39Z</time></trkpt><trkpt lat="36.564733814537895" lon="138.44006000841813"><ele>1861.4699149224907</ele><time>2021-10-03T05:46:58Z</time></trkpt><trkpt lat="36.564554925887165" lon="138.44010093323087"><ele>1864.7239100420848</ele><time>2021-10-03T05:47:15Z</time></trkpt><trkpt lat="36.5643807583236" lon="138.4401920574726"><ele>1860.098233981058</ele><time>2021-10-03T05:47:30Z</time></trkpt><trkpt lat="36.56427450343985" lon="138.4403893628139"><ele>1856.4728529481217</ele><time>2021-10-03T05:47:45Z</time></trkpt><trkpt lat="36.564147032085565" lon="138.44054794141834"><ele>1852.6962618036196</ele><time>2021-10-03T05:48:02Z</time></trkpt><trkpt lat="36.56427959578231" lon="138.44070304920075"><ele>1849.5759269483387</ele><time>2021-10-03T05:48:15Z</time></trkpt><trkpt lat="36.564306894879834" lon="138.4409302175712"><ele>1841.997712513432</ele><time>2021-10-03T05:48:37Z</time></trkpt><trkpt lat="36.56427707605727" lon="138.44115384441693"><ele>1837.735434805043</ele><time>2021-10-03T05:49:03Z</time></trkpt><trkpt lat="36.5643873871586" lon="138.44133301186088"><ele>1834.715892658569</ele><time>2021-10-03T05:49:18Z</time></trkpt><trkpt lat="36.56453352339029" lon="138.44147341067426"><ele>1832.7289277324453</ele><time>2021-10-03T05:49:33Z</time></trkpt><trkpt lat="36.56448184100602" lon="138.4417004312038"><ele>1825.530356449075</ele><time>2021-10-03T05:49:56Z</time></trkpt><trkpt lat="36.564325829006194" lon="138.44183493539325"><ele>1824.4099991004914</ele><time>2021-10-03T05:50:11Z</time></trkpt><trkpt lat="36.56419670480623" lon="138.44201301165387"><ele>1818.4335087137297</ele><time>2021-10-03T05:50:29Z</time></trkpt><trkpt lat="36.56430687054277" lon="138.442214592342"><ele>1813.845249157399</ele><time>2021-10-03T05:50:48Z</time></trkpt><trkpt lat="36.56446607210555" lon="138.44232153437525"><ele>1813.663573678583</ele><time>2021-10-03T05:51:04Z</time></trkpt><trkpt lat="36.564637236612775" lon="138.44242836016886"><ele>1809.6444588387385</ele><time>2021-10-03T05:51:19Z</time></trkpt><trkpt lat="36.56481373981996" lon="138.44250840582345"><ele>1805.9649945553392</ele><time>2021-10-03T05:51:41Z</time></trkpt><trkpt lat="36.56499143599791" lon="138.44254968578025"><ele>1799.7230438925326</ele><time>2021-10-03T05:51:58Z</time></trkpt><trkpt lat="36.56516657049236" lon="138.4426290456482"><ele>1800.377926202491</ele><time>2021-10-03T05:52:12Z</time></trkpt><trkpt lat="36.56533275738474" lon="138.44271807264076"><ele>1796.1754841841757</ele><time>2021-10-03T05:52:30Z</time></trkpt><trkpt lat="36.56549128829861" lon="138.44282714627084"><ele>1791.2771102143452</ele><time>2021-10-03T05:52:45Z</time></trkpt><trkpt lat="36.565583464549576" lon="138.44302272269073"><ele>1785.9731844784692</ele><time>2021-10-03T05:53:07Z</time></trkpt><trkpt lat="36.56562247062111" lon="138.44324255595885"><ele>1782.3885884964839</ele><time>2021-10-03T05:53:25Z</time></trkpt><trkpt lat="36.565649840042916" lon="138.4434637552848"><ele>1778.3047030922025</ele><time>2021-10-03T05:53:39Z</time></trkpt><trkpt lat="36.565676091038554" lon="138.4436881673402"><ele>1769.6358971837908</ele><time>2021-10-03T05:53:58Z</time></trkpt><trkpt lat="36.565731612812606" lon="138.44391735897176"><ele>1768.692392833531</ele><time>2021-10-03T05:54:15Z</time></trkpt><trkpt lat="36.5658219640558" lon="138.44412061924444"><ele>1765.4461431438103</ele><time>2021-10-03T05:54:30Z</time></trkpt><trkpt lat="36.56588557100905" lon="138.44433817428603"><ele>1762.0109099578112</ele><time>2021-10-03T05:54:45Z</time></trkpt><trkpt lat="36.56592961444593" lon="138.444563714299"><ele>1758.8460581833497</ele><time>2021-10-03T05:55:00Z</time></trkpt><trkpt lat="36.56599736975012" lon="138.44477881769032"><ele>1757.3351173484698</ele><time>2021-10-03T05:55:16Z</time></trkpt><trkpt lat="36.566075690223684" lon="138.44498283160823"><ele>1754.4974275128916</ele><time>2021-10-03T05:55:32Z</time></trkpt><trkpt lat="36.56611294924861" lon="138.4452071474796"><ele>1751.2735256869346</ele><time>2021-10-03T05:55:47Z</time></trkpt><trkpt lat="36.56616479827346" lon="138.44543503363963"><ele>1749.6394155109301</ele><time>2021-10-03T05:56:05Z</time></trkpt><trkpt lat="36.56620220681544" lon="138.44566500005345"><ele>1747.082305090502</ele><time>2021-10-03T05:56:19Z</time></trkpt><trkpt lat="36.566319997059225" lon="138.44584190982752"><ele>1745.6224796669558</ele><time>2021-10-03T05:56:32Z</time></trkpt><trkpt lat="36.56642643919611" lon="138.446032568111"><ele>1743.9466276112944</ele><time>2021-10-03T05:56:46Z</time></trkpt><trkpt lat="36.56653639978052" lon="138.4462304604485"><ele>1739.693083920516</ele><time>2021-10-03T05:57:01Z</time></trkpt><trkpt lat="36.566612110418845" lon="138.44645192862197"><ele>1738.8385574230924</ele><time>2021-10-03T05:57:15Z</time></trkpt><trkpt lat="36.56670371580214" lon="138.446654544605"><ele>1737.2765055913478</ele><time>2021-10-03T05:57:33Z</time></trkpt><trkpt lat="36.566797298338024" lon="138.44685263606675"><ele>1734.257216363214</ele><time>2021-10-03T05:57:50Z</time></trkpt><trkpt lat="36.566843427561324" lon="138.44707960293002"><ele>1730.9571113651618</ele><time>2021-10-03T05:58:09Z</time></trkpt><trkpt lat="36.566818296872974" lon="138.44730660761087"><ele>1730.2290138974786</ele><time>2021-10-03T05:58:27Z</time></trkpt><trkpt lat="36.56688891506977" lon="138.44752299721296"><ele>1728.1179659599438</ele><time>2021-10-03T05:58:43Z</time></trkpt><trkpt lat="36.566893849594244" lon="138.44775563019687"><ele>1726.7500755246729</ele><time>2021-10-03T05:59:00Z</time></trkpt><trkpt lat="36.56692256768814" lon="138.44797763128034"><ele>1726.4071252914146</ele><time>2021-10-03T05:59:13Z</time></trkpt><trkpt lat="36.56695118224372" lon="138.44819944649043"><ele>1725.0260507129133</ele><time>2021-10-03T05:59:28Z</time></trkpt><trkpt lat="36.566988413866525" lon="138.44842110326428"><ele>1720.1509691765532</ele><time>2021-10-03T05:59:43Z</time></trkpt><trkpt lat="36.56701650546814" lon="138.44865390804534"><ele>1719.8653975035995</ele><time>2021-10-03T05:59:58Z</time></trkpt><trkpt lat="36.56704285852527" lon="138.44889189907911"><ele>1714.4649252807721</ele><time>2021-10-03T06:00:15Z</time></trkpt><trkpt lat="36.56702433913405" lon="138.4491182702269"><ele>1717.4831631788984</ele><time>2021-10-03T06:00:27Z</time></trkpt><trkpt lat="36.566998521897396" lon="138.44934180653505"><ele>1713.9953222917393</ele><time>2021-10-03T06:00:41Z</time></trkpt><trkpt lat="36.566953407820435" lon="138.44956565822432"><ele>1711.2717535132542</ele><time>2021-10-03T06:00:56Z</time></trkpt><trkpt lat="36.56696076554282" lon="138.44979537651628"><ele>1707.0962823694572</ele><time>2021-10-03T06:01:14Z</time></trkpt><trkpt lat="36.56696954662635" lon="138.45001875174856"><ele>1701.0947213517502</ele><time>2021-10-03T06:01:28Z</time></trkpt><trkpt lat="36.56700503702866" lon="138.45023806164082"><ele>1700.5024563595653</ele><time>2021-10-03T06:01:45Z</time></trkpt><trkpt lat="36.567084813866536" lon="138.45046238110294"><ele>1696.4636992895976</ele><time>2021-10-03T06:02:01Z</time></trkpt><trkpt lat="36.567109764233116" lon="138.4506862816246"><ele>1690.0635308660567</ele><time>2021-10-03T06:02:21Z</time></trkpt><trkpt lat="36.56712225026795" lon="138.4509092562211"><ele>1685.5905256560072</ele><time>2021-10-03T06:02:35Z</time></trkpt><trkpt lat="36.567210913709815" lon="138.45110645459727"><ele>1683.6600731397048</ele><time>2021-10-03T06:02:54Z</time></trkpt><trkpt lat="36.56712699711874" lon="138.45131059271338"><ele>1679.9981420245022</ele><time>2021-10-03T06:03:11Z</time></trkpt><trkpt lat="36.56724695981474" lon="138.45148059819275"><ele>1676.1157144345343</ele><time>2021-10-03T06:03:25Z</time></trkpt><trkpt lat="36.56735025008897" lon="138.4516752332795"><ele>1674.3895404757932</ele><time>2021-10-03T06:03:39Z</time></trkpt><trkpt lat="36.56747121476228" lon="138.45185528003697"><ele>1671.9086683802307</ele><time>2021-10-03T06:03:53Z</time></trkpt><trkpt lat="36.56759343112382" lon="138.45203818884804"><ele>1669.5760686174035</ele><time>2021-10-03T06:04:07Z</time></trkpt><trkpt lat="36.56765790210617" lon="138.45226661964173"><ele>1665.7576331924647</ele><time>2021-10-03T06:04:21Z</time></trkpt><trkpt lat="36.56757670251544" lon="138.4524689450174"><ele>1665.0054168486968</ele><time>2021-10-03T06:05:02Z</time></trkpt><trkpt lat="36.56750493524541" lon="138.4526826115518"><ele>1663.8719837395474</ele><time>2021-10-03T06:05:19Z</time></trkpt><trkpt lat="36.567453906331274" lon="138.4528973086757"><ele>1663.6676405090839</ele><time>2021-10-03T06:05:34Z</time></trkpt><trkpt lat="36.56743344706905" lon="138.45311962319195"><ele>1662.3344774898142</ele><time>2021-10-03T06:05:48Z</time></trkpt><trkpt lat="36.56739819414442" lon="138.45335493835114"><ele>1661.519157270901</ele><time>2021-10-03T06:06:02Z</time></trkpt><trkpt lat="36.5673855590575" lon="138.45359252918092"><ele>1658.6627109805122</ele><time>2021-10-03T06:06:18Z</time></trkpt><trkpt lat="36.567372792076824" lon="138.4538191230679"><ele>1656.5806390224025</ele><time>2021-10-03T06:06:32Z</time></trkpt><trkpt lat="36.56738097800717" lon="138.45405260360627"><ele>1657.8331921733916</ele><time>2021-10-03T06:06:45Z</time></trkpt><trkpt lat="36.567202748514994" lon="138.45412533287825"><ele>1656.023000733927</ele><time>2021-10-03T06:07:09Z</time></trkpt><trkpt lat="36.56702593835122" lon="138.45405600940435"><ele>1656.5754115907475</ele><time>2021-10-03T06:07:24Z</time></trkpt><trkpt lat="36.566856656635245" lon="138.45413514215497"><ele>1656.5083054024726</ele><time>2021-10-03T06:07:40Z</time></trkpt><trkpt lat="36.56669169083203" lon="138.45423432291366"><ele>1653.612150657922</ele><time>2021-10-03T06:07:57Z</time></trkpt><trkpt lat="36.56652191506259" lon="138.4543206055539"><ele>1653.2391323978081</ele><time>2021-10-03T06:08:14Z</time></trkpt><trkpt lat="36.5663434739725" lon="138.45439350854542"><ele>1655.2099591977894</ele><time>2021-10-03T06:08:31Z</time></trkpt><trkpt lat="36.56622468825663" lon="138.45456764399881"><ele>1653.0974305067211</ele><time>2021-10-03T06:08:45Z</time></trkpt><trkpt lat="36.5660897206331" lon="138.45473295870707"><ele>1653.782921780832</ele><time>2021-10-03T06:08:57Z</time></trkpt><trkpt lat="36.56597003992486" lon="138.45490437558448"><ele>1652.3533752048388</ele><time>2021-10-03T06:09:12Z</time></trkpt><trkpt lat="36.56581542920477" lon="138.45504604855142"><ele>1650.6199044110253</ele><time>2021-10-03T06:09:26Z</time></trkpt><trkpt lat="36.565680694579015" lon="138.45520330028592"><ele>1650.3429791666567</ele><time>2021-10-03T06:09:39Z</time></trkpt><trkpt lat="36.56552826772133" lon="138.45534355081568"><ele>1648.6878953445703</ele><time>2021-10-03T06:09:53Z</time></trkpt><trkpt lat="36.565372455813595" lon="138.45546347235194"><ele>1646.2164663085714</ele><time>2021-10-03T06:10:06Z</time></trkpt><trkpt lat="36.5651964076528" lon="138.4553618305881"><ele>1644.5511181820184</ele><time>2021-10-03T06:10:22Z</time></trkpt><trkpt lat="36.56501405899004" lon="138.4553356325423"><ele>1642.9550216533244</ele><time>2021-10-03T06:10:36Z</time></trkpt><trkpt lat="36.564880220842255" lon="138.45550179832327"><ele>1642.2736746054143</ele><time>2021-10-03T06:10:48Z</time></trkpt><trkpt lat="36.564794817698655" lon="138.45571012183026"><ele>1638.454422937706</ele><time>2021-10-03T06:11:02Z</time></trkpt><trkpt lat="36.56472242474167" lon="138.45591933862656"><ele>1637.2231040326878</ele><time>2021-10-03T06:11:19Z</time></trkpt><trkpt lat="36.5646863052765" lon="138.45615266249655"><ele>1636.6515539707616</ele><time>2021-10-03T06:11:32Z</time></trkpt><trkpt lat="36.56473054502862" lon="138.45638173699626"><ele>1632.1954056350514</ele><time>2021-10-03T06:11:46Z</time></trkpt><trkpt lat="36.56477898122384" lon="138.4566081604127"><ele>1630.3476923927665</ele><time>2021-10-03T06:12:00Z</time></trkpt><trkpt lat="36.56472782451436" lon="138.45683745679625"><ele>1623.86913629435</ele><time>2021-10-03T06:12:17Z</time></trkpt><trkpt lat="36.56461804790841" lon="138.4570290357014"><ele>1624.1833474664018</ele><time>2021-10-03T06:12:31Z</time></trkpt><trkpt lat="36.56454453519488" lon="138.4572382988124"><ele>1622.4081702539697</ele><time>2021-10-03T06:12:46Z</time></trkpt><trkpt lat="36.56439507920922" lon="138.45738430935114"><ele>1621.6696078088135</ele><time>2021-10-03T06:12:59Z</time></trkpt><trkpt lat="36.564223210748914" lon="138.45745496220266"><ele>1619.3531477702782</ele><time>2021-10-03T06:13:13Z</time></trkpt><trkpt lat="36.56404506434009" lon="138.45749172409785"><ele>1617.1779191428795</ele><time>2021-10-03T06:13:26Z</time></trkpt><trkpt lat="36.56386422659107" lon="138.45743461718328"><ele>1617.8900769241154</ele><time>2021-10-03T06:13:40Z</time></trkpt><trkpt lat="36.56368290369673" lon="138.4574385285724"><ele>1616.9066464537755</ele><time>2021-10-03T06:13:54Z</time></trkpt><trkpt lat="36.563503725786155" lon="138.45741003895412"><ele>1615.9058979824185</ele><time>2021-10-03T06:14:19Z</time></trkpt><trkpt lat="36.56331592288119" lon="138.45745630858914"><ele>1607.2249282905832</ele><time>2021-10-03T06:14:40Z</time></trkpt><trkpt lat="36.56317533134541" lon="138.45760685105938"><ele>1603.811983173713</ele><time>2021-10-03T06:14:57Z</time></trkpt><trkpt lat="36.563017684811285" lon="138.45774094118897"><ele>1596.7998781893402</ele><time>2021-10-03T06:15:21Z</time></trkpt><trkpt lat="36.562901919440506" lon="138.45792926377922"><ele>1592.2001576805487</ele><time>2021-10-03T06:15:35Z</time></trkpt><trkpt lat="36.56275441034603" lon="138.45808832616348"><ele>1588.1393894143403</ele><time>2021-10-03T06:15:50Z</time></trkpt><trkpt lat="36.56261857589679" lon="138.45823839182034"><ele>1582.0660434467718</ele><time>2021-10-03T06:16:06Z</time></trkpt><trkpt lat="36.5624706645014" lon="138.4583730300313"><ele>1579.1698146527633</ele><time>2021-10-03T06:16:19Z</time></trkpt><trkpt lat="36.56232108109414" lon="138.4584988731646"><ele>1574.8832101253793</ele><time>2021-10-03T06:16:36Z</time></trkpt><trkpt lat="36.562141714919925" lon="138.45857574642483"><ele>1570.4610299691558</ele><time>2021-10-03T06:16:57Z</time></trkpt><trkpt lat="36.562036670546576" lon="138.45875784611079"><ele>1566.041432440281</ele><time>2021-10-03T06:17:13Z</time></trkpt><trkpt lat="36.5619037236423" lon="138.4589121770005"><ele>1561.6986257843673</ele><time>2021-10-03T06:17:26Z</time></trkpt><trkpt lat="36.56174715064554" lon="138.45904426282294"><ele>1559.1960055865347</ele><time>2021-10-03T06:17:41Z</time></trkpt><trkpt lat="36.56159735013654" lon="138.45917795561286"><ele>1555.3095619305968</ele><time>2021-10-03T06:17:58Z</time></trkpt><trkpt lat="36.561436355990104" lon="138.4592859417689"><ele>1553.0398918213323</ele><time>2021-10-03T06:18:13Z</time></trkpt><trkpt lat="36.56128028708377" lon="138.45939908745385"><ele>1551.9396941578016</ele><time>2021-10-03T06:18:27Z</time></trkpt><trkpt lat="36.56111939279919" lon="138.4595134735075"><ele>1545.6817275751382</ele><time>2021-10-03T06:18:41Z</time></trkpt><trkpt lat="36.5609584882065" lon="138.45964383277828"><ele>1542.3368384409696</ele><time>2021-10-03T06:18:58Z</time></trkpt><trkpt lat="36.56081817637054" lon="138.45980235607436"><ele>1539.0729478374124</ele><time>2021-10-03T06:19:16Z</time></trkpt><trkpt lat="36.56066055149455" lon="138.45994047320775"><ele>1535.2589751733467</ele><time>2021-10-03T06:19:35Z</time></trkpt><trkpt lat="36.560477793980105" lon="138.45997438788717"><ele>1534.267412988469</ele><time>2021-10-03T06:19:50Z</time></trkpt><trkpt lat="36.560297443740765" lon="138.46005743544927"><ele>1530.8510342305526</ele><time>2021-10-03T06:20:03Z</time></trkpt><trkpt lat="36.5601144985049" lon="138.46011271601273"><ele>1527.6069881673902</ele><time>2021-10-03T06:20:16Z</time></trkpt><trkpt lat="36.559938670660216" lon="138.4601638599511"><ele>1522.1923357937485</ele><time>2021-10-03T06:20:32Z</time></trkpt><trkpt lat="36.55975906302048" lon="138.4602446738361"><ele>1519.2974114576355</ele><time>2021-10-03T06:20:46Z</time></trkpt><trkpt lat="36.5595678550586" lon="138.46021465738636"><ele>1517.1073776101694</ele><time>2021-10-03T06:21:01Z</time></trkpt><trkpt lat="36.55939025762193" lon="138.46015951507985"><ele>1518.738044072874</ele><time>2021-10-03T06:21:13Z</time></trkpt><trkpt lat="36.55926139398579" lon="138.4603484838886"><ele>1515.650584232062</ele><time>2021-10-03T06:21:30Z</time></trkpt><trkpt lat="36.55920037557764" lon="138.4605803276658"><ele>1512.0688859336078</ele><time>2021-10-03T06:21:37Z</time></trkpt><trkpt lat="36.55916333797495" lon="138.4608386444201"><ele>1510.2765490217134</ele><time>2021-10-03T06:21:44Z</time></trkpt><trkpt lat="36.55916296113288" lon="138.46106728615052"><ele>1507.2959460420534</ele><time>2021-10-03T06:21:54Z</time></trkpt><trkpt lat="36.5589808005459" lon="138.46122691295267"><ele>1506.6713592745364</ele><time>2021-10-03T06:22:10Z</time></trkpt><trkpt lat="36.55880104898259" lon="138.46129705429644"><ele>1501.4294817280024</ele><time>2021-10-03T06:22:16Z</time></trkpt><trkpt lat="36.55866079535034" lon="138.46145904808122"><ele>1501.4175828192383</ele><time>2021-10-03T06:23:59Z</time></trkpt><trkpt lat="36.558626902714785" lon="138.4616823988337"><ele>1496.862316952087</ele><time>2021-10-03T06:24:05Z</time></trkpt><trkpt lat="36.558593813770194" lon="138.4619280722732"><ele>1494.0369631489739</ele><time>2021-10-03T06:24:11Z</time></trkpt><trkpt lat="36.558530697434364" lon="138.46218472318327"><ele>1493.95688731689</ele><time>2021-10-03T06:24:30Z</time></trkpt><trkpt lat="36.55847877082985" lon="138.46242366114643"><ele>1490.473876874894</ele><time>2021-10-03T06:24:35Z</time></trkpt><trkpt lat="36.55842414267678" lon="138.46267094039405"><ele>1487.4855983089656</ele><time>2021-10-03T06:24:41Z</time></trkpt><trkpt lat="36.558322158243264" lon="138.46286634010605"><ele>1486.2020063903183</ele><time>2021-10-03T06:24:55Z</time></trkpt><trkpt lat="36.55835119469079" lon="138.46309118176552"><ele>1483.6537381289527</ele><time>2021-10-03T06:25:06Z</time></trkpt><trkpt lat="36.558328013320605" lon="138.46332023998144"><ele>1481.7476589633152</ele><time>2021-10-03T06:25:21Z</time></trkpt><trkpt lat="36.55830913631876" lon="138.46354482577863"><ele>1480.4473433364183</ele><time>2021-10-03T06:25:33Z</time></trkpt><trkpt lat="36.55829194270506" lon="138.46377010750496"><ele>1478.7865272331983</ele><time>2021-10-03T06:25:46Z</time></trkpt><trkpt lat="36.558159207793054" lon="138.46393599588964"><ele>1475.0368563178927</ele><time>2021-10-03T06:26:01Z</time></trkpt><trkpt lat="36.558018850335145" lon="138.46409311193213"><ele>1473.2091628741473</ele><time>2021-10-03T06:26:14Z</time></trkpt><trkpt lat="36.557886328190136" lon="138.4642490715385"><ele>1471.3383742282167</ele><time>2021-10-03T06:26:28Z</time></trkpt><trkpt lat="36.55772906478861" lon="138.4643675390267"><ele>1469.9209392657503</ele><time>2021-10-03T06:26:42Z</time></trkpt><trkpt lat="36.557543629758406" lon="138.4643712562604"><ele>1470.0929057942703</ele><time>2021-10-03T06:26:57Z</time></trkpt><trkpt lat="36.55735547911255" lon="138.46435725755333"><ele>1469.875991041772</ele><time>2021-10-03T06:27:12Z</time></trkpt><trkpt lat="36.55717316382086" lon="138.46434624224054"><ele>1469.7787513518706</ele><time>2021-10-03T06:27:28Z</time></trkpt><trkpt lat="36.556992730292194" lon="138.46429366677395"><ele>1471.7760131554678</ele><time>2021-10-03T06:27:43Z</time></trkpt><trkpt lat="36.55681141697735" lon="138.4643110720801"><ele>1473.3724663276225</ele><time>2021-10-03T06:28:19Z</time></trkpt><trkpt lat="36.556777404355216" lon="138.46453059133069"><ele>1474.7431163406</ele><time>2021-10-03T06:28:35Z</time></trkpt><trkpt lat="36.5566659053151" lon="138.46471907430492"><ele>1470.0729837678373</ele><time>2021-10-03T06:29:07Z</time></trkpt><trkpt lat="36.556484007108814" lon="138.46475501789163"><ele>1468.1500322790816</ele><time>2021-10-03T06:29:25Z</time></trkpt><trkpt lat="36.556308410988656" lon="138.4646842059571"><ele>1465.2922741947696</ele><time>2021-10-03T06:29:44Z</time></trkpt><trkpt lat="36.55612322707545" lon="138.46464522373608"><ele>1467.6963924309239</ele><time>2021-10-03T06:30:00Z</time></trkpt><trkpt lat="36.55594033797329" lon="138.46462790843358"><ele>1470.3484608503059</ele><time>2021-10-03T06:30:15Z</time></trkpt><trkpt lat="36.55576032877752" lon="138.46457229157076"><ele>1468.6580763207749</ele><time>2021-10-03T06:30:45Z</time></trkpt><trkpt lat="36.55557856279087" lon="138.46450406746513"><ele>1468.2320998208597</ele><time>2021-10-03T06:30:55Z</time></trkpt><trkpt lat="36.555350875443075" lon="138.4644549358172"><ele>1466.266226945445</ele><time>2021-10-03T06:31:02Z</time></trkpt></trkseg></trk></gpx>