<?xml version='1.0' encoding='UTF-8'?><gpx creator="YAMAP - https://yamap.com" xsi:schemaLocation="http://www.topografix.com/GPX/1/1 http://www.topografix.com/GPX/1/1/gpx.xsd" version="1.1" xmlns="http://www.topografix.com/GPX/1/1" xmlns:xsi="http://www.w3.org/2001/XMLSchema-instance"><metadata><bounds maxlat="43.53025016454639" maxlon="142.8803906381903" minlat="43.460333771592325" minlon="142.8446200172443"/></metadata><trk><name>トムラウシ山</name><number>1</number><trkseg><trkpt lat="43.460333771592325" lon="142.87279045868"><ele>654.1777348555624</ele><time>2022-08-25T20:15:43Z</time></trkpt><trkpt lat="43.46043611211498" lon="142.87299554434983"><ele>652.5962090278044</ele><time>2022-08-25T20:16:01Z</time></trkpt><trkpt lat="43.4604039963634" lon="142.87324789363848"><ele>649.63579614833</ele><time>2022-08-25T20:16:23Z</time></trkpt><trkpt lat="43.46057351931918" lon="142.87333567587945"><ele>648.0746809858829</ele><time>2022-08-25T20:16:42Z</time></trkpt><trkpt lat="43.46076369562483" lon="142.87331719020793"><ele>649.2762939110398</ele><time>2022-08-25T20:17:05Z</time></trkpt><trkpt lat="43.46089775344213" lon="142.87314772717136"><ele>654.7505359202623</ele><time>2022-08-25T20:18:03Z</time></trkpt><trkpt lat="43.46105899307414" lon="142.8732682220701"><ele>668.6785294692963</ele><time>2022-08-25T20:21:12Z</time></trkpt><trkpt lat="43.461237858281635" lon="142.87317404326865"><ele>672.4861408378929</ele><time>2022-08-25T20:21:35Z</time></trkpt><trkpt lat="43.461352483845666" lon="142.87297205564332"><ele>676.3615192221478</ele><time>2022-08-25T20:21:56Z</time></trkpt><trkpt lat="43.46145761056052" lon="142.8727545078258"><ele>678.3657015254721</ele><time>2022-08-25T20:22:19Z</time></trkpt><trkpt lat="43.4615651092076" lon="142.87255449300548"><ele>682.1567722940817</ele><time>2022-08-25T20:22:38Z</time></trkpt><trkpt lat="43.46170278329136" lon="142.87238141389642"><ele>684.9392947219312</ele><time>2022-08-25T20:23:00Z</time></trkpt><trkpt lat="43.46185328099873" lon="142.87223234711172"><ele>689.7169790277258</ele><time>2022-08-25T20:23:22Z</time></trkpt><trkpt lat="43.462039697070956" lon="142.87223302049966"><ele>692.9459536401555</ele><time>2022-08-25T20:23:47Z</time></trkpt><trkpt lat="43.46222025151505" lon="142.87222048990512"><ele>696.5088171893731</ele><time>2022-08-25T20:24:07Z</time></trkpt><trkpt lat="43.462278446386016" lon="142.87214482565943"><ele>696.3110562721267</ele><time>2022-08-25T20:24:12Z</time></trkpt><trkpt lat="43.46238096293615" lon="142.87194072110972"><ele>695.9743560031056</ele><time>2022-08-25T20:24:30Z</time></trkpt><trkpt lat="43.4625396895529" lon="142.87206038549633"><ele>695.6831478280947</ele><time>2022-08-25T20:24:50Z</time></trkpt><trkpt lat="43.462641667427796" lon="142.87227491727504"><ele>699.8562326580286</ele><time>2022-08-25T20:25:13Z</time></trkpt><trkpt lat="43.462818545007366" lon="142.87217436253124"><ele>703.8307899143547</ele><time>2022-08-25T20:25:26Z</time></trkpt><trkpt lat="43.462997674855224" lon="142.87221481715451"><ele>711.5175542579964</ele><time>2022-08-25T20:25:58Z</time></trkpt><trkpt lat="43.46319278483837" lon="142.8721176610805"><ele>714.8232690216973</ele><time>2022-08-25T20:26:25Z</time></trkpt><trkpt lat="43.46334833842037" lon="142.87197167024397"><ele>719.55367954541</ele><time>2022-08-25T20:26:46Z</time></trkpt><trkpt lat="43.46351100464342" lon="142.87209407423282"><ele>720.5793224629015</ele><time>2022-08-25T20:27:26Z</time></trkpt><trkpt lat="43.46368786408836" lon="142.8721421942234"><ele>727.2534040287137</ele><time>2022-08-25T20:28:05Z</time></trkpt><trkpt lat="43.46388279628184" lon="142.8721777083978"><ele>729.1588498596102</ele><time>2022-08-25T20:28:31Z</time></trkpt><trkpt lat="43.464070803363924" lon="142.87211096570107"><ele>735.0277451910079</ele><time>2022-08-25T20:28:57Z</time></trkpt><trkpt lat="43.464252421281145" lon="142.87212703749165"><ele>740.6955620767549</ele><time>2022-08-25T20:29:27Z</time></trkpt><trkpt lat="43.46442289736938" lon="142.87222044388565"><ele>750.314140919596</ele><time>2022-08-25T20:30:21Z</time></trkpt><trkpt lat="43.464541334741114" lon="142.87241538016093"><ele>758.7543885065243</ele><time>2022-08-25T20:31:01Z</time></trkpt><trkpt lat="43.46466181295534" lon="142.87261665311263"><ele>766.6290013156831</ele><time>2022-08-25T20:32:29Z</time></trkpt><trkpt lat="43.46471241027527" lon="142.87286540441835"><ele>774.8357494361699</ele><time>2022-08-25T20:33:18Z</time></trkpt><trkpt lat="43.46476123415367" lon="142.8731097425777"><ele>780.6246361397207</ele><time>2022-08-25T20:33:53Z</time></trkpt><trkpt lat="43.46494192898106" lon="142.87308109940466"><ele>788.7551046032459</ele><time>2022-08-25T20:34:27Z</time></trkpt><trkpt lat="43.465070129190785" lon="142.87326500691543"><ele>796.2531672930345</ele><time>2022-08-25T20:35:30Z</time></trkpt><trkpt lat="43.465173521316046" lon="142.87346786612144"><ele>806.7632116647437</ele><time>2022-08-25T20:36:19Z</time></trkpt><trkpt lat="43.46518827392795" lon="142.87372756118165"><ele>812.3142324304208</ele><time>2022-08-25T20:37:01Z</time></trkpt><trkpt lat="43.465208669538086" lon="142.87397464832523"><ele>817.9817327419296</ele><time>2022-08-25T20:37:33Z</time></trkpt><trkpt lat="43.465203289817765" lon="142.87422206831434"><ele>823.3112842263654</ele><time>2022-08-25T20:38:01Z</time></trkpt><trkpt lat="43.46536591961514" lon="142.8743411165784"><ele>829.1819913024083</ele><time>2022-08-25T20:38:36Z</time></trkpt><trkpt lat="43.465544452621394" lon="142.8743840440649"><ele>838.9328931514174</ele><time>2022-08-25T20:39:32Z</time></trkpt><trkpt lat="43.4657316418571" lon="142.874400378626"><ele>848.4903307892382</ele><time>2022-08-25T20:40:25Z</time></trkpt><trkpt lat="43.465908881226795" lon="142.87447065701468"><ele>852.902323782444</ele><time>2022-08-25T20:40:59Z</time></trkpt><trkpt lat="43.466093238997104" lon="142.87447203192733"><ele>856.3141353931278</ele><time>2022-08-25T20:41:24Z</time></trkpt><trkpt lat="43.46624929208251" lon="142.87460775223346"><ele>856.6523947184905</ele><time>2022-08-25T20:41:54Z</time></trkpt><trkpt lat="43.46644575542544" lon="142.87466333528405"><ele>864.1771852886304</ele><time>2022-08-25T20:42:34Z</time></trkpt><trkpt lat="43.46661052039618" lon="142.87478075079338"><ele>869.9838248444721</ele><time>2022-08-25T20:43:07Z</time></trkpt><trkpt lat="43.4667813639816" lon="142.8748709842307"><ele>873.8401999343187</ele><time>2022-08-25T20:43:33Z</time></trkpt><trkpt lat="43.46695135039141" lon="142.87497190212557"><ele>874.7763542346656</ele><time>2022-08-25T20:43:55Z</time></trkpt><trkpt lat="43.46712918213358" lon="142.8750925448034"><ele>879.090343891643</ele><time>2022-08-25T20:44:13Z</time></trkpt><trkpt lat="43.46724364766404" lon="142.87528462869793"><ele>880.287883285433</ele><time>2022-08-25T20:44:30Z</time></trkpt><trkpt lat="43.46741155951502" lon="142.875396683066"><ele>883.5499428566545</ele><time>2022-08-25T20:44:46Z</time></trkpt><trkpt lat="43.467597642362065" lon="142.87539343769757"><ele>885.7339391913265</ele><time>2022-08-25T20:45:00Z</time></trkpt><trkpt lat="43.467744320247654" lon="142.87521574424613"><ele>885.2273393934593</ele><time>2022-08-25T20:45:11Z</time></trkpt><trkpt lat="43.467871227667956" lon="142.8754054403022"><ele>886.0983566362411</ele><time>2022-08-25T20:45:35Z</time></trkpt><trkpt lat="43.468057857066896" lon="142.87543104657792"><ele>886.6765084695071</ele><time>2022-08-25T20:45:49Z</time></trkpt><trkpt lat="43.468247854470555" lon="142.87550868535968"><ele>887.6680536866188</ele><time>2022-08-25T20:46:08Z</time></trkpt><trkpt lat="43.468427216323704" lon="142.87556247788103"><ele>890.317961063236</ele><time>2022-08-25T20:46:26Z</time></trkpt><trkpt lat="43.46860703041299" lon="142.8755746074402"><ele>891.7207965021953</ele><time>2022-08-25T20:46:43Z</time></trkpt><trkpt lat="43.46878083842207" lon="142.87550496293488"><ele>893.7338209655136</ele><time>2022-08-25T20:47:00Z</time></trkpt><trkpt lat="43.468972140902785" lon="142.87554931400982"><ele>895.4087803736329</ele><time>2022-08-25T20:47:13Z</time></trkpt><trkpt lat="43.46915999122766" lon="142.87550411842733"><ele>896.3998710922897</ele><time>2022-08-25T20:47:25Z</time></trkpt><trkpt lat="43.46935919628896" lon="142.87554127460567"><ele>897.5013591824099</ele><time>2022-08-25T20:47:42Z</time></trkpt><trkpt lat="43.46956112760198" lon="142.87557074502365"><ele>900.6415583696216</ele><time>2022-08-25T20:48:01Z</time></trkpt><trkpt lat="43.469742470609816" lon="142.87564297661777"><ele>902.9555925577879</ele><time>2022-08-25T20:48:15Z</time></trkpt><trkpt lat="43.46994406840092" lon="142.87566142611905"><ele>903.2226748336107</ele><time>2022-08-25T20:48:30Z</time></trkpt><trkpt lat="43.470123724484125" lon="142.87575290262978"><ele>904.4492327105254</ele><time>2022-08-25T20:48:45Z</time></trkpt><trkpt lat="43.47029963308806" lon="142.87581843115316"><ele>907.9449665043503</ele><time>2022-08-25T20:49:00Z</time></trkpt><trkpt lat="43.47049606914207" lon="142.87580915614862"><ele>909.5842315116897</ele><time>2022-08-25T20:49:14Z</time></trkpt><trkpt lat="43.47067444247339" lon="142.875848008193"><ele>910.8210151875392</ele><time>2022-08-25T20:49:33Z</time></trkpt><trkpt lat="43.470854328998534" lon="142.8758220334542"><ele>910.7815465750173</ele><time>2022-08-25T20:49:44Z</time></trkpt><trkpt lat="43.4710536317784" lon="142.87586101905404"><ele>911.8556784512475</ele><time>2022-08-25T20:50:00Z</time></trkpt><trkpt lat="43.47122995689952" lon="142.87577478876852"><ele>913.3655728641897</ele><time>2022-08-25T20:50:14Z</time></trkpt><trkpt lat="43.47141165692883" lon="142.87572843991805"><ele>914.3160379743204</ele><time>2022-08-25T20:50:27Z</time></trkpt><trkpt lat="43.47158272693311" lon="142.875637831808"><ele>913.0513316402212</ele><time>2022-08-25T20:50:39Z</time></trkpt><trkpt lat="43.471764348822" lon="142.87561983387315"><ele>914.8722259439528</ele><time>2022-08-25T20:50:58Z</time></trkpt><trkpt lat="43.47195506619857" lon="142.87558072668597"><ele>915.168182128109</ele><time>2022-08-25T20:51:13Z</time></trkpt><trkpt lat="43.47206749903031" lon="142.8753703262016"><ele>913.3526563029736</ele><time>2022-08-25T20:51:23Z</time></trkpt><trkpt lat="43.472226489207785" lon="142.87524473366977"><ele>914.5254225283861</ele><time>2022-08-25T20:51:36Z</time></trkpt><trkpt lat="43.472376008897605" lon="142.87508493627539"><ele>914.5676247430965</ele><time>2022-08-25T20:51:49Z</time></trkpt><trkpt lat="43.47255826202408" lon="142.8749690756427"><ele>914.2462287871167</ele><time>2022-08-25T20:52:09Z</time></trkpt><trkpt lat="43.4726714888924" lon="142.8747545568841"><ele>913.0030580125749</ele><time>2022-08-25T20:52:22Z</time></trkpt><trkpt lat="43.472836046685885" lon="142.8746361756735"><ele>911.6741128601134</ele><time>2022-08-25T20:52:36Z</time></trkpt><trkpt lat="43.47299095110508" lon="142.87449911234106"><ele>913.1881871297956</ele><time>2022-08-25T20:52:51Z</time></trkpt><trkpt lat="43.47317457997983" lon="142.87441866109197"><ele>912.5226711090654</ele><time>2022-08-25T20:53:04Z</time></trkpt><trkpt lat="43.473365518315106" lon="142.8743836770158"><ele>913.0371564347297</ele><time>2022-08-25T20:53:18Z</time></trkpt><trkpt lat="43.473552269766074" lon="142.87433122039243"><ele>911.5065260948613</ele><time>2022-08-25T20:53:34Z</time></trkpt><trkpt lat="43.47372404546199" lon="142.87423240863546"><ele>912.8274100143462</ele><time>2022-08-25T20:53:48Z</time></trkpt><trkpt lat="43.4738667324015" lon="142.8743857208222"><ele>911.3854638179764</ele><time>2022-08-25T20:54:08Z</time></trkpt><trkpt lat="43.47402035548615" lon="142.87454502516624"><ele>911.459759535268</ele><time>2022-08-25T20:54:25Z</time></trkpt><trkpt lat="43.474178218008056" lon="142.87442097094433"><ele>909.8463212391362</ele><time>2022-08-25T20:54:38Z</time></trkpt><trkpt lat="43.474282435276805" lon="142.874206101412"><ele>913.7997627165169</ele><time>2022-08-25T20:54:56Z</time></trkpt><trkpt lat="43.4744407898807" lon="142.87407914765527"><ele>912.4241387229413</ele><time>2022-08-25T20:55:19Z</time></trkpt><trkpt lat="43.47459283994375" lon="142.87389730928928"><ele>914.3027345500886</ele><time>2022-08-25T20:55:34Z</time></trkpt><trkpt lat="43.474728062880075" lon="142.87373284910822"><ele>914.3716505272314</ele><time>2022-08-25T20:55:50Z</time></trkpt><trkpt lat="43.47492078519274" lon="142.87370258203384"><ele>914.4005881128833</ele><time>2022-08-25T20:56:06Z</time></trkpt><trkpt lat="43.47506793196208" lon="142.87354827829574"><ele>916.2804176863283</ele><time>2022-08-25T20:56:25Z</time></trkpt><trkpt lat="43.4752121037344" lon="142.87337167316483"><ele>918.1158746704459</ele><time>2022-08-25T20:56:40Z</time></trkpt><trkpt lat="43.47539461590125" lon="142.87337128951228"><ele>921.4303986113518</ele><time>2022-08-25T20:57:02Z</time></trkpt><trkpt lat="43.47556470136034" lon="142.87346327218378"><ele>923.556510922499</ele><time>2022-08-25T20:57:18Z</time></trkpt><trkpt lat="43.475725956976056" lon="142.87334302784382"><ele>924.1345545435324</ele><time>2022-08-25T20:57:29Z</time></trkpt><trkpt lat="43.475905340091934" lon="142.87338635163027"><ele>926.5739600304514</ele><time>2022-08-25T20:57:49Z</time></trkpt><trkpt lat="43.4760647639113" lon="142.87351777192657"><ele>929.9309837659821</ele><time>2022-08-25T20:58:08Z</time></trkpt><trkpt lat="43.47621550630086" lon="142.87365804476366"><ele>935.2855962431058</ele><time>2022-08-25T20:58:29Z</time></trkpt><trkpt lat="43.476398136735725" lon="142.87369064502968"><ele>938.2700636005029</ele><time>2022-08-25T20:58:45Z</time></trkpt><trkpt lat="43.476452323331856" lon="142.87392741559893"><ele>944.2898627156392</ele><time>2022-08-25T20:59:18Z</time></trkpt><trkpt lat="43.47659531463157" lon="142.87410464535193"><ele>950.7145858714357</ele><time>2022-08-25T20:59:51Z</time></trkpt><trkpt lat="43.47677999064916" lon="142.8740807629737"><ele>951.7689110524952</ele><time>2022-08-25T21:00:06Z</time></trkpt><trkpt lat="43.476977213165576" lon="142.87411208503084"><ele>955.1387153360993</ele><time>2022-08-25T21:00:32Z</time></trkpt><trkpt lat="43.47713848681925" lon="142.87422823272948"><ele>956.7147475276142</ele><time>2022-08-25T21:00:56Z</time></trkpt><trkpt lat="43.47731636902238" lon="142.87432434631899"><ele>954.367975383997</ele><time>2022-08-25T21:01:14Z</time></trkpt><trkpt lat="43.4774242540662" lon="142.87452366806752"><ele>953.5700022950768</ele><time>2022-08-25T21:01:31Z</time></trkpt><trkpt lat="43.477589647671934" lon="142.87463929878035"><ele>947.2726533599198</ele><time>2022-08-25T21:01:55Z</time></trkpt><trkpt lat="43.47777289993666" lon="142.8746612816371"><ele>943.60562543571</ele><time>2022-08-25T21:02:10Z</time></trkpt><trkpt lat="43.47794869904592" lon="142.87458952150567"><ele>939.5594357894734</ele><time>2022-08-25T21:02:27Z</time></trkpt><trkpt lat="43.478022826953094" lon="142.87482041272654"><ele>930.2328044278547</ele><time>2022-08-25T21:03:02Z</time></trkpt><trkpt lat="43.4780932706483" lon="142.87506176524474"><ele>928.5616722004488</ele><time>2022-08-25T21:03:23Z</time></trkpt><trkpt lat="43.478067129476706" lon="142.87531777066167"><ele>928.5028655920178</ele><time>2022-08-25T21:03:40Z</time></trkpt><trkpt lat="43.47818584624435" lon="142.8755223647437"><ele>928.4202683083713</ele><time>2022-08-25T21:03:54Z</time></trkpt><trkpt lat="43.47832875218678" lon="142.87567480888814"><ele>930.8903729300946</ele><time>2022-08-25T21:04:19Z</time></trkpt><trkpt lat="43.47847780768639" lon="142.87582395165919"><ele>935.0085649462417</ele><time>2022-08-25T21:04:39Z</time></trkpt><trkpt lat="43.478606452496884" lon="142.87600732523248"><ele>938.1050432473421</ele><time>2022-08-25T21:05:01Z</time></trkpt><trkpt lat="43.4786634289608" lon="142.87624350998993"><ele>940.4138733372092</ele><time>2022-08-25T21:05:26Z</time></trkpt><trkpt lat="43.478843505384816" lon="142.87630226887"><ele>943.6034894371405</ele><time>2022-08-25T21:05:47Z</time></trkpt><trkpt lat="43.479034714058926" lon="142.87636397287838"><ele>947.0196650438011</ele><time>2022-08-25T21:06:03Z</time></trkpt><trkpt lat="43.47917584912605" lon="142.87653492547219"><ele>950.1860641445965</ele><time>2022-08-25T21:06:35Z</time></trkpt><trkpt lat="43.47932063805492" lon="142.87668496399192"><ele>951.6136912666261</ele><time>2022-08-25T21:07:03Z</time></trkpt><trkpt lat="43.479475793129836" lon="142.8768235957855"><ele>956.6379314698279</ele><time>2022-08-25T21:07:23Z</time></trkpt><trkpt lat="43.47965610576433" lon="142.8767878578288"><ele>956.8830398973078</ele><time>2022-08-25T21:07:39Z</time></trkpt><trkpt lat="43.4798362022426" lon="142.87677025565776"><ele>956.2873248476535</ele><time>2022-08-25T21:07:55Z</time></trkpt><trkpt lat="43.47998383024865" lon="142.87661516462165"><ele>952.0986058767885</ele><time>2022-08-25T21:08:08Z</time></trkpt><trkpt lat="43.4801342172213" lon="142.8764499069876"><ele>950.3968896409497</ele><time>2022-08-25T21:08:31Z</time></trkpt><trkpt lat="43.48031364118748" lon="142.87636584914435"><ele>952.468879295513</ele><time>2022-08-25T21:08:57Z</time></trkpt><trkpt lat="43.4804853371007" lon="142.87626147007575"><ele>953.8121223421767</ele><time>2022-08-25T21:09:11Z</time></trkpt><trkpt lat="43.48066691160389" lon="142.87619097344466"><ele>959.7124353405088</ele><time>2022-08-25T21:09:37Z</time></trkpt><trkpt lat="43.48083142167321" lon="142.87606405682214"><ele>960.1035438384861</ele><time>2022-08-25T21:09:49Z</time></trkpt><trkpt lat="43.481022050357325" lon="142.8760249100731"><ele>963.6506495876238</ele><time>2022-08-25T21:10:18Z</time></trkpt><trkpt lat="43.481203485413666" lon="142.8760652721359"><ele>967.7238077064976</ele><time>2022-08-25T21:10:43Z</time></trkpt><trkpt lat="43.48130901827786" lon="142.87627756589276"><ele>973.824785492383</ele><time>2022-08-25T21:11:11Z</time></trkpt><trkpt lat="43.48140128317293" lon="142.87649687357347"><ele>980.7379634007812</ele><time>2022-08-25T21:11:35Z</time></trkpt><trkpt lat="43.48156299106426" lon="142.8766172447244"><ele>984.4320610584691</ele><time>2022-08-25T21:12:00Z</time></trkpt><trkpt lat="43.481733443877594" lon="142.87670084649906"><ele>987.6369264237583</ele><time>2022-08-25T21:12:20Z</time></trkpt><trkpt lat="43.481856013208564" lon="142.87688930636028"><ele>994.243929663673</ele><time>2022-08-25T21:12:49Z</time></trkpt><trkpt lat="43.482034823423646" lon="142.87695945658206"><ele>999.5831147218123</ele><time>2022-08-25T21:13:10Z</time></trkpt><trkpt lat="43.48222219531507" lon="142.876997690789"><ele>1004.0236808499321</ele><time>2022-08-25T21:13:33Z</time></trkpt><trkpt lat="43.48240243502153" lon="142.87705547346872"><ele>1008.0233528679237</ele><time>2022-08-25T21:13:59Z</time></trkpt><trkpt lat="43.482593674803205" lon="142.87708151975883"><ele>1010.2487912522629</ele><time>2022-08-25T21:14:15Z</time></trkpt><trkpt lat="43.48278234582486" lon="142.87710766769138"><ele>1013.8242350108922</ele><time>2022-08-25T21:14:46Z</time></trkpt><trkpt lat="43.48285469056059" lon="142.87734514405642"><ele>1012.68959739618</ele><time>2022-08-25T21:15:14Z</time></trkpt><trkpt lat="43.482904504208705" lon="142.8775857622819"><ele>1012.4673855351284</ele><time>2022-08-25T21:15:30Z</time></trkpt><trkpt lat="43.4830325916406" lon="142.8777637692909"><ele>1013.859852284193</ele><time>2022-08-25T21:15:42Z</time></trkpt><trkpt lat="43.48320386079437" lon="142.87786444231548"><ele>1012.2998543065041</ele><time>2022-08-25T21:15:59Z</time></trkpt><trkpt lat="43.48338431972209" lon="142.87782014869074"><ele>1010.1946503156796</ele><time>2022-08-25T21:16:10Z</time></trkpt><trkpt lat="43.48357156882299" lon="142.87773790646784"><ele>1005.8763005658984</ele><time>2022-08-25T21:16:26Z</time></trkpt><trkpt lat="43.483745152218" lon="142.87782661135157"><ele>1007.2990760430694</ele><time>2022-08-25T21:16:51Z</time></trkpt><trkpt lat="43.48393197581546" lon="142.8778655668749"><ele>1007.2603919366375</ele><time>2022-08-25T21:17:07Z</time></trkpt><trkpt lat="43.484069801910415" lon="142.8780255238851"><ele>1007.5150706321001</ele><time>2022-08-25T21:17:27Z</time></trkpt><trkpt lat="43.484203045329444" lon="142.87820483240185"><ele>1008.774861169979</ele><time>2022-08-25T21:17:47Z</time></trkpt><trkpt lat="43.484307680527806" lon="142.87842464318825"><ele>1013.7278481964022</ele><time>2022-08-25T21:18:08Z</time></trkpt><trkpt lat="43.484386407386374" lon="142.87865412640136"><ele>1016.7353006806225</ele><time>2022-08-25T21:18:27Z</time></trkpt><trkpt lat="43.484444712655446" lon="142.87890193933595"><ele>1015.8288386743516</ele><time>2022-08-25T21:18:46Z</time></trkpt><trkpt lat="43.48463062293933" lon="142.87895740074316"><ele>1015.571143148467</ele><time>2022-08-25T21:19:03Z</time></trkpt><trkpt lat="43.484802282165845" lon="142.8790643774937"><ele>1016.7961320821196</ele><time>2022-08-25T21:19:20Z</time></trkpt><trkpt lat="43.48498436802788" lon="142.8790485441826"><ele>1018.4002738855779</ele><time>2022-08-25T21:19:36Z</time></trkpt><trkpt lat="43.485102145853844" lon="142.87925133499812"><ele>1020.4758486617357</ele><time>2022-08-25T21:19:53Z</time></trkpt><trkpt lat="43.485227484276464" lon="142.8794414277257"><ele>1022.9327242169529</ele><time>2022-08-25T21:20:12Z</time></trkpt><trkpt lat="43.48535500461946" lon="142.87963034269947"><ele>1024.6620915830135</ele><time>2022-08-25T21:20:29Z</time></trkpt><trkpt lat="43.48551369012435" lon="142.87975233963033"><ele>1026.2942894194275</ele><time>2022-08-25T21:20:47Z</time></trkpt><trkpt lat="43.48569490499857" lon="142.87976613374497"><ele>1025.9047851208597</ele><time>2022-08-25T21:21:02Z</time></trkpt><trkpt lat="43.48588593194383" lon="142.87976640475193"><ele>1028.000387412496</ele><time>2022-08-25T21:21:22Z</time></trkpt><trkpt lat="43.48606663521018" lon="142.87985427909254"><ele>1033.1580826677382</ele><time>2022-08-25T21:21:46Z</time></trkpt><trkpt lat="43.486239818368055" lon="142.87994344125073"><ele>1036.1174943102524</ele><time>2022-08-25T21:22:05Z</time></trkpt><trkpt lat="43.486367251947236" lon="142.88012040898047"><ele>1035.3508029077202</ele><time>2022-08-25T21:22:25Z</time></trkpt><trkpt lat="43.48652599802364" lon="142.88023819187782"><ele>1037.749110138975</ele><time>2022-08-25T21:22:42Z</time></trkpt><trkpt lat="43.48670788293586" lon="142.88028025659747"><ele>1035.6416797889397</ele><time>2022-08-25T21:23:02Z</time></trkpt><trkpt lat="43.48688147941019" lon="142.88035143629367"><ele>1038.1001408444718</ele><time>2022-08-25T21:23:19Z</time></trkpt><trkpt lat="43.48706045416433" lon="142.8803906381903"><ele>1039.7530166245997</ele><time>2022-08-25T21:23:38Z</time></trkpt><trkpt lat="43.48724142117383" lon="142.88033997623805"><ele>1042.0517498282716</ele><time>2022-08-25T21:23:52Z</time></trkpt><trkpt lat="43.48742651888492" lon="142.8803056816926"><ele>1042.1833377070725</ele><time>2022-08-25T21:24:08Z</time></trkpt><trkpt lat="43.48760725221461" lon="142.88022581531845"><ele>1044.214970530942</ele><time>2022-08-25T21:24:30Z</time></trkpt><trkpt lat="43.48776911492996" lon="142.88010304176254"><ele>1047.5035573076457</ele><time>2022-08-25T21:24:51Z</time></trkpt><trkpt lat="43.48793774550523" lon="142.87999651285966"><ele>1055.8195781838149</ele><time>2022-08-25T21:25:19Z</time></trkpt><trkpt lat="43.48799179966225" lon="142.87975215090535"><ele>1057.9738340545446</ele><time>2022-08-25T21:25:42Z</time></trkpt><trkpt lat="43.48801643879187" lon="142.87949276393064"><ele>1061.118550078012</ele><time>2022-08-25T21:26:02Z</time></trkpt><trkpt lat="43.48808521147709" lon="142.87926390446822"><ele>1063.0628558536991</ele><time>2022-08-25T21:26:24Z</time></trkpt><trkpt lat="43.488053497587885" lon="142.87924487668042"><ele>1063.4004943743348</ele><time>2022-08-25T21:30:34Z</time></trkpt><trkpt lat="43.488172514978764" lon="142.87905671310193"><ele>1070.1245406195521</ele><time>2022-08-25T21:31:56Z</time></trkpt><trkpt lat="43.48827696156728" lon="142.87883301409408"><ele>1072.1741783795878</ele><time>2022-08-25T21:32:16Z</time></trkpt><trkpt lat="43.488294731847155" lon="142.87857397575465"><ele>1073.8946883585304</ele><time>2022-08-25T21:32:37Z</time></trkpt><trkpt lat="43.48840714106405" lon="142.87837225003682"><ele>1075.4874038388953</ele><time>2022-08-25T21:33:05Z</time></trkpt><trkpt lat="43.48850346190899" lon="142.87815584299278"><ele>1077.4353103758767</ele><time>2022-08-25T21:33:37Z</time></trkpt><trkpt lat="43.48863700900595" lon="142.87797632262593"><ele>1081.8521976154298</ele><time>2022-08-25T21:33:58Z</time></trkpt><trkpt lat="43.48874779427765" lon="142.8777775683465"><ele>1087.8568020826206</ele><time>2022-08-25T21:34:18Z</time></trkpt><trkpt lat="43.48891595578606" lon="142.8776781776732"><ele>1093.9051981391385</ele><time>2022-08-25T21:34:42Z</time></trkpt><trkpt lat="43.48902514913428" lon="142.877465209228"><ele>1098.5999646922573</ele><time>2022-08-25T21:35:18Z</time></trkpt><trkpt lat="43.489183391900184" lon="142.8773321851221"><ele>1097.3721943171695</ele><time>2022-08-25T21:35:44Z</time></trkpt><trkpt lat="43.489330150649096" lon="142.8771685158488"><ele>1100.4874054649845</ele><time>2022-08-25T21:36:23Z</time></trkpt><trkpt lat="43.489407074885015" lon="142.8769442245192"><ele>1103.913041359745</ele><time>2022-08-25T21:36:50Z</time></trkpt><trkpt lat="43.4895267536404" lon="142.8767461550688"><ele>1103.4125194745138</ele><time>2022-08-25T21:37:13Z</time></trkpt><trkpt lat="43.48969352245841" lon="142.87664152993761"><ele>1107.243775804527</ele><time>2022-08-25T21:37:33Z</time></trkpt><trkpt lat="43.489875010290284" lon="142.87669248057205"><ele>1118.9368471894413</ele><time>2022-08-25T21:38:10Z</time></trkpt><trkpt lat="43.489951483706534" lon="142.87645620088637"><ele>1124.6339856628329</ele><time>2022-08-25T21:38:37Z</time></trkpt><trkpt lat="43.49008331069552" lon="142.87662680039028"><ele>1133.8829215830192</ele><time>2022-08-25T21:39:25Z</time></trkpt><trkpt lat="43.49022067952436" lon="142.87646138404125"><ele>1142.9633848331869</ele><time>2022-08-25T21:40:27Z</time></trkpt><trkpt lat="43.490393182970415" lon="142.87635909783342"><ele>1150.065198848024</ele><time>2022-08-25T21:41:31Z</time></trkpt><trkpt lat="43.49055018785935" lon="142.87622702574396"><ele>1148.6686596050858</ele><time>2022-08-25T21:41:58Z</time></trkpt><trkpt lat="43.4907197184168" lon="142.87614050012473"><ele>1147.8009921601042</ele><time>2022-08-25T21:42:17Z</time></trkpt><trkpt lat="43.49088016219112" lon="142.8759976190143"><ele>1147.7202118104324</ele><time>2022-08-25T21:42:33Z</time></trkpt><trkpt lat="43.4910332563959" lon="142.87586617153127"><ele>1144.356735913083</ele><time>2022-08-25T21:42:52Z</time></trkpt><trkpt lat="43.49115238644799" lon="142.87568052768248"><ele>1144.9112310297787</ele><time>2022-08-25T21:43:08Z</time></trkpt><trkpt lat="43.49131278976336" lon="142.87555694049402"><ele>1146.819603391923</ele><time>2022-08-25T21:43:26Z</time></trkpt><trkpt lat="43.49148170217603" lon="142.87545717977585"><ele>1150.0011194488034</ele><time>2022-08-25T21:43:45Z</time></trkpt><trkpt lat="43.49166186495433" lon="142.8754227683131"><ele>1154.8237658692524</ele><time>2022-08-25T21:44:08Z</time></trkpt><trkpt lat="43.49184832896256" lon="142.8753900207837"><ele>1157.6528234779835</ele><time>2022-08-25T21:44:28Z</time></trkpt><trkpt lat="43.49199764753988" lon="142.8755284466135"><ele>1157.4769915649667</ele><time>2022-08-25T21:44:47Z</time></trkpt><trkpt lat="43.492171066429975" lon="142.87544219374502"><ele>1161.0871599307284</ele><time>2022-08-25T21:45:05Z</time></trkpt><trkpt lat="43.49224651255413" lon="142.87521712544273"><ele>1161.2463501309976</ele><time>2022-08-25T21:45:25Z</time></trkpt><trkpt lat="43.49234417520911" lon="142.87499978257375"><ele>1164.1083715073764</ele><time>2022-08-25T21:45:49Z</time></trkpt><trkpt lat="43.492415960984864" lon="142.87476431406859"><ele>1166.844971734099</ele><time>2022-08-25T21:46:14Z</time></trkpt><trkpt lat="43.49256469589873" lon="142.87462459315958"><ele>1170.7325340155512</ele><time>2022-08-25T21:46:37Z</time></trkpt><trkpt lat="43.49265991174941" lon="142.87440642748118"><ele>1175.9651075415313</ele><time>2022-08-25T21:47:01Z</time></trkpt><trkpt lat="43.49278589083701" lon="142.8742281561623"><ele>1180.3880099030212</ele><time>2022-08-25T21:47:30Z</time></trkpt><trkpt lat="43.49279593981493" lon="142.87398023480947"><ele>1183.6983929453418</ele><time>2022-08-25T21:47:58Z</time></trkpt><trkpt lat="43.492869638336714" lon="142.8737518314432"><ele>1186.303942296654</ele><time>2022-08-25T21:48:26Z</time></trkpt><trkpt lat="43.492921423638485" lon="142.87350506502597"><ele>1191.211916193366</ele><time>2022-08-25T21:48:51Z</time></trkpt><trkpt lat="43.49309643551243" lon="142.8734075943309"><ele>1191.2758097266778</ele><time>2022-08-25T21:49:12Z</time></trkpt><trkpt lat="43.49325601308077" lon="142.87329182951052"><ele>1193.042589505203</ele><time>2022-08-25T21:49:31Z</time></trkpt><trkpt lat="43.493410581040884" lon="142.87316047254382"><ele>1195.190110466443</ele><time>2022-08-25T21:49:52Z</time></trkpt><trkpt lat="43.49342452338089" lon="142.87290885811552"><ele>1201.1312792701647</ele><time>2022-08-25T21:50:18Z</time></trkpt><trkpt lat="43.49353451696708" lon="142.87270020453315"><ele>1204.8172135101631</ele><time>2022-08-25T21:50:52Z</time></trkpt><trkpt lat="43.49370020002244" lon="142.8725762758848"><ele>1209.7062619365752</ele><time>2022-08-25T21:51:14Z</time></trkpt><trkpt lat="43.49369229111716" lon="142.87231462004877"><ele>1217.3450605375692</ele><time>2022-08-25T21:51:49Z</time></trkpt><trkpt lat="43.49366081805104" lon="142.8720613822038"><ele>1221.7416975218803</ele><time>2022-08-25T21:52:30Z</time></trkpt><trkpt lat="43.493645953481" lon="142.87180257040154"><ele>1225.2292810147628</ele><time>2022-08-25T21:53:21Z</time></trkpt><trkpt lat="43.49368968188723" lon="142.8715581592479"><ele>1228.7444262588397</ele><time>2022-08-25T21:53:52Z</time></trkpt><trkpt lat="43.49383770770558" lon="142.87141308392975"><ele>1232.5577612351626</ele><time>2022-08-25T21:54:27Z</time></trkpt><trkpt lat="43.49402058974991" lon="142.87140507652626"><ele>1237.0630823932588</ele><time>2022-08-25T21:54:58Z</time></trkpt><trkpt lat="43.49418544393355" lon="142.87130495984246"><ele>1240.3451600074768</ele><time>2022-08-25T21:55:29Z</time></trkpt><trkpt lat="43.49436573766057" lon="142.87125828641084"><ele>1244.8889660639688</ele><time>2022-08-25T21:55:50Z</time></trkpt><trkpt lat="43.494504433743366" lon="142.87110061370572"><ele>1250.060264355503</ele><time>2022-08-25T21:56:27Z</time></trkpt><trkpt lat="43.49465045574834" lon="142.87094617774005"><ele>1253.9921995578334</ele><time>2022-08-25T21:56:56Z</time></trkpt><trkpt lat="43.49476127277677" lon="142.87074696090284"><ele>1259.970297364518</ele><time>2022-08-25T21:57:39Z</time></trkpt><trkpt lat="43.49492339378279" lon="142.87062462040703"><ele>1266.6854531066492</ele><time>2022-08-25T21:58:18Z</time></trkpt><trkpt lat="43.49507463322478" lon="142.8704815600363"><ele>1269.7507439348847</ele><time>2022-08-25T21:58:47Z</time></trkpt><trkpt lat="43.49520225439588" lon="142.87030707771572"><ele>1273.255159043707</ele><time>2022-08-25T21:59:23Z</time></trkpt><trkpt lat="43.49532769990451" lon="142.87011408260318"><ele>1278.732549117878</ele><time>2022-08-25T21:59:53Z</time></trkpt><trkpt lat="43.495463163560295" lon="142.86994936619323"><ele>1283.5933254146948</ele><time>2022-08-25T22:00:30Z</time></trkpt><trkpt lat="43.49559986675583" lon="142.86978352954074"><ele>1286.69592301175</ele><time>2022-08-25T22:04:19Z</time></trkpt><trkpt lat="43.495738082576096" lon="142.8696189814697"><ele>1291.0056655537337</ele><time>2022-08-25T22:04:43Z</time></trkpt><trkpt lat="43.495862253661805" lon="142.86942724329964"><ele>1292.0270799594</ele><time>2022-08-25T22:05:08Z</time></trkpt><trkpt lat="43.49592806492372" lon="142.86919369865788"><ele>1292.068947866559</ele><time>2022-08-25T22:05:51Z</time></trkpt><trkpt lat="43.495925277766084" lon="142.86893451409665"><ele>1292.2801369521767</ele><time>2022-08-25T22:06:15Z</time></trkpt><trkpt lat="43.49591725659181" lon="142.86868418854743"><ele>1295.1578661501408</ele><time>2022-08-25T22:06:36Z</time></trkpt><trkpt lat="43.4958937641913" lon="142.8684327903361"><ele>1297.3807958075777</ele><time>2022-08-25T22:07:01Z</time></trkpt><trkpt lat="43.49576880699414" lon="142.86824111608686"><ele>1299.0827658120543</ele><time>2022-08-25T22:07:23Z</time></trkpt><trkpt lat="43.49558944776886" lon="142.8681673877772"><ele>1298.588561215438</ele><time>2022-08-25T22:07:42Z</time></trkpt><trkpt lat="43.495477283994006" lon="142.8679693745232"><ele>1300.709341316484</ele><time>2022-08-25T22:08:02Z</time></trkpt><trkpt lat="43.4953772904761" lon="142.8677574178316"><ele>1303.8957234257832</ele><time>2022-08-25T22:08:31Z</time></trkpt><trkpt lat="43.49522748114804" lon="142.8676034652783"><ele>1304.377118599601</ele><time>2022-08-25T22:09:06Z</time></trkpt><trkpt lat="43.495116873803624" lon="142.86740392069194"><ele>1304.5654402645305</ele><time>2022-08-25T22:09:26Z</time></trkpt><trkpt lat="43.4950533368908" lon="142.86715308542276"><ele>1308.588661076501</ele><time>2022-08-25T22:09:47Z</time></trkpt><trkpt lat="43.494960461322805" lon="142.86692491693748"><ele>1310.48610830307</ele><time>2022-08-25T22:10:06Z</time></trkpt><trkpt lat="43.49484568028057" lon="142.86672829632334"><ele>1313.3852463979274</ele><time>2022-08-25T22:10:25Z</time></trkpt><trkpt lat="43.49477586632076" lon="142.86648931211835"><ele>1318.777612267062</ele><time>2022-08-25T22:10:52Z</time></trkpt><trkpt lat="43.49470049499514" lon="142.86625162235254"><ele>1323.838867641054</ele><time>2022-08-25T22:11:19Z</time></trkpt><trkpt lat="43.49464343937618" lon="142.86600456173363"><ele>1327.0204728497192</ele><time>2022-08-25T22:11:43Z</time></trkpt><trkpt lat="43.49461325791652" lon="142.86575829087437"><ele>1331.8595187561586</ele><time>2022-08-25T22:12:13Z</time></trkpt><trkpt lat="43.4945816466093" lon="142.86550220107745"><ele>1334.8853412438184</ele><time>2022-08-25T22:12:41Z</time></trkpt><trkpt lat="43.49457699332306" lon="142.8652524769194"><ele>1337.3113723574206</ele><time>2022-08-25T22:13:02Z</time></trkpt><trkpt lat="43.49472904483493" lon="142.86511445998298"><ele>1339.136556174606</ele><time>2022-08-25T22:13:30Z</time></trkpt><trkpt lat="43.494739364065964" lon="142.86486709490183"><ele>1339.4545859089121</ele><time>2022-08-25T22:14:01Z</time></trkpt><trkpt lat="43.49478700618963" lon="142.8646140495265"><ele>1343.065430123359</ele><time>2022-08-25T22:14:23Z</time></trkpt><trkpt lat="43.49481429935397" lon="142.86436352712317"><ele>1346.2780772931874</ele><time>2022-08-25T22:14:42Z</time></trkpt><trkpt lat="43.49483311596155" lon="142.8641104433487"><ele>1349.136349266395</ele><time>2022-08-25T22:15:04Z</time></trkpt><trkpt lat="43.49479905168368" lon="142.86386600669599"><ele>1349.9669228494167</ele><time>2022-08-25T22:15:25Z</time></trkpt><trkpt lat="43.49469888794624" lon="142.86364716801378"><ele>1347.3642918569967</ele><time>2022-08-25T22:15:52Z</time></trkpt><trkpt lat="43.49476789798824" lon="142.8634115246397"><ele>1351.0786164924502</ele><time>2022-08-25T22:16:12Z</time></trkpt><trkpt lat="43.494751995630736" lon="142.86316462735127"><ele>1352.153295979835</ele><time>2022-08-25T22:16:32Z</time></trkpt><trkpt lat="43.49472966452265" lon="142.8629185979975"><ele>1353.148240630515</ele><time>2022-08-25T22:16:54Z</time></trkpt><trkpt lat="43.49474651329362" lon="142.86267071914625"><ele>1353.7360969092697</ele><time>2022-08-25T22:17:16Z</time></trkpt><trkpt lat="43.494714696963655" lon="142.86241750420427"><ele>1354.1273228824139</ele><time>2022-08-25T22:17:37Z</time></trkpt><trkpt lat="43.494683122142256" lon="142.8621698985545"><ele>1353.7030166722834</ele><time>2022-08-25T22:17:58Z</time></trkpt><trkpt lat="43.49469023796578" lon="142.86191068132388"><ele>1355.2378263045102</ele><time>2022-08-25T22:18:21Z</time></trkpt><trkpt lat="43.49469661520595" lon="142.86165111464177"><ele>1356.6926357066259</ele><time>2022-08-25T22:18:45Z</time></trkpt><trkpt lat="43.49470406754602" lon="142.8614035133069"><ele>1358.000364289619</ele><time>2022-08-25T22:19:09Z</time></trkpt><trkpt lat="43.494705902283776" lon="142.86115525936623"><ele>1358.9362178510055</ele><time>2022-08-25T22:19:32Z</time></trkpt><trkpt lat="43.494578391838836" lon="142.8609739123471"><ele>1355.928113729693</ele><time>2022-08-25T22:19:59Z</time></trkpt><trkpt lat="43.49456319079629" lon="142.8607178170684"><ele>1355.4046410173178</ele><time>2022-08-25T22:20:33Z</time></trkpt><trkpt lat="43.49457746878378" lon="142.86046740306438"><ele>1356.9123649764806</ele><time>2022-08-25T22:20:56Z</time></trkpt><trkpt lat="43.49455474594561" lon="142.86021885416645"><ele>1357.3170109214261</ele><time>2022-08-25T22:21:17Z</time></trkpt><trkpt lat="43.494493862633675" lon="142.85997518003342"><ele>1358.8703553695232</ele><time>2022-08-25T22:21:38Z</time></trkpt><trkpt lat="43.494521028574034" lon="142.85972866841655"><ele>1364.9371973238885</ele><time>2022-08-25T22:22:02Z</time></trkpt><trkpt lat="43.49468029941939" lon="142.85961343841973"><ele>1369.71267449297</ele><time>2022-08-25T22:22:37Z</time></trkpt><trkpt lat="43.4948565119668" lon="142.85955890218074"><ele>1373.9726017238572</ele><time>2022-08-25T22:23:02Z</time></trkpt><trkpt lat="43.495034744786075" lon="142.85949343743923"><ele>1378.4743717163801</ele><time>2022-08-25T22:23:32Z</time></trkpt><trkpt lat="43.49519958913309" lon="142.85937321493606"><ele>1382.2758439304307</ele><time>2022-08-25T22:23:55Z</time></trkpt><trkpt lat="43.495371380588736" lon="142.85929714000187"><ele>1384.8977115377784</ele><time>2022-08-25T22:24:18Z</time></trkpt><trkpt lat="43.49552034235594" lon="142.85915036123433"><ele>1385.4514742791653</ele><time>2022-08-25T22:24:40Z</time></trkpt><trkpt lat="43.495693971969764" lon="142.85908380821257"><ele>1386.1885800659657</ele><time>2022-08-25T22:24:59Z</time></trkpt><trkpt lat="43.49587359210408" lon="142.85900598529855"><ele>1390.5434633949772</ele><time>2022-08-25T22:25:21Z</time></trkpt><trkpt lat="43.49599357342977" lon="142.8588086191417"><ele>1392.4528327994049</ele><time>2022-08-25T22:25:44Z</time></trkpt><trkpt lat="43.4961559076176" lon="142.85869078475199"><ele>1393.1376365162432</ele><time>2022-08-25T22:26:05Z</time></trkpt><trkpt lat="43.49627925200823" lon="142.85849353193854"><ele>1393.6414794232696</ele><time>2022-08-25T22:26:28Z</time></trkpt><trkpt lat="43.49642075166053" lon="142.85833556880027"><ele>1393.7433935636654</ele><time>2022-08-25T22:26:51Z</time></trkpt><trkpt lat="43.496595332647125" lon="142.8582365149241"><ele>1395.8423526575789</ele><time>2022-08-25T22:27:09Z</time></trkpt><trkpt lat="43.49675053430578" lon="142.85810422977428"><ele>1396.789116717875</ele><time>2022-08-25T22:27:27Z</time></trkpt><trkpt lat="43.49691909725513" lon="142.85800132461608"><ele>1398.2057833001018</ele><time>2022-08-25T22:27:48Z</time></trkpt><trkpt lat="43.49709868490577" lon="142.8579150981186"><ele>1398.225778453052</ele><time>2022-08-25T22:28:10Z</time></trkpt><trkpt lat="43.49723771832903" lon="142.85775357925723"><ele>1396.788656461984</ele><time>2022-08-25T22:28:30Z</time></trkpt><trkpt lat="43.49729939906441" lon="142.85751061587789"><ele>1394.6631644116715</ele><time>2022-08-25T22:28:51Z</time></trkpt><trkpt lat="43.497316277835445" lon="142.8572644804733"><ele>1397.457303035073</ele><time>2022-08-25T22:29:16Z</time></trkpt><trkpt lat="43.49747087617147" lon="142.8571126954055"><ele>1396.6740012234077</ele><time>2022-08-25T22:29:38Z</time></trkpt><trkpt lat="43.497579864184026" lon="142.85691421656404"><ele>1396.5509952651337</ele><time>2022-08-25T22:29:59Z</time></trkpt><trkpt lat="43.497690156659885" lon="142.8567097977325"><ele>1396.494627468288</ele><time>2022-08-25T22:30:18Z</time></trkpt><trkpt lat="43.49777862184041" lon="142.8564916486756"><ele>1398.9318804387003</ele><time>2022-08-25T22:30:37Z</time></trkpt><trkpt lat="43.497909942679" lon="142.8563199693251"><ele>1400.5490640597418</ele><time>2022-08-25T22:30:57Z</time></trkpt><trkpt lat="43.49801476017469" lon="142.85610365983837"><ele>1401.4171856772155</ele><time>2022-08-25T22:31:17Z</time></trkpt><trkpt lat="43.49807893934322" lon="142.85586248936767"><ele>1404.5559093505144</ele><time>2022-08-25T22:31:40Z</time></trkpt><trkpt lat="43.4981858753157" lon="142.8556614184859"><ele>1407.8149996148422</ele><time>2022-08-25T22:32:02Z</time></trkpt><trkpt lat="43.498320679894775" lon="142.85547682661604"><ele>1407.3500631190836</ele><time>2022-08-25T22:32:24Z</time></trkpt><trkpt lat="43.498343878049226" lon="142.85522851162878"><ele>1408.798004180193</ele><time>2022-08-25T22:32:47Z</time></trkpt><trkpt lat="43.49832966943478" lon="142.85497667575862"><ele>1409.5003595305607</ele><time>2022-08-25T22:33:09Z</time></trkpt><trkpt lat="43.49829777706764" lon="142.8547230038752"><ele>1412.2747358949855</ele><time>2022-08-25T22:33:31Z</time></trkpt><trkpt lat="43.498251984644796" lon="142.85447606851056"><ele>1414.050307892263</ele><time>2022-08-25T22:33:56Z</time></trkpt><trkpt lat="43.498340323688694" lon="142.8542558930414"><ele>1418.2471305448562</ele><time>2022-08-25T22:34:19Z</time></trkpt><trkpt lat="43.498446608378" lon="142.85403468831575"><ele>1419.9921136964113</ele><time>2022-08-25T22:34:46Z</time></trkpt><trkpt lat="43.49858251542612" lon="142.8538600636574"><ele>1424.6655560266227</ele><time>2022-08-25T22:35:12Z</time></trkpt><trkpt lat="43.49866592770731" lon="142.85363631202418"><ele>1426.858720577322</ele><time>2022-08-25T22:35:32Z</time></trkpt><trkpt lat="43.49871736042798" lon="142.85339186351638"><ele>1428.0719085494056</ele><time>2022-08-25T22:35:54Z</time></trkpt><trkpt lat="43.49873849121774" lon="142.85314174494115"><ele>1431.7954751644284</ele><time>2022-08-25T22:36:20Z</time></trkpt><trkpt lat="43.498818397349375" lon="142.85291016796617"><ele>1434.547796908766</ele><time>2022-08-25T22:36:41Z</time></trkpt><trkpt lat="43.49891171024964" lon="142.85269561675025"><ele>1439.322931217961</ele><time>2022-08-25T22:37:07Z</time></trkpt><trkpt lat="43.499068139207694" lon="142.85256698911826"><ele>1441.9409553557634</ele><time>2022-08-25T22:37:33Z</time></trkpt><trkpt lat="43.499203959305596" lon="142.85238821665408"><ele>1443.235414580442</ele><time>2022-08-25T22:37:56Z</time></trkpt><trkpt lat="43.499346168589426" lon="142.85223502632275"><ele>1448.3385511776432</ele><time>2022-08-25T22:38:30Z</time></trkpt><trkpt lat="43.49942925816925" lon="142.8520106231549"><ele>1450.3051137886941</ele><time>2022-08-25T22:38:58Z</time></trkpt><trkpt lat="43.49958198738822" lon="142.85186447249245"><ele>1452.884351263754</ele><time>2022-08-25T22:39:24Z</time></trkpt><trkpt lat="43.49967788789668" lon="142.85164809700558"><ele>1456.6953243911266</ele><time>2022-08-25T22:39:48Z</time></trkpt><trkpt lat="43.49979925118328" lon="142.85146202821508"><ele>1461.531050954014</ele><time>2022-08-25T22:40:14Z</time></trkpt><trkpt lat="43.49992663030955" lon="142.85126999187656"><ele>1464.424131509848</ele><time>2022-08-25T22:40:42Z</time></trkpt><trkpt lat="43.50010904312942" lon="142.85123042512885"><ele>1467.0068787746131</ele><time>2022-08-25T22:41:05Z</time></trkpt><trkpt lat="43.50028071594636" lon="142.85112757691542"><ele>1467.2341658640653</ele><time>2022-08-25T22:41:25Z</time></trkpt><trkpt lat="43.50043486370979" lon="142.85097820956975"><ele>1469.6228332696483</ele><time>2022-08-25T22:41:48Z</time></trkpt><trkpt lat="43.50051750978435" lon="142.85075468772004"><ele>1473.1370118446648</ele><time>2022-08-25T22:42:13Z</time></trkpt><trkpt lat="43.5006779841871" lon="142.85062868867183"><ele>1474.2951881382614</ele><time>2022-08-25T22:42:35Z</time></trkpt><trkpt lat="43.50084248336143" lon="142.8505223735656"><ele>1473.513674418442</ele><time>2022-08-25T22:42:59Z</time></trkpt><trkpt lat="43.50103031363516" lon="142.85046322947008"><ele>1474.1575106522068</ele><time>2022-08-25T22:43:19Z</time></trkpt><trkpt lat="43.50119892761563" lon="142.8503624924211"><ele>1477.0467640906572</ele><time>2022-08-25T22:43:41Z</time></trkpt><trkpt lat="43.50137009541744" lon="142.85028191787626"><ele>1478.2033260166645</ele><time>2022-08-25T22:44:03Z</time></trkpt><trkpt lat="43.501524788008965" lon="142.85015327895817"><ele>1479.4420250561088</ele><time>2022-08-25T22:44:27Z</time></trkpt><trkpt lat="43.50169993965673" lon="142.8500663600588"><ele>1478.0616725292057</ele><time>2022-08-25T22:44:54Z</time></trkpt><trkpt lat="43.50185931641023" lon="142.8499312166038"><ele>1478.2472098665312</ele><time>2022-08-25T22:45:20Z</time></trkpt><trkpt lat="43.50201975268416" lon="142.84979317128526"><ele>1477.6806847667322</ele><time>2022-08-25T22:45:43Z</time></trkpt><trkpt lat="43.502197177110745" lon="142.84972531706893"><ele>1478.0509671559557</ele><time>2022-08-25T22:46:38Z</time></trkpt><trkpt lat="43.50236502669692" lon="142.84963194790038"><ele>1477.238635994494</ele><time>2022-08-25T22:46:59Z</time></trkpt><trkpt lat="43.50250958594942" lon="142.84947542146767"><ele>1479.1086571030319</ele><time>2022-08-25T22:47:24Z</time></trkpt><trkpt lat="43.50266645163367" lon="142.84932508029783"><ele>1477.8625174714252</ele><time>2022-08-25T22:47:50Z</time></trkpt><trkpt lat="43.502807731173505" lon="142.84916693710318"><ele>1478.539537968114</ele><time>2022-08-25T22:48:13Z</time></trkpt><trkpt lat="43.50298229707732" lon="142.84910116598002"><ele>1481.1180623341352</ele><time>2022-08-25T22:48:37Z</time></trkpt><trkpt lat="43.5031567926977" lon="142.84902069687652"><ele>1478.8993676723912</ele><time>2022-08-25T22:49:32Z</time></trkpt><trkpt lat="43.503308980784674" lon="142.84888788814396"><ele>1485.0672862268984</ele><time>2022-08-25T22:49:56Z</time></trkpt><trkpt lat="43.50343198609106" lon="142.8487033391053"><ele>1488.5597232822329</ele><time>2022-08-25T22:50:23Z</time></trkpt><trkpt lat="43.5035632661245" lon="142.8485202092694"><ele>1489.7996828630567</ele><time>2022-08-25T22:50:45Z</time></trkpt><trkpt lat="43.50355769908069" lon="142.84876807140202"><ele>1484.4407974258065</ele><time>2022-08-25T22:51:31Z</time></trkpt><trkpt lat="43.50352778058708" lon="142.84901409514654"><ele>1479.828199390322</ele><time>2022-08-25T22:51:58Z</time></trkpt><trkpt lat="43.50346521206251" lon="142.8492522765015"><ele>1472.5853808159009</ele><time>2022-08-25T22:52:27Z</time></trkpt><trkpt lat="43.50361707798202" lon="142.84938792364485"><ele>1465.830298287794</ele><time>2022-08-25T22:53:05Z</time></trkpt><trkpt lat="43.50379487895359" lon="142.84932368455912"><ele>1462.8688430907205</ele><time>2022-08-25T22:53:29Z</time></trkpt><trkpt lat="43.503780892973765" lon="142.8495778254108"><ele>1456.4958649734035</ele><time>2022-08-25T22:54:18Z</time></trkpt><trkpt lat="43.503847183077774" lon="142.84980967863845"><ele>1449.2603766145185</ele><time>2022-08-25T22:55:05Z</time></trkpt><trkpt lat="43.5039056247729" lon="142.85005597213794"><ele>1442.4660969404504</ele><time>2022-08-25T22:56:16Z</time></trkpt><trkpt lat="43.50409033755364" lon="142.85003501062215"><ele>1437.617421720177</ele><time>2022-08-25T22:56:40Z</time></trkpt><trkpt lat="43.504167577022244" lon="142.85026631625155"><ele>1430.4648056738079</ele><time>2022-08-25T22:57:36Z</time></trkpt><trkpt lat="43.50433985585014" lon="142.85019159069367"><ele>1425.3474034145474</ele><time>2022-08-25T22:58:10Z</time></trkpt><trkpt lat="43.50437114882328" lon="142.85044228218877"><ele>1418.2702673142776</ele><time>2022-08-25T22:59:21Z</time></trkpt><trkpt lat="43.504481457511645" lon="142.8506435784307"><ele>1408.1018644720316</ele><time>2022-08-25T23:00:03Z</time></trkpt><trkpt lat="43.504661540478644" lon="142.85059105822066"><ele>1405.256099846214</ele><time>2022-08-25T23:00:31Z</time></trkpt><trkpt lat="43.504805860470924" lon="142.85076329745723"><ele>1393.6447520470247</ele><time>2022-08-25T23:02:17Z</time></trkpt><trkpt lat="43.504875915088775" lon="142.8509987600831"><ele>1386.837568672374</ele><time>2022-08-25T23:03:21Z</time></trkpt><trkpt lat="43.505043373205325" lon="142.85087537283027"><ele>1388.592841872014</ele><time>2022-08-25T23:05:44Z</time></trkpt><trkpt lat="43.50518283940063" lon="142.850709687508"><ele>1391.8943809317425</ele><time>2022-08-25T23:06:08Z</time></trkpt><trkpt lat="43.50524001322283" lon="142.85047201790738"><ele>1393.076259093359</ele><time>2022-08-25T23:06:38Z</time></trkpt><trkpt lat="43.50535572097678" lon="142.85028153902786"><ele>1397.8594710072502</ele><time>2022-08-25T23:07:07Z</time></trkpt><trkpt lat="43.50545253067022" lon="142.850072726436"><ele>1400.5789509899914</ele><time>2022-08-25T23:07:39Z</time></trkpt><trkpt lat="43.50551893660931" lon="142.84984160187648"><ele>1401.5912110768259</ele><time>2022-08-25T23:08:06Z</time></trkpt><trkpt lat="43.50562684646313" lon="142.8496412884455"><ele>1407.4528774973005</ele><time>2022-08-25T23:08:36Z</time></trkpt><trkpt lat="43.50570353800278" lon="142.84941624413932"><ele>1411.3259004261345</ele><time>2022-08-25T23:09:16Z</time></trkpt><trkpt lat="43.505838012593905" lon="142.8492327433167"><ele>1414.0894152093679</ele><time>2022-08-25T23:09:53Z</time></trkpt><trkpt lat="43.50594656460709" lon="142.84903395561167"><ele>1418.345159387216</ele><time>2022-08-25T23:10:22Z</time></trkpt><trkpt lat="43.50599092007193" lon="142.8487943150904"><ele>1423.6222985638306</ele><time>2022-08-25T23:10:59Z</time></trkpt><trkpt lat="43.506099781333866" lon="142.8485896219834"><ele>1426.9849235489964</ele><time>2022-08-25T23:11:29Z</time></trkpt><trkpt lat="43.50616435006866" lon="142.84835206894354"><ele>1429.9866792615503</ele><time>2022-08-25T23:11:57Z</time></trkpt><trkpt lat="43.50623698696302" lon="142.84812520235715"><ele>1433.0846581598744</ele><time>2022-08-25T23:12:25Z</time></trkpt><trkpt lat="43.50625683324724" lon="142.84787802409326"><ele>1434.9037421392277</ele><time>2022-08-25T23:20:58Z</time></trkpt><trkpt lat="43.50640521346355" lon="142.84773485096625"><ele>1439.2377674225718</ele><time>2022-08-25T23:21:56Z</time></trkpt><trkpt lat="43.50656279490452" lon="142.84760985159352"><ele>1443.5005547478795</ele><time>2022-08-25T23:22:37Z</time></trkpt><trkpt lat="43.506721460856674" lon="142.84748354336395"><ele>1454.5283225309104</ele><time>2022-08-25T23:23:23Z</time></trkpt><trkpt lat="43.50689377475417" lon="142.8474006436097"><ele>1459.0529118161649</ele><time>2022-08-25T23:24:10Z</time></trkpt><trkpt lat="43.507064228248275" lon="142.84731326993634"><ele>1463.8983528157696</ele><time>2022-08-25T23:24:51Z</time></trkpt><trkpt lat="43.50724335568265" lon="142.84726566401372"><ele>1470.5346890063956</ele><time>2022-08-25T23:25:31Z</time></trkpt><trkpt lat="43.507424001841215" lon="142.84728976731932"><ele>1475.3815352944657</ele><time>2022-08-25T23:26:42Z</time></trkpt><trkpt lat="43.50760399951203" lon="142.84726119007598"><ele>1479.232299465686</ele><time>2022-08-25T23:27:17Z</time></trkpt><trkpt lat="43.50778604909356" lon="142.84727334689347"><ele>1488.340102690272</ele><time>2022-08-25T23:27:59Z</time></trkpt><trkpt lat="43.50796727527186" lon="142.84726925460217"><ele>1492.257065965794</ele><time>2022-08-25T23:28:51Z</time></trkpt><trkpt lat="43.50813658746792" lon="142.847368989549"><ele>1501.8700898773968</ele><time>2022-08-25T23:29:32Z</time></trkpt><trkpt lat="43.508316700564706" lon="142.8473945158414"><ele>1505.6495691798627</ele><time>2022-08-25T23:30:07Z</time></trkpt><trkpt lat="43.50848723074556" lon="142.8474773602456"><ele>1514.4228024054319</ele><time>2022-08-25T23:31:01Z</time></trkpt><trkpt lat="43.50866281016651" lon="142.84753673047416"><ele>1521.2719304803759</ele><time>2022-08-25T23:31:58Z</time></trkpt><trkpt lat="43.50884233043525" lon="142.84755960095526"><ele>1526.4563509542495</ele><time>2022-08-25T23:32:49Z</time></trkpt><trkpt lat="43.50899780106239" lon="142.84769053316987"><ele>1534.917789758183</ele><time>2022-08-25T23:33:28Z</time></trkpt><trkpt lat="43.50918524214363" lon="142.84769738814333"><ele>1538.7109010666609</ele><time>2022-08-25T23:34:05Z</time></trkpt><trkpt lat="43.50936374742458" lon="142.84773238352588"><ele>1545.9495190018788</ele><time>2022-08-25T23:34:40Z</time></trkpt><trkpt lat="43.50954585554859" lon="142.84775120182107"><ele>1554.0934341950342</ele><time>2022-08-25T23:35:34Z</time></trkpt><trkpt lat="43.50973355699254" lon="142.847719718347"><ele>1558.853672068566</ele><time>2022-08-25T23:36:18Z</time></trkpt><trkpt lat="43.50990460538527" lon="142.84763633593903"><ele>1565.925247117877</ele><time>2022-08-25T23:36:57Z</time></trkpt><trkpt lat="43.5100544239413" lon="142.8477754776019"><ele>1573.9953779140487</ele><time>2022-08-25T23:39:27Z</time></trkpt><trkpt lat="43.51022145681041" lon="142.84788000221525"><ele>1583.4519743919373</ele><time>2022-08-25T23:40:20Z</time></trkpt><trkpt lat="43.5103941176202" lon="142.8479529273423"><ele>1592.6765321921557</ele><time>2022-08-25T23:41:05Z</time></trkpt><trkpt lat="43.51055964602248" lon="142.84805132086572"><ele>1600.9425039635971</ele><time>2022-08-25T23:41:55Z</time></trkpt><trkpt lat="43.51055225406905" lon="142.84830371433105"><ele>1603.093353457749</ele><time>2022-08-25T23:42:47Z</time></trkpt><trkpt lat="43.510511039771416" lon="142.8485460885431"><ele>1607.1303520640358</ele><time>2022-08-25T23:43:15Z</time></trkpt><trkpt lat="43.510433465272264" lon="142.84877256874879"><ele>1606.481147586368</ele><time>2022-08-25T23:44:04Z</time></trkpt><trkpt lat="43.51041105215462" lon="142.8490289215703"><ele>1615.5396382752806</ele><time>2022-08-25T23:44:45Z</time></trkpt><trkpt lat="43.51052278352333" lon="142.84922385201648"><ele>1625.0283428775147</ele><time>2022-08-25T23:45:31Z</time></trkpt><trkpt lat="43.5106849635722" lon="142.84933276521312"><ele>1633.4999474147335</ele><time>2022-08-25T23:47:03Z</time></trkpt><trkpt lat="43.510805964315935" lon="142.84952463200372"><ele>1644.0630757538602</ele><time>2022-08-25T23:47:53Z</time></trkpt><trkpt lat="43.51091939125078" lon="142.84971814215908"><ele>1654.7310582594946</ele><time>2022-08-25T23:48:42Z</time></trkpt><trkpt lat="43.51109398099413" lon="142.84977995234368"><ele>1662.4805446434766</ele><time>2022-08-25T23:49:23Z</time></trkpt><trkpt lat="43.511108388884" lon="142.8500269806959"><ele>1668.5733959935606</ele><time>2022-08-25T23:50:27Z</time></trkpt><trkpt lat="43.51114470243023" lon="142.85027356271843"><ele>1679.3815137529746</ele><time>2022-08-25T23:51:15Z</time></trkpt><trkpt lat="43.51115685108802" lon="142.850522220623"><ele>1687.8184931157157</ele><time>2022-08-25T23:51:59Z</time></trkpt><trkpt lat="43.5113050107232" lon="142.85067214245413"><ele>1696.791384946555</ele><time>2022-08-25T23:52:48Z</time></trkpt><trkpt lat="43.511469560494675" lon="142.8507846451578"><ele>1703.6029321579263</ele><time>2022-08-25T23:53:31Z</time></trkpt><trkpt lat="43.51162247120731" lon="142.85091631734724"><ele>1713.1946078110486</ele><time>2022-08-25T23:54:20Z</time></trkpt><trkpt lat="43.51177291813892" lon="142.85105375244183"><ele>1719.0377025511116</ele><time>2022-08-25T23:54:59Z</time></trkpt><trkpt lat="43.51193124345248" lon="142.8511860683499"><ele>1724.9681474920362</ele><time>2022-08-25T23:55:35Z</time></trkpt><trkpt lat="43.5121064518159" lon="142.85127371697004"><ele>1727.0412782728672</ele><time>2022-08-25T23:56:04Z</time></trkpt><trkpt lat="43.51228556687541" lon="142.85132137509157"><ele>1732.0186037570238</ele><time>2022-08-25T23:56:29Z</time></trkpt><trkpt lat="43.512464804367625" lon="142.85125724188853"><ele>1734.4599748086184</ele><time>2022-08-26T00:00:53Z</time></trkpt><trkpt lat="43.51264310147019" lon="142.8513102414318"><ele>1737.160858059302</ele><time>2022-08-26T00:01:20Z</time></trkpt><trkpt lat="43.51280848751373" lon="142.85120635461834"><ele>1739.1298657972366</ele><time>2022-08-26T00:01:42Z</time></trkpt><trkpt lat="43.51296095644281" lon="142.85107418637213"><ele>1743.1506247753277</ele><time>2022-08-26T00:02:07Z</time></trkpt><trkpt lat="43.513079515456226" lon="142.85087543036144"><ele>1747.4430022798479</ele><time>2022-08-26T00:02:37Z</time></trkpt><trkpt lat="43.513199510705974" lon="142.85067779757145"><ele>1752.1749034719542</ele><time>2022-08-26T00:03:04Z</time></trkpt><trkpt lat="43.51337882696437" lon="142.85063568624622"><ele>1759.8019860079512</ele><time>2022-08-26T00:03:43Z</time></trkpt><trkpt lat="43.513476589615784" lon="142.85041805379927"><ele>1764.7223180010915</ele><time>2022-08-26T00:04:18Z</time></trkpt><trkpt lat="43.51365322495803" lon="142.8503411926988"><ele>1774.9482407979667</ele><time>2022-08-26T00:04:59Z</time></trkpt><trkpt lat="43.51383457916576" lon="142.85038269562824"><ele>1781.8904550848529</ele><time>2022-08-26T00:05:30Z</time></trkpt><trkpt lat="43.51401213668106" lon="142.85043428486324"><ele>1784.8452227478847</ele><time>2022-08-26T00:06:11Z</time></trkpt><trkpt lat="43.51410969028609" lon="142.8502227403175"><ele>1788.3883094349876</ele><time>2022-08-26T00:06:51Z</time></trkpt><trkpt lat="43.514290850446834" lon="142.85014266679605"><ele>1788.04767018836</ele><time>2022-08-26T00:07:10Z</time></trkpt><trkpt lat="43.51438285084191" lon="142.84992438771462"><ele>1787.236412317492</ele><time>2022-08-26T00:07:33Z</time></trkpt><trkpt lat="43.514443598741046" lon="142.84968883158226"><ele>1786.9741372363642</ele><time>2022-08-26T00:07:57Z</time></trkpt><trkpt lat="43.51453372381607" lon="142.8494735928314"><ele>1786.9276983859017</ele><time>2022-08-26T00:08:16Z</time></trkpt><trkpt lat="43.51471577416489" lon="142.84945559152712"><ele>1789.3882198184729</ele><time>2022-08-26T00:09:31Z</time></trkpt><trkpt lat="43.51482919661498" lon="142.84965314088475"><ele>1796.951318400912</ele><time>2022-08-26T00:10:34Z</time></trkpt><trkpt lat="43.514918347105926" lon="142.84987609361"><ele>1802.7004978237674</ele><time>2022-08-26T00:11:03Z</time></trkpt><trkpt lat="43.51496814537221" lon="142.85012087041477"><ele>1807.3594361143187</ele><time>2022-08-26T00:11:23Z</time></trkpt><trkpt lat="43.51514604944442" lon="142.85019544639633"><ele>1809.8675915095955</ele><time>2022-08-26T00:12:00Z</time></trkpt><trkpt lat="43.515323340784875" lon="142.85024639429196"><ele>1810.2866712948307</ele><time>2022-08-26T00:13:35Z</time></trkpt><trkpt lat="43.51550747177469" lon="142.8502214807631"><ele>1811.8327060109004</ele><time>2022-08-26T00:14:03Z</time></trkpt><trkpt lat="43.51563597763551" lon="142.85040134161534"><ele>1810.8585771368816</ele><time>2022-08-26T00:14:26Z</time></trkpt><trkpt lat="43.51581159521724" lon="142.8504752027847"><ele>1802.8131770025939</ele><time>2022-08-26T00:16:41Z</time></trkpt><trkpt lat="43.515991280087235" lon="142.8504507871031"><ele>1792.1813737042248</ele><time>2022-08-26T00:17:49Z</time></trkpt><trkpt lat="43.516044235467604" lon="142.85068761296264"><ele>1793.7410424500704</ele><time>2022-08-26T00:18:20Z</time></trkpt><trkpt lat="43.51609104013963" lon="142.85092877386762"><ele>1794.5732096908614</ele><time>2022-08-26T00:18:45Z</time></trkpt><trkpt lat="43.51619465489477" lon="142.85113554443308"><ele>1789.3708561090752</ele><time>2022-08-26T00:19:37Z</time></trkpt><trkpt lat="43.51626560388484" lon="142.8513732389506"><ele>1783.051989223808</ele><time>2022-08-26T00:20:41Z</time></trkpt><trkpt lat="43.516447092935366" lon="142.8513781091073"><ele>1778.6572514316067</ele><time>2022-08-26T00:21:20Z</time></trkpt><trkpt lat="43.516615987742284" lon="142.8512804955196"><ele>1771.255785400048</ele><time>2022-08-26T00:22:18Z</time></trkpt><trkpt lat="43.51664673958726" lon="142.85103191066608"><ele>1767.7129331519827</ele><time>2022-08-26T00:23:31Z</time></trkpt><trkpt lat="43.516773258188906" lon="142.85085193420835"><ele>1763.399998344481</ele><time>2022-08-26T00:24:32Z</time></trkpt><trkpt lat="43.516854482325876" lon="142.85062863912225"><ele>1758.6347625982016</ele><time>2022-08-26T00:25:15Z</time></trkpt><trkpt lat="43.516927096964" lon="142.85038560398664"><ele>1753.5585092725232</ele><time>2022-08-26T00:26:03Z</time></trkpt><trkpt lat="43.51706829974846" lon="142.85022168191884"><ele>1755.3713218076155</ele><time>2022-08-26T00:26:21Z</time></trkpt><trkpt lat="43.517106776375215" lon="142.84997840906416"><ele>1754.8554181288928</ele><time>2022-08-26T00:27:52Z</time></trkpt><trkpt lat="43.51706285205375" lon="142.84973401767996"><ele>1755.9241069890559</ele><time>2022-08-26T00:28:20Z</time></trkpt><trkpt lat="43.517038939401466" lon="142.84948387422318"><ele>1757.6832204973325</ele><time>2022-08-26T00:28:43Z</time></trkpt><trkpt lat="43.51711728140275" lon="142.84925316196365"><ele>1759.9492186177522</ele><time>2022-08-26T00:29:10Z</time></trkpt><trkpt lat="43.5172448071404" lon="142.8490717332743"><ele>1759.727029664442</ele><time>2022-08-26T00:29:35Z</time></trkpt><trkpt lat="43.51743305681797" lon="142.84907157085507"><ele>1761.1500205574557</ele><time>2022-08-26T00:30:02Z</time></trkpt><trkpt lat="43.517583267490664" lon="142.84921674604055"><ele>1765.8651488535106</ele><time>2022-08-26T00:30:33Z</time></trkpt><trkpt lat="43.51775756700618" lon="142.84913492799149"><ele>1771.2191493669525</ele><time>2022-08-26T00:31:20Z</time></trkpt><trkpt lat="43.51782339999337" lon="142.84889798548554"><ele>1775.2162865428254</ele><time>2022-08-26T00:31:52Z</time></trkpt><trkpt lat="43.51799857351413" lon="142.8489596542843"><ele>1780.4197149891406</ele><time>2022-08-26T00:32:35Z</time></trkpt><trkpt lat="43.518146416788824" lon="142.84881397139745"><ele>1788.5927086630836</ele><time>2022-08-26T00:33:43Z</time></trkpt><trkpt lat="43.51817227223823" lon="142.84856528886783"><ele>1793.9679209822789</ele><time>2022-08-26T00:34:13Z</time></trkpt><trkpt lat="43.518330570206395" lon="142.84869054836304"><ele>1803.2064522672445</ele><time>2022-08-26T00:35:48Z</time></trkpt><trkpt lat="43.51849102751961" lon="142.84857781318135"><ele>1812.4320624182</ele><time>2022-08-26T00:37:07Z</time></trkpt><trkpt lat="43.518605222489896" lon="142.8483839495885"><ele>1819.0285551343113</ele><time>2022-08-26T00:38:05Z</time></trkpt><trkpt lat="43.518782989936504" lon="142.8484607948976"><ele>1827.107008174993</ele><time>2022-08-26T00:38:58Z</time></trkpt><trkpt lat="43.51892127202909" lon="142.84862104394355"><ele>1832.5512248678133</ele><time>2022-08-26T00:39:46Z</time></trkpt><trkpt lat="43.519098353383576" lon="142.84869077861921"><ele>1837.2536458168179</ele><time>2022-08-26T00:40:34Z</time></trkpt><trkpt lat="43.519279917695485" lon="142.84866586126776"><ele>1843.85484911222</ele><time>2022-08-26T00:41:29Z</time></trkpt><trkpt lat="43.51942982594007" lon="142.84851751268008"><ele>1848.9942869180813</ele><time>2022-08-26T00:42:07Z</time></trkpt><trkpt lat="43.51960083982502" lon="142.84841939342297"><ele>1852.1665943199769</ele><time>2022-08-26T00:42:41Z</time></trkpt><trkpt lat="43.51976217512224" lon="142.84829582066533"><ele>1853.5582810342312</ele><time>2022-08-26T00:43:15Z</time></trkpt><trkpt lat="43.51994161739008" lon="142.84832106153098"><ele>1854.3123967386782</ele><time>2022-08-26T00:44:24Z</time></trkpt><trkpt lat="43.5201117970674" lon="142.84840582755496"><ele>1856.0911776861176</ele><time>2022-08-26T00:44:58Z</time></trkpt><trkpt lat="43.520269943490106" lon="142.848279877984"><ele>1856.2726216353476</ele><time>2022-08-26T00:45:23Z</time></trkpt><trkpt lat="43.52041936957488" lon="142.84812017225525"><ele>1857.91407334432</ele><time>2022-08-26T00:45:49Z</time></trkpt><trkpt lat="43.5205931431854" lon="142.8480480419987"><ele>1859.1259425133467</ele><time>2022-08-26T00:46:17Z</time></trkpt><trkpt lat="43.52075725958028" lon="142.84792707634293"><ele>1862.6548353098333</ele><time>2022-08-26T00:46:51Z</time></trkpt><trkpt lat="43.5209207408482" lon="142.8477994695305"><ele>1865.279646445997</ele><time>2022-08-26T00:47:20Z</time></trkpt><trkpt lat="43.52108372277936" lon="142.8476804786525"><ele>1873.0467134648934</ele><time>2022-08-26T00:48:09Z</time></trkpt><trkpt lat="43.52120853323144" lon="142.84749366843516"><ele>1879.2910357294604</ele><time>2022-08-26T00:48:46Z</time></trkpt><trkpt lat="43.5212721086906" lon="142.8472477952881"><ele>1884.8904285160825</ele><time>2022-08-26T00:49:25Z</time></trkpt><trkpt lat="43.5214090908685" lon="142.8470816155686"><ele>1889.07180839777</ele><time>2022-08-26T00:53:33Z</time></trkpt><trkpt lat="43.52152750875523" lon="142.84688128020508"><ele>1895.0508892536163</ele><time>2022-08-26T00:54:21Z</time></trkpt><trkpt lat="43.521668387542185" lon="142.84670845213242"><ele>1900.2704899189994</ele><time>2022-08-26T00:55:01Z</time></trkpt><trkpt lat="43.521799458757904" lon="142.84653505381291"><ele>1905.078653946519</ele><time>2022-08-26T00:55:37Z</time></trkpt><trkpt lat="43.52195796963902" lon="142.84666974928297"><ele>1913.197736513801</ele><time>2022-08-26T00:56:47Z</time></trkpt><trkpt lat="43.52197833613922" lon="142.8466484117213"><ele>1913.8685517022386</ele><time>2022-08-26T00:57:07Z</time></trkpt><trkpt lat="43.522097539808705" lon="142.84644828062417"><ele>1914.0960894217715</ele><time>2022-08-26T00:57:39Z</time></trkpt><trkpt lat="43.52225345249528" lon="142.8463150174046"><ele>1915.7551063094288</ele><time>2022-08-26T00:58:07Z</time></trkpt><trkpt lat="43.52240337158582" lon="142.84617411177092"><ele>1919.6292057279497</ele><time>2022-08-26T00:58:40Z</time></trkpt><trkpt lat="43.52258129860924" lon="142.84608308442048"><ele>1924.160617461428</ele><time>2022-08-26T00:59:16Z</time></trkpt><trkpt lat="43.52276425863014" lon="142.84608950098337"><ele>1927.3913993341848</ele><time>2022-08-26T00:59:47Z</time></trkpt><trkpt lat="43.52294355461466" lon="142.84611966557765"><ele>1933.0762349283323</ele><time>2022-08-26T01:00:24Z</time></trkpt><trkpt lat="43.523124051264716" lon="142.84603342462796"><ele>1937.3947110595182</ele><time>2022-08-26T01:00:51Z</time></trkpt><trkpt lat="43.523298374176406" lon="142.8459333757045"><ele>1939.0199988083914</ele><time>2022-08-26T01:01:32Z</time></trkpt><trkpt lat="43.52345430604303" lon="142.8457978425873"><ele>1940.6857532151043</ele><time>2022-08-26T01:01:59Z</time></trkpt><trkpt lat="43.5236173978632" lon="142.84568459152956"><ele>1941.447969764471</ele><time>2022-08-26T01:02:27Z</time></trkpt><trkpt lat="43.52375527208053" lon="142.84550436290513"><ele>1942.8095692051575</ele><time>2022-08-26T01:03:03Z</time></trkpt><trkpt lat="43.523931926502954" lon="142.8454390950459"><ele>1942.9296281598508</ele><time>2022-08-26T01:03:35Z</time></trkpt><trkpt lat="43.524027922093175" lon="142.84522385939653"><ele>1943.0334245655686</ele><time>2022-08-26T01:03:54Z</time></trkpt><trkpt lat="43.52416204392764" lon="142.8450470555903"><ele>1945.0911872228608</ele><time>2022-08-26T01:04:24Z</time></trkpt><trkpt lat="43.524314239788346" lon="142.84491398513993"><ele>1950.417471905239</ele><time>2022-08-26T01:05:02Z</time></trkpt><trkpt lat="43.52449873305535" lon="142.84496335714297"><ele>1953.1886782683432</ele><time>2022-08-26T01:05:33Z</time></trkpt><trkpt lat="43.52467400874054" lon="142.84502250667117"><ele>1958.009414670989</ele><time>2022-08-26T01:06:09Z</time></trkpt><trkpt lat="43.524839372530614" lon="142.84512258468416"><ele>1960.3128178734332</ele><time>2022-08-26T01:06:43Z</time></trkpt><trkpt lat="43.52500774172973" lon="142.84522546536422"><ele>1964.526760048233</ele><time>2022-08-26T01:07:13Z</time></trkpt><trkpt lat="43.52504015958405" lon="142.84547577654754"><ele>1973.156469926238</ele><time>2022-08-26T01:10:09Z</time></trkpt><trkpt lat="43.52506279131096" lon="142.84572500334932"><ele>1977.9224772937596</ele><time>2022-08-26T01:10:58Z</time></trkpt><trkpt lat="43.52517675201832" lon="142.84591920849513"><ele>1985.9165271259844</ele><time>2022-08-26T01:11:55Z</time></trkpt><trkpt lat="43.52520236753979" lon="142.846169965657"><ele>1995.1612737709656</ele><time>2022-08-26T01:12:50Z</time></trkpt><trkpt lat="43.52507148686832" lon="142.84634309666538"><ele>2005.8612094270065</ele><time>2022-08-26T01:13:54Z</time></trkpt><trkpt lat="43.52513751220331" lon="142.84657620220713"><ele>2015.3646086342633</ele><time>2022-08-26T01:14:57Z</time></trkpt><trkpt lat="43.52514707275764" lon="142.84683201068174"><ele>2027.446799846366</ele><time>2022-08-26T01:16:00Z</time></trkpt><trkpt lat="43.52509808948056" lon="142.8470700843609"><ele>2034.8788392441347</ele><time>2022-08-26T01:17:01Z</time></trkpt><trkpt lat="43.525050683828326" lon="142.8473111140959"><ele>2040.0005649616942</ele><time>2022-08-26T01:19:28Z</time></trkpt><trkpt lat="43.5251752323945" lon="142.84749261999792"><ele>2049.470260717906</ele><time>2022-08-26T01:20:16Z</time></trkpt><trkpt lat="43.525341799521925" lon="142.84759754141422"><ele>2056.067312564701</ele><time>2022-08-26T01:21:05Z</time></trkpt><trkpt lat="43.525496936268226" lon="142.84772423991427"><ele>2063.8252307679504</ele><time>2022-08-26T01:21:43Z</time></trkpt><trkpt lat="43.52567529763065" lon="142.84768543518106"><ele>2066.527449195273</ele><time>2022-08-26T01:22:14Z</time></trkpt><trkpt lat="43.52583366012827" lon="142.8475672425049"><ele>2067.527243692428</ele><time>2022-08-26T01:22:46Z</time></trkpt><trkpt lat="43.525993691413895" lon="142.8477033968454"><ele>2076.565228810534</ele><time>2022-08-26T01:23:27Z</time></trkpt><trkpt lat="43.5261284926354" lon="142.8478815211582"><ele>2077.597477993928</ele><time>2022-08-26T01:24:03Z</time></trkpt><trkpt lat="43.52627720357089" lon="142.84802986493526"><ele>2084.928740314208</ele><time>2022-08-26T01:24:42Z</time></trkpt><trkpt lat="43.52635180671457" lon="142.84826071430976"><ele>2088.589208633639</ele><time>2022-08-26T01:25:14Z</time></trkpt><trkpt lat="43.52645981496246" lon="142.8484825580115"><ele>2093.7613962274045</ele><time>2022-08-26T01:25:55Z</time></trkpt><trkpt lat="43.52662833950141" lon="142.84857088451105"><ele>2107.3460092982277</ele><time>2022-08-26T01:27:30Z</time></trkpt><trkpt lat="43.52680726434196" lon="142.84860787978758"><ele>2118.908362201415</ele><time>2022-08-26T01:28:39Z</time></trkpt><trkpt lat="43.52695173991785" lon="142.8487610232557"><ele>2129.5309522207826</ele><time>2022-08-26T01:29:49Z</time></trkpt><trkpt lat="43.5271342881011" lon="142.84877225858236"><ele>2141.32132786233</ele><time>2022-08-26T01:37:54Z</time></trkpt><trkpt lat="43.52712915434525" lon="142.8488122396511"><ele>2139.230916059576</ele><time>2022-08-26T01:44:56Z</time></trkpt><trkpt lat="43.52729733121053" lon="142.84872203685507"><ele>2139.8557740133256</ele><time>2022-08-26T01:58:52Z</time></trkpt><trkpt lat="43.527439050760684" lon="142.84856682245723"><ele>2132.857313973829</ele><time>2022-08-26T01:59:56Z</time></trkpt><trkpt lat="43.52760507161559" lon="142.84866320305474"><ele>2132.126634504646</ele><time>2022-08-26T02:00:23Z</time></trkpt><trkpt lat="43.52777023782515" lon="142.84855013620242"><ele>2129.1273306049407</ele><time>2022-08-26T02:00:58Z</time></trkpt><trkpt lat="43.52794225021994" lon="142.8486681299306"><ele>2128.045715685934</ele><time>2022-08-26T02:01:18Z</time></trkpt><trkpt lat="43.52811843411424" lon="142.84875182153306"><ele>2127.378280295059</ele><time>2022-08-26T02:01:37Z</time></trkpt><trkpt lat="43.52830554034791" lon="142.84875671016985"><ele>2121.539709064178</ele><time>2022-08-26T02:02:11Z</time></trkpt><trkpt lat="43.52843746853698" lon="142.8489319563501"><ele>2119.8005840191618</ele><time>2022-08-26T02:02:37Z</time></trkpt><trkpt lat="43.52859475618414" lon="142.84906205492788"><ele>2112.1073270542547</ele><time>2022-08-26T02:08:25Z</time></trkpt><trkpt lat="43.528763156466674" lon="142.84895144674877"><ele>2099.7849041502923</ele><time>2022-08-26T02:09:36Z</time></trkpt><trkpt lat="43.52893539166376" lon="142.84902840252656"><ele>2088.1053261123598</ele><time>2022-08-26T02:11:34Z</time></trkpt><trkpt lat="43.529115152007265" lon="142.84911345216943"><ele>2079.708280772902</ele><time>2022-08-26T02:12:42Z</time></trkpt><trkpt lat="43.529289675307865" lon="142.84903814199558"><ele>2063.198087724857</ele><time>2022-08-26T02:15:25Z</time></trkpt><trkpt lat="43.529477295079516" lon="142.8490819531542"><ele>2052.4177856165916</ele><time>2022-08-26T02:16:30Z</time></trkpt><trkpt lat="43.52964847117274" lon="142.84897305980192"><ele>2044.1158396396786</ele><time>2022-08-26T02:17:03Z</time></trkpt><trkpt lat="43.52983120641476" lon="142.84898724634752"><ele>2037.0903630079702</ele><time>2022-08-26T02:17:27Z</time></trkpt><trkpt lat="43.530012490145644" lon="142.84896153305306"><ele>2033.254365541041</ele><time>2022-08-26T02:18:00Z</time></trkpt><trkpt lat="43.53004098842292" lon="142.84921581717114"><ele>2032.8201740877703</ele><time>2022-08-26T02:18:44Z</time></trkpt><trkpt lat="43.53020892805044" lon="142.84933882494838"><ele>2030.8850633492693</ele><time>2022-08-26T02:19:39Z</time></trkpt><trkpt lat="43.53009040934272" lon="142.84914498355215"><ele>2032.4837781693786</ele><time>2022-08-26T02:28:32Z</time></trkpt><trkpt lat="43.53000175362922" lon="142.84891754275196"><ele>2031.6690060114488</ele><time>2022-08-26T02:28:51Z</time></trkpt><trkpt lat="43.52990260576827" lon="142.84870760556674"><ele>2030.982130547054</ele><time>2022-08-26T02:29:18Z</time></trkpt><trkpt lat="43.529960330144576" lon="142.84895190790775"><ele>2034.832074158825</ele><time>2022-08-26T02:36:47Z</time></trkpt><trkpt lat="43.53003990337775" lon="142.84918218481826"><ele>2033.8057634793222</ele><time>2022-08-26T02:37:04Z</time></trkpt><trkpt lat="43.5301770337222" lon="142.8493432209458"><ele>2032.4216177249327</ele><time>2022-08-26T02:37:17Z</time></trkpt><trkpt lat="43.53025016454639" lon="142.84957103943108"><ele>2032.1069675823674</ele><time>2022-08-26T02:38:11Z</time></trkpt><trkpt lat="43.53018307852858" lon="142.84933308314862"><ele>2031.1792360749096</ele><time>2022-08-26T02:40:52Z</time></trkpt><trkpt lat="43.530056536904866" lon="142.8491380291118"><ele>2032.2393805747852</ele><time>2022-08-26T02:41:03Z</time></trkpt><trkpt lat="43.52999079408743" lon="142.848873645594"><ele>2031.0488143293187</ele><time>2022-08-26T02:41:11Z</time></trkpt><trkpt lat="43.52986037609051" lon="142.8486808041711"><ele>2030.6818575728685</ele><time>2022-08-26T02:41:25Z</time></trkpt><trkpt lat="43.52974889284833" lon="142.8484734020262"><ele>2029.470489825122</ele><time>2022-08-26T02:41:40Z</time></trkpt><trkpt lat="43.52978286461548" lon="142.84822572105782"><ele>2025.4443420888856</ele><time>2022-08-26T02:41:58Z</time></trkpt><trkpt lat="43.52976740307477" lon="142.847977894765"><ele>2021.1974688600749</ele><time>2022-08-26T02:42:23Z</time></trkpt><trkpt lat="43.52973207376971" lon="142.84772763911863"><ele>2017.862439699471</ele><time>2022-08-26T02:42:38Z</time></trkpt><trkpt lat="43.529695788653754" lon="142.8474726605887"><ele>2015.0371819632128</ele><time>2022-08-26T02:42:52Z</time></trkpt><trkpt lat="43.52964642914716" lon="142.8472262074131"><ele>2013.1358927655965</ele><time>2022-08-26T02:43:04Z</time></trkpt><trkpt lat="43.529497427832084" lon="142.84706363209526"><ele>2012.8981040762737</ele><time>2022-08-26T02:43:18Z</time></trkpt><trkpt lat="43.529376721680535" lon="142.84687456219157"><ele>2009.768636948429</ele><time>2022-08-26T02:43:52Z</time></trkpt><trkpt lat="43.52931520797391" lon="142.84663593665945"><ele>2007.5889670131728</ele><time>2022-08-26T02:44:10Z</time></trkpt><trkpt lat="43.52922158327305" lon="142.84641933388298"><ele>2001.8511568559334</ele><time>2022-08-26T02:44:41Z</time></trkpt><trkpt lat="43.529083777846495" lon="142.84625934770474"><ele>1997.1354652587324</ele><time>2022-08-26T02:45:01Z</time></trkpt><trkpt lat="43.528940050663174" lon="142.84610742836642"><ele>1996.1127341445535</ele><time>2022-08-26T02:45:24Z</time></trkpt><trkpt lat="43.52877272893657" lon="142.84597762323068"><ele>1995.1250215750188</ele><time>2022-08-26T02:45:47Z</time></trkpt><trkpt lat="43.52865223067421" lon="142.84578177708792"><ele>1993.5832034908235</ele><time>2022-08-26T02:46:02Z</time></trkpt><trkpt lat="43.52865141221518" lon="142.84553344654097"><ele>1988.8081957669929</ele><time>2022-08-26T02:46:18Z</time></trkpt><trkpt lat="43.528569436347205" lon="142.84530686702965"><ele>1990.3886601636186</ele><time>2022-08-26T02:46:32Z</time></trkpt><trkpt lat="43.528411987941645" lon="142.84518248415716"><ele>1991.1046134615317</ele><time>2022-08-26T02:46:47Z</time></trkpt><trkpt lat="43.528236864136886" lon="142.84511092153704"><ele>1994.045906639658</ele><time>2022-08-26T02:47:10Z</time></trkpt><trkpt lat="43.52808447866845" lon="142.84526257669668"><ele>1996.0594925032929</ele><time>2022-08-26T02:48:12Z</time></trkpt><trkpt lat="43.52789614990102" lon="142.84529879682538"><ele>1991.9644392700866</ele><time>2022-08-26T02:48:42Z</time></trkpt><trkpt lat="43.52775038329941" lon="142.84544930194463"><ele>1992.9705036645755</ele><time>2022-08-26T02:49:05Z</time></trkpt><trkpt lat="43.52756650916656" lon="142.84544487824292"><ele>1994.3151437053457</ele><time>2022-08-26T02:49:26Z</time></trkpt><trkpt lat="43.527380176377896" lon="142.8453764286751"><ele>1993.521180297248</ele><time>2022-08-26T02:49:43Z</time></trkpt><trkpt lat="43.527190247200686" lon="142.8453977616039"><ele>1994.1684336923063</ele><time>2022-08-26T02:49:58Z</time></trkpt><trkpt lat="43.52699827353964" lon="142.84536464689992"><ele>1993.1788907470182</ele><time>2022-08-26T02:50:16Z</time></trkpt><trkpt lat="43.52682281220795" lon="142.8452778999297"><ele>1990.990024426952</ele><time>2022-08-26T02:50:36Z</time></trkpt><trkpt lat="43.52666388496339" lon="142.84514856940584"><ele>1986.47772898525</ele><time>2022-08-26T02:50:59Z</time></trkpt><trkpt lat="43.526488705006386" lon="142.8450862579992"><ele>1981.3477629059926</ele><time>2022-08-26T02:51:17Z</time></trkpt><trkpt lat="43.526326569544324" lon="142.8449703895205"><ele>1979.2535049254075</ele><time>2022-08-26T02:51:30Z</time></trkpt><trkpt lat="43.52615464087514" lon="142.84489325134447"><ele>1978.2474192036316</ele><time>2022-08-26T02:52:08Z</time></trkpt><trkpt lat="43.52598875994789" lon="142.84479289977347"><ele>1974.0465454105288</ele><time>2022-08-26T02:52:23Z</time></trkpt><trkpt lat="43.52581229809077" lon="142.8447044653852"><ele>1971.5103751048446</ele><time>2022-08-26T02:52:40Z</time></trkpt><trkpt lat="43.52563184850614" lon="142.8446200172443"><ele>1968.2747948076576</ele><time>2022-08-26T02:52:56Z</time></trkpt><trkpt lat="43.525445310135005" lon="142.84467919837675"><ele>1964.498947092332</ele><time>2022-08-26T02:53:13Z</time></trkpt><trkpt lat="43.525291971915536" lon="142.84484013851886"><ele>1963.989175341092</ele><time>2022-08-26T02:53:30Z</time></trkpt><trkpt lat="43.525115582112406" lon="142.84490525893622"><ele>1964.4980160454288</ele><time>2022-08-26T02:53:44Z</time></trkpt><trkpt lat="43.525069977043735" lon="142.84465238363688"><ele>1960.7763608545065</ele><time>2022-08-26T02:54:23Z</time></trkpt><trkpt lat="43.524885031451305" lon="142.84465586199946"><ele>1960.5161826200783</ele><time>2022-08-26T02:54:44Z</time></trkpt><trkpt lat="43.52471255031457" lon="142.8447466433756"><ele>1959.678521673195</ele><time>2022-08-26T02:54:58Z</time></trkpt><trkpt lat="43.52457401527369" lon="142.84492254726769"><ele>1956.7962128371</ele><time>2022-08-26T02:55:12Z</time></trkpt><trkpt lat="43.524387262731345" lon="142.84493268673384"><ele>1955.868533834815</ele><time>2022-08-26T02:55:30Z</time></trkpt><trkpt lat="43.52419952921776" lon="142.8449630886396"><ele>1948.742850460112</ele><time>2022-08-26T02:56:02Z</time></trkpt><trkpt lat="43.52405723502406" lon="142.84513485180764"><ele>1944.4147747643292</ele><time>2022-08-26T02:56:24Z</time></trkpt><trkpt lat="43.523939129923285" lon="142.84533509108414"><ele>1944.0953757176176</ele><time>2022-08-26T02:56:38Z</time></trkpt><trkpt lat="43.52381491417512" lon="142.84552108253476"><ele>1943.2681193239987</ele><time>2022-08-26T02:56:52Z</time></trkpt><trkpt lat="43.52364751132282" lon="142.84562896858176"><ele>1942.414873080328</ele><time>2022-08-26T02:57:21Z</time></trkpt><trkpt lat="43.52346810664126" lon="142.84572210356498"><ele>1939.9476455375552</ele><time>2022-08-26T02:57:48Z</time></trkpt><trkpt lat="43.52331879414935" lon="142.8458610566313"><ele>1938.3056160015985</ele><time>2022-08-26T02:58:06Z</time></trkpt><trkpt lat="43.523152483551705" lon="142.845996463166"><ele>1935.8676903089508</ele><time>2022-08-26T02:58:23Z</time></trkpt><trkpt lat="43.52297942196027" lon="142.84608211413808"><ele>1933.7772659072652</ele><time>2022-08-26T02:59:00Z</time></trkpt><trkpt lat="43.52279659211461" lon="142.84611570232448"><ele>1929.462903374806</ele><time>2022-08-26T02:59:25Z</time></trkpt><trkpt lat="43.52261266621946" lon="142.84605840153935"><ele>1923.2133653033525</ele><time>2022-08-26T02:59:52Z</time></trkpt><trkpt lat="43.52243290530635" lon="142.84603827117428"><ele>1920.243557994254</ele><time>2022-08-26T03:00:10Z</time></trkpt><trkpt lat="43.52230577447238" lon="142.84622128580065"><ele>1918.3637554943562</ele><time>2022-08-26T03:00:27Z</time></trkpt><trkpt lat="43.522134069663416" lon="142.8463288662395"><ele>1912.5419234521687</ele><time>2022-08-26T03:00:53Z</time></trkpt><trkpt lat="43.521949503651925" lon="142.84638760525877"><ele>1908.2811075123027</ele><time>2022-08-26T03:01:14Z</time></trkpt><trkpt lat="43.52180135438971" lon="142.84654796003235"><ele>1902.7113403053954</ele><time>2022-08-26T03:01:48Z</time></trkpt><trkpt lat="43.52164894519015" lon="142.84668302099473"><ele>1901.2215707143769</ele><time>2022-08-26T03:02:06Z</time></trkpt><trkpt lat="43.521515266040474" lon="142.8468627302619"><ele>1894.9280257215723</ele><time>2022-08-26T03:02:32Z</time></trkpt><trkpt lat="43.521391470591134" lon="142.8470486109603"><ele>1887.5751052079722</ele><time>2022-08-26T03:03:06Z</time></trkpt><trkpt lat="43.52124347951353" lon="142.84721794172924"><ele>1882.8237426541746</ele><time>2022-08-26T03:03:29Z</time></trkpt><trkpt lat="43.521198895712466" lon="142.84747110104678"><ele>1881.174666710198</ele><time>2022-08-26T03:03:46Z</time></trkpt><trkpt lat="43.521072363797636" lon="142.84765562343875"><ele>1873.55648411531</ele><time>2022-08-26T03:04:12Z</time></trkpt><trkpt lat="43.520917089832615" lon="142.847787291781"><ele>1866.964370525442</ele><time>2022-08-26T03:04:40Z</time></trkpt><trkpt lat="43.52075215139252" lon="142.8479080898222"><ele>1863.7465287223458</ele><time>2022-08-26T03:05:00Z</time></trkpt><trkpt lat="43.52059054954012" lon="142.8480332482028"><ele>1858.5336811440066</ele><time>2022-08-26T03:05:26Z</time></trkpt><trkpt lat="43.52041622100335" lon="142.84810762753568"><ele>1856.8948282813653</ele><time>2022-08-26T03:05:43Z</time></trkpt><trkpt lat="43.52025832180933" lon="142.84826180920822"><ele>1855.9356524329633</ele><time>2022-08-26T03:06:01Z</time></trkpt><trkpt lat="43.5200847088253" lon="142.8483372739898"><ele>1854.8720490103588</ele><time>2022-08-26T03:06:18Z</time></trkpt><trkpt lat="43.519904414486305" lon="142.84829279299976"><ele>1852.9371721511707</ele><time>2022-08-26T03:07:28Z</time></trkpt><trkpt lat="43.51971593937233" lon="142.84826240307973"><ele>1852.8345420099795</ele><time>2022-08-26T03:07:57Z</time></trkpt><trkpt lat="43.51956899938532" lon="142.84840707967945"><ele>1851.6249377448112</ele><time>2022-08-26T03:08:17Z</time></trkpt><trkpt lat="43.519397160306454" lon="142.84851089042064"><ele>1847.4227354330942</ele><time>2022-08-26T03:08:38Z</time></trkpt><trkpt lat="43.519257664765334" lon="142.84867374221687"><ele>1842.6231704559177</ele><time>2022-08-26T03:08:56Z</time></trkpt><trkpt lat="43.5190767594538" lon="142.84869235421831"><ele>1834.8839462399483</ele><time>2022-08-26T03:09:30Z</time></trkpt><trkpt lat="43.51891553713968" lon="142.84857560021646"><ele>1828.946053323336</ele><time>2022-08-26T03:09:58Z</time></trkpt><trkpt lat="43.518767476313556" lon="142.8484348842183"><ele>1824.9263401729986</ele><time>2022-08-26T03:10:30Z</time></trkpt><trkpt lat="43.51858882284174" lon="142.84836573588655"><ele>1817.0198376094922</ele><time>2022-08-26T03:11:02Z</time></trkpt><trkpt lat="43.518491137419495" lon="142.84857888397931"><ele>1810.88842454087</ele><time>2022-08-26T03:11:35Z</time></trkpt><trkpt lat="43.51832442293844" lon="142.84869280202548"><ele>1803.1307532005012</ele><time>2022-08-26T03:12:11Z</time></trkpt><trkpt lat="43.51817262138707" lon="142.84855555388586"><ele>1794.1771339783445</ele><time>2022-08-26T03:12:54Z</time></trkpt><trkpt lat="43.51812787088326" lon="142.84880147872025"><ele>1787.4135828185827</ele><time>2022-08-26T03:13:23Z</time></trkpt><trkpt lat="43.51800739031336" lon="142.84898665654458"><ele>1780.9992870138958</ele><time>2022-08-26T03:15:30Z</time></trkpt><trkpt lat="43.51784276632702" lon="142.84887958683237"><ele>1775.890142172575</ele><time>2022-08-26T03:15:53Z</time></trkpt><trkpt lat="43.51773997686729" lon="142.84908371726289"><ele>1771.9746966036037</ele><time>2022-08-26T03:16:20Z</time></trkpt><trkpt lat="43.51757125316812" lon="142.84917367582517"><ele>1763.3466178402305</ele><time>2022-08-26T03:16:55Z</time></trkpt><trkpt lat="43.51741230798593" lon="142.84903719552372"><ele>1758.3529286254197</ele><time>2022-08-26T03:17:15Z</time></trkpt><trkpt lat="43.51722158400171" lon="142.84903317871826"><ele>1758.3130150521174</ele><time>2022-08-26T03:17:31Z</time></trkpt><trkpt lat="43.51710802904292" lon="142.84922683487085"><ele>1757.8359499154612</ele><time>2022-08-26T03:17:46Z</time></trkpt><trkpt lat="43.51699398170388" lon="142.84943045340265"><ele>1756.7416931344196</ele><time>2022-08-26T03:18:00Z</time></trkpt><trkpt lat="43.51702840973517" lon="142.8496757330228"><ele>1757.3116458747536</ele><time>2022-08-26T03:18:13Z</time></trkpt><trkpt lat="43.517062819845584" lon="142.84992601998943"><ele>1754.8267012732103</ele><time>2022-08-26T03:18:33Z</time></trkpt><trkpt lat="43.51701304007931" lon="142.85018203176625"><ele>1752.4806212633848</ele><time>2022-08-26T03:18:53Z</time></trkpt><trkpt lat="43.51690496399521" lon="142.8503908073963"><ele>1753.427280087024</ele><time>2022-08-26T03:19:10Z</time></trkpt><trkpt lat="43.5168172938073" lon="142.85062288272732"><ele>1759.096292217262</ele><time>2022-08-26T03:19:35Z</time></trkpt><trkpt lat="43.516767008235036" lon="142.85086874091064"><ele>1761.3476763758808</ele><time>2022-08-26T03:20:04Z</time></trkpt><trkpt lat="43.51662251866133" lon="142.85102405810824"><ele>1766.9279884835705</ele><time>2022-08-26T03:20:42Z</time></trkpt><trkpt lat="43.51648611128415" lon="142.8511874375005"><ele>1771.5522728785872</ele><time>2022-08-26T03:22:01Z</time></trkpt><trkpt lat="43.51638180444237" lon="142.85140469881117"><ele>1776.7829975197092</ele><time>2022-08-26T03:22:25Z</time></trkpt><trkpt lat="43.51627248634256" lon="142.85120508692293"><ele>1783.9216552553698</ele><time>2022-08-26T03:23:07Z</time></trkpt><trkpt lat="43.51613279616818" lon="142.85104255807005"><ele>1789.156386579387</ele><time>2022-08-26T03:23:52Z</time></trkpt><trkpt lat="43.51605914325757" lon="142.85081681809424"><ele>1790.7117658834904</ele><time>2022-08-26T03:24:18Z</time></trkpt><trkpt lat="43.51598437818557" lon="142.8505867259248"><ele>1790.7858916101977</ele><time>2022-08-26T03:25:08Z</time></trkpt><trkpt lat="43.51582543646132" lon="142.850443902994"><ele>1799.3169180573896</ele><time>2022-08-26T03:25:49Z</time></trkpt><trkpt lat="43.51564638937085" lon="142.8504006758133"><ele>1805.4794603092596</ele><time>2022-08-26T03:26:39Z</time></trkpt><trkpt lat="43.51551010941611" lon="142.85023456124344"><ele>1810.330294046551</ele><time>2022-08-26T03:27:40Z</time></trkpt><trkpt lat="43.515328984511285" lon="142.85019903372358"><ele>1810.0098041780293</ele><time>2022-08-26T03:27:58Z</time></trkpt><trkpt lat="43.51515113756577" lon="142.85014313098375"><ele>1807.4394024433568</ele><time>2022-08-26T03:28:13Z</time></trkpt><trkpt lat="43.51496534602049" lon="142.8500788558031"><ele>1801.1815837668255</ele><time>2022-08-26T03:34:34Z</time></trkpt><trkpt lat="43.514920756493694" lon="142.84983791332064"><ele>1798.598540795967</ele><time>2022-08-26T03:34:48Z</time></trkpt><trkpt lat="43.51483144904556" lon="142.8496107575654"><ele>1794.1659326404333</ele><time>2022-08-26T03:35:04Z</time></trkpt><trkpt lat="43.514714613951966" lon="142.84940596410675"><ele>1788.0497774584219</ele><time>2022-08-26T03:35:40Z</time></trkpt><trkpt lat="43.514534428259964" lon="142.8493851302241"><ele>1784.7292624050751</ele><time>2022-08-26T03:36:22Z</time></trkpt><trkpt lat="43.514431283091" lon="142.8495918807712"><ele>1785.8052444504574</ele><time>2022-08-26T03:36:43Z</time></trkpt><trkpt lat="43.51435129669234" lon="142.8498294525667"><ele>1787.0689835175872</ele><time>2022-08-26T03:37:03Z</time></trkpt><trkpt lat="43.5142875803718" lon="142.8500608898882"><ele>1785.9524377370253</ele><time>2022-08-26T03:37:21Z</time></trkpt><trkpt lat="43.51417868295592" lon="142.85027567836784"><ele>1786.5343288881704</ele><time>2022-08-26T03:37:35Z</time></trkpt><trkpt lat="43.51400693351167" lon="142.85035667143444"><ele>1785.964336895384</ele><time>2022-08-26T03:37:58Z</time></trkpt><trkpt lat="43.513824074124116" lon="142.8503266773337"><ele>1780.5078224185854</ele><time>2022-08-26T03:38:37Z</time></trkpt><trkpt lat="43.513640429917125" lon="142.85030683725822"><ele>1774.326459877193</ele><time>2022-08-26T03:38:57Z</time></trkpt><trkpt lat="43.5134727600296" lon="142.85040876427914"><ele>1766.2703145528212</ele><time>2022-08-26T03:40:24Z</time></trkpt><trkpt lat="43.51335379110585" lon="142.8506013043693"><ele>1759.4535306720063</ele><time>2022-08-26T03:40:43Z</time></trkpt><trkpt lat="43.513170621207415" lon="142.85066020603094"><ele>1754.5974211450666</ele><time>2022-08-26T03:41:00Z</time></trkpt><trkpt lat="43.51307204393814" lon="142.85089158073788"><ele>1748.9409799482673</ele><time>2022-08-26T03:41:17Z</time></trkpt><trkpt lat="43.5129338619508" lon="142.8510607564197"><ele>1743.3127774018794</ele><time>2022-08-26T03:41:34Z</time></trkpt><trkpt lat="43.51278071238766" lon="142.85120206078065"><ele>1740.5627741953358</ele><time>2022-08-26T03:41:53Z</time></trkpt><trkpt lat="43.51260512407664" lon="142.8512964235943"><ele>1736.277798240073</ele><time>2022-08-26T03:42:09Z</time></trkpt><trkpt lat="43.51242822875409" lon="142.8512183642386"><ele>1735.3165807258338</ele><time>2022-08-26T03:42:23Z</time></trkpt><trkpt lat="43.51225334526217" lon="142.85128159440606"><ele>1732.9608745239675</ele><time>2022-08-26T03:42:39Z</time></trkpt><trkpt lat="43.51207288618173" lon="142.85121616184935"><ele>1730.8953983308747</ele><time>2022-08-26T03:42:55Z</time></trkpt><trkpt lat="43.51189368067099" lon="142.85112472294585"><ele>1725.5105788363144</ele><time>2022-08-26T03:43:21Z</time></trkpt><trkpt lat="43.511748357027" lon="142.85096917865604"><ele>1719.0008228234947</ele><time>2022-08-26T03:43:45Z</time></trkpt><trkpt lat="43.511586810539946" lon="142.85084574347508"><ele>1709.063618671149</ele><time>2022-08-26T03:44:13Z</time></trkpt><trkpt lat="43.51142723375427" lon="142.85073089074447"><ele>1701.3740670690313</ele><time>2022-08-26T03:45:03Z</time></trkpt><trkpt lat="43.51126545208063" lon="142.8506216108263"><ele>1693.2715253941715</ele><time>2022-08-26T03:45:31Z</time></trkpt><trkpt lat="43.511147266811726" lon="142.8504318260719"><ele>1682.7162804510444</ele><time>2022-08-26T03:46:06Z</time></trkpt><trkpt lat="43.511129567078235" lon="142.85017882420723"><ele>1674.356331275776</ele><time>2022-08-26T03:46:40Z</time></trkpt><trkpt lat="43.51109649970114" lon="142.849932378182"><ele>1664.750872446224</ele><time>2022-08-26T03:47:10Z</time></trkpt><trkpt lat="43.511016069892" lon="142.84970893876758"><ele>1656.3767057964578</ele><time>2022-08-26T03:47:46Z</time></trkpt><trkpt lat="43.51084465147715" lon="142.8496120676129"><ele>1648.692477332428</ele><time>2022-08-26T03:48:21Z</time></trkpt><trkpt lat="43.51076746482988" lon="142.84938739136746"><ele>1636.5519575159997</ele><time>2022-08-26T03:49:00Z</time></trkpt><trkpt lat="43.51061422152421" lon="142.84925254736478"><ele>1628.1356477681547</ele><time>2022-08-26T03:49:41Z</time></trkpt><trkpt lat="43.51045575997168" lon="142.84913431829443"><ele>1618.5848401756957</ele><time>2022-08-26T03:50:16Z</time></trkpt><trkpt lat="43.51041603997443" lon="142.84888069526065"><ele>1609.8825925830752</ele><time>2022-08-26T03:51:06Z</time></trkpt><trkpt lat="43.51046124370748" lon="142.8486405748181"><ele>1605.4176880111918</ele><time>2022-08-26T03:51:37Z</time></trkpt><trkpt lat="43.51051711552796" lon="142.84839148231234"><ele>1602.4717331621796</ele><time>2022-08-26T03:52:20Z</time></trkpt><trkpt lat="43.510566739338486" lon="142.8481483308226"><ele>1601.047443584539</ele><time>2022-08-26T03:52:55Z</time></trkpt><trkpt lat="43.510495008305966" lon="142.84791340101754"><ele>1595.6540068006143</ele><time>2022-08-26T03:56:01Z</time></trkpt><trkpt lat="43.510310648169025" lon="142.8478767089216"><ele>1589.5910092061386</ele><time>2022-08-26T03:56:33Z</time></trkpt><trkpt lat="43.51013644712897" lon="142.8478005910074"><ele>1580.8589508878067</ele><time>2022-08-26T03:57:12Z</time></trkpt><trkpt lat="43.50996888670203" lon="142.84767227019827"><ele>1569.6147226653993</ele><time>2022-08-26T03:58:01Z</time></trkpt><trkpt lat="43.50978960211989" lon="142.84763401787959"><ele>1561.321098478511</ele><time>2022-08-26T03:58:28Z</time></trkpt><trkpt lat="43.509607415739666" lon="142.84765905859075"><ele>1554.5002176007256</ele><time>2022-08-26T03:58:52Z</time></trkpt><trkpt lat="43.50942268576489" lon="142.84764085055446"><ele>1546.625775180757</ele><time>2022-08-26T04:01:00Z</time></trkpt><trkpt lat="43.50924122586505" lon="142.8476623769522"><ele>1537.3378636399284</ele><time>2022-08-26T04:01:28Z</time></trkpt><trkpt lat="43.509059934797904" lon="142.84763560370476"><ele>1532.704947839491</ele><time>2022-08-26T04:01:52Z</time></trkpt><trkpt lat="43.508889736985736" lon="142.8475416561965"><ele>1527.5028867684305</ele><time>2022-08-26T04:02:19Z</time></trkpt><trkpt lat="43.508708830651344" lon="142.84748575971804"><ele>1520.9487882545218</ele><time>2022-08-26T04:02:44Z</time></trkpt><trkpt lat="43.50852892658125" lon="142.84739416544264"><ele>1510.7634668461978</ele><time>2022-08-26T04:03:20Z</time></trkpt><trkpt lat="43.50835111484301" lon="142.847323300085"><ele>1501.5936487140134</ele><time>2022-08-26T04:03:41Z</time></trkpt><trkpt lat="43.508162486249404" lon="142.84729767330563"><ele>1496.3513305410743</ele><time>2022-08-26T04:03:59Z</time></trkpt><trkpt lat="43.50798943828786" lon="142.847219333514"><ele>1490.8045527292415</ele><time>2022-08-26T04:04:14Z</time></trkpt><trkpt lat="43.50780747825947" lon="142.84718418402647"><ele>1485.900629106909</ele><time>2022-08-26T04:04:31Z</time></trkpt><trkpt lat="43.507619595360424" lon="142.84718074681356"><ele>1477.2697489224374</ele><time>2022-08-26T04:04:55Z</time></trkpt><trkpt lat="43.507433677538785" lon="142.8472071008305"><ele>1471.8208498293534</ele><time>2022-08-26T04:05:15Z</time></trkpt><trkpt lat="43.50725245678872" lon="142.84715734452112"><ele>1470.6856847330928</ele><time>2022-08-26T04:05:34Z</time></trkpt><trkpt lat="43.507079212850236" lon="142.8472297212606"><ele>1461.9287174418569</ele><time>2022-08-26T04:05:58Z</time></trkpt><trkpt lat="43.506907416845884" lon="142.84732019557904"><ele>1456.5680143320933</ele><time>2022-08-26T04:06:21Z</time></trkpt><trkpt lat="43.50672659951826" lon="142.84736814350327"><ele>1449.9228785652667</ele><time>2022-08-26T04:06:45Z</time></trkpt><trkpt lat="43.50658563197384" lon="142.84752993450402"><ele>1444.259882889688</ele><time>2022-08-26T04:07:15Z</time></trkpt><trkpt lat="43.50644433464095" lon="142.84770009665405"><ele>1437.8701550839469</ele><time>2022-08-26T04:07:40Z</time></trkpt><trkpt lat="43.50626740607867" lon="142.84775261537527"><ele>1432.6891901446506</ele><time>2022-08-26T04:08:12Z</time></trkpt><trkpt lat="43.50618980425326" lon="142.84797829073153"><ele>1433.87809046451</ele><time>2022-08-26T04:10:53Z</time></trkpt><trkpt lat="43.50614123106107" lon="142.84822594550877"><ele>1430.4872023276985</ele><time>2022-08-26T04:11:13Z</time></trkpt><trkpt lat="43.506061973085316" lon="142.8484623006845"><ele>1427.3168715275824</ele><time>2022-08-26T04:11:33Z</time></trkpt><trkpt lat="43.50599513583399" lon="142.84869855167955"><ele>1424.1629867590964</ele><time>2022-08-26T04:11:51Z</time></trkpt><trkpt lat="43.5059079040429" lon="142.84892182856606"><ele>1422.862874227576</ele><time>2022-08-26T04:12:15Z</time></trkpt><trkpt lat="43.50584807900597" lon="142.84915553757904"><ele>1413.959594000131</ele><time>2022-08-26T04:12:44Z</time></trkpt><trkpt lat="43.50570874393679" lon="142.84931572617978"><ele>1414.5411153119057</ele><time>2022-08-26T04:13:17Z</time></trkpt><trkpt lat="43.505617604232654" lon="142.8495343616455"><ele>1409.1770047387108</ele><time>2022-08-26T04:14:35Z</time></trkpt><trkpt lat="43.50553757863926" lon="142.8497688505777"><ele>1403.380816099234</ele><time>2022-08-26T04:15:06Z</time></trkpt><trkpt lat="43.505459610203" lon="142.85000144686197"><ele>1399.4384831245989</ele><time>2022-08-26T04:15:33Z</time></trkpt><trkpt lat="43.5053623302209" lon="142.85021473016778"><ele>1397.3530628830194</ele><time>2022-08-26T04:16:01Z</time></trkpt><trkpt lat="43.505241999343745" lon="142.85042235967674"><ele>1392.374316032976</ele><time>2022-08-26T04:16:29Z</time></trkpt><trkpt lat="43.505150321942295" lon="142.8506356313079"><ele>1390.8233770485967</ele><time>2022-08-26T04:16:54Z</time></trkpt><trkpt lat="43.5050402406353" lon="142.85084659799406"><ele>1386.6713627735153</ele><time>2022-08-26T04:17:21Z</time></trkpt><trkpt lat="43.50490080069658" lon="142.85100388052078"><ele>1383.9027355322614</ele><time>2022-08-26T04:17:49Z</time></trkpt><trkpt lat="43.504799887969384" lon="142.85079483266043"><ele>1389.6865987582132</ele><time>2022-08-26T04:18:53Z</time></trkpt><trkpt lat="43.50468927143949" lon="142.85059889390374"><ele>1399.8547675255686</ele><time>2022-08-26T04:20:01Z</time></trkpt><trkpt lat="43.50450762599678" lon="142.850608793429"><ele>1403.5735677713528</ele><time>2022-08-26T04:20:51Z</time></trkpt><trkpt lat="43.50439456394303" lon="142.85041461956465"><ele>1411.9490499608219</ele><time>2022-08-26T04:21:55Z</time></trkpt><trkpt lat="43.50437404399004" lon="142.85016890939616"><ele>1421.304403164424</ele><time>2022-08-26T04:22:43Z</time></trkpt><trkpt lat="43.50420174634346" lon="142.85025034372086"><ele>1427.6872543096542</ele><time>2022-08-26T04:23:27Z</time></trkpt><trkpt lat="43.504188505251705" lon="142.85000186428292"><ele>1433.252780586481</ele><time>2022-08-26T04:24:21Z</time></trkpt><trkpt lat="43.504004025914526" lon="142.85000763491996"><ele>1436.1718537928537</ele><time>2022-08-26T04:24:52Z</time></trkpt><trkpt lat="43.50403178871958" lon="142.84976116261396"><ele>1442.2482548179105</ele><time>2022-08-26T04:26:10Z</time></trkpt><trkpt lat="43.50384923463902" lon="142.84977363263545"><ele>1446.7181282676756</ele><time>2022-08-26T04:26:39Z</time></trkpt><trkpt lat="43.50383658194185" lon="142.8495194403308"><ele>1454.6049847919494</ele><time>2022-08-26T04:27:44Z</time></trkpt><trkpt lat="43.50372622502474" lon="142.849323560706"><ele>1460.5440872181207</ele><time>2022-08-26T04:28:36Z</time></trkpt><trkpt lat="43.503547147382974" lon="142.84934927919474"><ele>1465.8294815514237</ele><time>2022-08-26T04:29:08Z</time></trkpt><trkpt lat="43.50355408032518" lon="142.84909915717768"><ele>1471.2039125831798</ele><time>2022-08-26T04:30:08Z</time></trkpt><trkpt lat="43.503595373957644" lon="142.84885045119475"><ele>1478.0072046481073</ele><time>2022-08-26T04:30:39Z</time></trkpt><trkpt lat="43.50364666465714" lon="142.8486049919154"><ele>1484.103466480039</ele><time>2022-08-26T04:31:18Z</time></trkpt><trkpt lat="43.50346866400724" lon="142.8486680035273"><ele>1486.2934382837266</ele><time>2022-08-26T04:32:11Z</time></trkpt><trkpt lat="43.50333130157243" lon="142.84882965286315"><ele>1482.8636964904144</ele><time>2022-08-26T04:32:50Z</time></trkpt><trkpt lat="43.503182756297036" lon="142.84898080542064"><ele>1478.6679163118824</ele><time>2022-08-26T04:33:25Z</time></trkpt><trkpt lat="43.503014366954815" lon="142.84908669988755"><ele>1476.0599495423958</ele><time>2022-08-26T04:33:47Z</time></trkpt><trkpt lat="43.50283931146782" lon="142.8491474968366"><ele>1472.1926431301981</ele><time>2022-08-26T04:34:13Z</time></trkpt><trkpt lat="43.50268500810416" lon="142.84927609133265"><ele>1475.0770623870194</ele><time>2022-08-26T04:35:51Z</time></trkpt><trkpt lat="43.50252030594866" lon="142.84940229626145"><ele>1475.0086899818853</ele><time>2022-08-26T04:36:19Z</time></trkpt><trkpt lat="43.50238594188661" lon="142.84958148532093"><ele>1474.6185452742502</ele><time>2022-08-26T04:36:42Z</time></trkpt><trkpt lat="43.502219091052055" lon="142.84969743300567"><ele>1474.9046670328826</ele><time>2022-08-26T04:37:06Z</time></trkpt><trkpt lat="43.502046762586964" lon="142.84977866713828"><ele>1475.6761070266366</ele><time>2022-08-26T04:37:34Z</time></trkpt><trkpt lat="43.50188319503124" lon="142.8498893800218"><ele>1474.7411951515824</ele><time>2022-08-26T04:37:54Z</time></trkpt><trkpt lat="43.501731506313355" lon="142.85002642090137"><ele>1473.8942405097187</ele><time>2022-08-26T04:38:14Z</time></trkpt><trkpt lat="43.501563823908384" lon="142.8501348407634"><ele>1474.8902167379856</ele><time>2022-08-26T04:38:37Z</time></trkpt><trkpt lat="43.501395642603676" lon="142.85023638780933"><ele>1474.311569834128</ele><time>2022-08-26T04:38:59Z</time></trkpt><trkpt lat="43.50122598197242" lon="142.85033247192888"><ele>1473.104067089036</ele><time>2022-08-26T04:39:19Z</time></trkpt><trkpt lat="43.5010512793233" lon="142.8504140424049"><ele>1471.897479308769</ele><time>2022-08-26T04:39:42Z</time></trkpt><trkpt lat="43.500875178489714" lon="142.85047447664428"><ele>1471.1726125227287</ele><time>2022-08-26T04:40:03Z</time></trkpt><trkpt lat="43.50069746171503" lon="142.85058039261492"><ele>1470.5388893038034</ele><time>2022-08-26T04:40:27Z</time></trkpt><trkpt lat="43.50054308079082" lon="142.8507153577216"><ele>1470.893177217804</ele><time>2022-08-26T04:40:44Z</time></trkpt><trkpt lat="43.50044787020731" lon="142.85093155893162"><ele>1468.341197767295</ele><time>2022-08-26T04:41:08Z</time></trkpt><trkpt lat="43.50030208661944" lon="142.85107939276125"><ele>1465.015313195996</ele><time>2022-08-26T04:41:33Z</time></trkpt><trkpt lat="43.50013244048978" lon="142.85118710535383"><ele>1461.5075401905924</ele><time>2022-08-26T04:41:52Z</time></trkpt><trkpt lat="43.499949506577906" lon="142.8512465832731"><ele>1461.3826929898933</ele><time>2022-08-26T04:42:13Z</time></trkpt><trkpt lat="43.49981775955387" lon="142.8514156927419"><ele>1459.5434135803953</ele><time>2022-08-26T04:42:36Z</time></trkpt><trkpt lat="43.49967333780381" lon="142.8515737620533"><ele>1454.9848723048344</ele><time>2022-08-26T04:42:58Z</time></trkpt><trkpt lat="43.49960328626767" lon="142.85180963886373"><ele>1451.481893794611</ele><time>2022-08-26T04:43:20Z</time></trkpt><trkpt lat="43.49948568819076" lon="142.85200751588266"><ele>1447.8161091925576</ele><time>2022-08-26T04:43:43Z</time></trkpt><trkpt lat="43.499352625562985" lon="142.85217494226475"><ele>1445.2882511038333</ele><time>2022-08-26T04:44:07Z</time></trkpt><trkpt lat="43.49922682960566" lon="142.8523640967791"><ele>1440.217050788924</ele><time>2022-08-26T04:44:36Z</time></trkpt><trkpt lat="43.49909828043565" lon="142.8525443775317"><ele>1437.6956711476669</ele><time>2022-08-26T04:44:55Z</time></trkpt><trkpt lat="43.49893265633567" lon="142.85266538563283"><ele>1435.1026788102463</ele><time>2022-08-26T04:45:26Z</time></trkpt><trkpt lat="43.49883856325823" lon="142.8528765784659"><ele>1431.534797319211</ele><time>2022-08-26T04:45:50Z</time></trkpt><trkpt lat="43.49876620098639" lon="142.85310749182108"><ele>1427.0839215004817</ele><time>2022-08-26T04:46:12Z</time></trkpt><trkpt lat="43.49873892818963" lon="142.8533524389749"><ele>1426.0561656849459</ele><time>2022-08-26T04:46:32Z</time></trkpt><trkpt lat="43.498675041722144" lon="142.85359508834566"><ele>1422.930325157009</ele><time>2022-08-26T04:46:53Z</time></trkpt><trkpt lat="43.498596877743985" lon="142.853825184942"><ele>1421.6461779447272</ele><time>2022-08-26T04:47:12Z</time></trkpt><trkpt lat="43.498467248029975" lon="142.85399846886665"><ele>1418.4896943112835</ele><time>2022-08-26T04:47:41Z</time></trkpt><trkpt lat="43.49835286745207" lon="142.85419885426197"><ele>1414.1108606047928</ele><time>2022-08-26T04:48:08Z</time></trkpt><trkpt lat="43.498261033787415" lon="142.8544267871436"><ele>1411.8902910910547</ele><time>2022-08-26T04:48:30Z</time></trkpt><trkpt lat="43.49830978631683" lon="142.85467082828237"><ele>1409.4493738841265</ele><time>2022-08-26T04:48:52Z</time></trkpt><trkpt lat="43.498310648010744" lon="142.85491816314595"><ele>1409.7540595456958</ele><time>2022-08-26T04:49:12Z</time></trkpt><trkpt lat="43.49834875530877" lon="142.85516636208985"><ele>1406.1370476614684</ele><time>2022-08-26T04:49:38Z</time></trkpt><trkpt lat="43.49832321134272" lon="142.85541141462184"><ele>1405.133389876224</ele><time>2022-08-26T04:50:00Z</time></trkpt><trkpt lat="43.49820489139841" lon="142.85560698378043"><ele>1404.135732261464</ele><time>2022-08-26T04:50:23Z</time></trkpt><trkpt lat="43.49810055281042" lon="142.85581231484835"><ele>1405.1988490074873</ele><time>2022-08-26T04:50:42Z</time></trkpt><trkpt lat="43.49802044270868" lon="142.85604161606497"><ele>1401.4888942008838</ele><time>2022-08-26T04:51:01Z</time></trkpt><trkpt lat="43.497940678347206" lon="142.85627320981578"><ele>1398.0216789525002</ele><time>2022-08-26T04:51:21Z</time></trkpt><trkpt lat="43.49779324874278" lon="142.85642412900364"><ele>1397.3445831304416</ele><time>2022-08-26T04:51:42Z</time></trkpt><trkpt lat="43.49771712937314" lon="142.8566546506891"><ele>1395.2538177408278</ele><time>2022-08-26T04:51:59Z</time></trkpt><trkpt lat="43.49760463344936" lon="142.85684769029496"><ele>1393.831102354452</ele><time>2022-08-26T04:52:20Z</time></trkpt><trkpt lat="43.49749014085726" lon="142.85705561402528"><ele>1391.9314291039482</ele><time>2022-08-26T04:52:36Z</time></trkpt><trkpt lat="43.49734825273936" lon="142.8572152928204"><ele>1395.6206893976778</ele><time>2022-08-26T04:53:00Z</time></trkpt><trkpt lat="43.49729998361062" lon="142.85745388722108"><ele>1394.520082312636</ele><time>2022-08-26T04:53:25Z</time></trkpt><trkpt lat="43.49724915734401" lon="142.8577074473576"><ele>1393.481613070704</ele><time>2022-08-26T04:53:48Z</time></trkpt><trkpt lat="43.4971129324256" lon="142.85787325784082"><ele>1393.6370175145566</ele><time>2022-08-26T04:54:12Z</time></trkpt><trkpt lat="43.49694542252269" lon="142.85798064554493"><ele>1394.0735723283142</ele><time>2022-08-26T04:54:36Z</time></trkpt><trkpt lat="43.49676768880673" lon="142.85804676902126"><ele>1395.0912240734324</ele><time>2022-08-26T04:54:55Z</time></trkpt><trkpt lat="43.49660893968345" lon="142.85818208118403"><ele>1393.175179578364</ele><time>2022-08-26T04:55:12Z</time></trkpt><trkpt lat="43.49644559524753" lon="142.85830901994487"><ele>1391.6106533091515</ele><time>2022-08-26T04:55:29Z</time></trkpt><trkpt lat="43.49630173041748" lon="142.85847741135674"><ele>1390.2003722954541</ele><time>2022-08-26T04:55:50Z</time></trkpt><trkpt lat="43.496177439060915" lon="142.85866272158248"><ele>1389.1501292316243</ele><time>2022-08-26T04:56:06Z</time></trkpt><trkpt lat="43.49600616488959" lon="142.8587708778852"><ele>1389.6795020764694</ele><time>2022-08-26T04:56:23Z</time></trkpt><trkpt lat="43.49588633857275" lon="142.85896574518793"><ele>1389.3186224550009</ele><time>2022-08-26T04:56:40Z</time></trkpt><trkpt lat="43.495717342728675" lon="142.85908357723704"><ele>1384.7865883288905</ele><time>2022-08-26T04:56:56Z</time></trkpt><trkpt lat="43.49554033366922" lon="142.85914053897073"><ele>1383.829711236991</ele><time>2022-08-26T04:57:13Z</time></trkpt><trkpt lat="43.49538773355256" lon="142.8592821700048"><ele>1382.5078739346936</ele><time>2022-08-26T04:57:30Z</time></trkpt><trkpt lat="43.495214589070315" lon="142.85935837470288"><ele>1379.315216419287</ele><time>2022-08-26T04:57:47Z</time></trkpt><trkpt lat="43.49505561204669" lon="142.85948210423763"><ele>1376.4708265978843</ele><time>2022-08-26T04:58:04Z</time></trkpt><trkpt lat="43.494880600822036" lon="142.85955747831454"><ele>1371.7321747476235</ele><time>2022-08-26T04:58:26Z</time></trkpt><trkpt lat="43.49469410258469" lon="142.8595910283829"><ele>1368.952237892896</ele><time>2022-08-26T04:58:45Z</time></trkpt><trkpt lat="43.4945097100801" lon="142.85960006241928"><ele>1363.5425460105762</ele><time>2022-08-26T04:59:06Z</time></trkpt><trkpt lat="43.494499250492005" lon="142.85985401409272"><ele>1357.2514669243246</ele><time>2022-08-26T04:59:33Z</time></trkpt><trkpt lat="43.49453242140349" lon="142.86010687728532"><ele>1354.7660288047045</ele><time>2022-08-26T04:59:53Z</time></trkpt><trkpt lat="43.49458153812736" lon="142.86035073204485"><ele>1353.4297979641706</ele><time>2022-08-26T05:00:11Z</time></trkpt><trkpt lat="43.49457581601542" lon="142.86060058928808"><ele>1351.4941152511165</ele><time>2022-08-26T05:00:33Z</time></trkpt><trkpt lat="43.494541815129786" lon="142.8608481937673"><ele>1349.6348636774346</ele><time>2022-08-26T05:00:57Z</time></trkpt><trkpt lat="43.49461474948403" lon="142.86107423350535"><ele>1351.982849162072</ele><time>2022-08-26T05:01:18Z</time></trkpt><trkpt lat="43.494710943088634" lon="142.861291469415"><ele>1356.3268307130784</ele><time>2022-08-26T05:01:46Z</time></trkpt><trkpt lat="43.49471097644864" lon="142.8615444139095"><ele>1352.6924791410565</ele><time>2022-08-26T05:02:05Z</time></trkpt><trkpt lat="43.494739374486436" lon="142.86179138708866"><ele>1353.4820972308517</ele><time>2022-08-26T05:02:23Z</time></trkpt><trkpt lat="43.4946789201617" lon="142.8620382851816"><ele>1350.4048503357917</ele><time>2022-08-26T05:02:41Z</time></trkpt><trkpt lat="43.49467539771826" lon="142.86228735292704"><ele>1348.1581420954317</ele><time>2022-08-26T05:02:59Z</time></trkpt><trkpt lat="43.49472428272823" lon="142.8625365285592"><ele>1349.6883174898103</ele><time>2022-08-26T05:03:21Z</time></trkpt><trkpt lat="43.494763562278166" lon="142.8627860262508"><ele>1349.593504528515</ele><time>2022-08-26T05:03:39Z</time></trkpt><trkpt lat="43.49474424748399" lon="142.86303893062774"><ele>1348.1318795122206</ele><time>2022-08-26T05:03:58Z</time></trkpt><trkpt lat="43.4947453815287" lon="142.86328992187111"><ele>1347.5636961888522</ele><time>2022-08-26T05:04:22Z</time></trkpt><trkpt lat="43.49471902803878" lon="142.86354584388408"><ele>1344.0259802835062</ele><time>2022-08-26T05:04:51Z</time></trkpt><trkpt lat="43.494768385093515" lon="142.8637919172443"><ele>1345.0456075398251</ele><time>2022-08-26T05:05:10Z</time></trkpt><trkpt lat="43.49483752192131" lon="142.86402542592072"><ele>1345.9247044287622</ele><time>2022-08-26T05:05:30Z</time></trkpt><trkpt lat="43.49482684972816" lon="142.86428218331847"><ele>1343.6606239033863</ele><time>2022-08-26T05:05:58Z</time></trkpt><trkpt lat="43.494794593184636" lon="142.86453173672075"><ele>1340.2091042855754</ele><time>2022-08-26T05:06:14Z</time></trkpt><trkpt lat="43.49475685197915" lon="142.8647880156193"><ele>1335.9795377822593</ele><time>2022-08-26T05:06:32Z</time></trkpt><trkpt lat="43.49474675869528" lon="142.86503597945006"><ele>1335.2701298864558</ele><time>2022-08-26T05:06:49Z</time></trkpt><trkpt lat="43.49459867199102" lon="142.86518542052073"><ele>1331.3128592334688</ele><time>2022-08-26T05:07:14Z</time></trkpt><trkpt lat="43.49458402083855" lon="142.8654354488903"><ele>1330.4523386014625</ele><time>2022-08-26T05:07:31Z</time></trkpt><trkpt lat="43.49462471019834" lon="142.86568401270395"><ele>1327.8263485766947</ele><time>2022-08-26T05:07:56Z</time></trkpt><trkpt lat="43.494605692560334" lon="142.8659425810695"><ele>1323.8558930382133</ele><time>2022-08-26T05:08:15Z</time></trkpt><trkpt lat="43.494667409518726" lon="142.86618514412982"><ele>1320.5453072907403</ele><time>2022-08-26T05:08:34Z</time></trkpt><trkpt lat="43.49477179864586" lon="142.86639099894373"><ele>1316.3384499410167</ele><time>2022-08-26T05:08:53Z</time></trkpt><trkpt lat="43.49479383186363" lon="142.86664433659283"><ele>1310.3104324508458</ele><time>2022-08-26T05:09:21Z</time></trkpt><trkpt lat="43.4949178321424" lon="142.86682465094145"><ele>1308.381638112478</ele><time>2022-08-26T05:09:39Z</time></trkpt><trkpt lat="43.49500504274388" lon="142.86704235333247"><ele>1306.2389503475279</ele><time>2022-08-26T05:09:57Z</time></trkpt><trkpt lat="43.495094185054064" lon="142.86725930268776"><ele>1303.3662783978507</ele><time>2022-08-26T05:10:14Z</time></trkpt><trkpt lat="43.495189101042904" lon="142.86749093206376"><ele>1299.4895246336237</ele><time>2022-08-26T05:10:40Z</time></trkpt><trkpt lat="43.49531827787785" lon="142.86767409060155"><ele>1296.395962717943</ele><time>2022-08-26T05:10:56Z</time></trkpt><trkpt lat="43.495442641213415" lon="142.86786075171386"><ele>1295.3674617549405</ele><time>2022-08-26T05:11:13Z</time></trkpt><trkpt lat="43.495522421086804" lon="142.86809169796845"><ele>1292.8348165955395</ele><time>2022-08-26T05:11:31Z</time></trkpt><trkpt lat="43.49569538151172" lon="142.86817702760624"><ele>1291.9970729202032</ele><time>2022-08-26T05:11:47Z</time></trkpt><trkpt lat="43.49585360820967" lon="142.8683256763283"><ele>1291.9839847041294</ele><time>2022-08-26T05:12:08Z</time></trkpt><trkpt lat="43.49590974818047" lon="142.86857276598653"><ele>1289.0055905859917</ele><time>2022-08-26T05:12:29Z</time></trkpt><trkpt lat="43.49590818261829" lon="142.86882785876617"><ele>1289.3624298330396</ele><time>2022-08-26T05:12:48Z</time></trkpt><trkpt lat="43.49594951345465" lon="142.8690722744792"><ele>1288.240139462985</ele><time>2022-08-26T05:13:07Z</time></trkpt><trkpt lat="43.49592735125057" lon="142.86932043097255"><ele>1288.4230765942484</ele><time>2022-08-26T05:17:55Z</time></trkpt><trkpt lat="43.4957933928214" lon="142.8694914838777"><ele>1285.4230212401599</ele><time>2022-08-26T05:20:36Z</time></trkpt><trkpt lat="43.495662113009054" lon="142.8696685833246"><ele>1285.2189949788153</ele><time>2022-08-26T05:20:56Z</time></trkpt><trkpt lat="43.49553238989912" lon="142.86985524396783"><ele>1280.3354956889525</ele><time>2022-08-26T05:21:15Z</time></trkpt><trkpt lat="43.49541078476736" lon="142.87004056690557"><ele>1277.2955111302435</ele><time>2022-08-26T05:21:40Z</time></trkpt><trkpt lat="43.495265059800644" lon="142.8701968621908"><ele>1271.9416527571157</ele><time>2022-08-26T05:22:03Z</time></trkpt><trkpt lat="43.495164724957576" lon="142.8704031447685"><ele>1264.7960662711412</ele><time>2022-08-26T05:22:34Z</time></trkpt><trkpt lat="43.49501079960221" lon="142.87053183410336"><ele>1263.9472443014383</ele><time>2022-08-26T05:22:55Z</time></trkpt><trkpt lat="43.49484192300607" lon="142.87062387624317"><ele>1260.6841486692429</ele><time>2022-08-26T05:23:24Z</time></trkpt><trkpt lat="43.494729372719455" lon="142.8708168410875"><ele>1254.8316091774032</ele><time>2022-08-26T05:24:06Z</time></trkpt><trkpt lat="43.494602895450384" lon="142.87100521568422"><ele>1245.6519565945491</ele><time>2022-08-26T05:24:52Z</time></trkpt><trkpt lat="43.494446378083566" lon="142.8711372982265"><ele>1245.2727396180853</ele><time>2022-08-26T05:25:19Z</time></trkpt><trkpt lat="43.49429355138292" lon="142.87127069261615"><ele>1240.9630973180756</ele><time>2022-08-26T05:25:40Z</time></trkpt><trkpt lat="43.49410578695957" lon="142.87132022731973"><ele>1237.5301492456347</ele><time>2022-08-26T05:26:08Z</time></trkpt><trkpt lat="43.4939291260134" lon="142.8713801305148"><ele>1234.5520869577304</ele><time>2022-08-26T05:26:46Z</time></trkpt><trkpt lat="43.49375453353191" lon="142.87144675327264"><ele>1229.0239201327786</ele><time>2022-08-26T05:27:21Z</time></trkpt><trkpt lat="43.49365878523199" lon="142.87166238851532"><ele>1222.9596754945815</ele><time>2022-08-26T05:28:01Z</time></trkpt><trkpt lat="43.49369688242097" lon="142.8719052818317"><ele>1219.7654546685517</ele><time>2022-08-26T05:28:44Z</time></trkpt><trkpt lat="43.49367422501753" lon="142.87215213015062"><ele>1212.5106083396822</ele><time>2022-08-26T05:29:46Z</time></trkpt><trkpt lat="43.493691822574824" lon="142.87239836576776"><ele>1209.7848233403638</ele><time>2022-08-26T05:31:02Z</time></trkpt><trkpt lat="43.49359904346688" lon="142.87262034011255"><ele>1203.376424882561</ele><time>2022-08-26T05:31:58Z</time></trkpt><trkpt lat="43.49345013104817" lon="142.87276705704923"><ele>1199.8197646895424</ele><time>2022-08-26T05:32:29Z</time></trkpt><trkpt lat="43.49339712083384" lon="142.87301438673498"><ele>1194.0926581863314</ele><time>2022-08-26T05:33:11Z</time></trkpt><trkpt lat="43.49331280060522" lon="142.87324845169925"><ele>1189.4439915018156</ele><time>2022-08-26T05:33:48Z</time></trkpt><trkpt lat="43.493155301878765" lon="142.87337769637838"><ele>1188.160359820351</ele><time>2022-08-26T05:34:09Z</time></trkpt><trkpt lat="43.49299026015756" lon="142.87349535852854"><ele>1187.3599533382803</ele><time>2022-08-26T05:34:33Z</time></trkpt><trkpt lat="43.49289916768781" lon="142.87371843447835"><ele>1182.918411728926</ele><time>2022-08-26T05:34:59Z</time></trkpt><trkpt lat="43.49280163012996" lon="142.87392637280757"><ele>1181.8081063516438</ele><time>2022-08-26T05:35:21Z</time></trkpt><trkpt lat="43.492788312751735" lon="142.87417511368994"><ele>1176.0805640919134</ele><time>2022-08-26T05:35:47Z</time></trkpt><trkpt lat="43.49269937504663" lon="142.8743958177285"><ele>1172.797363538295</ele><time>2022-08-26T05:36:13Z</time></trkpt><trkpt lat="43.49256731332877" lon="142.87458681615462"><ele>1169.1112257996574</ele><time>2022-08-26T05:36:38Z</time></trkpt><trkpt lat="43.492426310079644" lon="142.87475528968278"><ele>1163.944655911997</ele><time>2022-08-26T05:37:01Z</time></trkpt><trkpt lat="43.49232996899663" lon="142.87498408978186"><ele>1160.5387059878558</ele><time>2022-08-26T05:37:23Z</time></trkpt><trkpt lat="43.492265476967226" lon="142.87521822074666"><ele>1157.2543083420023</ele><time>2022-08-26T05:37:50Z</time></trkpt><trkpt lat="43.49216449812266" lon="142.875434916532"><ele>1154.5529221156612</ele><time>2022-08-26T05:38:16Z</time></trkpt><trkpt lat="43.49198631141486" lon="142.87549075408904"><ele>1153.7782928030938</ele><time>2022-08-26T05:38:41Z</time></trkpt><trkpt lat="43.491819843272395" lon="142.87536658100885"><ele>1152.5072467606515</ele><time>2022-08-26T05:39:04Z</time></trkpt><trkpt lat="43.4916342222416" lon="142.87537206106367"><ele>1148.4486258169636</ele><time>2022-08-26T05:39:30Z</time></trkpt><trkpt lat="43.49145820549301" lon="142.87543528309115"><ele>1147.7366601154208</ele><time>2022-08-26T05:39:53Z</time></trkpt><trkpt lat="43.491295047347265" lon="142.87556036164025"><ele>1143.3280476341024</ele><time>2022-08-26T05:40:14Z</time></trkpt><trkpt lat="43.49112677261146" lon="142.8756800761338"><ele>1143.0261642131954</ele><time>2022-08-26T05:40:35Z</time></trkpt><trkpt lat="43.491000484068564" lon="142.87587339466953"><ele>1141.840277112089</ele><time>2022-08-26T05:40:53Z</time></trkpt><trkpt lat="43.49083159111097" lon="142.87598801024242"><ele>1141.8420013645664</ele><time>2022-08-26T05:41:14Z</time></trkpt><trkpt lat="43.490661436680384" lon="142.8760967717591"><ele>1144.3912577377632</ele><time>2022-08-26T05:41:37Z</time></trkpt><trkpt lat="43.49050066079939" lon="142.87621363485644"><ele>1145.932662579231</ele><time>2022-08-26T05:41:59Z</time></trkpt><trkpt lat="43.490380127468974" lon="142.87641044556793"><ele>1145.4478667750955</ele><time>2022-08-26T05:42:20Z</time></trkpt><trkpt lat="43.49021228656503" lon="142.87650044716213"><ele>1137.587972492911</ele><time>2022-08-26T05:43:11Z</time></trkpt><trkpt lat="43.490036261809074" lon="142.87656741186794"><ele>1127.1111629083753</ele><time>2022-08-26T05:44:16Z</time></trkpt><trkpt lat="43.48985946100448" lon="142.87664579722804"><ele>1114.0204838728532</ele><time>2022-08-26T05:46:01Z</time></trkpt><trkpt lat="43.48967059267821" lon="142.87663404712953"><ele>1103.6684609940276</ele><time>2022-08-26T05:47:02Z</time></trkpt><trkpt lat="43.48950306857424" lon="142.87672710163918"><ele>1101.6903017535806</ele><time>2022-08-26T05:47:28Z</time></trkpt><trkpt lat="43.48938912925838" lon="142.87692638735794"><ele>1100.718744480051</ele><time>2022-08-26T05:47:52Z</time></trkpt><trkpt lat="43.4893071915941" lon="142.87715542063958"><ele>1096.402121750638</ele><time>2022-08-26T05:48:24Z</time></trkpt><trkpt lat="43.48917184513283" lon="142.8773241529788"><ele>1093.90016411338</ele><time>2022-08-26T05:49:03Z</time></trkpt><trkpt lat="43.48902311918784" lon="142.87746580373621"><ele>1092.695039355196</ele><time>2022-08-26T05:49:30Z</time></trkpt><trkpt lat="43.48891323205778" lon="142.87766264989864"><ele>1086.635407652706</ele><time>2022-08-26T05:50:05Z</time></trkpt><trkpt lat="43.4887406896625" lon="142.87774557419547"><ele>1084.6367035824805</ele><time>2022-08-26T05:50:53Z</time></trkpt><trkpt lat="43.488625290357184" lon="142.87795080594955"><ele>1082.5559530006722</ele><time>2022-08-26T05:51:16Z</time></trkpt><trkpt lat="43.48852506380417" lon="142.8781577613697"><ele>1075.9406160209328</ele><time>2022-08-26T05:54:36Z</time></trkpt><trkpt lat="43.488414619191175" lon="142.8783623081307"><ele>1071.8750814963132</ele><time>2022-08-26T05:54:56Z</time></trkpt><trkpt lat="43.48829719656558" lon="142.8785562459666"><ele>1069.5995650850236</ele><time>2022-08-26T05:55:16Z</time></trkpt><trkpt lat="43.48824703397732" lon="142.87879766208346"><ele>1066.7696211058646</ele><time>2022-08-26T05:55:32Z</time></trkpt><trkpt lat="43.48814772752927" lon="142.8790221474732"><ele>1064.4913392532617</ele><time>2022-08-26T05:55:50Z</time></trkpt><trkpt lat="43.48803395276419" lon="142.87922062400844"><ele>1061.696721428074</ele><time>2022-08-26T05:56:09Z</time></trkpt><trkpt lat="43.487984231583745" lon="142.87946221075168"><ele>1057.6317969504744</ele><time>2022-08-26T05:56:26Z</time></trkpt><trkpt lat="43.48793682300792" lon="142.87970452205514"><ele>1054.841474535875</ele><time>2022-08-26T05:56:43Z</time></trkpt><trkpt lat="43.48789144649743" lon="142.8799637341343"><ele>1050.4977987706661</ele><time>2022-08-26T05:57:05Z</time></trkpt><trkpt lat="43.48771976276013" lon="142.88004075406388"><ele>1047.6347480202094</ele><time>2022-08-26T05:57:23Z</time></trkpt><trkpt lat="43.48755896511493" lon="142.8801535093932"><ele>1044.832439435646</ele><time>2022-08-26T05:57:42Z</time></trkpt><trkpt lat="43.487373830974086" lon="142.8802312656936"><ele>1041.298120654188</ele><time>2022-08-26T05:57:57Z</time></trkpt><trkpt lat="43.48718731805597" lon="142.8802273905517"><ele>1041.284859739244</ele><time>2022-08-26T05:58:12Z</time></trkpt><trkpt lat="43.4870083691292" lon="142.8802868944167"><ele>1038.183084513992</ele><time>2022-08-26T05:58:27Z</time></trkpt><trkpt lat="43.486822986192564" lon="142.8802166267183"><ele>1035.089270672761</ele><time>2022-08-26T05:58:44Z</time></trkpt><trkpt lat="43.486627174282454" lon="142.88018879544435"><ele>1033.7287527220324</ele><time>2022-08-26T05:59:00Z</time></trkpt><trkpt lat="43.48646095263311" lon="142.88006726398672"><ele>1033.607846786268</ele><time>2022-08-26T05:59:18Z</time></trkpt><trkpt lat="43.48630651796188" lon="142.879925092539"><ele>1032.1655714781955</ele><time>2022-08-26T05:59:32Z</time></trkpt><trkpt lat="43.486141633263166" lon="142.87978040485942"><ele>1031.1629841374233</ele><time>2022-08-26T05:59:51Z</time></trkpt><trkpt lat="43.48599659518537" lon="142.87961242129546"><ele>1028.3240257771686</ele><time>2022-08-26T06:00:10Z</time></trkpt><trkpt lat="43.48581508333566" lon="142.87960800709982"><ele>1025.6839153282344</ele><time>2022-08-26T06:00:24Z</time></trkpt><trkpt lat="43.4856477951723" lon="142.87972842922775"><ele>1023.1919148014858</ele><time>2022-08-26T06:00:39Z</time></trkpt><trkpt lat="43.48550886115157" lon="142.87955837780396"><ele>1023.1862673321739</ele><time>2022-08-26T06:00:56Z</time></trkpt><trkpt lat="43.48537025641938" lon="142.87939577465593"><ele>1020.7155907126144</ele><time>2022-08-26T06:01:10Z</time></trkpt><trkpt lat="43.4852330163666" lon="142.87920861278633"><ele>1019.1149405743927</ele><time>2022-08-26T06:01:24Z</time></trkpt><trkpt lat="43.48510922681549" lon="142.87901767191963"><ele>1019.5639610895887</ele><time>2022-08-26T06:01:37Z</time></trkpt><trkpt lat="43.484918551587384" lon="142.87896606309897"><ele>1014.8045804053545</ele><time>2022-08-26T06:01:55Z</time></trkpt><trkpt lat="43.48473755635075" lon="142.87893793846985"><ele>1013.925892027095</ele><time>2022-08-26T06:02:08Z</time></trkpt><trkpt lat="43.48458055275616" lon="142.87881365450582"><ele>1015.3723837314174</ele><time>2022-08-26T06:02:21Z</time></trkpt><trkpt lat="43.484460047829366" lon="142.87861835325734"><ele>1013.9070602180436</ele><time>2022-08-26T06:02:50Z</time></trkpt><trkpt lat="43.48439165020726" lon="142.87838603756262"><ele>1012.4816050380468</ele><time>2022-08-26T06:03:03Z</time></trkpt><trkpt lat="43.48429956374143" lon="142.8781631191561"><ele>1009.3767707236111</ele><time>2022-08-26T06:03:17Z</time></trkpt><trkpt lat="43.484184528205404" lon="142.87796395472594"><ele>1007.9519792776555</ele><time>2022-08-26T06:03:35Z</time></trkpt><trkpt lat="43.484032999138996" lon="142.87779452849242"><ele>1005.5658948849887</ele><time>2022-08-26T06:03:52Z</time></trkpt><trkpt lat="43.483852366229826" lon="142.87773996726884"><ele>1002.4407374421135</ele><time>2022-08-26T06:04:04Z</time></trkpt><trkpt lat="43.48367537565448" lon="142.8776732031238"><ele>1001.3538423310965</ele><time>2022-08-26T06:04:21Z</time></trkpt><trkpt lat="43.48349176745224" lon="142.8776250174909"><ele>1004.4221066758037</ele><time>2022-08-26T06:04:37Z</time></trkpt><trkpt lat="43.48330785851092" lon="142.87769190902802"><ele>1006.982336432673</ele><time>2022-08-26T06:04:51Z</time></trkpt><trkpt lat="43.4831480925699" lon="142.87756098694982"><ele>1011.1203833064064</ele><time>2022-08-26T06:05:08Z</time></trkpt><trkpt lat="43.482981199120566" lon="142.8774344905156"><ele>1011.275030111894</ele><time>2022-08-26T06:05:36Z</time></trkpt><trkpt lat="43.48294174187257" lon="142.87718908478845"><ele>1011.4887088378891</ele><time>2022-08-26T06:05:58Z</time></trkpt><trkpt lat="43.4827881023362" lon="142.87704175614076"><ele>1007.479616121389</ele><time>2022-08-26T06:06:15Z</time></trkpt><trkpt lat="43.48260558671759" lon="142.87696665086438"><ele>1002.2078273575753</ele><time>2022-08-26T06:06:34Z</time></trkpt><trkpt lat="43.48243077737364" lon="142.87689759801458"><ele>1001.1741407355294</ele><time>2022-08-26T06:06:50Z</time></trkpt><trkpt lat="43.48225194460741" lon="142.87685851968544"><ele>999.3779492750764</ele><time>2022-08-26T06:07:04Z</time></trkpt><trkpt lat="43.482068695868264" lon="142.8768131111948"><ele>997.3134442139417</ele><time>2022-08-26T06:07:17Z</time></trkpt><trkpt lat="43.48188542160818" lon="142.87673803519246"><ele>992.6002594735473</ele><time>2022-08-26T06:07:38Z</time></trkpt><trkpt lat="43.481720767514695" lon="142.876608582135"><ele>986.0917091658339</ele><time>2022-08-26T06:08:08Z</time></trkpt><trkpt lat="43.48153868279055" lon="142.8766215831981"><ele>983.7450486877933</ele><time>2022-08-26T06:08:24Z</time></trkpt><trkpt lat="43.481409593220256" lon="142.87644587740067"><ele>977.3450131267309</ele><time>2022-08-26T06:08:49Z</time></trkpt><trkpt lat="43.48137212256838" lon="142.8762030372407"><ele>974.2590394802392</ele><time>2022-08-26T06:09:10Z</time></trkpt><trkpt lat="43.48127118197248" lon="142.8759970768402"><ele>968.9910974344239</ele><time>2022-08-26T06:09:34Z</time></trkpt><trkpt lat="43.4810903799901" lon="142.8759286660524"><ele>963.9890093058348</ele><time>2022-08-26T06:09:53Z</time></trkpt><trkpt lat="43.480908521665924" lon="142.87592974315308"><ele>956.9347298899665</ele><time>2022-08-26T06:10:13Z</time></trkpt><trkpt lat="43.480761413526054" lon="142.87608511022188"><ele>954.7378471614793</ele><time>2022-08-26T06:10:30Z</time></trkpt><trkpt lat="43.48059635510739" lon="142.8761910340823"><ele>955.9523850046098</ele><time>2022-08-26T06:10:48Z</time></trkpt><trkpt lat="43.48041521644565" lon="142.87620419238652"><ele>954.9076912542805</ele><time>2022-08-26T06:11:05Z</time></trkpt><trkpt lat="43.48024803596399" lon="142.87632794049756"><ele>950.9636986851692</ele><time>2022-08-26T06:11:21Z</time></trkpt><trkpt lat="43.48007954590665" lon="142.8764472936992"><ele>948.6549906125292</ele><time>2022-08-26T06:11:45Z</time></trkpt><trkpt lat="43.479919833369586" lon="142.87656672639685"><ele>947.7025992507115</ele><time>2022-08-26T06:12:03Z</time></trkpt><trkpt lat="43.4797577611087" lon="142.87667692944115"><ele>952.5547496983781</ele><time>2022-08-26T06:12:23Z</time></trkpt><trkpt lat="43.47957483715757" lon="142.87671232050505"><ele>953.9111372251064</ele><time>2022-08-26T06:12:40Z</time></trkpt><trkpt lat="43.4794051226374" lon="142.87662549954004"><ele>952.5386075759307</ele><time>2022-08-26T06:12:58Z</time></trkpt><trkpt lat="43.47922244381711" lon="142.8766616807312"><ele>950.6621168125421</ele><time>2022-08-26T06:13:23Z</time></trkpt><trkpt lat="43.479195487001114" lon="142.8764160085318"><ele>946.8025358021259</ele><time>2022-08-26T06:13:44Z</time></trkpt><trkpt lat="43.47906214284858" lon="142.87623714206399"><ele>942.4038201123476</ele><time>2022-08-26T06:14:05Z</time></trkpt><trkpt lat="43.47887358273847" lon="142.87620845360166"><ele>939.4384285295382</ele><time>2022-08-26T06:14:22Z</time></trkpt><trkpt lat="43.478755924039554" lon="142.8760145215603"><ele>937.1142257163301</ele><time>2022-08-26T06:14:56Z</time></trkpt><trkpt lat="43.47864040697226" lon="142.875819132096"><ele>935.0692937197164</ele><time>2022-08-26T06:15:14Z</time></trkpt><trkpt lat="43.4784857317598" lon="142.8756774979861"><ele>932.9010897101834</ele><time>2022-08-26T06:15:30Z</time></trkpt><trkpt lat="43.47830156420482" lon="142.8756152419815"><ele>930.3439548872411</ele><time>2022-08-26T06:15:45Z</time></trkpt><trkpt lat="43.4781691212287" lon="142.87544388484545"><ele>926.0809565950185</ele><time>2022-08-26T06:16:01Z</time></trkpt><trkpt lat="43.4780914929773" lon="142.87520259584832"><ele>926.577535414137</ele><time>2022-08-26T06:16:18Z</time></trkpt><trkpt lat="43.478089682203624" lon="142.87494747242567"><ele>927.7034615362063</ele><time>2022-08-26T06:16:33Z</time></trkpt><trkpt lat="43.478102786581076" lon="142.8746966359068"><ele>930.4933641357347</ele><time>2022-08-26T06:17:11Z</time></trkpt><trkpt lat="43.477971186540074" lon="142.87451824063893"><ele>933.9461960541084</ele><time>2022-08-26T06:17:29Z</time></trkpt><trkpt lat="43.477787159264494" lon="142.8744966909867"><ele>939.7317045331001</ele><time>2022-08-26T06:17:47Z</time></trkpt><trkpt lat="43.47760226669964" lon="142.87445597830268"><ele>946.4836527826265</ele><time>2022-08-26T06:18:24Z</time></trkpt><trkpt lat="43.4774708262911" lon="142.8742777912704"><ele>951.4640024024993</ele><time>2022-08-26T06:18:47Z</time></trkpt><trkpt lat="43.47731603915416" lon="142.87414255342884"><ele>954.7719186097383</ele><time>2022-08-26T06:19:02Z</time></trkpt><trkpt lat="43.47713601197487" lon="142.87409106189438"><ele>956.0927843684331</ele><time>2022-08-26T06:19:17Z</time></trkpt><trkpt lat="43.476963481880475" lon="142.8739834804142"><ele>952.8202289538458</ele><time>2022-08-26T06:19:43Z</time></trkpt><trkpt lat="43.476775568791005" lon="142.87393980040315"><ele>951.2134731514379</ele><time>2022-08-26T06:20:04Z</time></trkpt><trkpt lat="43.476591347873494" lon="142.87396254724774"><ele>948.2369117848575</ele><time>2022-08-26T06:20:25Z</time></trkpt><trkpt lat="43.476493021815166" lon="142.8737398585777"><ele>941.8310331758112</ele><time>2022-08-26T06:21:05Z</time></trkpt><trkpt lat="43.47637983075722" lon="142.8735355254315"><ele>936.62487257272</ele><time>2022-08-26T06:21:44Z</time></trkpt><trkpt lat="43.47620750561075" lon="142.87343490172188"><ele>931.2896200306714</ele><time>2022-08-26T06:22:06Z</time></trkpt><trkpt lat="43.47605110152791" lon="142.8733096589799"><ele>927.6483409656212</ele><time>2022-08-26T06:22:27Z</time></trkpt><trkpt lat="43.47588179978217" lon="142.87321717392973"><ele>924.2971381759271</ele><time>2022-08-26T06:22:44Z</time></trkpt><trkpt lat="43.47569225712653" lon="142.8732623964601"><ele>923.167546665296</ele><time>2022-08-26T06:22:59Z</time></trkpt><trkpt lat="43.47551013937647" lon="142.87325947151282"><ele>924.0565712833777</ele><time>2022-08-26T06:23:23Z</time></trkpt><trkpt lat="43.47533418888953" lon="142.87319253917516"><ele>920.6083746729419</ele><time>2022-08-26T06:23:41Z</time></trkpt><trkpt lat="43.47517291336522" lon="142.87330579216245"><ele>918.8968109395355</ele><time>2022-08-26T06:23:56Z</time></trkpt><trkpt lat="43.475032174962216" lon="142.87346888419407"><ele>916.6730595706031</ele><time>2022-08-26T06:24:13Z</time></trkpt><trkpt lat="43.474884858176814" lon="142.87362793886524"><ele>914.3298764294013</ele><time>2022-08-26T06:24:28Z</time></trkpt><trkpt lat="43.47469581520773" lon="142.87364113625844"><ele>914.1350294509903</ele><time>2022-08-26T06:24:43Z</time></trkpt><trkpt lat="43.47453962489052" lon="142.8737667589403"><ele>914.9249752005562</ele><time>2022-08-26T06:24:56Z</time></trkpt><trkpt lat="43.47444843780494" lon="142.8739876300518"><ele>914.2307622330263</ele><time>2022-08-26T06:25:08Z</time></trkpt><trkpt lat="43.47430708626351" lon="142.8741506926957"><ele>914.4570724274963</ele><time>2022-08-26T06:25:24Z</time></trkpt><trkpt lat="43.47417781543325" lon="142.874329278574"><ele>910.3774420507252</ele><time>2022-08-26T06:25:51Z</time></trkpt><trkpt lat="43.47400951476295" lon="142.8744260303304"><ele>909.9410815285519</ele><time>2022-08-26T06:26:22Z</time></trkpt><trkpt lat="43.47385199949686" lon="142.87426720632791"><ele>912.1797711364925</ele><time>2022-08-26T06:26:42Z</time></trkpt><trkpt lat="43.47367793673162" lon="142.87417737632168"><ele>913.239535946399</ele><time>2022-08-26T06:26:59Z</time></trkpt><trkpt lat="43.47351156987688" lon="142.8742821359132"><ele>912.2294071698561</ele><time>2022-08-26T06:27:13Z</time></trkpt><trkpt lat="43.473332306414406" lon="142.87433752970514"><ele>911.7073582764715</ele><time>2022-08-26T06:27:31Z</time></trkpt><trkpt lat="43.47314016160308" lon="142.87435892658135"><ele>913.8855535937473</ele><time>2022-08-26T06:27:47Z</time></trkpt><trkpt lat="43.47296083022102" lon="142.87442684952632"><ele>912.7607894605026</ele><time>2022-08-26T06:28:02Z</time></trkpt><trkpt lat="43.47281412888891" lon="142.8745887078846"><ele>913.103448972106</ele><time>2022-08-26T06:28:16Z</time></trkpt><trkpt lat="43.47266723524995" lon="142.8747324074296"><ele>913.1422631666064</ele><time>2022-08-26T06:28:31Z</time></trkpt><trkpt lat="43.47259437551565" lon="142.87496099358475"><ele>911.9414060730487</ele><time>2022-08-26T06:28:44Z</time></trkpt><trkpt lat="43.472415327495106" lon="142.87503797136193"><ele>911.4028365081176</ele><time>2022-08-26T06:29:03Z</time></trkpt><trkpt lat="43.47223049583625" lon="142.87509631429455"><ele>912.7584774233401</ele><time>2022-08-26T06:29:18Z</time></trkpt><trkpt lat="43.47207647431958" lon="142.87522511614176"><ele>911.2053439822048</ele><time>2022-08-26T06:29:34Z</time></trkpt><trkpt lat="43.471959893559706" lon="142.8754346801365"><ele>912.3264806848019</ele><time>2022-08-26T06:29:49Z</time></trkpt><trkpt lat="43.47178283102284" lon="142.87549631038144"><ele>913.1118179354817</ele><time>2022-08-26T06:30:06Z</time></trkpt><trkpt lat="43.471590834633474" lon="142.87550036836367"><ele>913.1154116950929</ele><time>2022-08-26T06:30:22Z</time></trkpt><trkpt lat="43.47142268913644" lon="142.8756214130475"><ele>913.1157892439514</ele><time>2022-08-26T06:30:35Z</time></trkpt><trkpt lat="43.47122997771339" lon="142.87565677928345"><ele>911.9759016586468</ele><time>2022-08-26T06:30:53Z</time></trkpt><trkpt lat="43.47105815405095" lon="142.87576440129084"><ele>913.0708945048973</ele><time>2022-08-26T06:31:08Z</time></trkpt><trkpt lat="43.470867002981635" lon="142.87574675989273"><ele>911.4272577157244</ele><time>2022-08-26T06:31:23Z</time></trkpt><trkpt lat="43.47068779373492" lon="142.87571559411157"><ele>910.2349744085222</ele><time>2022-08-26T06:31:38Z</time></trkpt><trkpt lat="43.47049406117306" lon="142.8757153266654"><ele>908.573790345341</ele><time>2022-08-26T06:31:56Z</time></trkpt><trkpt lat="43.47031300350113" lon="142.87569069139423"><ele>907.423628302291</ele><time>2022-08-26T06:32:09Z</time></trkpt><trkpt lat="43.47012986937725" lon="142.8756442928558"><ele>907.448186788708</ele><time>2022-08-26T06:32:22Z</time></trkpt><trkpt lat="43.469956090166434" lon="142.87555194383123"><ele>905.4125308478251</ele><time>2022-08-26T06:32:36Z</time></trkpt><trkpt lat="43.46977680453544" lon="142.87548478403713"><ele>903.8217216162011</ele><time>2022-08-26T06:32:54Z</time></trkpt><trkpt lat="43.46960077997493" lon="142.87541440352996"><ele>901.038083425723</ele><time>2022-08-26T06:33:10Z</time></trkpt><trkpt lat="43.46941921165316" lon="142.8753923109703"><ele>901.1148358182982</ele><time>2022-08-26T06:33:24Z</time></trkpt><trkpt lat="43.46923131871806" lon="142.87539355135942"><ele>898.3938565850258</ele><time>2022-08-26T06:33:41Z</time></trkpt><trkpt lat="43.46904601986428" lon="142.87540499956737"><ele>895.3548496132717</ele><time>2022-08-26T06:33:58Z</time></trkpt><trkpt lat="43.46885876440872" lon="142.8753526973896"><ele>894.8926980011165</ele><time>2022-08-26T06:34:11Z</time></trkpt><trkpt lat="43.468682173158896" lon="142.87541613930958"><ele>892.759481315501</ele><time>2022-08-26T06:34:28Z</time></trkpt><trkpt lat="43.468489696055116" lon="142.87546765459314"><ele>890.2515192450956</ele><time>2022-08-26T06:34:44Z</time></trkpt><trkpt lat="43.468310432009325" lon="142.87542275345086"><ele>890.6170777566731</ele><time>2022-08-26T06:35:01Z</time></trkpt><trkpt lat="43.468141376600016" lon="142.87532249915606"><ele>888.0041141966358</ele><time>2022-08-26T06:35:19Z</time></trkpt><trkpt lat="43.467957874043115" lon="142.87531709870933"><ele>886.4147465284914</ele><time>2022-08-26T06:35:33Z</time></trkpt><trkpt lat="43.467781738674546" lon="142.87525632836306"><ele>885.8947558086365</ele><time>2022-08-26T06:35:50Z</time></trkpt><trkpt lat="43.46759016323195" lon="142.87528385609193"><ele>884.2298963237554</ele><time>2022-08-26T06:36:12Z</time></trkpt><trkpt lat="43.46740529008767" lon="142.8752357722147"><ele>883.7341806152835</ele><time>2022-08-26T06:36:28Z</time></trkpt><trkpt lat="43.46724903974392" lon="142.87509470958426"><ele>884.1894137309864</ele><time>2022-08-26T06:36:42Z</time></trkpt><trkpt lat="43.46709979872241" lon="142.87495427443912"><ele>880.4019851200283</ele><time>2022-08-26T06:36:59Z</time></trkpt><trkpt lat="43.46693729706218" lon="142.87482902830126"><ele>876.6698356159031</ele><time>2022-08-26T06:37:19Z</time></trkpt><trkpt lat="43.46676729545696" lon="142.87473286709144"><ele>876.4758692542091</ele><time>2022-08-26T06:37:35Z</time></trkpt><trkpt lat="43.46659078642255" lon="142.87467044528566"><ele>870.759677872993</ele><time>2022-08-26T06:37:52Z</time></trkpt><trkpt lat="43.466422330099014" lon="142.87457132067345"><ele>865.276723401621</ele><time>2022-08-26T06:38:11Z</time></trkpt><trkpt lat="43.46623716106079" lon="142.87459894628574"><ele>858.5825226539746</ele><time>2022-08-26T06:38:35Z</time></trkpt><trkpt lat="43.466056468610645" lon="142.87452048813046"><ele>857.0991208264604</ele><time>2022-08-26T06:38:53Z</time></trkpt><trkpt lat="43.46588735212172" lon="142.87442416112543"><ele>850.4429695662111</ele><time>2022-08-26T06:39:11Z</time></trkpt><trkpt lat="43.46571198146216" lon="142.87434179465768"><ele>843.6545100966468</ele><time>2022-08-26T06:39:34Z</time></trkpt><trkpt lat="43.46553001680967" lon="142.8742917368792"><ele>835.6985561903566</ele><time>2022-08-26T06:40:12Z</time></trkpt><trkpt lat="43.46534515585238" lon="142.8742517615721"><ele>828.7426545210183</ele><time>2022-08-26T06:40:54Z</time></trkpt><trkpt lat="43.465275524618974" lon="142.8740216327545"><ele>823.1813177699223</ele><time>2022-08-26T06:41:36Z</time></trkpt><trkpt lat="43.46525343973095" lon="142.87377460510916"><ele>819.4048432074487</ele><time>2022-08-26T06:42:05Z</time></trkpt><trkpt lat="43.46522405821759" lon="142.8735294114764"><ele>812.2161212163046</ele><time>2022-08-26T06:42:31Z</time></trkpt><trkpt lat="43.46515045255666" lon="142.87330034745494"><ele>800.1334688169882</ele><time>2022-08-26T06:43:03Z</time></trkpt><trkpt lat="43.465047127890344" lon="142.8730921209809"><ele>793.036295061931</ele><time>2022-08-26T06:43:36Z</time></trkpt><trkpt lat="43.46486192834262" lon="142.8730795529053"><ele>783.9910709010437</ele><time>2022-08-26T06:44:18Z</time></trkpt><trkpt lat="43.46478683601361" lon="142.87285194876003"><ele>778.4782682238147</ele><time>2022-08-26T06:45:04Z</time></trkpt><trkpt lat="43.464735148340594" lon="142.87261081213882"><ele>772.9384932536632</ele><time>2022-08-26T06:45:45Z</time></trkpt><trkpt lat="43.464649451513395" lon="142.87238248749375"><ele>763.2311183121055</ele><time>2022-08-26T06:46:13Z</time></trkpt><trkpt lat="43.46448480815083" lon="142.87226179596706"><ele>753.6756548732519</ele><time>2022-08-26T06:46:44Z</time></trkpt><trkpt lat="43.46439670720174" lon="142.87204397058323"><ele>745.82061363291</ele><time>2022-08-26T06:47:08Z</time></trkpt><trkpt lat="43.464202894617095" lon="142.87199792791876"><ele>740.6371792983264</ele><time>2022-08-26T06:47:34Z</time></trkpt><trkpt lat="43.464020841139046" lon="142.87200168633362"><ele>733.2523944946006</ele><time>2022-08-26T06:47:54Z</time></trkpt><trkpt lat="43.463847586303544" lon="142.87209456601585"><ele>729.5042113829404</ele><time>2022-08-26T06:48:10Z</time></trkpt><trkpt lat="43.463667128195354" lon="142.8720607354208"><ele>724.5038342215121</ele><time>2022-08-26T06:48:27Z</time></trkpt><trkpt lat="43.46356156657483" lon="142.8722642182772"><ele>724.311317384243</ele><time>2022-08-26T06:48:45Z</time></trkpt><trkpt lat="43.46346162481549" lon="142.872046658622"><ele>718.5690589109436</ele><time>2022-08-26T06:49:12Z</time></trkpt><trkpt lat="43.46331441257541" lon="142.87188707042603"><ele>717.5397392613813</ele><time>2022-08-26T06:49:29Z</time></trkpt><trkpt lat="43.463140850226466" lon="142.8719930817889"><ele>714.1892620092258</ele><time>2022-08-26T06:49:40Z</time></trkpt><trkpt lat="43.46296005914226" lon="142.87209004250877"><ele>706.6626489600167</ele><time>2022-08-26T06:50:05Z</time></trkpt><trkpt lat="43.462779638009295" lon="142.87213742315464"><ele>703.1407514363527</ele><time>2022-08-26T06:50:19Z</time></trkpt><trkpt lat="43.46259775078418" lon="142.872086413942"><ele>701.6072398321703</ele><time>2022-08-26T06:50:49Z</time></trkpt><trkpt lat="43.4624111920164" lon="142.87203396000422"><ele>698.089522883296</ele><time>2022-08-26T06:51:04Z</time></trkpt><trkpt lat="43.46221894785542" lon="142.87205154464783"><ele>694.3276087716222</ele><time>2022-08-26T06:51:22Z</time></trkpt><trkpt lat="43.46203603729468" lon="142.87209662828667"><ele>694.3893239237368</ele><time>2022-08-26T06:51:37Z</time></trkpt><trkpt lat="43.461856417004505" lon="142.87204842307492"><ele>691.9208591785282</ele><time>2022-08-26T06:51:52Z</time></trkpt><trkpt lat="43.46169618393946" lon="142.8721808389632"><ele>692.8332347897813</ele><time>2022-08-26T06:52:06Z</time></trkpt><trkpt lat="43.461544148449875" lon="142.87234298752242"><ele>690.0042775636539</ele><time>2022-08-26T06:52:21Z</time></trkpt><trkpt lat="43.46141538915627" lon="142.87251931485505"><ele>685.0541114313528</ele><time>2022-08-26T06:52:35Z</time></trkpt><trkpt lat="43.461320147738924" lon="142.87273064394265"><ele>679.7497928896919</ele><time>2022-08-26T06:52:51Z</time></trkpt><trkpt lat="43.46122750531234" lon="142.87296132563893"><ele>677.078475353308</ele><time>2022-08-26T06:53:06Z</time></trkpt><trkpt lat="43.461125669939165" lon="142.87317346352518"><ele>672.2377407541499</ele><time>2022-08-26T06:53:21Z</time></trkpt><trkpt lat="43.46096404773201" lon="142.87306252529305"><ele>662.4468643143773</ele><time>2022-08-26T06:53:51Z</time></trkpt><trkpt lat="43.46079390169722" lon="142.87318094437524"><ele>650.9825961757451</ele><time>2022-08-26T06:55:43Z</time></trkpt><trkpt lat="43.460616368208484" lon="142.87325032565096"><ele>649.9137759525329</ele><time>2022-08-26T06:56:03Z</time></trkpt><trkpt lat="43.46042932526065" lon="142.87323793251474"><ele>646.8737639551982</ele><time>2022-08-26T06:56:53Z</time></trkpt><trkpt lat="43.46036436063225" lon="142.87299928225752"><ele>646.9113701498136</ele><time>2022-08-26T06:57:08Z</time></trkpt><trkpt lat="43.46034716166635" lon="142.87275060799084"><ele>647.307142842561</ele><time>2022-08-26T06:57:24Z</time></trkpt></trkseg></trk></gpx>