<?xml version='1.0' encoding='UTF-8'?><gpx creator="YAMAP - https://yamap.com" xsi:schemaLocation="http://www.topografix.com/GPX/1/1 http://www.topografix.com/GPX/1/1/gpx.xsd" version="1.1" xmlns="http://www.topografix.com/GPX/1/1" xmlns:xsi="http://www.w3.org/2001/XMLSchema-instance"><metadata><bounds maxlat="37.036929531147166" maxlon="139.25297232947554" minlat="37.002040038092616" minlon="139.17084168592413"/></metadata><trk><name>下台倉山・台倉山・池ノ岳・平ヶ岳</name><number>1</number><trkseg><trkpt lat="37.03673470843348" lon="139.25297232947554"><ele>838.4196709254757</ele><time>2022-10-21T22:30:42Z</time></trkpt><trkpt lat="37.036929531147166" lon="139.25295321215816"><ele>842.9126362511888</ele><time>2022-10-21T22:30:55Z</time></trkpt><trkpt lat="37.03678202563071" lon="139.2528177581264"><ele>842.4097652090713</ele><time>2022-10-21T22:31:09Z</time></trkpt><trkpt lat="37.036667939918026" lon="139.2526380003154"><ele>846.7347534941509</ele><time>2022-10-21T22:31:28Z</time></trkpt><trkpt lat="37.03661753034522" lon="139.2524069085289"><ele>854.215186432004</ele><time>2022-10-21T22:31:47Z</time></trkpt><trkpt lat="37.03649693420147" lon="139.25223716698417"><ele>856.975017615594</ele><time>2022-10-21T22:32:08Z</time></trkpt><trkpt lat="37.03630491901182" lon="139.25220703641597"><ele>860.1992616495118</ele><time>2022-10-21T22:32:24Z</time></trkpt><trkpt lat="37.036258819734776" lon="139.2519770754948"><ele>864.8986347941682</ele><time>2022-10-21T22:32:40Z</time></trkpt><trkpt lat="37.036140091169415" lon="139.25178661634027"><ele>868.8394300648943</ele><time>2022-10-21T22:32:58Z</time></trkpt><trkpt lat="37.03599138523411" lon="139.2516433398906"><ele>872.1943761492148</ele><time>2022-10-21T22:33:18Z</time></trkpt><trkpt lat="37.03588157891414" lon="139.25145474403428"><ele>873.2010816792026</ele><time>2022-10-21T22:33:35Z</time></trkpt><trkpt lat="37.03588929145463" lon="139.25122461373888"><ele>875.8095663348213</ele><time>2022-10-21T22:33:53Z</time></trkpt><trkpt lat="37.03606234447502" lon="139.2511533772217"><ele>877.4402604559436</ele><time>2022-10-21T22:34:05Z</time></trkpt><trkpt lat="37.036151970411474" lon="139.25094414455924"><ele>881.8144554980099</ele><time>2022-10-21T22:34:26Z</time></trkpt><trkpt lat="37.03616464308388" lon="139.25071819224684"><ele>882.855352839455</ele><time>2022-10-21T22:34:41Z</time></trkpt><trkpt lat="37.03627879503685" lon="139.2505433205622"><ele>883.5747440634295</ele><time>2022-10-21T22:34:58Z</time></trkpt><trkpt lat="37.03637774808052" lon="139.25034654013703"><ele>887.1004710029811</ele><time>2022-10-21T22:35:18Z</time></trkpt><trkpt lat="37.03632304238683" lon="139.25009900414494"><ele>889.8234733557329</ele><time>2022-10-21T22:35:35Z</time></trkpt><trkpt lat="37.03644218542412" lon="139.2499212960773"><ele>892.4005372989923</ele><time>2022-10-21T22:35:53Z</time></trkpt><trkpt lat="37.03651326540593" lon="139.24971018418907"><ele>894.5872055133805</ele><time>2022-10-21T22:36:05Z</time></trkpt><trkpt lat="37.036629742159256" lon="139.24953607925934"><ele>900.2000757623464</ele><time>2022-10-21T22:36:25Z</time></trkpt><trkpt lat="37.03668516479027" lon="139.24930498235912"><ele>903.0472145546228</ele><time>2022-10-21T22:36:41Z</time></trkpt><trkpt lat="37.03657800622575" lon="139.24910954095444"><ele>906.3241685796529</ele><time>2022-10-21T22:37:01Z</time></trkpt><trkpt lat="37.03656627775896" lon="139.24888196870552"><ele>905.2832867475227</ele><time>2022-10-21T22:37:17Z</time></trkpt><trkpt lat="37.036505418044435" lon="139.24866918536836"><ele>907.6193456789479</ele><time>2022-10-21T22:37:32Z</time></trkpt><trkpt lat="37.03638699090616" lon="139.2484863513896"><ele>908.4325800957158</ele><time>2022-10-21T22:37:49Z</time></trkpt><trkpt lat="37.03641663196021" lon="139.24826147565406"><ele>911.2047880357131</ele><time>2022-10-21T22:38:05Z</time></trkpt><trkpt lat="37.03645316899813" lon="139.24803777103958"><ele>910.5554105751216</ele><time>2022-10-21T22:38:24Z</time></trkpt><trkpt lat="37.03652496401704" lon="139.24783111548172"><ele>913.2893828544766</ele><time>2022-10-21T22:38:38Z</time></trkpt><trkpt lat="37.036537429870684" lon="139.24760609418547"><ele>912.8662467449903</ele><time>2022-10-21T22:38:54Z</time></trkpt><trkpt lat="37.03635249107997" lon="139.24757780379596"><ele>912.0255448017269</ele><time>2022-10-21T22:39:15Z</time></trkpt><trkpt lat="37.03619647150937" lon="139.24771217022715"><ele>913.9085714239627</ele><time>2022-10-21T22:39:34Z</time></trkpt><trkpt lat="37.03603959729762" lon="139.24784098601864"><ele>915.6013399623334</ele><time>2022-10-21T22:39:49Z</time></trkpt><trkpt lat="37.03591003831575" lon="139.2480138291961"><ele>916.1658807415515</ele><time>2022-10-21T22:40:04Z</time></trkpt><trkpt lat="37.03572191077112" lon="139.24808205004678"><ele>916.893233673647</ele><time>2022-10-21T22:40:19Z</time></trkpt><trkpt lat="37.035555796015146" lon="139.24818154557488"><ele>918.4800284858793</ele><time>2022-10-21T22:40:34Z</time></trkpt><trkpt lat="37.03539365104695" lon="139.2480832241926"><ele>918.4925140365958</ele><time>2022-10-21T22:40:46Z</time></trkpt><trkpt lat="37.03522963785834" lon="139.24797694307904"><ele>919.2801426053047</ele><time>2022-10-21T22:40:58Z</time></trkpt><trkpt lat="37.03507695511784" lon="139.24784366411933"><ele>915.8530025966465</ele><time>2022-10-21T22:41:12Z</time></trkpt><trkpt lat="37.03490739917523" lon="139.2477513325479"><ele>916.3916148878634</ele><time>2022-10-21T22:41:25Z</time></trkpt><trkpt lat="37.03477928148434" lon="139.2475791244168"><ele>917.610241048038</ele><time>2022-10-21T22:41:39Z</time></trkpt><trkpt lat="37.03469886178646" lon="139.24736803666994"><ele>919.0105790207162</ele><time>2022-10-21T22:41:52Z</time></trkpt><trkpt lat="37.03476969377935" lon="139.24714789839064"><ele>918.8208875358105</ele><time>2022-10-21T22:42:12Z</time></trkpt><trkpt lat="37.03482016575459" lon="139.2469268983535"><ele>922.6411016127095</ele><time>2022-10-21T22:42:29Z</time></trkpt><trkpt lat="37.034841121853745" lon="139.24669907898712"><ele>926.7648225417361</ele><time>2022-10-21T22:43:07Z</time></trkpt><trkpt lat="37.034894676560235" lon="139.24647844746661"><ele>932.4688224410638</ele><time>2022-10-21T22:43:34Z</time></trkpt><trkpt lat="37.03500488271487" lon="139.24629440967777"><ele>938.1166487745941</ele><time>2022-10-21T22:44:05Z</time></trkpt><trkpt lat="37.03513553092724" lon="139.246111108001"><ele>940.4964429866523</ele><time>2022-10-21T22:44:34Z</time></trkpt><trkpt lat="37.03523326967574" lon="139.24592177169743"><ele>949.1170320753008</ele><time>2022-10-21T22:45:05Z</time></trkpt><trkpt lat="37.03527091925935" lon="139.24569236480164"><ele>956.3244324186817</ele><time>2022-10-21T22:45:42Z</time></trkpt><trkpt lat="37.03535807765988" lon="139.24548373318788"><ele>967.7693676883355</ele><time>2022-10-21T22:46:19Z</time></trkpt><trkpt lat="37.03537412453353" lon="139.24525896813313"><ele>969.4787318240851</ele><time>2022-10-21T22:46:42Z</time></trkpt><trkpt lat="37.0353554806854" lon="139.24502813286355"><ele>967.0810899352655</ele><time>2022-10-21T22:47:02Z</time></trkpt><trkpt lat="37.035306635744014" lon="139.2448092691427"><ele>970.1564317326993</ele><time>2022-10-21T22:47:18Z</time></trkpt><trkpt lat="37.03529344044191" lon="139.2445848529937"><ele>972.6364956144243</ele><time>2022-10-21T22:47:41Z</time></trkpt><trkpt lat="37.035235449930624" lon="139.24436977460346"><ele>981.3447193261236</ele><time>2022-10-21T22:48:15Z</time></trkpt><trkpt lat="37.03521818544729" lon="139.24414298270244"><ele>990.765631005168</ele><time>2022-10-21T22:48:53Z</time></trkpt><trkpt lat="37.03513132781698" lon="139.24394247668724"><ele>998.5434063123539</ele><time>2022-10-21T22:50:49Z</time></trkpt><trkpt lat="37.035011230044724" lon="139.24377220203226"><ele>1004.923200356774</ele><time>2022-10-21T22:51:23Z</time></trkpt><trkpt lat="37.0349314731607" lon="139.24356844037067"><ele>1010.9573554461822</ele><time>2022-10-21T22:51:52Z</time></trkpt><trkpt lat="37.034823296461845" lon="139.24338853031875"><ele>1012.926283868961</ele><time>2022-10-21T22:52:13Z</time></trkpt><trkpt lat="37.03472455435787" lon="139.24319506681945"><ele>1024.2329857144505</ele><time>2022-10-21T22:52:52Z</time></trkpt><trkpt lat="37.03473694256393" lon="139.24296739798686"><ele>1028.5979008739814</ele><time>2022-10-21T22:53:21Z</time></trkpt><trkpt lat="37.03474030772872" lon="139.24273864762898"><ele>1029.1240043668076</ele><time>2022-10-21T22:53:48Z</time></trkpt><trkpt lat="37.034746325532154" lon="139.2425112156063"><ele>1037.667478054762</ele><time>2022-10-21T22:54:22Z</time></trkpt><trkpt lat="37.034691532772065" lon="139.24229143406603"><ele>1040.7587477434427</ele><time>2022-10-21T22:54:51Z</time></trkpt><trkpt lat="37.03470037211432" lon="139.24206317659642"><ele>1044.1808053012937</ele><time>2022-10-21T22:55:14Z</time></trkpt><trkpt lat="37.03468173356117" lon="139.2418372973362"><ele>1048.3678524987772</ele><time>2022-10-21T22:55:41Z</time></trkpt><trkpt lat="37.034738978015845" lon="139.2416225276536"><ele>1059.0813170876354</ele><time>2022-10-21T22:56:33Z</time></trkpt><trkpt lat="37.03473418711309" lon="139.24138520000895"><ele>1067.3711653547361</ele><time>2022-10-21T22:57:10Z</time></trkpt><trkpt lat="37.03464355336812" lon="139.2411741449851"><ele>1068.3685223171487</ele><time>2022-10-21T22:57:51Z</time></trkpt><trkpt lat="37.03455425109055" lon="139.2409676007406"><ele>1067.9807927245274</ele><time>2022-10-21T22:58:10Z</time></trkpt><trkpt lat="37.0344365388673" lon="139.2407870254187"><ele>1071.45163198933</ele><time>2022-10-21T22:58:35Z</time></trkpt><trkpt lat="37.0343784416086" lon="139.24057311657333"><ele>1073.2534502865747</ele><time>2022-10-21T22:58:53Z</time></trkpt><trkpt lat="37.03430262507925" lon="139.24036919848743"><ele>1077.4858080809936</ele><time>2022-10-21T22:59:15Z</time></trkpt><trkpt lat="37.03418742580421" lon="139.24018986086966"><ele>1086.5089380592108</ele><time>2022-10-21T22:59:59Z</time></trkpt><trkpt lat="37.034032392640306" lon="139.24007056842365"><ele>1090.4253180399537</ele><time>2022-10-21T23:00:24Z</time></trkpt><trkpt lat="37.03390184190052" lon="139.23991072783184"><ele>1096.2689959993586</ele><time>2022-10-21T23:00:52Z</time></trkpt><trkpt lat="37.0337627837395" lon="139.23976686349545"><ele>1100.3114122711122</ele><time>2022-10-21T23:01:22Z</time></trkpt><trkpt lat="37.03362225950965" lon="139.23961891976606"><ele>1103.8463961211964</ele><time>2022-10-21T23:01:49Z</time></trkpt><trkpt lat="37.03345103579632" lon="139.23954701961642"><ele>1112.3908865684643</ele><time>2022-10-21T23:02:18Z</time></trkpt><trkpt lat="37.03334845835034" lon="139.2393567810723"><ele>1120.5606309501454</ele><time>2022-10-21T23:02:58Z</time></trkpt><trkpt lat="37.03322092674393" lon="139.23919392265466"><ele>1124.5832333564758</ele><time>2022-10-21T23:03:28Z</time></trkpt><trkpt lat="37.03311752787806" lon="139.23900607096508"><ele>1131.2339078634977</ele><time>2022-10-21T23:04:00Z</time></trkpt><trkpt lat="37.03301022548505" lon="139.2388206066336"><ele>1146.0883870599791</ele><time>2022-10-21T23:04:59Z</time></trkpt><trkpt lat="37.032874513041094" lon="139.23865664850467"><ele>1145.004034630023</ele><time>2022-10-21T23:05:34Z</time></trkpt><trkpt lat="37.03278623431668" lon="139.2384469197678"><ele>1149.471497155726</ele><time>2022-10-21T23:06:05Z</time></trkpt><trkpt lat="37.03268371646906" lon="139.23825754461078"><ele>1155.581212092191</ele><time>2022-10-21T23:06:33Z</time></trkpt><trkpt lat="37.032580147065595" lon="139.2380641646376"><ele>1165.1465208334848</ele><time>2022-10-21T23:07:46Z</time></trkpt><trkpt lat="37.032493106456144" lon="139.23786187703092"><ele>1175.4449842749164</ele><time>2022-10-21T23:08:46Z</time></trkpt><trkpt lat="37.032426672103355" lon="139.23764418022753"><ele>1178.2353964885697</ele><time>2022-10-21T23:09:15Z</time></trkpt><trkpt lat="37.03234726909028" lon="139.23743582135307"><ele>1182.2005753349513</ele><time>2022-10-21T23:09:44Z</time></trkpt><trkpt lat="37.03222837311928" lon="139.23724956513377"><ele>1197.6459643822163</ele><time>2022-10-21T23:10:48Z</time></trkpt><trkpt lat="37.0322324821569" lon="139.2370239118079"><ele>1205.8364313384518</ele><time>2022-10-21T23:11:41Z</time></trkpt><trkpt lat="37.03212941517298" lon="139.23682670237923"><ele>1200.739830257371</ele><time>2022-10-21T23:12:17Z</time></trkpt><trkpt lat="37.032140248442005" lon="139.23659237168079"><ele>1204.4817559951916</ele><time>2022-10-21T23:12:50Z</time></trkpt><trkpt lat="37.03204880097248" lon="139.2363835159257"><ele>1211.295229894109</ele><time>2022-10-21T23:13:25Z</time></trkpt><trkpt lat="37.03206759645918" lon="139.23615683008092"><ele>1218.8383236937225</ele><time>2022-10-21T23:14:08Z</time></trkpt><trkpt lat="37.032084885119794" lon="139.23592188174126"><ele>1228.0079253651202</ele><time>2022-10-21T23:14:47Z</time></trkpt><trkpt lat="37.032037770767325" lon="139.2357040492834"><ele>1228.567335384898</ele><time>2022-10-21T23:15:11Z</time></trkpt><trkpt lat="37.032003992780915" lon="139.23547267184694"><ele>1233.141921505332</ele><time>2022-10-21T23:15:48Z</time></trkpt><trkpt lat="37.031950414437645" lon="139.23525418523195"><ele>1240.372174047865</ele><time>2022-10-21T23:16:30Z</time></trkpt><trkpt lat="37.03188562749561" lon="139.23503455192852"><ele>1246.4345618570223</ele><time>2022-10-21T23:16:59Z</time></trkpt><trkpt lat="37.03196897302455" lon="139.23482235849653"><ele>1248.408962908201</ele><time>2022-10-21T23:17:22Z</time></trkpt><trkpt lat="37.03199095199035" lon="139.2345926313004"><ele>1248.9050681106746</ele><time>2022-10-21T23:17:46Z</time></trkpt><trkpt lat="37.032029962509746" lon="139.23436973269833"><ele>1254.4227956766263</ele><time>2022-10-21T23:18:14Z</time></trkpt><trkpt lat="37.0320432355572" lon="139.23413736512828"><ele>1254.9816343579441</ele><time>2022-10-21T23:18:38Z</time></trkpt><trkpt lat="37.03204409227961" lon="139.23391192670988"><ele>1266.6590413246304</ele><time>2022-10-21T23:19:25Z</time></trkpt><trkpt lat="37.03205422599226" lon="139.2336792604171"><ele>1272.8283275300637</ele><time>2022-10-21T23:20:03Z</time></trkpt><trkpt lat="37.03204114387616" lon="139.23345085409005"><ele>1279.2759277690202</ele><time>2022-10-21T23:20:50Z</time></trkpt><trkpt lat="37.0320318986496" lon="139.2332102140648"><ele>1298.1623203344643</ele><time>2022-10-21T23:22:14Z</time></trkpt><trkpt lat="37.031886424632184" lon="139.2330695143937"><ele>1304.0852575786412</ele><time>2022-10-21T23:23:10Z</time></trkpt><trkpt lat="37.031786224758285" lon="139.23287470064867"><ele>1320.0582654997706</ele><time>2022-10-21T23:24:13Z</time></trkpt><trkpt lat="37.03176807744828" lon="139.2327520558585"><ele>1323.1082193488255</ele><time>2022-10-21T23:26:53Z</time></trkpt><trkpt lat="37.0317275980054" lon="139.23252144680032"><ele>1326.4762014131993</ele><time>2022-10-21T23:28:15Z</time></trkpt><trkpt lat="37.0316667845395" lon="139.23230180184325"><ele>1332.6676830817014</ele><time>2022-10-21T23:28:55Z</time></trkpt><trkpt lat="37.03170795591778" lon="139.23208186668063"><ele>1343.1287644291297</ele><time>2022-10-21T23:29:46Z</time></trkpt><trkpt lat="37.03172161796808" lon="139.2318491877142"><ele>1352.0221668193117</ele><time>2022-10-21T23:30:33Z</time></trkpt><trkpt lat="37.03168804862283" lon="139.23162699061706"><ele>1362.0532230772078</ele><time>2022-10-21T23:31:36Z</time></trkpt><trkpt lat="37.03158770776304" lon="139.23142911634224"><ele>1370.6326866988093</ele><time>2022-10-21T23:32:23Z</time></trkpt><trkpt lat="37.03152932683275" lon="139.23120106450864"><ele>1380.6098157810047</ele><time>2022-10-21T23:33:23Z</time></trkpt><trkpt lat="37.03152606909644" lon="139.2309708110829"><ele>1390.308516152203</ele><time>2022-10-21T23:34:18Z</time></trkpt><trkpt lat="37.03149234952595" lon="139.23074743509935"><ele>1394.9438866553828</ele><time>2022-10-21T23:35:00Z</time></trkpt><trkpt lat="37.03152451691338" lon="139.23051809036966"><ele>1401.723248266615</ele><time>2022-10-21T23:35:28Z</time></trkpt><trkpt lat="37.03159032866262" lon="139.2303000783311"><ele>1405.4798316899687</ele><time>2022-10-21T23:35:53Z</time></trkpt><trkpt lat="37.03165264520122" lon="139.23008699998536"><ele>1416.621083616279</ele><time>2022-10-21T23:36:34Z</time></trkpt><trkpt lat="37.031672360406816" lon="139.22986215734446"><ele>1421.3508263817057</ele><time>2022-10-21T23:37:12Z</time></trkpt><trkpt lat="37.031691323741256" lon="139.229635188966"><ele>1425.7987251840532</ele><time>2022-10-21T23:37:41Z</time></trkpt><trkpt lat="37.031728446136235" lon="139.22941183730765"><ele>1431.7661894634366</ele><time>2022-10-21T23:38:13Z</time></trkpt><trkpt lat="37.0317562894262" lon="139.22918962592053"><ele>1432.9838416650891</ele><time>2022-10-21T23:38:36Z</time></trkpt><trkpt lat="37.03176494622855" lon="139.22896172145337"><ele>1424.6108082542196</ele><time>2022-10-21T23:39:37Z</time></trkpt><trkpt lat="37.03178772154752" lon="139.22873690667456"><ele>1419.0600313805044</ele><time>2022-10-21T23:40:06Z</time></trkpt><trkpt lat="37.03174956115303" lon="139.22851200867018"><ele>1418.4274793779477</ele><time>2022-10-21T23:40:23Z</time></trkpt><trkpt lat="37.03179640452785" lon="139.22828592536007"><ele>1419.8598532071337</ele><time>2022-10-21T23:40:46Z</time></trkpt><trkpt lat="37.03188440469658" lon="139.22808826543852"><ele>1426.9634230649099</ele><time>2022-10-21T23:41:14Z</time></trkpt><trkpt lat="37.031893140732834" lon="139.2278633434042"><ele>1434.2077149925753</ele><time>2022-10-21T23:41:53Z</time></trkpt><trkpt lat="37.031897301043834" lon="139.2276360942242"><ele>1441.5158057976514</ele><time>2022-10-21T23:42:31Z</time></trkpt><trkpt lat="37.03197085813378" lon="139.22743009742538"><ele>1446.9999837102368</ele><time>2022-10-21T23:43:03Z</time></trkpt><trkpt lat="37.032017233843334" lon="139.2272098756521"><ele>1455.5121429637074</ele><time>2022-10-21T23:43:41Z</time></trkpt><trkpt lat="37.03205402721432" lon="139.2269844970255"><ele>1462.217687195167</ele><time>2022-10-21T23:44:18Z</time></trkpt><trkpt lat="37.032055646296364" lon="139.22675778483452"><ele>1470.5701729860157</ele><time>2022-10-21T23:45:00Z</time></trkpt><trkpt lat="37.03208072715144" lon="139.2265305663752"><ele>1485.218692785129</ele><time>2022-10-21T23:46:05Z</time></trkpt><trkpt lat="37.032177376947615" lon="139.226336014853"><ele>1501.0389999253675</ele><time>2022-10-21T23:48:04Z</time></trkpt><trkpt lat="37.03222222963789" lon="139.2261133744471"><ele>1514.8333127554506</ele><time>2022-10-21T23:49:41Z</time></trkpt><trkpt lat="37.032348830090804" lon="139.22594105698983"><ele>1526.9829537076876</ele><time>2022-10-21T23:50:48Z</time></trkpt><trkpt lat="37.03240608987347" lon="139.225709640687"><ele>1539.2737169545144</ele><time>2022-10-21T23:52:10Z</time></trkpt><trkpt lat="37.03238648250584" lon="139.22548037790224"><ele>1544.2265643514693</ele><time>2022-10-21T23:52:46Z</time></trkpt><trkpt lat="37.032391572972685" lon="139.22525404691768"><ele>1558.922651482746</ele><time>2022-10-21T23:53:45Z</time></trkpt><trkpt lat="37.03242594379322" lon="139.22502452395744"><ele>1572.196961292997</ele><time>2022-10-21T23:54:39Z</time></trkpt><trkpt lat="37.03251426535187" lon="139.22481802862276"><ele>1575.2939632106572</ele><time>2022-10-21T23:55:12Z</time></trkpt><trkpt lat="37.03255120346469" lon="139.2245917346597"><ele>1579.7450165804476</ele><time>2022-10-21T23:55:50Z</time></trkpt><trkpt lat="37.032558788370665" lon="139.2243599466812"><ele>1587.4442902235314</ele><time>2022-10-21T23:56:20Z</time></trkpt><trkpt lat="37.0325184561799" lon="139.22413412993964"><ele>1591.072295541875</ele><time>2022-10-21T23:56:43Z</time></trkpt><trkpt lat="37.03243874783023" lon="139.22393176586678"><ele>1594.6305972915143</ele><time>2022-10-21T23:57:06Z</time></trkpt><trkpt lat="37.032374545568786" lon="139.223713081476"><ele>1603.3031690903008</ele><time>2022-10-21T23:57:38Z</time></trkpt><trkpt lat="37.032214614651444" lon="139.2236037936895"><ele>1606.6415612120181</ele><time>2022-10-21T23:58:20Z</time></trkpt><trkpt lat="37.03207026426447" lon="139.22346023865464"><ele>1609.5777518721297</ele><time>2022-10-21T23:58:37Z</time></trkpt><trkpt lat="37.03190264460848" lon="139.2233623762619"><ele>1609.7001749305055</ele><time>2022-10-21T23:58:55Z</time></trkpt><trkpt lat="37.031735333836146" lon="139.2232689840573"><ele>1610.1193883148953</ele><time>2022-10-21T23:59:22Z</time></trkpt><trkpt lat="37.031635292821825" lon="139.22317573077873"><ele>1617.3706263722852</ele><time>2022-10-22T00:02:55Z</time></trkpt><trkpt lat="37.03154304018048" lon="139.22297824865038"><ele>1606.5792186753824</ele><time>2022-10-22T00:13:01Z</time></trkpt><trkpt lat="37.03139648909382" lon="139.22284027851083"><ele>1602.3795033898205</ele><time>2022-10-22T00:13:25Z</time></trkpt><trkpt lat="37.03124409378613" lon="139.22271158819623"><ele>1600.0556137347594</ele><time>2022-10-22T00:13:47Z</time></trkpt><trkpt lat="37.03108926727538" lon="139.2225960340869"><ele>1600.1830843128264</ele><time>2022-10-22T00:14:09Z</time></trkpt><trkpt lat="37.030923983275265" lon="139.22249432584405"><ele>1599.8256149450317</ele><time>2022-10-22T00:14:34Z</time></trkpt><trkpt lat="37.0307416642936" lon="139.22245161171406"><ele>1599.8308748193085</ele><time>2022-10-22T00:15:03Z</time></trkpt><trkpt lat="37.03056457142458" lon="139.22253194441595"><ele>1601.4290309501812</ele><time>2022-10-22T00:15:44Z</time></trkpt><trkpt lat="37.03039464959025" lon="139.22243426632085"><ele>1605.7014510519803</ele><time>2022-10-22T00:16:23Z</time></trkpt><trkpt lat="37.030207114618314" lon="139.22246035332017"><ele>1608.7562726382166</ele><time>2022-10-22T00:17:04Z</time></trkpt><trkpt lat="37.030048887031924" lon="139.22234952655245"><ele>1606.7928843684494</ele><time>2022-10-22T00:17:39Z</time></trkpt><trkpt lat="37.02987246067303" lon="139.22230007194972"><ele>1611.3105833232403</ele><time>2022-10-22T00:18:16Z</time></trkpt><trkpt lat="37.029688044385644" lon="139.2223009336204"><ele>1618.1805519210175</ele><time>2022-10-22T00:19:04Z</time></trkpt><trkpt lat="37.02950568248679" lon="139.22233568854452"><ele>1621.24405637756</ele><time>2022-10-22T00:19:43Z</time></trkpt><trkpt lat="37.02932800764193" lon="139.22226440565117"><ele>1624.858533541672</ele><time>2022-10-22T00:20:10Z</time></trkpt><trkpt lat="37.02914854358461" lon="139.2222032112692"><ele>1624.884246442467</ele><time>2022-10-22T00:20:35Z</time></trkpt><trkpt lat="37.02898680685384" lon="139.22209382954532"><ele>1627.9776294110343</ele><time>2022-10-22T00:21:02Z</time></trkpt><trkpt lat="37.02881539832475" lon="139.22200082729998"><ele>1626.134789631702</ele><time>2022-10-22T00:21:33Z</time></trkpt><trkpt lat="37.028693065862534" lon="139.22183399111063"><ele>1620.3920421516523</ele><time>2022-10-22T00:22:03Z</time></trkpt><trkpt lat="37.028575219830984" lon="139.22166384908013"><ele>1612.4969480717555</ele><time>2022-10-22T00:22:31Z</time></trkpt><trkpt lat="37.028529079771715" lon="139.22143801282775"><ele>1609.1717269718647</ele><time>2022-10-22T00:22:56Z</time></trkpt><trkpt lat="37.02842875778476" lon="139.22124465682742"><ele>1609.4486661152914</ele><time>2022-10-22T00:23:20Z</time></trkpt><trkpt lat="37.02837563260029" lon="139.22102194656424"><ele>1611.3307858686894</ele><time>2022-10-22T00:23:45Z</time></trkpt><trkpt lat="37.02833202769607" lon="139.22080264320599"><ele>1616.504473454319</ele><time>2022-10-22T00:24:19Z</time></trkpt><trkpt lat="37.02822834519121" lon="139.22060962082526"><ele>1622.3691933955997</ele><time>2022-10-22T00:24:52Z</time></trkpt><trkpt lat="37.02812704519937" lon="139.2204165671027"><ele>1626.5810360992327</ele><time>2022-10-22T00:25:20Z</time></trkpt><trkpt lat="37.027982862990875" lon="139.2202772557769"><ele>1628.948589393869</ele><time>2022-10-22T00:25:45Z</time></trkpt><trkpt lat="37.02783053199483" lon="139.22015589591766"><ele>1632.109286615625</ele><time>2022-10-22T00:26:10Z</time></trkpt><trkpt lat="37.02765598677669" lon="139.2200931220071"><ele>1633.2960646441206</ele><time>2022-10-22T00:26:34Z</time></trkpt><trkpt lat="37.02749067215018" lon="139.2199888358285"><ele>1641.9107888881117</ele><time>2022-10-22T00:27:17Z</time></trkpt><trkpt lat="37.02730873702521" lon="139.2199872115098"><ele>1650.6898926645517</ele><time>2022-10-22T00:27:59Z</time></trkpt><trkpt lat="37.0271280209049" lon="139.21994740802927"><ele>1656.4085351461545</ele><time>2022-10-22T00:28:40Z</time></trkpt><trkpt lat="37.026965170621864" lon="139.2198375190712"><ele>1661.6713439328596</ele><time>2022-10-22T00:29:16Z</time></trkpt><trkpt lat="37.02679789596253" lon="139.21975279167424"><ele>1666.524044050835</ele><time>2022-10-22T00:29:47Z</time></trkpt><trkpt lat="37.026627353273895" lon="139.21967901278316"><ele>1664.3964177956805</ele><time>2022-10-22T00:30:12Z</time></trkpt><trkpt lat="37.02644670252386" lon="139.21961809965973"><ele>1664.7350603984669</ele><time>2022-10-22T00:30:33Z</time></trkpt><trkpt lat="37.02631915567813" lon="139.219450268082"><ele>1664.7600997556</ele><time>2022-10-22T00:30:54Z</time></trkpt><trkpt lat="37.02620086019394" lon="139.21927510468996"><ele>1666.1210567215458</ele><time>2022-10-22T00:31:19Z</time></trkpt><trkpt lat="37.02604993166765" lon="139.2191482377142"><ele>1669.1203223560005</ele><time>2022-10-22T00:31:41Z</time></trkpt><trkpt lat="37.02589617283931" lon="139.21901773211815"><ele>1673.376943553798</ele><time>2022-10-22T00:32:12Z</time></trkpt><trkpt lat="37.02572856195197" lon="139.21891999169026"><ele>1679.159772709012</ele><time>2022-10-22T00:32:42Z</time></trkpt><trkpt lat="37.02556849587804" lon="139.21878256187796"><ele>1686.3499950831756</ele><time>2022-10-22T00:33:13Z</time></trkpt><trkpt lat="37.02541360541742" lon="139.21866756295296"><ele>1686.5858142795041</ele><time>2022-10-22T00:33:38Z</time></trkpt><trkpt lat="37.02527289227134" lon="139.218517425986"><ele>1692.8509460538626</ele><time>2022-10-22T00:34:14Z</time></trkpt><trkpt lat="37.02510647694823" lon="139.2184213760997"><ele>1693.6866934904829</ele><time>2022-10-22T00:34:43Z</time></trkpt><trkpt lat="37.02492964873595" lon="139.21851568037476"><ele>1696.8414327576756</ele><time>2022-10-22T00:35:09Z</time></trkpt><trkpt lat="37.024771590520515" lon="139.21863082875177"><ele>1696.2472644019872</ele><time>2022-10-22T00:35:27Z</time></trkpt><trkpt lat="37.02459402268767" lon="139.21858705111882"><ele>1687.3108826233074</ele><time>2022-10-22T00:35:59Z</time></trkpt><trkpt lat="37.024408930549214" lon="139.21856651955468"><ele>1680.258125626482</ele><time>2022-10-22T00:36:30Z</time></trkpt><trkpt lat="37.02422140605391" lon="139.21853687466697"><ele>1675.8258966533467</ele><time>2022-10-22T00:36:53Z</time></trkpt><trkpt lat="37.02404306993329" lon="139.2185855987431"><ele>1675.9810792002827</ele><time>2022-10-22T00:37:17Z</time></trkpt><trkpt lat="37.02386530875872" lon="139.21866235363788"><ele>1679.2300626356155</ele><time>2022-10-22T00:37:44Z</time></trkpt><trkpt lat="37.02370222247015" lon="139.21875830374537"><ele>1686.0826313886791</ele><time>2022-10-22T00:38:29Z</time></trkpt><trkpt lat="37.02352340498033" lon="139.21871055750083"><ele>1693.6420139148831</ele><time>2022-10-22T00:39:07Z</time></trkpt><trkpt lat="37.02333356512886" lon="139.21869043536492"><ele>1696.1812080778182</ele><time>2022-10-22T00:39:32Z</time></trkpt><trkpt lat="37.023155823972466" lon="139.21864439672208"><ele>1695.829403951764</ele><time>2022-10-22T00:39:57Z</time></trkpt><trkpt lat="37.022972514325076" lon="139.21861164640998"><ele>1694.503015909344</ele><time>2022-10-22T00:40:21Z</time></trkpt><trkpt lat="37.02279446080587" lon="139.2185638942562"><ele>1698.248316168785</ele><time>2022-10-22T00:40:43Z</time></trkpt><trkpt lat="37.02261359011906" lon="139.21851475791107"><ele>1699.3271525586024</ele><time>2022-10-22T00:41:09Z</time></trkpt><trkpt lat="37.022446967466415" lon="139.21841691222707"><ele>1703.2631659200415</ele><time>2022-10-22T00:41:35Z</time></trkpt><trkpt lat="37.022263572339234" lon="139.21839814654615"><ele>1698.882907928899</ele><time>2022-10-22T00:41:57Z</time></trkpt><trkpt lat="37.02208211917752" lon="139.21838529001997"><ele>1698.1383218811825</ele><time>2022-10-22T00:42:18Z</time></trkpt><trkpt lat="37.021904243064775" lon="139.21842201365976"><ele>1700.2920527607203</ele><time>2022-10-22T00:42:38Z</time></trkpt><trkpt lat="37.021714942990464" lon="139.2184025983629"><ele>1700.868588667363</ele><time>2022-10-22T00:43:02Z</time></trkpt><trkpt lat="37.02154481726053" lon="139.21830724844216"><ele>1699.8701700884849</ele><time>2022-10-22T00:43:24Z</time></trkpt><trkpt lat="37.021393298288196" lon="139.21817936585387"><ele>1698.2317262478173</ele><time>2022-10-22T00:43:42Z</time></trkpt><trkpt lat="37.02122872769655" lon="139.21828050485385"><ele>1698.5661394288763</ele><time>2022-10-22T00:44:03Z</time></trkpt><trkpt lat="37.021052676274536" lon="139.2182178689884"><ele>1700.7245979374275</ele><time>2022-10-22T00:44:28Z</time></trkpt><trkpt lat="37.02088528659503" lon="139.21812448075272"><ele>1700.623368827626</ele><time>2022-10-22T00:44:50Z</time></trkpt><trkpt lat="37.02070269669502" lon="139.2181079474966"><ele>1697.423445282504</ele><time>2022-10-22T00:45:09Z</time></trkpt><trkpt lat="37.0205263338555" lon="139.21815874553974"><ele>1695.7932355236262</ele><time>2022-10-22T00:45:28Z</time></trkpt><trkpt lat="37.02034156469421" lon="139.21815966628157"><ele>1692.3030914282426</ele><time>2022-10-22T00:45:48Z</time></trkpt><trkpt lat="37.02016089958591" lon="139.2181413320954"><ele>1690.1520442767069</ele><time>2022-10-22T00:46:06Z</time></trkpt><trkpt lat="37.019982374218735" lon="139.21808302174463"><ele>1689.7093706345186</ele><time>2022-10-22T00:46:25Z</time></trkpt><trkpt lat="37.01979794327169" lon="139.21808323727475"><ele>1692.3452545888722</ele><time>2022-10-22T00:46:43Z</time></trkpt><trkpt lat="37.01961645911481" lon="139.21810267471832"><ele>1695.0244843773544</ele><time>2022-10-22T00:47:05Z</time></trkpt><trkpt lat="37.01942887346668" lon="139.21810667067678"><ele>1695.5200615851209</ele><time>2022-10-22T00:47:24Z</time></trkpt><trkpt lat="37.019245985314264" lon="139.2181669297317"><ele>1696.3351321006194</ele><time>2022-10-22T00:47:42Z</time></trkpt><trkpt lat="37.01906479155748" lon="139.21818996106612"><ele>1696.9052096521482</ele><time>2022-10-22T00:47:59Z</time></trkpt><trkpt lat="37.01888095473347" lon="139.2182123094253"><ele>1696.4346561441198</ele><time>2022-10-22T00:48:16Z</time></trkpt><trkpt lat="37.018701872629386" lon="139.21824423150207"><ele>1696.42709784396</ele><time>2022-10-22T00:48:34Z</time></trkpt><trkpt lat="37.01851737265856" lon="139.21821023537032"><ele>1697.3375429976732</ele><time>2022-10-22T00:48:55Z</time></trkpt><trkpt lat="37.01835454796763" lon="139.21808476645217"><ele>1693.098141450435</ele><time>2022-10-22T00:49:16Z</time></trkpt><trkpt lat="37.018171145196426" lon="139.21801929057946"><ele>1689.6673576273024</ele><time>2022-10-22T00:49:36Z</time></trkpt><trkpt lat="37.01799409726326" lon="139.2179673455986"><ele>1689.740982872434</ele><time>2022-10-22T00:49:56Z</time></trkpt><trkpt lat="37.017810404355124" lon="139.21799195675703"><ele>1687.323958851397</ele><time>2022-10-22T00:50:15Z</time></trkpt><trkpt lat="37.01762421886185" lon="139.21797428373114"><ele>1685.058189525269</ele><time>2022-10-22T00:50:36Z</time></trkpt><trkpt lat="37.01743944834241" lon="139.21802732253354"><ele>1682.1153187882155</ele><time>2022-10-22T00:50:59Z</time></trkpt><trkpt lat="37.01730142314882" lon="139.21787792285937"><ele>1681.4718569535762</ele><time>2022-10-22T00:51:21Z</time></trkpt><trkpt lat="37.017209076605695" lon="139.21767742896975"><ele>1678.763599967584</ele><time>2022-10-22T00:51:44Z</time></trkpt><trkpt lat="37.017115221825094" lon="139.21748222053637"><ele>1677.8765678079799</ele><time>2022-10-22T00:52:09Z</time></trkpt><trkpt lat="37.01705888592328" lon="139.21726402554435"><ele>1676.6394553463906</ele><time>2022-10-22T00:52:40Z</time></trkpt><trkpt lat="37.01698564132" lon="139.21705619981242"><ele>1677.7035021614283</ele><time>2022-10-22T00:53:09Z</time></trkpt><trkpt lat="37.016895781042734" lon="139.21685056180633"><ele>1676.8698600744829</ele><time>2022-10-22T00:53:31Z</time></trkpt><trkpt lat="37.016747772737084" lon="139.21671896722407"><ele>1673.5965064456686</ele><time>2022-10-22T00:53:51Z</time></trkpt><trkpt lat="37.01659946236703" lon="139.2165835188866"><ele>1672.0089759184048</ele><time>2022-10-22T00:54:14Z</time></trkpt><trkpt lat="37.01650224204147" lon="139.21639235485543"><ele>1665.999798860401</ele><time>2022-10-22T00:54:42Z</time></trkpt><trkpt lat="37.01643806106461" lon="139.216168584071"><ele>1664.4646133398637</ele><time>2022-10-22T00:55:08Z</time></trkpt><trkpt lat="37.016420559987786" lon="139.215943127743"><ele>1659.2973246928304</ele><time>2022-10-22T00:55:34Z</time></trkpt><trkpt lat="37.01643248773143" lon="139.21571288795778"><ele>1657.1075570927933</ele><time>2022-10-22T00:55:57Z</time></trkpt><trkpt lat="37.01639922072531" lon="139.21549102711586"><ele>1652.578966036439</ele><time>2022-10-22T00:56:16Z</time></trkpt><trkpt lat="37.016375346043866" lon="139.21526182102625"><ele>1651.3283486841246</ele><time>2022-10-22T00:56:35Z</time></trkpt><trkpt lat="37.016345821312875" lon="139.21503481656256"><ele>1649.0220733415335</ele><time>2022-10-22T00:57:13Z</time></trkpt><trkpt lat="37.01628429452951" lon="139.2148186711354"><ele>1647.4415994454175</ele><time>2022-10-22T00:57:35Z</time></trkpt><trkpt lat="37.016158212329024" lon="139.21465230882995"><ele>1650.7535840151832</ele><time>2022-10-22T00:57:56Z</time></trkpt><trkpt lat="37.016135309397" lon="139.21442168522205"><ele>1653.8914385531098</ele><time>2022-10-22T00:58:19Z</time></trkpt><trkpt lat="37.01602763487055" lon="139.21423834228224"><ele>1658.4357503261417</ele><time>2022-10-22T00:58:47Z</time></trkpt><trkpt lat="37.01595118684713" lon="139.21402433612232"><ele>1657.5696494281292</ele><time>2022-10-22T00:59:12Z</time></trkpt><trkpt lat="37.016008160919185" lon="139.21380069796257"><ele>1658.1801686398685</ele><time>2022-10-22T00:59:31Z</time></trkpt><trkpt lat="37.01612871636737" lon="139.21363300181832"><ele>1659.1408202182502</ele><time>2022-10-22T00:59:58Z</time></trkpt><trkpt lat="37.01617010633896" lon="139.213409696879"><ele>1663.0307017685845</ele><time>2022-10-22T01:00:25Z</time></trkpt><trkpt lat="37.01621150555564" lon="139.21317006891988"><ele>1662.0754794655368</ele><time>2022-10-22T01:00:45Z</time></trkpt><trkpt lat="37.016226663186856" lon="139.21294100835271"><ele>1663.82711305283</ele><time>2022-10-22T01:01:03Z</time></trkpt><trkpt lat="37.016202782021566" lon="139.21271337212121"><ele>1666.5743435230106</ele><time>2022-10-22T01:01:25Z</time></trkpt><trkpt lat="37.01626805074257" lon="139.21249206182816"><ele>1669.2272237874568</ele><time>2022-10-22T01:01:57Z</time></trkpt><trkpt lat="37.016219331846926" lon="139.21227353745923"><ele>1670.437464739196</ele><time>2022-10-22T01:02:19Z</time></trkpt><trkpt lat="37.016173998177536" lon="139.21204314557164"><ele>1671.0039799632505</ele><time>2022-10-22T01:02:42Z</time></trkpt><trkpt lat="37.016253477998596" lon="139.21183816144173"><ele>1679.1871838318184</ele><time>2022-10-22T01:03:11Z</time></trkpt><trkpt lat="37.01624422563566" lon="139.21161229144332"><ele>1683.3820940274745</ele><time>2022-10-22T01:03:40Z</time></trkpt><trkpt lat="37.01620471107574" lon="139.21138317246385"><ele>1691.6614491296932</ele><time>2022-10-22T01:04:12Z</time></trkpt><trkpt lat="37.01618280075174" lon="139.21116009500437"><ele>1697.1522603491321</ele><time>2022-10-22T01:04:45Z</time></trkpt><trkpt lat="37.016090276936666" lon="139.21096344192173"><ele>1699.3577638342977</ele><time>2022-10-22T01:05:13Z</time></trkpt><trkpt lat="37.01599833074384" lon="139.2107681347597"><ele>1705.0779598997906</ele><time>2022-10-22T01:05:50Z</time></trkpt><trkpt lat="37.01608428649767" lon="139.2105659432893"><ele>1709.8769906675443</ele><time>2022-10-22T01:06:15Z</time></trkpt><trkpt lat="37.01604885466612" lon="139.21034031706228"><ele>1714.1027266951278</ele><time>2022-10-22T01:06:36Z</time></trkpt><trkpt lat="37.01596922643791" lon="139.21012919540667"><ele>1717.7091614436358</ele><time>2022-10-22T01:07:05Z</time></trkpt><trkpt lat="37.01583963254075" lon="139.20997306935143"><ele>1721.9363212483004</ele><time>2022-10-22T01:07:36Z</time></trkpt><trkpt lat="37.015939492597" lon="139.20977252040117"><ele>1725.0849345307797</ele><time>2022-10-22T01:07:54Z</time></trkpt><trkpt lat="37.015824386299066" lon="139.20958943424563"><ele>1727.4325800333172</ele><time>2022-10-22T01:08:10Z</time></trkpt><trkpt lat="37.015690231932616" lon="139.20943332823876"><ele>1727.8284401353449</ele><time>2022-10-22T01:08:33Z</time></trkpt><trkpt lat="37.015593247339844" lon="139.2092403138669"><ele>1731.7920784372836</ele><time>2022-10-22T01:08:56Z</time></trkpt><trkpt lat="37.01560293374723" lon="139.20900423997932"><ele>1733.3519117571414</ele><time>2022-10-22T01:09:17Z</time></trkpt><trkpt lat="37.01570147723546" lon="139.2088060842037"><ele>1734.8327352032065</ele><time>2022-10-22T01:09:39Z</time></trkpt><trkpt lat="37.01573231255417" lon="139.20857543875897"><ele>1738.6973495939746</ele><time>2022-10-22T01:09:59Z</time></trkpt><trkpt lat="37.01563138032396" lon="139.20838679447382"><ele>1742.452451418154</ele><time>2022-10-22T01:10:23Z</time></trkpt><trkpt lat="37.01565981269887" lon="139.20815943849973"><ele>1747.0077799893916</ele><time>2022-10-22T01:10:47Z</time></trkpt><trkpt lat="37.015611568038764" lon="139.20793483125445"><ele>1747.744975823909</ele><time>2022-10-22T01:11:10Z</time></trkpt><trkpt lat="37.01564431965335" lon="139.20771207563052"><ele>1752.4209314556792</ele><time>2022-10-22T01:11:33Z</time></trkpt><trkpt lat="37.01568127775095" lon="139.2074887835445"><ele>1754.2848883289844</ele><time>2022-10-22T01:11:54Z</time></trkpt><trkpt lat="37.01570552050455" lon="139.20726493918468"><ele>1757.003738693893</ele><time>2022-10-22T01:12:15Z</time></trkpt><trkpt lat="37.01578257059481" lon="139.20704960938542"><ele>1759.1083333287388</ele><time>2022-10-22T01:12:31Z</time></trkpt><trkpt lat="37.015723796311605" lon="139.2068268061029"><ele>1757.204489772208</ele><time>2022-10-22T01:12:47Z</time></trkpt><trkpt lat="37.01560381115855" lon="139.20665373880735"><ele>1755.2530424240977</ele><time>2022-10-22T01:13:06Z</time></trkpt><trkpt lat="37.015544989435774" lon="139.20643154412085"><ele>1753.4827510518953</ele><time>2022-10-22T01:13:20Z</time></trkpt><trkpt lat="37.015481886671736" lon="139.20621179065122"><ele>1752.1790007427335</ele><time>2022-10-22T01:13:35Z</time></trkpt><trkpt lat="37.01539247378856" lon="139.20600290563902"><ele>1750.7672523437068</ele><time>2022-10-22T01:13:52Z</time></trkpt><trkpt lat="37.015316906450316" lon="139.20578472501793"><ele>1741.8484318042174</ele><time>2022-10-22T01:14:10Z</time></trkpt><trkpt lat="37.01529369525567" lon="139.20555672388772"><ele>1738.9126528808847</ele><time>2022-10-22T01:14:26Z</time></trkpt><trkpt lat="37.01519154395435" lon="139.20536390708864"><ele>1730.7509099347517</ele><time>2022-10-22T01:14:44Z</time></trkpt><trkpt lat="37.01509648934392" lon="139.20516618124253"><ele>1731.448218611069</ele><time>2022-10-22T01:15:01Z</time></trkpt><trkpt lat="37.015080150974285" lon="139.20493428342283"><ele>1731.0988730741665</ele><time>2022-10-22T01:15:20Z</time></trkpt><trkpt lat="37.01497579682323" lon="139.2047494305116"><ele>1734.753298457712</ele><time>2022-10-22T01:15:42Z</time></trkpt><trkpt lat="37.0149143804992" lon="139.20453052178303"><ele>1730.960107576102</ele><time>2022-10-22T01:16:01Z</time></trkpt><trkpt lat="37.01487089633116" lon="139.20431102553675"><ele>1729.689346946776</ele><time>2022-10-22T01:16:16Z</time></trkpt><trkpt lat="37.01482197309268" lon="139.20408941013065"><ele>1731.5891915047541</ele><time>2022-10-22T01:16:29Z</time></trkpt><trkpt lat="37.01476198887817" lon="139.20387534796862"><ele>1732.5515030259266</ele><time>2022-10-22T01:16:45Z</time></trkpt><trkpt lat="37.01476065707768" lon="139.20364471573845"><ele>1722.7921360684559</ele><time>2022-10-22T01:17:09Z</time></trkpt><trkpt lat="37.01469933101438" lon="139.20343157272907"><ele>1719.787008067593</ele><time>2022-10-22T01:17:25Z</time></trkpt><trkpt lat="37.01472042403654" lon="139.20320337255689"><ele>1718.5448945229873</ele><time>2022-10-22T01:17:42Z</time></trkpt><trkpt lat="37.014734831939904" lon="139.20297328541602"><ele>1718.3899760656059</ele><time>2022-10-22T01:18:01Z</time></trkpt><trkpt lat="37.014759753010395" lon="139.20274648120952"><ele>1718.9402608796954</ele><time>2022-10-22T01:18:20Z</time></trkpt><trkpt lat="37.01469124922718" lon="139.20253675513425"><ele>1719.7163432845846</ele><time>2022-10-22T01:18:36Z</time></trkpt><trkpt lat="37.014626033824115" lon="139.20232452820548"><ele>1722.3669827012345</ele><time>2022-10-22T01:18:59Z</time></trkpt><trkpt lat="37.01452769679797" lon="139.2021188369432"><ele>1726.125927483663</ele><time>2022-10-22T01:19:28Z</time></trkpt><trkpt lat="37.0145104398337" lon="139.20189518497526"><ele>1727.2671930426732</ele><time>2022-10-22T01:19:46Z</time></trkpt><trkpt lat="37.014496761404615" lon="139.20166722296628"><ele>1729.0535842534155</ele><time>2022-10-22T01:20:02Z</time></trkpt><trkpt lat="37.01453470588286" lon="139.20144405712782"><ele>1727.5614323802292</ele><time>2022-10-22T01:20:25Z</time></trkpt><trkpt lat="37.01454708220225" lon="139.2012174886042"><ele>1727.492012804374</ele><time>2022-10-22T01:20:54Z</time></trkpt><trkpt lat="37.014477011479954" lon="139.20101020479441"><ele>1733.555079312995</ele><time>2022-10-22T01:21:17Z</time></trkpt><trkpt lat="37.01440012642428" lon="139.20079803256195"><ele>1733.4836283316836</ele><time>2022-10-22T01:21:40Z</time></trkpt><trkpt lat="37.014364398670715" lon="139.20057160018547"><ele>1735.5890902047977</ele><time>2022-10-22T01:22:00Z</time></trkpt><trkpt lat="37.01429496190849" lon="139.20034911295184"><ele>1741.8038853555918</ele><time>2022-10-22T01:22:22Z</time></trkpt><trkpt lat="37.01420570317467" lon="139.20013643152555"><ele>1742.5356413889676</ele><time>2022-10-22T01:22:43Z</time></trkpt><trkpt lat="37.0141102573711" lon="139.19993758881378"><ele>1745.0956856235862</ele><time>2022-10-22T01:23:00Z</time></trkpt><trkpt lat="37.0141841924883" lon="139.19972780620475"><ele>1744.3227162873372</ele><time>2022-10-22T01:23:18Z</time></trkpt><trkpt lat="37.01411683926694" lon="139.1995047476093"><ele>1746.847659971565</ele><time>2022-10-22T01:23:32Z</time></trkpt><trkpt lat="37.01415567743077" lon="139.19927933852884"><ele>1744.0218995176256</ele><time>2022-10-22T01:23:48Z</time></trkpt><trkpt lat="37.014163689689646" lon="139.19905084346948"><ele>1743.5274597741663</ele><time>2022-10-22T01:24:03Z</time></trkpt><trkpt lat="37.01416844383577" lon="139.19881692800953"><ele>1739.4748105239123</ele><time>2022-10-22T01:24:18Z</time></trkpt><trkpt lat="37.01415350925596" lon="139.19858769077717"><ele>1740.6377644995227</ele><time>2022-10-22T01:24:32Z</time></trkpt><trkpt lat="37.014233123628756" lon="139.19837459596746"><ele>1736.6712307166308</ele><time>2022-10-22T01:24:49Z</time></trkpt><trkpt lat="37.01419873227778" lon="139.19814956648278"><ele>1734.8492215154693</ele><time>2022-10-22T01:25:11Z</time></trkpt><trkpt lat="37.01410232498581" lon="139.19794873251337"><ele>1734.7375686652958</ele><time>2022-10-22T01:25:27Z</time></trkpt><trkpt lat="37.0140983238352" lon="139.19771337642226"><ele>1733.2667374648154</ele><time>2022-10-22T01:25:47Z</time></trkpt><trkpt lat="37.014185608252895" lon="139.1975145628013"><ele>1731.7407822282985</ele><time>2022-10-22T01:26:03Z</time></trkpt><trkpt lat="37.01413243136282" lon="139.19729576414872"><ele>1729.4287368506193</ele><time>2022-10-22T01:26:16Z</time></trkpt><trkpt lat="37.014152179627" lon="139.19706721871086"><ele>1728.8867231076583</ele><time>2022-10-22T01:26:32Z</time></trkpt><trkpt lat="37.01410431343337" lon="139.19684444809914"><ele>1726.9978948272765</ele><time>2022-10-22T01:26:46Z</time></trkpt><trkpt lat="37.01408424373058" lon="139.19661446099468"><ele>1724.3827786082402</ele><time>2022-10-22T01:27:01Z</time></trkpt><trkpt lat="37.01403089320971" lon="139.19639531068913"><ele>1724.797888001427</ele><time>2022-10-22T01:27:15Z</time></trkpt><trkpt lat="37.01403660804082" lon="139.19615846535203"><ele>1723.326444119215</ele><time>2022-10-22T01:27:30Z</time></trkpt><trkpt lat="37.014045370331885" lon="139.1959224545003"><ele>1718.959696944803</ele><time>2022-10-22T01:27:47Z</time></trkpt><trkpt lat="37.013949160470766" lon="139.1957267960577"><ele>1715.6759957605973</ele><time>2022-10-22T01:28:01Z</time></trkpt><trkpt lat="37.01390764934605" lon="139.19549221951948"><ele>1714.3248442802578</ele><time>2022-10-22T01:28:17Z</time></trkpt><trkpt lat="37.013905785824505" lon="139.1952587808937"><ele>1714.5001197410747</ele><time>2022-10-22T01:28:33Z</time></trkpt><trkpt lat="37.013786307114856" lon="139.19507887452846"><ele>1712.2332454621792</ele><time>2022-10-22T01:28:49Z</time></trkpt><trkpt lat="37.01363604235708" lon="139.1949351799509"><ele>1710.5620583212003</ele><time>2022-10-22T01:29:03Z</time></trkpt><trkpt lat="37.013526720501126" lon="139.1947461542065"><ele>1709.6405296353623</ele><time>2022-10-22T01:29:20Z</time></trkpt><trkpt lat="37.0134072510256" lon="139.19457451201717"><ele>1709.7529246630147</ele><time>2022-10-22T01:29:35Z</time></trkpt><trkpt lat="37.013286785651324" lon="139.19439438918118"><ele>1711.262265369296</ele><time>2022-10-22T01:29:51Z</time></trkpt><trkpt lat="37.01326839399003" lon="139.19416662637104"><ele>1715.0144137144089</ele><time>2022-10-22T01:30:10Z</time></trkpt><trkpt lat="37.013287518598965" lon="139.1939313923601"><ele>1714.8122326442972</ele><time>2022-10-22T01:30:26Z</time></trkpt><trkpt lat="37.01326328957137" lon="139.19369440310354"><ele>1717.578752427362</ele><time>2022-10-22T01:30:43Z</time></trkpt><trkpt lat="37.01326704107655" lon="139.19346777791114"><ele>1719.6404220052063</ele><time>2022-10-22T01:30:58Z</time></trkpt><trkpt lat="37.01318906419685" lon="139.19325402831362"><ele>1720.4389811297879</ele><time>2022-10-22T01:31:14Z</time></trkpt><trkpt lat="37.013176556645405" lon="139.1930253843729"><ele>1721.9317688588053</ele><time>2022-10-22T01:31:29Z</time></trkpt><trkpt lat="37.013235931110344" lon="139.19281188992676"><ele>1722.0131054176018</ele><time>2022-10-22T01:31:44Z</time></trkpt><trkpt lat="37.01324414819737" lon="139.19257359091037"><ele>1726.1040537543595</ele><time>2022-10-22T01:32:00Z</time></trkpt><trkpt lat="37.01329323631587" lon="139.19234385703186"><ele>1726.4513899860904</ele><time>2022-10-22T01:32:17Z</time></trkpt><trkpt lat="37.013257369060334" lon="139.1921205000679"><ele>1730.517038919963</ele><time>2022-10-22T01:32:36Z</time></trkpt><trkpt lat="37.013248430167316" lon="139.1918905999217"><ele>1734.8399432506412</ele><time>2022-10-22T01:33:02Z</time></trkpt><trkpt lat="37.01318250972788" lon="139.19167814350408"><ele>1739.8723861947656</ele><time>2022-10-22T01:33:32Z</time></trkpt><trkpt lat="37.01317420548406" lon="139.19144990131588"><ele>1747.763890412636</ele><time>2022-10-22T01:34:05Z</time></trkpt><trkpt lat="37.013206382896946" lon="139.1912193432948"><ele>1753.4721423266456</ele><time>2022-10-22T01:34:33Z</time></trkpt><trkpt lat="37.01313585379374" lon="139.19100515682004"><ele>1759.5322540719062</ele><time>2022-10-22T01:37:39Z</time></trkpt><trkpt lat="37.013119606881084" lon="139.1907696119601"><ele>1764.4389226762578</ele><time>2022-10-22T01:38:05Z</time></trkpt><trkpt lat="37.013085854565304" lon="139.1905322110927"><ele>1771.0352612147108</ele><time>2022-10-22T01:38:30Z</time></trkpt><trkpt lat="37.013001429655674" lon="139.1903289252574"><ele>1775.8971541235223</ele><time>2022-10-22T01:39:02Z</time></trkpt><trkpt lat="37.01297398931246" lon="139.19010545916535"><ele>1786.5673447987065</ele><time>2022-10-22T01:39:33Z</time></trkpt><trkpt lat="37.01292570859934" lon="139.1898887746839"><ele>1793.6343491859734</ele><time>2022-10-22T01:40:01Z</time></trkpt><trkpt lat="37.01286112341737" lon="139.1896754874668"><ele>1797.0315751563758</ele><time>2022-10-22T01:40:24Z</time></trkpt><trkpt lat="37.01281195375107" lon="139.18945508791995"><ele>1802.4858540510759</ele><time>2022-10-22T01:40:46Z</time></trkpt><trkpt lat="37.012760148201544" lon="139.1892325027355"><ele>1806.8554753474891</ele><time>2022-10-22T01:41:05Z</time></trkpt><trkpt lat="37.01261715971479" lon="139.18907097530274"><ele>1807.6641749534756</ele><time>2022-10-22T01:41:25Z</time></trkpt><trkpt lat="37.0125138738365" lon="139.1888790852479"><ele>1808.1367960376665</ele><time>2022-10-22T01:41:43Z</time></trkpt><trkpt lat="37.012507067763615" lon="139.18864844733068"><ele>1808.9719809209928</ele><time>2022-10-22T01:41:59Z</time></trkpt><trkpt lat="37.01245091125406" lon="139.1884245338304"><ele>1812.937544782646</ele><time>2022-10-22T01:42:15Z</time></trkpt><trkpt lat="37.01241017877161" lon="139.1881926662093"><ele>1817.9870921922848</ele><time>2022-10-22T01:42:32Z</time></trkpt><trkpt lat="37.01232567680099" lon="139.1879870977603"><ele>1825.0976604437456</ele><time>2022-10-22T01:43:01Z</time></trkpt><trkpt lat="37.012268337389415" lon="139.18777288252014"><ele>1829.7359870588407</ele><time>2022-10-22T01:43:26Z</time></trkpt><trkpt lat="37.01223856376914" lon="139.18754825253137"><ele>1828.3001176239923</ele><time>2022-10-22T01:43:42Z</time></trkpt><trkpt lat="37.01215722360529" lon="139.1873413386359"><ele>1827.0535367969424</ele><time>2022-10-22T01:43:57Z</time></trkpt><trkpt lat="37.01207749096506" lon="139.18712686001814"><ele>1829.7325950935483</ele><time>2022-10-22T01:44:11Z</time></trkpt><trkpt lat="37.01197056907456" lon="139.18694118597736"><ele>1830.0651632221416</ele><time>2022-10-22T01:44:27Z</time></trkpt><trkpt lat="37.011863051428996" lon="139.1867417461419"><ele>1833.2476886240765</ele><time>2022-10-22T01:44:44Z</time></trkpt><trkpt lat="37.01175755800518" lon="139.18655246778178"><ele>1836.4658212233335</ele><time>2022-10-22T01:45:07Z</time></trkpt><trkpt lat="37.01166009125466" lon="139.18635125522476"><ele>1838.3257249537855</ele><time>2022-10-22T01:45:25Z</time></trkpt><trkpt lat="37.011529824277225" lon="139.18617431435445"><ele>1839.6586642647162</ele><time>2022-10-22T01:45:40Z</time></trkpt><trkpt lat="37.01144758082531" lon="139.18597069769544"><ele>1842.1701662903652</ele><time>2022-10-22T01:45:57Z</time></trkpt><trkpt lat="37.01142733317552" lon="139.18574635081845"><ele>1848.1205961881205</ele><time>2022-10-22T01:46:18Z</time></trkpt><trkpt lat="37.01134723957158" lon="139.18553652316783"><ele>1855.2702188594267</ele><time>2022-10-22T01:46:42Z</time></trkpt><trkpt lat="37.01121799657863" lon="139.18537071053157"><ele>1863.9527671188116</ele><time>2022-10-22T01:47:11Z</time></trkpt><trkpt lat="37.01111156627674" lon="139.1851853881154"><ele>1871.5435359021649</ele><time>2022-10-22T01:47:52Z</time></trkpt><trkpt lat="37.0110273266007" lon="139.1849852019955"><ele>1880.640413495712</ele><time>2022-10-22T01:48:33Z</time></trkpt><trkpt lat="37.01094505777732" lon="139.184781819132"><ele>1889.1604730673134</ele><time>2022-10-22T01:49:10Z</time></trkpt><trkpt lat="37.010894662643814" lon="139.1845641433004"><ele>1899.4603611659259</ele><time>2022-10-22T01:49:50Z</time></trkpt><trkpt lat="37.0109297705169" lon="139.1843297942646"><ele>1904.715695171617</ele><time>2022-10-22T01:50:22Z</time></trkpt><trkpt lat="37.010911249533194" lon="139.1840919037199"><ele>1909.4095481475815</ele><time>2022-10-22T01:50:46Z</time></trkpt><trkpt lat="37.010842001650694" lon="139.18387089485373"><ele>1912.0214594574645</ele><time>2022-10-22T01:51:07Z</time></trkpt><trkpt lat="37.01081654604108" lon="139.18364081195043"><ele>1918.2808349961415</ele><time>2022-10-22T01:51:29Z</time></trkpt><trkpt lat="37.010694094543574" lon="139.1834679462262"><ele>1923.9636540822685</ele><time>2022-10-22T01:51:52Z</time></trkpt><trkpt lat="37.01061753190756" lon="139.18326091940833"><ele>1930.8854498453438</ele><time>2022-10-22T01:52:13Z</time></trkpt><trkpt lat="37.01052937655198" lon="139.18306130639402"><ele>1938.8486483404413</ele><time>2022-10-22T01:52:41Z</time></trkpt><trkpt lat="37.010436432719096" lon="139.18286583764592"><ele>1946.6128259245306</ele><time>2022-10-22T01:53:01Z</time></trkpt><trkpt lat="37.0103347944176" lon="139.18267892881224"><ele>1959.2957789925858</ele><time>2022-10-22T01:53:48Z</time></trkpt><trkpt lat="37.010194450770925" lon="139.18251946470502"><ele>1965.567663649097</ele><time>2022-10-22T01:54:20Z</time></trkpt><trkpt lat="37.01015896673552" lon="139.1822908447675"><ele>1970.4486804148182</ele><time>2022-10-22T01:54:43Z</time></trkpt><trkpt lat="37.01012740267682" lon="139.18206774278508"><ele>1974.8971477905288</ele><time>2022-10-22T01:55:06Z</time></trkpt><trkpt lat="37.01011596210748" lon="139.18184000730685"><ele>1980.4193436950445</ele><time>2022-10-22T01:55:28Z</time></trkpt><trkpt lat="37.01013261526453" lon="139.1816136852437"><ele>1986.0221516806632</ele><time>2022-10-22T01:55:55Z</time></trkpt><trkpt lat="37.010120272085004" lon="139.18138614964565"><ele>1988.9471292253584</ele><time>2022-10-22T01:56:15Z</time></trkpt><trkpt lat="37.010181694730164" lon="139.18116896340027"><ele>1994.7351025994867</ele><time>2022-10-22T01:56:37Z</time></trkpt><trkpt lat="37.01027378288478" lon="139.1809719598116"><ele>2001.351860417053</ele><time>2022-10-22T01:57:06Z</time></trkpt><trkpt lat="37.01031334111281" lon="139.18074897081434"><ele>2009.9539541583508</ele><time>2022-10-22T01:57:34Z</time></trkpt><trkpt lat="37.010384759259765" lon="139.18054114304806"><ele>2014.930870837532</ele><time>2022-10-22T01:57:58Z</time></trkpt><trkpt lat="37.010439295075116" lon="139.18032466565182"><ele>2025.65172274597</ele><time>2022-10-22T01:58:34Z</time></trkpt><trkpt lat="37.01043619354514" lon="139.18009470589803"><ele>2033.0324830906466</ele><time>2022-10-22T01:59:09Z</time></trkpt><trkpt lat="37.010436992603225" lon="139.17986606838804"><ele>2036.7799088899046</ele><time>2022-10-22T01:59:40Z</time></trkpt><trkpt lat="37.01039769339178" lon="139.17964270088174"><ele>2042.1169524332508</ele><time>2022-10-22T02:00:12Z</time></trkpt><trkpt lat="37.01043966696693" lon="139.1794176042016"><ele>2048.878196475096</ele><time>2022-10-22T02:00:47Z</time></trkpt><trkpt lat="37.010474598552264" lon="139.1791927578142"><ele>2055.3321087490767</ele><time>2022-10-22T02:01:17Z</time></trkpt><trkpt lat="37.01053178789366" lon="139.178975482759"><ele>2060.3900507837534</ele><time>2022-10-22T02:01:46Z</time></trkpt><trkpt lat="37.01063783982313" lon="139.17879248046026"><ele>2071.4252096377313</ele><time>2022-10-22T02:02:21Z</time></trkpt><trkpt lat="37.0106813613534" lon="139.17857088567112"><ele>2083.772691511549</ele><time>2022-10-22T02:03:16Z</time></trkpt><trkpt lat="37.01076310360446" lon="139.17836541622094"><ele>2080.8572442037985</ele><time>2022-10-22T02:03:36Z</time></trkpt><trkpt lat="37.0108394642751" lon="139.17814562835974"><ele>2083.6551642529666</ele><time>2022-10-22T02:03:55Z</time></trkpt><trkpt lat="37.01085918634232" lon="139.17790739727045"><ele>2083.289547304623</ele><time>2022-10-22T02:04:09Z</time></trkpt><trkpt lat="37.010906928292464" lon="139.1776779803653"><ele>2085.702123492025</ele><time>2022-10-22T02:04:24Z</time></trkpt><trkpt lat="37.01085557236943" lon="139.17745160587478"><ele>2086.220654539764</ele><time>2022-10-22T02:04:40Z</time></trkpt><trkpt lat="37.010666951936464" lon="139.1774401161072"><ele>2087.008505786769</ele><time>2022-10-22T02:05:37Z</time></trkpt><trkpt lat="37.010498675732286" lon="139.17734369832252"><ele>2085.9590319776908</ele><time>2022-10-22T02:05:51Z</time></trkpt><trkpt lat="37.010318431721686" lon="139.177354495498"><ele>2081.8023358890787</ele><time>2022-10-22T02:06:07Z</time></trkpt><trkpt lat="37.010132304915615" lon="139.17735125412247"><ele>2079.0033260751516</ele><time>2022-10-22T02:06:27Z</time></trkpt><trkpt lat="37.009947265796214" lon="139.17733116736238"><ele>2076.4288518950343</ele><time>2022-10-22T02:06:42Z</time></trkpt><trkpt lat="37.009772471975765" lon="139.17727588065011"><ele>2073.557391209528</ele><time>2022-10-22T02:06:55Z</time></trkpt><trkpt lat="37.00959525943611" lon="139.17720789492463"><ele>2070.158640652895</ele><time>2022-10-22T02:07:11Z</time></trkpt><trkpt lat="37.00942339399792" lon="139.17709937505373"><ele>2068.3094071233645</ele><time>2022-10-22T02:07:28Z</time></trkpt><trkpt lat="37.00927054348319" lon="139.1769556531879"><ele>2066.7134932186455</ele><time>2022-10-22T02:07:42Z</time></trkpt><trkpt lat="37.00914080522924" lon="139.1767888232749"><ele>2064.4135143952444</ele><time>2022-10-22T02:07:57Z</time></trkpt><trkpt lat="37.00905199444739" lon="139.17659267172624"><ele>2058.030044746585</ele><time>2022-10-22T02:08:28Z</time></trkpt><trkpt lat="37.00890076411615" lon="139.17646519440302"><ele>2054.922753613442</ele><time>2022-10-22T02:08:48Z</time></trkpt><trkpt lat="37.00874037995396" lon="139.17635924615493"><ele>2052.5868029929698</ele><time>2022-10-22T02:09:04Z</time></trkpt><trkpt lat="37.008581872614556" lon="139.17623629657712"><ele>2049.925831763074</ele><time>2022-10-22T02:09:21Z</time></trkpt><trkpt lat="37.0084382310842" lon="139.1760923229223"><ele>2047.0937135685235</ele><time>2022-10-22T02:09:39Z</time></trkpt><trkpt lat="37.00832498901325" lon="139.1759102701972"><ele>2047.4313927469775</ele><time>2022-10-22T02:09:58Z</time></trkpt><trkpt lat="37.00825836349785" lon="139.175684254289"><ele>2046.6780003039166</ele><time>2022-10-22T02:10:13Z</time></trkpt><trkpt lat="37.008127309046955" lon="139.1755259423077"><ele>2048.233791136183</ele><time>2022-10-22T02:10:28Z</time></trkpt><trkpt lat="37.00796417007641" lon="139.17541133292772"><ele>2048.793332280591</ele><time>2022-10-22T02:10:47Z</time></trkpt><trkpt lat="37.00778010696643" lon="139.17533153329495"><ele>2053.107912130654</ele><time>2022-10-22T02:11:09Z</time></trkpt><trkpt lat="37.007706426294774" lon="139.17511935218536"><ele>2056.7957036374137</ele><time>2022-10-22T02:11:27Z</time></trkpt><trkpt lat="37.00758433703562" lon="139.17494389831967"><ele>2057.376885473728</ele><time>2022-10-22T02:11:42Z</time></trkpt><trkpt lat="37.007432697069675" lon="139.17481706326868"><ele>2058.128379222937</ele><time>2022-10-22T02:11:59Z</time></trkpt><trkpt lat="37.007338808149264" lon="139.17462241967436"><ele>2059.107056543231</ele><time>2022-10-22T02:12:15Z</time></trkpt><trkpt lat="37.00718164277633" lon="139.1745066367785"><ele>2061.6452147681266</ele><time>2022-10-22T02:12:29Z</time></trkpt><trkpt lat="37.00704673999768" lon="139.17435162393267"><ele>2064.2375866109505</ele><time>2022-10-22T02:12:46Z</time></trkpt><trkpt lat="37.00687109774608" lon="139.1742965048817"><ele>2064.426746333018</ele><time>2022-10-22T02:13:01Z</time></trkpt><trkpt lat="37.00672023874297" lon="139.17417291451886"><ele>2068.8042634706944</ele><time>2022-10-22T02:13:21Z</time></trkpt><trkpt lat="37.00658259419861" lon="139.17401893631322"><ele>2067.0535601144657</ele><time>2022-10-22T02:13:42Z</time></trkpt><trkpt lat="37.006468991479366" lon="139.17383220878966"><ele>2075.4606360914186</ele><time>2022-10-22T02:13:59Z</time></trkpt><trkpt lat="37.006312454155626" lon="139.17370619061137"><ele>2079.4293780708686</ele><time>2022-10-22T02:14:20Z</time></trkpt><trkpt lat="37.0061309544595" lon="139.17366467654858"><ele>2082.2840934153646</ele><time>2022-10-22T02:14:39Z</time></trkpt><trkpt lat="37.00596722835559" lon="139.173563650476"><ele>2090.297491923906</ele><time>2022-10-22T02:15:04Z</time></trkpt><trkpt lat="37.0057822991796" lon="139.17350539184116"><ele>2093.746654697694</ele><time>2022-10-22T02:15:33Z</time></trkpt><trkpt lat="37.00562017048225" lon="139.17339299313255"><ele>2099.895291789435</ele><time>2022-10-22T02:15:59Z</time></trkpt><trkpt lat="37.00543285822089" lon="139.17339085059106"><ele>2104.5988207766786</ele><time>2022-10-22T02:16:27Z</time></trkpt><trkpt lat="37.00525675947271" lon="139.17345270034428"><ele>2107.965156301856</ele><time>2022-10-22T02:16:51Z</time></trkpt><trkpt lat="37.005088943428234" lon="139.1735469754602"><ele>2108.689532305114</ele><time>2022-10-22T02:17:08Z</time></trkpt><trkpt lat="37.004937360745245" lon="139.17367953096627"><ele>2110.5896032489836</ele><time>2022-10-22T02:17:26Z</time></trkpt><trkpt lat="37.00475255123032" lon="139.17370894412804"><ele>2116.5819457713515</ele><time>2022-10-22T02:17:44Z</time></trkpt><trkpt lat="37.004653893990195" lon="139.17373366120833"><ele>2118.397928743623</ele><time>2022-10-22T02:17:52Z</time></trkpt><trkpt lat="37.00464857859339" lon="139.17375270167148"><ele>2118.005692454055</ele><time>2022-10-22T02:17:54Z</time></trkpt><trkpt lat="37.00448395179933" lon="139.17363456858678"><ele>2117.5714618694037</ele><time>2022-10-22T02:18:11Z</time></trkpt><trkpt lat="37.00436088672238" lon="139.17345805578535"><ele>2121.202711218968</ele><time>2022-10-22T02:18:28Z</time></trkpt><trkpt lat="37.00423481367083" lon="139.17329675157134"><ele>2122.865185902454</ele><time>2022-10-22T02:18:43Z</time></trkpt><trkpt lat="37.00405065031901" lon="139.17325500154064"><ele>2125.612512371503</ele><time>2022-10-22T02:18:59Z</time></trkpt><trkpt lat="37.003878515613266" lon="139.17317635078194"><ele>2128.7234788015485</ele><time>2022-10-22T02:19:16Z</time></trkpt><trkpt lat="37.00370934876327" lon="139.17309774380314"><ele>2131.5967857334763</ele><time>2022-10-22T02:19:34Z</time></trkpt><trkpt lat="37.00357592733942" lon="139.17294670079175"><ele>2136.577017167583</ele><time>2022-10-22T02:19:52Z</time></trkpt><trkpt lat="37.00340229775105" lon="139.17287751278073"><ele>2138.4828273998573</ele><time>2022-10-22T02:20:08Z</time></trkpt><trkpt lat="37.00326448768566" lon="139.1727153274641"><ele>2140.925131103024</ele><time>2022-10-22T02:20:27Z</time></trkpt><trkpt lat="37.00313423081873" lon="139.17254998440038"><ele>2143.2045260248706</ele><time>2022-10-22T02:20:42Z</time></trkpt><trkpt lat="37.003008825579336" lon="139.1723817933262"><ele>2146.1119930557907</ele><time>2022-10-22T02:20:56Z</time></trkpt><trkpt lat="37.00312470357114" lon="139.17223733241636"><ele>2145.3034704653546</ele><time>2022-10-22T02:21:30Z</time></trkpt><trkpt lat="37.002961358404654" lon="139.17236317566"><ele>2143.140583203174</ele><time>2022-10-22T02:23:48Z</time></trkpt><trkpt lat="37.00283089300765" lon="139.17219690921814"><ele>2147.758667042479</ele><time>2022-10-22T02:48:45Z</time></trkpt><trkpt lat="37.002665710724344" lon="139.1720802624047"><ele>2149.916152496822</ele><time>2022-10-22T02:48:59Z</time></trkpt><trkpt lat="37.00247910392311" lon="139.1720324373199"><ele>2146.5517607815564</ele><time>2022-10-22T02:49:17Z</time></trkpt><trkpt lat="37.00230449763886" lon="139.17193320627263"><ele>2145.087352996692</ele><time>2022-10-22T02:49:32Z</time></trkpt><trkpt lat="37.00229739372592" lon="139.17169926387254"><ele>2144.6277600228786</ele><time>2022-10-22T02:49:48Z</time></trkpt><trkpt lat="37.00223795008245" lon="139.17148610940336"><ele>2147.6585880843922</ele><time>2022-10-22T02:50:02Z</time></trkpt><trkpt lat="37.0022061430072" lon="139.17125212140184"><ele>2149.3680264186114</ele><time>2022-10-22T02:50:18Z</time></trkpt><trkpt lat="37.00213134759619" lon="139.1710433955287"><ele>2150.1302970023826</ele><time>2022-10-22T02:50:33Z</time></trkpt><trkpt lat="37.002040038092616" lon="139.17084168592413"><ele>2148.110094216652</ele><time>2022-10-22T02:50:57Z</time></trkpt><trkpt lat="37.00212399254832" lon="139.17105472709633"><ele>2145.827283674851</ele><time>2022-10-22T02:55:02Z</time></trkpt><trkpt lat="37.00216905604011" lon="139.17127368532297"><ele>2144.573439016007</ele><time>2022-10-22T02:55:16Z</time></trkpt><trkpt lat="37.0022224635748" lon="139.1714993376131"><ele>2143.2442358247936</ele><time>2022-10-22T02:55:31Z</time></trkpt><trkpt lat="37.00227351934685" lon="139.1717182962587"><ele>2143.263264941983</ele><time>2022-10-22T02:55:46Z</time></trkpt><trkpt lat="37.00229045601345" lon="139.1719475426518"><ele>2140.386082135141</ele><time>2022-10-22T02:56:01Z</time></trkpt><trkpt lat="37.00245025124159" lon="139.1720688003097"><ele>2141.073462993838</ele><time>2022-10-22T02:56:17Z</time></trkpt><trkpt lat="37.002631188204795" lon="139.17211948763614"><ele>2141.735888174735</ele><time>2022-10-22T02:56:33Z</time></trkpt><trkpt lat="37.00281084434977" lon="139.1721962746597"><ele>2142.1964967250824</ele><time>2022-10-22T02:56:49Z</time></trkpt><trkpt lat="37.00292808245302" lon="139.17237189940042"><ele>2143.8983781710267</ele><time>2022-10-22T02:57:05Z</time></trkpt><trkpt lat="37.00306303671894" lon="139.17252724480835"><ele>2145.0226386282593</ele><time>2022-10-22T02:59:05Z</time></trkpt><trkpt lat="37.003201994471866" lon="139.17267351402532"><ele>2141.8596035689116</ele><time>2022-10-22T02:59:23Z</time></trkpt><trkpt lat="37.003320072941115" lon="139.17285942055938"><ele>2138.4569107582793</ele><time>2022-10-22T02:59:40Z</time></trkpt><trkpt lat="37.003477763221596" lon="139.1729719459843"><ele>2137.4613349437714</ele><time>2022-10-22T02:59:55Z</time></trkpt><trkpt lat="37.003658871256945" lon="139.1730455013315"><ele>2133.377907744609</ele><time>2022-10-22T03:00:12Z</time></trkpt><trkpt lat="37.00379429548699" lon="139.17320513287612"><ele>2128.65450769756</ele><time>2022-10-22T03:00:30Z</time></trkpt><trkpt lat="37.00397705081292" lon="139.17323409366782"><ele>2126.445553028956</ele><time>2022-10-22T03:00:48Z</time></trkpt><trkpt lat="37.004145904585954" lon="139.17333628275844"><ele>2123.325083874166</ele><time>2022-10-22T03:01:07Z</time></trkpt><trkpt lat="37.004323306520874" lon="139.1734113660369"><ele>2120.097614718601</ele><time>2022-10-22T03:01:24Z</time></trkpt><trkpt lat="37.00442401510206" lon="139.1735985038089"><ele>2116.498737320304</ele><time>2022-10-22T03:01:42Z</time></trkpt><trkpt lat="37.0045473690418" lon="139.17377119821762"><ele>2113.778504584916</ele><time>2022-10-22T03:01:56Z</time></trkpt><trkpt lat="37.0047309598095" lon="139.17377071756954"><ele>2115.1834459053352</ele><time>2022-10-22T03:02:10Z</time></trkpt><trkpt lat="37.004910399126246" lon="139.1737215072441"><ele>2113.5452086394653</ele><time>2022-10-22T03:02:29Z</time></trkpt><trkpt lat="37.00506987879154" lon="139.17361441017053"><ele>2110.514093489386</ele><time>2022-10-22T03:02:48Z</time></trkpt><trkpt lat="37.005239558795566" lon="139.17351594295044"><ele>2110.029773521237</ele><time>2022-10-22T03:03:07Z</time></trkpt><trkpt lat="37.00541005832505" lon="139.17340635775855"><ele>2108.1885445816442</ele><time>2022-10-22T03:03:27Z</time></trkpt><trkpt lat="37.0055899976656" lon="139.17336951643188"><ele>2104.7819565972313</ele><time>2022-10-22T03:03:48Z</time></trkpt><trkpt lat="37.00575809575331" lon="139.17345194355644"><ele>2098.676375792362</ele><time>2022-10-22T03:04:13Z</time></trkpt><trkpt lat="37.005919862005086" lon="139.17357361353365"><ele>2092.434977132827</ele><time>2022-10-22T03:04:42Z</time></trkpt><trkpt lat="37.00609245359747" lon="139.1736525060932"><ele>2085.9115064749494</ele><time>2022-10-22T03:05:03Z</time></trkpt><trkpt lat="37.00626654798102" lon="139.17373185677923"><ele>2082.4237103136256</ele><time>2022-10-22T03:05:27Z</time></trkpt><trkpt lat="37.006438607380275" lon="139.17380834332633"><ele>2075.5285679623485</ele><time>2022-10-22T03:05:49Z</time></trkpt><trkpt lat="37.00655743502244" lon="139.17399374186763"><ele>2073.591271973215</ele><time>2022-10-22T03:06:09Z</time></trkpt><trkpt lat="37.006676141746546" lon="139.17418268278263"><ele>2070.736980000511</ele><time>2022-10-22T03:06:29Z</time></trkpt><trkpt lat="37.0068487809448" lon="139.17426602753739"><ele>2067.6457405388355</ele><time>2022-10-22T03:06:48Z</time></trkpt><trkpt lat="37.00702432906704" lon="139.17435237680004"><ele>2065.99860753119</ele><time>2022-10-22T03:07:07Z</time></trkpt><trkpt lat="37.00716160655022" lon="139.17449788038942"><ele>2064.4738859906793</ele><time>2022-10-22T03:07:23Z</time></trkpt><trkpt lat="37.0073229139799" lon="139.17462153691895"><ele>2062.452991965227</ele><time>2022-10-22T03:07:41Z</time></trkpt><trkpt lat="37.007422481492185" lon="139.17480963394917"><ele>2063.039649824612</ele><time>2022-10-22T03:07:59Z</time></trkpt><trkpt lat="37.00756989675679" lon="139.17495068020676"><ele>2059.6768523706123</ele><time>2022-10-22T03:08:17Z</time></trkpt><trkpt lat="37.00770640258462" lon="139.1751137059705"><ele>2059.5127937318757</ele><time>2022-10-22T03:08:34Z</time></trkpt><trkpt lat="37.00778884338198" lon="139.1753223058656"><ele>2055.9532058481127</ele><time>2022-10-22T03:08:48Z</time></trkpt><trkpt lat="37.00796071567371" lon="139.17540730474744"><ele>2054.334976574406</ele><time>2022-10-22T03:09:07Z</time></trkpt><trkpt lat="37.00811684388873" lon="139.17552621269738"><ele>2047.6731718452647</ele><time>2022-10-22T03:09:23Z</time></trkpt><trkpt lat="37.008251833965105" lon="139.1756952544237"><ele>2046.9369862070307</ele><time>2022-10-22T03:09:55Z</time></trkpt><trkpt lat="37.00833285021604" lon="139.17591304083405"><ele>2046.4208902288228</ele><time>2022-10-22T03:10:09Z</time></trkpt><trkpt lat="37.00844950802705" lon="139.176094910836"><ele>2045.5108484914526</ele><time>2022-10-22T03:10:23Z</time></trkpt><trkpt lat="37.00859488357787" lon="139.1762591727997"><ele>2047.1610274212435</ele><time>2022-10-22T03:10:41Z</time></trkpt><trkpt lat="37.008750377774824" lon="139.176376211495"><ele>2049.840650126338</ele><time>2022-10-22T03:11:01Z</time></trkpt><trkpt lat="37.00892017068435" lon="139.1764880758597"><ele>2055.820740367286</ele><time>2022-10-22T03:11:24Z</time></trkpt><trkpt lat="37.00905552714771" lon="139.17664453774523"><ele>2061.358545154333</ele><time>2022-10-22T03:11:49Z</time></trkpt><trkpt lat="37.00914641964178" lon="139.17685095317293"><ele>2064.587977929041</ele><time>2022-10-22T03:12:11Z</time></trkpt><trkpt lat="37.00929077232665" lon="139.176991466642"><ele>2063.977812848985</ele><time>2022-10-22T03:12:28Z</time></trkpt><trkpt lat="37.00944681028549" lon="139.1771152430408"><ele>2067.892294606194</ele><time>2022-10-22T03:12:46Z</time></trkpt><trkpt lat="37.00960157621234" lon="139.1772302474924"><ele>2068.058790134266</ele><time>2022-10-22T03:13:05Z</time></trkpt><trkpt lat="37.00977969371415" lon="139.17729372433416"><ele>2069.8743046540767</ele><time>2022-10-22T03:13:25Z</time></trkpt><trkpt lat="37.00995793337641" lon="139.17733967028994"><ele>2072.6936996271834</ele><time>2022-10-22T03:13:44Z</time></trkpt><trkpt lat="37.010143281783556" lon="139.1773691395545"><ele>2074.795463464223</ele><time>2022-10-22T03:14:01Z</time></trkpt><trkpt lat="37.010331066914496" lon="139.17735207383183"><ele>2078.8865226907656</ele><time>2022-10-22T03:14:23Z</time></trkpt><trkpt lat="37.010518117943036" lon="139.17738783184262"><ele>2081.7765037827194</ele><time>2022-10-22T03:14:42Z</time></trkpt><trkpt lat="37.01069486331126" lon="139.17746061414735"><ele>2083.3052810654044</ele><time>2022-10-22T03:14:58Z</time></trkpt><trkpt lat="37.01086843595854" lon="139.17754342280108"><ele>2084.486577020958</ele><time>2022-10-22T03:15:24Z</time></trkpt><trkpt lat="37.010860708641815" lon="139.17777096891476"><ele>2085.6082736561075</ele><time>2022-10-22T03:15:44Z</time></trkpt><trkpt lat="37.01083773300239" lon="139.17799721403213"><ele>2083.5174674792215</ele><time>2022-10-22T03:15:58Z</time></trkpt><trkpt lat="37.010794711234595" lon="139.1782267137766"><ele>2082.480799647048</ele><time>2022-10-22T03:16:15Z</time></trkpt><trkpt lat="37.010698578398966" lon="139.17843106355159"><ele>2082.452888184227</ele><time>2022-10-22T03:16:32Z</time></trkpt><trkpt lat="37.01066954069255" lon="139.1786531664125"><ele>2078.227763844654</ele><time>2022-10-22T03:17:05Z</time></trkpt><trkpt lat="37.01060263938628" lon="139.17886694161876"><ele>2065.775431119837</ele><time>2022-10-22T03:17:43Z</time></trkpt><trkpt lat="37.010502245155294" lon="139.17905767525812"><ele>2060.3637124039233</ele><time>2022-10-22T03:18:10Z</time></trkpt><trkpt lat="37.010442892758626" lon="139.1792836214867"><ele>2053.3832195382565</ele><time>2022-10-22T03:18:40Z</time></trkpt><trkpt lat="37.010418685199696" lon="139.17951617317075"><ele>2046.595266466029</ele><time>2022-10-22T03:19:16Z</time></trkpt><trkpt lat="37.01042317660014" lon="139.17974299421468"><ele>2037.9677915144712</ele><time>2022-10-22T03:20:02Z</time></trkpt><trkpt lat="37.01044747663988" lon="139.1799674148206"><ele>2036.8468042844906</ele><time>2022-10-22T03:20:30Z</time></trkpt><trkpt lat="37.010445199193974" lon="139.18019313672423"><ele>2029.0544010782614</ele><time>2022-10-22T03:21:00Z</time></trkpt><trkpt lat="37.01042124333823" lon="139.18042459797437"><ele>2020.2244091602042</ele><time>2022-10-22T03:21:39Z</time></trkpt><trkpt lat="37.01033933827905" lon="139.18062704929056"><ele>2010.9123037196696</ele><time>2022-10-22T03:22:03Z</time></trkpt><trkpt lat="37.01029907097319" lon="139.18085216269506"><ele>2005.837464694865</ele><time>2022-10-22T03:22:25Z</time></trkpt><trkpt lat="37.01022653053349" lon="139.18106161992796"><ele>1997.4130858490244</ele><time>2022-10-22T03:22:50Z</time></trkpt><trkpt lat="37.01016190792128" lon="139.1812758927219"><ele>1992.8704867679626</ele><time>2022-10-22T03:23:10Z</time></trkpt><trkpt lat="37.01015302610044" lon="139.18150115362937"><ele>1989.1882620314136</ele><time>2022-10-22T03:23:27Z</time></trkpt><trkpt lat="37.01014603272136" lon="139.18172633299304"><ele>1984.089146510698</ele><time>2022-10-22T03:23:47Z</time></trkpt><trkpt lat="37.01012489316754" lon="139.18195923534057"><ele>1978.4220952214673</ele><time>2022-10-22T03:24:09Z</time></trkpt><trkpt lat="37.010113102295314" lon="139.1821839368305"><ele>1970.947033775039</ele><time>2022-10-22T03:24:27Z</time></trkpt><trkpt lat="37.010151690598" lon="139.1824116278638"><ele>1969.8136850446463</ele><time>2022-10-22T03:24:44Z</time></trkpt><trkpt lat="37.01027477215918" lon="139.1825764316454"><ele>1962.6444174041972</ele><time>2022-10-22T03:25:13Z</time></trkpt><trkpt lat="37.010392959668515" lon="139.182747580428"><ele>1952.0316049614921</ele><time>2022-10-22T03:26:18Z</time></trkpt><trkpt lat="37.010479095916516" lon="139.18295208943596"><ele>1944.7679838761687</ele><time>2022-10-22T03:26:46Z</time></trkpt><trkpt lat="37.010574024553414" lon="139.18314892473194"><ele>1934.6670952485874</ele><time>2022-10-22T03:27:18Z</time></trkpt><trkpt lat="37.01065752810609" lon="139.1833536474956"><ele>1926.8337954869494</ele><time>2022-10-22T03:27:41Z</time></trkpt><trkpt lat="37.0107689012806" lon="139.18353240749428"><ele>1920.7747336151078</ele><time>2022-10-22T03:28:05Z</time></trkpt><trkpt lat="37.01082101895138" lon="139.1837583317847"><ele>1915.179367464967</ele><time>2022-10-22T03:28:27Z</time></trkpt><trkpt lat="37.010898350291164" lon="139.1839664866426"><ele>1910.4948927592486</ele><time>2022-10-22T03:28:50Z</time></trkpt><trkpt lat="37.010948014585196" lon="139.18418770216022"><ele>1905.393801423721</ele><time>2022-10-22T03:29:07Z</time></trkpt><trkpt lat="37.01091167556266" lon="139.18441774527017"><ele>1904.4118402618915</ele><time>2022-10-22T03:29:32Z</time></trkpt><trkpt lat="37.01092428863383" lon="139.18464296562166"><ele>1896.7272436944768</ele><time>2022-10-22T03:30:05Z</time></trkpt><trkpt lat="37.011004840279604" lon="139.1848476664338"><ele>1887.423742084764</ele><time>2022-10-22T03:30:42Z</time></trkpt><trkpt lat="37.01106099569843" lon="139.1850664508188"><ele>1880.5195645364001</ele><time>2022-10-22T03:31:13Z</time></trkpt><trkpt lat="37.0111562161519" lon="139.18525797293756"><ele>1868.655379557982</ele><time>2022-10-22T03:31:51Z</time></trkpt><trkpt lat="37.011273847024306" lon="139.18543734298933"><ele>1859.379851628095</ele><time>2022-10-22T03:32:23Z</time></trkpt><trkpt lat="37.01137273012802" lon="139.18562542467996"><ele>1853.2710879957303</ele><time>2022-10-22T03:32:49Z</time></trkpt><trkpt lat="37.01145080703497" lon="139.18583333156283"><ele>1847.404803440906</ele><time>2022-10-22T03:33:09Z</time></trkpt><trkpt lat="37.01149890891048" lon="139.1860534515865"><ele>1843.0654549226165</ele><time>2022-10-22T03:33:26Z</time></trkpt><trkpt lat="37.01159848835471" lon="139.18624882772224"><ele>1841.2453040862456</ele><time>2022-10-22T03:33:39Z</time></trkpt><trkpt lat="37.011676796426144" lon="139.18646448141192"><ele>1836.9471918838099</ele><time>2022-10-22T03:33:55Z</time></trkpt><trkpt lat="37.01181055896762" lon="139.18662306542885"><ele>1834.2862104671076</ele><time>2022-10-22T03:34:11Z</time></trkpt><trkpt lat="37.011915276307306" lon="139.18681485352556"><ele>1830.0194427194074</ele><time>2022-10-22T03:34:34Z</time></trkpt><trkpt lat="37.01203974816579" lon="139.18699308502565"><ele>1829.5409589027986</ele><time>2022-10-22T03:34:48Z</time></trkpt><trkpt lat="37.01211078138497" lon="139.187207819153"><ele>1829.652353119105</ele><time>2022-10-22T03:35:01Z</time></trkpt><trkpt lat="37.01219589838498" lon="139.18741863248277"><ele>1828.005391378887</ele><time>2022-10-22T03:35:16Z</time></trkpt><trkpt lat="37.012250583121336" lon="139.18763454618025"><ele>1827.3923904476687</ele><time>2022-10-22T03:35:30Z</time></trkpt><trkpt lat="37.01228935829744" lon="139.18786045908152"><ele>1829.0341811189428</ele><time>2022-10-22T03:35:49Z</time></trkpt><trkpt lat="37.012363495550176" lon="139.18806638801547"><ele>1824.0117985010147</ele><time>2022-10-22T03:36:11Z</time></trkpt><trkpt lat="37.01243150172903" lon="139.18828182407324"><ele>1820.4206305388361</ele><time>2022-10-22T03:36:33Z</time></trkpt><trkpt lat="37.01249310023519" lon="139.1885064705872"><ele>1811.0157477594912</ele><time>2022-10-22T03:36:49Z</time></trkpt><trkpt lat="37.01252586038788" lon="139.18874229899052"><ele>1804.980519644916</ele><time>2022-10-22T03:37:07Z</time></trkpt><trkpt lat="37.012546994367945" lon="139.1889695479489"><ele>1806.2788940640166</ele><time>2022-10-22T03:37:23Z</time></trkpt><trkpt lat="37.01267908765746" lon="139.18914755349306"><ele>1807.2759156031534</ele><time>2022-10-22T03:37:41Z</time></trkpt><trkpt lat="37.01277178769629" lon="139.18935435566587"><ele>1800.7685577552766</ele><time>2022-10-22T03:37:58Z</time></trkpt><trkpt lat="37.012806076451035" lon="139.1895869673291"><ele>1796.233748542145</ele><time>2022-10-22T03:38:16Z</time></trkpt><trkpt lat="37.01290481211187" lon="139.18978599506232"><ele>1796.4923752071336</ele><time>2022-10-22T03:38:35Z</time></trkpt><trkpt lat="37.01295506277824" lon="139.19000297570037"><ele>1793.3820025064051</ele><time>2022-10-22T03:38:59Z</time></trkpt><trkpt lat="37.01298945421454" lon="139.19022634242276"><ele>1785.9691481720656</ele><time>2022-10-22T03:39:25Z</time></trkpt><trkpt lat="37.01308799614354" lon="139.1904151091366"><ele>1779.2987205386162</ele><time>2022-10-22T03:39:50Z</time></trkpt><trkpt lat="37.01311574530172" lon="139.19064469983198"><ele>1772.2683419436216</ele><time>2022-10-22T03:40:12Z</time></trkpt><trkpt lat="37.01313582799013" lon="139.1908697383173"><ele>1762.7079578312114</ele><time>2022-10-22T03:40:38Z</time></trkpt><trkpt lat="37.01317952847042" lon="139.19108827018962"><ele>1756.1350694596767</ele><time>2022-10-22T03:41:01Z</time></trkpt><trkpt lat="37.01319110268808" lon="139.19131701632998"><ele>1750.2259251596406</ele><time>2022-10-22T03:41:21Z</time></trkpt><trkpt lat="37.013178124268116" lon="139.1915449813711"><ele>1745.249772682786</ele><time>2022-10-22T03:41:51Z</time></trkpt><trkpt lat="37.013209391130225" lon="139.19177044440514"><ele>1737.265321384184</ele><time>2022-10-22T03:42:21Z</time></trkpt><trkpt lat="37.01326443372964" lon="139.19199621690694"><ele>1733.1891708727926</ele><time>2022-10-22T03:42:50Z</time></trkpt><trkpt lat="37.01329063485894" lon="139.19222185268416"><ele>1725.6325208805501</ele><time>2022-10-22T03:43:10Z</time></trkpt><trkpt lat="37.013240852643605" lon="139.1924455947564"><ele>1721.6105483267456</ele><time>2022-10-22T03:43:30Z</time></trkpt><trkpt lat="37.013212800902615" lon="139.19266785258057"><ele>1717.7553605027497</ele><time>2022-10-22T03:43:46Z</time></trkpt><trkpt lat="37.01320067224338" lon="139.19289636985874"><ele>1714.2469525923952</ele><time>2022-10-22T03:47:11Z</time></trkpt><trkpt lat="37.013145905065976" lon="139.19311062571964"><ele>1716.3821740178391</ele><time>2022-10-22T03:47:30Z</time></trkpt><trkpt lat="37.01319329384567" lon="139.1933366770629"><ele>1715.2528335992247</ele><time>2022-10-22T03:47:46Z</time></trkpt><trkpt lat="37.01322507028936" lon="139.1935682825605"><ele>1716.7651686379686</ele><time>2022-10-22T03:48:00Z</time></trkpt><trkpt lat="37.01325594768885" lon="139.19379845706817"><ele>1714.281431781128</ele><time>2022-10-22T03:48:14Z</time></trkpt><trkpt lat="37.01325317260081" lon="139.1940296975193"><ele>1713.2979286964983</ele><time>2022-10-22T03:48:30Z</time></trkpt><trkpt lat="37.01327730440052" lon="139.19425394969485"><ele>1711.1747902613133</ele><time>2022-10-22T03:48:46Z</time></trkpt><trkpt lat="37.01327927671678" lon="139.19449591600653"><ele>1710.3456883188337</ele><time>2022-10-22T03:49:00Z</time></trkpt><trkpt lat="37.01340760289643" lon="139.19465965561827"><ele>1710.4472364056855</ele><time>2022-10-22T03:49:13Z</time></trkpt><trkpt lat="37.01352817592425" lon="139.19484943968678"><ele>1712.3127429867163</ele><time>2022-10-22T03:49:26Z</time></trkpt><trkpt lat="37.01367665048896" lon="139.19499234091865"><ele>1708.2569647142664</ele><time>2022-10-22T03:49:44Z</time></trkpt><trkpt lat="37.01383155328142" lon="139.19511834090497"><ele>1705.348441018723</ele><time>2022-10-22T03:50:01Z</time></trkpt><trkpt lat="37.0139135674802" lon="139.1953393116679"><ele>1706.9018876710907</ele><time>2022-10-22T03:50:19Z</time></trkpt><trkpt lat="37.01391827697688" lon="139.19556437637476"><ele>1707.6963672740385</ele><time>2022-10-22T03:50:34Z</time></trkpt><trkpt lat="37.013923749271555" lon="139.19557026519857"><ele>1707.5753279821947</ele><time>2022-10-22T03:50:35Z</time></trkpt><trkpt lat="37.013968738031345" lon="139.19579301861407"><ele>1709.536278593354</ele><time>2022-10-22T03:50:52Z</time></trkpt><trkpt lat="37.01401462129523" lon="139.1960223920268"><ele>1715.0046746181324</ele><time>2022-10-22T03:51:10Z</time></trkpt><trkpt lat="37.01402548382028" lon="139.19625650722037"><ele>1716.118235072121</ele><time>2022-10-22T03:51:27Z</time></trkpt><trkpt lat="37.01401143916494" lon="139.19648377821775"><ele>1718.636576185003</ele><time>2022-10-22T03:51:43Z</time></trkpt><trkpt lat="37.014031633280155" lon="139.19670930904502"><ele>1721.4017659798265</ele><time>2022-10-22T03:52:02Z</time></trkpt><trkpt lat="37.01409301595811" lon="139.196923854202"><ele>1725.4238853519782</ele><time>2022-10-22T03:52:21Z</time></trkpt><trkpt lat="37.0141203647423" lon="139.19715559497521"><ele>1727.670652411878</ele><time>2022-10-22T03:52:41Z</time></trkpt><trkpt lat="37.0141113319185" lon="139.19738362780623"><ele>1730.4690026091412</ele><time>2022-10-22T03:52:58Z</time></trkpt><trkpt lat="37.0140901022714" lon="139.19761276784388"><ele>1732.658355587162</ele><time>2022-10-22T03:53:17Z</time></trkpt><trkpt lat="37.0140781972941" lon="139.19785254706716"><ele>1734.5506388284266</ele><time>2022-10-22T03:53:32Z</time></trkpt><trkpt lat="37.014114571323454" lon="139.19808054974587"><ele>1735.0780158573762</ele><time>2022-10-22T03:53:50Z</time></trkpt><trkpt lat="37.01413891351613" lon="139.19830874082467"><ele>1736.187024762854</ele><time>2022-10-22T03:54:07Z</time></trkpt><trkpt lat="37.014113155689444" lon="139.198538623286"><ele>1737.8425569720566</ele><time>2022-10-22T03:54:25Z</time></trkpt><trkpt lat="37.014104830838555" lon="139.1987770331969"><ele>1738.3345746975392</ele><time>2022-10-22T03:54:42Z</time></trkpt><trkpt lat="37.01412496035162" lon="139.1990151846773"><ele>1740.9990440756083</ele><time>2022-10-22T03:54:59Z</time></trkpt><trkpt lat="37.01409956296824" lon="139.19924022464878"><ele>1743.2215557266027</ele><time>2022-10-22T03:55:16Z</time></trkpt><trkpt lat="37.01405313086083" lon="139.19947406207635"><ele>1748.5242965864018</ele><time>2022-10-22T03:55:36Z</time></trkpt><trkpt lat="37.01413306227931" lon="139.1996879995001"><ele>1743.505996281281</ele><time>2022-10-22T03:55:50Z</time></trkpt><trkpt lat="37.014057902540095" lon="139.19990260430018"><ele>1744.2757488526404</ele><time>2022-10-22T03:56:03Z</time></trkpt><trkpt lat="37.01413153630705" lon="139.2001239133439"><ele>1745.723878517747</ele><time>2022-10-22T03:56:16Z</time></trkpt><trkpt lat="37.014248122084496" lon="139.20031055038876"><ele>1740.8675551367924</ele><time>2022-10-22T03:56:33Z</time></trkpt><trkpt lat="37.014313921728146" lon="139.2005216140175"><ele>1738.6972804674879</ele><time>2022-10-22T03:56:49Z</time></trkpt><trkpt lat="37.01436433682792" lon="139.20075142359835"><ele>1738.7371662063524</ele><time>2022-10-22T03:57:07Z</time></trkpt><trkpt lat="37.01444198847253" lon="139.2009551371745"><ele>1736.2326171258464</ele><time>2022-10-22T03:57:26Z</time></trkpt><trkpt lat="37.01450827685056" lon="139.2011684816795"><ele>1728.7114029629156</ele><time>2022-10-22T03:57:45Z</time></trkpt><trkpt lat="37.01457218396842" lon="139.2013815174481"><ele>1727.9374029217288</ele><time>2022-10-22T03:58:00Z</time></trkpt><trkpt lat="37.01443969782018" lon="139.20154265372776"><ele>1731.0592303574085</ele><time>2022-10-22T03:58:21Z</time></trkpt><trkpt lat="37.0144511612324" lon="139.20177196829852"><ele>1728.1072494732216</ele><time>2022-10-22T03:58:40Z</time></trkpt><trkpt lat="37.01445881943223" lon="139.20199860899362"><ele>1730.6491329614073</ele><time>2022-10-22T03:58:56Z</time></trkpt><trkpt lat="37.01457061117504" lon="139.2021796981593"><ele>1728.4765079952776</ele><time>2022-10-22T03:59:17Z</time></trkpt><trkpt lat="37.01460320535886" lon="139.20240160698492"><ele>1724.3257493134588</ele><time>2022-10-22T03:59:35Z</time></trkpt><trkpt lat="37.014670824813784" lon="139.2026166841632"><ele>1719.7938812505454</ele><time>2022-10-22T03:59:52Z</time></trkpt><trkpt lat="37.01470958268921" lon="139.20284892339214"><ele>1715.454153733328</ele><time>2022-10-22T04:00:06Z</time></trkpt><trkpt lat="37.01469336651413" lon="139.2030759315949"><ele>1717.978571979329</ele><time>2022-10-22T04:00:18Z</time></trkpt><trkpt lat="37.01467544947644" lon="139.2033125957665"><ele>1718.022978710942</ele><time>2022-10-22T04:00:33Z</time></trkpt><trkpt lat="37.01465145666627" lon="139.20353908160988"><ele>1722.4615021189675</ele><time>2022-10-22T04:00:47Z</time></trkpt><trkpt lat="37.014673807362286" lon="139.20376230461932"><ele>1726.6163285896182</ele><time>2022-10-22T04:01:10Z</time></trkpt><trkpt lat="37.0147545730819" lon="139.2039665412387"><ele>1726.4917611638084</ele><time>2022-10-22T04:01:31Z</time></trkpt><trkpt lat="37.01480943511076" lon="139.20418121903955"><ele>1728.299762309529</ele><time>2022-10-22T04:01:49Z</time></trkpt><trkpt lat="37.01486183723945" lon="139.20439624076744"><ele>1728.1702182451263</ele><time>2022-10-22T04:02:06Z</time></trkpt><trkpt lat="37.01490973478816" lon="139.20461296384536"><ele>1731.866902641952</ele><time>2022-10-22T04:02:24Z</time></trkpt><trkpt lat="37.015034878944064" lon="139.20477906047287"><ele>1734.3813867634162</ele><time>2022-10-22T04:02:44Z</time></trkpt><trkpt lat="37.015080372198874" lon="139.20500952255082"><ele>1730.4983114693314</ele><time>2022-10-22T04:03:00Z</time></trkpt><trkpt lat="37.01506423384892" lon="139.20523691807418"><ele>1732.2026602132246</ele><time>2022-10-22T04:03:13Z</time></trkpt><trkpt lat="37.01517801336426" lon="139.20541552098862"><ele>1730.4726544180885</ele><time>2022-10-22T04:03:28Z</time></trkpt><trkpt lat="37.01526905842223" lon="139.2056257856839"><ele>1732.7698114421219</ele><time>2022-10-22T04:03:44Z</time></trkpt><trkpt lat="37.0153031557965" lon="139.20585445840413"><ele>1738.006180406548</ele><time>2022-10-22T04:04:07Z</time></trkpt><trkpt lat="37.01536513887182" lon="139.20607248873412"><ele>1742.9870223347098</ele><time>2022-10-22T04:04:27Z</time></trkpt><trkpt lat="37.01545906037995" lon="139.2062678861123"><ele>1747.2238255366683</ele><time>2022-10-22T04:04:50Z</time></trkpt><trkpt lat="37.0155417418697" lon="139.20646938272023"><ele>1750.5676851421595</ele><time>2022-10-22T04:05:10Z</time></trkpt><trkpt lat="37.01558931901041" lon="139.2067013709772"><ele>1756.551624527201</ele><time>2022-10-22T04:05:33Z</time></trkpt><trkpt lat="37.0157146482769" lon="139.2068926065142"><ele>1755.81435583625</ele><time>2022-10-22T04:05:49Z</time></trkpt><trkpt lat="37.0157377604897" lon="139.20713033994204"><ele>1758.0564239397645</ele><time>2022-10-22T04:06:04Z</time></trkpt><trkpt lat="37.01563951031658" lon="139.20732213303705"><ele>1756.9094793042168</ele><time>2022-10-22T04:06:20Z</time></trkpt><trkpt lat="37.015624162435245" lon="139.20755009896158"><ele>1757.4947313675657</ele><time>2022-10-22T04:06:33Z</time></trkpt><trkpt lat="37.015580789121216" lon="139.20777968845297"><ele>1757.1445394866168</ele><time>2022-10-22T04:06:47Z</time></trkpt><trkpt lat="37.01559049055829" lon="139.20801204085166"><ele>1755.930381690152</ele><time>2022-10-22T04:07:02Z</time></trkpt><trkpt lat="37.015586407759145" lon="139.20824374172196"><ele>1752.1356303198263</ele><time>2022-10-22T04:07:21Z</time></trkpt><trkpt lat="37.01564257604604" lon="139.20845927172496"><ele>1743.3192559825256</ele><time>2022-10-22T04:07:42Z</time></trkpt><trkpt lat="37.015653538462644" lon="139.20868665023272"><ele>1739.1257731094956</ele><time>2022-10-22T04:08:05Z</time></trkpt><trkpt lat="37.01557303064252" lon="139.20889125723775"><ele>1738.7732283743098</ele><time>2022-10-22T04:08:19Z</time></trkpt><trkpt lat="37.015544915853084" lon="139.20911966727598"><ele>1737.3185204453766</ele><time>2022-10-22T04:08:34Z</time></trkpt><trkpt lat="37.0155977108622" lon="139.20934008750734"><ele>1735.0944194337353</ele><time>2022-10-22T04:08:50Z</time></trkpt><trkpt lat="37.01574787591237" lon="139.20946459011333"><ele>1728.6514098290354</ele><time>2022-10-22T04:09:12Z</time></trkpt><trkpt lat="37.01580793981795" lon="139.20968163797843"><ele>1727.8313203696162</ele><time>2022-10-22T04:09:27Z</time></trkpt><trkpt lat="37.01579766510927" lon="139.2099179662419"><ele>1725.8449776647612</ele><time>2022-10-22T04:09:47Z</time></trkpt><trkpt lat="37.01588803937576" lon="139.21014121644598"><ele>1723.8457212354988</ele><time>2022-10-22T04:09:59Z</time></trkpt><trkpt lat="37.016060502057265" lon="139.2102313268364"><ele>1710.344048269093</ele><time>2022-10-22T04:10:17Z</time></trkpt><trkpt lat="37.01610035522753" lon="139.21045979025936"><ele>1710.095469340682</ele><time>2022-10-22T04:10:39Z</time></trkpt><trkpt lat="37.01598673037921" lon="139.21064522196377"><ele>1709.7193016121164</ele><time>2022-10-22T04:10:55Z</time></trkpt><trkpt lat="37.016022216606935" lon="139.21087303428465"><ele>1703.1753020882607</ele><time>2022-10-22T04:11:16Z</time></trkpt><trkpt lat="37.016129856283854" lon="139.2110534989661"><ele>1699.0382336135954</ele><time>2022-10-22T04:11:33Z</time></trkpt><trkpt lat="37.01614065660164" lon="139.21127925366358"><ele>1698.6692089475691</ele><time>2022-10-22T04:11:51Z</time></trkpt><trkpt lat="37.01621795423398" lon="139.21149679973448"><ele>1689.0355227719992</ele><time>2022-10-22T04:12:14Z</time></trkpt><trkpt lat="37.01621363223877" lon="139.21173226868666"><ele>1683.7088771481067</ele><time>2022-10-22T04:12:33Z</time></trkpt><trkpt lat="37.01613878694662" lon="139.2119377445945"><ele>1677.6034349249676</ele><time>2022-10-22T04:12:52Z</time></trkpt><trkpt lat="37.0161682672246" lon="139.21217264321518"><ele>1671.5134292803705</ele><time>2022-10-22T04:13:09Z</time></trkpt><trkpt lat="37.01623747180434" lon="139.21239950618087"><ele>1673.5477051036432</ele><time>2022-10-22T04:13:23Z</time></trkpt><trkpt lat="37.01620085099546" lon="139.2126279630651"><ele>1668.2960602035746</ele><time>2022-10-22T04:13:44Z</time></trkpt><trkpt lat="37.01620322082802" lon="139.21286199237883"><ele>1664.6463007843122</ele><time>2022-10-22T04:14:07Z</time></trkpt><trkpt lat="37.01618779350152" lon="139.21310125129247"><ele>1664.585550941527</ele><time>2022-10-22T04:14:22Z</time></trkpt><trkpt lat="37.01614549861187" lon="139.21333061859767"><ele>1668.0754752410576</ele><time>2022-10-22T04:14:38Z</time></trkpt><trkpt lat="37.01614176861499" lon="139.21355524220616"><ele>1664.565475821495</ele><time>2022-10-22T04:14:56Z</time></trkpt><trkpt lat="37.01604710531863" lon="139.2137493283077"><ele>1662.058284890838</ele><time>2022-10-22T04:15:14Z</time></trkpt><trkpt lat="37.01593216070899" lon="139.21392604537363"><ele>1658.9808263201267</ele><time>2022-10-22T04:15:30Z</time></trkpt><trkpt lat="37.01597405380802" lon="139.21414637816295"><ele>1660.7849436709657</ele><time>2022-10-22T04:15:44Z</time></trkpt><trkpt lat="37.01607117756632" lon="139.21434424309305"><ele>1653.879710975103</ele><time>2022-10-22T04:16:03Z</time></trkpt><trkpt lat="37.016110082787996" lon="139.21456599775976"><ele>1648.3879338856786</ele><time>2022-10-22T04:16:21Z</time></trkpt><trkpt lat="37.016186302060916" lon="139.21478197108095"><ele>1649.8013649499044</ele><time>2022-10-22T04:16:34Z</time></trkpt><trkpt lat="37.01636639242965" lon="139.21477026218793"><ele>1643.6648920420557</ele><time>2022-10-22T04:17:19Z</time></trkpt><trkpt lat="37.01628487701158" lon="139.214980212061"><ele>1645.447990690358</ele><time>2022-10-22T04:19:17Z</time></trkpt><trkpt lat="37.01632491514061" lon="139.21520433926798"><ele>1652.0215211482719</ele><time>2022-10-22T04:19:43Z</time></trkpt><trkpt lat="37.01634180529844" lon="139.2154426934498"><ele>1652.714393301867</ele><time>2022-10-22T04:20:01Z</time></trkpt><trkpt lat="37.016365960339314" lon="139.2156658898393"><ele>1653.9352906709537</ele><time>2022-10-22T04:20:19Z</time></trkpt><trkpt lat="37.016372805069174" lon="139.21590292479797"><ele>1659.027333936654</ele><time>2022-10-22T04:20:45Z</time></trkpt><trkpt lat="37.01638198208826" lon="139.21613008212336"><ele>1665.1593848681077</ele><time>2022-10-22T04:21:08Z</time></trkpt><trkpt lat="37.01647146538027" lon="139.2163424335879"><ele>1668.7012905851007</ele><time>2022-10-22T04:21:32Z</time></trkpt><trkpt lat="37.01652728672472" lon="139.21656310351287"><ele>1670.7248804215342</ele><time>2022-10-22T04:21:58Z</time></trkpt><trkpt lat="37.01670173713168" lon="139.21667142997543"><ele>1671.7098457133397</ele><time>2022-10-22T04:22:17Z</time></trkpt><trkpt lat="37.01685720305175" lon="139.2168150013096"><ele>1672.8734486764297</ele><time>2022-10-22T04:22:33Z</time></trkpt><trkpt lat="37.01695540445026" lon="139.2170129390064"><ele>1677.3893524371088</ele><time>2022-10-22T04:22:49Z</time></trkpt><trkpt lat="37.017026989522066" lon="139.21723228050607"><ele>1676.400329761207</ele><time>2022-10-22T04:23:07Z</time></trkpt><trkpt lat="37.01707992429225" lon="139.2174504510491"><ele>1677.4092133492231</ele><time>2022-10-22T04:23:34Z</time></trkpt><trkpt lat="37.01719349347832" lon="139.21762724947015"><ele>1677.6993524087593</ele><time>2022-10-22T04:24:09Z</time></trkpt><trkpt lat="37.01727497968146" lon="139.21784291122918"><ele>1679.132120682858</ele><time>2022-10-22T04:24:26Z</time></trkpt><trkpt lat="37.01739166108368" lon="139.2180198295468"><ele>1681.2675820952281</ele><time>2022-10-22T04:24:45Z</time></trkpt><trkpt lat="37.01758013120822" lon="139.21801431052705"><ele>1681.4215920045972</ele><time>2022-10-22T04:25:05Z</time></trkpt><trkpt lat="37.0177645138114" lon="139.21799256804215"><ele>1682.022437418811</ele><time>2022-10-22T04:25:28Z</time></trkpt><trkpt lat="37.01794702857136" lon="139.21797522993103"><ele>1683.660923652351</ele><time>2022-10-22T04:26:08Z</time></trkpt><trkpt lat="37.01813068324991" lon="139.21799872189465"><ele>1685.4987833322957</ele><time>2022-10-22T04:26:26Z</time></trkpt><trkpt lat="37.01830257014537" lon="139.2180713539655"><ele>1690.6827041739598</ele><time>2022-10-22T04:26:47Z</time></trkpt><trkpt lat="37.01844791367228" lon="139.2182138832629"><ele>1699.2351940609515</ele><time>2022-10-22T04:27:13Z</time></trkpt><trkpt lat="37.018629951012606" lon="139.21826092167723"><ele>1699.9600449893624</ele><time>2022-10-22T04:27:31Z</time></trkpt><trkpt lat="37.018813101795054" lon="139.21821912002073"><ele>1697.7226274050772</ele><time>2022-10-22T04:27:48Z</time></trkpt><trkpt lat="37.01900318089026" lon="139.21821960626312"><ele>1698.8105253046378</ele><time>2022-10-22T04:28:04Z</time></trkpt><trkpt lat="37.01918350274963" lon="139.21819061004712"><ele>1697.7483451534063</ele><time>2022-10-22T04:28:22Z</time></trkpt><trkpt lat="37.0193682475089" lon="139.21812294972764"><ele>1695.4249947434291</ele><time>2022-10-22T04:28:39Z</time></trkpt><trkpt lat="37.01955405331851" lon="139.21811836427497"><ele>1694.8628274081275</ele><time>2022-10-22T04:28:54Z</time></trkpt><trkpt lat="37.019743497230074" lon="139.21808749245386"><ele>1692.446557114832</ele><time>2022-10-22T04:29:12Z</time></trkpt><trkpt lat="37.01993053999977" lon="139.2180680372521"><ele>1690.3144977437332</ele><time>2022-10-22T04:29:26Z</time></trkpt><trkpt lat="37.02011197298007" lon="139.21811339688378"><ele>1688.8322580726817</ele><time>2022-10-22T04:29:41Z</time></trkpt><trkpt lat="37.0202969984634" lon="139.21816154103792"><ele>1689.5779630867764</ele><time>2022-10-22T04:29:56Z</time></trkpt><trkpt lat="37.02047949754488" lon="139.21816385929444"><ele>1692.0914855180308</ele><time>2022-10-22T04:30:14Z</time></trkpt><trkpt lat="37.020663222696925" lon="139.21813783096002"><ele>1695.5283757550642</ele><time>2022-10-22T04:31:14Z</time></trkpt><trkpt lat="37.02085304020246" lon="139.21813963941585"><ele>1696.041922379285</ele><time>2022-10-22T04:31:40Z</time></trkpt><trkpt lat="37.02102268363762" lon="139.2182266177624"><ele>1702.1441410230473</ele><time>2022-10-22T04:32:03Z</time></trkpt><trkpt lat="37.02119810625044" lon="139.218318677543"><ele>1702.317948212847</ele><time>2022-10-22T04:32:27Z</time></trkpt><trkpt lat="37.021355844693154" lon="139.21820989361154"><ele>1700.4664186099544</ele><time>2022-10-22T04:32:46Z</time></trkpt><trkpt lat="37.02151270150439" lon="139.21832907257863"><ele>1699.368859598413</ele><time>2022-10-22T04:33:07Z</time></trkpt><trkpt lat="37.02169021884426" lon="139.2183791253059"><ele>1696.998852088116</ele><time>2022-10-22T04:33:27Z</time></trkpt><trkpt lat="37.0218573974588" lon="139.21846933020962"><ele>1702.0374229075387</ele><time>2022-10-22T04:33:52Z</time></trkpt><trkpt lat="37.022036025493115" lon="139.21843510227575"><ele>1699.5286834351718</ele><time>2022-10-22T04:34:15Z</time></trkpt><trkpt lat="37.022217776244055" lon="139.21840824928472"><ele>1697.3480921508744</ele><time>2022-10-22T04:34:36Z</time></trkpt><trkpt lat="37.02240083614879" lon="139.21843956381346"><ele>1701.3174330368638</ele><time>2022-10-22T04:35:01Z</time></trkpt><trkpt lat="37.02257485847882" lon="139.21851466807865"><ele>1702.0043497737497</ele><time>2022-10-22T04:35:29Z</time></trkpt><trkpt lat="37.0227598035981" lon="139.2185635140796"><ele>1698.0467640571296</ele><time>2022-10-22T04:35:47Z</time></trkpt><trkpt lat="37.02294018434385" lon="139.21860745975127"><ele>1694.3237922955304</ele><time>2022-10-22T04:36:08Z</time></trkpt><trkpt lat="37.0231180186767" lon="139.21865563471283"><ele>1690.494278518483</ele><time>2022-10-22T04:36:28Z</time></trkpt><trkpt lat="37.02330356536355" lon="139.21870559454035"><ele>1691.5544189130887</ele><time>2022-10-22T04:36:49Z</time></trkpt><trkpt lat="37.02348875203676" lon="139.21870093106534"><ele>1692.1039909766987</ele><time>2022-10-22T04:37:10Z</time></trkpt><trkpt lat="37.023655098945774" lon="139.2187914463393"><ele>1689.207567434758</ele><time>2022-10-22T04:37:36Z</time></trkpt><trkpt lat="37.02383028172422" lon="139.21872976228084"><ele>1681.7122370647267</ele><time>2022-10-22T04:38:07Z</time></trkpt><trkpt lat="37.02398785270547" lon="139.21860650774818"><ele>1681.6929603526369</ele><time>2022-10-22T04:38:31Z</time></trkpt><trkpt lat="37.02416899416716" lon="139.2185358784541"><ele>1676.71978628356</ele><time>2022-10-22T04:38:54Z</time></trkpt><trkpt lat="37.02435187461886" lon="139.21854321639125"><ele>1675.0468591405079</ele><time>2022-10-22T04:39:13Z</time></trkpt><trkpt lat="37.024529213097274" lon="139.21859010057534"><ele>1681.4207690162584</ele><time>2022-10-22T04:39:44Z</time></trkpt><trkpt lat="37.024710294961494" lon="139.21864683145748"><ele>1691.3366526290774</ele><time>2022-10-22T04:40:20Z</time></trkpt><trkpt lat="37.024887907530534" lon="139.21855768367246"><ele>1696.1887180889025</ele><time>2022-10-22T04:40:47Z</time></trkpt><trkpt lat="37.02506285113874" lon="139.21847466202476"><ele>1693.05944814533</ele><time>2022-10-22T04:41:04Z</time></trkpt><trkpt lat="37.02525177163462" lon="139.21849224142755"><ele>1690.946426216513</ele><time>2022-10-22T04:41:24Z</time></trkpt><trkpt lat="37.02536753952285" lon="139.21867170239884"><ele>1688.7864397177473</ele><time>2022-10-22T04:41:53Z</time></trkpt><trkpt lat="37.025518647904214" lon="139.21879636351767"><ele>1687.0948850167915</ele><time>2022-10-22T04:42:10Z</time></trkpt><trkpt lat="37.02567936002306" lon="139.21890181664335"><ele>1684.4555596942082</ele><time>2022-10-22T04:42:33Z</time></trkpt><trkpt lat="37.02584995501355" lon="139.21901058761944"><ele>1678.463396890089</ele><time>2022-10-22T04:42:54Z</time></trkpt><trkpt lat="37.02600674368127" lon="139.21912722538673"><ele>1668.531631808728</ele><time>2022-10-22T04:43:12Z</time></trkpt><trkpt lat="37.02615853967622" lon="139.2192534276321"><ele>1666.8120293486863</ele><time>2022-10-22T04:43:27Z</time></trkpt><trkpt lat="37.02628094873968" lon="139.21943416572321"><ele>1665.1680861571804</ele><time>2022-10-22T04:43:44Z</time></trkpt><trkpt lat="37.02641364999821" lon="139.21959933867694"><ele>1663.3684103172272</ele><time>2022-10-22T04:44:01Z</time></trkpt><trkpt lat="37.026596590057125" lon="139.21966391178748"><ele>1664.7705504177138</ele><time>2022-10-22T04:44:21Z</time></trkpt><trkpt lat="37.02675627662869" lon="139.21977277770577"><ele>1665.990792401135</ele><time>2022-10-22T04:44:45Z</time></trkpt><trkpt lat="37.02693027854935" lon="139.21984569467045"><ele>1661.8012978099287</ele><time>2022-10-22T04:45:05Z</time></trkpt><trkpt lat="37.0270927988265" lon="139.21994812619405"><ele>1658.0356771266088</ele><time>2022-10-22T04:45:31Z</time></trkpt><trkpt lat="37.027273332697845" lon="139.21997841141467"><ele>1652.8115402311087</ele><time>2022-10-22T04:46:03Z</time></trkpt><trkpt lat="37.02745635846689" lon="139.2200024939015"><ele>1645.1268984554335</ele><time>2022-10-22T04:46:38Z</time></trkpt><trkpt lat="37.02761826505892" lon="139.22011031506267"><ele>1638.25052036345</ele><time>2022-10-22T04:47:21Z</time></trkpt><trkpt lat="37.027803542611764" lon="139.22015925612604"><ele>1633.1780208684504</ele><time>2022-10-22T04:47:45Z</time></trkpt><trkpt lat="37.02795975353292" lon="139.22027991519212"><ele>1628.0462390240282</ele><time>2022-10-22T04:48:06Z</time></trkpt><trkpt lat="37.028110629088104" lon="139.2204155852267"><ele>1624.78619975131</ele><time>2022-10-22T04:48:25Z</time></trkpt><trkpt lat="37.028209754066644" lon="139.22060781889365"><ele>1622.7302214344963</ele><time>2022-10-22T04:48:44Z</time></trkpt><trkpt lat="37.02831593712084" lon="139.22079079519017"><ele>1616.3854179959744</ele><time>2022-10-22T04:49:10Z</time></trkpt><trkpt lat="37.028360861148464" lon="139.22101041607124"><ele>1610.9858892736956</ele><time>2022-10-22T04:49:37Z</time></trkpt><trkpt lat="37.02842477856322" lon="139.22123535470652"><ele>1607.3487031515688</ele><time>2022-10-22T04:49:57Z</time></trkpt><trkpt lat="37.02853468746677" lon="139.221422113231"><ele>1607.0357960080728</ele><time>2022-10-22T04:50:13Z</time></trkpt><trkpt lat="37.02857449314917" lon="139.22165368700925"><ele>1609.4838930899277</ele><time>2022-10-22T04:50:32Z</time></trkpt><trkpt lat="37.02867870597517" lon="139.22184723336127"><ele>1621.1481354841962</ele><time>2022-10-22T04:50:57Z</time></trkpt><trkpt lat="37.028808543716025" lon="139.22201749659564"><ele>1629.0058117844164</ele><time>2022-10-22T04:51:22Z</time></trkpt><trkpt lat="37.028978122271226" lon="139.22211113975914"><ele>1628.2250817185268</ele><time>2022-10-22T04:51:50Z</time></trkpt><trkpt lat="37.02913612923394" lon="139.2222239314497"><ele>1625.689259218052</ele><time>2022-10-22T04:52:11Z</time></trkpt><trkpt lat="37.0293142513868" lon="139.22226083344705"><ele>1624.8522196672857</ele><time>2022-10-22T04:52:32Z</time></trkpt><trkpt lat="37.02949268309289" lon="139.22232060862933"><ele>1621.4989885063842</ele><time>2022-10-22T04:52:50Z</time></trkpt><trkpt lat="37.029673163202524" lon="139.22226000624875"><ele>1618.254220098257</ele><time>2022-10-22T04:53:07Z</time></trkpt><trkpt lat="37.02985445313655" lon="139.22231755536572"><ele>1613.5966091966256</ele><time>2022-10-22T04:53:30Z</time></trkpt><trkpt lat="37.03003584178149" lon="139.2223198503041"><ele>1607.95201310236</ele><time>2022-10-22T04:53:49Z</time></trkpt><trkpt lat="37.03018267035824" lon="139.22247012314278"><ele>1607.9853960759938</ele><time>2022-10-22T04:54:12Z</time></trkpt><trkpt lat="37.030366493388556" lon="139.22244924849974"><ele>1602.0718330647796</ele><time>2022-10-22T04:54:35Z</time></trkpt><trkpt lat="37.03053685285521" lon="139.22252750354758"><ele>1602.5059006894007</ele><time>2022-10-22T04:54:58Z</time></trkpt><trkpt lat="37.03071686372508" lon="139.22246632276432"><ele>1594.4828865230083</ele><time>2022-10-22T04:55:26Z</time></trkpt><trkpt lat="37.03089795498222" lon="139.22245879434894"><ele>1597.5106901852414</ele><time>2022-10-22T04:55:58Z</time></trkpt><trkpt lat="37.03105959032971" lon="139.22256858456998"><ele>1597.5031175957993</ele><time>2022-10-22T04:56:15Z</time></trkpt><trkpt lat="37.03122050311411" lon="139.2227005905091"><ele>1600.4685507565737</ele><time>2022-10-22T04:56:32Z</time></trkpt><trkpt lat="37.03136352622492" lon="139.22284627542467"><ele>1604.0902686221525</ele><time>2022-10-22T04:56:50Z</time></trkpt><trkpt lat="37.03150818906724" lon="139.22298784484468"><ele>1609.2063632104546</ele><time>2022-10-22T04:57:08Z</time></trkpt><trkpt lat="37.03161942103563" lon="139.2231706999626"><ele>1611.7225448787212</ele><time>2022-10-22T04:57:25Z</time></trkpt><trkpt lat="37.031766693601604" lon="139.22330115404853"><ele>1609.080053976737</ele><time>2022-10-22T04:57:44Z</time></trkpt><trkpt lat="37.03193472225159" lon="139.22340339896772"><ele>1604.1176761975512</ele><time>2022-10-22T04:58:00Z</time></trkpt><trkpt lat="37.03209852056046" lon="139.2235083861888"><ele>1606.091437897645</ele><time>2022-10-22T04:58:17Z</time></trkpt><trkpt lat="37.03226074714235" lon="139.22360857108418"><ele>1602.9978512544185</ele><time>2022-10-22T04:58:33Z</time></trkpt><trkpt lat="37.03240167372225" lon="139.22375371087375"><ele>1602.4265866987407</ele><time>2022-10-22T04:58:46Z</time></trkpt><trkpt lat="37.03246010263721" lon="139.2239676174585"><ele>1593.1696672486141</ele><time>2022-10-22T04:59:01Z</time></trkpt><trkpt lat="37.03254117545013" lon="139.22417647398572"><ele>1586.8210523780435</ele><time>2022-10-22T05:02:09Z</time></trkpt><trkpt lat="37.03256494532601" lon="139.22439948330603"><ele>1584.7762754475698</ele><time>2022-10-22T05:02:30Z</time></trkpt><trkpt lat="37.0325689000716" lon="139.22463118029046"><ele>1580.6881323363632</ele><time>2022-10-22T05:03:02Z</time></trkpt><trkpt lat="37.03251442245775" lon="139.224848114317"><ele>1575.2709637917578</ele><time>2022-10-22T05:03:28Z</time></trkpt><trkpt lat="37.03243762602558" lon="139.22505853672413"><ele>1570.1356352893636</ele><time>2022-10-22T05:03:53Z</time></trkpt><trkpt lat="37.03239944155047" lon="139.22528032518275"><ele>1559.93613119144</ele><time>2022-10-22T05:04:29Z</time></trkpt><trkpt lat="37.03238153021528" lon="139.22551437573395"><ele>1546.7475878959522</ele><time>2022-10-22T05:05:35Z</time></trkpt><trkpt lat="37.0324101234103" lon="139.22574428197274"><ele>1539.1480807019398</ele><time>2022-10-22T05:06:01Z</time></trkpt><trkpt lat="37.03233880498743" lon="139.2259599166267"><ele>1523.671555700712</ele><time>2022-10-22T05:07:13Z</time></trkpt><trkpt lat="37.032227279093696" lon="139.22613851020293"><ele>1513.655131782405</ele><time>2022-10-22T05:07:45Z</time></trkpt><trkpt lat="37.03216503510537" lon="139.22635252097461"><ele>1500.6975864376873</ele><time>2022-10-22T05:08:49Z</time></trkpt><trkpt lat="37.03208434732469" lon="139.22655365976206"><ele>1486.5493570845574</ele><time>2022-10-22T05:09:52Z</time></trkpt><trkpt lat="37.03206248132631" lon="139.22678000749096"><ele>1472.5816596122459</ele><time>2022-10-22T05:10:39Z</time></trkpt><trkpt lat="37.032064536305846" lon="139.22700990619455"><ele>1465.577467996627</ele><time>2022-10-22T05:11:13Z</time></trkpt><trkpt lat="37.032020668972514" lon="139.2272384003309"><ele>1457.4017106425017</ele><time>2022-10-22T05:11:42Z</time></trkpt><trkpt lat="37.0319918011061" lon="139.22747123344055"><ele>1449.6297474531457</ele><time>2022-10-22T05:12:05Z</time></trkpt><trkpt lat="37.0319077476841" lon="139.22767712031816"><ele>1445.1185711640865</ele><time>2022-10-22T05:12:21Z</time></trkpt><trkpt lat="37.031902915311086" lon="139.22790245801144"><ele>1435.3053529001772</ele><time>2022-10-22T05:12:52Z</time></trkpt><trkpt lat="37.031870942939655" lon="139.22812702980414"><ele>1426.4738916270435</ele><time>2022-10-22T05:13:21Z</time></trkpt><trkpt lat="37.0318130319106" lon="139.22834503822796"><ele>1420.5394360823557</ele><time>2022-10-22T05:13:47Z</time></trkpt><trkpt lat="37.03173950790286" lon="139.22856270865225"><ele>1418.3795875571668</ele><time>2022-10-22T05:14:02Z</time></trkpt><trkpt lat="37.03178793213566" lon="139.2287794264705"><ele>1417.9384568622336</ele><time>2022-10-22T05:14:18Z</time></trkpt><trkpt lat="37.031761269173224" lon="139.22900428436517"><ele>1427.116616120562</ele><time>2022-10-22T05:14:43Z</time></trkpt><trkpt lat="37.03173496483708" lon="139.22923209674073"><ele>1433.346435145475</ele><time>2022-10-22T05:15:13Z</time></trkpt><trkpt lat="37.031721271094554" lon="139.22946086597653"><ele>1433.9598484383896</ele><time>2022-10-22T05:15:30Z</time></trkpt><trkpt lat="37.03168667336939" lon="139.22968901478325"><ele>1428.9914775984362</ele><time>2022-10-22T05:15:48Z</time></trkpt><trkpt lat="37.03166235914913" lon="139.22991446315245"><ele>1424.8940281737596</ele><time>2022-10-22T05:16:07Z</time></trkpt><trkpt lat="37.03164076690567" lon="139.2301454439193"><ele>1418.1965041002259</ele><time>2022-10-22T05:16:26Z</time></trkpt><trkpt lat="37.031568233621975" lon="139.23035638525815"><ele>1409.8083241721615</ele><time>2022-10-22T05:16:53Z</time></trkpt><trkpt lat="37.03150831024442" lon="139.23056916816964"><ele>1406.7319465968758</ele><time>2022-10-22T05:17:07Z</time></trkpt><trkpt lat="37.03150281975854" lon="139.23080179073332"><ele>1405.2052728915587</ele><time>2022-10-22T05:17:22Z</time></trkpt><trkpt lat="37.031507083294954" lon="139.23102656007597"><ele>1396.5612177085131</ele><time>2022-10-22T05:18:08Z</time></trkpt><trkpt lat="37.03152528031876" lon="139.23126055990383"><ele>1380.6875340808183</ele><time>2022-10-22T05:18:50Z</time></trkpt><trkpt lat="37.031585310449756" lon="139.23147604356402"><ele>1375.61705760099</ele><time>2022-10-22T05:19:22Z</time></trkpt><trkpt lat="37.03159940370231" lon="139.2317008754917"><ele>1361.9175712037832</ele><time>2022-10-22T05:20:18Z</time></trkpt><trkpt lat="37.03170353037359" lon="139.23188523058684"><ele>1353.1214966420084</ele><time>2022-10-22T05:20:47Z</time></trkpt><trkpt lat="37.031676738783794" lon="139.23211054625656"><ele>1340.1290904628113</ele><time>2022-10-22T05:21:24Z</time></trkpt><trkpt lat="37.03166103510777" lon="139.23233593306117"><ele>1332.2183431023732</ele><time>2022-10-22T05:21:57Z</time></trkpt><trkpt lat="37.0317277745773" lon="139.23254650293364"><ele>1327.3997708363459</ele><time>2022-10-22T05:22:25Z</time></trkpt><trkpt lat="37.031787771517095" lon="139.2327626569695"><ele>1324.5774991912767</ele><time>2022-10-22T05:22:42Z</time></trkpt><trkpt lat="37.03183660405435" lon="139.23298310623713"><ele>1310.2062119385228</ele><time>2022-10-22T05:25:07Z</time></trkpt><trkpt lat="37.0319648245563" lon="139.23314696358523"><ele>1295.7571377875283</ele><time>2022-10-22T05:25:46Z</time></trkpt><trkpt lat="37.03207209144366" lon="139.23334423443845"><ele>1285.6166717689484</ele><time>2022-10-22T05:26:20Z</time></trkpt><trkpt lat="37.0320662283608" lon="139.2335692213407"><ele>1276.362581149675</ele><time>2022-10-22T05:27:19Z</time></trkpt><trkpt lat="37.03204196180342" lon="139.23379652301105"><ele>1271.663571054116</ele><time>2022-10-22T05:27:35Z</time></trkpt><trkpt lat="37.03205081819706" lon="139.23402311872255"><ele>1261.0205756817013</ele><time>2022-10-22T05:27:59Z</time></trkpt><trkpt lat="37.03202892510807" lon="139.2342499484644"><ele>1256.8240496413782</ele><time>2022-10-22T05:28:16Z</time></trkpt><trkpt lat="37.032022800473506" lon="139.23448710117648"><ele>1249.3710273923352</ele><time>2022-10-22T05:28:42Z</time></trkpt><trkpt lat="37.031991358734956" lon="139.23471499253247"><ele>1249.6394547885284</ele><time>2022-10-22T05:28:55Z</time></trkpt><trkpt lat="37.03194495342989" lon="139.23493615862722"><ele>1247.5898220427334</ele><time>2022-10-22T05:29:11Z</time></trkpt><trkpt lat="37.03190985518485" lon="139.23516565206094"><ele>1245.7588730659336</ele><time>2022-10-22T05:29:29Z</time></trkpt><trkpt lat="37.031992099604565" lon="139.23536600780318"><ele>1235.0781935919076</ele><time>2022-10-22T05:30:06Z</time></trkpt><trkpt lat="37.032040555173516" lon="139.23558541616254"><ele>1231.3683849219233</ele><time>2022-10-22T05:30:30Z</time></trkpt><trkpt lat="37.032075982221436" lon="139.23580837973583"><ele>1230.3411526866257</ele><time>2022-10-22T05:30:54Z</time></trkpt><trkpt lat="37.03205485628393" lon="139.2360354622453"><ele>1224.5118466662243</ele><time>2022-10-22T05:31:29Z</time></trkpt><trkpt lat="37.03209277440009" lon="139.23625888838333"><ele>1215.645542351529</ele><time>2022-10-22T05:32:04Z</time></trkpt><trkpt lat="37.03208502171788" lon="139.23648497483535"><ele>1209.445684705861</ele><time>2022-10-22T05:32:31Z</time></trkpt><trkpt lat="37.03217157796724" lon="139.236686799651"><ele>1202.7849844926968</ele><time>2022-10-22T05:33:44Z</time></trkpt><trkpt lat="37.03218013821038" lon="139.23691883961715"><ele>1202.2127773175016</ele><time>2022-10-22T05:34:09Z</time></trkpt><trkpt lat="37.03225968532369" lon="139.2371276543802"><ele>1201.5626579094678</ele><time>2022-10-22T05:34:40Z</time></trkpt><trkpt lat="37.03233041152505" lon="139.23733633039328"><ele>1185.4296504464</ele><time>2022-10-22T05:35:55Z</time></trkpt><trkpt lat="37.032399802964065" lon="139.23754891123576"><ele>1177.9120827233419</ele><time>2022-10-22T05:36:24Z</time></trkpt><trkpt lat="37.03248229829384" lon="139.23776056778505"><ele>1175.7751007638872</ele><time>2022-10-22T05:36:40Z</time></trkpt><trkpt lat="37.03251412843452" lon="139.23799109699195"><ele>1168.902897708118</ele><time>2022-10-22T05:37:29Z</time></trkpt><trkpt lat="37.0326388877494" lon="139.2381699179685"><ele>1158.274213748984</ele><time>2022-10-22T05:38:37Z</time></trkpt><trkpt lat="37.03274721142331" lon="139.23835521999797"><ele>1149.4696793537587</ele><time>2022-10-22T05:39:28Z</time></trkpt><trkpt lat="37.032834576725264" lon="139.23858152993873"><ele>1146.0956008117646</ele><time>2022-10-22T05:39:46Z</time></trkpt><trkpt lat="37.03294203525251" lon="139.23876343130243"><ele>1146.7145979776978</ele><time>2022-10-22T05:40:05Z</time></trkpt><trkpt lat="37.03306455465141" lon="139.23892980079663"><ele>1136.8139230944216</ele><time>2022-10-22T05:40:53Z</time></trkpt><trkpt lat="37.033198784275434" lon="139.2390948958313"><ele>1128.0606224015355</ele><time>2022-10-22T05:41:34Z</time></trkpt><trkpt lat="37.03329670216473" lon="139.23928572451194"><ele>1119.3259134069085</ele><time>2022-10-22T05:42:02Z</time></trkpt><trkpt lat="37.03341219988309" lon="139.23946531838243"><ele>1116.565499261953</ele><time>2022-10-22T05:42:30Z</time></trkpt><trkpt lat="37.03356696798612" lon="139.2395836646573"><ele>1106.118375682272</ele><time>2022-10-22T05:43:16Z</time></trkpt><trkpt lat="37.03371366695031" lon="139.23972406957662"><ele>1101.3434952581301</ele><time>2022-10-22T05:43:34Z</time></trkpt><trkpt lat="37.03385938286062" lon="139.23986369774124"><ele>1095.5420693736523</ele><time>2022-10-22T05:45:22Z</time></trkpt><trkpt lat="37.03399629353738" lon="139.24000995942018"><ele>1093.2019941806793</ele><time>2022-10-22T05:45:46Z</time></trkpt><trkpt lat="37.03414376313499" lon="139.2401492922252"><ele>1085.5918885879219</ele><time>2022-10-22T05:46:14Z</time></trkpt><trkpt lat="37.034264926203164" lon="139.24031784410175"><ele>1079.4102267408744</ele><time>2022-10-22T05:46:54Z</time></trkpt><trkpt lat="37.034376936678996" lon="139.2405224639318"><ele>1077.4455965021625</ele><time>2022-10-22T05:47:05Z</time></trkpt><trkpt lat="37.03442664961229" lon="139.2407473692167"><ele>1074.958999185823</ele><time>2022-10-22T05:47:16Z</time></trkpt><trkpt lat="37.034546648776676" lon="139.24095358017777"><ele>1069.6225402355194</ele><time>2022-10-22T05:47:42Z</time></trkpt><trkpt lat="37.034658096250205" lon="139.2411584193714"><ele>1072.393195872195</ele><time>2022-10-22T05:47:50Z</time></trkpt><trkpt lat="37.034741059687946" lon="139.24136017755393"><ele>1069.7527622217312</ele><time>2022-10-22T05:48:07Z</time></trkpt><trkpt lat="37.03476245133492" lon="139.24158411309946"><ele>1069.682987676002</ele><time>2022-10-22T05:48:23Z</time></trkpt><trkpt lat="37.03469199669811" lon="139.24179464522143"><ele>1054.5810223417357</ele><time>2022-10-22T05:49:07Z</time></trkpt><trkpt lat="37.034694840355975" lon="139.24203869183526"><ele>1046.2434533508494</ele><time>2022-10-22T05:49:33Z</time></trkpt><trkpt lat="37.03466676078956" lon="139.24226348124049"><ele>1044.6381094241515</ele><time>2022-10-22T05:49:49Z</time></trkpt><trkpt lat="37.03472523891931" lon="139.2424883530325"><ele>1039.357490092516</ele><time>2022-10-22T05:50:11Z</time></trkpt><trkpt lat="37.034720669322766" lon="139.24271531344473"><ele>1036.132776147686</ele><time>2022-10-22T05:50:41Z</time></trkpt><trkpt lat="37.0347458831205" lon="139.24295460334508"><ele>1028.55757782422</ele><time>2022-10-22T05:51:09Z</time></trkpt><trkpt lat="37.03474606698548" lon="139.24319217347804"><ele>1023.2573825735599</ele><time>2022-10-22T05:51:29Z</time></trkpt><trkpt lat="37.03483837292876" lon="139.2433939852339"><ele>1013.2267509931698</ele><time>2022-10-22T05:52:04Z</time></trkpt><trkpt lat="37.0349348369137" lon="139.24359423446387"><ele>1010.256754051894</ele><time>2022-10-22T05:52:19Z</time></trkpt><trkpt lat="37.03502648546786" lon="139.24379620891784"><ele>996.5838800976053</ele><time>2022-10-22T05:52:39Z</time></trkpt><trkpt lat="37.035167249059285" lon="139.24393667302692"><ele>990.7625483339652</ele><time>2022-10-22T05:52:57Z</time></trkpt><trkpt lat="37.03525307594763" lon="139.24414313931678"><ele>986.3443011380732</ele><time>2022-10-22T05:53:10Z</time></trkpt><trkpt lat="37.03525111808631" lon="139.24437187975388"><ele>979.7164944671094</ele><time>2022-10-22T05:53:28Z</time></trkpt><trkpt lat="37.035337130880066" lon="139.24457866275256"><ele>974.7830001097172</ele><time>2022-10-22T05:53:47Z</time></trkpt><trkpt lat="37.03532916630081" lon="139.2448054332258"><ele>971.2881759162992</ele><time>2022-10-22T05:53:58Z</time></trkpt><trkpt lat="37.035351940031916" lon="139.24503021696813"><ele>968.7734337691218</ele><time>2022-10-22T05:54:11Z</time></trkpt><trkpt lat="37.035373140168495" lon="139.24525933523526"><ele>971.7788864513859</ele><time>2022-10-22T05:54:28Z</time></trkpt><trkpt lat="37.03536220935475" lon="139.24548384820233"><ele>969.6875817906111</ele><time>2022-10-22T05:54:44Z</time></trkpt><trkpt lat="37.03531062842685" lon="139.24570107569568"><ele>959.091575179249</ele><time>2022-10-22T05:55:04Z</time></trkpt><trkpt lat="37.035240212825634" lon="139.24591677208002"><ele>951.2912372332066</ele><time>2022-10-22T05:55:33Z</time></trkpt><trkpt lat="37.035123509893374" lon="139.24610006146642"><ele>946.5464078811929</ele><time>2022-10-22T05:55:52Z</time></trkpt><trkpt lat="37.035036628500094" lon="139.24630393174417"><ele>935.0130140176043</ele><time>2022-10-22T05:56:12Z</time></trkpt><trkpt lat="37.03492770029591" lon="139.2464904954584"><ele>927.173333006911</ele><time>2022-10-22T05:56:46Z</time></trkpt><trkpt lat="37.03484638870639" lon="139.24669116183756"><ele>925.3122885115445</ele><time>2022-10-22T05:57:10Z</time></trkpt><trkpt lat="37.034804549301576" lon="139.2469136763198"><ele>918.2169473664835</ele><time>2022-10-22T05:57:36Z</time></trkpt><trkpt lat="37.03478455573208" lon="139.2471485665299"><ele>917.217691984959</ele><time>2022-10-22T05:57:52Z</time></trkpt><trkpt lat="37.0347231648548" lon="139.2473774492723"><ele>916.2760325139388</ele><time>2022-10-22T05:58:08Z</time></trkpt><trkpt lat="37.03476911090772" lon="139.2476002718236"><ele>919.0856507671997</ele><time>2022-10-22T05:58:22Z</time></trkpt><trkpt lat="37.03490207424329" lon="139.24776100886118"><ele>920.2843057680875</ele><time>2022-10-22T05:58:35Z</time></trkpt><trkpt lat="37.035055716529904" lon="139.24790300262913"><ele>920.5259384550154</ele><time>2022-10-22T05:58:50Z</time></trkpt><trkpt lat="37.03523275495871" lon="139.24798894801614"><ele>920.4727337388322</ele><time>2022-10-22T05:59:03Z</time></trkpt><trkpt lat="37.03538018697501" lon="139.2481385153922"><ele>919.2774631651118</ele><time>2022-10-22T05:59:18Z</time></trkpt><trkpt lat="37.035563066681505" lon="139.248140104497"><ele>922.304597845301</ele><time>2022-10-22T05:59:35Z</time></trkpt><trkpt lat="37.035731824065515" lon="139.2480123548025"><ele>922.0783818634227</ele><time>2022-10-22T05:59:52Z</time></trkpt><trkpt lat="37.03590686937124" lon="139.2479423902663"><ele>921.5738738859072</ele><time>2022-10-22T06:00:06Z</time></trkpt><trkpt lat="37.03607009449673" lon="139.24781364382218"><ele>919.5513093257323</ele><time>2022-10-22T06:00:21Z</time></trkpt><trkpt lat="37.03622930042813" lon="139.2476963809206"><ele>918.4156764596701</ele><time>2022-10-22T06:00:34Z</time></trkpt><trkpt lat="37.03638237928806" lon="139.24757360899534"><ele>917.5055243559182</ele><time>2022-10-22T06:00:47Z</time></trkpt><trkpt lat="37.03656619855601" lon="139.24764444945652"><ele>914.5022354582325</ele><time>2022-10-22T06:01:02Z</time></trkpt><trkpt lat="37.03657484125684" lon="139.24788551748645"><ele>911.8734828028828</ele><time>2022-10-22T06:01:18Z</time></trkpt><trkpt lat="37.03646912330387" lon="139.24807586952448"><ele>913.2091260971501</ele><time>2022-10-22T06:01:34Z</time></trkpt><trkpt lat="37.03642639927747" lon="139.2482951127656"><ele>913.8966309130192</ele><time>2022-10-22T06:01:47Z</time></trkpt><trkpt lat="37.036440619365344" lon="139.2485363811528"><ele>910.5622684899718</ele><time>2022-10-22T06:02:01Z</time></trkpt><trkpt lat="37.03650636617656" lon="139.24876097268228"><ele>911.1304526450112</ele><time>2022-10-22T06:02:12Z</time></trkpt><trkpt lat="37.03652129356528" lon="139.24898975004473"><ele>908.2581193596125</ele><time>2022-10-22T06:02:25Z</time></trkpt><trkpt lat="37.036591132743865" lon="139.24921664075424"><ele>904.5767249781638</ele><time>2022-10-22T06:02:41Z</time></trkpt><trkpt lat="37.03666957331338" lon="139.2494371041222"><ele>905.3055187715217</ele><time>2022-10-22T06:02:53Z</time></trkpt><trkpt lat="37.036591366479136" lon="139.2496399922501"><ele>907.7692289780825</ele><time>2022-10-22T06:03:06Z</time></trkpt><trkpt lat="37.03651075619719" lon="139.2498452486806"><ele>903.7446166118607</ele><time>2022-10-22T06:03:20Z</time></trkpt><trkpt lat="37.03637975344772" lon="139.2500066392002"><ele>898.5709457937628</ele><time>2022-10-22T06:03:35Z</time></trkpt><trkpt lat="37.036287392875025" lon="139.2502155158992"><ele>898.2175707519054</ele><time>2022-10-22T06:03:49Z</time></trkpt><trkpt lat="37.03630962512954" lon="139.25045654582243"><ele>892.5434712376446</ele><time>2022-10-22T06:04:04Z</time></trkpt><trkpt lat="37.03624463713909" lon="139.25067538387276"><ele>886.1081547159702</ele><time>2022-10-22T06:04:18Z</time></trkpt><trkpt lat="37.03612917540424" lon="139.25085958833205"><ele>887.4438627930358</ele><time>2022-10-22T06:04:31Z</time></trkpt><trkpt lat="37.03610180384547" lon="139.25108885995786"><ele>884.4830984966829</ele><time>2022-10-22T06:04:44Z</time></trkpt><trkpt lat="37.035963979646596" lon="139.2512621527184"><ele>884.7421245556325</ele><time>2022-10-22T06:04:57Z</time></trkpt><trkpt lat="37.0358136629598" lon="139.25139294771301"><ele>881.7741078073159</ele><time>2022-10-22T06:05:11Z</time></trkpt><trkpt lat="37.0358963681782" lon="139.25159364005768"><ele>878.6418386911973</ele><time>2022-10-22T06:05:22Z</time></trkpt><trkpt lat="37.036023770414445" lon="139.25175723386477"><ele>876.174559735693</ele><time>2022-10-22T06:05:35Z</time></trkpt><trkpt lat="37.0361665565406" lon="139.2519199963565"><ele>873.6261529922485</ele><time>2022-10-22T06:05:49Z</time></trkpt><trkpt lat="37.036269857872604" lon="139.25211463998025"><ele>869.0738736838102</ele><time>2022-10-22T06:06:03Z</time></trkpt><trkpt lat="37.03637506665054" lon="139.25230795803702"><ele>862.129362506792</ele><time>2022-10-22T06:06:18Z</time></trkpt><trkpt lat="37.036551849892085" lon="139.25235651836823"><ele>857.5048257457092</ele><time>2022-10-22T06:06:32Z</time></trkpt><trkpt lat="37.036608870837235" lon="139.25257848969903"><ele>857.1891647651792</ele><time>2022-10-22T06:06:45Z</time></trkpt><trkpt lat="37.03667909004021" lon="139.25279189205065"><ele>851.3341011600569</ele><time>2022-10-22T06:06:58Z</time></trkpt><trkpt lat="37.036804520400835" lon="139.25296013447561"><ele>847.1930463733152</ele><time>2022-10-22T06:07:11Z</time></trkpt></trkseg></trk></gpx>