<?xml version='1.0' encoding='UTF-8'?><gpx creator="YAMAP - https://yamap.com" xsi:schemaLocation="http://www.topografix.com/GPX/1/1 http://www.topografix.com/GPX/1/1/gpx.xsd" version="1.1" xmlns="http://www.topografix.com/GPX/1/1" xmlns:xsi="http://www.w3.org/2001/XMLSchema-instance"><metadata><bounds maxlat="36.80523893100857" maxlon="139.14634746565736" minlat="36.75807591112872" minlon="139.1010196648293"/></metadata><trk><name>高手山・西峰・剣ヶ峰山・武尊山・中ノ岳・家の串山・剣ヶ峰・前武尊</name><number>1</number><trkseg><trkpt lat="36.76006799567189" lon="139.1062178370907"><ele>1164.8235244750977</ele><time>2022-06-17T22:25:45Z</time></trkpt><trkpt lat="36.760212051520114" lon="139.10607448721944"><ele>1134.3262101188302</ele><time>2022-06-17T22:25:59Z</time></trkpt><trkpt lat="36.760123072256484" lon="139.10586959489976"><ele>1140.30360410735</ele><time>2022-06-17T22:26:36Z</time></trkpt><trkpt lat="36.75994467241311" lon="139.105823504232"><ele>1140.5634254291654</ele><time>2022-06-17T22:26:55Z</time></trkpt><trkpt lat="36.75976875733843" lon="139.10577373329005"><ele>1144.4709651581943</ele><time>2022-06-17T22:27:12Z</time></trkpt><trkpt lat="36.759588960213" lon="139.10570546957896"><ele>1146.33537251316</ele><time>2022-06-17T22:27:32Z</time></trkpt><trkpt lat="36.759411835649686" lon="139.10564856489546"><ele>1152.6052836561576</ele><time>2022-06-17T22:27:51Z</time></trkpt><trkpt lat="36.75924263992718" lon="139.1055641823988"><ele>1153.1366682471707</ele><time>2022-06-17T22:28:05Z</time></trkpt><trkpt lat="36.759084956027735" lon="139.105444032813"><ele>1153.4580899132416</ele><time>2022-06-17T22:28:22Z</time></trkpt><trkpt lat="36.758975316080324" lon="139.10526412993346"><ele>1158.536205375567</ele><time>2022-06-17T22:28:44Z</time></trkpt><trkpt lat="36.75890493866729" lon="139.10505472341265"><ele>1158.888259797357</ele><time>2022-06-17T22:28:59Z</time></trkpt><trkpt lat="36.75881016761321" lon="139.10485971093323"><ele>1163.9959236700088</ele><time>2022-06-17T22:29:14Z</time></trkpt><trkpt lat="36.75872990125435" lon="139.1046550023748"><ele>1169.67193075642</ele><time>2022-06-17T22:29:31Z</time></trkpt><trkpt lat="36.758609164599335" lon="139.1044645001107"><ele>1176.3594338474795</ele><time>2022-06-17T22:29:48Z</time></trkpt><trkpt lat="36.75846697775887" lon="139.10432505412246"><ele>1174.1451391959563</ele><time>2022-06-17T22:30:05Z</time></trkpt><trkpt lat="36.75830198145048" lon="139.10419966016119"><ele>1173.5942368488759</ele><time>2022-06-17T22:30:20Z</time></trkpt><trkpt lat="36.75813722313047" lon="139.10409496180665"><ele>1175.0975609635934</ele><time>2022-06-17T22:30:36Z</time></trkpt><trkpt lat="36.75813860924854" lon="139.10386816301255"><ele>1173.6689415089786</ele><time>2022-06-17T22:30:57Z</time></trkpt><trkpt lat="36.75830970061267" lon="139.10377394652136"><ele>1174.2838503737003</ele><time>2022-06-17T22:31:14Z</time></trkpt><trkpt lat="36.758499619829095" lon="139.10381209826127"><ele>1177.136673961766</ele><time>2022-06-17T22:31:34Z</time></trkpt><trkpt lat="36.75867315671144" lon="139.1038957204636"><ele>1184.2900765910745</ele><time>2022-06-17T22:31:51Z</time></trkpt><trkpt lat="36.758841853739376" lon="139.10397670122592"><ele>1185.067015026696</ele><time>2022-06-17T22:32:08Z</time></trkpt><trkpt lat="36.75902039227888" lon="139.10401654539322"><ele>1187.5288581671193</ele><time>2022-06-17T22:32:23Z</time></trkpt><trkpt lat="36.75919548372351" lon="139.10393502191204"><ele>1187.0558251664042</ele><time>2022-06-17T22:32:36Z</time></trkpt><trkpt lat="36.75937505883557" lon="139.10385537719716"><ele>1189.890041757375</ele><time>2022-06-17T22:32:50Z</time></trkpt><trkpt lat="36.75950289095624" lon="139.10368681510238"><ele>1191.2725329827517</ele><time>2022-06-17T22:33:05Z</time></trkpt><trkpt lat="36.75966203851034" lon="139.10357332656935"><ele>1193.0228737462312</ele><time>2022-06-17T22:33:20Z</time></trkpt><trkpt lat="36.759852585109705" lon="139.10357729203233"><ele>1194.6379031538963</ele><time>2022-06-17T22:33:39Z</time></trkpt><trkpt lat="36.76001420176114" lon="139.1034681255473"><ele>1193.1717055169865</ele><time>2022-06-17T22:33:59Z</time></trkpt><trkpt lat="36.760132296974284" lon="139.10328234285117"><ele>1192.968418265693</ele><time>2022-06-17T22:34:15Z</time></trkpt><trkpt lat="36.76029629642794" lon="139.1031756374012"><ele>1197.7471933960915</ele><time>2022-06-17T22:34:32Z</time></trkpt><trkpt lat="36.7604862772135" lon="139.10319259444012"><ele>1203.6965115889907</ele><time>2022-06-17T22:34:49Z</time></trkpt><trkpt lat="36.76064784464714" lon="139.1033150495432"><ele>1209.035626272671</ele><time>2022-06-17T22:35:10Z</time></trkpt><trkpt lat="36.76083212298358" lon="139.1033579939957"><ele>1213.9485284062102</ele><time>2022-06-17T22:35:29Z</time></trkpt><trkpt lat="36.76101036679537" lon="139.10340881306612"><ele>1213.7212607562542</ele><time>2022-06-17T22:35:45Z</time></trkpt><trkpt lat="36.761190739452026" lon="139.10340198097515"><ele>1216.8395651727915</ele><time>2022-06-17T22:36:03Z</time></trkpt><trkpt lat="36.76137021567242" lon="139.10337286334695"><ele>1219.0817195102572</ele><time>2022-06-17T22:36:18Z</time></trkpt><trkpt lat="36.761552405583245" lon="139.10328773438314"><ele>1220.810281787999</ele><time>2022-06-17T22:36:39Z</time></trkpt><trkpt lat="36.76152584740781" lon="139.10306549854158"><ele>1228.0101812584326</ele><time>2022-06-17T22:37:27Z</time></trkpt><trkpt lat="36.76138561962131" lon="139.102913978014"><ele>1233.8878774363548</ele><time>2022-06-17T22:37:44Z</time></trkpt><trkpt lat="36.76124206166505" lon="139.1027763386804"><ele>1236.0508702164516</ele><time>2022-06-17T22:38:01Z</time></trkpt><trkpt lat="36.761421978398836" lon="139.10281164307543"><ele>1238.1878514718264</ele><time>2022-06-17T22:38:22Z</time></trkpt><trkpt lat="36.76160002348706" lon="139.1028646981937"><ele>1239.3380808811635</ele><time>2022-06-17T22:38:38Z</time></trkpt><trkpt lat="36.761511214917526" lon="139.10265308655784"><ele>1245.5630333777517</ele><time>2022-06-17T22:39:07Z</time></trkpt><trkpt lat="36.76168410074118" lon="139.10257178156547"><ele>1253.7788063846529</ele><time>2022-06-17T22:39:56Z</time></trkpt><trkpt lat="36.761865251386254" lon="139.10257197510268"><ele>1258.5078008975834</ele><time>2022-06-17T22:40:14Z</time></trkpt><trkpt lat="36.76204878142141" lon="139.1025643974074"><ele>1260.9213131750003</ele><time>2022-06-17T22:40:33Z</time></trkpt><trkpt lat="36.7619304965784" lon="139.1023831599571"><ele>1267.9222561260685</ele><time>2022-06-17T22:40:48Z</time></trkpt><trkpt lat="36.76177574011383" lon="139.1022612110859"><ele>1271.0198124051094</ele><time>2022-06-17T22:41:03Z</time></trkpt><trkpt lat="36.76196334973092" lon="139.10230705949195"><ele>1268.1192382508889</ele><time>2022-06-17T22:41:21Z</time></trkpt><trkpt lat="36.76214476727931" lon="139.10232086109747"><ele>1268.836009829305</ele><time>2022-06-17T22:41:38Z</time></trkpt><trkpt lat="36.76233192801881" lon="139.1023180337128"><ele>1271.7329659396783</ele><time>2022-06-17T22:41:55Z</time></trkpt><trkpt lat="36.76221587062325" lon="139.10213088287807"><ele>1279.5420628422871</ele><time>2022-06-17T22:42:11Z</time></trkpt><trkpt lat="36.762070207162175" lon="139.10198424702145"><ele>1282.270910079591</ele><time>2022-06-17T22:42:29Z</time></trkpt><trkpt lat="36.762260737596065" lon="139.10199859326565"><ele>1286.1708021042868</ele><time>2022-06-17T22:42:59Z</time></trkpt><trkpt lat="36.762448359665136" lon="139.10202728128664"><ele>1285.509727774188</ele><time>2022-06-17T22:43:14Z</time></trkpt><trkpt lat="36.762638625451764" lon="139.10193818586555"><ele>1288.4468955630437</ele><time>2022-06-17T22:43:34Z</time></trkpt><trkpt lat="36.76282103534665" lon="139.1018829754853"><ele>1292.7940130718052</ele><time>2022-06-17T22:43:54Z</time></trkpt><trkpt lat="36.76299471472569" lon="139.10181568064843"><ele>1296.9009334780276</ele><time>2022-06-17T22:44:15Z</time></trkpt><trkpt lat="36.763151481231205" lon="139.10169233237846"><ele>1301.1906733252108</ele><time>2022-06-17T22:44:35Z</time></trkpt><trkpt lat="36.76330851703003" lon="139.10158160818912"><ele>1301.833192310296</ele><time>2022-06-17T22:44:56Z</time></trkpt><trkpt lat="36.76347764359389" lon="139.10149466377206"><ele>1305.0073489928618</ele><time>2022-06-17T22:45:12Z</time></trkpt><trkpt lat="36.76364232944083" lon="139.10137363762658"><ele>1305.2991233058274</ele><time>2022-06-17T22:45:30Z</time></trkpt><trkpt lat="36.7638389379638" lon="139.10135610803675"><ele>1309.7216881541535</ele><time>2022-06-17T22:45:47Z</time></trkpt><trkpt lat="36.76399306731697" lon="139.10123737138665"><ele>1314.0449464889243</ele><time>2022-06-17T22:46:02Z</time></trkpt><trkpt lat="36.764192060529126" lon="139.10123948081923"><ele>1317.0216776765883</ele><time>2022-06-17T22:46:20Z</time></trkpt><trkpt lat="36.764377226924296" lon="139.1011792126385"><ele>1318.7969404561445</ele><time>2022-06-17T22:46:40Z</time></trkpt><trkpt lat="36.764561979771976" lon="139.10114562100398"><ele>1319.2644346300513</ele><time>2022-06-17T22:46:58Z</time></trkpt><trkpt lat="36.764743453758584" lon="139.10112406475454"><ele>1321.9619351448491</ele><time>2022-06-17T22:47:14Z</time></trkpt><trkpt lat="36.76493412120893" lon="139.10112384572045"><ele>1327.2566566327587</ele><time>2022-06-17T22:47:34Z</time></trkpt><trkpt lat="36.76511719242138" lon="139.10111506977626"><ele>1329.3891895022243</ele><time>2022-06-17T22:47:51Z</time></trkpt><trkpt lat="36.765299814010135" lon="139.1010728850761"><ele>1330.6798964105546</ele><time>2022-06-17T22:48:05Z</time></trkpt><trkpt lat="36.76548885231164" lon="139.10108683057823"><ele>1330.9447180042043</ele><time>2022-06-17T22:48:24Z</time></trkpt><trkpt lat="36.765676164944644" lon="139.10108485206678"><ele>1333.8581925174221</ele><time>2022-06-17T22:48:42Z</time></trkpt><trkpt lat="36.76586948417714" lon="139.1011154425746"><ele>1337.0930821569636</ele><time>2022-06-17T22:49:04Z</time></trkpt><trkpt lat="36.76604822342213" lon="139.10114985119623"><ele>1336.7837756238878</ele><time>2022-06-17T22:49:17Z</time></trkpt><trkpt lat="36.7662434076167" lon="139.10117314712704"><ele>1338.9619025820866</ele><time>2022-06-17T22:49:32Z</time></trkpt><trkpt lat="36.76643122089774" lon="139.10117480722784"><ele>1340.6285804472864</ele><time>2022-06-17T22:50:06Z</time></trkpt><trkpt lat="36.7666082320804" lon="139.10111746594305"><ele>1345.3422776451334</ele><time>2022-06-17T22:50:26Z</time></trkpt><trkpt lat="36.76679080672585" lon="139.10114487411496"><ele>1355.3443385064602</ele><time>2022-06-17T22:50:51Z</time></trkpt><trkpt lat="36.76698197306178" lon="139.10115258839906"><ele>1357.5987413879484</ele><time>2022-06-17T22:51:17Z</time></trkpt><trkpt lat="36.76716277388409" lon="139.10113741374067"><ele>1363.9453020207584</ele><time>2022-06-17T22:51:44Z</time></trkpt><trkpt lat="36.76734233314461" lon="139.10118779608695"><ele>1369.1015562396497</ele><time>2022-06-17T22:52:07Z</time></trkpt><trkpt lat="36.76750869837822" lon="139.10110113842487"><ele>1375.1476371567696</ele><time>2022-06-17T22:52:31Z</time></trkpt><trkpt lat="36.767672629839566" lon="139.10121050969133"><ele>1377.913809593767</ele><time>2022-06-17T22:52:52Z</time></trkpt><trkpt lat="36.7678178533883" lon="139.10136091779643"><ele>1377.6876534270123</ele><time>2022-06-17T22:53:12Z</time></trkpt><trkpt lat="36.767991599787194" lon="139.10144764290283"><ele>1376.8632509224117</ele><time>2022-06-17T22:53:31Z</time></trkpt><trkpt lat="36.768101719784156" lon="139.10163213971646"><ele>1375.8708444284275</ele><time>2022-06-17T22:53:47Z</time></trkpt><trkpt lat="36.76820011733712" lon="139.10183476661132"><ele>1373.152190673165</ele><time>2022-06-17T22:54:05Z</time></trkpt><trkpt lat="36.76832056595369" lon="139.10202235526825"><ele>1371.743508190848</ele><time>2022-06-17T22:54:21Z</time></trkpt><trkpt lat="36.7683758190033" lon="139.10224183726478"><ele>1372.5769156878814</ele><time>2022-06-17T22:54:37Z</time></trkpt><trkpt lat="36.76848569827034" lon="139.10244163502625"><ele>1368.5312434015796</ele><time>2022-06-17T22:54:52Z</time></trkpt><trkpt lat="36.76857575718456" lon="139.10264546771748"><ele>1367.4529404267669</ele><time>2022-06-17T22:55:08Z</time></trkpt><trkpt lat="36.768678050808326" lon="139.10284941763544"><ele>1365.7754919342697</ele><time>2022-06-17T22:55:23Z</time></trkpt><trkpt lat="36.76881266728887" lon="139.10300047491984"><ele>1362.0747646922246</ele><time>2022-06-17T22:56:46Z</time></trkpt><trkpt lat="36.768930195236415" lon="139.10319205042333"><ele>1362.3700139448047</ele><time>2022-06-17T22:57:04Z</time></trkpt><trkpt lat="36.76904680634611" lon="139.10336413886137"><ele>1360.0488196937367</ele><time>2022-06-17T22:57:22Z</time></trkpt><trkpt lat="36.76920018671441" lon="139.10349603010118"><ele>1360.6525925341994</ele><time>2022-06-17T22:57:49Z</time></trkpt><trkpt lat="36.76935306920027" lon="139.10363668946496"><ele>1360.9401457197964</ele><time>2022-06-17T22:58:07Z</time></trkpt><trkpt lat="36.76949912272396" lon="139.10377227152085"><ele>1360.8986948123202</ele><time>2022-06-17T22:58:24Z</time></trkpt><trkpt lat="36.7696295016451" lon="139.10392859585752"><ele>1360.839884149842</ele><time>2022-06-17T22:58:41Z</time></trkpt><trkpt lat="36.76977740867715" lon="139.10406089191795"><ele>1364.0096359327435</ele><time>2022-06-17T22:58:58Z</time></trkpt><trkpt lat="36.76991271892932" lon="139.10422370607247"><ele>1364.7191348103806</ele><time>2022-06-17T22:59:15Z</time></trkpt><trkpt lat="36.77004886193172" lon="139.10438505097954"><ele>1364.399855456315</ele><time>2022-06-17T22:59:31Z</time></trkpt><trkpt lat="36.77019804489689" lon="139.10452018274358"><ele>1367.3093149745837</ele><time>2022-06-17T22:59:51Z</time></trkpt><trkpt lat="36.77033621862304" lon="139.10467813422676"><ele>1370.3116522198543</ele><time>2022-06-17T23:00:10Z</time></trkpt><trkpt lat="36.77050777038199" lon="139.10478905310205"><ele>1369.855260282755</ele><time>2022-06-17T23:00:27Z</time></trkpt><trkpt lat="36.7706629404183" lon="139.10492252048456"><ele>1373.2806393420324</ele><time>2022-06-17T23:00:48Z</time></trkpt><trkpt lat="36.77075665789464" lon="139.10512065063844"><ele>1376.864636188373</ele><time>2022-06-17T23:01:06Z</time></trkpt><trkpt lat="36.77084999819396" lon="139.10531546725738"><ele>1379.419523159042</ele><time>2022-06-17T23:01:21Z</time></trkpt><trkpt lat="36.77094604410728" lon="139.1055095743416"><ele>1382.8706811573356</ele><time>2022-06-17T23:01:40Z</time></trkpt><trkpt lat="36.77105925718946" lon="139.10570180122693"><ele>1386.8956447290257</ele><time>2022-06-17T23:01:57Z</time></trkpt><trkpt lat="36.771185054135046" lon="139.105882884669"><ele>1387.4652590714395</ele><time>2022-06-17T23:02:15Z</time></trkpt><trkpt lat="36.77132280399523" lon="139.1060357722783"><ele>1388.5889847800136</ele><time>2022-06-17T23:02:33Z</time></trkpt><trkpt lat="36.771515136954264" lon="139.1061097256873"><ele>1391.0416828179732</ele><time>2022-06-17T23:02:48Z</time></trkpt><trkpt lat="36.77169833594451" lon="139.1060586463013"><ele>1386.5121033787727</ele><time>2022-06-17T23:03:09Z</time></trkpt><trkpt lat="36.77187084111556" lon="139.10614028646302"><ele>1381.0240767179057</ele><time>2022-06-17T23:03:41Z</time></trkpt><trkpt lat="36.77206030002996" lon="139.10614489992446"><ele>1378.8665822129697</ele><time>2022-06-17T23:03:57Z</time></trkpt><trkpt lat="36.77224683778259" lon="139.10614638836475"><ele>1379.0709001822397</ele><time>2022-06-17T23:04:11Z</time></trkpt><trkpt lat="36.77241705135784" lon="139.10622039460978"><ele>1383.585623761639</ele><time>2022-06-17T23:04:35Z</time></trkpt><trkpt lat="36.77250676581417" lon="139.10643215256087"><ele>1385.6279978426173</ele><time>2022-06-17T23:04:54Z</time></trkpt><trkpt lat="36.77258908660415" lon="139.10664630323782"><ele>1387.7063546385616</ele><time>2022-06-17T23:05:13Z</time></trkpt><trkpt lat="36.77270326046784" lon="139.10682232897213"><ele>1389.4231608770788</ele><time>2022-06-17T23:05:31Z</time></trkpt><trkpt lat="36.77281889260198" lon="139.10700508954886"><ele>1387.338867479004</ele><time>2022-06-17T23:05:51Z</time></trkpt><trkpt lat="36.772946482603665" lon="139.10717746242358"><ele>1383.9770523943007</ele><time>2022-06-17T23:06:08Z</time></trkpt><trkpt lat="36.77307064429165" lon="139.10735771306264"><ele>1382.1323602702469</ele><time>2022-06-17T23:06:27Z</time></trkpt><trkpt lat="36.77320901980559" lon="139.1075234773447"><ele>1377.3437696089968</ele><time>2022-06-17T23:06:46Z</time></trkpt><trkpt lat="36.773329331978" lon="139.10769540348926"><ele>1376.4648966332898</ele><time>2022-06-17T23:07:03Z</time></trkpt><trkpt lat="36.77347011073359" lon="139.10786732103472"><ele>1374.0324972616509</ele><time>2022-06-17T23:07:23Z</time></trkpt><trkpt lat="36.773612842494636" lon="139.10802118389327"><ele>1371.4273390248418</ele><time>2022-06-17T23:07:42Z</time></trkpt><trkpt lat="36.773717783055034" lon="139.10820797997283"><ele>1374.3923702510074</ele><time>2022-06-17T23:08:00Z</time></trkpt><trkpt lat="36.77382448600363" lon="139.10839045108347"><ele>1376.3770847171545</ele><time>2022-06-17T23:08:20Z</time></trkpt><trkpt lat="36.773953677569466" lon="139.10855493770856"><ele>1379.5264927716926</ele><time>2022-06-17T23:08:44Z</time></trkpt><trkpt lat="36.774013011132084" lon="139.1087771499567"><ele>1383.8923595175147</ele><time>2022-06-17T23:09:05Z</time></trkpt><trkpt lat="36.77404223219898" lon="139.10900916909176"><ele>1388.939074111171</ele><time>2022-06-17T23:09:28Z</time></trkpt><trkpt lat="36.7742175746027" lon="139.1090833377994"><ele>1392.6291666459292</ele><time>2022-06-17T23:09:49Z</time></trkpt><trkpt lat="36.77424115703017" lon="139.1093087342027"><ele>1399.3182425647974</ele><time>2022-06-17T23:10:18Z</time></trkpt><trkpt lat="36.77438298755363" lon="139.10944706395938"><ele>1403.970376267098</ele><time>2022-06-17T23:10:45Z</time></trkpt><trkpt lat="36.77440686028039" lon="139.10968115778056"><ele>1414.4386973204091</ele><time>2022-06-17T23:11:29Z</time></trkpt><trkpt lat="36.774576864991346" lon="139.10956441101098"><ele>1415.0334752527997</ele><time>2022-06-17T23:11:52Z</time></trkpt><trkpt lat="36.77470130597697" lon="139.10973208786"><ele>1420.1403769738972</ele><time>2022-06-17T23:12:31Z</time></trkpt><trkpt lat="36.77484305310255" lon="139.1098801202536"><ele>1427.8107843110338</ele><time>2022-06-17T23:13:04Z</time></trkpt><trkpt lat="36.774883850358115" lon="139.1101034615271"><ele>1431.5014796070755</ele><time>2022-06-17T23:13:28Z</time></trkpt><trkpt lat="36.77496906141416" lon="139.11030316717927"><ele>1437.3265367830172</ele><time>2022-06-17T23:14:00Z</time></trkpt><trkpt lat="36.7750740385713" lon="139.11048531462964"><ele>1438.9909326508641</ele><time>2022-06-17T23:14:21Z</time></trkpt><trkpt lat="36.7752226995714" lon="139.11065801575432"><ele>1442.4892507037148</ele><time>2022-06-17T23:14:46Z</time></trkpt><trkpt lat="36.77527770018891" lon="139.11087623443996"><ele>1447.9400050137192</ele><time>2022-06-17T23:15:10Z</time></trkpt><trkpt lat="36.775309930645804" lon="139.1111147703617"><ele>1452.5055650677532</ele><time>2022-06-17T23:15:34Z</time></trkpt><trkpt lat="36.77542831796781" lon="139.11128523427917"><ele>1456.038600007072</ele><time>2022-06-17T23:15:54Z</time></trkpt><trkpt lat="36.77554080442204" lon="139.11146700733104"><ele>1464.0694403499365</ele><time>2022-06-17T23:16:28Z</time></trkpt><trkpt lat="36.77562761901716" lon="139.11168064404984"><ele>1468.7212304649875</ele><time>2022-06-17T23:16:50Z</time></trkpt><trkpt lat="36.77565118880445" lon="139.11191567122896"><ele>1471.0066846413538</ele><time>2022-06-17T23:17:11Z</time></trkpt><trkpt lat="36.77575146830133" lon="139.11210579106574"><ele>1474.9140532771125</ele><time>2022-06-17T23:17:34Z</time></trkpt><trkpt lat="36.77584207194356" lon="139.11230219058743"><ele>1476.6547329137102</ele><time>2022-06-17T23:17:52Z</time></trkpt><trkpt lat="36.775976293338175" lon="139.11245348780994"><ele>1481.2234109686688</ele><time>2022-06-17T23:18:15Z</time></trkpt><trkpt lat="36.776026302433536" lon="139.11267711129153"><ele>1483.1471573207527</ele><time>2022-06-17T23:18:37Z</time></trkpt><trkpt lat="36.77613209160259" lon="139.11286618609557"><ele>1489.8541283877566</ele><time>2022-06-17T23:19:07Z</time></trkpt><trkpt lat="36.77631248347222" lon="139.11290131349"><ele>1492.5339437071234</ele><time>2022-06-17T23:19:26Z</time></trkpt><trkpt lat="36.77640007959146" lon="139.11310619098154"><ele>1499.698088876903</ele><time>2022-06-17T23:19:58Z</time></trkpt><trkpt lat="36.77656538571515" lon="139.11321251126083"><ele>1500.8957087043673</ele><time>2022-06-17T23:20:16Z</time></trkpt><trkpt lat="36.776589224519576" lon="139.11343829415927"><ele>1507.4723344286904</ele><time>2022-06-17T23:20:58Z</time></trkpt><trkpt lat="36.776753537553624" lon="139.1135317280153"><ele>1512.8087111711502</ele><time>2022-06-17T23:21:23Z</time></trkpt><trkpt lat="36.77673855388465" lon="139.11376745699667"><ele>1521.9197030579671</ele><time>2022-06-17T23:21:54Z</time></trkpt><trkpt lat="36.77682597354744" lon="139.1139675394133"><ele>1529.284613396041</ele><time>2022-06-17T23:22:34Z</time></trkpt><trkpt lat="36.77683668748727" lon="139.1142085859427"><ele>1535.8333936184645</ele><time>2022-06-17T23:22:55Z</time></trkpt><trkpt lat="36.77691024040065" lon="139.11441306488788"><ele>1536.0296539999545</ele><time>2022-06-17T23:23:21Z</time></trkpt><trkpt lat="36.77708957023534" lon="139.1143802396065"><ele>1542.4856588235125</ele><time>2022-06-17T23:23:57Z</time></trkpt><trkpt lat="36.777144482159926" lon="139.11460453236182"><ele>1548.1678083380684</ele><time>2022-06-17T23:24:31Z</time></trkpt><trkpt lat="36.77733258905295" lon="139.1145727092307"><ele>1553.3265294134617</ele><time>2022-06-17T23:25:01Z</time></trkpt><trkpt lat="36.77738782679502" lon="139.1147867855152"><ele>1560.362158773467</ele><time>2022-06-17T23:25:49Z</time></trkpt><trkpt lat="36.77757328988007" lon="139.1147504837362"><ele>1565.70835419558</ele><time>2022-06-17T23:26:15Z</time></trkpt><trkpt lat="36.77765907555727" lon="139.11496109155348"><ele>1575.1376311937347</ele><time>2022-06-17T23:27:16Z</time></trkpt><trkpt lat="36.77780577414151" lon="139.11509849873394"><ele>1584.6364077180624</ele><time>2022-06-17T23:28:05Z</time></trkpt><trkpt lat="36.777950395647544" lon="139.11523333165638"><ele>1589.7104273363948</ele><time>2022-06-17T23:28:37Z</time></trkpt><trkpt lat="36.77798683203113" lon="139.11545339494407"><ele>1595.663758601062</ele><time>2022-06-17T23:29:02Z</time></trkpt><trkpt lat="36.77815947613304" lon="139.11538866511768"><ele>1600.0999571792781</ele><time>2022-06-17T23:29:24Z</time></trkpt><trkpt lat="36.778251005165" lon="139.11559752007918"><ele>1608.9406328396872</ele><time>2022-06-17T23:30:17Z</time></trkpt><trkpt lat="36.778446416671684" lon="139.11555897132573"><ele>1612.8683810196817</ele><time>2022-06-17T23:30:46Z</time></trkpt><trkpt lat="36.77839694912806" lon="139.1157753083928"><ele>1618.1241516461596</ele><time>2022-06-17T23:31:18Z</time></trkpt><trkpt lat="36.778579199555885" lon="139.11574372096928"><ele>1625.0953708523884</ele><time>2022-06-17T23:33:09Z</time></trkpt><trkpt lat="36.77869531764711" lon="139.11591851901844"><ele>1633.1110775638372</ele><time>2022-06-17T23:33:45Z</time></trkpt><trkpt lat="36.77884482560081" lon="139.1160458959109"><ele>1642.5352012477815</ele><time>2022-06-17T23:34:24Z</time></trkpt><trkpt lat="36.779027398733675" lon="139.11604386128894"><ele>1648.2365499977022</ele><time>2022-06-17T23:34:56Z</time></trkpt><trkpt lat="36.77919688897147" lon="139.11612219767724"><ele>1654.6559748677537</ele><time>2022-06-17T23:35:30Z</time></trkpt><trkpt lat="36.7793515609026" lon="139.11624074149833"><ele>1662.1259222859517</ele><time>2022-06-17T23:36:07Z</time></trkpt><trkpt lat="36.77947879289125" lon="139.11641302824557"><ele>1665.3825791319832</ele><time>2022-06-17T23:36:35Z</time></trkpt><trkpt lat="36.77966417442224" lon="139.11641111816132"><ele>1672.336764704436</ele><time>2022-06-17T23:37:18Z</time></trkpt><trkpt lat="36.77984891757175" lon="139.11638708697882"><ele>1678.8615060048178</ele><time>2022-06-17T23:37:50Z</time></trkpt><trkpt lat="36.780016823631236" lon="139.11630029764677"><ele>1683.7440973846242</ele><time>2022-06-17T23:38:16Z</time></trkpt><trkpt lat="36.78019996299744" lon="139.1162555371286"><ele>1686.8003901513293</ele><time>2022-06-17T23:38:47Z</time></trkpt><trkpt lat="36.780334831559955" lon="139.11610307679013"><ele>1694.5639857286587</ele><time>2022-06-17T23:39:24Z</time></trkpt><trkpt lat="36.78051457923119" lon="139.1161213643275"><ele>1699.0637240931392</ele><time>2022-06-17T23:40:08Z</time></trkpt><trkpt lat="36.78063356845453" lon="139.11595194759857"><ele>1705.9054390816018</ele><time>2022-06-17T23:40:49Z</time></trkpt><trkpt lat="36.78080720331271" lon="139.11588588219757"><ele>1713.2906526038423</ele><time>2022-06-17T23:41:33Z</time></trkpt><trkpt lat="36.7809775481648" lon="139.115811154887"><ele>1720.6633517947048</ele><time>2022-06-17T23:42:28Z</time></trkpt><trkpt lat="36.78115951056896" lon="139.11579448254088"><ele>1726.7590811308473</ele><time>2022-06-17T23:43:13Z</time></trkpt><trkpt lat="36.78134274713723" lon="139.11579502540195"><ele>1731.9810017691925</ele><time>2022-06-17T23:43:50Z</time></trkpt><trkpt lat="36.7815245376498" lon="139.11577209502875"><ele>1736.4408390475437</ele><time>2022-06-17T23:44:24Z</time></trkpt><trkpt lat="36.781698904106015" lon="139.11583344122505"><ele>1743.4284252328798</ele><time>2022-06-17T23:45:11Z</time></trkpt><trkpt lat="36.7818650879359" lon="139.11593988583246"><ele>1747.6486885994673</ele><time>2022-06-17T23:45:54Z</time></trkpt><trkpt lat="36.78202627230323" lon="139.11605764297718"><ele>1751.8670819997787</ele><time>2022-06-17T23:46:26Z</time></trkpt><trkpt lat="36.782150292863925" lon="139.11622076852058"><ele>1753.8150206552818</ele><time>2022-06-17T23:47:12Z</time></trkpt><trkpt lat="36.78227546872482" lon="139.1163830712314"><ele>1754.8542852019891</ele><time>2022-06-17T23:47:44Z</time></trkpt><trkpt lat="36.78237955157808" lon="139.1165694847424"><ele>1757.7806578082964</ele><time>2022-06-17T23:48:21Z</time></trkpt><trkpt lat="36.782551719643955" lon="139.1166592788168"><ele>1758.143935373053</ele><time>2022-06-17T23:48:50Z</time></trkpt><trkpt lat="36.78272210894458" lon="139.11674773964205"><ele>1759.62695490662</ele><time>2022-06-17T23:49:18Z</time></trkpt><trkpt lat="36.782733523646534" lon="139.11697305557453"><ele>1771.4652012670413</ele><time>2022-06-17T23:50:28Z</time></trkpt><trkpt lat="36.782785822601966" lon="139.11719900331633"><ele>1781.7016631634906</ele><time>2022-06-17T23:51:22Z</time></trkpt><trkpt lat="36.78294639467082" lon="139.11730423652367"><ele>1786.9628522247076</ele><time>2022-06-17T23:51:54Z</time></trkpt><trkpt lat="36.783060390032794" lon="139.11748705356652"><ele>1794.7215778278187</ele><time>2022-06-17T23:53:07Z</time></trkpt><trkpt lat="36.783168221169916" lon="139.11766997592804"><ele>1802.3783880677074</ele><time>2022-06-17T23:53:56Z</time></trkpt><trkpt lat="36.78328128742047" lon="139.11785248709486"><ele>1805.7123089507222</ele><time>2022-06-17T23:54:20Z</time></trkpt><trkpt lat="36.78338147915805" lon="139.11805768232668"><ele>1807.708678420633</ele><time>2022-06-17T23:54:45Z</time></trkpt><trkpt lat="36.783505873288256" lon="139.11822562267864"><ele>1811.3283549221233</ele><time>2022-06-17T23:55:11Z</time></trkpt><trkpt lat="36.783620468006376" lon="139.11840082013106"><ele>1816.824087430723</ele><time>2022-06-17T23:55:57Z</time></trkpt><trkpt lat="36.78375999382086" lon="139.11854577774412"><ele>1823.9403188275173</ele><time>2022-06-17T23:56:50Z</time></trkpt><trkpt lat="36.78394035271258" lon="139.11854088492396"><ele>1823.352144792676</ele><time>2022-06-17T23:57:20Z</time></trkpt><trkpt lat="36.784119921328276" lon="139.11850562664733"><ele>1816.7488287203014</ele><time>2022-06-17T23:58:26Z</time></trkpt><trkpt lat="36.78427967111721" lon="139.11838806140946"><ele>1813.181930264458</ele><time>2022-06-17T23:59:23Z</time></trkpt><trkpt lat="36.78438319393569" lon="139.11819919657145"><ele>1817.0220424653962</ele><time>2022-06-17T23:59:51Z</time></trkpt><trkpt lat="36.78455889234587" lon="139.1181255586079"><ele>1815.0832721106708</ele><time>2022-06-18T00:00:16Z</time></trkpt><trkpt lat="36.78470893746757" lon="139.11799647542253"><ele>1815.7985532786697</ele><time>2022-06-18T00:00:49Z</time></trkpt><trkpt lat="36.78472323786417" lon="139.117950237733"><ele>1816.5716525586322</ele><time>2022-06-18T00:01:17Z</time></trkpt><trkpt lat="36.784898187141344" lon="139.11786419372362"><ele>1806.4196017133072</ele><time>2022-06-18T00:03:15Z</time></trkpt><trkpt lat="36.78507799642326" lon="139.1178975275151"><ele>1809.9624617621303</ele><time>2022-06-18T00:03:37Z</time></trkpt><trkpt lat="36.785244239441255" lon="139.11779072153945"><ele>1811.363352002576</ele><time>2022-06-18T00:04:01Z</time></trkpt><trkpt lat="36.78538933078517" lon="139.11765722789522"><ele>1812.297305593267</ele><time>2022-06-18T00:04:35Z</time></trkpt><trkpt lat="36.785562614731845" lon="139.11773207330754"><ele>1817.3482474042103</ele><time>2022-06-18T00:05:09Z</time></trkpt><trkpt lat="36.7857224794319" lon="139.11783826353056"><ele>1822.8864389564842</ele><time>2022-06-18T00:05:36Z</time></trkpt><trkpt lat="36.78590240409654" lon="139.11780863899293"><ele>1831.6754817757756</ele><time>2022-06-18T00:06:36Z</time></trkpt><trkpt lat="36.78608384630104" lon="139.11780857291313"><ele>1841.8080788813531</ele><time>2022-06-18T00:07:50Z</time></trkpt><trkpt lat="36.7862617071952" lon="139.11786050615586"><ele>1852.1101642055437</ele><time>2022-06-18T00:08:41Z</time></trkpt><trkpt lat="36.78644130067962" lon="139.1179253987807"><ele>1859.1707218540832</ele><time>2022-06-18T00:11:13Z</time></trkpt><trkpt lat="36.786621061352164" lon="139.1179882775091"><ele>1866.921543910168</ele><time>2022-06-18T00:11:49Z</time></trkpt><trkpt lat="36.78665450751177" lon="139.1179674836684"><ele>1868.5069798892364</ele><time>2022-06-18T00:12:57Z</time></trkpt><trkpt lat="36.786830116222205" lon="139.11791679918414"><ele>1866.6446207594126</ele><time>2022-06-18T00:15:26Z</time></trkpt><trkpt lat="36.78698670554948" lon="139.11779674320437"><ele>1862.540474456735</ele><time>2022-06-18T00:15:55Z</time></trkpt><trkpt lat="36.78717537042471" lon="139.11773828211795"><ele>1857.8374275090173</ele><time>2022-06-18T00:16:40Z</time></trkpt><trkpt lat="36.78732268294134" lon="139.11759649296513"><ele>1860.039787562564</ele><time>2022-06-18T00:17:09Z</time></trkpt><trkpt lat="36.78750103695534" lon="139.11766354975333"><ele>1858.1033056899905</ele><time>2022-06-18T00:17:44Z</time></trkpt><trkpt lat="36.78768117444186" lon="139.11772524035422"><ele>1858.418525993824</ele><time>2022-06-18T00:18:17Z</time></trkpt><trkpt lat="36.78786209003497" lon="139.11772468312856"><ele>1857.469668444246</ele><time>2022-06-18T00:18:39Z</time></trkpt><trkpt lat="36.78803587226738" lon="139.1178193466906"><ele>1853.1262701824307</ele><time>2022-06-18T00:19:10Z</time></trkpt><trkpt lat="36.78820244626835" lon="139.1179223500638"><ele>1851.5095208687708</ele><time>2022-06-18T00:19:29Z</time></trkpt><trkpt lat="36.788310816347185" lon="139.11811224727612"><ele>1850.231186545454</ele><time>2022-06-18T00:19:54Z</time></trkpt><trkpt lat="36.788469728855134" lon="139.11821993851788"><ele>1852.4560159668326</ele><time>2022-06-18T00:20:17Z</time></trkpt><trkpt lat="36.78864751576089" lon="139.11827894797577"><ele>1855.761764248833</ele><time>2022-06-18T00:20:41Z</time></trkpt><trkpt lat="36.78882000588423" lon="139.11836328558073"><ele>1859.6549568837509</ele><time>2022-06-18T00:21:11Z</time></trkpt><trkpt lat="36.78900523960626" lon="139.1183414623853"><ele>1865.0417490117252</ele><time>2022-06-18T00:21:45Z</time></trkpt><trkpt lat="36.78914343158085" lon="139.11848611954326"><ele>1874.5749745285138</ele><time>2022-06-18T00:22:32Z</time></trkpt><trkpt lat="36.78930572377003" lon="139.11858977776134"><ele>1875.584307427518</ele><time>2022-06-18T00:23:00Z</time></trkpt><trkpt lat="36.789486528942746" lon="139.1186578426873"><ele>1879.9592319158837</ele><time>2022-06-18T00:23:28Z</time></trkpt><trkpt lat="36.78964240747427" lon="139.11877951065057"><ele>1879.7697669696063</ele><time>2022-06-18T00:24:06Z</time></trkpt><trkpt lat="36.789797606895945" lon="139.11889822938195"><ele>1876.3291825568303</ele><time>2022-06-18T00:24:41Z</time></trkpt><trkpt lat="36.789894500795945" lon="139.11908894976594"><ele>1869.2377719515935</ele><time>2022-06-18T00:25:11Z</time></trkpt><trkpt lat="36.79005996394487" lon="139.11918680184547"><ele>1866.2606398388743</ele><time>2022-06-18T00:25:44Z</time></trkpt><trkpt lat="36.79022006698813" lon="139.11929872352124"><ele>1865.6015911661088</ele><time>2022-06-18T00:26:10Z</time></trkpt><trkpt lat="36.79039038985982" lon="139.11938814609636"><ele>1866.9603135539219</ele><time>2022-06-18T00:26:34Z</time></trkpt><trkpt lat="36.790526456261674" lon="139.11954021034154"><ele>1870.0088548334315</ele><time>2022-06-18T00:27:19Z</time></trkpt><trkpt lat="36.790700877110716" lon="139.11945502406027"><ele>1872.473191303201</ele><time>2022-06-18T00:28:11Z</time></trkpt><trkpt lat="36.79088468789978" lon="139.11943787449752"><ele>1876.0644094124436</ele><time>2022-06-18T00:28:36Z</time></trkpt><trkpt lat="36.79106079715174" lon="139.11951472882606"><ele>1879.3901092670858</ele><time>2022-06-18T00:29:01Z</time></trkpt><trkpt lat="36.79124423341643" lon="139.11954399023344"><ele>1885.9006341667846</ele><time>2022-06-18T00:29:26Z</time></trkpt><trkpt lat="36.7914209773361" lon="139.11959904413052"><ele>1892.0009665405378</ele><time>2022-06-18T00:29:56Z</time></trkpt><trkpt lat="36.79158955352762" lon="139.11968979502853"><ele>1898.3246535044163</ele><time>2022-06-18T00:30:39Z</time></trkpt><trkpt lat="36.7917131367965" lon="139.11986136925216"><ele>1908.4853005101904</ele><time>2022-06-18T00:31:32Z</time></trkpt><trkpt lat="36.791846342462364" lon="139.12002396205128"><ele>1921.9571965401992</ele><time>2022-06-18T00:33:09Z</time></trkpt><trkpt lat="36.791899310209075" lon="139.12024560063935"><ele>1937.1167048336938</ele><time>2022-06-18T00:34:42Z</time></trkpt><trkpt lat="36.79201326218872" lon="139.1204217274356"><ele>1946.8635440943763</ele><time>2022-06-18T00:35:45Z</time></trkpt><trkpt lat="36.79202536885861" lon="139.12064743872617"><ele>1957.6807689908892</ele><time>2022-06-18T00:37:40Z</time></trkpt><trkpt lat="36.79216171789447" lon="139.12079880354327"><ele>1962.537667753175</ele><time>2022-06-18T00:38:04Z</time></trkpt><trkpt lat="36.7923354220318" lon="139.120863157266"><ele>1968.2078042151406</ele><time>2022-06-18T00:38:30Z</time></trkpt><trkpt lat="36.792383994666935" lon="139.12108610585022"><ele>1970.0016895588487</ele><time>2022-06-18T00:38:53Z</time></trkpt><trkpt lat="36.79241997909464" lon="139.12120406196905"><ele>1972.4309491217136</ele><time>2022-06-18T00:39:22Z</time></trkpt><trkpt lat="36.79259767709532" lon="139.12129023549042"><ele>1973.9789061537012</ele><time>2022-06-18T00:40:04Z</time></trkpt><trkpt lat="36.79277875685195" lon="139.12130288699953"><ele>1978.0411262707785</ele><time>2022-06-18T00:40:32Z</time></trkpt><trkpt lat="36.7929460193446" lon="139.1213898465817"><ele>1978.964699323289</ele><time>2022-06-18T00:40:55Z</time></trkpt><trkpt lat="36.793123511748746" lon="139.12145684863003"><ele>1982.5135948201641</ele><time>2022-06-18T00:41:16Z</time></trkpt><trkpt lat="36.79330710283007" lon="139.1214907261034"><ele>1980.3556728689</ele><time>2022-06-18T00:42:33Z</time></trkpt><trkpt lat="36.79348914348117" lon="139.12143173539272"><ele>1983.9316138662398</ele><time>2022-06-18T00:42:54Z</time></trkpt><trkpt lat="36.79365413749123" lon="139.1213412360529"><ele>1988.8808280332014</ele><time>2022-06-18T00:43:23Z</time></trkpt><trkpt lat="36.79381932550976" lon="139.12124477378083"><ele>1992.5010937768966</ele><time>2022-06-18T00:44:01Z</time></trkpt><trkpt lat="36.79400022169962" lon="139.12120894346407"><ele>1994.0509319417179</ele><time>2022-06-18T00:44:24Z</time></trkpt><trkpt lat="36.79418138146131" lon="139.12122778730648"><ele>2001.644074686803</ele><time>2022-06-18T00:45:15Z</time></trkpt><trkpt lat="36.79437133026729" lon="139.12123248489158"><ele>2011.9593621091917</ele><time>2022-06-18T00:46:27Z</time></trkpt><trkpt lat="36.794530265268335" lon="139.12135321071804"><ele>2016.0412912080064</ele><time>2022-06-18T00:47:21Z</time></trkpt><trkpt lat="36.79470202307518" lon="139.12143675124562"><ele>2016.9645215123892</ele><time>2022-06-18T00:47:48Z</time></trkpt><trkpt lat="36.794854130271275" lon="139.12156059653998"><ele>2007.2321170456707</ele><time>2022-06-18T00:56:04Z</time></trkpt><trkpt lat="36.795030815176716" lon="139.12163026221833"><ele>1992.8246314739808</ele><time>2022-06-18T00:57:52Z</time></trkpt><trkpt lat="36.79522315915976" lon="139.12165816181758"><ele>1984.1165601927787</ele><time>2022-06-18T00:58:23Z</time></trkpt><trkpt lat="36.79540476688919" lon="139.12167865852737"><ele>1973.552021579817</ele><time>2022-06-18T00:59:15Z</time></trkpt><trkpt lat="36.79559542702994" lon="139.1216616489059"><ele>1964.0113636264578</ele><time>2022-06-18T01:00:24Z</time></trkpt><trkpt lat="36.79577398036133" lon="139.1216127727889"><ele>1955.9445580961183</ele><time>2022-06-18T01:01:32Z</time></trkpt><trkpt lat="36.795958004128074" lon="139.12165092891252"><ele>1955.254624097608</ele><time>2022-06-18T01:01:57Z</time></trkpt><trkpt lat="36.7961393223425" lon="139.12163820080596"><ele>1949.6793713262305</ele><time>2022-06-18T01:03:43Z</time></trkpt><trkpt lat="36.79623416787858" lon="139.12152507730613"><ele>1941.8595073278993</ele><time>2022-06-18T01:04:43Z</time></trkpt><trkpt lat="36.796088345160314" lon="139.12166415409504"><ele>1953.582789390348</ele><time>2022-06-18T01:08:16Z</time></trkpt><trkpt lat="36.79590845410642" lon="139.1216772548848"><ele>1952.7272063083947</ele><time>2022-06-18T01:08:44Z</time></trkpt><trkpt lat="36.79573341538255" lon="139.12160675662298"><ele>1954.9441780345514</ele><time>2022-06-18T01:09:06Z</time></trkpt><trkpt lat="36.795558560093994" lon="139.12166571084074"><ele>1965.5337862391025</ele><time>2022-06-18T01:09:40Z</time></trkpt><trkpt lat="36.79555012779384" lon="139.12189349155193"><ele>1969.93645556923</ele><time>2022-06-18T01:10:18Z</time></trkpt><trkpt lat="36.79555487463788" lon="139.12211893123964"><ele>1972.708090950735</ele><time>2022-06-18T01:10:43Z</time></trkpt><trkpt lat="36.79553019175975" lon="139.12234683275557"><ele>1970.9097069026902</ele><time>2022-06-18T01:10:59Z</time></trkpt><trkpt lat="36.79561012646559" lon="139.12255135255347"><ele>1969.876485365443</ele><time>2022-06-18T01:11:14Z</time></trkpt><trkpt lat="36.79565807567863" lon="139.12277802894297"><ele>1969.6646772082895</ele><time>2022-06-18T01:11:31Z</time></trkpt><trkpt lat="36.79574092083022" lon="139.12298100404303"><ele>1972.837999427691</ele><time>2022-06-18T01:12:22Z</time></trkpt><trkpt lat="36.79583548505971" lon="139.1231778635858"><ele>1966.1159423533827</ele><time>2022-06-18T01:13:11Z</time></trkpt><trkpt lat="36.7957920108313" lon="139.1234000440455"><ele>1964.5269949799404</ele><time>2022-06-18T01:13:34Z</time></trkpt><trkpt lat="36.79588618361254" lon="139.1236040698261"><ele>1963.5188124952838</ele><time>2022-06-18T01:13:56Z</time></trkpt><trkpt lat="36.79592943514253" lon="139.1238236001973"><ele>1969.73468432948</ele><time>2022-06-18T01:14:19Z</time></trkpt><trkpt lat="36.795959281640755" lon="139.1240532597901"><ele>1972.6669630324468</ele><time>2022-06-18T01:14:46Z</time></trkpt><trkpt lat="36.796077389674174" lon="139.12422297109828"><ele>1967.4608991546556</ele><time>2022-06-18T01:15:27Z</time></trkpt><trkpt lat="36.796243726773504" lon="139.12431410845844"><ele>1964.003805277869</ele><time>2022-06-18T01:16:10Z</time></trkpt><trkpt lat="36.796394613095025" lon="139.12445487777788"><ele>1955.4945077504963</ele><time>2022-06-18T01:17:28Z</time></trkpt><trkpt lat="36.796437831957114" lon="139.12468633875375"><ele>1947.1925939060748</ele><time>2022-06-18T01:18:10Z</time></trkpt><trkpt lat="36.79649915888666" lon="139.1248996639736"><ele>1948.889843591489</ele><time>2022-06-18T01:19:00Z</time></trkpt><trkpt lat="36.79657678564718" lon="139.12510255010966"><ele>1947.7094580633566</ele><time>2022-06-18T01:19:42Z</time></trkpt><trkpt lat="36.79657076800853" lon="139.12533196957372"><ele>1944.2194053512067</ele><time>2022-06-18T01:19:58Z</time></trkpt><trkpt lat="36.79663905113984" lon="139.125540329622"><ele>1945.3690492855385</ele><time>2022-06-18T01:20:20Z</time></trkpt><trkpt lat="36.796772140469216" lon="139.12570998646075"><ele>1938.2410928551108</ele><time>2022-06-18T01:20:52Z</time></trkpt><trkpt lat="36.796947121986626" lon="139.12577822714383"><ele>1933.802303949371</ele><time>2022-06-18T01:21:24Z</time></trkpt><trkpt lat="36.79709603609464" lon="139.12592528220216"><ele>1934.4942998960614</ele><time>2022-06-18T01:21:43Z</time></trkpt><trkpt lat="36.79726142058388" lon="139.12602551205308"><ele>1931.4868783252314</ele><time>2022-06-18T01:22:00Z</time></trkpt><trkpt lat="36.797409406443265" lon="139.1261665418194"><ele>1932.2420826051384</ele><time>2022-06-18T01:22:20Z</time></trkpt><trkpt lat="36.79759356194954" lon="139.1261957926338"><ele>1928.35809159372</ele><time>2022-06-18T01:22:43Z</time></trkpt><trkpt lat="36.797775183385305" lon="139.12626669967753"><ele>1924.8201682278886</ele><time>2022-06-18T01:23:07Z</time></trkpt><trkpt lat="36.79793912937346" lon="139.12636537992694"><ele>1915.92096394673</ele><time>2022-06-18T01:24:00Z</time></trkpt><trkpt lat="36.7981006964836" lon="139.12647949504446"><ele>1909.5527890166268</ele><time>2022-06-18T01:24:31Z</time></trkpt><trkpt lat="36.79829015530125" lon="139.12649880942612"><ele>1908.4975806931034</ele><time>2022-06-18T01:24:50Z</time></trkpt><trkpt lat="36.798468277671674" lon="139.12656591859283"><ele>1913.0922056315467</ele><time>2022-06-18T01:25:14Z</time></trkpt><trkpt lat="36.79864925102071" lon="139.12663331398207"><ele>1913.0748431682587</ele><time>2022-06-18T01:25:34Z</time></trkpt><trkpt lat="36.798816206599824" lon="139.1267299119852"><ele>1918.6285072937608</ele><time>2022-06-18T01:26:04Z</time></trkpt><trkpt lat="36.79897523378741" lon="139.12684150108396"><ele>1924.631666591391</ele><time>2022-06-18T01:26:37Z</time></trkpt><trkpt lat="36.799133919718415" lon="139.12694980924994"><ele>1928.4405071279034</ele><time>2022-06-18T01:27:02Z</time></trkpt><trkpt lat="36.79923396656078" lon="139.12714059972942"><ele>1937.59708856605</ele><time>2022-06-18T01:27:32Z</time></trkpt><trkpt lat="36.79934377306526" lon="139.12732631881195"><ele>1940.9948487821966</ele><time>2022-06-18T01:27:56Z</time></trkpt><trkpt lat="36.79947238501682" lon="139.12749004273783"><ele>1942.6031780075282</ele><time>2022-06-18T01:28:16Z</time></trkpt><trkpt lat="36.79962381769088" lon="139.12761788927196"><ele>1944.1151483887807</ele><time>2022-06-18T01:28:37Z</time></trkpt><trkpt lat="36.799805053790465" lon="139.1276743736186"><ele>1953.9087788751349</ele><time>2022-06-18T01:29:10Z</time></trkpt><trkpt lat="36.79995354907789" lon="139.1278257538852"><ele>1953.4198591094464</ele><time>2022-06-18T01:30:19Z</time></trkpt><trkpt lat="36.800140173275025" lon="139.12783130556664"><ele>1959.5537720192224</ele><time>2022-06-18T01:30:41Z</time></trkpt><trkpt lat="36.80032880415075" lon="139.127812264945"><ele>1966.5261402409524</ele><time>2022-06-18T01:31:11Z</time></trkpt><trkpt lat="36.800480740697814" lon="139.12794065944775"><ele>1972.739195369184</ele><time>2022-06-18T01:31:42Z</time></trkpt><trkpt lat="36.800668454728445" lon="139.1279572689994"><ele>1967.955586018972</ele><time>2022-06-18T01:32:51Z</time></trkpt><trkpt lat="36.8008531274145" lon="139.12805359467592"><ele>1965.343713679351</ele><time>2022-06-18T01:33:10Z</time></trkpt><trkpt lat="36.80098945515679" lon="139.1282132244226"><ele>1962.6192707018927</ele><time>2022-06-18T01:33:48Z</time></trkpt><trkpt lat="36.801123928219475" lon="139.1283637867216"><ele>1963.719032773748</ele><time>2022-06-18T01:34:16Z</time></trkpt><trkpt lat="36.801297547346586" lon="139.1284617203199"><ele>1967.8858004929498</ele><time>2022-06-18T01:34:44Z</time></trkpt><trkpt lat="36.8014757127948" lon="139.12853750530712"><ele>1975.73005542811</ele><time>2022-06-18T01:35:24Z</time></trkpt><trkpt lat="36.801640268598355" lon="139.1286311201443"><ele>1976.9959160853177</ele><time>2022-06-18T01:35:49Z</time></trkpt><trkpt lat="36.80181983649194" lon="139.12866931918745"><ele>1976.476245935075</ele><time>2022-06-18T01:36:09Z</time></trkpt><trkpt lat="36.80197893223445" lon="139.12877797686554"><ele>1984.5724929319695</ele><time>2022-06-18T01:36:44Z</time></trkpt><trkpt lat="36.80210452050027" lon="139.12894909282352"><ele>1993.9673506701365</ele><time>2022-06-18T01:37:44Z</time></trkpt><trkpt lat="36.80227277599944" lon="139.12903460911954"><ele>2001.8752296194434</ele><time>2022-06-18T01:38:38Z</time></trkpt><trkpt lat="36.802452329850475" lon="139.12907885109095"><ele>2014.0378119125962</ele><time>2022-06-18T01:39:34Z</time></trkpt><trkpt lat="36.80263066447464" lon="139.12915978447435"><ele>2024.0584856849164</ele><time>2022-06-18T01:40:56Z</time></trkpt><trkpt lat="36.80277362988939" lon="139.12929881789134"><ele>2032.4737982619554</ele><time>2022-06-18T01:42:02Z</time></trkpt><trkpt lat="36.8029169022229" lon="139.1294367938307"><ele>2037.3715084986761</ele><time>2022-06-18T01:43:15Z</time></trkpt><trkpt lat="36.8030288831527" lon="139.12962281645105"><ele>2038.386850279756</ele><time>2022-06-18T01:43:45Z</time></trkpt><trkpt lat="36.80310656991057" lon="139.12982780405204"><ele>2043.0204011211172</ele><time>2022-06-18T01:44:25Z</time></trkpt><trkpt lat="36.8032521822768" lon="139.1299636954768"><ele>2041.5013890266418</ele><time>2022-06-18T01:44:59Z</time></trkpt><trkpt lat="36.80340509441067" lon="139.13008987367277"><ele>2042.6301416838542</ele><time>2022-06-18T01:45:26Z</time></trkpt><trkpt lat="36.80349284444906" lon="139.1302858447739"><ele>2046.7561469245702</ele><time>2022-06-18T01:45:49Z</time></trkpt><trkpt lat="36.80361814105226" lon="139.13044711057697"><ele>2052.7867959318683</ele><time>2022-06-18T01:46:14Z</time></trkpt><trkpt lat="36.80374119409443" lon="139.13061368875222"><ele>2058.6891113109887</ele><time>2022-06-18T01:47:01Z</time></trkpt><trkpt lat="36.80387367823881" lon="139.1307679367316"><ele>2056.726283800788</ele><time>2022-06-18T01:47:37Z</time></trkpt><trkpt lat="36.803927523788204" lon="139.1309920234122"><ele>2063.007742459886</ele><time>2022-06-18T01:48:14Z</time></trkpt><trkpt lat="36.804039727071" lon="139.13117117401544"><ele>2064.7671417705715</ele><time>2022-06-18T01:48:39Z</time></trkpt><trkpt lat="36.804130595742876" lon="139.131367145419"><ele>2068.6335375783965</ele><time>2022-06-18T01:49:03Z</time></trkpt><trkpt lat="36.804157155643054" lon="139.1315913195408"><ele>2066.461115063168</ele><time>2022-06-18T01:49:36Z</time></trkpt><trkpt lat="36.80423394576793" lon="139.13180314241822"><ele>2066.773656791076</ele><time>2022-06-18T01:51:08Z</time></trkpt><trkpt lat="36.80436418595541" lon="139.131968152428"><ele>2074.6246713083237</ele><time>2022-06-18T01:51:59Z</time></trkpt><trkpt lat="36.80452581732767" lon="139.13207753289547"><ele>2088.3144559348</ele><time>2022-06-18T01:53:04Z</time></trkpt><trkpt lat="36.8046789167849" lon="139.13219579682226"><ele>2103.285038916394</ele><time>2022-06-18T01:54:21Z</time></trkpt><trkpt lat="36.80472069999168" lon="139.13241718098521"><ele>2113.551222554408</ele><time>2022-06-18T01:55:20Z</time></trkpt><trkpt lat="36.80487954565125" lon="139.13253730038997"><ele>2131.1402582377195</ele><time>2022-06-18T01:56:50Z</time></trkpt><trkpt lat="36.804984239713164" lon="139.13272248366331"><ele>2144.7715956876054</ele><time>2022-06-18T01:57:58Z</time></trkpt><trkpt lat="36.80515747589945" lon="139.13280486673568"><ele>2149.7784366309643</ele><time>2022-06-18T01:58:43Z</time></trkpt><trkpt lat="36.805138137012484" lon="139.1325758697866"><ele>2152.6413229247555</ele><time>2022-06-18T01:59:17Z</time></trkpt><trkpt lat="36.80513183454148" lon="139.1325937550437"><ele>2148.7890156740323</ele><time>2022-06-18T02:05:00Z</time></trkpt><trkpt lat="36.80517683745253" lon="139.1328128410261"><ele>2154.4687373042107</ele><time>2022-06-18T02:35:40Z</time></trkpt><trkpt lat="36.805159252057145" lon="139.13303634313257"><ele>2150.6680219089612</ele><time>2022-06-18T02:36:30Z</time></trkpt><trkpt lat="36.805088264179524" lon="139.13324990553448"><ele>2140.6862422274426</ele><time>2022-06-18T02:37:17Z</time></trkpt><trkpt lat="36.805006646263486" lon="139.1334523143537"><ele>2135.3358869533986</ele><time>2022-06-18T02:38:09Z</time></trkpt><trkpt lat="36.805022827842414" lon="139.13368411906686"><ele>2133.0865307617933</ele><time>2022-06-18T02:39:01Z</time></trkpt><trkpt lat="36.80501187273694" lon="139.13390954350868"><ele>2133.3703710678965</ele><time>2022-06-18T02:39:30Z</time></trkpt><trkpt lat="36.804998848983736" lon="139.13413383061254"><ele>2134.556016263552</ele><time>2022-06-18T02:40:07Z</time></trkpt><trkpt lat="36.80482448733494" lon="139.1342172746541"><ele>2130.109346211888</ele><time>2022-06-18T02:41:18Z</time></trkpt><trkpt lat="36.804685311904386" lon="139.13438495438874"><ele>2121.9499186603352</ele><time>2022-06-18T02:41:53Z</time></trkpt><trkpt lat="36.80453794596881" lon="139.13451599698178"><ele>2107.671004409902</ele><time>2022-06-18T02:44:17Z</time></trkpt><trkpt lat="36.80440590850732" lon="139.13467099579955"><ele>2101.1638247277588</ele><time>2022-06-18T02:46:03Z</time></trkpt><trkpt lat="36.80429808786568" lon="139.1348506389174"><ele>2092.8567668758333</ele><time>2022-06-18T02:47:33Z</time></trkpt><trkpt lat="36.804200083579374" lon="139.13504022347465"><ele>2091.8390408102423</ele><time>2022-06-18T02:47:51Z</time></trkpt><trkpt lat="36.804114943325686" lon="139.13525630445324"><ele>2090.1626621140167</ele><time>2022-06-18T02:48:10Z</time></trkpt><trkpt lat="36.80404421991832" lon="139.13547006628116"><ele>2092.705752434209</ele><time>2022-06-18T02:48:29Z</time></trkpt><trkpt lat="36.80398439502347" lon="139.13569264039654"><ele>2093.139317052439</ele><time>2022-06-18T02:48:51Z</time></trkpt><trkpt lat="36.803904000259834" lon="139.13590378802033"><ele>2092.088303579949</ele><time>2022-06-18T02:49:12Z</time></trkpt><trkpt lat="36.80381999620391" lon="139.13610612764768"><ele>2090.7815303001553</ele><time>2022-06-18T02:49:35Z</time></trkpt><trkpt lat="36.803720404204874" lon="139.13629414667443"><ele>2088.341750215739</ele><time>2022-06-18T02:49:53Z</time></trkpt><trkpt lat="36.80365971424654" lon="139.1365143011696"><ele>2084.846960174851</ele><time>2022-06-18T02:50:21Z</time></trkpt><trkpt lat="36.80361898323858" lon="139.13673653881415"><ele>2082.7107494929805</ele><time>2022-06-18T02:50:41Z</time></trkpt><trkpt lat="36.80363210278311" lon="139.13697261359508"><ele>2083.732606112957</ele><time>2022-06-18T02:51:00Z</time></trkpt><trkpt lat="36.80359441536272" lon="139.13720214800887"><ele>2086.5700134644285</ele><time>2022-06-18T02:51:45Z</time></trkpt><trkpt lat="36.803473609885685" lon="139.13736918145509"><ele>2087.4001074656844</ele><time>2022-06-18T02:52:27Z</time></trkpt><trkpt lat="36.80347294497924" lon="139.13759557031662"><ele>2095.0678890394047</ele><time>2022-06-18T02:52:57Z</time></trkpt><trkpt lat="36.80344673207961" lon="139.13782050457016"><ele>2100.9845824688673</ele><time>2022-06-18T02:53:33Z</time></trkpt><trkpt lat="36.80335704444965" lon="139.13801715410375"><ele>2098.3670648150146</ele><time>2022-06-18T02:54:20Z</time></trkpt><trkpt lat="36.80337426051825" lon="139.1382442488997"><ele>2101.2386869918555</ele><time>2022-06-18T02:54:47Z</time></trkpt><trkpt lat="36.80331506048411" lon="139.13846129121475"><ele>2101.1496825003996</ele><time>2022-06-18T02:55:08Z</time></trkpt><trkpt lat="36.80326660274057" lon="139.13868291352094"><ele>2101.950531461276</ele><time>2022-06-18T02:55:29Z</time></trkpt><trkpt lat="36.803137283737755" lon="139.13885296367565"><ele>2097.9396076127887</ele><time>2022-06-18T02:55:52Z</time></trkpt><trkpt lat="36.80305208585775" lon="139.1390507348947"><ele>2098.838061763905</ele><time>2022-06-18T02:56:12Z</time></trkpt><trkpt lat="36.80289999482236" lon="139.13918714973622"><ele>2095.1169327497482</ele><time>2022-06-18T02:56:37Z</time></trkpt><trkpt lat="36.80289431462705" lon="139.13942093774017"><ele>2101.4458850556985</ele><time>2022-06-18T02:57:00Z</time></trkpt><trkpt lat="36.80286681713306" lon="139.1396531691149"><ele>2104.5686345361173</ele><time>2022-06-18T02:57:28Z</time></trkpt><trkpt lat="36.80270773530439" lon="139.1397591952544"><ele>2104.0578732015565</ele><time>2022-06-18T02:57:51Z</time></trkpt><trkpt lat="36.80254453891636" lon="139.13985862612006"><ele>2100.6872588023543</ele><time>2022-06-18T02:58:12Z</time></trkpt><trkpt lat="36.80238467544814" lon="139.1399635747434"><ele>2105.0407283194363</ele><time>2022-06-18T02:58:43Z</time></trkpt><trkpt lat="36.802225049495135" lon="139.14010319609548"><ele>2100.014240277931</ele><time>2022-06-18T02:59:27Z</time></trkpt><trkpt lat="36.802055534569675" lon="139.14021058374175"><ele>2095.5525219710544</ele><time>2022-06-18T02:59:45Z</time></trkpt><trkpt lat="36.801906566023604" lon="139.14033788484767"><ele>2093.6191109176725</ele><time>2022-06-18T03:00:03Z</time></trkpt><trkpt lat="36.80173419730011" lon="139.14040507425906"><ele>2092.7248692382127</ele><time>2022-06-18T03:00:24Z</time></trkpt><trkpt lat="36.80156708863791" lon="139.14049883753395"><ele>2088.2718923948705</ele><time>2022-06-18T03:00:45Z</time></trkpt><trkpt lat="36.80140184280034" lon="139.14058996626088"><ele>2088.1144205285236</ele><time>2022-06-18T03:01:03Z</time></trkpt><trkpt lat="36.801266628903875" lon="139.14075055728583"><ele>2076.6456606490538</ele><time>2022-06-18T03:01:36Z</time></trkpt><trkpt lat="36.80108555504782" lon="139.14082485375164"><ele>2077.0847015371546</ele><time>2022-06-18T03:02:03Z</time></trkpt><trkpt lat="36.80094350128541" lon="139.14096899479816"><ele>2074.8827932318673</ele><time>2022-06-18T03:02:25Z</time></trkpt><trkpt lat="36.80077925880796" lon="139.141078008869"><ele>2071.88495768141</ele><time>2022-06-18T03:02:51Z</time></trkpt><trkpt lat="36.800631792667765" lon="139.14122978540522"><ele>2072.0828160773963</ele><time>2022-06-18T03:04:32Z</time></trkpt><trkpt lat="36.80049939320873" lon="139.14139204741596"><ele>2065.919477331452</ele><time>2022-06-18T03:05:10Z</time></trkpt><trkpt lat="36.80032350539754" lon="139.14149249211098"><ele>2062.148712236434</ele><time>2022-06-18T03:05:49Z</time></trkpt><trkpt lat="36.80015500600557" lon="139.14157203412276"><ele>2064.608503622003</ele><time>2022-06-18T03:06:14Z</time></trkpt><trkpt lat="36.799990558618696" lon="139.14166563765505"><ele>2069.9002750944346</ele><time>2022-06-18T03:07:36Z</time></trkpt><trkpt lat="36.7998512418656" lon="139.14181671118408"><ele>2082.660370054655</ele><time>2022-06-18T03:08:49Z</time></trkpt><trkpt lat="36.79969837053024" lon="139.14195683233552"><ele>2078.0230534290895</ele><time>2022-06-18T03:09:24Z</time></trkpt><trkpt lat="36.799543634158006" lon="139.14208074872448"><ele>2079.9857082683593</ele><time>2022-06-18T03:10:00Z</time></trkpt><trkpt lat="36.799384260794014" lon="139.14219123363378"><ele>2085.9576755138114</ele><time>2022-06-18T03:11:03Z</time></trkpt><trkpt lat="36.79924995354985" lon="139.1423464910787"><ele>2090.7981784883887</ele><time>2022-06-18T03:11:30Z</time></trkpt><trkpt lat="36.799101615378795" lon="139.14247690483708"><ele>2093.4309333348647</ele><time>2022-06-18T03:13:51Z</time></trkpt><trkpt lat="36.798956090474036" lon="139.14261243028676"><ele>2094.1111909830943</ele><time>2022-06-18T03:14:12Z</time></trkpt><trkpt lat="36.79880606790308" lon="139.14274515949634"><ele>2096.6311960853636</ele><time>2022-06-18T03:14:31Z</time></trkpt><trkpt lat="36.798634810831246" lon="139.14282194217802"><ele>2098.943942251615</ele><time>2022-06-18T03:14:52Z</time></trkpt><trkpt lat="36.798458159546776" lon="139.14286826799906"><ele>2100.4489542935044</ele><time>2022-06-18T03:15:08Z</time></trkpt><trkpt lat="36.79827708954886" lon="139.1428811540193"><ele>2103.1602026717737</ele><time>2022-06-18T03:16:10Z</time></trkpt><trkpt lat="36.798097668460166" lon="139.1429352348137"><ele>2098.5054414058104</ele><time>2022-06-18T03:16:45Z</time></trkpt><trkpt lat="36.79793004633991" lon="139.14302908483637"><ele>2085.669311117381</ele><time>2022-06-18T03:17:52Z</time></trkpt><trkpt lat="36.797750125479" lon="139.1430748559367"><ele>2077.917415805161</ele><time>2022-06-18T03:18:32Z</time></trkpt><trkpt lat="36.79756939611747" lon="139.14311794264523"><ele>2072.476918512024</ele><time>2022-06-18T03:18:53Z</time></trkpt><trkpt lat="36.7973902863551" lon="139.14317060476824"><ele>2067.2833976391703</ele><time>2022-06-18T03:19:15Z</time></trkpt><trkpt lat="36.797247512866754" lon="139.14302765620786"><ele>2063.8419199995697</ele><time>2022-06-18T03:19:35Z</time></trkpt><trkpt lat="36.797069603908184" lon="139.14307307549703"><ele>2060.702718049288</ele><time>2022-06-18T03:20:33Z</time></trkpt><trkpt lat="36.79689152928838" lon="139.14300965060116"><ele>2054.6210963726044</ele><time>2022-06-18T03:21:01Z</time></trkpt><trkpt lat="36.79674274086369" lon="139.14314526567952"><ele>2045.263305393979</ele><time>2022-06-18T03:21:44Z</time></trkpt><trkpt lat="36.79655744117797" lon="139.143082270204"><ele>2037.916840328835</ele><time>2022-06-18T03:22:08Z</time></trkpt><trkpt lat="36.79637665521398" lon="139.14310223145418"><ele>2025.767476907</ele><time>2022-06-18T03:22:48Z</time></trkpt><trkpt lat="36.796197735851585" lon="139.14306799851022"><ele>2014.733118337579</ele><time>2022-06-18T03:24:11Z</time></trkpt><trkpt lat="36.79601182907973" lon="139.14308035803532"><ele>2004.6164970593527</ele><time>2022-06-18T03:24:48Z</time></trkpt><trkpt lat="36.79582323931546" lon="139.1430738761823"><ele>2001.4666952742264</ele><time>2022-06-18T03:25:08Z</time></trkpt><trkpt lat="36.795640525646796" lon="139.14309023569044"><ele>1998.1847114637494</ele><time>2022-06-18T03:26:36Z</time></trkpt><trkpt lat="36.79547104972462" lon="139.1429989170933"><ele>2001.535055170767</ele><time>2022-06-18T03:26:59Z</time></trkpt><trkpt lat="36.79534155877141" lon="139.142837777106"><ele>2006.7848272826523</ele><time>2022-06-18T03:27:45Z</time></trkpt><trkpt lat="36.795160430198045" lon="139.14285918548697"><ele>2008.170588022098</ele><time>2022-06-18T03:28:08Z</time></trkpt><trkpt lat="36.795034043701726" lon="139.14302535051067"><ele>2001.8762395847589</ele><time>2022-06-18T03:28:45Z</time></trkpt><trkpt lat="36.794895847812406" lon="139.14318464491592"><ele>1999.6847935188562</ele><time>2022-06-18T03:29:41Z</time></trkpt><trkpt lat="36.79471584196044" lon="139.143213972234"><ele>2003.1329968702048</ele><time>2022-06-18T03:30:31Z</time></trkpt><trkpt lat="36.79456427034078" lon="139.14333569661164"><ele>2011.8536481494084</ele><time>2022-06-18T03:31:29Z</time></trkpt><trkpt lat="36.79438407240589" lon="139.14331490552922"><ele>2009.8673933474347</ele><time>2022-06-18T03:32:14Z</time></trkpt><trkpt lat="36.7942051859662" lon="139.14334356833996"><ele>2015.917137272656</ele><time>2022-06-18T03:32:56Z</time></trkpt><trkpt lat="36.7940279897611" lon="139.14330094778475"><ele>2024.841891495511</ele><time>2022-06-18T03:33:52Z</time></trkpt><trkpt lat="36.79384582247787" lon="139.1433260219832"><ele>2025.2873573973775</ele><time>2022-06-18T03:34:22Z</time></trkpt><trkpt lat="36.79367574653991" lon="139.14340964692343"><ele>2023.3906521722674</ele><time>2022-06-18T03:36:13Z</time></trkpt><trkpt lat="36.793493562807036" lon="139.1434366272247"><ele>2024.685618548654</ele><time>2022-06-18T03:36:43Z</time></trkpt><trkpt lat="36.79332915190886" lon="139.14353982071145"><ele>2026.7402619402856</ele><time>2022-06-18T03:37:41Z</time></trkpt><trkpt lat="36.79329249894713" lon="139.1437603058314"><ele>2034.3566929586232</ele><time>2022-06-18T03:38:46Z</time></trkpt><trkpt lat="36.793269046023674" lon="139.1439964390524"><ele>2034.0398448444903</ele><time>2022-06-18T03:39:26Z</time></trkpt><trkpt lat="36.79316912088963" lon="139.14418741063972"><ele>2030.5560294678435</ele><time>2022-06-18T03:40:17Z</time></trkpt><trkpt lat="36.79306761409618" lon="139.1443780906371"><ele>2026.5864881156012</ele><time>2022-06-18T03:40:46Z</time></trkpt><trkpt lat="36.79298817122238" lon="139.1445882666607"><ele>2018.865341537632</ele><time>2022-06-18T03:41:24Z</time></trkpt><trkpt lat="36.79290610443612" lon="139.14476801527766"><ele>2015.8223978979513</ele><time>2022-06-18T03:42:18Z</time></trkpt><trkpt lat="36.79275538269915" lon="139.14489949826748"><ele>2016.4955248096958</ele><time>2022-06-18T03:45:04Z</time></trkpt><trkpt lat="36.7926034723812" lon="139.14503193004003"><ele>2016.251559074968</ele><time>2022-06-18T03:45:29Z</time></trkpt><trkpt lat="36.79243258303472" lon="139.1451164851701"><ele>2016.7229486135766</ele><time>2022-06-18T03:49:30Z</time></trkpt><trkpt lat="36.792257255298395" lon="139.14518858648438"><ele>2013.6548766279593</ele><time>2022-06-18T03:50:03Z</time></trkpt><trkpt lat="36.79207724697731" lon="139.14520843839165"><ele>2015.1904093567282</ele><time>2022-06-18T03:50:21Z</time></trkpt><trkpt lat="36.79191340216799" lon="139.14531070376523"><ele>2012.772611213848</ele><time>2022-06-18T03:50:53Z</time></trkpt><trkpt lat="36.79173006096639" lon="139.14534865254046"><ele>2010.8989919992164</ele><time>2022-06-18T03:51:15Z</time></trkpt><trkpt lat="36.79154370648126" lon="139.1453283870712"><ele>2008.451546736993</ele><time>2022-06-18T03:51:39Z</time></trkpt><trkpt lat="36.791361637925945" lon="139.14529540710524"><ele>2008.4230607263744</ele><time>2022-06-18T03:52:06Z</time></trkpt><trkpt lat="36.791196710388874" lon="139.14520448436573"><ele>2009.3610080126673</ele><time>2022-06-18T03:52:23Z</time></trkpt><trkpt lat="36.79101621893622" lon="139.14518290449016"><ele>2006.0406095040962</ele><time>2022-06-18T03:52:39Z</time></trkpt><trkpt lat="36.790874250360744" lon="139.14532951688264"><ele>2010.5510873468593</ele><time>2022-06-18T03:53:16Z</time></trkpt><trkpt lat="36.79072195488427" lon="139.1454549982781"><ele>2019.382373450324</ele><time>2022-06-18T03:53:49Z</time></trkpt><trkpt lat="36.79061370236929" lon="139.14564357968493"><ele>2022.103838431649</ele><time>2022-06-18T03:55:07Z</time></trkpt><trkpt lat="36.79052293749856" lon="139.1458398841014"><ele>2022.7021923009306</ele><time>2022-06-18T03:55:25Z</time></trkpt><trkpt lat="36.79038842404098" lon="139.14599683144513"><ele>2024.3241753717884</ele><time>2022-06-18T03:55:44Z</time></trkpt><trkpt lat="36.790254940968275" lon="139.14614872501403"><ele>2030.2018689680845</ele><time>2022-06-18T03:56:12Z</time></trkpt><trkpt lat="36.790072965523066" lon="139.14622689621208"><ele>2038.2404095418751</ele><time>2022-06-18T03:56:44Z</time></trkpt><trkpt lat="36.78999087123666" lon="139.14634630062167"><ele>2038.9008369976655</ele><time>2022-06-18T03:58:03Z</time></trkpt><trkpt lat="36.79000230522986" lon="139.14634746565736"><ele>2040.9067096626386</ele><time>2022-06-18T04:00:34Z</time></trkpt><trkpt lat="36.79015183667336" lon="139.14620361654246"><ele>2035.7966413171962</ele><time>2022-06-18T04:02:31Z</time></trkpt><trkpt lat="36.79032141004556" lon="139.14611856597065"><ele>2029.7404227424413</ele><time>2022-06-18T04:03:05Z</time></trkpt><trkpt lat="36.79043077476887" lon="139.1459358045613"><ele>2023.2148032486439</ele><time>2022-06-18T04:03:43Z</time></trkpt><trkpt lat="36.79056639854816" lon="139.14578466770234"><ele>2021.0923333419487</ele><time>2022-06-18T04:04:05Z</time></trkpt><trkpt lat="36.79065470378018" lon="139.14558857933284"><ele>2018.9197132410482</ele><time>2022-06-18T04:04:25Z</time></trkpt><trkpt lat="36.79077001891632" lon="139.14540627040756"><ele>2017.3110994137824</ele><time>2022-06-18T04:04:48Z</time></trkpt><trkpt lat="36.7909281981907" lon="139.14529159012116"><ele>2008.029124977067</ele><time>2022-06-18T04:05:43Z</time></trkpt><trkpt lat="36.79107226683422" lon="139.1451465730076"><ele>2002.3008698606864</ele><time>2022-06-18T04:06:22Z</time></trkpt><trkpt lat="36.79124127490221" lon="139.145232704492"><ele>2005.5276189278811</ele><time>2022-06-18T04:07:00Z</time></trkpt><trkpt lat="36.791410313716014" lon="139.14533835899027"><ele>2006.7809188542888</ele><time>2022-06-18T04:07:30Z</time></trkpt><trkpt lat="36.79159451085948" lon="139.14535492694364"><ele>2004.9305960964411</ele><time>2022-06-18T04:08:03Z</time></trkpt><trkpt lat="36.791780726120415" lon="139.1453495251684"><ele>2005.7380743268877</ele><time>2022-06-18T04:08:31Z</time></trkpt><trkpt lat="36.79196806872054" lon="139.14530270755162"><ele>2007.7456628745422</ele><time>2022-06-18T04:08:59Z</time></trkpt><trkpt lat="36.79214811112031" lon="139.14523425724497"><ele>2012.9000277621672</ele><time>2022-06-18T04:09:36Z</time></trkpt><trkpt lat="36.79232981827828" lon="139.14515371065644"><ele>2015.2799673369154</ele><time>2022-06-18T04:10:16Z</time></trkpt><trkpt lat="36.79251193263821" lon="139.14512246908933"><ele>2014.1816838793457</ele><time>2022-06-18T04:10:38Z</time></trkpt><trkpt lat="36.79266961457031" lon="139.1450063352083"><ele>2015.6382554471493</ele><time>2022-06-18T04:11:01Z</time></trkpt><trkpt lat="36.792785252551255" lon="139.14483279662244"><ele>2017.5335957156494</ele><time>2022-06-18T04:11:36Z</time></trkpt><trkpt lat="36.792946658359014" lon="139.1447067971358"><ele>2014.448288439773</ele><time>2022-06-18T04:12:07Z</time></trkpt><trkpt lat="36.793019258801124" lon="139.14449437322568"><ele>2023.2917988356203</ele><time>2022-06-18T04:13:45Z</time></trkpt><trkpt lat="36.7930797390931" lon="139.14427620064"><ele>2026.9956672601402</ele><time>2022-06-18T04:14:33Z</time></trkpt><trkpt lat="36.79319100690991" lon="139.14408956088084"><ele>2031.1107772737741</ele><time>2022-06-18T04:15:07Z</time></trkpt><trkpt lat="36.7932669131485" lon="139.14388269880806"><ele>2038.5001505836844</ele><time>2022-06-18T04:17:48Z</time></trkpt><trkpt lat="36.793328087398855" lon="139.1436675626117"><ele>2037.7614577692002</ele><time>2022-06-18T04:18:29Z</time></trkpt><trkpt lat="36.79342290456398" lon="139.14347685373812"><ele>2030.0680826893076</ele><time>2022-06-18T04:19:35Z</time></trkpt><trkpt lat="36.793591330235756" lon="139.14337420634476"><ele>2025.9753284789622</ele><time>2022-06-18T04:20:36Z</time></trkpt><trkpt lat="36.79377928258192" lon="139.1433404557193"><ele>2026.812574272044</ele><time>2022-06-18T04:21:16Z</time></trkpt><trkpt lat="36.79395725414263" lon="139.1433013894375"><ele>2028.4053994519636</ele><time>2022-06-18T04:21:49Z</time></trkpt><trkpt lat="36.79413237434895" lon="139.14335504367645"><ele>2030.8154161721468</ele><time>2022-06-18T04:22:39Z</time></trkpt><trkpt lat="36.794314898714646" lon="139.1433798966471"><ele>2020.1413511671126</ele><time>2022-06-18T04:24:28Z</time></trkpt><trkpt lat="36.79449604131336" lon="139.1433650741708"><ele>2018.7812631092966</ele><time>2022-06-18T04:25:46Z</time></trkpt><trkpt lat="36.79467038484391" lon="139.143274932211"><ele>2010.9424950713292</ele><time>2022-06-18T04:26:25Z</time></trkpt><trkpt lat="36.794851066313555" lon="139.14322886080598"><ele>2002.146128362976</ele><time>2022-06-18T04:27:33Z</time></trkpt><trkpt lat="36.79500046500391" lon="139.14309623597904"><ele>2003.8276620786637</ele><time>2022-06-18T04:28:21Z</time></trkpt><trkpt lat="36.79512753551016" lon="139.14293594795325"><ele>2009.8769222777337</ele><time>2022-06-18T04:28:52Z</time></trkpt><trkpt lat="36.79529541382848" lon="139.14283871990182"><ele>2009.7233421122655</ele><time>2022-06-18T04:29:27Z</time></trkpt><trkpt lat="36.79542363903986" lon="139.14299860882377"><ele>2008.4050705777481</ele><time>2022-06-18T04:30:43Z</time></trkpt><trkpt lat="36.79559130485325" lon="139.14309681814052"><ele>2002.3188644787297</ele><time>2022-06-18T04:31:24Z</time></trkpt><trkpt lat="36.79576051778787" lon="139.14318416365762"><ele>2001.4726444343105</ele><time>2022-06-18T04:31:47Z</time></trkpt><trkpt lat="36.79592120282328" lon="139.1430761814445"><ele>2000.008645969443</ele><time>2022-06-18T04:32:26Z</time></trkpt><trkpt lat="36.796100148285895" lon="139.14312141992372"><ele>2005.027316951193</ele><time>2022-06-18T04:32:51Z</time></trkpt><trkpt lat="36.79628332050032" lon="139.14310377091192"><ele>2019.0662013422698</ele><time>2022-06-18T04:33:52Z</time></trkpt><trkpt lat="36.796461305442996" lon="139.14314755377623"><ele>2028.356450590305</ele><time>2022-06-18T04:34:58Z</time></trkpt><trkpt lat="36.79663203689557" lon="139.14307503405826"><ele>2035.8701294790953</ele><time>2022-06-18T04:35:35Z</time></trkpt><trkpt lat="36.79681328880781" lon="139.14304419129618"><ele>2047.175670974888</ele><time>2022-06-18T04:37:57Z</time></trkpt><trkpt lat="36.7969971571326" lon="139.1430415072851"><ele>2052.256102374755</ele><time>2022-06-18T04:38:34Z</time></trkpt><trkpt lat="36.797177690226995" lon="139.14302909406817"><ele>2061.6350967716426</ele><time>2022-06-18T04:39:36Z</time></trkpt><trkpt lat="36.79735771179572" lon="139.1430869899808"><ele>2058.9804551526904</ele><time>2022-06-18T04:40:06Z</time></trkpt><trkpt lat="36.797541500127046" lon="139.14311976279322"><ele>2064.708090990782</ele><time>2022-06-18T04:40:40Z</time></trkpt><trkpt lat="36.79772470153178" lon="139.14309458360222"><ele>2070.6301018018275</ele><time>2022-06-18T04:41:07Z</time></trkpt><trkpt lat="36.79790022724853" lon="139.14302669662905"><ele>2080.68631059397</ele><time>2022-06-18T04:41:51Z</time></trkpt><trkpt lat="36.79807068257432" lon="139.14295131976291"><ele>2094.5609334399924</ele><time>2022-06-18T04:43:13Z</time></trkpt><trkpt lat="36.79824709029375" lon="139.14289746463518"><ele>2099.5675851516426</ele><time>2022-06-18T04:44:02Z</time></trkpt><trkpt lat="36.79842788068647" lon="139.14289249706496"><ele>2098.5137718869373</ele><time>2022-06-18T04:51:06Z</time></trkpt><trkpt lat="36.79860912351718" lon="139.14284430502283"><ele>2097.242313408293</ele><time>2022-06-18T04:51:24Z</time></trkpt><trkpt lat="36.79878630109147" lon="139.14279979192386"><ele>2094.9701594961807</ele><time>2022-06-18T04:51:42Z</time></trkpt><trkpt lat="36.798948454555855" lon="139.14269030457942"><ele>2090.604400360957</ele><time>2022-06-18T04:52:05Z</time></trkpt><trkpt lat="36.79906590660553" lon="139.14251565792895"><ele>2090.947266199626</ele><time>2022-06-18T04:52:29Z</time></trkpt><trkpt lat="36.79922441721437" lon="139.1423810476785"><ele>2086.8381305607036</ele><time>2022-06-18T04:53:21Z</time></trkpt><trkpt lat="36.79935503801651" lon="139.14221786618305"><ele>2086.307304223068</ele><time>2022-06-18T04:53:44Z</time></trkpt><trkpt lat="36.79951263035752" lon="139.14210732800103"><ele>2079.249641381204</ele><time>2022-06-18T04:54:45Z</time></trkpt><trkpt lat="36.799677424390175" lon="139.14200897536153"><ele>2073.9755254853517</ele><time>2022-06-18T04:55:20Z</time></trkpt><trkpt lat="36.79981769630937" lon="139.141854321281"><ele>2074.390476571396</ele><time>2022-06-18T04:55:58Z</time></trkpt><trkpt lat="36.79996026655371" lon="139.14171636470812"><ele>2073.422960970551</ele><time>2022-06-18T04:56:42Z</time></trkpt><trkpt lat="36.80001215119168" lon="139.14166275589338"><ele>2072.4725547907874</ele><time>2022-06-18T04:59:23Z</time></trkpt><trkpt lat="36.80017633716213" lon="139.14156978930933"><ele>2061.9968125196174</ele><time>2022-06-18T05:06:16Z</time></trkpt><trkpt lat="36.80035043856198" lon="139.1414776618554"><ele>2060.1058114627376</ele><time>2022-06-18T05:06:37Z</time></trkpt><trkpt lat="36.8005127857936" lon="139.14136607958213"><ele>2062.835069947876</ele><time>2022-06-18T05:07:28Z</time></trkpt><trkpt lat="36.800642727290246" lon="139.14119871814978"><ele>2069.7100023468956</ele><time>2022-06-18T05:08:32Z</time></trkpt><trkpt lat="36.800793471753146" lon="139.1410750745537"><ele>2068.344416153617</ele><time>2022-06-18T05:09:47Z</time></trkpt><trkpt lat="36.80096217753112" lon="139.140969694521"><ele>2070.343455899507</ele><time>2022-06-18T05:10:14Z</time></trkpt><trkpt lat="36.8011000626018" lon="139.14081615730865"><ele>2071.1440372047946</ele><time>2022-06-18T05:10:48Z</time></trkpt><trkpt lat="36.80128004907041" lon="139.1407511125106"><ele>2073.1060459660366</ele><time>2022-06-18T05:11:19Z</time></trkpt><trkpt lat="36.80140660535654" lon="139.1405913665399"><ele>2081.2069565672427</ele><time>2022-06-18T05:12:12Z</time></trkpt><trkpt lat="36.80157743665247" lon="139.14050534637758"><ele>2081.886341858655</ele><time>2022-06-18T05:12:39Z</time></trkpt><trkpt lat="36.801741508314436" lon="139.14039430873893"><ele>2086.4644679790363</ele><time>2022-06-18T05:13:06Z</time></trkpt><trkpt lat="36.8019199089087" lon="139.1403414790505"><ele>2088.607870494947</ele><time>2022-06-18T05:13:31Z</time></trkpt><trkpt lat="36.802071517190264" lon="139.14019899138145"><ele>2088.7181162107736</ele><time>2022-06-18T05:13:53Z</time></trkpt><trkpt lat="36.80223449603254" lon="139.14009638586828"><ele>2091.5586645090953</ele><time>2022-06-18T05:14:13Z</time></trkpt><trkpt lat="36.80238885516319" lon="139.13997646296883"><ele>2099.352379755117</ele><time>2022-06-18T05:16:23Z</time></trkpt><trkpt lat="36.80255052568819" lon="139.13985651972197"><ele>2094.4698449578136</ele><time>2022-06-18T05:17:12Z</time></trkpt><trkpt lat="36.80272097327119" lon="139.13976555611512"><ele>2099.80330600217</ele><time>2022-06-18T05:17:56Z</time></trkpt><trkpt lat="36.80287220132623" lon="139.1396369668873"><ele>2099.370204529725</ele><time>2022-06-18T05:18:28Z</time></trkpt><trkpt lat="36.80291110539267" lon="139.1394094574468"><ele>2096.241540987976</ele><time>2022-06-18T05:19:16Z</time></trkpt><trkpt lat="36.80290921415449" lon="139.1391761941629"><ele>2091.2504097409546</ele><time>2022-06-18T05:19:45Z</time></trkpt><trkpt lat="36.80306045510202" lon="139.13905035121056"><ele>2092.841012931429</ele><time>2022-06-18T05:20:12Z</time></trkpt><trkpt lat="36.80314694136966" lon="139.13885326534384"><ele>2092.297643843107</ele><time>2022-06-18T05:20:44Z</time></trkpt><trkpt lat="36.80329389497156" lon="139.1387033738846"><ele>2094.6631076792255</ele><time>2022-06-18T05:21:09Z</time></trkpt><trkpt lat="36.80332243352694" lon="139.13847982473538"><ele>2096.592926696874</ele><time>2022-06-18T05:21:58Z</time></trkpt><trkpt lat="36.803374573060694" lon="139.13826205057842"><ele>2095.1773432651535</ele><time>2022-06-18T05:22:52Z</time></trkpt><trkpt lat="36.803391745227934" lon="139.13803114060033"><ele>2094.594975245185</ele><time>2022-06-18T05:23:28Z</time></trkpt><trkpt lat="36.80348015924317" lon="139.13782486531633"><ele>2097.373108677566</ele><time>2022-06-18T05:25:01Z</time></trkpt><trkpt lat="36.80349863438579" lon="139.13759518298215"><ele>2093.5078254900873</ele><time>2022-06-18T05:25:54Z</time></trkpt><trkpt lat="36.80348359354315" lon="139.1373621916399"><ele>2085.5295052081347</ele><time>2022-06-18T05:26:45Z</time></trkpt><trkpt lat="36.80360742561794" lon="139.13719533515822"><ele>2082.6942152939737</ele><time>2022-06-18T05:27:22Z</time></trkpt><trkpt lat="36.803639887124994" lon="139.13696855055"><ele>2079.9676835304126</ele><time>2022-06-18T05:28:11Z</time></trkpt><trkpt lat="36.80361869576145" lon="139.1367441833382"><ele>2077.6427951939404</ele><time>2022-06-18T05:28:37Z</time></trkpt><trkpt lat="36.80365862820417" lon="139.13652286009182"><ele>2079.341820396483</ele><time>2022-06-18T05:29:02Z</time></trkpt><trkpt lat="36.80371987844564" lon="139.1363036768826"><ele>2081.8723379708827</ele><time>2022-06-18T05:29:33Z</time></trkpt><trkpt lat="36.803800664212076" lon="139.13609977949866"><ele>2082.622998252511</ele><time>2022-06-18T05:30:22Z</time></trkpt><trkpt lat="36.80389961566919" lon="139.13591005282458"><ele>2085.4642142569646</ele><time>2022-06-18T05:30:48Z</time></trkpt><trkpt lat="36.80395538092919" lon="139.13569346062283"><ele>2085.9938444131985</ele><time>2022-06-18T05:31:11Z</time></trkpt><trkpt lat="36.80401719929169" lon="139.13548222949288"><ele>2084.764483945444</ele><time>2022-06-18T05:31:32Z</time></trkpt><trkpt lat="36.80410108259055" lon="139.1352769475608"><ele>2087.6263922164217</ele><time>2022-06-18T05:31:54Z</time></trkpt><trkpt lat="36.80419602363833" lon="139.13507444406434"><ele>2087.4556849403307</ele><time>2022-06-18T05:32:19Z</time></trkpt><trkpt lat="36.80429125642443" lon="139.13487950542378"><ele>2088.0992190418765</ele><time>2022-06-18T05:32:38Z</time></trkpt><trkpt lat="36.80440081273985" lon="139.13469832294678"><ele>2096.115553145297</ele><time>2022-06-18T05:33:23Z</time></trkpt><trkpt lat="36.80452346727924" lon="139.13453363824928"><ele>2106.9914878001437</ele><time>2022-06-18T05:34:40Z</time></trkpt><trkpt lat="36.80468394489816" lon="139.13443002699316"><ele>2114.2331761419773</ele><time>2022-06-18T05:36:02Z</time></trkpt><trkpt lat="36.80481814902116" lon="139.1342768160878"><ele>2128.799443271011</ele><time>2022-06-18T05:37:17Z</time></trkpt><trkpt lat="36.80497975407069" lon="139.13414407451512"><ele>2129.6982131963596</ele><time>2022-06-18T05:40:23Z</time></trkpt><trkpt lat="36.805030750473826" lon="139.13392578609725"><ele>2131.440187273547</ele><time>2022-06-18T05:40:56Z</time></trkpt><trkpt lat="36.80506898871207" lon="139.1337043027405"><ele>2131.5848518824205</ele><time>2022-06-18T05:41:28Z</time></trkpt><trkpt lat="36.80500556917965" lon="139.13349354303284"><ele>2134.991249827668</ele><time>2022-06-18T05:42:23Z</time></trkpt><trkpt lat="36.80510845997867" lon="139.13329939464236"><ele>2135.267432436347</ele><time>2022-06-18T05:44:20Z</time></trkpt><trkpt lat="36.80514590406272" lon="139.1330783770422"><ele>2147.756332874298</ele><time>2022-06-18T05:47:02Z</time></trkpt><trkpt lat="36.80517373783444" lon="139.13285022236"><ele>2155.4085115790367</ele><time>2022-06-18T05:48:09Z</time></trkpt><trkpt lat="36.805217925302266" lon="139.13263019980366"><ele>2153.752735549584</ele><time>2022-06-18T05:48:54Z</time></trkpt><trkpt lat="36.80523893100857" lon="139.1326133863656"><ele>2155.2150137647986</ele><time>2022-06-18T05:51:08Z</time></trkpt><trkpt lat="36.805097068054934" lon="139.13276355674637"><ele>2153.266764224507</ele><time>2022-06-18T05:52:15Z</time></trkpt><trkpt lat="36.8049553067193" lon="139.1326183303425"><ele>2142.752656629309</ele><time>2022-06-18T05:53:49Z</time></trkpt><trkpt lat="36.804822439275355" lon="139.13246373755086"><ele>2127.6320480005816</ele><time>2022-06-18T05:54:56Z</time></trkpt><trkpt lat="36.80474599874094" lon="139.13239935160564"><ele>2117.2485578823835</ele><time>2022-06-18T05:56:19Z</time></trkpt><trkpt lat="36.80471609685918" lon="139.1321745587324"><ele>2105.974209776148</ele><time>2022-06-18T05:57:43Z</time></trkpt><trkpt lat="36.80454328432031" lon="139.1320927223356"><ele>2093.9407917037606</ele><time>2022-06-18T05:59:05Z</time></trkpt><trkpt lat="36.804375555680444" lon="139.1319968094118"><ele>2080.796826273203</ele><time>2022-06-18T05:59:46Z</time></trkpt><trkpt lat="36.80427552433526" lon="139.13180961680214"><ele>2070.026425719261</ele><time>2022-06-18T06:00:43Z</time></trkpt><trkpt lat="36.80417702684349" lon="139.13162017478444"><ele>2066.8360017947853</ele><time>2022-06-18T06:03:02Z</time></trkpt><trkpt lat="36.804196047553425" lon="139.13139712509695"><ele>2069.1789698675275</ele><time>2022-06-18T06:03:29Z</time></trkpt><trkpt lat="36.8040613744902" lon="139.13123902563873"><ele>2066.21184245497</ele><time>2022-06-18T06:03:54Z</time></trkpt><trkpt lat="36.803979216730156" lon="139.13102973125487"><ele>2062.2593076517805</ele><time>2022-06-18T06:04:16Z</time></trkpt><trkpt lat="36.80387607076264" lon="139.1308398243332"><ele>2056.455164670013</ele><time>2022-06-18T06:04:40Z</time></trkpt><trkpt lat="36.80376331529985" lon="139.13064764435362"><ele>2056.526794885285</ele><time>2022-06-18T06:05:00Z</time></trkpt><trkpt lat="36.803649926227685" lon="139.1304654456805"><ele>2052.660254641436</ele><time>2022-06-18T06:05:22Z</time></trkpt><trkpt lat="36.803513478619024" lon="139.1303073229163"><ele>2047.9883132707328</ele><time>2022-06-18T06:05:44Z</time></trkpt><trkpt lat="36.803419254939044" lon="139.13010291699896"><ele>2044.1103485822678</ele><time>2022-06-18T06:06:07Z</time></trkpt><trkpt lat="36.803260231336616" lon="139.1299875758512"><ele>2039.8859900711104</ele><time>2022-06-18T06:06:29Z</time></trkpt><trkpt lat="36.80311529282703" lon="139.12984143586186"><ele>2040.7550824545324</ele><time>2022-06-18T06:06:53Z</time></trkpt><trkpt lat="36.80305904216082" lon="139.12962813605233"><ele>2035.185493759811</ele><time>2022-06-18T06:07:23Z</time></trkpt><trkpt lat="36.80296096294984" lon="139.12943524675447"><ele>2032.1949522560462</ele><time>2022-06-18T06:07:41Z</time></trkpt><trkpt lat="36.80282359321663" lon="139.12928383350987"><ele>2029.3349687391892</ele><time>2022-06-18T06:08:11Z</time></trkpt><trkpt lat="36.802660907317794" lon="139.12918747707562"><ele>2028.030240454711</ele><time>2022-06-18T06:08:32Z</time></trkpt><trkpt lat="36.802518728578875" lon="139.12904942702738"><ele>2016.2200719667599</ele><time>2022-06-18T06:09:28Z</time></trkpt><trkpt lat="36.80233242997258" lon="139.12902180698774"><ele>2004.9549204418436</ele><time>2022-06-18T06:10:55Z</time></trkpt><trkpt lat="36.80216094703989" lon="139.12895053164976"><ele>1995.5798654640093</ele><time>2022-06-18T06:11:36Z</time></trkpt><trkpt lat="36.80202677851967" lon="139.12879752292693"><ele>1986.5184502694756</ele><time>2022-06-18T06:12:26Z</time></trkpt><trkpt lat="36.801881684967796" lon="139.12865954916882"><ele>1978.0121276192367</ele><time>2022-06-18T06:13:16Z</time></trkpt><trkpt lat="36.801695861448614" lon="139.1286300320029"><ele>1975.5422956943512</ele><time>2022-06-18T06:13:54Z</time></trkpt><trkpt lat="36.801523465643925" lon="139.1285556700114"><ele>1975.3270876994357</ele><time>2022-06-18T06:14:17Z</time></trkpt><trkpt lat="36.80135982223824" lon="139.12845691092343"><ele>1969.968477645889</ele><time>2022-06-18T06:15:06Z</time></trkpt><trkpt lat="36.801194663702546" lon="139.1283487949572"><ele>1965.5304803634062</ele><time>2022-06-18T06:15:39Z</time></trkpt><trkpt lat="36.80101376170521" lon="139.12827267943828"><ele>1962.1300845686346</ele><time>2022-06-18T06:16:05Z</time></trkpt><trkpt lat="36.800893102618566" lon="139.12809725298524"><ele>1964.2234442569315</ele><time>2022-06-18T06:16:26Z</time></trkpt><trkpt lat="36.80071895851925" lon="139.12800012651417"><ele>1966.05910062138</ele><time>2022-06-18T06:16:50Z</time></trkpt><trkpt lat="36.80053863453903" lon="139.12794877208435"><ele>1972.227204138413</ele><time>2022-06-18T06:17:23Z</time></trkpt><trkpt lat="36.80037154096509" lon="139.12783537949863"><ele>1966.819584212266</ele><time>2022-06-18T06:18:01Z</time></trkpt><trkpt lat="36.80019011504349" lon="139.12781882928144"><ele>1962.738709836267</ele><time>2022-06-18T06:18:30Z</time></trkpt><trkpt lat="36.80000476148728" lon="139.12782155476216"><ele>1956.1541906604543</ele><time>2022-06-18T06:18:55Z</time></trkpt><trkpt lat="36.7998637833478" lon="139.1276642490436"><ele>1952.1890048589557</ele><time>2022-06-18T06:19:27Z</time></trkpt><trkpt lat="36.79983320238641" lon="139.1276569547841"><ele>1952.7476014355198</ele><time>2022-06-18T06:19:32Z</time></trkpt><trkpt lat="36.799658175492524" lon="139.12760173695287"><ele>1947.4355123452842</ele><time>2022-06-18T06:20:07Z</time></trkpt><trkpt lat="36.79949957927184" lon="139.12747367969413"><ele>1943.7499261461198</ele><time>2022-06-18T06:20:36Z</time></trkpt><trkpt lat="36.79936401874955" lon="139.12732269003024"><ele>1939.8276951527223</ele><time>2022-06-18T06:20:58Z</time></trkpt><trkpt lat="36.79925102146369" lon="139.12714572768607"><ele>1936.9536920059472</ele><time>2022-06-18T06:21:19Z</time></trkpt><trkpt lat="36.799161498180695" lon="139.12694356554366"><ele>1930.5551782762632</ele><time>2022-06-18T06:21:55Z</time></trkpt><trkpt lat="36.799003445232294" lon="139.12682603216425"><ele>1927.9044169755653</ele><time>2022-06-18T06:22:22Z</time></trkpt><trkpt lat="36.798848522761986" lon="139.12671117425862"><ele>1920.1733682258055</ele><time>2022-06-18T06:22:49Z</time></trkpt><trkpt lat="36.798682360647" lon="139.12661308359026"><ele>1913.5692754955962</ele><time>2022-06-18T06:23:13Z</time></trkpt><trkpt lat="36.79849944761196" lon="139.1265450687639"><ele>1913.4622004618868</ele><time>2022-06-18T06:23:28Z</time></trkpt><trkpt lat="36.79832175445771" lon="139.12647624981815"><ele>1907.5004997877404</ele><time>2022-06-18T06:23:49Z</time></trkpt><trkpt lat="36.798139191524065" lon="139.12648136176517"><ele>1910.5105781489983</ele><time>2022-06-18T06:25:56Z</time></trkpt><trkpt lat="36.79796805826714" lon="139.12639479996602"><ele>1914.1671401811764</ele><time>2022-06-18T06:26:20Z</time></trkpt><trkpt lat="36.797823346650546" lon="139.12625345112815"><ele>1920.8406765256077</ele><time>2022-06-18T06:27:06Z</time></trkpt><trkpt lat="36.7976413768493" lon="139.12623928276403"><ele>1926.5730726411566</ele><time>2022-06-18T06:27:48Z</time></trkpt><trkpt lat="36.79747125388113" lon="139.12616327722387"><ele>1932.7380871763453</ele><time>2022-06-18T06:28:17Z</time></trkpt><trkpt lat="36.79731233401954" lon="139.1260386218514"><ele>1934.58070936054</ele><time>2022-06-18T06:28:38Z</time></trkpt><trkpt lat="36.797137593502654" lon="139.12594468671554"><ele>1934.5830696923658</ele><time>2022-06-18T06:28:58Z</time></trkpt><trkpt lat="36.796984839532016" lon="139.12582522600934"><ele>1934.8812221782282</ele><time>2022-06-18T06:29:17Z</time></trkpt><trkpt lat="36.79681127746075" lon="139.1257190067085"><ele>1933.710332069546</ele><time>2022-06-18T06:29:40Z</time></trkpt><trkpt lat="36.79667557964587" lon="139.12556250998878"><ele>1943.8218298051506</ele><time>2022-06-18T06:30:14Z</time></trkpt><trkpt lat="36.79659334508674" lon="139.12535492187783"><ele>1944.2084797164425</ele><time>2022-06-18T06:31:18Z</time></trkpt><trkpt lat="36.796595339288125" lon="139.12512830785053"><ele>1949.4339873474091</ele><time>2022-06-18T06:31:41Z</time></trkpt><trkpt lat="36.79652745115149" lon="139.12491314896064"><ele>1950.275728603825</ele><time>2022-06-18T06:32:25Z</time></trkpt><trkpt lat="36.79645211067024" lon="139.12469919829863"><ele>1947.9496934162453</ele><time>2022-06-18T06:32:54Z</time></trkpt><trkpt lat="36.79637906448033" lon="139.12448295193013"><ele>1955.0572571204975</ele><time>2022-06-18T06:33:31Z</time></trkpt><trkpt lat="36.79624309729501" lon="139.12432687768856"><ele>1962.604819203727</ele><time>2022-06-18T06:35:04Z</time></trkpt><trkpt lat="36.79608123116804" lon="139.12422488504362"><ele>1967.3393485583365</ele><time>2022-06-18T06:35:35Z</time></trkpt><trkpt lat="36.79598280675771" lon="139.1240248529464"><ele>1972.0860923966393</ele><time>2022-06-18T06:36:45Z</time></trkpt><trkpt lat="36.79595629074294" lon="139.12380199969832"><ele>1967.6483365874738</ele><time>2022-06-18T06:37:41Z</time></trkpt><trkpt lat="36.79589366735927" lon="139.12358451429054"><ele>1966.5592999858782</ele><time>2022-06-18T06:38:15Z</time></trkpt><trkpt lat="36.795821674226815" lon="139.12337794159038"><ele>1965.2344797607511</ele><time>2022-06-18T06:39:28Z</time></trkpt><trkpt lat="36.795831470021305" lon="139.12314603615317"><ele>1969.70730139222</ele><time>2022-06-18T06:40:05Z</time></trkpt><trkpt lat="36.79575108332914" lon="139.12293655870266"><ele>1974.829772239551</ele><time>2022-06-18T06:40:41Z</time></trkpt><trkpt lat="36.795677038147346" lon="139.12273194154199"><ele>1966.8707974432036</ele><time>2022-06-18T06:41:25Z</time></trkpt><trkpt lat="36.79560783695005" lon="139.12252092818318"><ele>1968.629711477086</ele><time>2022-06-18T06:41:44Z</time></trkpt><trkpt lat="36.79554163305979" lon="139.12230833095185"><ele>1970.412167923525</ele><time>2022-06-18T06:42:16Z</time></trkpt><trkpt lat="36.795567281031666" lon="139.12208153208996"><ele>1972.4657304659486</ele><time>2022-06-18T06:42:35Z</time></trkpt><trkpt lat="36.79557587353554" lon="139.12185448024894"><ele>1968.915438494645</ele><time>2022-06-18T06:43:06Z</time></trkpt><trkpt lat="36.79551798993172" lon="139.12162708235297"><ele>1967.755977962166</ele><time>2022-06-18T06:44:24Z</time></trkpt><trkpt lat="36.79533956559748" lon="139.12168104934136"><ele>1977.9790248256177</ele><time>2022-06-18T06:46:27Z</time></trkpt><trkpt lat="36.795161136654045" lon="139.12163279340288"><ele>1985.9717657770962</ele><time>2022-06-18T06:47:21Z</time></trkpt><trkpt lat="36.79498209475526" lon="139.12158665470827"><ele>1991.1369440099224</ele><time>2022-06-18T06:48:11Z</time></trkpt><trkpt lat="36.79480737500137" lon="139.12152369200942"><ele>2005.3393573900685</ele><time>2022-06-18T06:50:53Z</time></trkpt><trkpt lat="36.79473147181025" lon="139.12145206886342"><ele>2016.7574346922338</ele><time>2022-06-18T06:53:16Z</time></trkpt><trkpt lat="36.79472491884564" lon="139.12145247931804"><ele>2016.5172509802505</ele><time>2022-06-18T06:53:18Z</time></trkpt><trkpt lat="36.79455763992226" lon="139.1213467902197"><ele>2017.233096666634</ele><time>2022-06-18T06:56:00Z</time></trkpt><trkpt lat="36.79439774048678" lon="139.12123771013609"><ele>2013.9753476008773</ele><time>2022-06-18T06:57:35Z</time></trkpt><trkpt lat="36.79421830706289" lon="139.1212127291971"><ele>2008.4635124532506</ele><time>2022-06-18T06:59:03Z</time></trkpt><trkpt lat="36.79403819965967" lon="139.12119066936387"><ele>1999.805956571363</ele><time>2022-06-18T06:59:43Z</time></trkpt><trkpt lat="36.79385619042851" lon="139.12121814160855"><ele>1995.3801215123385</ele><time>2022-06-18T06:59:57Z</time></trkpt><trkpt lat="36.793691348567506" lon="139.1213185204901"><ele>1993.990431559272</ele><time>2022-06-18T07:00:33Z</time></trkpt><trkpt lat="36.793514227155015" lon="139.1214130176534"><ele>1987.445848912932</ele><time>2022-06-18T07:01:13Z</time></trkpt><trkpt lat="36.7933363485451" lon="139.12149471342548"><ele>1987.1191397262737</ele><time>2022-06-18T07:01:29Z</time></trkpt><trkpt lat="36.79315763185176" lon="139.12145881037384"><ele>1989.505974791944</ele><time>2022-06-18T07:01:50Z</time></trkpt><trkpt lat="36.7929831353405" lon="139.121398649601"><ele>1985.3225427912548</ele><time>2022-06-18T07:02:05Z</time></trkpt><trkpt lat="36.792812657993125" lon="139.12130672335363"><ele>1981.6891792891547</ele><time>2022-06-18T07:02:19Z</time></trkpt><trkpt lat="36.79262880828104" lon="139.12127177926178"><ele>1978.694794477895</ele><time>2022-06-18T07:02:35Z</time></trkpt><trkpt lat="36.79245670444443" lon="139.1211653111077"><ele>1978.9327357364818</ele><time>2022-06-18T07:02:52Z</time></trkpt><trkpt lat="36.79239426414949" lon="139.120941113579"><ele>1972.4706005612388</ele><time>2022-06-18T07:03:11Z</time></trkpt><trkpt lat="36.79224389122278" lon="139.12080220353567"><ele>1972.2748758820817</ele><time>2022-06-18T07:03:26Z</time></trkpt><trkpt lat="36.79206880699471" lon="139.1207412884547"><ele>1966.0776726342738</ele><time>2022-06-18T07:03:44Z</time></trkpt><trkpt lat="36.79214305893964" lon="139.1205330023392"><ele>1961.591978291981</ele><time>2022-06-18T07:04:04Z</time></trkpt><trkpt lat="36.79201989977812" lon="139.12034799868553"><ele>1952.925502677448</ele><time>2022-06-18T07:04:34Z</time></trkpt><trkpt lat="36.791914483310194" lon="139.12016509801646"><ele>1938.5960182929412</ele><time>2022-06-18T07:05:28Z</time></trkpt><trkpt lat="36.79183282492208" lon="139.11996287053017"><ele>1926.0468123704195</ele><time>2022-06-18T07:06:28Z</time></trkpt><trkpt lat="36.79170278556965" lon="139.11980117231658"><ele>1911.5332918921486</ele><time>2022-06-18T07:07:43Z</time></trkpt><trkpt lat="36.79163750771467" lon="139.11969705704982"><ele>1907.033298430033</ele><time>2022-06-18T07:08:19Z</time></trkpt><trkpt lat="36.79147810081065" lon="139.11958533266983"><ele>1899.6536842016503</ele><time>2022-06-18T07:09:50Z</time></trkpt><trkpt lat="36.79130098457304" lon="139.11952822602981"><ele>1892.1754714995623</ele><time>2022-06-18T07:11:14Z</time></trkpt><trkpt lat="36.79111035252959" lon="139.11950461724985"><ele>1888.5508931353688</ele><time>2022-06-18T07:11:48Z</time></trkpt><trkpt lat="36.790931200795" lon="139.11942493429493"><ele>1882.24414264597</ele><time>2022-06-18T07:12:06Z</time></trkpt><trkpt lat="36.79073187057974" lon="139.119410736487"><ele>1876.8605376267806</ele><time>2022-06-18T07:12:16Z</time></trkpt><trkpt lat="36.7905776289787" lon="139.11953028983842"><ele>1875.203295760788</ele><time>2022-06-18T07:12:28Z</time></trkpt><trkpt lat="36.79042936948582" lon="139.11939356357934"><ele>1869.322179351002</ele><time>2022-06-18T07:13:04Z</time></trkpt><trkpt lat="36.79026827462486" lon="139.11926891834605"><ele>1870.0287850508466</ele><time>2022-06-18T07:13:26Z</time></trkpt><trkpt lat="36.79008938112257" lon="139.1192049450433"><ele>1868.7567490162328</ele><time>2022-06-18T07:13:52Z</time></trkpt><trkpt lat="36.78991698554084" lon="139.11910940411997"><ele>1874.0690568359569</ele><time>2022-06-18T07:14:28Z</time></trkpt><trkpt lat="36.78984683533855" lon="139.11890289940615"><ele>1877.9912233073264</ele><time>2022-06-18T07:15:04Z</time></trkpt><trkpt lat="36.78967970503157" lon="139.11879838298594"><ele>1880.2532435236499</ele><time>2022-06-18T07:15:37Z</time></trkpt><trkpt lat="36.78953012032246" lon="139.11867070443918"><ele>1881.6124289464206</ele><time>2022-06-18T07:21:09Z</time></trkpt><trkpt lat="36.78935317108627" lon="139.1186088940379"><ele>1877.7772780293599</ele><time>2022-06-18T07:21:36Z</time></trkpt><trkpt lat="36.789186204539135" lon="139.11849247702585"><ele>1873.3293701959774</ele><time>2022-06-18T07:21:58Z</time></trkpt><trkpt lat="36.789041405416874" lon="139.11835576428106"><ele>1866.808169736527</ele><time>2022-06-18T07:22:39Z</time></trkpt><trkpt lat="36.788860593785266" lon="139.11836904013214"><ele>1860.2314884271473</ele><time>2022-06-18T07:23:11Z</time></trkpt><trkpt lat="36.78868457077965" lon="139.11828767964172"><ele>1856.3074178686365</ele><time>2022-06-18T07:23:44Z</time></trkpt><trkpt lat="36.7885116298036" lon="139.11822211664756"><ele>1852.1690522311255</ele><time>2022-06-18T07:24:07Z</time></trkpt><trkpt lat="36.788353552738656" lon="139.11811378012646"><ele>1849.6343330061063</ele><time>2022-06-18T07:24:28Z</time></trkpt><trkpt lat="36.78822434686176" lon="139.1179458644361"><ele>1851.910913668573</ele><time>2022-06-18T07:24:55Z</time></trkpt><trkpt lat="36.788065930325615" lon="139.11783529942244"><ele>1852.3307632943615</ele><time>2022-06-18T07:25:11Z</time></trkpt><trkpt lat="36.787908607326436" lon="139.1177252986029"><ele>1856.533820418641</ele><time>2022-06-18T07:25:40Z</time></trkpt><trkpt lat="36.78772385067657" lon="139.11771265533912"><ele>1857.5926486002281</ele><time>2022-06-18T07:26:03Z</time></trkpt><trkpt lat="36.78753419014178" lon="139.1176683807803"><ele>1858.5166944097728</ele><time>2022-06-18T07:26:29Z</time></trkpt><trkpt lat="36.78735890056511" lon="139.11760795586383"><ele>1861.6667778845876</ele><time>2022-06-18T07:27:03Z</time></trkpt><trkpt lat="36.787207582264486" lon="139.11773071517484"><ele>1853.2340078968555</ele><time>2022-06-18T07:27:56Z</time></trkpt><trkpt lat="36.787030565037256" lon="139.11777700162943"><ele>1858.7667740564793</ele><time>2022-06-18T07:28:42Z</time></trkpt><trkpt lat="36.7868751735668" lon="139.11789870793024"><ele>1865.7607410019264</ele><time>2022-06-18T07:29:14Z</time></trkpt><trkpt lat="36.78669222762516" lon="139.1179636030525"><ele>1866.7620772887021</ele><time>2022-06-18T07:29:33Z</time></trkpt><trkpt lat="36.786510416966046" lon="139.11793262650454"><ele>1860.5599210998043</ele><time>2022-06-18T07:31:34Z</time></trkpt><trkpt lat="36.78633642149698" lon="139.11786215000342"><ele>1852.9864512225613</ele><time>2022-06-18T07:32:00Z</time></trkpt><trkpt lat="36.78616491875697" lon="139.117791678725"><ele>1842.1377257443964</ele><time>2022-06-18T07:32:49Z</time></trkpt><trkpt lat="36.78597889443007" lon="139.11779985303795"><ele>1834.809089844115</ele><time>2022-06-18T07:33:29Z</time></trkpt><trkpt lat="36.785791319330336" lon="139.11780172364308"><ele>1822.0290986932814</ele><time>2022-06-18T07:34:35Z</time></trkpt><trkpt lat="36.78560942304281" lon="139.11775243855448"><ele>1815.445757384412</ele><time>2022-06-18T07:35:10Z</time></trkpt><trkpt lat="36.78544533778619" lon="139.11765182601715"><ele>1813.3336252048612</ele><time>2022-06-18T07:36:12Z</time></trkpt><trkpt lat="36.7852775094793" lon="139.11774867256491"><ele>1803.8589036567137</ele><time>2022-06-18T07:36:52Z</time></trkpt><trkpt lat="36.78509432184083" lon="139.11783855448874"><ele>1802.270520539023</ele><time>2022-06-18T07:37:16Z</time></trkpt><trkpt lat="36.78490444375986" lon="139.11787516138557"><ele>1801.5889388732612</ele><time>2022-06-18T07:37:45Z</time></trkpt><trkpt lat="36.784732920876266" lon="139.11794887929858"><ele>1810.9458222612739</ele><time>2022-06-18T07:38:55Z</time></trkpt><trkpt lat="36.78458907326517" lon="139.11810854560252"><ele>1809.8385071922094</ele><time>2022-06-18T07:41:24Z</time></trkpt><trkpt lat="36.78440729531106" lon="139.11817790593028"><ele>1812.6983145233244</ele><time>2022-06-18T07:41:50Z</time></trkpt><trkpt lat="36.784291991813504" lon="139.11836755186977"><ele>1811.3148963963613</ele><time>2022-06-18T07:42:15Z</time></trkpt><trkpt lat="36.784143973381454" lon="139.118496382469"><ele>1816.1008902741596</ele><time>2022-06-18T07:43:00Z</time></trkpt><trkpt lat="36.78396256157308" lon="139.11853273542903"><ele>1819.6704591708258</ele><time>2022-06-18T07:43:42Z</time></trkpt><trkpt lat="36.78377111750713" lon="139.11854189887688"><ele>1820.1120521584526</ele><time>2022-06-18T07:44:10Z</time></trkpt><trkpt lat="36.78359159543303" lon="139.1185075562264"><ele>1819.1729349195957</ele><time>2022-06-18T07:45:08Z</time></trkpt><trkpt lat="36.783555000155374" lon="139.1182854189923"><ele>1815.6727748122066</ele><time>2022-06-18T07:45:55Z</time></trkpt><trkpt lat="36.78343718455841" lon="139.118105296805"><ele>1807.9863686766475</ele><time>2022-06-18T07:46:28Z</time></trkpt><trkpt lat="36.783330891278524" lon="139.1179098512549"><ele>1805.507703313604</ele><time>2022-06-18T07:46:52Z</time></trkpt><trkpt lat="36.78321749080418" lon="139.11773007673114"><ele>1803.0664952285588</ele><time>2022-06-18T07:47:16Z</time></trkpt><trkpt lat="36.78314239220065" lon="139.11751960769143"><ele>1796.1862972760573</ele><time>2022-06-18T07:47:56Z</time></trkpt><trkpt lat="36.783017338211906" lon="139.1173493630639"><ele>1787.45725354366</ele><time>2022-06-18T07:48:37Z</time></trkpt><trkpt lat="36.78285240951932" lon="139.11724053493901"><ele>1783.876130242832</ele><time>2022-06-18T07:49:12Z</time></trkpt><trkpt lat="36.782753866054264" lon="139.11704799776393"><ele>1775.003077703528</ele><time>2022-06-18T07:49:54Z</time></trkpt><trkpt lat="36.78275706039813" lon="139.11681310645915"><ele>1764.6098950440064</ele><time>2022-06-18T07:50:59Z</time></trkpt><trkpt lat="36.78261815110524" lon="139.11664880534644"><ele>1755.4106509052217</ele><time>2022-06-18T07:51:46Z</time></trkpt><trkpt lat="36.78243045428568" lon="139.11660048312314"><ele>1757.395807643421</ele><time>2022-06-18T07:52:08Z</time></trkpt><trkpt lat="36.782310477765826" lon="139.11641734655768"><ele>1754.663428899832</ele><time>2022-06-18T07:52:43Z</time></trkpt><trkpt lat="36.782196241476306" lon="139.11624199201242"><ele>1754.4369516493753</ele><time>2022-06-18T07:53:06Z</time></trkpt><trkpt lat="36.782094204346095" lon="139.1160568502685"><ele>1749.8315008413047</ele><time>2022-06-18T07:53:36Z</time></trkpt><trkpt lat="36.78192274333994" lon="139.11595655704053"><ele>1746.9711963869631</ele><time>2022-06-18T07:54:06Z</time></trkpt><trkpt lat="36.78176668583899" lon="139.11584297956514"><ele>1742.4057083847001</ele><time>2022-06-18T07:54:40Z</time></trkpt><trkpt lat="36.78158761005314" lon="139.1157940018488"><ele>1734.5892967488617</ele><time>2022-06-18T07:55:10Z</time></trkpt><trkpt lat="36.78140024477274" lon="139.11581046955345"><ele>1731.2554096598178</ele><time>2022-06-18T07:55:33Z</time></trkpt><trkpt lat="36.781216156468595" lon="139.11579695383747"><ele>1726.7132892031223</ele><time>2022-06-18T07:56:09Z</time></trkpt><trkpt lat="36.78103480613408" lon="139.1157997788055"><ele>1719.6596952546388</ele><time>2022-06-18T07:56:48Z</time></trkpt><trkpt lat="36.780860703337986" lon="139.1158597031261"><ele>1713.9804553156719</ele><time>2022-06-18T07:57:35Z</time></trkpt><trkpt lat="36.780674074097725" lon="139.1159293439162"><ele>1705.341227964498</ele><time>2022-06-18T07:58:23Z</time></trkpt><trkpt lat="36.78052529677989" lon="139.1160720111216"><ele>1698.9005698403344</ele><time>2022-06-18T07:59:01Z</time></trkpt><trkpt lat="36.780353901439575" lon="139.11615426477493"><ele>1691.7537628468126</ele><time>2022-06-18T08:00:03Z</time></trkpt><trkpt lat="36.780182117539624" lon="139.11624555624604"><ele>1682.6976804044098</ele><time>2022-06-18T08:00:47Z</time></trkpt><trkpt lat="36.780011854431685" lon="139.11633078134747"><ele>1680.0491348356009</ele><time>2022-06-18T08:01:06Z</time></trkpt><trkpt lat="36.77983011102721" lon="139.1163741815481"><ele>1678.3857257254422</ele><time>2022-06-18T08:01:37Z</time></trkpt><trkpt lat="36.77966214022771" lon="139.11646674254408"><ele>1675.796637730673</ele><time>2022-06-18T08:02:01Z</time></trkpt><trkpt lat="36.77949506925969" lon="139.11637437010623"><ele>1668.343608965166</ele><time>2022-06-18T08:02:44Z</time></trkpt><trkpt lat="36.77935835783382" lon="139.11622667821078"><ele>1658.9554449077696</ele><time>2022-06-18T08:03:20Z</time></trkpt><trkpt lat="36.779188816106576" lon="139.11612343753134"><ele>1654.1847085049376</ele><time>2022-06-18T08:03:56Z</time></trkpt><trkpt lat="36.7790083448171" lon="139.11606986788294"><ele>1645.3275973834097</ele><time>2022-06-18T08:04:25Z</time></trkpt><trkpt lat="36.77882391209541" lon="139.1160585030133"><ele>1639.2899573249742</ele><time>2022-06-18T08:05:10Z</time></trkpt><trkpt lat="36.778667059324206" lon="139.11594030071365"><ele>1630.0878766644746</ele><time>2022-06-18T08:06:02Z</time></trkpt><trkpt lat="36.778629879542656" lon="139.11571739726804"><ele>1625.590738822706</ele><time>2022-06-18T08:06:23Z</time></trkpt><trkpt lat="36.778461462857685" lon="139.1158492621147"><ele>1620.430179266259</ele><time>2022-06-18T08:07:19Z</time></trkpt><trkpt lat="36.778493698514396" lon="139.11562616473273"><ele>1615.806112634018</ele><time>2022-06-18T08:07:45Z</time></trkpt><trkpt lat="36.778320392928684" lon="139.11569488226735"><ele>1610.020041871816</ele><time>2022-06-18T08:08:31Z</time></trkpt><trkpt lat="36.778261919142835" lon="139.11546852556842"><ele>1607.576484195888</ele><time>2022-06-18T08:08:48Z</time></trkpt><trkpt lat="36.77834413241683" lon="139.11551090930863"><ele>1607.7241630619392</ele><time>2022-06-18T08:10:56Z</time></trkpt><trkpt lat="36.77817241688521" lon="139.115428634589"><ele>1598.9806187488139</ele><time>2022-06-18T08:20:14Z</time></trkpt><trkpt lat="36.77798590754926" lon="139.11542147080735"><ele>1599.4542541326955</ele><time>2022-06-18T08:20:33Z</time></trkpt><trkpt lat="36.777977316825016" lon="139.1151865798771"><ele>1590.348750250414</ele><time>2022-06-18T08:20:50Z</time></trkpt><trkpt lat="36.7778274079659" lon="139.115036470488"><ele>1584.9101842194796</ele><time>2022-06-18T08:21:14Z</time></trkpt><trkpt lat="36.777705658509696" lon="139.11486510181817"><ele>1577.5566790457815</ele><time>2022-06-18T08:22:31Z</time></trkpt><trkpt lat="36.777529747139916" lon="139.11475612364833"><ele>1569.429082158953</ele><time>2022-06-18T08:23:08Z</time></trkpt><trkpt lat="36.77738071741163" lon="139.11461701467871"><ele>1555.71069783438</ele><time>2022-06-18T08:23:39Z</time></trkpt><trkpt lat="36.77719647736163" lon="139.11453533366557"><ele>1553.5580300670117</ele><time>2022-06-18T08:24:01Z</time></trkpt><trkpt lat="36.7770151803293" lon="139.11447103555074"><ele>1541.6215434251353</ele><time>2022-06-18T08:24:28Z</time></trkpt><trkpt lat="36.776899995285326" lon="139.1142891899693"><ele>1539.3336246628314</ele><time>2022-06-18T08:24:45Z</time></trkpt><trkpt lat="36.776837024329865" lon="139.1140732844333"><ele>1538.4956889627501</ele><time>2022-06-18T08:24:59Z</time></trkpt><trkpt lat="36.776943902913175" lon="139.11388482760398"><ele>1528.985220962204</ele><time>2022-06-18T08:25:13Z</time></trkpt><trkpt lat="36.77678793086363" lon="139.11374289099825"><ele>1522.5685598943383</ele><time>2022-06-18T08:25:31Z</time></trkpt><trkpt lat="36.77674781976771" lon="139.11352402047024"><ele>1511.3151527326554</ele><time>2022-06-18T08:25:51Z</time></trkpt><trkpt lat="36.77667299914958" lon="139.11332012571816"><ele>1504.595189364627</ele><time>2022-06-18T08:26:16Z</time></trkpt><trkpt lat="36.776517124587464" lon="139.11317889001484"><ele>1500.4633139213547</ele><time>2022-06-18T08:26:36Z</time></trkpt><trkpt lat="36.77640475933927" lon="139.11299389069967"><ele>1492.118662382476</ele><time>2022-06-18T08:26:55Z</time></trkpt><trkpt lat="36.77624159570178" lon="139.11288706020486"><ele>1489.813619109802</ele><time>2022-06-18T08:27:11Z</time></trkpt><trkpt lat="36.77611773269636" lon="139.11272366952502"><ele>1485.4601355018094</ele><time>2022-06-18T08:27:33Z</time></trkpt><trkpt lat="36.776049280120034" lon="139.112512390801"><ele>1483.363244635053</ele><time>2022-06-18T08:27:57Z</time></trkpt><trkpt lat="36.7759448506728" lon="139.1123197876549"><ele>1479.6401846390218</ele><time>2022-06-18T08:28:13Z</time></trkpt><trkpt lat="36.775801977587186" lon="139.11217038733014"><ele>1475.983738523908</ele><time>2022-06-18T08:28:27Z</time></trkpt><trkpt lat="36.775725432764574" lon="139.11195059748852"><ele>1471.0422681951895</ele><time>2022-06-18T08:28:41Z</time></trkpt><trkpt lat="36.77568732563426" lon="139.11173098303664"><ele>1468.2042956156656</ele><time>2022-06-18T08:28:56Z</time></trkpt><trkpt lat="36.77557619920116" lon="139.11151377581325"><ele>1462.2281932178885</ele><time>2022-06-18T08:29:10Z</time></trkpt><trkpt lat="36.77547014330587" lon="139.11132311806819"><ele>1453.4808521596715</ele><time>2022-06-18T08:29:30Z</time></trkpt><trkpt lat="36.775361651399834" lon="139.11112009743"><ele>1454.6543643809855</ele><time>2022-06-18T08:29:44Z</time></trkpt><trkpt lat="36.77534405102538" lon="139.1108658906415"><ele>1444.0673028342426</ele><time>2022-06-18T08:29:59Z</time></trkpt><trkpt lat="36.7752226628231" lon="139.1106638593559"><ele>1438.6812861505896</ele><time>2022-06-18T08:30:17Z</time></trkpt><trkpt lat="36.775088379698005" lon="139.11049305144522"><ele>1444.083901121281</ele><time>2022-06-18T08:30:35Z</time></trkpt><trkpt lat="36.77503333633075" lon="139.11026648117453"><ele>1434.82358752843</ele><time>2022-06-18T08:30:56Z</time></trkpt><trkpt lat="36.774919024970224" lon="139.11008790030965"><ele>1433.5726076569408</ele><time>2022-06-18T08:31:09Z</time></trkpt><trkpt lat="36.774794431507566" lon="139.1099070340638"><ele>1427.545574951917</ele><time>2022-06-18T08:31:27Z</time></trkpt><trkpt lat="36.77470259328579" lon="139.1097111575326"><ele>1421.7940764995292</ele><time>2022-06-18T08:31:41Z</time></trkpt><trkpt lat="36.77451830622916" lon="139.10967300725548"><ele>1414.560735322535</ele><time>2022-06-18T08:32:11Z</time></trkpt><trkpt lat="36.774475025475084" lon="139.10944186659245"><ele>1405.795302378945</ele><time>2022-06-18T08:32:29Z</time></trkpt><trkpt lat="36.77428568816402" lon="139.1093661773301"><ele>1401.5770589970052</ele><time>2022-06-18T08:32:58Z</time></trkpt><trkpt lat="36.77426811222652" lon="139.10914241874963"><ele>1394.4771437803283</ele><time>2022-06-18T08:33:15Z</time></trkpt><trkpt lat="36.77408477285844" lon="139.10914643412323"><ele>1391.3214154178277</ele><time>2022-06-18T08:33:33Z</time></trkpt><trkpt lat="36.77407834254969" lon="139.10890521412557"><ele>1386.9053037539124</ele><time>2022-06-18T08:34:04Z</time></trkpt><trkpt lat="36.77407393011253" lon="139.10865099677426"><ele>1379.0219852831215</ele><time>2022-06-18T08:34:17Z</time></trkpt><trkpt lat="36.773948532108314" lon="139.10845785307095"><ele>1375.1500555891544</ele><time>2022-06-18T08:34:30Z</time></trkpt><trkpt lat="36.77381777341466" lon="139.10827709599678"><ele>1375.9574905689806</ele><time>2022-06-18T08:34:38Z</time></trkpt><trkpt lat="36.77368967659625" lon="139.10810082410111"><ele>1376.4631475694478</ele><time>2022-06-18T08:34:50Z</time></trkpt><trkpt lat="36.77355862750923" lon="139.1079268686445"><ele>1379.5142185539007</ele><time>2022-06-18T08:35:07Z</time></trkpt><trkpt lat="36.773435460989795" lon="139.10775409695216"><ele>1377.3057642010972</ele><time>2022-06-18T08:35:23Z</time></trkpt><trkpt lat="36.77327338187359" lon="139.107645377019"><ele>1377.644521003589</ele><time>2022-06-18T08:35:38Z</time></trkpt><trkpt lat="36.77316172314309" lon="139.10745934903255"><ele>1381.780246318318</ele><time>2022-06-18T08:36:31Z</time></trkpt><trkpt lat="36.77304001614744" lon="139.1072846691447"><ele>1386.6413973178715</ele><time>2022-06-18T08:37:00Z</time></trkpt><trkpt lat="36.77292839981294" lon="139.10707872340004"><ele>1386.5640101600438</ele><time>2022-06-18T08:37:21Z</time></trkpt><trkpt lat="36.77279188472653" lon="139.10691229842803"><ele>1389.1493712272495</ele><time>2022-06-18T08:37:41Z</time></trkpt><trkpt lat="36.77268231450135" lon="139.10673171858434"><ele>1384.2361998939887</ele><time>2022-06-18T08:38:01Z</time></trkpt><trkpt lat="36.77259181300797" lon="139.1065379501646"><ele>1382.904942679219</ele><time>2022-06-18T08:38:18Z</time></trkpt><trkpt lat="36.772535435613584" lon="139.1063217388928"><ele>1379.8473781384528</ele><time>2022-06-18T08:38:53Z</time></trkpt><trkpt lat="36.77240066241364" lon="139.10617141411217"><ele>1377.1355476314202</ele><time>2022-06-18T08:40:20Z</time></trkpt><trkpt lat="36.77220395313405" lon="139.10614514232998"><ele>1378.7553504295647</ele><time>2022-06-18T08:40:36Z</time></trkpt><trkpt lat="36.77201696496847" lon="139.1061473205947"><ele>1381.0087861903012</ele><time>2022-06-18T08:40:51Z</time></trkpt><trkpt lat="36.771838564130206" lon="139.10610043692444"><ele>1383.3001120695844</ele><time>2022-06-18T08:41:16Z</time></trkpt><trkpt lat="36.7716578249441" lon="139.10608082412915"><ele>1391.0675868345425</ele><time>2022-06-18T08:41:43Z</time></trkpt><trkpt lat="36.77146622559681" lon="139.1060566981847"><ele>1389.9165335278958</ele><time>2022-06-18T08:42:00Z</time></trkpt><trkpt lat="36.77129451772679" lon="139.10597013091615"><ele>1388.1265219850466</ele><time>2022-06-18T08:42:16Z</time></trkpt><trkpt lat="36.7711587040304" lon="139.10582110087867"><ele>1387.1472901618108</ele><time>2022-06-18T08:42:30Z</time></trkpt><trkpt lat="36.77105888094169" lon="139.10561800662904"><ele>1387.626503883861</ele><time>2022-06-18T08:43:03Z</time></trkpt><trkpt lat="36.770947655207884" lon="139.10542100131676"><ele>1385.5687587885186</ele><time>2022-06-18T08:43:16Z</time></trkpt><trkpt lat="36.77084312049338" lon="139.10523490117524"><ele>1384.0185504797846</ele><time>2022-06-18T08:43:28Z</time></trkpt><trkpt lat="36.77073661299821" lon="139.10504317482682"><ele>1379.9317294517532</ele><time>2022-06-18T08:43:39Z</time></trkpt><trkpt lat="36.77063885902382" lon="139.1048433319297"><ele>1373.1962932497263</ele><time>2022-06-18T08:43:57Z</time></trkpt><trkpt lat="36.770472062600746" lon="139.10473546929552"><ele>1372.7969039520249</ele><time>2022-06-18T08:44:08Z</time></trkpt><trkpt lat="36.77031244308419" lon="139.10461641625244"><ele>1368.7292342949659</ele><time>2022-06-18T08:44:22Z</time></trkpt><trkpt lat="36.77015342112493" lon="139.10447801413335"><ele>1367.7055039815605</ele><time>2022-06-18T08:44:36Z</time></trkpt><trkpt lat="36.770011749863535" lon="139.10432761803435"><ele>1367.0857815798372</ele><time>2022-06-18T08:44:55Z</time></trkpt><trkpt lat="36.769885198161816" lon="139.1041558918181"><ele>1368.2744773859158</ele><time>2022-06-18T08:45:09Z</time></trkpt><trkpt lat="36.76973140466404" lon="139.1040147678254"><ele>1365.481926231645</ele><time>2022-06-18T08:45:22Z</time></trkpt><trkpt lat="36.76959222885724" lon="139.1038715180178"><ele>1361.9421803774312</ele><time>2022-06-18T08:45:37Z</time></trkpt><trkpt lat="36.76944430016845" lon="139.10373478946173"><ele>1362.7084305463359</ele><time>2022-06-18T08:45:51Z</time></trkpt><trkpt lat="36.76929169982787" lon="139.10359001036903"><ele>1366.5045095821843</ele><time>2022-06-18T08:46:10Z</time></trkpt><trkpt lat="36.76913886100965" lon="139.10344817660362"><ele>1365.5844823978841</ele><time>2022-06-18T08:46:41Z</time></trkpt><trkpt lat="36.76899341621702" lon="139.10329723734043"><ele>1365.1799571011215</ele><time>2022-06-18T08:46:56Z</time></trkpt><trkpt lat="36.76888249147139" lon="139.10309198213574"><ele>1364.3469283180311</ele><time>2022-06-18T08:47:13Z</time></trkpt><trkpt lat="36.768736966018345" lon="139.1029356763806"><ele>1365.7532299729064</ele><time>2022-06-18T08:47:29Z</time></trkpt><trkpt lat="36.768620849074985" lon="139.1027432047151"><ele>1368.5734528331086</ele><time>2022-06-18T08:47:46Z</time></trkpt><trkpt lat="36.76853822946849" lon="139.10253491367567"><ele>1372.2375931870192</ele><time>2022-06-18T08:47:58Z</time></trkpt><trkpt lat="36.76843468679193" lon="139.1023344639522"><ele>1376.687812300399</ele><time>2022-06-18T08:48:12Z</time></trkpt><trkpt lat="36.768365226888314" lon="139.10211860928487"><ele>1376.489277540706</ele><time>2022-06-18T08:48:26Z</time></trkpt><trkpt lat="36.7682668031517" lon="139.1019178676321"><ele>1375.483852699399</ele><time>2022-06-18T08:48:41Z</time></trkpt><trkpt lat="36.76817820116999" lon="139.1017181513452"><ele>1378.0577554078773</ele><time>2022-06-18T08:48:56Z</time></trkpt><trkpt lat="36.768068898258456" lon="139.10151670291535"><ele>1377.76470477134</ele><time>2022-06-18T08:49:10Z</time></trkpt><trkpt lat="36.7679173015145" lon="139.1013946968326"><ele>1379.9150617746636</ele><time>2022-06-18T08:49:31Z</time></trkpt><trkpt lat="36.76777016636241" lon="139.1012612541309"><ele>1374.9142396608368</ele><time>2022-06-18T08:49:52Z</time></trkpt><trkpt lat="36.76761598098443" lon="139.10112107903305"><ele>1377.6932571027428</ele><time>2022-06-18T08:50:32Z</time></trkpt><trkpt lat="36.76742725500711" lon="139.1011175858308"><ele>1376.524648109451</ele><time>2022-06-18T08:50:50Z</time></trkpt><trkpt lat="36.76722947087733" lon="139.10112032056625"><ele>1367.5635472498834</ele><time>2022-06-18T08:51:04Z</time></trkpt><trkpt lat="36.76704010370681" lon="139.10109812805234"><ele>1363.883549968712</ele><time>2022-06-18T08:51:17Z</time></trkpt><trkpt lat="36.76684482022032" lon="139.10105771888163"><ele>1358.6882339902222</ele><time>2022-06-18T08:51:33Z</time></trkpt><trkpt lat="36.76666319927113" lon="139.1010196648293"><ele>1352.7570066023618</ele><time>2022-06-18T08:51:45Z</time></trkpt><trkpt lat="36.76648243165678" lon="139.10109091568665"><ele>1347.1580269485712</ele><time>2022-06-18T08:52:02Z</time></trkpt><trkpt lat="36.766298259687446" lon="139.10107006695026"><ele>1344.1022467808798</ele><time>2022-06-18T08:52:12Z</time></trkpt><trkpt lat="36.76611791700743" lon="139.10113368415287"><ele>1340.834968472831</ele><time>2022-06-18T08:52:28Z</time></trkpt><trkpt lat="36.76592683105261" lon="139.10110810816715"><ele>1341.557056502439</ele><time>2022-06-18T08:52:46Z</time></trkpt><trkpt lat="36.76573719541405" lon="139.10109028942165"><ele>1336.796537220478</ele><time>2022-06-18T08:53:06Z</time></trkpt><trkpt lat="36.76555212653459" lon="139.10102794415914"><ele>1335.1404950479046</ele><time>2022-06-18T08:53:20Z</time></trkpt><trkpt lat="36.765360686954814" lon="139.10101972868475"><ele>1333.443860729225</ele><time>2022-06-18T08:53:33Z</time></trkpt><trkpt lat="36.76517103289719" lon="139.1010365768491"><ele>1332.228022790514</ele><time>2022-06-18T08:53:45Z</time></trkpt><trkpt lat="36.764990959098874" lon="139.1011028046959"><ele>1327.9353078855202</ele><time>2022-06-18T08:54:01Z</time></trkpt><trkpt lat="36.76481250244585" lon="139.10113537112883"><ele>1326.7719043157995</ele><time>2022-06-18T08:54:14Z</time></trkpt><trkpt lat="36.76462633043562" lon="139.1011503627605"><ele>1322.615029381588</ele><time>2022-06-18T08:54:30Z</time></trkpt><trkpt lat="36.76443198862424" lon="139.10113502912782"><ele>1320.1640384346247</ele><time>2022-06-18T08:55:00Z</time></trkpt><trkpt lat="36.764249491906206" lon="139.1011352464202"><ele>1316.7536213463172</ele><time>2022-06-18T08:55:30Z</time></trkpt><trkpt lat="36.764086273183295" lon="139.10116240245972"><ele>1314.5574410613626</ele><time>2022-06-18T08:55:44Z</time></trkpt><trkpt lat="36.763928173622844" lon="139.10128054974314"><ele>1313.116920363158</ele><time>2022-06-18T08:56:00Z</time></trkpt><trkpt lat="36.7637514157314" lon="139.10133404444454"><ele>1311.4681683275849</ele><time>2022-06-18T08:56:19Z</time></trkpt><trkpt lat="36.76356177603967" lon="139.1013850596261"><ele>1309.3938767677173</ele><time>2022-06-18T08:56:41Z</time></trkpt><trkpt lat="36.76342215684886" lon="139.10154334683318"><ele>1309.854856185615</ele><time>2022-06-18T08:56:56Z</time></trkpt><trkpt lat="36.76325100224296" lon="139.10161420047731"><ele>1306.6615676013753</ele><time>2022-06-18T08:57:11Z</time></trkpt><trkpt lat="36.76306074305814" lon="139.10172544656825"><ele>1299.8046759320423</ele><time>2022-06-18T08:57:23Z</time></trkpt><trkpt lat="36.762880280375086" lon="139.10182269324744"><ele>1298.5951255373657</ele><time>2022-06-18T08:57:37Z</time></trkpt><trkpt lat="36.76269417177169" lon="139.1018938685754"><ele>1292.784491338767</ele><time>2022-06-18T08:57:46Z</time></trkpt><trkpt lat="36.762504888694906" lon="139.10194745641576"><ele>1289.0943348202854</ele><time>2022-06-18T08:57:59Z</time></trkpt><trkpt lat="36.76231084216302" lon="139.10193285394743"><ele>1287.7609948785976</ele><time>2022-06-18T08:58:10Z</time></trkpt><trkpt lat="36.762114548308595" lon="139.10193122743362"><ele>1287.4006686126813</ele><time>2022-06-18T08:58:24Z</time></trkpt><trkpt lat="36.76215609833209" lon="139.10215950796282"><ele>1285.0747334817424</ele><time>2022-06-18T08:58:47Z</time></trkpt><trkpt lat="36.762312648746516" lon="139.10230724956787"><ele>1279.8403074331582</ele><time>2022-06-18T08:59:00Z</time></trkpt><trkpt lat="36.76211745967754" lon="139.10228589739327"><ele>1277.9150489093736</ele><time>2022-06-18T08:59:19Z</time></trkpt><trkpt lat="36.7619307011389" lon="139.1022589601661"><ele>1274.333540290594</ele><time>2022-06-18T08:59:33Z</time></trkpt><trkpt lat="36.761751541288014" lon="139.1023250845404"><ele>1273.3258623974398</ele><time>2022-06-18T08:59:48Z</time></trkpt><trkpt lat="36.761929065463" lon="139.10240352762608"><ele>1268.8623212082312</ele><time>2022-06-18T09:00:05Z</time></trkpt><trkpt lat="36.76208746477114" lon="139.10251050226415"><ele>1266.365908655338</ele><time>2022-06-18T09:00:21Z</time></trkpt><trkpt lat="36.761905303603385" lon="139.1025548728266"><ele>1262.8170572016388</ele><time>2022-06-18T09:00:39Z</time></trkpt><trkpt lat="36.76172387269726" lon="139.10255875074867"><ele>1260.9347230065614</ele><time>2022-06-18T09:00:55Z</time></trkpt><trkpt lat="36.76153588163261" lon="139.10256023110216"><ele>1257.8796078348532</ele><time>2022-06-18T09:01:14Z</time></trkpt><trkpt lat="36.76134605210541" lon="139.10256805008555"><ele>1254.213678047061</ele><time>2022-06-18T09:01:31Z</time></trkpt><trkpt lat="36.76151806772712" lon="139.10266926909404"><ele>1251.7716366210952</ele><time>2022-06-18T09:01:50Z</time></trkpt><trkpt lat="36.76167384472157" lon="139.10280087895725"><ele>1250.3681679554284</ele><time>2022-06-18T09:02:09Z</time></trkpt><trkpt lat="36.76148711448183" lon="139.10285052244316"><ele>1244.943507024087</ele><time>2022-06-18T09:02:39Z</time></trkpt><trkpt lat="36.761303038141364" lon="139.1028240617463"><ele>1244.6755397804081</ele><time>2022-06-18T09:02:56Z</time></trkpt><trkpt lat="36.76141579913372" lon="139.10300102842268"><ele>1237.908461666666</ele><time>2022-06-18T09:03:38Z</time></trkpt><trkpt lat="36.761569567093396" lon="139.1031369349426"><ele>1235.7365417564288</ele><time>2022-06-18T09:03:58Z</time></trkpt><trkpt lat="36.76141764812639" lon="139.103266027142"><ele>1232.3999167745933</ele><time>2022-06-18T09:04:14Z</time></trkpt><trkpt lat="36.76160304686296" lon="139.10321282406227"><ele>1229.5038788253441</ele><time>2022-06-18T09:04:30Z</time></trkpt><trkpt lat="36.76143600065357" lon="139.10332802489387"><ele>1225.886631829664</ele><time>2022-06-18T09:04:49Z</time></trkpt><trkpt lat="36.761257363960894" lon="139.10337767357274"><ele>1222.1426697205752</ele><time>2022-06-18T09:05:09Z</time></trkpt><trkpt lat="36.761071094595515" lon="139.10340971088382"><ele>1220.3925422225147</ele><time>2022-06-18T09:05:25Z</time></trkpt><trkpt lat="36.76087970347937" lon="139.103381618957"><ele>1218.5697409864515</ele><time>2022-06-18T09:05:43Z</time></trkpt><trkpt lat="36.76070078280662" lon="139.10331816515983"><ele>1214.2642143350095</ele><time>2022-06-18T09:06:02Z</time></trkpt><trkpt lat="36.76054111049302" lon="139.10319590422728"><ele>1210.959880368784</ele><time>2022-06-18T09:06:20Z</time></trkpt><trkpt lat="36.76036285114613" lon="139.10324266007206"><ele>1206.3882849365473</ele><time>2022-06-18T09:06:39Z</time></trkpt><trkpt lat="36.76017721253082" lon="139.10324970936048"><ele>1198.7303178403527</ele><time>2022-06-18T09:06:59Z</time></trkpt><trkpt lat="36.76005198710744" lon="139.10342078977018"><ele>1199.9884630562738</ele><time>2022-06-18T09:07:14Z</time></trkpt><trkpt lat="36.75993986404001" lon="139.1036059629717"><ele>1199.5825882470235</ele><time>2022-06-18T09:07:34Z</time></trkpt><trkpt lat="36.75976394281252" lon="139.10352053803283"><ele>1195.5019519925117</ele><time>2022-06-18T09:07:58Z</time></trkpt><trkpt lat="36.75958662119036" lon="139.10357130711137"><ele>1194.2216445617378</ele><time>2022-06-18T09:08:14Z</time></trkpt><trkpt lat="36.75944408407953" lon="139.1037106743505"><ele>1195.5599937168881</ele><time>2022-06-18T09:08:27Z</time></trkpt><trkpt lat="36.759292644401846" lon="139.10384148422744"><ele>1193.288294984959</ele><time>2022-06-18T09:08:39Z</time></trkpt><trkpt lat="36.759110472218566" lon="139.103894953534"><ele>1195.8556197611615</ele><time>2022-06-18T09:08:53Z</time></trkpt><trkpt lat="36.75892754069021" lon="139.10395616817976"><ele>1190.6217806395143</ele><time>2022-06-18T09:09:07Z</time></trkpt><trkpt lat="36.75877562430134" lon="139.1038205787727"><ele>1187.9181206598878</ele><time>2022-06-18T09:09:21Z</time></trkpt><trkpt lat="36.758588596287666" lon="139.103864226834"><ele>1189.0251845419407</ele><time>2022-06-18T09:09:42Z</time></trkpt><trkpt lat="36.75841563376116" lon="139.10377343919328"><ele>1177.5421666251495</ele><time>2022-06-18T09:10:01Z</time></trkpt><trkpt lat="36.75822824554459" lon="139.10376211699548"><ele>1175.9014710523188</ele><time>2022-06-18T09:10:15Z</time></trkpt><trkpt lat="36.75807591112872" lon="139.1039093205745"><ele>1176.7192084761336</ele><time>2022-06-18T09:10:31Z</time></trkpt><trkpt lat="36.7581505125674" lon="139.10412271627177"><ele>1173.5358231635764</ele><time>2022-06-18T09:10:47Z</time></trkpt><trkpt lat="36.75832287404448" lon="139.10420617664647"><ele>1172.4167184429243</ele><time>2022-06-18T09:11:01Z</time></trkpt><trkpt lat="36.75847439339335" lon="139.1043368889913"><ele>1169.4123414810747</ele><time>2022-06-18T09:11:16Z</time></trkpt><trkpt lat="36.758618680805846" lon="139.1045005862798"><ele>1166.8186775399372</ele><time>2022-06-18T09:11:30Z</time></trkpt><trkpt lat="36.75872680707261" lon="139.10468632071255"><ele>1167.1975433034822</ele><time>2022-06-18T09:11:43Z</time></trkpt><trkpt lat="36.75880705528099" lon="139.1048878345953"><ele>1164.4922794979066</ele><time>2022-06-18T09:11:57Z</time></trkpt><trkpt lat="36.75891042533715" lon="139.10509078462815"><ele>1161.6947966134176</ele><time>2022-06-18T09:12:11Z</time></trkpt><trkpt lat="36.75895643387924" lon="139.1053182995683"><ele>1159.850367593579</ele><time>2022-06-18T09:12:25Z</time></trkpt><trkpt lat="36.759078171910666" lon="139.1054989807982"><ele>1159.011165565811</ele><time>2022-06-18T09:12:41Z</time></trkpt><trkpt lat="36.759237706113154" lon="139.10562545205937"><ele>1157.8188232211396</ele><time>2022-06-18T09:12:54Z</time></trkpt><trkpt lat="36.75941193213384" lon="139.10571003589357"><ele>1152.0087963081896</ele><time>2022-06-18T09:13:11Z</time></trkpt><trkpt lat="36.759594511919154" lon="139.10576022835116"><ele>1147.8511380869895</ele><time>2022-06-18T09:13:25Z</time></trkpt><trkpt lat="36.75976896155298" lon="139.10585112487468"><ele>1149.8656665002927</ele><time>2022-06-18T09:13:39Z</time></trkpt><trkpt lat="36.7599474708684" lon="139.10589889630182"><ele>1143.5568562923</ele><time>2022-06-18T09:13:53Z</time></trkpt><trkpt lat="36.76013028271747" lon="139.1059299184225"><ele>1138.7540379567072</ele><time>2022-06-18T09:14:06Z</time></trkpt><trkpt lat="36.760266209114775" lon="139.10609420768023"><ele>1136.2298254817724</ele><time>2022-06-18T09:14:22Z</time></trkpt><trkpt lat="36.76028605414167" lon="139.10631962011934"><ele>1134.054382223636</ele><time>2022-06-18T09:14:46Z</time></trkpt><trkpt lat="36.76023701207311" lon="139.106351989719"><ele>1131.5111477971077</ele><time>2022-06-18T09:15:02Z</time></trkpt></trkseg></trk></gpx>