<?xml version='1.0' encoding='UTF-8'?><gpx creator="YAMAP - https://yamap.com" xsi:schemaLocation="http://www.topografix.com/GPX/1/1 http://www.topografix.com/GPX/1/1/gpx.xsd" version="1.1" xmlns="http://www.topografix.com/GPX/1/1" xmlns:xsi="http://www.w3.org/2001/XMLSchema-instance"><metadata><bounds maxlat="35.78955780432466" maxlon="137.89173041719408" minlat="35.71905126125285" minlon="137.80304209370038"/></metadata><trk><name>ヨナ沢の頭・空木岳・東川岳・熊沢岳・大滝山・檜尾岳・濁沢大峰・島田娘・宝剣岳・中岳・木曽駒ヶ岳...</name><number>1</number><trkseg><trkpt lat="35.74207590092735" lon="137.891671894237"><ele>856.4430463388562</ele><time>2023-11-10T20:25:36Z</time></trkpt><trkpt lat="35.74192347196345" lon="137.89154748491157"><ele>858.6424153307453</ele><time>2023-11-10T20:25:51Z</time></trkpt><trkpt lat="35.74189281185904" lon="137.89132805392882"><ele>860.6218087058514</ele><time>2023-11-10T20:26:07Z</time></trkpt><trkpt lat="35.74187122136279" lon="137.8911061526217"><ele>860.7915829978883</ele><time>2023-11-10T20:26:25Z</time></trkpt><trkpt lat="35.74169071548564" lon="137.89119709078074"><ele>862.3262422354892</ele><time>2023-11-10T20:26:41Z</time></trkpt><trkpt lat="35.74150623926924" lon="137.8912419656599"><ele>866.6576885320246</ele><time>2023-11-10T20:26:56Z</time></trkpt><trkpt lat="35.74131551511693" lon="137.89125243171503"><ele>865.9782692501321</ele><time>2023-11-10T20:27:11Z</time></trkpt><trkpt lat="35.741134483653056" lon="137.89122423031154"><ele>866.1933215362951</ele><time>2023-11-10T20:27:26Z</time></trkpt><trkpt lat="35.741104619965895" lon="137.89099920191495"><ele>865.1925341151655</ele><time>2023-11-10T20:27:38Z</time></trkpt><trkpt lat="35.741162411421605" lon="137.89078393468805"><ele>865.9112228285521</ele><time>2023-11-10T20:27:51Z</time></trkpt><trkpt lat="35.74127257252224" lon="137.8906007377765"><ele>869.156950129196</ele><time>2023-11-10T20:28:03Z</time></trkpt><trkpt lat="35.741389983263815" lon="137.8904179784837"><ele>872.2378369383514</ele><time>2023-11-10T20:28:16Z</time></trkpt><trkpt lat="35.74148508644469" lon="137.89022963423548"><ele>876.9402949316427</ele><time>2023-11-10T20:28:30Z</time></trkpt><trkpt lat="35.74159340613839" lon="137.89005215158647"><ele>876.3012327793986</ele><time>2023-11-10T20:28:44Z</time></trkpt><trkpt lat="35.74146260615861" lon="137.88989554845853"><ele>876.9188148891553</ele><time>2023-11-10T20:29:00Z</time></trkpt><trkpt lat="35.74127518352299" lon="137.88987510922433"><ele>881.8689645947888</ele><time>2023-11-10T20:29:14Z</time></trkpt><trkpt lat="35.74108919383251" lon="137.8899224061959"><ele>882.7011470235884</ele><time>2023-11-10T20:29:29Z</time></trkpt><trkpt lat="35.740912127990356" lon="137.88996442530052"><ele>883.2704719183967</ele><time>2023-11-10T20:29:43Z</time></trkpt><trkpt lat="35.74072596738178" lon="137.8899408627186"><ele>888.2553803473711</ele><time>2023-11-10T20:29:57Z</time></trkpt><trkpt lat="35.74053980457809" lon="137.88993779467853"><ele>892.1491956338286</ele><time>2023-11-10T20:30:11Z</time></trkpt><trkpt lat="35.74035149569773" lon="137.8899958531019"><ele>894.7398859160021</ele><time>2023-11-10T20:30:27Z</time></trkpt><trkpt lat="35.74015809837852" lon="137.88997876942815"><ele>897.6376006677747</ele><time>2023-11-10T20:30:44Z</time></trkpt><trkpt lat="35.73997696545148" lon="137.88994188166342"><ele>898.1947400020435</ele><time>2023-11-10T20:30:59Z</time></trkpt><trkpt lat="35.73979634414627" lon="137.89000099483528"><ele>900.4873094568029</ele><time>2023-11-10T20:31:17Z</time></trkpt><trkpt lat="35.73971181088263" lon="137.8902029973311"><ele>900.3425843818113</ele><time>2023-11-10T20:31:31Z</time></trkpt><trkpt lat="35.73960456701081" lon="137.89039414257093"><ele>902.3165349494666</ele><time>2023-11-10T20:31:47Z</time></trkpt><trkpt lat="35.73945519197487" lon="137.89052330728407"><ele>903.5559946252033</ele><time>2023-11-10T20:31:59Z</time></trkpt><trkpt lat="35.73929701434921" lon="137.89063457647538"><ele>904.4564224770293</ele><time>2023-11-10T20:32:13Z</time></trkpt><trkpt lat="35.73911120552097" lon="137.89069655525606"><ele>905.7774732317775</ele><time>2023-11-10T20:32:27Z</time></trkpt><trkpt lat="35.73892674571036" lon="137.89071864967437"><ele>907.2477961722761</ele><time>2023-11-10T20:32:42Z</time></trkpt><trkpt lat="35.739034987783526" lon="137.89052490337593"><ele>910.7714872108772</ele><time>2023-11-10T20:33:14Z</time></trkpt><trkpt lat="35.73902771457361" lon="137.89029254111415"><ele>916.3785541215912</ele><time>2023-11-10T20:33:34Z</time></trkpt><trkpt lat="35.73901734050388" lon="137.8900611622654"><ele>918.4237510077655</ele><time>2023-11-10T20:33:53Z</time></trkpt><trkpt lat="35.73900053872776" lon="137.88982839581908"><ele>919.3234591158107</ele><time>2023-11-10T20:34:13Z</time></trkpt><trkpt lat="35.73897570907024" lon="137.88960801348446"><ele>916.4948684629053</ele><time>2023-11-10T20:34:58Z</time></trkpt><trkpt lat="35.73898292530122" lon="137.88938526551428"><ele>918.7009461643174</ele><time>2023-11-10T20:35:21Z</time></trkpt><trkpt lat="35.73898790002026" lon="137.88915665388834"><ele>919.9773258557543</ele><time>2023-11-10T20:35:38Z</time></trkpt><trkpt lat="35.73894477199956" lon="137.88893260619014"><ele>921.0111202737316</ele><time>2023-11-10T20:35:56Z</time></trkpt><trkpt lat="35.73877134231807" lon="137.88886410407258"><ele>925.0757905757055</ele><time>2023-11-10T20:36:27Z</time></trkpt><trkpt lat="35.738668898216254" lon="137.88867547377717"><ele>932.2172895427793</ele><time>2023-11-10T20:36:55Z</time></trkpt><trkpt lat="35.73861404527154" lon="137.88846320915897"><ele>941.4917248766869</ele><time>2023-11-10T20:37:13Z</time></trkpt><trkpt lat="35.738622368406496" lon="137.88824211136767"><ele>946.9962796084583</ele><time>2023-11-10T20:37:30Z</time></trkpt><trkpt lat="35.738584009023405" lon="137.88802030194844"><ele>952.8794536404312</ele><time>2023-11-10T20:38:06Z</time></trkpt><trkpt lat="35.73843309073797" lon="137.88789782238263"><ele>954.9305606698617</ele><time>2023-11-10T20:38:25Z</time></trkpt><trkpt lat="35.73827078085099" lon="137.88776508220465"><ele>959.8682997273281</ele><time>2023-11-10T20:38:48Z</time></trkpt><trkpt lat="35.73818110804137" lon="137.88756972065508"><ele>969.7206636695191</ele><time>2023-11-10T20:39:19Z</time></trkpt><trkpt lat="35.73805079588583" lon="137.88741440701432"><ele>976.6858446840197</ele><time>2023-11-10T20:39:49Z</time></trkpt><trkpt lat="35.73793144518956" lon="137.88724381365714"><ele>980.4093015557155</ele><time>2023-11-10T20:40:19Z</time></trkpt><trkpt lat="35.73774872935734" lon="137.88718435725463"><ele>984.0212002005428</ele><time>2023-11-10T20:40:43Z</time></trkpt><trkpt lat="35.737648062231074" lon="137.88699623543945"><ele>987.6520675085485</ele><time>2023-11-10T20:41:13Z</time></trkpt><trkpt lat="35.73754081347627" lon="137.886812560275"><ele>994.3172285240144</ele><time>2023-11-10T20:45:19Z</time></trkpt><trkpt lat="35.73744676377264" lon="137.88661367499853"><ele>1003.9457616303116</ele><time>2023-11-10T20:45:46Z</time></trkpt><trkpt lat="35.737297639936536" lon="137.88648156963527"><ele>1006.6119443001226</ele><time>2023-11-10T20:46:13Z</time></trkpt><trkpt lat="35.73733017244757" lon="137.88625806325257"><ele>1011.0929437428713</ele><time>2023-11-10T20:46:49Z</time></trkpt><trkpt lat="35.73717167813596" lon="137.88615068366343"><ele>1014.6210489692166</ele><time>2023-11-10T20:47:26Z</time></trkpt><trkpt lat="35.73716292001696" lon="137.88590528754412"><ele>1018.1664713006467</ele><time>2023-11-10T20:47:42Z</time></trkpt><trkpt lat="35.737346635928866" lon="137.88583715305202"><ele>1022.7001454494894</ele><time>2023-11-10T20:48:03Z</time></trkpt><trkpt lat="35.737543342660565" lon="137.8858543262068"><ele>1023.6421510353684</ele><time>2023-11-10T20:48:26Z</time></trkpt><trkpt lat="35.73765202419307" lon="137.88566800660584"><ele>1024.4860769985244</ele><time>2023-11-10T20:48:44Z</time></trkpt><trkpt lat="35.73764891025319" lon="137.88544457415486"><ele>1021.7721379809082</ele><time>2023-11-10T20:49:05Z</time></trkpt><trkpt lat="35.737679474008715" lon="137.88520521943406"><ele>1024.9159101266414</ele><time>2023-11-10T20:49:22Z</time></trkpt><trkpt lat="35.73748871427475" lon="137.88523808310302"><ele>1030.959719568491</ele><time>2023-11-10T20:49:41Z</time></trkpt><trkpt lat="35.73752836048421" lon="137.88501399487603"><ele>1045.8569749137387</ele><time>2023-11-10T20:50:15Z</time></trkpt><trkpt lat="35.737336072490535" lon="137.88496847201003"><ele>1048.3667204696685</ele><time>2023-11-10T20:50:37Z</time></trkpt><trkpt lat="35.73717504333157" lon="137.88508616735825"><ele>1052.1587465377524</ele><time>2023-11-10T20:50:52Z</time></trkpt><trkpt lat="35.736990435255464" lon="137.885084164058"><ele>1054.9929601969197</ele><time>2023-11-10T20:51:11Z</time></trkpt><trkpt lat="35.737178849195566" lon="137.88503081669853"><ele>1057.856435063295</ele><time>2023-11-10T20:51:32Z</time></trkpt><trkpt lat="35.73699516057016" lon="137.8849921515051"><ele>1060.2119877412915</ele><time>2023-11-10T20:51:47Z</time></trkpt><trkpt lat="35.736803787908286" lon="137.88490715734858"><ele>1067.4229720737785</ele><time>2023-11-10T20:52:12Z</time></trkpt><trkpt lat="35.736710370902436" lon="137.884709176152"><ele>1069.6661175396293</ele><time>2023-11-10T20:52:28Z</time></trkpt><trkpt lat="35.73654009304566" lon="137.8846041175249"><ele>1077.2415969204158</ele><time>2023-11-10T20:53:01Z</time></trkpt><trkpt lat="35.73656188024013" lon="137.88482486103345"><ele>1076.9458330543712</ele><time>2023-11-10T20:53:13Z</time></trkpt><trkpt lat="35.73639383083821" lon="137.88490728038823"><ele>1076.1829218212515</ele><time>2023-11-10T20:53:39Z</time></trkpt><trkpt lat="35.736229497227846" lon="137.88507811046324"><ele>1088.810873507522</ele><time>2023-11-10T20:54:17Z</time></trkpt><trkpt lat="35.73622705581687" lon="137.88484896151095"><ele>1090.8461640728638</ele><time>2023-11-10T20:55:57Z</time></trkpt><trkpt lat="35.7363106345495" lon="137.8846376202245"><ele>1091.6788684669882</ele><time>2023-11-10T20:56:15Z</time></trkpt><trkpt lat="35.736239086735566" lon="137.88441757803082"><ele>1095.6056185998023</ele><time>2023-11-10T20:56:34Z</time></trkpt><trkpt lat="35.73622594795477" lon="137.88418661804533"><ele>1100.4419684996828</ele><time>2023-11-10T20:56:52Z</time></trkpt><trkpt lat="35.73629368294658" lon="137.88397274525428"><ele>1121.5095469495282</ele><time>2023-11-10T20:57:36Z</time></trkpt><trkpt lat="35.736122952960315" lon="137.88389238655654"><ele>1129.9742876524106</ele><time>2023-11-10T20:58:53Z</time></trkpt><trkpt lat="35.735942904645" lon="137.88390286596135"><ele>1135.03964404203</ele><time>2023-11-10T20:59:22Z</time></trkpt><trkpt lat="35.73596014945577" lon="137.88367791936"><ele>1147.8910610219464</ele><time>2023-11-10T21:00:19Z</time></trkpt><trkpt lat="35.73610673021359" lon="137.88354742842898"><ele>1151.1257176641375</ele><time>2023-11-10T21:00:40Z</time></trkpt><trkpt lat="35.735933122041146" lon="137.88364713704078"><ele>1152.5905060386285</ele><time>2023-11-10T21:00:56Z</time></trkpt><trkpt lat="35.735744214962985" lon="137.88371036690458"><ele>1156.3587611280382</ele><time>2023-11-10T21:01:17Z</time></trkpt><trkpt lat="35.735555201354" lon="137.88370286945175"><ele>1160.5507383663207</ele><time>2023-11-10T21:01:43Z</time></trkpt><trkpt lat="35.73544938571148" lon="137.88388460813624"><ele>1167.9113468406722</ele><time>2023-11-10T21:02:06Z</time></trkpt><trkpt lat="35.73525808956682" lon="137.88393811587554"><ele>1169.8911870084703</ele><time>2023-11-10T21:02:47Z</time></trkpt><trkpt lat="35.73508480406912" lon="137.88385548604728"><ele>1177.8973276279867</ele><time>2023-11-10T21:03:21Z</time></trkpt><trkpt lat="35.73493075864024" lon="137.88397985440318"><ele>1185.1802484728396</ele><time>2023-11-10T21:03:53Z</time></trkpt><trkpt lat="35.73478669773572" lon="137.8841302609322"><ele>1187.70728852693</ele><time>2023-11-10T21:04:23Z</time></trkpt><trkpt lat="35.734623094904244" lon="137.8840252397436"><ele>1190.7305015791208</ele><time>2023-11-10T21:04:54Z</time></trkpt><trkpt lat="35.734738537667106" lon="137.88384691614903"><ele>1192.091271479614</ele><time>2023-11-10T21:05:12Z</time></trkpt><trkpt lat="35.73481197951461" lon="137.8836437444471"><ele>1198.0174818132073</ele><time>2023-11-10T21:05:44Z</time></trkpt><trkpt lat="35.73491383404229" lon="137.88344967703932"><ele>1200.9673060523346</ele><time>2023-11-10T21:06:01Z</time></trkpt><trkpt lat="35.7349963351617" lon="137.88323965417624"><ele>1206.1010107602924</ele><time>2023-11-10T21:06:22Z</time></trkpt><trkpt lat="35.735041775939564" lon="137.88302096055034"><ele>1210.3007471589372</ele><time>2023-11-10T21:06:51Z</time></trkpt><trkpt lat="35.73515415787793" lon="137.88283301171893"><ele>1215.5248655136675</ele><time>2023-11-10T21:07:19Z</time></trkpt><trkpt lat="35.73522829548697" lon="137.88261432491308"><ele>1221.6950070979074</ele><time>2023-11-10T21:07:47Z</time></trkpt><trkpt lat="35.73532635479518" lon="137.8824241575789"><ele>1223.7574873771518</ele><time>2023-11-10T21:08:09Z</time></trkpt><trkpt lat="35.73544603714444" lon="137.88224694239722"><ele>1234.0968192014843</ele><time>2023-11-10T21:08:55Z</time></trkpt><trkpt lat="35.73558931848814" lon="137.8821072761609"><ele>1240.8754139412194</ele><time>2023-11-10T21:09:19Z</time></trkpt><trkpt lat="35.73572621908995" lon="137.88195111462375"><ele>1247.2230661455542</ele><time>2023-11-10T21:09:51Z</time></trkpt><trkpt lat="35.735899135675446" lon="137.88186215058565"><ele>1253.1111933588982</ele><time>2023-11-10T21:10:24Z</time></trkpt><trkpt lat="35.73589382544958" lon="137.88162617224697"><ele>1259.4467053115368</ele><time>2023-11-10T21:10:56Z</time></trkpt><trkpt lat="35.73603785225746" lon="137.88148780176024"><ele>1261.3535624267533</ele><time>2023-11-10T21:11:27Z</time></trkpt><trkpt lat="35.736099727442635" lon="137.881274939975"><ele>1264.079562225379</ele><time>2023-11-10T21:12:07Z</time></trkpt><trkpt lat="35.73614805736169" lon="137.88104889234324"><ele>1271.4652107320726</ele><time>2023-11-10T21:12:42Z</time></trkpt><trkpt lat="35.73623903455704" lon="137.8808478054337"><ele>1278.4907462364063</ele><time>2023-11-10T21:13:20Z</time></trkpt><trkpt lat="35.7363662301977" lon="137.880684823899"><ele>1285.2177978381515</ele><time>2023-11-10T21:13:34Z</time></trkpt><trkpt lat="35.73650212213872" lon="137.88052571935674"><ele>1292.9879762083292</ele><time>2023-11-10T21:13:56Z</time></trkpt><trkpt lat="35.73649508185863" lon="137.88030135435227"><ele>1304.1464785039425</ele><time>2023-11-10T21:14:30Z</time></trkpt><trkpt lat="35.73645336954381" lon="137.88007756094018"><ele>1313.935637182556</ele><time>2023-11-10T21:15:11Z</time></trkpt><trkpt lat="35.736421944495724" lon="137.8798459222635"><ele>1324.1715413238853</ele><time>2023-11-10T21:15:41Z</time></trkpt><trkpt lat="35.73646255424536" lon="137.87962107418335"><ele>1331.1813351083547</ele><time>2023-11-10T21:16:10Z</time></trkpt><trkpt lat="35.736525989170005" lon="137.87940642064058"><ele>1335.1409441810101</ele><time>2023-11-10T21:16:43Z</time></trkpt><trkpt lat="35.73660000638423" lon="137.87919585403182"><ele>1340.6366581656039</ele><time>2023-11-10T21:17:16Z</time></trkpt><trkpt lat="35.7366269620809" lon="137.87896364793363"><ele>1349.3760568061844</ele><time>2023-11-10T21:18:00Z</time></trkpt><trkpt lat="35.736679874171" lon="137.87873821248706"><ele>1357.5198921849951</ele><time>2023-11-10T21:18:37Z</time></trkpt><trkpt lat="35.73677656557032" lon="137.8785379115283"><ele>1363.1096027018502</ele><time>2023-11-10T21:19:11Z</time></trkpt><trkpt lat="35.73676009891054" lon="137.87831458484175"><ele>1367.6315142456442</ele><time>2023-11-10T21:19:53Z</time></trkpt><trkpt lat="35.73692510092816" lon="137.87820391046986"><ele>1371.8109448477626</ele><time>2023-11-10T21:20:12Z</time></trkpt><trkpt lat="35.736981806764526" lon="137.87799087172328"><ele>1370.851271088235</ele><time>2023-11-10T21:21:19Z</time></trkpt><trkpt lat="35.736798944894474" lon="137.87796942333722"><ele>1374.3694305261597</ele><time>2023-11-10T21:24:58Z</time></trkpt><trkpt lat="35.736657980864344" lon="137.87782907334932"><ele>1377.6992723457515</ele><time>2023-11-10T21:25:14Z</time></trkpt><trkpt lat="35.736546632687165" lon="137.87765406476947"><ele>1380.6688522873446</ele><time>2023-11-10T21:25:31Z</time></trkpt><trkpt lat="35.73650444042247" lon="137.87743483422187"><ele>1386.2232764437795</ele><time>2023-11-10T21:25:47Z</time></trkpt><trkpt lat="35.736354546792164" lon="137.8773120626837"><ele>1391.6690433751792</ele><time>2023-11-10T21:26:01Z</time></trkpt><trkpt lat="35.73619659362849" lon="137.87719851933394"><ele>1390.9806048125029</ele><time>2023-11-10T21:26:17Z</time></trkpt><trkpt lat="35.73607050247" lon="137.87703542390813"><ele>1388.2251106845215</ele><time>2023-11-10T21:26:34Z</time></trkpt><trkpt lat="35.73607275629612" lon="137.8768141319196"><ele>1390.0555497752503</ele><time>2023-11-10T21:26:49Z</time></trkpt><trkpt lat="35.73612124504852" lon="137.87657630361662"><ele>1394.3471346041188</ele><time>2023-11-10T21:27:07Z</time></trkpt><trkpt lat="35.7361024453136" lon="137.87635216914737"><ele>1394.7925905659795</ele><time>2023-11-10T21:27:24Z</time></trkpt><trkpt lat="35.736141300449184" lon="137.87612815986384"><ele>1398.4357883930206</ele><time>2023-11-10T21:27:38Z</time></trkpt><trkpt lat="35.736107627668375" lon="137.87590162032498"><ele>1403.7866196380928</ele><time>2023-11-10T21:27:54Z</time></trkpt><trkpt lat="35.73597618681074" lon="137.8757294430817"><ele>1403.679950626567</ele><time>2023-11-10T21:28:08Z</time></trkpt><trkpt lat="35.7358553238839" lon="137.87555633610066"><ele>1405.8651548447087</ele><time>2023-11-10T21:28:26Z</time></trkpt><trkpt lat="35.73569838837456" lon="137.8754337559279"><ele>1405.9025540025905</ele><time>2023-11-10T21:28:44Z</time></trkpt><trkpt lat="35.73569665237997" lon="137.8752074999487"><ele>1403.4272033367306</ele><time>2023-11-10T21:28:57Z</time></trkpt><trkpt lat="35.735552847078914" lon="137.87506702307002"><ele>1405.5467162486166</ele><time>2023-11-10T21:29:14Z</time></trkpt><trkpt lat="35.73542524656734" lon="137.87490479437955"><ele>1404.1492661871016</ele><time>2023-11-10T21:29:34Z</time></trkpt><trkpt lat="35.73561097560028" lon="137.87493313520525"><ele>1407.3305395692587</ele><time>2023-11-10T21:29:48Z</time></trkpt><trkpt lat="35.7357541405572" lon="137.87508264215384"><ele>1414.183666067198</ele><time>2023-11-10T21:30:01Z</time></trkpt><trkpt lat="35.735858121591946" lon="137.87526520153173"><ele>1420.7085823304951</ele><time>2023-11-10T21:30:18Z</time></trkpt><trkpt lat="35.735997657429856" lon="137.8754127458204"><ele>1418.3484377395362</ele><time>2023-11-10T21:30:39Z</time></trkpt><trkpt lat="35.73615142918745" lon="137.87557118831415"><ele>1422.7487005880103</ele><time>2023-11-10T21:30:53Z</time></trkpt><trkpt lat="35.73629071780147" lon="137.8757207744197"><ele>1423.892428426072</ele><time>2023-11-10T21:31:08Z</time></trkpt><trkpt lat="35.73641575455059" lon="137.87589953302432"><ele>1428.7071212651208</ele><time>2023-11-10T21:31:25Z</time></trkpt><trkpt lat="35.73637004137456" lon="137.87612001024888"><ele>1433.1316941240802</ele><time>2023-11-10T21:31:43Z</time></trkpt><trkpt lat="35.73644318205039" lon="137.8763333298294"><ele>1430.288823642768</ele><time>2023-11-10T21:31:58Z</time></trkpt><trkpt lat="35.736478679486915" lon="137.87656107800547"><ele>1430.4022554410622</ele><time>2023-11-10T21:32:13Z</time></trkpt><trkpt lat="35.736544364256204" lon="137.8767670484758"><ele>1431.6146806925535</ele><time>2023-11-10T21:32:28Z</time></trkpt><trkpt lat="35.736671433008645" lon="137.87692430200997"><ele>1433.5019088257104</ele><time>2023-11-10T21:32:46Z</time></trkpt><trkpt lat="35.736841970345374" lon="137.8770291050591"><ele>1435.744444636628</ele><time>2023-11-10T21:33:02Z</time></trkpt><trkpt lat="35.736841134722454" lon="137.87679682731417"><ele>1441.2977074915543</ele><time>2023-11-10T21:33:33Z</time></trkpt><trkpt lat="35.73685205420866" lon="137.87657175028343"><ele>1450.1073527522385</ele><time>2023-11-10T21:34:10Z</time></trkpt><trkpt lat="35.736859471327215" lon="137.87634697410013"><ele>1457.6068830201402</ele><time>2023-11-10T21:34:37Z</time></trkpt><trkpt lat="35.73692735418759" lon="137.87613960074768"><ele>1463.6211479725316</ele><time>2023-11-10T21:35:04Z</time></trkpt><trkpt lat="35.73704068364397" lon="137.8759662168156"><ele>1469.9597247457132</ele><time>2023-11-10T21:35:31Z</time></trkpt><trkpt lat="35.737006682805294" lon="137.8757480732319"><ele>1480.6239185519516</ele><time>2023-11-10T21:36:02Z</time></trkpt><trkpt lat="35.7370201739662" lon="137.87551206181936"><ele>1485.4773926250637</ele><time>2023-11-10T21:36:24Z</time></trkpt><trkpt lat="35.7370938867095" lon="137.87530241643913"><ele>1490.713494360447</ele><time>2023-11-10T21:37:00Z</time></trkpt><trkpt lat="35.7372165984666" lon="137.8751401359721"><ele>1497.9605435524136</ele><time>2023-11-10T21:37:26Z</time></trkpt><trkpt lat="35.73733733392189" lon="137.87497250448575"><ele>1505.9662216277793</ele><time>2023-11-10T21:37:46Z</time></trkpt><trkpt lat="35.737491178587426" lon="137.87485502271335"><ele>1515.940480795689</ele><time>2023-11-10T21:38:14Z</time></trkpt><trkpt lat="35.73762935742496" lon="137.874688925485"><ele>1516.509645504877</ele><time>2023-11-10T21:38:31Z</time></trkpt><trkpt lat="35.73753907383275" lon="137.8744833608129"><ele>1521.704836039804</ele><time>2023-11-10T21:38:55Z</time></trkpt><trkpt lat="35.73747790757839" lon="137.874266230076"><ele>1526.4006423093379</ele><time>2023-11-10T21:39:12Z</time></trkpt><trkpt lat="35.737395321484904" lon="137.87406476791992"><ele>1530.6835176693276</ele><time>2023-11-10T21:39:38Z</time></trkpt><trkpt lat="35.73730117185784" lon="137.87386798175015"><ele>1534.6311183739454</ele><time>2023-11-10T21:40:00Z</time></trkpt><trkpt lat="35.737180241047156" lon="137.87370380644404"><ele>1540.3035589801148</ele><time>2023-11-10T21:40:29Z</time></trkpt><trkpt lat="35.73714783432974" lon="137.87348221288497"><ele>1539.7151823164895</ele><time>2023-11-10T21:40:51Z</time></trkpt><trkpt lat="35.73719190662677" lon="137.87326487510717"><ele>1543.0051944153383</ele><time>2023-11-10T21:41:11Z</time></trkpt><trkpt lat="35.737219832579775" lon="137.87304636861722"><ele>1545.8545378055423</ele><time>2023-11-10T21:41:33Z</time></trkpt><trkpt lat="35.73719690087536" lon="137.87282334822154"><ele>1555.781022633426</ele><time>2023-11-10T21:42:00Z</time></trkpt><trkpt lat="35.73722456759411" lon="137.8725895813396"><ele>1560.9635054459795</ele><time>2023-11-10T21:42:21Z</time></trkpt><trkpt lat="35.737270573803585" lon="137.87237456641836"><ele>1563.3195771658793</ele><time>2023-11-10T21:42:38Z</time></trkpt><trkpt lat="35.73726101731538" lon="137.87215173012237"><ele>1566.5526139773428</ele><time>2023-11-10T21:43:36Z</time></trkpt><trkpt lat="35.73731524805592" lon="137.87192920391885"><ele>1570.6773632606491</ele><time>2023-11-10T21:44:02Z</time></trkpt><trkpt lat="35.73737031304972" lon="137.87170969563707"><ele>1572.688207326457</ele><time>2023-11-10T21:44:19Z</time></trkpt><trkpt lat="35.737405859561456" lon="137.87149135385124"><ele>1577.9086790122092</ele><time>2023-11-10T21:44:38Z</time></trkpt><trkpt lat="35.73745025586699" lon="137.8712587353983"><ele>1579.0410505542532</ele><time>2023-11-10T21:44:55Z</time></trkpt><trkpt lat="35.737526001765914" lon="137.87105644684493"><ele>1582.8270130865276</ele><time>2023-11-10T21:45:12Z</time></trkpt><trkpt lat="35.73752468982173" lon="137.87083076179502"><ele>1585.9356018127874</ele><time>2023-11-10T21:45:28Z</time></trkpt><trkpt lat="35.737579185899556" lon="137.8706135576737"><ele>1586.2885077036917</ele><time>2023-11-10T21:45:44Z</time></trkpt><trkpt lat="35.73768596981493" lon="137.87043426515186"><ele>1591.7156612696126</ele><time>2023-11-10T21:46:02Z</time></trkpt><trkpt lat="35.73780543903011" lon="137.8702650824888"><ele>1594.908781869337</ele><time>2023-11-10T21:46:22Z</time></trkpt><trkpt lat="35.73782774238335" lon="137.8700455919732"><ele>1597.0540824467316</ele><time>2023-11-10T21:46:33Z</time></trkpt><trkpt lat="35.737780064626925" lon="137.8698284892047"><ele>1599.7706555174664</ele><time>2023-11-10T21:46:47Z</time></trkpt><trkpt lat="35.73771640942157" lon="137.86961956137122"><ele>1602.158764526248</ele><time>2023-11-10T21:47:04Z</time></trkpt><trkpt lat="35.73767220761914" lon="137.8693951167961"><ele>1604.0512285875157</ele><time>2023-11-10T21:47:24Z</time></trkpt><trkpt lat="35.73769952016397" lon="137.86917034089475"><ele>1604.9970893664286</ele><time>2023-11-10T21:47:39Z</time></trkpt><trkpt lat="35.73770802484968" lon="137.86892768949758"><ele>1608.9277978455648</ele><time>2023-11-10T21:47:54Z</time></trkpt><trkpt lat="35.73765031315372" lon="137.86870646685725"><ele>1616.218235422857</ele><time>2023-11-10T21:48:15Z</time></trkpt><trkpt lat="35.73755696840732" lon="137.86850414888107"><ele>1621.4695653617382</ele><time>2023-11-10T21:48:29Z</time></trkpt><trkpt lat="35.73741155005639" lon="137.86835956368142"><ele>1623.2881792802364</ele><time>2023-11-10T21:48:46Z</time></trkpt><trkpt lat="35.73725648083238" lon="137.8682454943336"><ele>1624.8892019148916</ele><time>2023-11-10T21:49:03Z</time></trkpt><trkpt lat="35.73717161455969" lon="137.8680487711389"><ele>1627.3894583825022</ele><time>2023-11-10T21:49:24Z</time></trkpt><trkpt lat="35.737082038007536" lon="137.86785636318365"><ele>1632.1894807219505</ele><time>2023-11-10T21:49:39Z</time></trkpt><trkpt lat="35.73694020941662" lon="137.86770092324105"><ele>1637.9054882144555</ele><time>2023-11-10T21:49:56Z</time></trkpt><trkpt lat="35.73676392785163" lon="137.8677653503888"><ele>1636.9273934736848</ele><time>2023-11-10T21:50:13Z</time></trkpt><trkpt lat="35.736679995299184" lon="137.8675570551977"><ele>1634.6799299828708</ele><time>2023-11-10T21:50:32Z</time></trkpt><trkpt lat="35.73657923370107" lon="137.86736559142238"><ele>1638.7157029127702</ele><time>2023-11-10T21:50:46Z</time></trkpt><trkpt lat="35.73639757211026" lon="137.86732335537087"><ele>1642.0002703368664</ele><time>2023-11-10T21:51:09Z</time></trkpt><trkpt lat="35.736244222926075" lon="137.8671683433629"><ele>1640.504305632785</ele><time>2023-11-10T21:51:23Z</time></trkpt><trkpt lat="35.73619163735389" lon="137.8669538657171"><ele>1642.5255258642137</ele><time>2023-11-10T21:51:39Z</time></trkpt><trkpt lat="35.73617318336986" lon="137.86670714569286"><ele>1643.275975218974</ele><time>2023-11-10T21:51:54Z</time></trkpt><trkpt lat="35.73615447817027" lon="137.86648535198543"><ele>1644.1147474283352</ele><time>2023-11-10T21:52:07Z</time></trkpt><trkpt lat="35.73620017786835" lon="137.86625676187617"><ele>1650.629822670482</ele><time>2023-11-10T21:52:34Z</time></trkpt><trkpt lat="35.7361987622563" lon="137.86602932374035"><ele>1656.3006848674268</ele><time>2023-11-10T21:52:54Z</time></trkpt><trkpt lat="35.736189033115" lon="137.8657862049757"><ele>1659.5967014441267</ele><time>2023-11-10T21:53:12Z</time></trkpt><trkpt lat="35.73617061361438" lon="137.8655629138821"><ele>1662.8229901352897</ele><time>2023-11-10T21:53:34Z</time></trkpt><trkpt lat="35.736103940543856" lon="137.86533653122228"><ele>1664.8528866311535</ele><time>2023-11-10T21:53:55Z</time></trkpt><trkpt lat="35.73612152999751" lon="137.86510186092127"><ele>1667.4347434472293</ele><time>2023-11-10T21:54:13Z</time></trkpt><trkpt lat="35.736102593319686" lon="137.8648819907697"><ele>1673.550820195116</ele><time>2023-11-10T21:55:05Z</time></trkpt><trkpt lat="35.73606368930198" lon="137.8646636100109"><ele>1677.7361030103639</ele><time>2023-11-10T21:55:23Z</time></trkpt><trkpt lat="35.736011539213024" lon="137.86444772200585"><ele>1682.7227153340355</ele><time>2023-11-10T21:55:47Z</time></trkpt><trkpt lat="35.73593484305304" lon="137.8642378958265"><ele>1686.1707534594461</ele><time>2023-11-10T21:56:10Z</time></trkpt><trkpt lat="35.735794612286334" lon="137.86407671854832"><ele>1690.361316068098</ele><time>2023-11-10T21:56:32Z</time></trkpt><trkpt lat="35.73563237088356" lon="137.86396711802453"><ele>1698.066408016719</ele><time>2023-11-10T21:56:52Z</time></trkpt><trkpt lat="35.735449170239455" lon="137.8639492355538"><ele>1703.357391661033</ele><time>2023-11-10T21:57:11Z</time></trkpt><trkpt lat="35.73541848553763" lon="137.86372462370556"><ele>1709.2482851753011</ele><time>2023-11-10T21:58:04Z</time></trkpt><trkpt lat="35.735482951951546" lon="137.86350498939274"><ele>1712.7870415607467</ele><time>2023-11-10T21:58:27Z</time></trkpt><trkpt lat="35.73543277437545" lon="137.8632779159465"><ele>1716.164556980133</ele><time>2023-11-10T21:58:50Z</time></trkpt><trkpt lat="35.73524720426543" lon="137.863252374243"><ele>1726.5513350702822</ele><time>2023-11-10T21:59:08Z</time></trkpt><trkpt lat="35.73506617322604" lon="137.86331506042578"><ele>1734.6359331402928</ele><time>2023-11-10T21:59:37Z</time></trkpt><trkpt lat="35.73514808607678" lon="137.86311457461454"><ele>1740.1829135157168</ele><time>2023-11-10T22:00:35Z</time></trkpt><trkpt lat="35.735156862412865" lon="137.8628772024096"><ele>1745.4816550547257</ele><time>2023-11-10T22:01:12Z</time></trkpt><trkpt lat="35.73515275373284" lon="137.86265056149574"><ele>1748.223982224241</ele><time>2023-11-10T22:01:38Z</time></trkpt><trkpt lat="35.73520846650763" lon="137.86242260025173"><ele>1751.9040008122101</ele><time>2023-11-10T22:02:01Z</time></trkpt><trkpt lat="35.73526987516051" lon="137.86221137004256"><ele>1750.5872934162617</ele><time>2023-11-10T22:02:17Z</time></trkpt><trkpt lat="35.73530596847885" lon="137.86198798057794"><ele>1752.3594582900405</ele><time>2023-11-10T22:02:39Z</time></trkpt><trkpt lat="35.735369437197136" lon="137.86176617544436"><ele>1755.703005257994</ele><time>2023-11-10T22:03:03Z</time></trkpt><trkpt lat="35.735267173675126" lon="137.86156770461702"><ele>1760.701226211153</ele><time>2023-11-10T22:03:31Z</time></trkpt><trkpt lat="35.73508676091791" lon="137.86155876231774"><ele>1768.737629036419</ele><time>2023-11-10T22:04:40Z</time></trkpt><trkpt lat="35.734938169563875" lon="137.86170150369426"><ele>1774.5679643619806</ele><time>2023-11-10T22:05:13Z</time></trkpt><trkpt lat="35.734800580760485" lon="137.86187271933602"><ele>1779.9841762697324</ele><time>2023-11-10T22:05:37Z</time></trkpt><trkpt lat="35.73462997954037" lon="137.86196633734227"><ele>1783.7586504956707</ele><time>2023-11-10T22:05:56Z</time></trkpt><trkpt lat="35.734450389947945" lon="137.86192862846303"><ele>1792.8083165278658</ele><time>2023-11-10T22:07:01Z</time></trkpt><trkpt lat="35.73430320153671" lon="137.8617983611955"><ele>1808.652478407137</ele><time>2023-11-10T22:08:07Z</time></trkpt><trkpt lat="35.734166624374986" lon="137.86195065874634"><ele>1815.0657601244748</ele><time>2023-11-10T22:08:26Z</time></trkpt><trkpt lat="35.734148539375184" lon="137.8621856100476"><ele>1814.1319537991658</ele><time>2023-11-10T22:08:41Z</time></trkpt><trkpt lat="35.73409288862403" lon="137.86197439030894"><ele>1817.9625839814544</ele><time>2023-11-10T22:09:33Z</time></trkpt><trkpt lat="35.73410533191835" lon="137.86174545321032"><ele>1827.965209338814</ele><time>2023-11-10T22:10:08Z</time></trkpt><trkpt lat="35.73410619543165" lon="137.86152063539222"><ele>1830.3404288226739</ele><time>2023-11-10T22:10:38Z</time></trkpt><trkpt lat="35.73392603146807" lon="137.8615586485042"><ele>1837.7063187742606</ele><time>2023-11-10T22:11:10Z</time></trkpt><trkpt lat="35.7337561779391" lon="137.86168259734416"><ele>1842.1135578723624</ele><time>2023-11-10T22:11:30Z</time></trkpt><trkpt lat="35.73365263408101" lon="137.8618714686532"><ele>1848.9992179926485</ele><time>2023-11-10T22:11:48Z</time></trkpt><trkpt lat="35.733572796977775" lon="137.86207267734096"><ele>1850.1755833486095</ele><time>2023-11-10T22:12:15Z</time></trkpt><trkpt lat="35.733638709084794" lon="137.86186652964193"><ele>1850.3224719678983</ele><time>2023-11-10T22:12:40Z</time></trkpt><trkpt lat="35.73372903408682" lon="137.86166943388235"><ele>1854.623953637667</ele><time>2023-11-10T22:13:08Z</time></trkpt><trkpt lat="35.73374815651212" lon="137.86144423007218"><ele>1852.437154806219</ele><time>2023-11-10T22:13:24Z</time></trkpt><trkpt lat="35.73371918312012" lon="137.86122227345527"><ele>1853.4205259028822</ele><time>2023-11-10T22:13:42Z</time></trkpt><trkpt lat="35.733630471496355" lon="137.8610295069973"><ele>1858.816596429795</ele><time>2023-11-10T22:14:09Z</time></trkpt><trkpt lat="35.73356225952801" lon="137.86082075852315"><ele>1868.479289743118</ele><time>2023-11-10T22:14:46Z</time></trkpt><trkpt lat="35.733380508695106" lon="137.86085645602637"><ele>1875.7521138163283</ele><time>2023-11-10T22:15:13Z</time></trkpt><trkpt lat="35.7333418050021" lon="137.86109573398124"><ele>1879.6112989755347</ele><time>2023-11-10T22:15:39Z</time></trkpt><trkpt lat="35.73318801937453" lon="137.86094979416714"><ele>1884.0064808940515</ele><time>2023-11-10T22:16:32Z</time></trkpt><trkpt lat="35.733069326646735" lon="137.86076763593948"><ele>1888.9448689995334</ele><time>2023-11-10T22:16:55Z</time></trkpt><trkpt lat="35.73294224303846" lon="137.86060102617344"><ele>1893.83375850413</ele><time>2023-11-10T22:17:18Z</time></trkpt><trkpt lat="35.732783921077996" lon="137.86047993012173"><ele>1899.0075961053371</ele><time>2023-11-10T22:17:43Z</time></trkpt><trkpt lat="35.73259597832564" lon="137.86049970637453"><ele>1904.0777629790828</ele><time>2023-11-10T22:18:18Z</time></trkpt><trkpt lat="35.73242048281045" lon="137.86057724517772"><ele>1910.6713996613398</ele><time>2023-11-10T22:18:49Z</time></trkpt><trkpt lat="35.732257091384575" lon="137.86067420365657"><ele>1913.4677776340395</ele><time>2023-11-10T22:19:11Z</time></trkpt><trkpt lat="35.732070935288924" lon="137.8606391853676"><ele>1916.058214216493</ele><time>2023-11-10T22:19:32Z</time></trkpt><trkpt lat="35.731885828012786" lon="137.86056820564886"><ele>1918.6809856081381</ele><time>2023-11-10T22:19:53Z</time></trkpt><trkpt lat="35.73171278700656" lon="137.86048161674853"><ele>1922.8585355468094</ele><time>2023-11-10T22:20:10Z</time></trkpt><trkpt lat="35.731571241099445" lon="137.8603390346805"><ele>1921.5787378139794</ele><time>2023-11-10T22:20:26Z</time></trkpt><trkpt lat="35.73143200146668" lon="137.8601749809699"><ele>1918.189585018903</ele><time>2023-11-10T22:20:42Z</time></trkpt><trkpt lat="35.731269076876934" lon="137.86006044133038"><ele>1919.5001471536234</ele><time>2023-11-10T22:21:04Z</time></trkpt><trkpt lat="35.731139827588294" lon="137.8598992481226"><ele>1925.8570906128734</ele><time>2023-11-10T22:21:25Z</time></trkpt><trkpt lat="35.730993863400904" lon="137.8597680395083"><ele>1925.772304543294</ele><time>2023-11-10T22:21:47Z</time></trkpt><trkpt lat="35.73083733386396" lon="137.85964943118742"><ele>1926.150067760609</ele><time>2023-11-10T22:22:09Z</time></trkpt><trkpt lat="35.73066162013813" lon="137.8595610500794"><ele>1930.2472453285009</ele><time>2023-11-10T22:22:31Z</time></trkpt><trkpt lat="35.73048179782641" lon="137.85953545706946"><ele>1934.1287444876507</ele><time>2023-11-10T22:22:48Z</time></trkpt><trkpt lat="35.7303136100225" lon="137.85944170065153"><ele>1935.488461674191</ele><time>2023-11-10T22:23:08Z</time></trkpt><trkpt lat="35.73026894454061" lon="137.85921678400138"><ele>1933.212936380878</ele><time>2023-11-10T22:23:29Z</time></trkpt><trkpt lat="35.73017575416852" lon="137.8590220540779"><ele>1934.9398665139452</ele><time>2023-11-10T22:23:46Z</time></trkpt><trkpt lat="35.730002472458885" lon="137.8589596592442"><ele>1936.1261111525819</ele><time>2023-11-10T22:24:56Z</time></trkpt><trkpt lat="35.73017698174774" lon="137.8590446106649"><ele>1935.5377967767417</ele><time>2023-11-10T22:28:48Z</time></trkpt><trkpt lat="35.73003932328764" lon="137.8588879480751"><ele>1936.3842649329454</ele><time>2023-11-10T22:33:03Z</time></trkpt><trkpt lat="35.72989388659461" lon="137.85874538221384"><ele>1938.9270668150857</ele><time>2023-11-10T22:35:32Z</time></trkpt><trkpt lat="35.72971486072444" lon="137.85866633577817"><ele>1949.2413352802396</ele><time>2023-11-10T22:36:32Z</time></trkpt><trkpt lat="35.7296181999115" lon="137.8584721783156"><ele>1953.1744976164773</ele><time>2023-11-10T22:37:10Z</time></trkpt><trkpt lat="35.72959240330939" lon="137.8582517937524"><ele>1952.9604860059917</ele><time>2023-11-10T22:37:31Z</time></trkpt><trkpt lat="35.729451724102226" lon="137.85810399554242"><ele>1956.406512990594</ele><time>2023-11-10T22:37:52Z</time></trkpt><trkpt lat="35.72936993786577" lon="137.85789509900795"><ele>1961.0112030366436</ele><time>2023-11-10T22:38:13Z</time></trkpt><trkpt lat="35.72919513340481" lon="137.8578157777147"><ele>1969.535501117818</ele><time>2023-11-10T22:38:48Z</time></trkpt><trkpt lat="35.72904796765505" lon="137.85767820094242"><ele>1973.3947851331905</ele><time>2023-11-10T22:39:17Z</time></trkpt><trkpt lat="35.72887406465365" lon="137.8576196892363"><ele>1978.982042139396</ele><time>2023-11-10T22:39:34Z</time></trkpt><trkpt lat="35.72871646337565" lon="137.8574761009489"><ele>1982.3865787871182</ele><time>2023-11-10T22:40:02Z</time></trkpt><trkpt lat="35.728555163437115" lon="137.8573474509138"><ele>1986.616329873912</ele><time>2023-11-10T22:40:29Z</time></trkpt><trkpt lat="35.728589934322436" lon="137.85710899576557"><ele>1988.9568668454885</ele><time>2023-11-10T22:40:57Z</time></trkpt><trkpt lat="35.7285988710874" lon="137.85688331471798"><ele>1995.3086429061368</ele><time>2023-11-10T22:41:23Z</time></trkpt><trkpt lat="35.728622704792436" lon="137.85665338594345"><ele>2002.2008800636977</ele><time>2023-11-10T22:41:56Z</time></trkpt><trkpt lat="35.72855007624602" lon="137.8564478042967"><ele>2009.3818328622729</ele><time>2023-11-10T22:42:28Z</time></trkpt><trkpt lat="35.728564119879316" lon="137.85622045349436"><ele>2014.975167626515</ele><time>2023-11-10T22:43:15Z</time></trkpt><trkpt lat="35.72848418128222" lon="137.85602063985252"><ele>2019.4122078232467</ele><time>2023-11-10T22:43:40Z</time></trkpt><trkpt lat="35.72843759199076" lon="137.85580255286283"><ele>2020.78530745022</ele><time>2023-11-10T22:44:06Z</time></trkpt><trkpt lat="35.7284325706392" lon="137.85556433227185"><ele>2023.8708660993725</ele><time>2023-11-10T22:44:29Z</time></trkpt><trkpt lat="35.72839570882404" lon="137.85533395560094"><ele>2026.5163798676804</ele><time>2023-11-10T22:44:54Z</time></trkpt><trkpt lat="35.72840157480492" lon="137.85506343270646"><ele>2032.9668758111075</ele><time>2023-11-10T22:45:24Z</time></trkpt><trkpt lat="35.72830753494471" lon="137.85487352086878"><ele>2047.808626556769</ele><time>2023-11-10T22:45:52Z</time></trkpt><trkpt lat="35.728214921458296" lon="137.85467125002464"><ele>2052.4784186184406</ele><time>2023-11-10T22:46:21Z</time></trkpt><trkpt lat="35.72814777836669" lon="137.85446012096713"><ele>2051.807540992275</ele><time>2023-11-10T22:46:50Z</time></trkpt><trkpt lat="35.72824745627012" lon="137.8542474232802"><ele>2056.3743654619902</ele><time>2023-11-10T22:47:29Z</time></trkpt><trkpt lat="35.72827216575371" lon="137.85398881084524"><ele>2059.7530349977314</ele><time>2023-11-10T22:47:47Z</time></trkpt><trkpt lat="35.728335786738995" lon="137.85377017359554"><ele>2063.9527536351234</ele><time>2023-11-10T22:48:11Z</time></trkpt><trkpt lat="35.728287168660465" lon="137.8535330606448"><ele>2068.062694181688</ele><time>2023-11-10T22:48:29Z</time></trkpt><trkpt lat="35.72813935353683" lon="137.85338365856003"><ele>2066.669924202375</ele><time>2023-11-10T22:48:53Z</time></trkpt><trkpt lat="35.728114180517814" lon="137.8531358327072"><ele>2070.5524185160175</ele><time>2023-11-10T22:49:24Z</time></trkpt><trkpt lat="35.72802636231183" lon="137.85293602445338"><ele>2069.8895407458767</ele><time>2023-11-10T22:49:40Z</time></trkpt><trkpt lat="35.72794968408635" lon="137.85271748626172"><ele>2069.567432578653</ele><time>2023-11-10T22:49:59Z</time></trkpt><trkpt lat="35.72796901101666" lon="137.85247711508003"><ele>2065.4498934997246</ele><time>2023-11-10T22:50:19Z</time></trkpt><trkpt lat="35.728130151128596" lon="137.852373826411"><ele>2064.825196758844</ele><time>2023-11-10T22:50:41Z</time></trkpt><trkpt lat="35.728230007693696" lon="137.8521748291786"><ele>2063.7124924929813</ele><time>2023-11-10T22:51:00Z</time></trkpt><trkpt lat="35.72834747783765" lon="137.85199216534"><ele>2057.8324143355712</ele><time>2023-11-10T22:51:19Z</time></trkpt><trkpt lat="35.728364472096374" lon="137.85174141359894"><ele>2049.9496574196965</ele><time>2023-11-10T22:51:50Z</time></trkpt><trkpt lat="35.72833067080337" lon="137.85151426117466"><ele>2052.09534722846</ele><time>2023-11-10T22:52:30Z</time></trkpt><trkpt lat="35.728330552320045" lon="137.8512927962145"><ele>2058.9528013141826</ele><time>2023-11-10T22:53:03Z</time></trkpt><trkpt lat="35.72828304645994" lon="137.85107892126263"><ele>2067.187732852064</ele><time>2023-11-10T22:53:47Z</time></trkpt><trkpt lat="35.728376861754334" lon="137.8508784461053"><ele>2071.3526026103646</ele><time>2023-11-10T22:54:11Z</time></trkpt><trkpt lat="35.72831838625135" lon="137.85065545545197"><ele>2080.368957960978</ele><time>2023-11-10T22:55:21Z</time></trkpt><trkpt lat="35.72842598400331" lon="137.8504628223858"><ele>2092.3122220663354</ele><time>2023-11-10T22:56:26Z</time></trkpt><trkpt lat="35.72847215694727" lon="137.85023417476538"><ele>2101.121038939804</ele><time>2023-11-10T22:57:19Z</time></trkpt><trkpt lat="35.72849585654229" lon="137.8500135052244"><ele>2110.447848977521</ele><time>2023-11-10T22:58:16Z</time></trkpt><trkpt lat="35.728388201805885" lon="137.84982589379334"><ele>2121.4317224258557</ele><time>2023-11-10T22:58:47Z</time></trkpt><trkpt lat="35.728371992317705" lon="137.84959912152772"><ele>2131.8135193232447</ele><time>2023-11-10T22:59:39Z</time></trkpt><trkpt lat="35.72835277751001" lon="137.8493767897798"><ele>2140.7536460934207</ele><time>2023-11-10T23:00:18Z</time></trkpt><trkpt lat="35.72832111076217" lon="137.84915601124248"><ele>2145.2464517205954</ele><time>2023-11-10T23:01:06Z</time></trkpt><trkpt lat="35.72825832727968" lon="137.84893445480085"><ele>2147.079368975945</ele><time>2023-11-10T23:01:38Z</time></trkpt><trkpt lat="35.728234992871634" lon="137.84871224744288"><ele>2160.178994528018</ele><time>2023-11-10T23:02:24Z</time></trkpt><trkpt lat="35.72814656914068" lon="137.84851052197547"><ele>2171.419504992664</ele><time>2023-11-10T23:03:40Z</time></trkpt><trkpt lat="35.72805289789398" lon="137.84831541718506"><ele>2184.476966947317</ele><time>2023-11-10T23:04:37Z</time></trkpt><trkpt lat="35.727954957864085" lon="137.84811820343313"><ele>2187.149451933801</ele><time>2023-11-10T23:05:15Z</time></trkpt><trkpt lat="35.72797464839083" lon="137.8478932017933"><ele>2179.392237512395</ele><time>2023-11-10T23:06:24Z</time></trkpt><trkpt lat="35.72788470664973" lon="137.84769566260056"><ele>2184.1854284135625</ele><time>2023-11-10T23:07:07Z</time></trkpt><trkpt lat="35.72777592016978" lon="137.84751746947956"><ele>2188.2139129731804</ele><time>2023-11-10T23:07:42Z</time></trkpt><trkpt lat="35.72775867067761" lon="137.84729196023426"><ele>2187.7712840680033</ele><time>2023-11-10T23:08:09Z</time></trkpt><trkpt lat="35.72774441523794" lon="137.8470684532188"><ele>2196.844414336607</ele><time>2023-11-10T23:10:25Z</time></trkpt><trkpt lat="35.727715893868925" lon="137.84684692232457"><ele>2202.1443933611736</ele><time>2023-11-10T23:11:15Z</time></trkpt><trkpt lat="35.7276779809748" lon="137.84662914445897"><ele>2205.7392855994403</ele><time>2023-11-10T23:12:08Z</time></trkpt><trkpt lat="35.727626743547376" lon="137.8464069218551"><ele>2205.305911364034</ele><time>2023-11-10T23:12:31Z</time></trkpt><trkpt lat="35.72744062484364" lon="137.84643187678648"><ele>2213.5952774677426</ele><time>2023-11-10T23:12:59Z</time></trkpt><trkpt lat="35.72724589291083" lon="137.84644287948768"><ele>2222.3359161419794</ele><time>2023-11-10T23:13:21Z</time></trkpt><trkpt lat="35.7270353790451" lon="137.84638159678022"><ele>2228.548307415098</ele><time>2023-11-10T23:13:46Z</time></trkpt><trkpt lat="35.726903563128644" lon="137.84653887330117"><ele>2224.397232439369</ele><time>2023-11-10T23:14:18Z</time></trkpt><trkpt lat="35.7267306608158" lon="137.84641379396874"><ele>2223.976897421293</ele><time>2023-11-10T23:14:51Z</time></trkpt><trkpt lat="35.726558209361784" lon="137.846498476942"><ele>2217.2285637492314</ele><time>2023-11-10T23:15:23Z</time></trkpt><trkpt lat="35.72637175018753" lon="137.84648485029948"><ele>2219.3810761580244</ele><time>2023-11-10T23:15:53Z</time></trkpt><trkpt lat="35.72618740062285" lon="137.84647284943273"><ele>2221.503769424744</ele><time>2023-11-10T23:16:25Z</time></trkpt><trkpt lat="35.72621195707502" lon="137.84623914736528"><ele>2219.272379346192</ele><time>2023-11-10T23:16:59Z</time></trkpt><trkpt lat="35.72619876285433" lon="137.84601347162356"><ele>2221.3406081115827</ele><time>2023-11-10T23:17:32Z</time></trkpt><trkpt lat="35.72618484767519" lon="137.84577087910665"><ele>2220.999724721536</ele><time>2023-11-10T23:17:59Z</time></trkpt><trkpt lat="35.72611673118133" lon="137.8455642345076"><ele>2220.126138664782</ele><time>2023-11-10T23:18:23Z</time></trkpt><trkpt lat="35.72629444431356" lon="137.8454920725305"><ele>2221.362745685503</ele><time>2023-11-10T23:18:53Z</time></trkpt><trkpt lat="35.72640897108969" lon="137.84531863803932"><ele>2233.5261290883645</ele><time>2023-11-10T23:19:51Z</time></trkpt><trkpt lat="35.72640907824144" lon="137.8450967841467"><ele>2234.9152504326776</ele><time>2023-11-10T23:20:13Z</time></trkpt><trkpt lat="35.72660372156461" lon="137.84508431961476"><ele>2244.440462664701</ele><time>2023-11-10T23:21:04Z</time></trkpt><trkpt lat="35.72643632203893" lon="137.844981002316"><ele>2245.565056560561</ele><time>2023-11-10T23:21:11Z</time></trkpt><trkpt lat="35.726367008410584" lon="137.84476528508097"><ele>2244.364974378608</ele><time>2023-11-10T23:21:53Z</time></trkpt><trkpt lat="35.72638831850839" lon="137.84454044458073"><ele>2242.4074955461547</ele><time>2023-11-10T23:22:26Z</time></trkpt><trkpt lat="35.726521270567076" lon="137.84435602954656"><ele>2250.123421653174</ele><time>2023-11-10T23:23:15Z</time></trkpt><trkpt lat="35.72643422641567" lon="137.8441582473806"><ele>2261.011798571795</ele><time>2023-11-10T23:23:56Z</time></trkpt><trkpt lat="35.72629715168457" lon="137.84399892186667"><ele>2265.1364755555987</ele><time>2023-11-10T23:24:40Z</time></trkpt><trkpt lat="35.72616294717474" lon="137.84383297086526"><ele>2265.3793029747903</ele><time>2023-11-10T23:25:13Z</time></trkpt><trkpt lat="35.72629404920556" lon="137.84367992220012"><ele>2270.8906224928796</ele><time>2023-11-10T23:26:50Z</time></trkpt><trkpt lat="35.72645500259422" lon="137.84357820986307"><ele>2279.5521009843796</ele><time>2023-11-10T23:27:41Z</time></trkpt><trkpt lat="35.72662179908047" lon="137.8434930365574"><ele>2286.2500029467046</ele><time>2023-11-10T23:28:08Z</time></trkpt><trkpt lat="35.72679596029392" lon="137.84341328127022"><ele>2297.313694302924</ele><time>2023-11-10T23:28:54Z</time></trkpt><trkpt lat="35.726852385052005" lon="137.84318932681657"><ele>2301.3902953946963</ele><time>2023-11-10T23:29:26Z</time></trkpt><trkpt lat="35.7269212001469" lon="137.8429742990316"><ele>2309.092460822314</ele><time>2023-11-10T23:30:13Z</time></trkpt><trkpt lat="35.726993924028505" lon="137.84276392445207"><ele>2310.083862929605</ele><time>2023-11-10T23:30:51Z</time></trkpt><trkpt lat="35.72694006746795" lon="137.8425399014518"><ele>2317.2694827560335</ele><time>2023-11-10T23:31:17Z</time></trkpt><trkpt lat="35.726933773663355" lon="137.84229241932775"><ele>2321.997769049369</ele><time>2023-11-10T23:31:50Z</time></trkpt><trkpt lat="35.72682481282673" lon="137.8420980011933"><ele>2320.3506455905735</ele><time>2023-11-10T23:32:27Z</time></trkpt><trkpt lat="35.726873379946035" lon="137.84188302065195"><ele>2323.9152861256152</ele><time>2023-11-10T23:32:59Z</time></trkpt><trkpt lat="35.727048690769365" lon="137.8418291302979"><ele>2331.803665536456</ele><time>2023-11-10T23:33:48Z</time></trkpt><trkpt lat="35.72700228476425" lon="137.8416061338012"><ele>2330.5364322755486</ele><time>2023-11-10T23:41:22Z</time></trkpt><trkpt lat="35.726904451149075" lon="137.84141473165693"><ele>2333.4931257190183</ele><time>2023-11-10T23:41:43Z</time></trkpt><trkpt lat="35.72678625873341" lon="137.8412357677017"><ele>2338.2214713031426</ele><time>2023-11-10T23:42:01Z</time></trkpt><trkpt lat="35.726684783866695" lon="137.84105022258797"><ele>2341.476800612174</ele><time>2023-11-10T23:42:20Z</time></trkpt><trkpt lat="35.726571548810234" lon="137.84085867204672"><ele>2343.0481432797387</ele><time>2023-11-10T23:42:43Z</time></trkpt><trkpt lat="35.72644813128442" lon="137.84067321326197"><ele>2349.193607458845</ele><time>2023-11-10T23:43:09Z</time></trkpt><trkpt lat="35.726387041675494" lon="137.84044618806678"><ele>2355.669870942831</ele><time>2023-11-10T23:43:39Z</time></trkpt><trkpt lat="35.72634394606334" lon="137.84022665113042"><ele>2362.355989336036</ele><time>2023-11-10T23:44:01Z</time></trkpt><trkpt lat="35.726286000857584" lon="137.84001650087"><ele>2358.3379339603707</ele><time>2023-11-10T23:44:20Z</time></trkpt><trkpt lat="35.72625056747016" lon="137.83979964997837"><ele>2360.794371990487</ele><time>2023-11-10T23:44:41Z</time></trkpt><trkpt lat="35.72620858731124" lon="137.83957598905695"><ele>2362.195195827633</ele><time>2023-11-10T23:45:07Z</time></trkpt><trkpt lat="35.72612652088093" lon="137.83935262471172"><ele>2362.284473874606</ele><time>2023-11-10T23:45:25Z</time></trkpt><trkpt lat="35.72609900741682" lon="137.83912275945804"><ele>2364.86487404909</ele><time>2023-11-10T23:45:48Z</time></trkpt><trkpt lat="35.72607974344928" lon="137.8389003719773"><ele>2371.1971582071856</ele><time>2023-11-10T23:46:16Z</time></trkpt><trkpt lat="35.726048348732554" lon="137.8386797114091"><ele>2377.3642139602453</ele><time>2023-11-10T23:46:58Z</time></trkpt><trkpt lat="35.72600149350758" lon="137.83846401267525"><ele>2380.3072911854833</ele><time>2023-11-10T23:47:27Z</time></trkpt><trkpt lat="35.725869321935605" lon="137.8383033411141"><ele>2384.6441285340115</ele><time>2023-11-10T23:47:50Z</time></trkpt><trkpt lat="35.72582686945367" lon="137.83808298821188"><ele>2386.849985687062</ele><time>2023-11-10T23:48:16Z</time></trkpt><trkpt lat="35.725864454400906" lon="137.83785350677968"><ele>2394.453585587442</ele><time>2023-11-10T23:49:04Z</time></trkpt><trkpt lat="35.725883918538024" lon="137.8376307737262"><ele>2402.5773428278044</ele><time>2023-11-10T23:49:57Z</time></trkpt><trkpt lat="35.7258712391959" lon="137.8373939825886"><ele>2408.431730436161</ele><time>2023-11-10T23:50:45Z</time></trkpt><trkpt lat="35.72594007468724" lon="137.83717833337883"><ele>2409.605617218651</ele><time>2023-11-10T23:51:10Z</time></trkpt><trkpt lat="35.72583472137634" lon="137.83699869761512"><ele>2409.4531800011173</ele><time>2023-11-10T23:51:41Z</time></trkpt><trkpt lat="35.7256793780831" lon="137.8368693693525"><ele>2411.506299685687</ele><time>2023-11-10T23:52:12Z</time></trkpt><trkpt lat="35.7255684070885" lon="137.8366931159642"><ele>2416.17724215053</ele><time>2023-11-10T23:52:39Z</time></trkpt><trkpt lat="35.72546535255111" lon="137.83650259790159"><ele>2414.936229782179</ele><time>2023-11-10T23:53:17Z</time></trkpt><trkpt lat="35.72537415334352" lon="137.83630242900912"><ele>2418.4412078978494</ele><time>2023-11-10T23:53:42Z</time></trkpt><trkpt lat="35.7252435708243" lon="137.83614113546938"><ele>2421.4084384590387</ele><time>2023-11-10T23:54:11Z</time></trkpt><trkpt lat="35.72511101584562" lon="137.8359864171945"><ele>2422.4959767870605</ele><time>2023-11-10T23:54:35Z</time></trkpt><trkpt lat="35.72496641830458" lon="137.83583102034208"><ele>2425.069564663805</ele><time>2023-11-10T23:55:08Z</time></trkpt><trkpt lat="35.72486242345587" lon="137.83564443249043"><ele>2430.467650100589</ele><time>2023-11-10T23:55:39Z</time></trkpt><trkpt lat="35.724726117834855" lon="137.8354813234102"><ele>2439.6045701485127</ele><time>2023-11-10T23:56:27Z</time></trkpt><trkpt lat="35.72456326397345" lon="137.83536882580285"><ele>2444.3826035633683</ele><time>2023-11-10T23:57:10Z</time></trkpt><trkpt lat="35.724427220337624" lon="137.83522339479634"><ele>2449.6262448215857</ele><time>2023-11-10T23:58:09Z</time></trkpt><trkpt lat="35.72428900521344" lon="137.83507570635612"><ele>2457.103298072703</ele><time>2023-11-10T23:58:50Z</time></trkpt><trkpt lat="35.724143952991376" lon="137.8349424710469"><ele>2467.6732839467004</ele><time>2023-11-10T23:59:48Z</time></trkpt><trkpt lat="35.72409668336527" lon="137.83472727386274"><ele>2474.0176048614085</ele><time>2023-11-11T00:00:31Z</time></trkpt><trkpt lat="35.724053785708406" lon="137.83450967735502"><ele>2477.4349791957065</ele><time>2023-11-11T00:01:10Z</time></trkpt><trkpt lat="35.72395615814352" lon="137.8343087543512"><ele>2482.4307767963037</ele><time>2023-11-11T00:01:40Z</time></trkpt><trkpt lat="35.723895023150426" lon="137.8340992066512"><ele>2487.245568837039</ele><time>2023-11-11T00:02:18Z</time></trkpt><trkpt lat="35.72376590100479" lon="137.8339409090207"><ele>2489.967699693516</ele><time>2023-11-11T00:02:47Z</time></trkpt><trkpt lat="35.72360664602574" lon="137.8338338106939"><ele>2496.414456607774</ele><time>2023-11-11T00:03:28Z</time></trkpt><trkpt lat="35.72346645651564" lon="137.83368417406848"><ele>2501.8503989232704</ele><time>2023-11-11T00:04:05Z</time></trkpt><trkpt lat="35.723406407897016" lon="137.83347523943317"><ele>2508.1834728401154</ele><time>2023-11-11T00:05:06Z</time></trkpt><trkpt lat="35.72333630414591" lon="137.83326646599107"><ele>2510.542885426432</ele><time>2023-11-11T00:05:43Z</time></trkpt><trkpt lat="35.72325024935843" lon="137.833069015341"><ele>2517.111359023489</ele><time>2023-11-11T00:06:36Z</time></trkpt><trkpt lat="35.723241459871794" lon="137.83283502521118"><ele>2521.192283332348</ele><time>2023-11-11T00:07:16Z</time></trkpt><trkpt lat="35.72315219522702" lon="137.83264039318726"><ele>2528.628865012899</ele><time>2023-11-11T00:07:54Z</time></trkpt><trkpt lat="35.72305504949731" lon="137.83245422909098"><ele>2536.9577872101218</ele><time>2023-11-11T00:08:49Z</time></trkpt><trkpt lat="35.72298213107727" lon="137.83225103839493"><ele>2542.2770373672247</ele><time>2023-11-11T00:12:44Z</time></trkpt><trkpt lat="35.723047405079086" lon="137.8320388486491"><ele>2549.4644735548645</ele><time>2023-11-11T00:16:40Z</time></trkpt><trkpt lat="35.72306655461354" lon="137.83181373189754"><ele>2555.698104167357</ele><time>2023-11-11T00:17:20Z</time></trkpt><trkpt lat="35.72308144592541" lon="137.831590285304"><ele>2553.874407483265</ele><time>2023-11-11T00:18:01Z</time></trkpt><trkpt lat="35.723116787524035" lon="137.8313616426034"><ele>2552.438545830548</ele><time>2023-11-11T00:18:28Z</time></trkpt><trkpt lat="35.72317606762739" lon="137.8311463237917"><ele>2557.6062445212156</ele><time>2023-11-11T00:19:00Z</time></trkpt><trkpt lat="35.72313302304785" lon="137.83093022002296"><ele>2560.6785207875073</ele><time>2023-11-11T00:19:33Z</time></trkpt><trkpt lat="35.723115317024416" lon="137.83070596749332"><ele>2564.7756781931967</ele><time>2023-11-11T00:20:12Z</time></trkpt><trkpt lat="35.72316745086135" lon="137.83047848720886"><ele>2566.574003287591</ele><time>2023-11-11T00:20:46Z</time></trkpt><trkpt lat="35.72322738923429" lon="137.83026910375122"><ele>2572.138817736879</ele><time>2023-11-11T00:21:15Z</time></trkpt><trkpt lat="35.72320441580556" lon="137.830040159967"><ele>2572.8776590730995</ele><time>2023-11-11T00:21:43Z</time></trkpt><trkpt lat="35.723264983119954" lon="137.82982006993026"><ele>2575.2161628166214</ele><time>2023-11-11T00:22:09Z</time></trkpt><trkpt lat="35.723357813230386" lon="137.82962779282107"><ele>2580.7025051899254</ele><time>2023-11-11T00:22:38Z</time></trkpt><trkpt lat="35.7233754527869" lon="137.82940184227525"><ele>2585.030193326995</ele><time>2023-11-11T00:23:08Z</time></trkpt><trkpt lat="35.723352013484266" lon="137.82917540282023"><ele>2587.724964335561</ele><time>2023-11-11T00:23:34Z</time></trkpt><trkpt lat="35.72329764377454" lon="137.8289616556171"><ele>2590.382670498453</ele><time>2023-11-11T00:23:54Z</time></trkpt><trkpt lat="35.72321071237169" lon="137.82876252270674"><ele>2593.588832744397</ele><time>2023-11-11T00:24:20Z</time></trkpt><trkpt lat="35.723130825411864" lon="137.82854878818094"><ele>2593.131598914042</ele><time>2023-11-11T00:24:44Z</time></trkpt><trkpt lat="35.72298849103813" lon="137.82841060818436"><ele>2593.299917889759</ele><time>2023-11-11T00:25:03Z</time></trkpt><trkpt lat="35.722966171761996" lon="137.82818940876803"><ele>2592.342799155973</ele><time>2023-11-11T00:25:27Z</time></trkpt><trkpt lat="35.723013162517496" lon="137.82797373587675"><ele>2597.275238867849</ele><time>2023-11-11T00:25:54Z</time></trkpt><trkpt lat="35.72304946437155" lon="137.82775666949303"><ele>2603.1977113047615</ele><time>2023-11-11T00:26:32Z</time></trkpt><trkpt lat="35.72310629553105" lon="137.8275460870149"><ele>2609.502300375141</ele><time>2023-11-11T00:27:14Z</time></trkpt><trkpt lat="35.72312517999449" lon="137.82732255947843"><ele>2617.8712195642292</ele><time>2023-11-11T00:28:00Z</time></trkpt><trkpt lat="35.723128924343975" lon="137.82709761034744"><ele>2625.652800281532</ele><time>2023-11-11T00:28:39Z</time></trkpt><trkpt lat="35.72308850218446" lon="137.82687976825426"><ele>2631.953770413995</ele><time>2023-11-11T00:29:24Z</time></trkpt><trkpt lat="35.72299958051948" lon="137.82667877755014"><ele>2634.2676932690665</ele><time>2023-11-11T00:29:57Z</time></trkpt><trkpt lat="35.72291079784274" lon="137.82648605951488"><ele>2633.780840243213</ele><time>2023-11-11T00:30:27Z</time></trkpt><trkpt lat="35.72288411429442" lon="137.8262658986155"><ele>2635.0254567833617</ele><time>2023-11-11T00:30:57Z</time></trkpt><trkpt lat="35.72302003572835" lon="137.82611747797773"><ele>2643.307535873726</ele><time>2023-11-11T00:31:44Z</time></trkpt><trkpt lat="35.7230806595702" lon="137.82590842520636"><ele>2649.5712066153064</ele><time>2023-11-11T00:32:33Z</time></trkpt><trkpt lat="35.723102030915044" lon="137.82568080281308"><ele>2658.084311036393</ele><time>2023-11-11T00:33:41Z</time></trkpt><trkpt lat="35.72341480205769" lon="137.82589636085393"><ele>2643.876355388202</ele><time>2023-11-11T00:39:20Z</time></trkpt><trkpt lat="35.72359313713931" lon="137.82594100084648"><ele>2622.797821285203</ele><time>2023-11-11T00:40:19Z</time></trkpt><trkpt lat="35.72341326263285" lon="137.82582469509032"><ele>2627.7021850273013</ele><time>2023-11-11T00:40:25Z</time></trkpt><trkpt lat="35.723239833725984" lon="137.82571928444176"><ele>2643.9147678650916</ele><time>2023-11-11T00:40:32Z</time></trkpt><trkpt lat="35.72306985904435" lon="137.825628991094"><ele>2662.5521072931588</ele><time>2023-11-11T00:42:38Z</time></trkpt><trkpt lat="35.72304363797758" lon="137.82540986769087"><ele>2659.606473710388</ele><time>2023-11-11T00:45:13Z</time></trkpt><trkpt lat="35.72296077965385" lon="137.82520875091865"><ele>2666.83239406161</ele><time>2023-11-11T00:45:50Z</time></trkpt><trkpt lat="35.722973589938555" lon="137.82498776309544"><ele>2674.0577518176287</ele><time>2023-11-11T00:46:41Z</time></trkpt><trkpt lat="35.72283884648246" lon="137.824840116822"><ele>2675.6168255219236</ele><time>2023-11-11T00:47:24Z</time></trkpt><trkpt lat="35.72275343613494" lon="137.8246340150914"><ele>2674.551425694488</ele><time>2023-11-11T00:47:45Z</time></trkpt><trkpt lat="35.72267905265706" lon="137.82442433260834"><ele>2678.331912959926</ele><time>2023-11-11T00:48:09Z</time></trkpt><trkpt lat="35.722560257882414" lon="137.8242436797762"><ele>2682.583538797684</ele><time>2023-11-11T00:48:31Z</time></trkpt><trkpt lat="35.72256905555662" lon="137.82401534003242"><ele>2678.3869151761755</ele><time>2023-11-11T00:48:56Z</time></trkpt><trkpt lat="35.72266332236763" lon="137.82381349980207"><ele>2676.1677592825145</ele><time>2023-11-11T00:49:12Z</time></trkpt><trkpt lat="35.72264519123204" lon="137.8235917278515"><ele>2678.276509370655</ele><time>2023-11-11T00:49:31Z</time></trkpt><trkpt lat="35.72251723770088" lon="137.82343337842983"><ele>2679.7564076725394</ele><time>2023-11-11T00:49:55Z</time></trkpt><trkpt lat="35.72251479810153" lon="137.82320352197604"><ele>2683.1785119995475</ele><time>2023-11-11T00:50:18Z</time></trkpt><trkpt lat="35.72239302738871" lon="137.82303626461123"><ele>2681.8881790917367</ele><time>2023-11-11T00:50:40Z</time></trkpt><trkpt lat="35.72223575158808" lon="137.8229221833551"><ele>2683.78100070823</ele><time>2023-11-11T00:51:02Z</time></trkpt><trkpt lat="35.72207066031922" lon="137.82283197559067"><ele>2689.159495146014</ele><time>2023-11-11T00:51:36Z</time></trkpt><trkpt lat="35.72198721773748" lon="137.82262726921567"><ele>2690.902234915644</ele><time>2023-11-11T00:51:57Z</time></trkpt><trkpt lat="35.721900043178984" lon="137.8224214539371"><ele>2691.0994627270848</ele><time>2023-11-11T00:52:16Z</time></trkpt><trkpt lat="35.72178995309426" lon="137.82224448805567"><ele>2687.2977557135746</ele><time>2023-11-11T00:52:35Z</time></trkpt><trkpt lat="35.72164405698762" lon="137.82211073492576"><ele>2689.17784845829</ele><time>2023-11-11T00:52:53Z</time></trkpt><trkpt lat="35.721546899846906" lon="137.82191045767462"><ele>2692.7259303992614</ele><time>2023-11-11T00:53:18Z</time></trkpt><trkpt lat="35.721466519802604" lon="137.8217097742602"><ele>2696.1432173280045</ele><time>2023-11-11T00:53:49Z</time></trkpt><trkpt lat="35.721398530959206" lon="137.82150107902567"><ele>2699.456085816957</ele><time>2023-11-11T00:54:11Z</time></trkpt><trkpt lat="35.721310602329915" lon="137.8213035879874"><ele>2703.2824940467253</ele><time>2023-11-11T00:54:41Z</time></trkpt><trkpt lat="35.72132131390832" lon="137.82107706618746"><ele>2712.528574938886</ele><time>2023-11-11T00:55:23Z</time></trkpt><trkpt lat="35.721310920548724" lon="137.82085216737218"><ele>2717.3300112597644</ele><time>2023-11-11T00:56:03Z</time></trkpt><trkpt lat="35.72131240753345" lon="137.82062706985295"><ele>2722.6481405915692</ele><time>2023-11-11T00:56:47Z</time></trkpt><trkpt lat="35.72116865681024" lon="137.82048480539441"><ele>2729.8868523146957</ele><time>2023-11-11T00:57:49Z</time></trkpt><trkpt lat="35.72103414245592" lon="137.82033124172375"><ele>2738.4832126973197</ele><time>2023-11-11T00:58:42Z</time></trkpt><trkpt lat="35.720907893385046" lon="137.82016658225146"><ele>2744.47478075698</ele><time>2023-11-11T00:59:28Z</time></trkpt><trkpt lat="35.72080670037748" lon="137.81997371573502"><ele>2755.2781776683405</ele><time>2023-11-11T01:00:57Z</time></trkpt><trkpt lat="35.72065232719342" lon="137.81985318856852"><ele>2759.8190896911547</ele><time>2023-11-11T01:01:39Z</time></trkpt><trkpt lat="35.72054676972512" lon="137.8196718200968"><ele>2767.704110042192</ele><time>2023-11-11T01:02:30Z</time></trkpt><trkpt lat="35.72039944049631" lon="137.8195427464754"><ele>2775.064733459614</ele><time>2023-11-11T01:03:12Z</time></trkpt><trkpt lat="35.72039896231664" lon="137.81931535437948"><ele>2781.2421470517293</ele><time>2023-11-11T01:04:13Z</time></trkpt><trkpt lat="35.72025945167569" lon="137.81917227303197"><ele>2783.3374401936308</ele><time>2023-11-11T01:04:37Z</time></trkpt><trkpt lat="35.72013251478144" lon="137.81901339968616"><ele>2784.1376056242734</ele><time>2023-11-11T01:05:06Z</time></trkpt><trkpt lat="35.72010098572884" lon="137.81879538734864"><ele>2792.1611953694373</ele><time>2023-11-11T01:05:58Z</time></trkpt><trkpt lat="35.719998424788926" lon="137.81860100701212"><ele>2794.2380141038448</ele><time>2023-11-11T01:06:35Z</time></trkpt><trkpt lat="35.71984211735237" lon="137.81848292810125"><ele>2797.5739436578006</ele><time>2023-11-11T01:07:03Z</time></trkpt><trkpt lat="35.71973068022407" lon="137.81830431711333"><ele>2802.9993800455704</ele><time>2023-11-11T01:07:46Z</time></trkpt><trkpt lat="35.71962835426729" lon="137.81811557697705"><ele>2809.185645808466</ele><time>2023-11-11T01:08:25Z</time></trkpt><trkpt lat="35.71953781088349" lon="137.81791339816579"><ele>2817.3950453903526</ele><time>2023-11-11T01:09:09Z</time></trkpt><trkpt lat="35.71938119443011" lon="137.8177987533923"><ele>2824.423068759963</ele><time>2023-11-11T01:09:57Z</time></trkpt><trkpt lat="35.71928259110861" lon="137.8176097628576"><ele>2831.405695458874</ele><time>2023-11-11T01:10:56Z</time></trkpt><trkpt lat="35.71913051532058" lon="137.8174912573314"><ele>2839.9907163437456</ele><time>2023-11-11T01:11:49Z</time></trkpt><trkpt lat="35.71910729838632" lon="137.81726941971067"><ele>2850.7113934755325</ele><time>2023-11-11T01:13:23Z</time></trkpt><trkpt lat="35.71905126125285" lon="137.81705896020938"><ele>2861.2754162810743</ele><time>2023-11-11T01:14:36Z</time></trkpt><trkpt lat="35.71917945554401" lon="137.81690223744155"><ele>2866.339390278794</ele><time>2023-11-11T01:30:32Z</time></trkpt><trkpt lat="35.71926984212381" lon="137.81670561890377"><ele>2857.3653748854995</ele><time>2023-11-11T01:31:13Z</time></trkpt><trkpt lat="35.71945307436109" lon="137.81672083237342"><ele>2857.956310899928</ele><time>2023-11-11T01:31:34Z</time></trkpt><trkpt lat="35.71961638204837" lon="137.81662748816524"><ele>2858.6976589467376</ele><time>2023-11-11T01:32:08Z</time></trkpt><trkpt lat="35.71958357456047" lon="137.8164088697543"><ele>2851.3478121263906</ele><time>2023-11-11T01:32:44Z</time></trkpt><trkpt lat="35.71966705399395" lon="137.81620773529022"><ele>2842.83306296356</ele><time>2023-11-11T01:33:35Z</time></trkpt><trkpt lat="35.71962750779163" lon="137.81598513725507"><ele>2832.892630396411</ele><time>2023-11-11T01:34:48Z</time></trkpt><trkpt lat="35.719720214659134" lon="137.81578249801487"><ele>2827.1928284838796</ele><time>2023-11-11T01:36:38Z</time></trkpt><trkpt lat="35.71986113048527" lon="137.81563083401153"><ele>2814.82577322796</ele><time>2023-11-11T01:37:39Z</time></trkpt><trkpt lat="35.720017536869115" lon="137.815498312607"><ele>2811.5437700413167</ele><time>2023-11-11T01:38:03Z</time></trkpt><trkpt lat="35.72015901790576" lon="137.81535935320017"><ele>2817.20501205232</ele><time>2023-11-11T01:38:26Z</time></trkpt><trkpt lat="35.720243491494486" lon="137.81516241593772"><ele>2825.0912918038666</ele><time>2023-11-11T01:39:02Z</time></trkpt><trkpt lat="35.720185310980696" lon="137.81495055754044"><ele>2825.374083111994</ele><time>2023-11-11T01:39:31Z</time></trkpt><trkpt lat="35.720118559396084" lon="137.81473513644733"><ele>2821.793241497129</ele><time>2023-11-11T01:40:35Z</time></trkpt><trkpt lat="35.720146353675986" lon="137.8145167881748"><ele>2817.4675238588825</ele><time>2023-11-11T01:41:25Z</time></trkpt><trkpt lat="35.72006659516348" lon="137.81430545800788"><ele>2798.130895433016</ele><time>2023-11-11T01:43:52Z</time></trkpt><trkpt lat="35.720211563492896" lon="137.81416622670096"><ele>2792.0862507773563</ele><time>2023-11-11T01:45:07Z</time></trkpt><trkpt lat="35.720276257794964" lon="137.81395599670395"><ele>2788.313147576526</ele><time>2023-11-11T01:45:47Z</time></trkpt><trkpt lat="35.72039655327063" lon="137.81379037977032"><ele>2793.060729588382</ele><time>2023-11-11T01:46:32Z</time></trkpt><trkpt lat="35.72048207611775" lon="137.813591503524"><ele>2782.6369234686717</ele><time>2023-11-11T01:47:04Z</time></trkpt><trkpt lat="35.72063000978505" lon="137.81345514248517"><ele>2775.654413103126</ele><time>2023-11-11T01:47:55Z</time></trkpt><trkpt lat="35.72081022307284" lon="137.8133799703032"><ele>2769.9707851270214</ele><time>2023-11-11T01:48:16Z</time></trkpt><trkpt lat="35.720954003598436" lon="137.8132463508852"><ele>2776.204930799082</ele><time>2023-11-11T01:49:04Z</time></trkpt><trkpt lat="35.7210934178265" lon="137.8130988772992"><ele>2771.4262966196984</ele><time>2023-11-11T01:50:01Z</time></trkpt><trkpt lat="35.72127459606407" lon="137.8130978115824"><ele>2763.1126765711233</ele><time>2023-11-11T01:51:14Z</time></trkpt><trkpt lat="35.721409202237574" lon="137.81294805574228"><ele>2754.9450530074537</ele><time>2023-11-11T01:53:02Z</time></trkpt><trkpt lat="35.72153995845009" lon="137.81278233179953"><ele>2736.7535264380276</ele><time>2023-11-11T01:53:59Z</time></trkpt><trkpt lat="35.721692080732645" lon="137.81266119240794"><ele>2726.1105692759156</ele><time>2023-11-11T01:55:11Z</time></trkpt><trkpt lat="35.72183534573844" lon="137.81250941029987"><ele>2715.4175251061097</ele><time>2023-11-11T01:56:09Z</time></trkpt><trkpt lat="35.721978740411856" lon="137.8123665267034"><ele>2707.6426970399916</ele><time>2023-11-11T01:57:07Z</time></trkpt><trkpt lat="35.72207721528046" lon="137.81217530774714"><ele>2700.362772983499</ele><time>2023-11-11T01:57:58Z</time></trkpt><trkpt lat="35.72218154265174" lon="137.8119894078866"><ele>2689.80363787245</ele><time>2023-11-11T01:58:52Z</time></trkpt><trkpt lat="35.72217620017879" lon="137.81176344951723"><ele>2683.2616350268945</ele><time>2023-11-11T01:59:29Z</time></trkpt><trkpt lat="35.722194575947555" lon="137.8115397888576"><ele>2677.3943578284234</ele><time>2023-11-11T02:00:10Z</time></trkpt><trkpt lat="35.722073840490395" lon="137.81137245381646"><ele>2666.44682136178</ele><time>2023-11-11T02:01:06Z</time></trkpt><trkpt lat="35.722007440200954" lon="137.8111666211958"><ele>2649.9752184590325</ele><time>2023-11-11T02:02:21Z</time></trkpt><trkpt lat="35.72198550325099" lon="137.8109443838113"><ele>2639.2826336808503</ele><time>2023-11-11T02:03:19Z</time></trkpt><trkpt lat="35.72209224191117" lon="137.810759781419"><ele>2637.803434475325</ele><time>2023-11-11T02:03:41Z</time></trkpt><trkpt lat="35.72219274157492" lon="137.81057214189227"><ele>2626.6032955013216</ele><time>2023-11-11T02:04:09Z</time></trkpt><trkpt lat="35.72225105032984" lon="137.81036279535965"><ele>2613.845849962905</ele><time>2023-11-11T02:05:31Z</time></trkpt><trkpt lat="35.7222758369059" lon="137.8101399842566"><ele>2603.9594294950366</ele><time>2023-11-11T02:06:35Z</time></trkpt><trkpt lat="35.722397773276896" lon="137.8099756782966"><ele>2594.58135732729</ele><time>2023-11-11T02:07:30Z</time></trkpt><trkpt lat="35.72249054476389" lon="137.80978279053173"><ele>2584.19266949594</ele><time>2023-11-11T02:08:26Z</time></trkpt><trkpt lat="35.72254912064459" lon="137.80956852893374"><ele>2575.50212411955</ele><time>2023-11-11T02:09:08Z</time></trkpt><trkpt lat="35.72263218480796" lon="137.80937182377357"><ele>2568.5522227287292</ele><time>2023-11-11T02:09:51Z</time></trkpt><trkpt lat="35.72272568342416" lon="137.80917728837358"><ele>2553.0930235423148</ele><time>2023-11-11T02:10:53Z</time></trkpt><trkpt lat="35.722829989152615" lon="137.80899481375116"><ele>2546.565302341245</ele><time>2023-11-11T02:11:35Z</time></trkpt><trkpt lat="35.72291651274401" lon="137.80879810970816"><ele>2539.11737418361</ele><time>2023-11-11T02:12:13Z</time></trkpt><trkpt lat="35.72291300695735" lon="137.8085733547867"><ele>2524.800267536193</ele><time>2023-11-11T02:13:24Z</time></trkpt><trkpt lat="35.7230373555532" lon="137.80840826650933"><ele>2514.1860705288127</ele><time>2023-11-11T02:14:41Z</time></trkpt><trkpt lat="35.723135742005915" lon="137.80821087411127"><ele>2506.9868145016953</ele><time>2023-11-11T02:15:25Z</time></trkpt><trkpt lat="35.72325378894377" lon="137.80803011140483"><ele>2502.5136421294883</ele><time>2023-11-11T02:15:48Z</time></trkpt><trkpt lat="35.72340087235638" lon="137.80789482698185"><ele>2508.8115469580516</ele><time>2023-11-11T02:19:54Z</time></trkpt><trkpt lat="35.723502184635315" lon="137.80771187807017"><ele>2514.3852542508394</ele><time>2023-11-11T02:20:40Z</time></trkpt><trkpt lat="35.72367484436003" lon="137.80763291024724"><ele>2526.4624734725803</ele><time>2023-11-11T02:24:27Z</time></trkpt><trkpt lat="35.72383398483346" lon="137.80752767546292"><ele>2537.0659527927637</ele><time>2023-11-11T02:26:27Z</time></trkpt><trkpt lat="35.72401133060569" lon="137.80747335949474"><ele>2550.478178760968</ele><time>2023-11-11T02:27:53Z</time></trkpt><trkpt lat="35.724113692006995" lon="137.80728234407803"><ele>2564.5378410527483</ele><time>2023-11-11T02:28:53Z</time></trkpt><trkpt lat="35.72422648620675" lon="137.80709080704543"><ele>2569.2034266544506</ele><time>2023-11-11T02:29:44Z</time></trkpt><trkpt lat="35.72436513770518" lon="137.80694253298344"><ele>2579.9772953800857</ele><time>2023-11-11T02:30:47Z</time></trkpt><trkpt lat="35.72452308459046" lon="137.80683052893042"><ele>2586.6695209173486</ele><time>2023-11-11T02:31:58Z</time></trkpt><trkpt lat="35.72469062989723" lon="137.8067340277218"><ele>2599.326303350739</ele><time>2023-11-11T02:33:13Z</time></trkpt><trkpt lat="35.72474203671559" lon="137.8065180941712"><ele>2608.76910788659</ele><time>2023-11-11T02:33:56Z</time></trkpt><trkpt lat="35.72467576115609" lon="137.8063053088287"><ele>2604.781057709828</ele><time>2023-11-11T02:34:20Z</time></trkpt><trkpt lat="35.724760790177406" lon="137.8061089252625"><ele>2617.790458485484</ele><time>2023-11-11T02:35:15Z</time></trkpt><trkpt lat="35.72485233122597" lon="137.80591805094343"><ele>2625.696168468334</ele><time>2023-11-11T02:36:09Z</time></trkpt><trkpt lat="35.7248246094884" lon="137.8056967759422"><ele>2631.879172177054</ele><time>2023-11-11T02:36:45Z</time></trkpt><trkpt lat="35.72499965587636" lon="137.80563452529196"><ele>2645.669094494544</ele><time>2023-11-11T02:37:50Z</time></trkpt><trkpt lat="35.72517649916064" lon="137.80568225161502"><ele>2654.9121594661847</ele><time>2023-11-11T02:39:07Z</time></trkpt><trkpt lat="35.72535536009141" lon="137.8056458613687"><ele>2661.5080382078886</ele><time>2023-11-11T02:40:34Z</time></trkpt><trkpt lat="35.725513182380396" lon="137.80552748931214"><ele>2668.72990393918</ele><time>2023-11-11T02:41:24Z</time></trkpt><trkpt lat="35.72563272963213" lon="137.80534726728413"><ele>2665.1443895185366</ele><time>2023-11-11T02:42:05Z</time></trkpt><trkpt lat="35.72577104543281" lon="137.8051888907455"><ele>2659.2203590013087</ele><time>2023-11-11T02:42:38Z</time></trkpt><trkpt lat="35.72593039216808" lon="137.80508026974087"><ele>2656.3254647525027</ele><time>2023-11-11T02:43:01Z</time></trkpt><trkpt lat="35.72610564100876" lon="137.80499932911246"><ele>2658.031063470058</ele><time>2023-11-11T02:43:21Z</time></trkpt><trkpt lat="35.72625983055815" lon="137.80488064191567"><ele>2659.053297211416</ele><time>2023-11-11T02:43:43Z</time></trkpt><trkpt lat="35.72642448880417" lon="137.80498880720984"><ele>2661.1716798273847</ele><time>2023-11-11T02:44:07Z</time></trkpt><trkpt lat="35.726601506703986" lon="137.80504273462398"><ele>2659.0844325758517</ele><time>2023-11-11T02:44:32Z</time></trkpt><trkpt lat="35.726781810335304" lon="137.8050023798775"><ele>2656.9663844238967</ele><time>2023-11-11T02:45:19Z</time></trkpt><trkpt lat="35.72696001863517" lon="137.80495560490223"><ele>2652.727265098132</ele><time>2023-11-11T02:46:03Z</time></trkpt><trkpt lat="35.727144362370055" lon="137.8049484027699"><ele>2639.353079639375</ele><time>2023-11-11T02:46:51Z</time></trkpt><trkpt lat="35.72732085129973" lon="137.80489687732643"><ele>2629.6569090466946</ele><time>2023-11-11T02:48:42Z</time></trkpt><trkpt lat="35.72750506927584" lon="137.8049001445653"><ele>2627.839019733481</ele><time>2023-11-11T02:49:12Z</time></trkpt><trkpt lat="35.72764063074595" lon="137.80505029630677"><ele>2626.8048762921244</ele><time>2023-11-11T02:49:46Z</time></trkpt><trkpt lat="35.72780906833721" lon="137.80514144898976"><ele>2627.6285734353587</ele><time>2023-11-11T02:50:11Z</time></trkpt><trkpt lat="35.727993266381" lon="137.80517395076157"><ele>2626.3479266446084</ele><time>2023-11-11T02:50:33Z</time></trkpt><trkpt lat="35.728175219435975" lon="137.805230150353"><ele>2634.2440205877647</ele><time>2023-11-11T02:50:57Z</time></trkpt><trkpt lat="35.72835533971857" lon="137.8051762542543"><ele>2633.72156536486</ele><time>2023-11-11T02:51:21Z</time></trkpt><trkpt lat="35.72853752571313" lon="137.80516088466305"><ele>2638.6754169017076</ele><time>2023-11-11T02:51:52Z</time></trkpt><trkpt lat="35.728707695801674" lon="137.80507581463337"><ele>2638.8853909261525</ele><time>2023-11-11T02:52:20Z</time></trkpt><trkpt lat="35.72889398112642" lon="137.80511380498888"><ele>2645.138890775852</ele><time>2023-11-11T02:52:59Z</time></trkpt><trkpt lat="35.72906467860707" lon="137.8050294873602"><ele>2635.8178059458733</ele><time>2023-11-11T02:53:43Z</time></trkpt><trkpt lat="35.729259381750296" lon="137.80500834544887"><ele>2632.3471866063774</ele><time>2023-11-11T02:54:14Z</time></trkpt><trkpt lat="35.729441499515985" lon="137.80501197539843"><ele>2634.1601700065657</ele><time>2023-11-11T02:54:43Z</time></trkpt><trkpt lat="35.7296250617017" lon="137.80495983232197"><ele>2634.2424654643983</ele><time>2023-11-11T02:55:08Z</time></trkpt><trkpt lat="35.72979712779889" lon="137.80502791454055"><ele>2643.322768203914</ele><time>2023-11-11T02:55:36Z</time></trkpt><trkpt lat="35.729974097447176" lon="137.80496639716452"><ele>2643.9112943615764</ele><time>2023-11-11T02:56:09Z</time></trkpt><trkpt lat="35.73012378572648" lon="137.80481702381707"><ele>2650.3224208252504</ele><time>2023-11-11T02:57:06Z</time></trkpt><trkpt lat="35.73029763273676" lon="137.80489147420164"><ele>2663.7129983063787</ele><time>2023-11-11T02:57:53Z</time></trkpt><trkpt lat="35.73046422662543" lon="137.80480580171968"><ele>2663.3278380101547</ele><time>2023-11-11T02:58:25Z</time></trkpt><trkpt lat="35.73063937823442" lon="137.80474071527607"><ele>2671.3175268396735</ele><time>2023-11-11T02:59:07Z</time></trkpt><trkpt lat="35.73081184438661" lon="137.80467005836167"><ele>2676.0670612333342</ele><time>2023-11-11T03:00:15Z</time></trkpt><trkpt lat="35.7309847764536" lon="137.80473289489683"><ele>2692.4831918347627</ele><time>2023-11-11T03:02:43Z</time></trkpt><trkpt lat="35.73116295552201" lon="137.80466708139986"><ele>2701.871506301686</ele><time>2023-11-11T03:04:03Z</time></trkpt><trkpt lat="35.73127052899749" lon="137.8044861072408"><ele>2696.9457577234134</ele><time>2023-11-11T03:04:40Z</time></trkpt><trkpt lat="35.73141283321543" lon="137.80433946165562"><ele>2696.3154651718214</ele><time>2023-11-11T03:05:06Z</time></trkpt><trkpt lat="35.73156672114806" lon="137.80420883587817"><ele>2696.4565904038027</ele><time>2023-11-11T03:05:24Z</time></trkpt><trkpt lat="35.73173708737293" lon="137.80413198181606"><ele>2699.0242694551125</ele><time>2023-11-11T03:05:46Z</time></trkpt><trkpt lat="35.731916291196654" lon="137.80417638897555"><ele>2697.7053996203467</ele><time>2023-11-11T03:06:20Z</time></trkpt><trkpt lat="35.732103992882664" lon="137.80414813271153"><ele>2690.8395512690768</ele><time>2023-11-11T03:07:12Z</time></trkpt><trkpt lat="35.732287571637436" lon="137.80418614421674"><ele>2682.98339302931</ele><time>2023-11-11T03:08:07Z</time></trkpt><trkpt lat="35.732406670741454" lon="137.80435212775976"><ele>2685.2174000553787</ele><time>2023-11-11T03:08:38Z</time></trkpt><trkpt lat="35.73258713509913" lon="137.8043645507723"><ele>2684.2007431779057</ele><time>2023-11-11T03:09:06Z</time></trkpt><trkpt lat="35.73276699654143" lon="137.8043340268727"><ele>2678.8588396944106</ele><time>2023-11-11T03:09:39Z</time></trkpt><trkpt lat="35.732926685439544" lon="137.8042287080465"><ele>2679.6837158808485</ele><time>2023-11-11T03:10:30Z</time></trkpt><trkpt lat="35.73302031000984" lon="137.80403775155153"><ele>2672.9953242726624</ele><time>2023-11-11T03:11:45Z</time></trkpt><trkpt lat="35.73320335527814" lon="137.80406336417363"><ele>2674.6851815134287</ele><time>2023-11-11T03:12:22Z</time></trkpt><trkpt lat="35.73337718862948" lon="137.80412995372447"><ele>2682.9435360841453</ele><time>2023-11-11T03:13:15Z</time></trkpt><trkpt lat="35.733557431280325" lon="137.80409948886492"><ele>2679.224342622794</ele><time>2023-11-11T03:13:55Z</time></trkpt><trkpt lat="35.73373164672243" lon="137.80415859598125"><ele>2683.601201155223</ele><time>2023-11-11T03:14:31Z</time></trkpt><trkpt lat="35.73391204991734" lon="137.80420517333351"><ele>2685.341101079248</ele><time>2023-11-11T03:15:07Z</time></trkpt><trkpt lat="35.73408631622877" lon="137.80426673327256"><ele>2688.1337202796713</ele><time>2023-11-11T03:15:43Z</time></trkpt><trkpt lat="35.73426361349569" lon="137.80431611798952"><ele>2691.766383755952</ele><time>2023-11-11T03:16:19Z</time></trkpt><trkpt lat="35.73443442352742" lon="137.8044080426775"><ele>2691.55227291584</ele><time>2023-11-11T03:17:10Z</time></trkpt><trkpt lat="35.734618582496665" lon="137.8044404696179"><ele>2692.393683919683</ele><time>2023-11-11T03:17:57Z</time></trkpt><trkpt lat="35.73479399509689" lon="137.80449604653964"><ele>2697.952288596891</ele><time>2023-11-11T03:18:50Z</time></trkpt><trkpt lat="35.73496202104603" lon="137.8045800793687"><ele>2700.4371480084956</ele><time>2023-11-11T03:19:15Z</time></trkpt><trkpt lat="35.735145972200996" lon="137.80460632562756"><ele>2705.736319663003</ele><time>2023-11-11T03:20:04Z</time></trkpt><trkpt lat="35.73531428794331" lon="137.80468671381627"><ele>2712.383925677277</ele><time>2023-11-11T03:20:58Z</time></trkpt><trkpt lat="35.73546000049689" lon="137.80481765144836"><ele>2721.8505163416266</ele><time>2023-11-11T03:22:01Z</time></trkpt><trkpt lat="35.73564236477429" lon="137.80481206601127"><ele>2720.0133516136557</ele><time>2023-11-11T03:22:58Z</time></trkpt><trkpt lat="35.73582609378718" lon="137.8047611807571"><ele>2720.434256579727</ele><time>2023-11-11T03:23:41Z</time></trkpt><trkpt lat="35.73601071605579" lon="137.80478091375943"><ele>2719.4597286032513</ele><time>2023-11-11T03:24:16Z</time></trkpt><trkpt lat="35.73618184440589" lon="137.80485184500026"><ele>2716.216922601685</ele><time>2023-11-11T03:24:52Z</time></trkpt><trkpt lat="35.736362220683496" lon="137.80480432800613"><ele>2717.0328121446073</ele><time>2023-11-11T03:25:34Z</time></trkpt><trkpt lat="35.73651089980424" lon="137.80466918572526"><ele>2712.3207720788196</ele><time>2023-11-11T03:26:30Z</time></trkpt><trkpt lat="35.73669088123286" lon="137.8046482084286"><ele>2719.073577608913</ele><time>2023-11-11T03:27:08Z</time></trkpt><trkpt lat="35.736866971990914" lon="137.80458434790137"><ele>2724.9717070469633</ele><time>2023-11-11T03:27:48Z</time></trkpt><trkpt lat="35.737046584168695" lon="137.80464560377376"><ele>2738.106759388931</ele><time>2023-11-11T03:28:46Z</time></trkpt><trkpt lat="35.73721429385216" lon="137.80454951736988"><ele>2744.450715621002</ele><time>2023-11-11T03:29:32Z</time></trkpt><trkpt lat="35.73738675892721" lon="137.8044781517414"><ele>2751.8532757591456</ele><time>2023-11-11T03:30:36Z</time></trkpt><trkpt lat="35.73755663200016" lon="137.80440039891798"><ele>2756.6513726022094</ele><time>2023-11-11T03:31:53Z</time></trkpt><trkpt lat="35.73768000907057" lon="137.80431685393367"><ele>2756.3563839383423</ele><time>2023-11-11T03:36:42Z</time></trkpt><trkpt lat="35.7378528556709" lon="137.80420897544752"><ele>2764.7984737046063</ele><time>2023-11-11T03:44:38Z</time></trkpt><trkpt lat="35.73803365314162" lon="137.80413407967896"><ele>2745.680923701264</ele><time>2023-11-11T03:45:31Z</time></trkpt><trkpt lat="35.73812236227891" lon="137.8039388746825"><ele>2765.8320539416745</ele><time>2023-11-11T03:46:00Z</time></trkpt><trkpt lat="35.738294079232425" lon="137.80385646289966"><ele>2763.0241818595678</ele><time>2023-11-11T03:46:23Z</time></trkpt><trkpt lat="35.73847152636193" lon="137.80378679578487"><ele>2760.5545069873333</ele><time>2023-11-11T03:46:47Z</time></trkpt><trkpt lat="35.73862945167132" lon="137.80367976127877"><ele>2764.716435879469</ele><time>2023-11-11T03:47:07Z</time></trkpt><trkpt lat="35.73879965563526" lon="137.8035899590376"><ele>2771.0937574272975</ele><time>2023-11-11T03:47:32Z</time></trkpt><trkpt lat="35.73893115683468" lon="137.80342668623226"><ele>2761.397057564929</ele><time>2023-11-11T03:48:16Z</time></trkpt><trkpt lat="35.73911326235329" lon="137.80339734890913"><ele>2784.724194326438</ele><time>2023-11-11T03:49:31Z</time></trkpt><trkpt lat="35.73923134172741" lon="137.80322699111005"><ele>2781.786813383922</ele><time>2023-11-11T03:50:05Z</time></trkpt><trkpt lat="35.73938538392947" lon="137.8030988390236"><ele>2779.6566294897348</ele><time>2023-11-11T03:50:30Z</time></trkpt><trkpt lat="35.73956822060007" lon="137.8030518844786"><ele>2781.821131328121</ele><time>2023-11-11T03:50:50Z</time></trkpt><trkpt lat="35.73975354651639" lon="137.80304209370038"><ele>2777.226567601785</ele><time>2023-11-11T03:51:10Z</time></trkpt><trkpt lat="35.73994505077744" lon="137.80309529972206"><ele>2774.074007987976</ele><time>2023-11-11T03:51:34Z</time></trkpt><trkpt lat="35.74010192025618" lon="137.8032055566914"><ele>2774.8197388704866</ele><time>2023-11-11T03:51:56Z</time></trkpt><trkpt lat="35.7402748809196" lon="137.80329852802626"><ele>2780.879078529775</ele><time>2023-11-11T03:52:16Z</time></trkpt><trkpt lat="35.7404462023579" lon="137.80322791938934"><ele>2780.5836801333353</ele><time>2023-11-11T03:52:35Z</time></trkpt><trkpt lat="35.7406028374175" lon="137.8033660763376"><ele>2765.0823262948543</ele><time>2023-11-11T03:53:07Z</time></trkpt><trkpt lat="35.740779470159666" lon="137.80345010730198"><ele>2778.951070495881</ele><time>2023-11-11T03:53:26Z</time></trkpt><trkpt lat="35.74093894891734" lon="137.803560221561"><ele>2783.652690688148</ele><time>2023-11-11T03:53:48Z</time></trkpt><trkpt lat="35.74112561605001" lon="137.80362295460426"><ele>2788.9384944317862</ele><time>2023-11-11T03:54:10Z</time></trkpt><trkpt lat="35.7412508649209" lon="137.8034533039432"><ele>2765.179863761179</ele><time>2023-11-11T03:54:47Z</time></trkpt><trkpt lat="35.741303809547524" lon="137.80367878456917"><ele>2763.8696373235434</ele><time>2023-11-11T03:55:24Z</time></trkpt><trkpt lat="35.74143685131673" lon="137.8038312797052"><ele>2750.6072084093466</ele><time>2023-11-11T03:55:46Z</time></trkpt><trkpt lat="35.741612142910505" lon="137.8037800144565"><ele>2745.1072890497744</ele><time>2023-11-11T03:56:21Z</time></trkpt><trkpt lat="35.74180641903898" lon="137.80379353180123"><ele>2736.209445450455</ele><time>2023-11-11T03:57:10Z</time></trkpt><trkpt lat="35.74197467286177" lon="137.80388079900533"><ele>2721.4386113919318</ele><time>2023-11-11T03:57:59Z</time></trkpt><trkpt lat="35.742126883008666" lon="137.8040058516528"><ele>2718.575811930001</ele><time>2023-11-11T03:58:17Z</time></trkpt><trkpt lat="35.7423122516919" lon="137.80406877377737"><ele>2714.2023968547583</ele><time>2023-11-11T03:58:46Z</time></trkpt><trkpt lat="35.74249614195563" lon="137.8040916142632"><ele>2729.0316640892997</ele><time>2023-11-11T03:59:06Z</time></trkpt><trkpt lat="35.742614108951855" lon="137.80426694753703"><ele>2714.5400622310117</ele><time>2023-11-11T03:59:24Z</time></trkpt><trkpt lat="35.74275300854249" lon="137.804414732323"><ele>2704.2044220175594</ele><time>2023-11-11T03:59:50Z</time></trkpt><trkpt lat="35.74292469631335" lon="137.80455328637674"><ele>2692.704681375064</ele><time>2023-11-11T04:00:19Z</time></trkpt><trkpt lat="35.74310158527133" lon="137.80461790532283"><ele>2689.7585057066754</ele><time>2023-11-11T04:00:56Z</time></trkpt><trkpt lat="35.74322693878461" lon="137.80478249153603"><ele>2681.7696570567787</ele><time>2023-11-11T04:01:14Z</time></trkpt><trkpt lat="35.74340865627408" lon="137.80481529954915"><ele>2678.786046434194</ele><time>2023-11-11T04:01:48Z</time></trkpt><trkpt lat="35.74355840491486" lon="137.80495449934264"><ele>2674.6503257583827</ele><time>2023-11-11T04:02:32Z</time></trkpt><trkpt lat="35.74372585640193" lon="137.80505308980497"><ele>2669.0525052743033</ele><time>2023-11-11T04:03:07Z</time></trkpt><trkpt lat="35.74385349444026" lon="137.80523292001195"><ele>2668.1990616004914</ele><time>2023-11-11T04:03:37Z</time></trkpt><trkpt lat="35.74401148472086" lon="137.8053455285817"><ele>2661.6806030031294</ele><time>2023-11-11T04:03:56Z</time></trkpt><trkpt lat="35.74412397918888" lon="137.80554762498863"><ele>2671.1845414536074</ele><time>2023-11-11T04:04:57Z</time></trkpt><trkpt lat="35.74422072693788" lon="137.80574743095383"><ele>2678.7166745364666</ele><time>2023-11-11T04:06:20Z</time></trkpt><trkpt lat="35.74430930176385" lon="137.80595232618384"><ele>2658.908946272917</ele><time>2023-11-11T04:09:06Z</time></trkpt><trkpt lat="35.74446424328755" lon="137.80607827214797"><ele>2653.504204923287</ele><time>2023-11-11T04:09:44Z</time></trkpt><trkpt lat="35.744548630314206" lon="137.80630287334318"><ele>2648.458656855859</ele><time>2023-11-11T04:10:12Z</time></trkpt><trkpt lat="35.74472941858212" lon="137.80628771443838"><ele>2662.490879197605</ele><time>2023-11-11T04:10:42Z</time></trkpt><trkpt lat="35.744902945563545" lon="137.80636946518305"><ele>2661.2501571513712</ele><time>2023-11-11T04:11:17Z</time></trkpt><trkpt lat="35.745080821105404" lon="137.80643186681627"><ele>2660.272565296851</ele><time>2023-11-11T04:11:58Z</time></trkpt><trkpt lat="35.74525522500835" lon="137.8065090187379"><ele>2666.4267349997535</ele><time>2023-11-11T04:12:27Z</time></trkpt><trkpt lat="35.7454206151394" lon="137.80662075128257"><ele>2666.5374359255657</ele><time>2023-11-11T04:12:51Z</time></trkpt><trkpt lat="35.74559488726595" lon="137.8067195780218"><ele>2661.0711191520095</ele><time>2023-11-11T04:13:08Z</time></trkpt><trkpt lat="35.745771720715545" lon="137.80679481057877"><ele>2668.7603910854086</ele><time>2023-11-11T04:13:46Z</time></trkpt><trkpt lat="35.74580170646567" lon="137.807023016106"><ele>2648.6848847223446</ele><time>2023-11-11T04:14:35Z</time></trkpt><trkpt lat="35.74593741367458" lon="137.8071899731383"><ele>2655.4555394556373</ele><time>2023-11-11T04:15:04Z</time></trkpt><trkpt lat="35.74604015185362" lon="137.80737924210572"><ele>2654.179400750436</ele><time>2023-11-11T04:16:18Z</time></trkpt><trkpt lat="35.746150960215424" lon="137.80755683424036"><ele>2654.2088393429294</ele><time>2023-11-11T04:16:46Z</time></trkpt><trkpt lat="35.74626706040415" lon="137.8077375845346"><ele>2658.396748362109</ele><time>2023-11-11T04:17:18Z</time></trkpt><trkpt lat="35.74642915814526" lon="137.8078560246673"><ele>2663.426562338136</ele><time>2023-11-11T04:17:55Z</time></trkpt><trkpt lat="35.7465967731351" lon="137.8079526714047"><ele>2671.3240627590567</ele><time>2023-11-11T04:18:26Z</time></trkpt><trkpt lat="35.746768280809654" lon="137.80804799621484"><ele>2677.8415214624256</ele><time>2023-11-11T04:19:01Z</time></trkpt><trkpt lat="35.746950038533534" lon="137.80810920838073"><ele>2677.2569897659123</ele><time>2023-11-11T04:19:50Z</time></trkpt><trkpt lat="35.747047100722426" lon="137.8082991446056"><ele>2682.3289612364024</ele><time>2023-11-11T04:20:16Z</time></trkpt><trkpt lat="35.747133542314614" lon="137.80849919951083"><ele>2684.0832628300413</ele><time>2023-11-11T04:20:38Z</time></trkpt><trkpt lat="35.74718464552207" lon="137.80871622348457"><ele>2689.188508973457</ele><time>2023-11-11T04:21:14Z</time></trkpt><trkpt lat="35.74729468942116" lon="137.80889807207012"><ele>2693.2747649597004</ele><time>2023-11-11T04:22:04Z</time></trkpt><trkpt lat="35.74737754912127" lon="137.80910384010082"><ele>2698.046016264707</ele><time>2023-11-11T04:22:34Z</time></trkpt><trkpt lat="35.747550601097714" lon="137.80916901234033"><ele>2698.1172081818804</ele><time>2023-11-11T04:23:15Z</time></trkpt><trkpt lat="35.7476779658912" lon="137.80932606148184"><ele>2700.931878518313</ele><time>2023-11-11T04:23:52Z</time></trkpt><trkpt lat="35.747827165979636" lon="137.80945176470706"><ele>2707.540955759585</ele><time>2023-11-11T04:24:40Z</time></trkpt><trkpt lat="35.747998864265355" lon="137.80953345014143"><ele>2714.9812569413334</ele><time>2023-11-11T04:25:04Z</time></trkpt><trkpt lat="35.74814306112183" lon="137.8096753480323"><ele>2713.2795833228156</ele><time>2023-11-11T04:25:31Z</time></trkpt><trkpt lat="35.7482082307604" lon="137.8098876254767"><ele>2700.4837646912783</ele><time>2023-11-11T04:26:03Z</time></trkpt><trkpt lat="35.74819242024364" lon="137.8101127894688"><ele>2700.0384395197034</ele><time>2023-11-11T04:26:23Z</time></trkpt><trkpt lat="35.7482999562884" lon="137.8103067516062"><ele>2698.6086337249726</ele><time>2023-11-11T04:27:36Z</time></trkpt><trkpt lat="35.74837170219361" lon="137.81051699093538"><ele>2696.6993904300034</ele><time>2023-11-11T04:27:53Z</time></trkpt><trkpt lat="35.7485272257646" lon="137.81064845687817"><ele>2691.915801857598</ele><time>2023-11-11T04:28:09Z</time></trkpt><trkpt lat="35.74867995836026" lon="137.81077824219355"><ele>2685.414181424305</ele><time>2023-11-11T04:28:36Z</time></trkpt><trkpt lat="35.74884798685138" lon="137.81086044988126"><ele>2679.16481779702</ele><time>2023-11-11T04:28:57Z</time></trkpt><trkpt lat="35.74902867856286" lon="137.8108548119234"><ele>2664.5999619523063</ele><time>2023-11-11T04:29:54Z</time></trkpt><trkpt lat="35.74919446684508" lon="137.81096277135185"><ele>2654.0914833461866</ele><time>2023-11-11T04:30:41Z</time></trkpt><trkpt lat="35.74938485897843" lon="137.8109961070047"><ele>2653.316610366106</ele><time>2023-11-11T04:30:57Z</time></trkpt><trkpt lat="35.74955797305171" lon="137.8110861443971"><ele>2661.4011607775465</ele><time>2023-11-11T04:31:30Z</time></trkpt><trkpt lat="35.749699187347645" lon="137.8112403077151"><ele>2668.4609641153365</ele><time>2023-11-11T04:32:05Z</time></trkpt><trkpt lat="35.74983475920873" lon="137.81140257709663"><ele>2671.3705524383113</ele><time>2023-11-11T04:32:35Z</time></trkpt><trkpt lat="35.7499085190139" lon="137.81160939102176"><ele>2669.5469125257805</ele><time>2023-11-11T04:32:54Z</time></trkpt><trkpt lat="35.75002244822631" lon="137.8117898742249"><ele>2672.4769976362586</ele><time>2023-11-11T04:33:17Z</time></trkpt><trkpt lat="35.750115000317486" lon="137.81198473840922"><ele>2675.1373683037236</ele><time>2023-11-11T04:33:39Z</time></trkpt><trkpt lat="35.75026236465845" lon="137.8121156835086"><ele>2680.3461896060035</ele><time>2023-11-11T04:34:17Z</time></trkpt><trkpt lat="35.75038838834209" lon="137.8122748352297"><ele>2685.9403896937147</ele><time>2023-11-11T04:34:56Z</time></trkpt><trkpt lat="35.750558002126155" lon="137.81235106438538"><ele>2690.591740318574</ele><time>2023-11-11T04:35:27Z</time></trkpt><trkpt lat="35.750719017908914" lon="137.81245058963128"><ele>2690.9038942223415</ele><time>2023-11-11T04:36:16Z</time></trkpt><trkpt lat="35.75080695785972" lon="137.81264704370224"><ele>2695.5886540999636</ele><time>2023-11-11T04:36:36Z</time></trkpt><trkpt lat="35.750962417969504" lon="137.8127767080761"><ele>2701.5330469598994</ele><time>2023-11-11T04:37:04Z</time></trkpt><trkpt lat="35.75114896580703" lon="137.81275753056283"><ele>2703.2718350011855</ele><time>2023-11-11T04:37:31Z</time></trkpt><trkpt lat="35.751295467662494" lon="137.81289163517528"><ele>2703.940650702454</ele><time>2023-11-11T04:38:12Z</time></trkpt><trkpt lat="35.75143549174061" lon="137.81303255647887"><ele>2709.048569482751</ele><time>2023-11-11T04:38:37Z</time></trkpt><trkpt lat="35.75159225481578" lon="137.8131449118982"><ele>2714.974394506775</ele><time>2023-11-11T04:39:07Z</time></trkpt><trkpt lat="35.751778748892605" lon="137.8131894562784"><ele>2719.856219274923</ele><time>2023-11-11T04:39:40Z</time></trkpt><trkpt lat="35.751940045269826" lon="137.8132970172864"><ele>2727.678605732508</ele><time>2023-11-11T04:40:20Z</time></trkpt><trkpt lat="35.752122106537634" lon="137.81329278992737"><ele>2725.3430659919977</ele><time>2023-11-11T04:41:30Z</time></trkpt><trkpt lat="35.7523055514993" lon="137.81326863146612"><ele>2717.0655497051775</ele><time>2023-11-11T04:42:05Z</time></trkpt><trkpt lat="35.75248335419199" lon="137.81322215941904"><ele>2711.203540291637</ele><time>2023-11-11T04:42:39Z</time></trkpt><trkpt lat="35.75266503721922" lon="137.81323778106366"><ele>2709.0890704626217</ele><time>2023-11-11T04:43:00Z</time></trkpt><trkpt lat="35.75283892022543" lon="137.81330657128902"><ele>2712.3454335276037</ele><time>2023-11-11T04:43:20Z</time></trkpt><trkpt lat="35.753008163465424" lon="137.81340422327003"><ele>2712.1419805428013</ele><time>2023-11-11T04:43:39Z</time></trkpt><trkpt lat="35.753166190587486" lon="137.81352279565897"><ele>2708.183335069567</ele><time>2023-11-11T04:44:06Z</time></trkpt><trkpt lat="35.75335035511831" lon="137.8135020802542"><ele>2696.622532210313</ele><time>2023-11-11T04:44:46Z</time></trkpt><trkpt lat="35.753523389815186" lon="137.813436050546"><ele>2695.59093970526</ele><time>2023-11-11T04:45:08Z</time></trkpt><trkpt lat="35.75370889617414" lon="137.81341438676452"><ele>2690.116593693383</ele><time>2023-11-11T04:45:30Z</time></trkpt><trkpt lat="35.753888765609545" lon="137.81339636009605"><ele>2690.111908384599</ele><time>2023-11-11T04:45:48Z</time></trkpt><trkpt lat="35.75406705214603" lon="137.81331661053324"><ele>2684.928864268586</ele><time>2023-11-11T04:46:20Z</time></trkpt><trkpt lat="35.75424502081679" lon="137.81335500451777"><ele>2682.1610153876245</ele><time>2023-11-11T04:46:42Z</time></trkpt><trkpt lat="35.75441018981172" lon="137.81326394573142"><ele>2666.5685521028936</ele><time>2023-11-11T04:47:37Z</time></trkpt><trkpt lat="35.75459412977199" lon="137.81324400138575"><ele>2659.911424695514</ele><time>2023-11-11T04:48:10Z</time></trkpt><trkpt lat="35.75477527376353" lon="137.81329875320714"><ele>2660.3821345195174</ele><time>2023-11-11T04:48:34Z</time></trkpt><trkpt lat="35.754950481231326" lon="137.81337762594043"><ele>2658.0820314073935</ele><time>2023-11-11T04:48:57Z</time></trkpt><trkpt lat="35.755132846361974" lon="137.81341126198447"><ele>2645.1487558186054</ele><time>2023-11-11T04:49:32Z</time></trkpt><trkpt lat="35.75527553354565" lon="137.8132668443389"><ele>2631.7218434689566</ele><time>2023-11-11T04:50:42Z</time></trkpt><trkpt lat="35.755459920911825" lon="137.81323676220265"><ele>2625.4951769849285</ele><time>2023-11-11T04:51:09Z</time></trkpt><trkpt lat="35.755605526149466" lon="137.8131022838809"><ele>2616.98564109765</ele><time>2023-11-11T04:51:38Z</time></trkpt><trkpt lat="35.75573575928438" lon="137.8129484689938"><ele>2604.1529677230865</ele><time>2023-11-11T04:52:15Z</time></trkpt><trkpt lat="35.75590038791766" lon="137.81285750138494"><ele>2598.36408750806</ele><time>2023-11-11T04:52:39Z</time></trkpt><trkpt lat="35.75609084234183" lon="137.81288153876454"><ele>2584.6508749602363</ele><time>2023-11-11T04:53:16Z</time></trkpt><trkpt lat="35.756270648786995" lon="137.81290766161365"><ele>2582.4055629866198</ele><time>2023-11-11T04:53:44Z</time></trkpt><trkpt lat="35.75645278192175" lon="137.8128722725868"><ele>2572.6502025723457</ele><time>2023-11-11T04:54:07Z</time></trkpt><trkpt lat="35.7566209497153" lon="137.8127736751548"><ele>2566.8398941056803</ele><time>2023-11-11T04:54:43Z</time></trkpt><trkpt lat="35.75679775402117" lon="137.8127032003765"><ele>2551.721089345403</ele><time>2023-11-11T04:55:29Z</time></trkpt><trkpt lat="35.75697773580824" lon="137.81267684764356"><ele>2546.0930732330307</ele><time>2023-11-11T04:56:04Z</time></trkpt><trkpt lat="35.75715695733411" lon="137.81270232727326"><ele>2540.212347256951</ele><time>2023-11-11T04:56:29Z</time></trkpt><trkpt lat="35.757339659136555" lon="137.8126841676962"><ele>2543.4821163378656</ele><time>2023-11-11T04:56:52Z</time></trkpt><trkpt lat="35.75751345458423" lon="137.81261173382435"><ele>2543.5067369984463</ele><time>2023-11-11T04:57:09Z</time></trkpt><trkpt lat="35.75765934232514" lon="137.8124790945106"><ele>2552.22436905466</ele><time>2023-11-11T04:57:29Z</time></trkpt><trkpt lat="35.757842101394345" lon="137.81244624294808"><ele>2554.6024219961837</ele><time>2023-11-11T04:58:05Z</time></trkpt><trkpt lat="35.7579667153503" lon="137.81228444261575"><ele>2569.8337127529085</ele><time>2023-11-11T04:59:14Z</time></trkpt><trkpt lat="35.75813258103048" lon="137.81238977554855"><ele>2582.6956977779046</ele><time>2023-11-11T05:01:42Z</time></trkpt><trkpt lat="35.758314493531834" lon="137.81235934442182"><ele>2587.5655654603615</ele><time>2023-11-11T05:02:32Z</time></trkpt><trkpt lat="35.75848899876934" lon="137.81242408135327"><ele>2598.511271330528</ele><time>2023-11-11T05:03:37Z</time></trkpt><trkpt lat="35.75867013926347" lon="137.81239399459687"><ele>2603.1265171021223</ele><time>2023-11-11T05:04:16Z</time></trkpt><trkpt lat="35.75885001767591" lon="137.81234757489688"><ele>2612.8060391256586</ele><time>2023-11-11T05:05:04Z</time></trkpt><trkpt lat="35.758999836036224" lon="137.812220553995"><ele>2613.361894706264</ele><time>2023-11-11T05:05:41Z</time></trkpt><trkpt lat="35.75908700346615" lon="137.81202604485986"><ele>2616.5647659040987</ele><time>2023-11-11T05:06:27Z</time></trkpt><trkpt lat="35.75915233541617" lon="137.8118190823596"><ele>2639.8948641754687</ele><time>2023-11-11T05:08:04Z</time></trkpt><trkpt lat="35.75924911401556" lon="137.81162664584616"><ele>2648.2329528564587</ele><time>2023-11-11T05:09:00Z</time></trkpt><trkpt lat="35.75941947752951" lon="137.81154905702886"><ele>2657.1900000078604</ele><time>2023-11-11T05:09:38Z</time></trkpt><trkpt lat="35.75956167469712" lon="137.81169865313578"><ele>2651.0191701836884</ele><time>2023-11-11T05:16:31Z</time></trkpt><trkpt lat="35.75974316569563" lon="137.81166630155593"><ele>2663.235794552602</ele><time>2023-11-11T05:17:05Z</time></trkpt><trkpt lat="35.75991169872743" lon="137.81174901125615"><ele>2674.8810277897865</ele><time>2023-11-11T05:18:00Z</time></trkpt><trkpt lat="35.760080907009225" lon="137.81185055907096"><ele>2677.473359889351</ele><time>2023-11-11T05:19:03Z</time></trkpt><trkpt lat="35.760254691972754" lon="137.81177526607493"><ele>2690.7357838973403</ele><time>2023-11-11T05:20:10Z</time></trkpt><trkpt lat="35.76042881254929" lon="137.81185709498723"><ele>2691.885985759087</ele><time>2023-11-11T05:21:28Z</time></trkpt><trkpt lat="35.760591199773664" lon="137.81171071616757"><ele>2690.0717037077993</ele><time>2023-11-11T05:22:36Z</time></trkpt><trkpt lat="35.76068842090861" lon="137.81190326740068"><ele>2687.01612806879</ele><time>2023-11-11T05:23:27Z</time></trkpt><trkpt lat="35.760868781083595" lon="137.81192870411178"><ele>2689.118705623783</ele><time>2023-11-11T05:23:58Z</time></trkpt><trkpt lat="35.76105458766217" lon="137.81190544588546"><ele>2698.2009858395904</ele><time>2023-11-11T05:25:00Z</time></trkpt><trkpt lat="35.76121245913578" lon="137.8120207348042"><ele>2695.503575893119</ele><time>2023-11-11T05:25:58Z</time></trkpt><trkpt lat="35.76138110402803" lon="137.81211132620692"><ele>2698.2287310631946</ele><time>2023-11-11T05:26:20Z</time></trkpt><trkpt lat="35.76154606202071" lon="137.81200524372812"><ele>2694.6708479076624</ele><time>2023-11-11T05:27:26Z</time></trkpt><trkpt lat="35.761727672696615" lon="137.81198634812583"><ele>2694.5487494980916</ele><time>2023-11-11T05:28:26Z</time></trkpt><trkpt lat="35.76191435800598" lon="137.81201968811212"><ele>2694.936480531469</ele><time>2023-11-11T05:28:58Z</time></trkpt><trkpt lat="35.7620984154576" lon="137.8119957581255"><ele>2697.924070279114</ele><time>2023-11-11T05:29:33Z</time></trkpt><trkpt lat="35.762278094379106" lon="137.81202138435478"><ele>2698.1893488802016</ele><time>2023-11-11T05:29:58Z</time></trkpt><trkpt lat="35.76234786846176" lon="137.81181463505357"><ele>2689.6739323670045</ele><time>2023-11-11T05:31:21Z</time></trkpt><trkpt lat="35.762512569735755" lon="137.81171748359532"><ele>2680.491387697868</ele><time>2023-11-11T05:32:00Z</time></trkpt><trkpt lat="35.76254764831892" lon="137.81149675416603"><ele>2679.262866252102</ele><time>2023-11-11T05:33:03Z</time></trkpt><trkpt lat="35.76266138584012" lon="137.81131931415905"><ele>2666.2135213678703</ele><time>2023-11-11T05:34:09Z</time></trkpt><trkpt lat="35.762777724693876" lon="137.81114027988494"><ele>2653.8517076270655</ele><time>2023-11-11T05:35:10Z</time></trkpt><trkpt lat="35.76267108533264" lon="137.81095721554195"><ele>2659.4773827390745</ele><time>2023-11-11T05:35:51Z</time></trkpt><trkpt lat="35.76279284315356" lon="137.81079387109835"><ele>2646.784555592574</ele><time>2023-11-11T05:36:37Z</time></trkpt><trkpt lat="35.762968250468006" lon="137.8107205765336"><ele>2638.213164436631</ele><time>2023-11-11T05:37:05Z</time></trkpt><trkpt lat="35.763151288242916" lon="137.81071058943172"><ele>2629.1845429837704</ele><time>2023-11-11T05:37:29Z</time></trkpt><trkpt lat="35.7633109386814" lon="137.81059203354909"><ele>2625.279067121446</ele><time>2023-11-11T05:38:00Z</time></trkpt><trkpt lat="35.76345387604537" lon="137.81044508144348"><ele>2619.1897021755576</ele><time>2023-11-11T05:38:24Z</time></trkpt><trkpt lat="35.76362237216343" lon="137.81035936218285"><ele>2622.5572117436677</ele><time>2023-11-11T05:38:45Z</time></trkpt><trkpt lat="35.763801986772314" lon="137.8103836883575"><ele>2626.064798763022</ele><time>2023-11-11T05:39:15Z</time></trkpt><trkpt lat="35.76398361409743" lon="137.81044067328597"><ele>2630.4870777726173</ele><time>2023-11-11T05:39:44Z</time></trkpt><trkpt lat="35.76416147167164" lon="137.81040513825562"><ele>2633.462826830335</ele><time>2023-11-11T05:40:08Z</time></trkpt><trkpt lat="35.76434749056822" lon="137.8104071327466"><ele>2635.9128118092194</ele><time>2023-11-11T05:40:29Z</time></trkpt><trkpt lat="35.764530493126344" lon="137.8103699938368"><ele>2647.2455058889464</ele><time>2023-11-11T05:41:23Z</time></trkpt><trkpt lat="35.76469194353129" lon="137.81027043976874"><ele>2660.00728467945</ele><time>2023-11-11T05:42:17Z</time></trkpt><trkpt lat="35.76486026030805" lon="137.81036932586923"><ele>2667.6411233851686</ele><time>2023-11-11T05:43:16Z</time></trkpt><trkpt lat="35.765022454368975" lon="137.81026326928347"><ele>2677.396897711791</ele><time>2023-11-11T05:44:17Z</time></trkpt><trkpt lat="35.765201956918375" lon="137.8102880262532"><ele>2686.271596346982</ele><time>2023-11-11T05:45:11Z</time></trkpt><trkpt lat="35.76532868496321" lon="137.81013074319344"><ele>2687.136563496664</ele><time>2023-11-11T05:45:51Z</time></trkpt><trkpt lat="35.765514646938584" lon="137.8101326610791"><ele>2692.89948771894</ele><time>2023-11-11T05:46:31Z</time></trkpt><trkpt lat="35.765708782946874" lon="137.81014039035574"><ele>2700.2207805337384</ele><time>2023-11-11T05:47:16Z</time></trkpt><trkpt lat="35.76586898446759" lon="137.81003315516935"><ele>2700.1513192299753</ele><time>2023-11-11T05:47:47Z</time></trkpt><trkpt lat="35.76603630609364" lon="137.81012637750482"><ele>2701.126003762707</ele><time>2023-11-11T05:48:37Z</time></trkpt><trkpt lat="35.76617677509718" lon="137.8102729782473"><ele>2704.308808941394</ele><time>2023-11-11T05:49:02Z</time></trkpt><trkpt lat="35.766363023614716" lon="137.81033062310667"><ele>2698.3602015106007</ele><time>2023-11-11T05:49:43Z</time></trkpt><trkpt lat="35.766492759091335" lon="137.81048447635348"><ele>2698.981240688823</ele><time>2023-11-11T05:50:19Z</time></trkpt><trkpt lat="35.766673542417024" lon="137.81051953730295"><ele>2698.9692245628685</ele><time>2023-11-11T05:50:41Z</time></trkpt><trkpt lat="35.76685930447111" lon="137.81051337829638"><ele>2697.408828889951</ele><time>2023-11-11T05:50:57Z</time></trkpt><trkpt lat="35.7670469713973" lon="137.81052594205374"><ele>2697.7199517767876</ele><time>2023-11-11T05:51:15Z</time></trkpt><trkpt lat="35.76722813710093" lon="137.8105136505463"><ele>2698.6232293900102</ele><time>2023-11-11T05:51:33Z</time></trkpt><trkpt lat="35.76740703475538" lon="137.81046662910376"><ele>2704.2299394179136</ele><time>2023-11-11T05:51:56Z</time></trkpt><trkpt lat="35.767585749684265" lon="137.81049959802377"><ele>2700.8726635137573</ele><time>2023-11-11T05:52:19Z</time></trkpt><trkpt lat="35.76776822888353" lon="137.81045465302282"><ele>2703.085099549964</ele><time>2023-11-11T05:52:41Z</time></trkpt><trkpt lat="35.76793963483716" lon="137.81038152060307"><ele>2707.8471945552155</ele><time>2023-11-11T05:53:06Z</time></trkpt><trkpt lat="35.76811491654244" lon="137.81029504215743"><ele>2710.5704656857997</ele><time>2023-11-11T05:53:50Z</time></trkpt><trkpt lat="35.76829319111449" lon="137.81025063484833"><ele>2708.5276056127623</ele><time>2023-11-11T05:54:15Z</time></trkpt><trkpt lat="35.76847084501584" lon="137.8102912504808"><ele>2710.8581753680483</ele><time>2023-11-11T05:54:37Z</time></trkpt><trkpt lat="35.76864796525808" lon="137.81033277480464"><ele>2713.00330132246</ele><time>2023-11-11T05:54:54Z</time></trkpt><trkpt lat="35.76882769789802" lon="137.8103762228661"><ele>2719.959111124277</ele><time>2023-11-11T05:55:16Z</time></trkpt><trkpt lat="35.7690091426301" lon="137.8103865848102"><ele>2721.4034633524716</ele><time>2023-11-11T05:55:43Z</time></trkpt><trkpt lat="35.76919118938999" lon="137.81037684693"><ele>2720.9232430076227</ele><time>2023-11-11T05:56:22Z</time></trkpt><trkpt lat="35.76937829446229" lon="137.81032244864565"><ele>2725.349900815636</ele><time>2023-11-11T05:56:49Z</time></trkpt><trkpt lat="35.76955385004993" lon="137.81039120689164"><ele>2727.7517159460112</ele><time>2023-11-11T05:57:16Z</time></trkpt><trkpt lat="35.769704514664085" lon="137.81051796890054"><ele>2732.4788188952953</ele><time>2023-11-11T05:57:45Z</time></trkpt><trkpt lat="35.76988437115312" lon="137.81056765392594"><ele>2735.241582138464</ele><time>2023-11-11T05:58:13Z</time></trkpt><trkpt lat="35.77006314859073" lon="137.81052789139997"><ele>2738.4352928213775</ele><time>2023-11-11T05:58:52Z</time></trkpt><trkpt lat="35.77024712174258" lon="137.81052180715392"><ele>2740.2904105894268</ele><time>2023-11-11T05:59:20Z</time></trkpt><trkpt lat="35.77042258196947" lon="137.8104684563638"><ele>2744.85194400046</ele><time>2023-11-11T05:59:50Z</time></trkpt><trkpt lat="35.77059950448729" lon="137.81041535746297"><ele>2749.618784993887</ele><time>2023-11-11T06:00:27Z</time></trkpt><trkpt lat="35.77077861078331" lon="137.81038274018454"><ele>2752.6990863950923</ele><time>2023-11-11T06:01:08Z</time></trkpt><trkpt lat="35.77095910171306" lon="137.81034747857743"><ele>2758.3393528433517</ele><time>2023-11-11T06:01:49Z</time></trkpt><trkpt lat="35.77110393826178" lon="137.8104807910987"><ele>2770.1239060703665</ele><time>2023-11-11T06:02:39Z</time></trkpt><trkpt lat="35.77125685787758" lon="137.8105996393449"><ele>2778.6984261330217</ele><time>2023-11-11T06:03:33Z</time></trkpt><trkpt lat="35.77142637343728" lon="137.81052394004462"><ele>2788.4683005865663</ele><time>2023-11-11T06:05:06Z</time></trkpt><trkpt lat="35.77160221356001" lon="137.81047444936831"><ele>2800.994505575858</ele><time>2023-11-11T06:06:25Z</time></trkpt><trkpt lat="35.771779522653794" lon="137.81043145825532"><ele>2806.896999035962</ele><time>2023-11-11T06:07:20Z</time></trkpt><trkpt lat="35.77188627267784" lon="137.81025248813268"><ele>2810.4756816076115</ele><time>2023-11-11T06:07:57Z</time></trkpt><trkpt lat="35.772016784896245" lon="137.81009719718233"><ele>2820.4378907550126</ele><time>2023-11-11T06:09:12Z</time></trkpt><trkpt lat="35.77212872348345" lon="137.80992261650002"><ele>2830.728948519565</ele><time>2023-11-11T06:10:42Z</time></trkpt><trkpt lat="35.77230415423362" lon="137.80986021993888"><ele>2838.800207962282</ele><time>2023-11-11T06:11:43Z</time></trkpt><trkpt lat="35.77248472610766" lon="137.80986492432203"><ele>2843.4030011715367</ele><time>2023-11-11T06:12:26Z</time></trkpt><trkpt lat="35.772666761931866" lon="137.8098400527036"><ele>2845.255777530372</ele><time>2023-11-11T06:12:56Z</time></trkpt><trkpt lat="35.77285136697046" lon="137.8098069072226"><ele>2848.6092387307435</ele><time>2023-11-11T06:13:25Z</time></trkpt><trkpt lat="35.77302639503746" lon="137.80973170013002"><ele>2852.356076423079</ele><time>2023-11-11T06:13:54Z</time></trkpt><trkpt lat="35.773206211009864" lon="137.8097036806013"><ele>2851.5248673474416</ele><time>2023-11-11T06:20:17Z</time></trkpt><trkpt lat="35.77338680201229" lon="137.80973786693338"><ele>2852.496738498099</ele><time>2023-11-11T06:20:35Z</time></trkpt><trkpt lat="35.77357343543162" lon="137.80975399077494"><ele>2849.0814045220613</ele><time>2023-11-11T06:20:52Z</time></trkpt><trkpt lat="35.77374500418787" lon="137.8098233197529"><ele>2847.4216328784823</ele><time>2023-11-11T06:21:07Z</time></trkpt><trkpt lat="35.77391434260532" lon="137.80993322425405"><ele>2844.6766961384565</ele><time>2023-11-11T06:21:28Z</time></trkpt><trkpt lat="35.77410528012213" lon="137.8099213664306"><ele>2839.7056733500212</ele><time>2023-11-11T06:21:53Z</time></trkpt><trkpt lat="35.774285680949575" lon="137.8098802493915"><ele>2836.979124153033</ele><time>2023-11-11T06:22:08Z</time></trkpt><trkpt lat="35.7744704229443" lon="137.80982487635373"><ele>2838.3024977482855</ele><time>2023-11-11T06:22:22Z</time></trkpt><trkpt lat="35.77465433746877" lon="137.8097753600914"><ele>2834.525366317481</ele><time>2023-11-11T06:22:39Z</time></trkpt><trkpt lat="35.7748197873992" lon="137.80968532150885"><ele>2834.149830514565</ele><time>2023-11-11T06:22:54Z</time></trkpt><trkpt lat="35.77500293204379" lon="137.80964261055047"><ele>2831.9926377935335</ele><time>2023-11-11T06:23:10Z</time></trkpt><trkpt lat="35.77516166909081" lon="137.80953246844152"><ele>2830.3666179385036</ele><time>2023-11-11T06:23:26Z</time></trkpt><trkpt lat="35.775329576274416" lon="137.80941576082205"><ele>2831.8083794470876</ele><time>2023-11-11T06:23:43Z</time></trkpt><trkpt lat="35.775512520468055" lon="137.80935358370942"><ele>2832.8131075398996</ele><time>2023-11-11T06:24:01Z</time></trkpt><trkpt lat="35.77568775105534" lon="137.80929925018256"><ele>2834.1190995080397</ele><time>2023-11-11T06:24:26Z</time></trkpt><trkpt lat="35.77586898126607" lon="137.80934300072119"><ele>2826.491849835962</ele><time>2023-11-11T06:24:51Z</time></trkpt><trkpt lat="35.776058614668486" lon="137.8093406214023"><ele>2825.4477985370904</ele><time>2023-11-11T06:25:06Z</time></trkpt><trkpt lat="35.776242134979164" lon="137.8093690332128"><ele>2829.2895472338423</ele><time>2023-11-11T06:25:23Z</time></trkpt><trkpt lat="35.77642460287721" lon="137.8093831708412"><ele>2831.8059611525387</ele><time>2023-11-11T06:25:44Z</time></trkpt><trkpt lat="35.77660902031495" lon="137.80936099959084"><ele>2835.3760105054826</ele><time>2023-11-11T06:26:06Z</time></trkpt><trkpt lat="35.77679122190016" lon="137.80936689199535"><ele>2837.2854421865195</ele><time>2023-11-11T06:26:28Z</time></trkpt><trkpt lat="35.776968730093365" lon="137.8093064075382"><ele>2840.5612733745947</ele><time>2023-11-11T06:26:53Z</time></trkpt><trkpt lat="35.77714341874692" lon="137.8092398680855"><ele>2842.0333729032427</ele><time>2023-11-11T06:27:23Z</time></trkpt><trkpt lat="35.777325181506704" lon="137.8092173704101"><ele>2847.5072473129258</ele><time>2023-11-11T06:27:50Z</time></trkpt><trkpt lat="35.777500625390445" lon="137.80914502580762"><ele>2852.098905821331</ele><time>2023-11-11T06:28:17Z</time></trkpt><trkpt lat="35.777686808074726" lon="137.80910009374315"><ele>2857.040602418594</ele><time>2023-11-11T06:28:46Z</time></trkpt><trkpt lat="35.777866974185905" lon="137.80906400095122"><ele>2859.918122150004</ele><time>2023-11-11T06:29:11Z</time></trkpt><trkpt lat="35.77805382484949" lon="137.80903719069065"><ele>2862.450504668057</ele><time>2023-11-11T06:29:36Z</time></trkpt><trkpt lat="35.778232604030514" lon="137.80898849765651"><ele>2864.4503501811996</ele><time>2023-11-11T06:30:02Z</time></trkpt><trkpt lat="35.7784094651219" lon="137.80894286095315"><ele>2866.240518379025</ele><time>2023-11-11T06:30:28Z</time></trkpt><trkpt lat="35.77858454613108" lon="137.80887907339405"><ele>2869.5378895858303</ele><time>2023-11-11T06:30:52Z</time></trkpt><trkpt lat="35.778765259600085" lon="137.8088326208369"><ele>2873.9881477877498</ele><time>2023-11-11T06:31:21Z</time></trkpt><trkpt lat="35.778937454591926" lon="137.80875227162073"><ele>2875.8875126903877</ele><time>2023-11-11T06:31:43Z</time></trkpt><trkpt lat="35.77912246328165" lon="137.80872529484523"><ele>2879.2554946485907</ele><time>2023-11-11T06:32:06Z</time></trkpt><trkpt lat="35.779275973236246" lon="137.80860906666658"><ele>2878.6037142863497</ele><time>2023-11-11T06:32:32Z</time></trkpt><trkpt lat="35.779418276668856" lon="137.80876216182756"><ele>2873.290456430055</ele><time>2023-11-11T06:33:08Z</time></trkpt><trkpt lat="35.77959847575093" lon="137.8087790528548"><ele>2871.4258747976273</ele><time>2023-11-11T06:33:35Z</time></trkpt><trkpt lat="35.779762381246414" lon="137.80866584715454"><ele>2882.416947213933</ele><time>2023-11-11T06:35:13Z</time></trkpt><trkpt lat="35.779935445883005" lon="137.80874140710438"><ele>2880.189660012722</ele><time>2023-11-11T06:37:29Z</time></trkpt><trkpt lat="35.78010581146921" lon="137.80866793090183"><ele>2868.5024682469666</ele><time>2023-11-11T06:39:07Z</time></trkpt><trkpt lat="35.7802868389948" lon="137.80874143079382"><ele>2872.2957678064704</ele><time>2023-11-11T06:40:56Z</time></trkpt><trkpt lat="35.780474857019534" lon="137.80875573780537"><ele>2871.3667693808675</ele><time>2023-11-11T06:44:29Z</time></trkpt><trkpt lat="35.780619518041924" lon="137.80888862525984"><ele>2876.9730644626543</ele><time>2023-11-11T06:45:49Z</time></trkpt><trkpt lat="35.78079844034286" lon="137.80894378943128"><ele>2887.658997614868</ele><time>2023-11-11T06:47:03Z</time></trkpt><trkpt lat="35.780975046907706" lon="137.80889836598314"><ele>2885.2308851741254</ele><time>2023-11-11T06:47:58Z</time></trkpt><trkpt lat="35.78115214600321" lon="137.80894584697143"><ele>2888.8196035400033</ele><time>2023-11-11T06:49:33Z</time></trkpt><trkpt lat="35.78129893641379" lon="137.80910343334935"><ele>2900.9919940046966</ele><time>2023-11-11T06:51:57Z</time></trkpt><trkpt lat="35.78146246615881" lon="137.8092154740209"><ele>2899.295205979608</ele><time>2023-11-11T06:55:13Z</time></trkpt><trkpt lat="35.78162601447639" lon="137.8091193719529"><ele>2899.0008643520996</ele><time>2023-11-11T06:57:43Z</time></trkpt><trkpt lat="35.781785941741816" lon="137.80901113858678"><ele>2888.2776539213955</ele><time>2023-11-11T07:00:28Z</time></trkpt><trkpt lat="35.78196629006601" lon="137.8089576961686"><ele>2889.4545188406482</ele><time>2023-11-11T07:01:45Z</time></trkpt><trkpt lat="35.78214483162546" lon="137.80899468038348"><ele>2883.43273744639</ele><time>2023-11-11T07:02:42Z</time></trkpt><trkpt lat="35.78229547308235" lon="137.80913577257988"><ele>2880.195198387839</ele><time>2023-11-11T07:03:07Z</time></trkpt><trkpt lat="35.78247558840972" lon="137.8091789761973"><ele>2875.6630467399955</ele><time>2023-11-11T07:03:45Z</time></trkpt><trkpt lat="35.782655114822674" lon="137.8092498214245"><ele>2870.4082790669054</ele><time>2023-11-11T07:04:13Z</time></trkpt><trkpt lat="35.78281502289504" lon="137.80914561152733"><ele>2865.159458379261</ele><time>2023-11-11T07:04:47Z</time></trkpt><trkpt lat="35.78294138129663" lon="137.8089738043223"><ele>2863.3449315894395</ele><time>2023-11-11T07:05:09Z</time></trkpt><trkpt lat="35.783090018972345" lon="137.8088344832019"><ele>2861.313620963134</ele><time>2023-11-11T07:07:21Z</time></trkpt><trkpt lat="35.78327258599011" lon="137.80882459345722"><ele>2865.123407498002</ele><time>2023-11-11T07:11:10Z</time></trkpt><trkpt lat="35.78342870460996" lon="137.80870165280527"><ele>2863.419134407304</ele><time>2023-11-11T07:11:29Z</time></trkpt><trkpt lat="35.783581995067806" lon="137.80856945979986"><ele>2862.218251894228</ele><time>2023-11-11T07:11:50Z</time></trkpt><trkpt lat="35.783713097281954" lon="137.80841531400532"><ele>2861.41081098374</ele><time>2023-11-11T07:12:07Z</time></trkpt><trkpt lat="35.78387271355729" lon="137.80828594583292"><ele>2862.965524944477</ele><time>2023-11-11T07:12:22Z</time></trkpt><trkpt lat="35.78400457387532" lon="137.80812411317945"><ele>2864.482190466486</ele><time>2023-11-11T07:12:41Z</time></trkpt><trkpt lat="35.78417156605736" lon="137.80803750197964"><ele>2865.61981399823</ele><time>2023-11-11T07:13:04Z</time></trkpt><trkpt lat="35.78434042407621" lon="137.8079457584247"><ele>2868.513970512897</ele><time>2023-11-11T07:13:27Z</time></trkpt><trkpt lat="35.78451814704452" lon="137.80786443709883"><ele>2870.9950078986585</ele><time>2023-11-11T07:13:54Z</time></trkpt><trkpt lat="35.78468724585487" lon="137.8077781785424"><ele>2873.5799300558865</ele><time>2023-11-11T07:14:18Z</time></trkpt><trkpt lat="35.78486567574565" lon="137.80773403044756"><ele>2876.0696805184707</ele><time>2023-11-11T07:14:42Z</time></trkpt><trkpt lat="35.78505066101604" lon="137.80770644117908"><ele>2881.45763038937</ele><time>2023-11-11T07:15:07Z</time></trkpt><trkpt lat="35.78521334453136" lon="137.80780332927856"><ele>2885.6309383492917</ele><time>2023-11-11T07:15:36Z</time></trkpt><trkpt lat="35.7853938219042" lon="137.80780194677266"><ele>2886.9289456270635</ele><time>2023-11-11T07:16:14Z</time></trkpt><trkpt lat="35.785576783289734" lon="137.80782203425736"><ele>2896.836379974149</ele><time>2023-11-11T07:16:59Z</time></trkpt><trkpt lat="35.78575059948722" lon="137.80790033421226"><ele>2900.492540079169</ele><time>2023-11-11T07:17:36Z</time></trkpt><trkpt lat="35.785915775540275" lon="137.80780667816043"><ele>2906.7897625640035</ele><time>2023-11-11T07:18:39Z</time></trkpt><trkpt lat="35.78609484550158" lon="137.80777558287573"><ele>2911.155711559579</ele><time>2023-11-11T07:19:30Z</time></trkpt><trkpt lat="35.78621289290649" lon="137.8076032200235"><ele>2913.0266371760517</ele><time>2023-11-11T07:21:50Z</time></trkpt><trkpt lat="35.786333555005385" lon="137.80743497441847"><ele>2904.0897602112964</ele><time>2023-11-11T07:23:33Z</time></trkpt><trkpt lat="35.78648400654512" lon="137.80731171797729"><ele>2893.2272904859856</ele><time>2023-11-11T07:25:06Z</time></trkpt><trkpt lat="35.7865707919858" lon="137.807108867852"><ele>2884.234427791089</ele><time>2023-11-11T07:26:10Z</time></trkpt><trkpt lat="35.7867186933556" lon="137.80698000654985"><ele>2878.177169131115</ele><time>2023-11-11T07:26:42Z</time></trkpt><trkpt lat="35.78689822625892" lon="137.80691702421865"><ele>2875.9908156609163</ele><time>2023-11-11T07:27:01Z</time></trkpt><trkpt lat="35.7870692118154" lon="137.80681691590306"><ele>2869.811312946491</ele><time>2023-11-11T07:27:21Z</time></trkpt><trkpt lat="35.78723544644495" lon="137.80672297307405"><ele>2864.7459284914657</ele><time>2023-11-11T07:27:41Z</time></trkpt><trkpt lat="35.787378064926585" lon="137.806581270713"><ele>2862.1754814581946</ele><time>2023-11-11T07:27:57Z</time></trkpt><trkpt lat="35.78749792461307" lon="137.80641034376558"><ele>2858.7401472413912</ele><time>2023-11-11T07:28:10Z</time></trkpt><trkpt lat="35.787536859495646" lon="137.80619021460316"><ele>2861.3226006291807</ele><time>2023-11-11T07:28:33Z</time></trkpt><trkpt lat="35.78765859389778" lon="137.80602026460176"><ele>2862.42480412405</ele><time>2023-11-11T07:29:01Z</time></trkpt><trkpt lat="35.78777330144105" lon="137.80584535508225"><ele>2867.0862537743524</ele><time>2023-11-11T07:29:28Z</time></trkpt><trkpt lat="35.787950062214406" lon="137.8057664468395"><ele>2871.1762416139245</ele><time>2023-11-11T07:30:06Z</time></trkpt><trkpt lat="35.78812868373564" lon="137.80571664011558"><ele>2878.0069370521232</ele><time>2023-11-11T07:30:43Z</time></trkpt><trkpt lat="35.78830822197372" lon="137.8056478973691"><ele>2882.0326891932636</ele><time>2023-11-11T07:31:26Z</time></trkpt><trkpt lat="35.78847263916032" lon="137.8055439562497"><ele>2887.4247546978295</ele><time>2023-11-11T07:32:11Z</time></trkpt><trkpt lat="35.78863642870523" lon="137.80543051850788"><ele>2894.334121124819</ele><time>2023-11-11T07:33:01Z</time></trkpt><trkpt lat="35.788801237918015" lon="137.80533751239238"><ele>2901.3398552220315</ele><time>2023-11-11T07:33:55Z</time></trkpt><trkpt lat="35.7888902227028" lon="137.8051405305108"><ele>2910.8030940666795</ele><time>2023-11-11T07:34:45Z</time></trkpt><trkpt lat="35.78894590519033" lon="137.804925832879"><ele>2921.442113634199</ele><time>2023-11-11T07:35:58Z</time></trkpt><trkpt lat="35.78896052067145" lon="137.80470539921768"><ele>2927.911950566806</ele><time>2023-11-11T07:36:43Z</time></trkpt><trkpt lat="35.789141203998824" lon="137.80464229424842"><ele>2935.468351237476</ele><time>2023-11-11T07:37:51Z</time></trkpt><trkpt lat="35.7893039362523" lon="137.80454063302545"><ele>2940.652228194289</ele><time>2023-11-11T07:38:55Z</time></trkpt><trkpt lat="35.78945035762226" lon="137.8046895044903"><ele>2943.173841683194</ele><time>2023-11-11T07:39:28Z</time></trkpt><trkpt lat="35.78955780432466" lon="137.8045101025929"><ele>2946.22178196162</ele><time>2023-11-11T07:50:13Z</time></trkpt><trkpt lat="35.789395181712564" lon="137.80462823608735"><ele>2943.353087948635</ele><time>2023-11-11T07:51:01Z</time></trkpt><trkpt lat="35.78923646427535" lon="137.8045150411984"><ele>2940.466306303628</ele><time>2023-11-11T07:51:20Z</time></trkpt><trkpt lat="35.789096092714566" lon="137.80467071825362"><ele>2932.3001726372167</ele><time>2023-11-11T07:51:55Z</time></trkpt><trkpt lat="35.78892808005754" lon="137.80475062881771"><ele>2924.0821097996086</ele><time>2023-11-11T07:52:36Z</time></trkpt><trkpt lat="35.78893390146115" lon="137.8049742661233"><ele>2920.0544532956555</ele><time>2023-11-11T07:53:13Z</time></trkpt><trkpt lat="35.78887610558795" lon="137.80518931980492"><ele>2907.6868460234255</ele><time>2023-11-11T07:54:29Z</time></trkpt><trkpt lat="35.78874598022987" lon="137.80535071960688"><ele>2897.008767383173</ele><time>2023-11-11T07:55:16Z</time></trkpt><trkpt lat="35.788591161584776" lon="137.80546635457668"><ele>2891.264034241438</ele><time>2023-11-11T07:55:44Z</time></trkpt><trkpt lat="35.788425455970696" lon="137.8055679402587"><ele>2884.5213980050758</ele><time>2023-11-11T07:56:19Z</time></trkpt><trkpt lat="35.788257800975195" lon="137.8056576754728"><ele>2878.5117112454027</ele><time>2023-11-11T07:56:50Z</time></trkpt><trkpt lat="35.78808543316352" lon="137.80573473324702"><ele>2873.911938567646</ele><time>2023-11-11T07:57:15Z</time></trkpt><trkpt lat="35.787904627780556" lon="137.80579128592768"><ele>2868.4447341375053</ele><time>2023-11-11T07:57:47Z</time></trkpt><trkpt lat="35.787749135975304" lon="137.80590670831393"><ele>2863.9255261421204</ele><time>2023-11-11T07:58:17Z</time></trkpt><trkpt lat="35.78762432554118" lon="137.806067681111"><ele>2859.5648352131248</ele><time>2023-11-11T07:58:44Z</time></trkpt><trkpt lat="35.78750814290265" lon="137.80624109148195"><ele>2857.5307307522744</ele><time>2023-11-11T07:59:07Z</time></trkpt><trkpt lat="35.78747052628541" lon="137.80646065855908"><ele>2858.444026429206</ele><time>2023-11-11T07:59:38Z</time></trkpt><trkpt lat="35.78733772812294" lon="137.8066179189812"><ele>2860.3229924412444</ele><time>2023-11-11T08:00:02Z</time></trkpt><trkpt lat="35.787185891784695" lon="137.80673919440324"><ele>2864.1383616002277</ele><time>2023-11-11T08:00:32Z</time></trkpt><trkpt lat="35.78701278049044" lon="137.80681408049668"><ele>2866.927749129012</ele><time>2023-11-11T08:01:03Z</time></trkpt><trkpt lat="35.78685285273193" lon="137.8069251848778"><ele>2870.931564048864</ele><time>2023-11-11T08:01:36Z</time></trkpt><trkpt lat="35.786686815566945" lon="137.80702004854052"><ele>2876.6708448324353</ele><time>2023-11-11T08:02:22Z</time></trkpt><trkpt lat="35.78653707970954" lon="137.80714582089533"><ele>2881.880285356194</ele><time>2023-11-11T08:03:05Z</time></trkpt><trkpt lat="35.78647297655633" lon="137.8073575944806"><ele>2889.9842563830316</ele><time>2023-11-11T08:03:59Z</time></trkpt><trkpt lat="35.78631946613322" lon="137.80747797072652"><ele>2901.510068871081</ele><time>2023-11-11T08:05:09Z</time></trkpt><trkpt lat="35.78619739013004" lon="137.8076450462407"><ele>2913.8544410830364</ele><time>2023-11-11T08:06:19Z</time></trkpt><trkpt lat="35.7860616347081" lon="137.80779990993327"><ele>2910.6380938570946</ele><time>2023-11-11T08:07:16Z</time></trkpt><trkpt lat="35.78588178812598" lon="137.8078421115341"><ele>2901.8470781510696</ele><time>2023-11-11T08:08:01Z</time></trkpt><trkpt lat="35.785697466796954" lon="137.80784594431853"><ele>2895.8208878682926</ele><time>2023-11-11T08:08:25Z</time></trkpt><trkpt lat="35.7855150357796" lon="137.80779488918876"><ele>2894.4373475359753</ele><time>2023-11-11T08:08:42Z</time></trkpt><trkpt lat="35.78533180690218" lon="137.8077827023354"><ele>2884.8663270259276</ele><time>2023-11-11T08:09:18Z</time></trkpt><trkpt lat="35.78514883246695" lon="137.8077419175852"><ele>2881.816982731223</ele><time>2023-11-11T08:09:43Z</time></trkpt><trkpt lat="35.784966843834056" lon="137.80771018196842"><ele>2877.1274197623134</ele><time>2023-11-11T08:10:08Z</time></trkpt><trkpt lat="35.78478384645961" lon="137.80773438790985"><ele>2873.0659802947193</ele><time>2023-11-11T08:10:25Z</time></trkpt><trkpt lat="35.78460845098552" lon="137.80781434019434"><ele>2871.496127645485</ele><time>2023-11-11T08:10:46Z</time></trkpt><trkpt lat="35.78444481609672" lon="137.80790970442663"><ele>2869.7348704086617</ele><time>2023-11-11T08:11:08Z</time></trkpt><trkpt lat="35.784277122364045" lon="137.80799794889356"><ele>2868.1235155873</ele><time>2023-11-11T08:11:31Z</time></trkpt><trkpt lat="35.78410137994279" lon="137.8080834941915"><ele>2863.786551418714</ele><time>2023-11-11T08:11:51Z</time></trkpt><trkpt lat="35.78394093508321" lon="137.80820429472078"><ele>2862.713198866695</ele><time>2023-11-11T08:12:08Z</time></trkpt><trkpt lat="35.78380014360212" lon="137.80835086522472"><ele>2861.279525751248</ele><time>2023-11-11T08:12:25Z</time></trkpt><trkpt lat="35.783658935807146" lon="137.8084973378486"><ele>2860.596084361896</ele><time>2023-11-11T08:12:42Z</time></trkpt><trkpt lat="35.783533346027916" lon="137.80865777629995"><ele>2859.1597255514935</ele><time>2023-11-11T08:13:01Z</time></trkpt><trkpt lat="35.78338360626464" lon="137.80879141034058"><ele>2860.8215003721416</ele><time>2023-11-11T08:13:21Z</time></trkpt><trkpt lat="35.78320594134389" lon="137.80883594873754"><ele>2859.5430499240756</ele><time>2023-11-11T08:13:44Z</time></trkpt><trkpt lat="35.78302815999264" lon="137.80888226125623"><ele>2858.174024667591</ele><time>2023-11-11T08:14:00Z</time></trkpt><trkpt lat="35.78303833809392" lon="137.80910323430584"><ele>2858.592088506557</ele><time>2023-11-11T08:14:42Z</time></trkpt><trkpt lat="35.78308080545011" lon="137.80931969434792"><ele>2851.519540147856</ele><time>2023-11-11T08:16:09Z</time></trkpt><trkpt lat="35.78315314742457" lon="137.80952441758654"><ele>2851.377790544182</ele><time>2023-11-11T08:16:35Z</time></trkpt><trkpt lat="35.783167681502405" lon="137.80975467893057"><ele>2851.8893570238724</ele><time>2023-11-11T08:16:52Z</time></trkpt><trkpt lat="35.78317412203674" lon="137.80997731719077"><ele>2851.632221341133</ele><time>2023-11-11T08:17:09Z</time></trkpt><trkpt lat="35.78320480444246" lon="137.81019696603164"><ele>2849.7936164839193</ele><time>2023-11-11T08:17:29Z</time></trkpt><trkpt lat="35.78325646983377" lon="137.81040913284411"><ele>2848.686768556945</ele><time>2023-11-11T08:18:17Z</time></trkpt><trkpt lat="35.78321587910902" lon="137.8106306867656"><ele>2848.2181662628427</ele><time>2023-11-11T08:18:34Z</time></trkpt><trkpt lat="35.78316697999678" lon="137.810851692187"><ele>2848.123002147302</ele><time>2023-11-11T08:18:51Z</time></trkpt><trkpt lat="35.78314189461579" lon="137.81107421136284"><ele>2852.258243901655</ele><time>2023-11-11T08:19:13Z</time></trkpt><trkpt lat="35.78316773711009" lon="137.81130982516257"><ele>2853.6807277956977</ele><time>2023-11-11T08:19:42Z</time></trkpt><trkpt lat="35.78321969137703" lon="137.81153113445038"><ele>2855.142513997853</ele><time>2023-11-11T08:20:06Z</time></trkpt><trkpt lat="35.78327310117889" lon="137.81174291437"><ele>2857.785273041576</ele><time>2023-11-11T08:20:31Z</time></trkpt><trkpt lat="35.7833405782825" lon="137.8119561054031"><ele>2862.5328729748726</ele><time>2023-11-11T08:21:18Z</time></trkpt><trkpt lat="35.78341645279217" lon="137.81216191602317"><ele>2864.527501443401</ele><time>2023-11-11T08:21:45Z</time></trkpt><trkpt lat="35.7834945275742" lon="137.81236626769868"><ele>2868.350089560263</ele><time>2023-11-11T08:22:15Z</time></trkpt><trkpt lat="35.78354594645044" lon="137.81258001544256"><ele>2871.581818088889</ele><time>2023-11-11T08:22:40Z</time></trkpt><trkpt lat="35.78360171199962" lon="137.8127933321074"><ele>2876.4078781865537</ele><time>2023-11-11T08:24:29Z</time></trkpt><trkpt lat="35.78366164986397" lon="137.81301306941143"><ele>2878.635899666697</ele><time>2023-11-11T08:24:41Z</time></trkpt><trkpt lat="35.78374094682239" lon="137.81321559122742"><ele>2880.359228370711</ele><time>2023-11-11T08:24:56Z</time></trkpt><trkpt lat="35.78388467207732" lon="137.81335272852598"><ele>2879.6268843142316</ele><time>2023-11-11T08:25:17Z</time></trkpt><trkpt lat="35.78394237913757" lon="137.81356322177012"><ele>2884.2637148769572</ele><time>2023-11-11T08:25:41Z</time></trkpt><trkpt lat="35.784001406661154" lon="137.81378235741911"><ele>2888.0556015893817</ele><time>2023-11-11T08:26:04Z</time></trkpt><trkpt lat="35.78407629103614" lon="137.8139901788402"><ele>2886.572676004842</ele><time>2023-11-11T08:26:25Z</time></trkpt><trkpt lat="35.78410569822448" lon="137.81421924852043"><ele>2885.2178375488147</ele><time>2023-11-11T08:26:53Z</time></trkpt><trkpt lat="35.78411727954575" lon="137.81444768628396"><ele>2887.2263351529837</ele><time>2023-11-11T08:27:15Z</time></trkpt><trkpt lat="35.78411919900072" lon="137.8146875534866"><ele>2888.8381882291287</ele><time>2023-11-11T08:27:37Z</time></trkpt><trkpt lat="35.78407867453485" lon="137.81490610617183"><ele>2889.7171935345978</ele><time>2023-11-11T08:27:58Z</time></trkpt><trkpt lat="35.78416114970679" lon="137.81511688219945"><ele>2887.4199808556587</ele><time>2023-11-11T08:28:47Z</time></trkpt><trkpt lat="35.78418933957303" lon="137.81533676915063"><ele>2881.235005958937</ele><time>2023-11-11T08:29:31Z</time></trkpt><trkpt lat="35.784260819114465" lon="137.8155414793632"><ele>2875.9729065038264</ele><time>2023-11-11T08:29:56Z</time></trkpt><trkpt lat="35.78430519664638" lon="137.8157623824926"><ele>2876.776404099539</ele><time>2023-11-11T08:32:05Z</time></trkpt><trkpt lat="35.784334415338535" lon="137.81598394207833"><ele>2872.13185196463</ele><time>2023-11-11T08:32:29Z</time></trkpt><trkpt lat="35.78434228049367" lon="137.81620995838543"><ele>2870.6908420780674</ele><time>2023-11-11T08:32:51Z</time></trkpt><trkpt lat="35.784380560406134" lon="137.81643624720817"><ele>2870.978713528253</ele><time>2023-11-11T08:33:15Z</time></trkpt><trkpt lat="35.78436684260101" lon="137.8166669387834"><ele>2869.3548667244613</ele><time>2023-11-11T08:33:36Z</time></trkpt><trkpt lat="35.78432251920086" lon="137.81688990362758"><ele>2867.6621335512027</ele><time>2023-11-11T08:33:55Z</time></trkpt><trkpt lat="35.78424810444461" lon="137.81709156881843"><ele>2865.995162458159</ele><time>2023-11-11T08:34:15Z</time></trkpt><trkpt lat="35.78426062240564" lon="137.81731553704816"><ele>2867.852526404895</ele><time>2023-11-11T08:34:38Z</time></trkpt><trkpt lat="35.7842633531821" lon="137.81754742811057"><ele>2871.1998250856996</ele><time>2023-11-11T08:35:10Z</time></trkpt><trkpt lat="35.78424178884074" lon="137.8177682028023"><ele>2871.0765491724014</ele><time>2023-11-11T08:35:35Z</time></trkpt><trkpt lat="35.7841956757301" lon="137.8179907024715"><ele>2871.577685979195</ele><time>2023-11-11T08:35:57Z</time></trkpt><trkpt lat="35.784193425941105" lon="137.81821236682254"><ele>2871.6672436138615</ele><time>2023-11-11T08:36:24Z</time></trkpt><trkpt lat="35.78418951798749" lon="137.81843596325314"><ele>2871.0086561590433</ele><time>2023-11-11T08:36:57Z</time></trkpt><trkpt lat="35.78417716918182" lon="137.8186592732583"><ele>2868.4765336122364</ele><time>2023-11-11T08:37:20Z</time></trkpt><trkpt lat="35.78413428951818" lon="137.81888586614593"><ele>2868.972084992565</ele><time>2023-11-11T08:37:45Z</time></trkpt><trkpt lat="35.78409634717362" lon="137.81911776422996"><ele>2868.0810205200687</ele><time>2023-11-11T08:38:27Z</time></trkpt><trkpt lat="35.78400746331316" lon="137.81931251541351"><ele>2873.039795764722</ele><time>2023-11-11T08:43:34Z</time></trkpt><trkpt lat="35.78393754138686" lon="137.81952409116514"><ele>2872.3769822344184</ele><time>2023-11-11T08:43:58Z</time></trkpt><trkpt lat="35.783875634661854" lon="137.8197341273732"><ele>2870.3609259519726</ele><time>2023-11-11T08:44:16Z</time></trkpt><trkpt lat="35.78383117741422" lon="137.81995199677368"><ele>2864.3357723355293</ele><time>2023-11-11T08:44:50Z</time></trkpt><trkpt lat="35.783736966762106" lon="137.82014052103847"><ele>2854.7191286915913</ele><time>2023-11-11T08:46:34Z</time></trkpt><trkpt lat="35.78370324446798" lon="137.8203675246041"><ele>2851.6098192138597</ele><time>2023-11-11T08:47:10Z</time></trkpt><trkpt lat="35.78362027221756" lon="137.82056683464765"><ele>2851.109248929657</ele><time>2023-11-11T08:47:41Z</time></trkpt><trkpt lat="35.78354212503602" lon="137.82077954974932"><ele>2851.857622090727</ele><time>2023-11-11T08:48:34Z</time></trkpt><trkpt lat="35.783368407344774" lon="137.82086630131442"><ele>2852.564615732059</ele><time>2023-11-11T08:49:01Z</time></trkpt><trkpt lat="35.783257355575905" lon="137.82104215074173"><ele>2844.8833694970235</ele><time>2023-11-11T08:49:41Z</time></trkpt><trkpt lat="35.783159152990336" lon="137.82123831330384"><ele>2838.4228444378823</ele><time>2023-11-11T08:50:39Z</time></trkpt><trkpt lat="35.78306715331013" lon="137.82143244307244"><ele>2835.1551366336644</ele><time>2023-11-11T08:51:03Z</time></trkpt><trkpt lat="35.782929493585584" lon="137.82158350610857"><ele>2831.988649535924</ele><time>2023-11-11T08:51:38Z</time></trkpt><trkpt lat="35.782879524449775" lon="137.82180720646406"><ele>2827.9560068482533</ele><time>2023-11-11T08:52:05Z</time></trkpt><trkpt lat="35.78283134198727" lon="137.82203072993403"><ele>2825.161039465107</ele><time>2023-11-11T08:52:27Z</time></trkpt><trkpt lat="35.78294502435207" lon="137.82221518149723"><ele>2819.958471864462</ele><time>2023-11-11T08:53:07Z</time></trkpt><trkpt lat="35.78300987150398" lon="137.82243529392596"><ele>2818.6862721387297</ele><time>2023-11-11T08:53:32Z</time></trkpt><trkpt lat="35.78317843608838" lon="137.8225197218896"><ele>2810.063502260484</ele><time>2023-11-11T08:55:25Z</time></trkpt><trkpt lat="35.78322850097917" lon="137.8227327621545"><ele>2807.054428911768</ele><time>2023-11-11T08:56:07Z</time></trkpt><trkpt lat="35.7834105720572" lon="137.82274752080622"><ele>2802.2666501570493</ele><time>2023-11-11T08:57:37Z</time></trkpt><trkpt lat="35.7835566123118" lon="137.8228781397339"><ele>2791.2385352374986</ele><time>2023-11-11T08:59:29Z</time></trkpt><trkpt lat="35.78368180494229" lon="137.8230384153048"><ele>2783.667632029392</ele><time>2023-11-11T09:01:32Z</time></trkpt><trkpt lat="35.783826136763594" lon="137.82290476449288"><ele>2774.177808377892</ele><time>2023-11-11T09:04:04Z</time></trkpt><trkpt lat="35.78399105374027" lon="137.82279096641145"><ele>2765.0833155410364</ele><time>2023-11-11T09:05:49Z</time></trkpt><trkpt lat="35.78404729614954" lon="137.82300186302606"><ele>2763.830787025392</ele><time>2023-11-11T09:07:34Z</time></trkpt><trkpt lat="35.78405363619988" lon="137.82322467588872"><ele>2763.528247354552</ele><time>2023-11-11T09:08:41Z</time></trkpt><trkpt lat="35.784050878497794" lon="137.823446116648"><ele>2761.1833144417033</ele><time>2023-11-11T09:09:43Z</time></trkpt><trkpt lat="35.78417715990927" lon="137.82361768314408"><ele>2743.0642313761637</ele><time>2023-11-11T09:12:43Z</time></trkpt><trkpt lat="35.7842800967413" lon="137.82380275995078"><ele>2735.099554074928</ele><time>2023-11-11T09:14:43Z</time></trkpt><trkpt lat="35.78430845270815" lon="137.82402308518442"><ele>2727.6053567882627</ele><time>2023-11-11T09:16:12Z</time></trkpt><trkpt lat="35.78437325175535" lon="137.82423491406342"><ele>2718.760394730605</ele><time>2023-11-11T09:17:44Z</time></trkpt><trkpt lat="35.78441120223214" lon="137.8244568849947"><ele>2713.275042134337</ele><time>2023-11-11T09:18:21Z</time></trkpt><trkpt lat="35.7844829966356" lon="137.8246653786213"><ele>2707.2980009475723</ele><time>2023-11-11T09:19:07Z</time></trkpt><trkpt lat="35.78457452675514" lon="137.82485588228997"><ele>2701.1657593371347</ele><time>2023-11-11T09:19:53Z</time></trkpt><trkpt lat="35.78460568020722" lon="137.82508052353717"><ele>2696.3579211859033</ele><time>2023-11-11T09:20:21Z</time></trkpt><trkpt lat="35.78460018255041" lon="137.8253115577837"><ele>2693.475386769511</ele><time>2023-11-11T09:20:47Z</time></trkpt><trkpt lat="35.7846122749562" lon="137.82553956498592"><ele>2689.613143338822</ele><time>2023-11-11T09:21:16Z</time></trkpt><trkpt lat="35.78464256344723" lon="137.82576286262557"><ele>2682.7584795523435</ele><time>2023-11-11T09:22:37Z</time></trkpt><trkpt lat="35.784577171404194" lon="137.8259693235382"><ele>2676.774735835381</ele><time>2023-11-11T09:23:24Z</time></trkpt><trkpt lat="35.784581827684896" lon="137.82619584873117"><ele>2671.7507893648</ele><time>2023-11-11T09:23:53Z</time></trkpt><trkpt lat="35.78456423238346" lon="137.82642288629197"><ele>2666.1642634654418</ele><time>2023-11-11T09:24:23Z</time></trkpt><trkpt lat="35.78460647653797" lon="137.82664191151778"><ele>2660.287761250511</ele><time>2023-11-11T09:25:23Z</time></trkpt><trkpt lat="35.78470195749196" lon="137.82683258350167"><ele>2653.520503724925</ele><time>2023-11-11T09:26:08Z</time></trkpt><trkpt lat="35.78468609461244" lon="137.82705633112252"><ele>2649.708181255497</ele><time>2023-11-11T09:34:13Z</time></trkpt><trkpt lat="35.784763460135515" lon="137.82725953483856"><ele>2644.4429193772376</ele><time>2023-11-11T09:34:44Z</time></trkpt><trkpt lat="35.78475731164328" lon="137.82748619757245"><ele>2641.9250141382217</ele><time>2023-11-11T09:35:08Z</time></trkpt><trkpt lat="35.78472508024085" lon="137.8277170367944"><ele>2638.697615781799</ele><time>2023-11-11T09:35:41Z</time></trkpt><trkpt lat="35.78469174097525" lon="137.82794757945538"><ele>2636.4160516038537</ele><time>2023-11-11T09:36:03Z</time></trkpt><trkpt lat="35.78470267672399" lon="137.82818058475326"><ele>2633.9294604212046</ele><time>2023-11-11T09:36:25Z</time></trkpt><trkpt lat="35.78463757413834" lon="137.8283972339259"><ele>2631.841036294587</ele><time>2023-11-11T09:36:44Z</time></trkpt><trkpt lat="35.78457507139114" lon="137.82861329592404"><ele>2632.1581744197756</ele><time>2023-11-11T09:37:09Z</time></trkpt><trkpt lat="35.78451165235321" lon="137.82882676048845"><ele>2629.174370471388</ele><time>2023-11-11T09:37:40Z</time></trkpt><trkpt lat="35.784504368139444" lon="137.82905250880407"><ele>2627.516301445663</ele><time>2023-11-11T09:38:04Z</time></trkpt><trkpt lat="35.78461821072187" lon="137.82923137623922"><ele>2625.0519577469677</ele><time>2023-11-11T09:38:29Z</time></trkpt><trkpt lat="35.784791809306974" lon="137.82929206859535"><ele>2618.544343309477</ele><time>2023-11-11T09:39:29Z</time></trkpt><trkpt lat="35.7848240598635" lon="137.82951126998216"><ele>2617.363061713055</ele><time>2023-11-11T09:39:56Z</time></trkpt><trkpt lat="35.784834333043435" lon="137.82973424533972"><ele>2612.8170280959457</ele><time>2023-11-11T09:40:28Z</time></trkpt><trkpt lat="35.784880781507496" lon="137.82995522844132"><ele>2607.246200219728</ele><time>2023-11-11T09:40:53Z</time></trkpt><trkpt lat="35.785006053294396" lon="137.8297951432877"><ele>2600.394291850738</ele><time>2023-11-11T09:41:43Z</time></trkpt><trkpt lat="35.78501312670065" lon="137.83001988704197"><ele>2597.7197654657066</ele><time>2023-11-11T09:42:09Z</time></trkpt><trkpt lat="35.78514235670455" lon="137.83017705400155"><ele>2590.4162786900997</ele><time>2023-11-11T09:43:18Z</time></trkpt><trkpt lat="35.78520513924994" lon="137.8303922496336"><ele>2581.605513400398</ele><time>2023-11-11T09:44:17Z</time></trkpt><trkpt lat="35.78503340929739" lon="137.8304767030573"><ele>2579.520540953614</ele><time>2023-11-11T09:44:48Z</time></trkpt><trkpt lat="35.78486722024571" lon="137.83057956712327"><ele>2575.97537593171</ele><time>2023-11-11T09:45:26Z</time></trkpt><trkpt lat="35.78472010483851" lon="137.83070840711136"><ele>2568.0002673259005</ele><time>2023-11-11T09:46:17Z</time></trkpt><trkpt lat="35.78485592498561" lon="137.83085460197472"><ele>2562.9441089862958</ele><time>2023-11-11T09:47:00Z</time></trkpt><trkpt lat="35.78503023332122" lon="137.83092784432432"><ele>2558.2959905471653</ele><time>2023-11-11T09:47:44Z</time></trkpt><trkpt lat="35.785191125215384" lon="137.83103133541124"><ele>2552.094408614561</ele><time>2023-11-11T09:48:33Z</time></trkpt><trkpt lat="35.78533059874966" lon="137.83117151519983"><ele>2547.83135032095</ele><time>2023-11-11T09:49:24Z</time></trkpt><trkpt lat="35.7854801272206" lon="137.83129618263882"><ele>2539.811509311199</ele><time>2023-11-11T09:50:05Z</time></trkpt><trkpt lat="35.78565760493395" lon="137.83125118730496"><ele>2533.463415512815</ele><time>2023-11-11T09:50:39Z</time></trkpt><trkpt lat="35.78559228139566" lon="137.83146343200664"><ele>2529.801000150852</ele><time>2023-11-11T09:51:27Z</time></trkpt><trkpt lat="35.78548432057515" lon="137.8316419248253"><ele>2522.8525826390833</ele><time>2023-11-11T09:52:02Z</time></trkpt><trkpt lat="35.7853393342927" lon="137.83179000249925"><ele>2519.9444936867803</ele><time>2023-11-11T09:52:41Z</time></trkpt><trkpt lat="35.78529394404201" lon="137.83200881424145"><ele>2505.8587567266077</ele><time>2023-11-11T09:53:58Z</time></trkpt><trkpt lat="35.78536832378758" lon="137.83221042789876"><ele>2502.9856634624302</ele><time>2023-11-11T09:54:41Z</time></trkpt><trkpt lat="35.78524437799956" lon="137.83238567336315"><ele>2497.0542019521818</ele><time>2023-11-11T09:55:14Z</time></trkpt><trkpt lat="35.78530143430763" lon="137.83259790208362"><ele>2494.8443099157885</ele><time>2023-11-11T09:55:40Z</time></trkpt><trkpt lat="35.78543453127013" lon="137.83274803917956"><ele>2493.5414894409478</ele><time>2023-11-11T09:56:04Z</time></trkpt><trkpt lat="35.785464207566186" lon="137.83297641666127"><ele>2487.5547518553212</ele><time>2023-11-11T09:56:39Z</time></trkpt><trkpt lat="35.785544063132775" lon="137.83317807873425"><ele>2484.3644899204373</ele><time>2023-11-11T09:57:06Z</time></trkpt><trkpt lat="35.78558335966625" lon="137.83340407565834"><ele>2482.30105054006</ele><time>2023-11-11T09:57:32Z</time></trkpt><trkpt lat="35.7854623775174" lon="137.83357416177054"><ele>2480.705787902698</ele><time>2023-11-11T09:58:02Z</time></trkpt><trkpt lat="35.78545794748778" lon="137.83379687869206"><ele>2477.3009970551357</ele><time>2023-11-11T09:58:59Z</time></trkpt><trkpt lat="35.78560108469784" lon="137.8339342635165"><ele>2474.0327947959304</ele><time>2023-11-11T09:59:28Z</time></trkpt><trkpt lat="35.78576173388805" lon="137.8340373986481"><ele>2473.8445201003924</ele><time>2023-11-11T09:59:56Z</time></trkpt><trkpt lat="35.785936094146265" lon="137.83411831147274"><ele>2469.153313662857</ele><time>2023-11-11T10:00:21Z</time></trkpt><trkpt lat="35.785998807385624" lon="137.8343279278896"><ele>2467.5087493890896</ele><time>2023-11-11T10:00:43Z</time></trkpt><trkpt lat="35.78606029361507" lon="137.83456090702194"><ele>2464.8403067961335</ele><time>2023-11-11T10:01:15Z</time></trkpt><trkpt lat="35.78622634533166" lon="137.8346723931541"><ele>2453.9395828889683</ele><time>2023-11-11T10:02:08Z</time></trkpt><trkpt lat="35.78627430387367" lon="137.83489161546896"><ele>2445.2711518229917</ele><time>2023-11-11T10:02:58Z</time></trkpt><trkpt lat="35.786245673911026" lon="137.83511935876723"><ele>2445.116438522935</ele><time>2023-11-11T10:03:24Z</time></trkpt><trkpt lat="35.786279921912985" lon="137.83533995635156"><ele>2440.8157077366486</ele><time>2023-11-11T10:05:46Z</time></trkpt><trkpt lat="35.78617236233781" lon="137.8355296623237"><ele>2437.8853158652782</ele><time>2023-11-11T10:08:04Z</time></trkpt><trkpt lat="35.786207259214585" lon="137.83576053188543"><ele>2435.8598848870024</ele><time>2023-11-11T10:08:26Z</time></trkpt><trkpt lat="35.78612536384216" lon="137.83595907576225"><ele>2431.736809800379</ele><time>2023-11-11T10:08:58Z</time></trkpt><trkpt lat="35.78603479558663" lon="137.83615652081716"><ele>2422.380662575364</ele><time>2023-11-11T10:10:57Z</time></trkpt><trkpt lat="35.786124839437925" lon="137.83634963794324"><ele>2419.71178802941</ele><time>2023-11-11T10:11:22Z</time></trkpt><trkpt lat="35.786180362128555" lon="137.83656728011633"><ele>2411.027608271688</ele><time>2023-11-11T10:12:08Z</time></trkpt><trkpt lat="35.78624865762668" lon="137.83677202648872"><ele>2404.984400036745</ele><time>2023-11-11T10:12:51Z</time></trkpt><trkpt lat="35.78627847046733" lon="137.83699376347028"><ele>2400.0488996757194</ele><time>2023-11-11T10:13:29Z</time></trkpt><trkpt lat="35.78627548307808" lon="137.837221633069"><ele>2397.812591208145</ele><time>2023-11-11T10:14:11Z</time></trkpt><trkpt lat="35.786345220279784" lon="137.83743283217655"><ele>2396.072548251599</ele><time>2023-11-11T10:14:35Z</time></trkpt><trkpt lat="35.78649036945073" lon="137.83757282804825"><ele>2391.170071247965</ele><time>2023-11-11T10:15:06Z</time></trkpt><trkpt lat="35.786553469063485" lon="137.83778176658112"><ele>2390.316908920184</ele><time>2023-11-11T10:15:26Z</time></trkpt><trkpt lat="35.786551095205155" lon="137.83801120456275"><ele>2386.9317572964355</ele><time>2023-11-11T10:16:02Z</time></trkpt><trkpt lat="35.78659451523206" lon="137.83822664594376"><ele>2376.6307227769867</ele><time>2023-11-11T10:17:18Z</time></trkpt><trkpt lat="35.786776157383855" lon="137.8382032480462"><ele>2368.715759289451</ele><time>2023-11-11T10:18:13Z</time></trkpt><trkpt lat="35.78691785875201" lon="137.83834718638064"><ele>2358.228478700854</ele><time>2023-11-11T10:19:50Z</time></trkpt><trkpt lat="35.786947693601974" lon="137.8385720709028"><ele>2347.095694370568</ele><time>2023-11-11T10:21:37Z</time></trkpt><trkpt lat="35.78695294572285" lon="137.83880628522638"><ele>2339.27587895561</ele><time>2023-11-11T10:22:28Z</time></trkpt><trkpt lat="35.786882833317165" lon="137.83902183817435"><ele>2333.9984917035326</ele><time>2023-11-11T10:23:03Z</time></trkpt><trkpt lat="35.78699677783328" lon="137.83919642565783"><ele>2327.748815489933</ele><time>2023-11-11T10:23:35Z</time></trkpt><trkpt lat="35.78712102899564" lon="137.83939208718508"><ele>2323.9691700963303</ele><time>2023-11-11T10:24:25Z</time></trkpt><trkpt lat="35.78719372073217" lon="137.83959555365962"><ele>2311.9958137171343</ele><time>2023-11-11T10:25:23Z</time></trkpt><trkpt lat="35.78732626867413" lon="137.83944502702835"><ele>2309.8204916007817</ele><time>2023-11-11T10:25:49Z</time></trkpt><trkpt lat="35.78745748998605" lon="137.83960133359025"><ele>2304.95780021511</ele><time>2023-11-11T10:26:35Z</time></trkpt><trkpt lat="35.787481576171245" lon="137.83983340789163"><ele>2300.617966326885</ele><time>2023-11-11T10:29:24Z</time></trkpt><trkpt lat="35.78764389771579" lon="137.83994353555488"><ele>2288.236211995594</ele><time>2023-11-11T10:30:37Z</time></trkpt><trkpt lat="35.78766041199123" lon="137.84018211818508"><ele>2285.135362159461</ele><time>2023-11-11T10:31:06Z</time></trkpt><trkpt lat="35.78776008675238" lon="137.84036900594688"><ele>2271.708191060461</ele><time>2023-11-11T10:32:10Z</time></trkpt><trkpt lat="35.78773493068429" lon="137.84058953428874"><ele>2270.6960144899786</ele><time>2023-11-11T10:32:46Z</time></trkpt><trkpt lat="35.78766831677392" lon="137.84079999911083"><ele>2264.1728239599615</ele><time>2023-11-11T10:33:23Z</time></trkpt><trkpt lat="35.78773653438678" lon="137.84101097431562"><ele>2262.723059226759</ele><time>2023-11-11T10:33:50Z</time></trkpt><trkpt lat="35.78775523398196" lon="137.84123911251837"><ele>2263.9817894892767</ele><time>2023-11-11T10:34:13Z</time></trkpt><trkpt lat="35.78777142255023" lon="137.84146081257754"><ele>2260.582161587663</ele><time>2023-11-11T10:34:43Z</time></trkpt><trkpt lat="35.78781490136128" lon="137.8416764826182"><ele>2255.157933810726</ele><time>2023-11-11T10:35:06Z</time></trkpt><trkpt lat="35.78794628226414" lon="137.84182812037454"><ele>2248.289471595548</ele><time>2023-11-11T10:36:19Z</time></trkpt><trkpt lat="35.78799693467084" lon="137.8420473070688"><ele>2244.1186525588855</ele><time>2023-11-11T10:36:57Z</time></trkpt><trkpt lat="35.78801590060888" lon="137.8422694528049"><ele>2239.720194676891</ele><time>2023-11-11T10:37:25Z</time></trkpt><trkpt lat="35.78807294775219" lon="137.8424800464768"><ele>2235.7932057688013</ele><time>2023-11-11T10:37:56Z</time></trkpt><trkpt lat="35.788125897134385" lon="137.8426969264497"><ele>2229.658712104894</ele><time>2023-11-11T10:38:25Z</time></trkpt><trkpt lat="35.788159196735485" lon="137.84292728744248"><ele>2228.6290205167606</ele><time>2023-11-11T10:38:46Z</time></trkpt><trkpt lat="35.78809763127366" lon="137.84313806482706"><ele>2229.5380491251126</ele><time>2023-11-11T10:39:05Z</time></trkpt><trkpt lat="35.78809345228511" lon="137.84336114093347"><ele>2227.1255138162524</ele><time>2023-11-11T10:39:32Z</time></trkpt><trkpt lat="35.78823112408837" lon="137.84350472729523"><ele>2214.4566433876753</ele><time>2023-11-11T10:40:26Z</time></trkpt><trkpt lat="35.78818381912013" lon="137.84372403403967"><ele>2214.5275044823065</ele><time>2023-11-11T10:40:54Z</time></trkpt><trkpt lat="35.788219572341575" lon="137.84394675592912"><ele>2203.390884589404</ele><time>2023-11-11T10:41:44Z</time></trkpt><trkpt lat="35.78803708060941" lon="137.8439222498863"><ele>2205.5616204841062</ele><time>2023-11-11T10:42:13Z</time></trkpt><trkpt lat="35.78803054159395" lon="137.84414355069546"><ele>2191.758946091868</ele><time>2023-11-11T10:43:37Z</time></trkpt><trkpt lat="35.78791892213609" lon="137.84432429114497"><ele>2187.397440366447</ele><time>2023-11-11T10:44:39Z</time></trkpt><trkpt lat="35.78787187978509" lon="137.84454637176017"><ele>2190.2858831584454</ele><time>2023-11-11T10:45:10Z</time></trkpt><trkpt lat="35.78784224946328" lon="137.8447693018721"><ele>2192.7675671149045</ele><time>2023-11-11T10:45:36Z</time></trkpt><trkpt lat="35.78784073171505" lon="137.84499056266824"><ele>2192.116376128979</ele><time>2023-11-11T10:46:03Z</time></trkpt><trkpt lat="35.787787816552715" lon="137.84520501258578"><ele>2191.4855969976634</ele><time>2023-11-11T10:46:26Z</time></trkpt><trkpt lat="35.78762082784752" lon="137.84529142078216"><ele>2193.0446935324</ele><time>2023-11-11T10:47:58Z</time></trkpt><trkpt lat="35.7875245820731" lon="137.8454817205098"><ele>2191.9344565030187</ele><time>2023-11-11T10:48:26Z</time></trkpt><trkpt lat="35.78736449639358" lon="137.84560777008883"><ele>2180.6001012641937</ele><time>2023-11-11T10:49:17Z</time></trkpt><trkpt lat="35.78731750002843" lon="137.8458223738067"><ele>2180.6276211421937</ele><time>2023-11-11T10:49:41Z</time></trkpt><trkpt lat="35.78726721854118" lon="137.84604734874225"><ele>2179.6271446859464</ele><time>2023-11-11T10:50:02Z</time></trkpt><trkpt lat="35.78719992588625" lon="137.84625419699813"><ele>2177.3663683645427</ele><time>2023-11-11T10:50:35Z</time></trkpt><trkpt lat="35.787033409374914" lon="137.84635330172424"><ele>2168.185171856545</ele><time>2023-11-11T10:51:14Z</time></trkpt><trkpt lat="35.786867312154754" lon="137.84645974420874"><ele>2159.515984854661</ele><time>2023-11-11T10:51:44Z</time></trkpt><trkpt lat="35.78668417371941" lon="137.84649479345055"><ele>2152.0364341083914</ele><time>2023-11-11T10:52:30Z</time></trkpt><trkpt lat="35.78652994359175" lon="137.84661872238942"><ele>2149.190234414302</ele><time>2023-11-11T10:52:59Z</time></trkpt><trkpt lat="35.786347386996354" lon="137.8465981703238"><ele>2133.935639915988</ele><time>2023-11-11T10:54:05Z</time></trkpt><trkpt lat="35.78621031983903" lon="137.84645428543874"><ele>2126.9370110584423</ele><time>2023-11-11T10:54:50Z</time></trkpt><trkpt lat="35.7860686900679" lon="137.84660420109734"><ele>2114.2015191596</ele><time>2023-11-11T10:55:34Z</time></trkpt><trkpt lat="35.785886743054746" lon="137.84658012926172"><ele>2105.413044971414</ele><time>2023-11-11T10:56:07Z</time></trkpt><trkpt lat="35.78570411610997" lon="137.84652395818517"><ele>2099.4008737429976</ele><time>2023-11-11T10:56:51Z</time></trkpt><trkpt lat="35.78553236898348" lon="137.8466077963959"><ele>2097.4714704249054</ele><time>2023-11-11T10:57:19Z</time></trkpt><trkpt lat="35.78540118782629" lon="137.8467802992814"><ele>2085.7377715297043</ele><time>2023-11-11T10:57:54Z</time></trkpt><trkpt lat="35.7852383414871" lon="137.84688362429873"><ele>2080.4173520058393</ele><time>2023-11-11T10:58:39Z</time></trkpt><trkpt lat="35.785072177616456" lon="137.84679337102887"><ele>2066.741539316252</ele><time>2023-11-11T10:59:22Z</time></trkpt><trkpt lat="35.78488971590849" lon="137.84679837103326"><ele>2057.902357037179</ele><time>2023-11-11T11:00:14Z</time></trkpt><trkpt lat="35.78487986071504" lon="137.84703001357644"><ele>2057.5315720150247</ele><time>2023-11-11T11:00:31Z</time></trkpt><trkpt lat="35.7848718660886" lon="137.84725125121162"><ele>2054.9210522640496</ele><time>2023-11-11T11:01:14Z</time></trkpt><trkpt lat="35.784710320678805" lon="137.84714523953386"><ele>2049.9514613337815</ele><time>2023-11-11T11:01:47Z</time></trkpt><trkpt lat="35.78456867109677" lon="137.8470024907613"><ele>2041.880533132702</ele><time>2023-11-11T11:02:14Z</time></trkpt><trkpt lat="35.7843878084148" lon="137.8470561483038"><ele>2033.410846880637</ele><time>2023-11-11T11:02:37Z</time></trkpt><trkpt lat="35.78443888649223" lon="137.84728731176264"><ele>2031.2554883779958</ele><time>2023-11-11T11:03:03Z</time></trkpt><trkpt lat="35.7845744826558" lon="137.84743639053352"><ele>2035.4288609474897</ele><time>2023-11-11T11:03:27Z</time></trkpt><trkpt lat="35.784421050483296" lon="137.84757362505766"><ele>2033.4050349509344</ele><time>2023-11-11T11:03:56Z</time></trkpt><trkpt lat="35.784232970797106" lon="137.847617410352"><ele>2024.849129746668</ele><time>2023-11-11T11:04:41Z</time></trkpt><trkpt lat="35.78405385305367" lon="137.8475828891566"><ele>2014.7591147497296</ele><time>2023-11-11T11:05:09Z</time></trkpt><trkpt lat="35.78391200582595" lon="137.8474392096241"><ele>2012.7574620433152</ele><time>2023-11-11T11:05:29Z</time></trkpt><trkpt lat="35.78373739601513" lon="137.84749960209223"><ele>2007.4395176582038</ele><time>2023-11-11T11:05:51Z</time></trkpt><trkpt lat="35.78355857533534" lon="137.84757040178647"><ele>2003.4969255467877</ele><time>2023-11-11T11:06:12Z</time></trkpt><trkpt lat="35.783394675158064" lon="137.84767857612042"><ele>2001.914843079634</ele><time>2023-11-11T11:07:11Z</time></trkpt><trkpt lat="35.78321244680316" lon="137.84765053290408"><ele>1997.9993806555867</ele><time>2023-11-11T11:16:41Z</time></trkpt><trkpt lat="35.783033029939745" lon="137.84769203173488"><ele>1998.3994592614472</ele><time>2023-11-11T11:16:58Z</time></trkpt><trkpt lat="35.78289547822225" lon="137.84783759708333"><ele>1996.779297415167</ele><time>2023-11-11T11:17:17Z</time></trkpt><trkpt lat="35.782754159587626" lon="137.84798617957898"><ele>1995.1034292802215</ele><time>2023-11-11T11:17:37Z</time></trkpt><trkpt lat="35.78259615143788" lon="137.8480954980793"><ele>1990.0892766239122</ele><time>2023-11-11T11:18:02Z</time></trkpt><trkpt lat="35.78250284716762" lon="137.84828998391626"><ele>1987.525070543401</ele><time>2023-11-11T11:18:22Z</time></trkpt><trkpt lat="35.782341760651164" lon="137.84840835016584"><ele>1978.3324428098276</ele><time>2023-11-11T11:19:04Z</time></trkpt><trkpt lat="35.78235414823976" lon="137.84863635226526"><ele>1969.6436774460599</ele><time>2023-11-11T11:19:38Z</time></trkpt><trkpt lat="35.78218129744798" lon="137.84870793019203"><ele>1966.4367824718356</ele><time>2023-11-11T11:20:17Z</time></trkpt><trkpt lat="35.78200654797753" lon="137.8486393556262"><ele>1950.15847442206</ele><time>2023-11-11T11:21:17Z</time></trkpt><trkpt lat="35.781824254141945" lon="137.84863197243016"><ele>1940.5274684019387</ele><time>2023-11-11T11:21:50Z</time></trkpt><trkpt lat="35.7816743137253" lon="137.84876486313485"><ele>1933.7639505872503</ele><time>2023-11-11T11:22:43Z</time></trkpt><trkpt lat="35.781559077094265" lon="137.84895522085392"><ele>1927.4737737411633</ele><time>2023-11-11T11:23:21Z</time></trkpt><trkpt lat="35.781396453767904" lon="137.849065049957"><ele>1914.355945627205</ele><time>2023-11-11T11:24:26Z</time></trkpt><trkpt lat="35.78120783853968" lon="137.84909850483388"><ele>1906.5841268701479</ele><time>2023-11-11T11:25:12Z</time></trkpt><trkpt lat="35.78102662376492" lon="137.84913176241403"><ele>1894.0821626689285</ele><time>2023-11-11T11:26:10Z</time></trkpt><trkpt lat="35.780842291852764" lon="137.8491224393094"><ele>1895.9813861967996</ele><time>2023-11-11T11:26:35Z</time></trkpt><trkpt lat="35.780695009368614" lon="137.84927277295395"><ele>1889.0515830973163</ele><time>2023-11-11T11:26:54Z</time></trkpt><trkpt lat="35.78052399988261" lon="137.84934377887492"><ele>1884.8855189168826</ele><time>2023-11-11T11:27:15Z</time></trkpt><trkpt lat="35.78034538023756" lon="137.84942814370146"><ele>1879.9641815740615</ele><time>2023-11-11T11:27:34Z</time></trkpt><trkpt lat="35.78020762631726" lon="137.84958326924271"><ele>1880.543973003514</ele><time>2023-11-11T11:27:51Z</time></trkpt><trkpt lat="35.78008779501613" lon="137.84975027841256"><ele>1873.4476722842082</ele><time>2023-11-11T11:28:15Z</time></trkpt><trkpt lat="35.77999048789413" lon="137.84993957446486"><ele>1869.2168867625296</ele><time>2023-11-11T11:28:54Z</time></trkpt><trkpt lat="35.77980725872999" lon="137.849970046279"><ele>1862.5242715906352</ele><time>2023-11-11T11:29:32Z</time></trkpt><trkpt lat="35.77965344186853" lon="137.8501128506052"><ele>1857.5108413305134</ele><time>2023-11-11T11:30:02Z</time></trkpt><trkpt lat="35.779471337471364" lon="137.85021244257965"><ele>1847.4159971829504</ele><time>2023-11-11T11:30:38Z</time></trkpt><trkpt lat="35.77929820639228" lon="137.8502771593365"><ele>1842.7164290174842</ele><time>2023-11-11T11:31:05Z</time></trkpt><trkpt lat="35.77914838255189" lon="137.85011353805413"><ele>1838.4299544906244</ele><time>2023-11-11T11:31:55Z</time></trkpt><trkpt lat="35.77901210519665" lon="137.85026512909442"><ele>1837.39673448354</ele><time>2023-11-11T11:32:20Z</time></trkpt><trkpt lat="35.77892186681931" lon="137.85046556890532"><ele>1833.7054583635181</ele><time>2023-11-11T11:32:46Z</time></trkpt><trkpt lat="35.778764941767456" lon="137.8505981980715"><ele>1832.6877026660368</ele><time>2023-11-11T11:33:07Z</time></trkpt><trkpt lat="35.778661304374715" lon="137.8507802688722"><ele>1825.179224920459</ele><time>2023-11-11T11:33:49Z</time></trkpt><trkpt lat="35.778517526459815" lon="137.8506443664342"><ele>1822.2421646863222</ele><time>2023-11-11T11:34:15Z</time></trkpt><trkpt lat="35.77835279724802" lon="137.85055261350584"><ele>1818.7184136016294</ele><time>2023-11-11T11:34:58Z</time></trkpt><trkpt lat="35.778174502977684" lon="137.85060283183725"><ele>1815.598164969124</ele><time>2023-11-11T11:35:16Z</time></trkpt><trkpt lat="35.778012053514175" lon="137.8507006097267"><ele>1812.7992375763133</ele><time>2023-11-11T11:35:37Z</time></trkpt><trkpt lat="35.777831035386725" lon="137.85067376598968"><ele>1809.7831883234903</ele><time>2023-11-11T11:36:06Z</time></trkpt><trkpt lat="35.77764436848636" lon="137.8506711391003"><ele>1803.6025209333748</ele><time>2023-11-11T11:36:37Z</time></trkpt><trkpt lat="35.777483554413784" lon="137.85056429138103"><ele>1799.276099937968</ele><time>2023-11-11T11:37:01Z</time></trkpt><trkpt lat="35.77732543121642" lon="137.85042774367557"><ele>1800.7026661327109</ele><time>2023-11-11T11:37:20Z</time></trkpt><trkpt lat="35.77714300857971" lon="137.85042740319804"><ele>1788.6377123240381</ele><time>2023-11-11T11:37:45Z</time></trkpt><trkpt lat="35.77694370813326" lon="137.85041176080983"><ele>1785.287601181306</ele><time>2023-11-11T11:38:14Z</time></trkpt><trkpt lat="35.77676664607891" lon="137.850365148099"><ele>1771.0090194409713</ele><time>2023-11-11T11:39:06Z</time></trkpt><trkpt lat="35.776583988660136" lon="137.85046123725613"><ele>1764.729288362898</ele><time>2023-11-11T11:39:57Z</time></trkpt><trkpt lat="35.77640616859546" lon="137.85041508619682"><ele>1762.5244224015623</ele><time>2023-11-11T11:40:34Z</time></trkpt><trkpt lat="35.776249281029244" lon="137.85054188034704"><ele>1751.9432935062796</ele><time>2023-11-11T11:42:09Z</time></trkpt><trkpt lat="35.776061659368516" lon="137.85057236365793"><ele>1742.8602636251599</ele><time>2023-11-11T11:42:57Z</time></trkpt><trkpt lat="35.77586864810288" lon="137.8505009919225"><ele>1730.2877657255158</ele><time>2023-11-11T11:43:59Z</time></trkpt><trkpt lat="35.77573078393376" lon="137.85064795997408"><ele>1722.9426292479038</ele><time>2023-11-11T11:44:55Z</time></trkpt><trkpt lat="35.77554042763335" lon="137.85065488197756"><ele>1711.9738118639216</ele><time>2023-11-11T11:45:40Z</time></trkpt><trkpt lat="35.77536941667047" lon="137.8505572336121"><ele>1706.6251858742908</ele><time>2023-11-11T11:46:28Z</time></trkpt><trkpt lat="35.775327660139865" lon="137.85034083480483"><ele>1695.4145471844822</ele><time>2023-11-11T11:47:37Z</time></trkpt><trkpt lat="35.77537441173778" lon="137.8500915268134"><ele>1694.3700587619096</ele><time>2023-11-11T11:48:34Z</time></trkpt><trkpt lat="35.775186541059945" lon="137.8500879131189"><ele>1682.8142380556092</ele><time>2023-11-11T11:49:31Z</time></trkpt><trkpt lat="35.77522633801639" lon="137.8498696776055"><ele>1678.4224718790501</ele><time>2023-11-11T11:50:39Z</time></trkpt><trkpt lat="35.77523823691527" lon="137.84962730154436"><ele>1668.960493975319</ele><time>2023-11-11T11:50:55Z</time></trkpt><trkpt lat="35.77531280099007" lon="137.84942470823458"><ele>1670.0915015060455</ele><time>2023-11-11T11:51:11Z</time></trkpt><trkpt lat="35.77541428799048" lon="137.8492305574385"><ele>1671.349799497053</ele><time>2023-11-11T11:51:26Z</time></trkpt><trkpt lat="35.775457490044346" lon="137.84901448757594"><ele>1668.4384775105864</ele><time>2023-11-11T11:52:17Z</time></trkpt><trkpt lat="35.77549997814544" lon="137.8487965472628"><ele>1667.4063453562558</ele><time>2023-11-11T11:52:35Z</time></trkpt><trkpt lat="35.77561413675819" lon="137.84859988761795"><ele>1667.0426656631753</ele><time>2023-11-11T11:52:51Z</time></trkpt><trkpt lat="35.77575556914629" lon="137.84845789676046"><ele>1678.0280489511788</ele><time>2023-11-11T11:53:22Z</time></trkpt><trkpt lat="35.77557036362187" lon="137.8484710764147"><ele>1676.458919714205</ele><time>2023-11-11T11:56:47Z</time></trkpt><trkpt lat="35.77539910609994" lon="137.8483844347277"><ele>1667.8891517482698</ele><time>2023-11-11T11:57:14Z</time></trkpt><trkpt lat="35.775216830248404" lon="137.84838476861103"><ele>1665.4270020090044</ele><time>2023-11-11T11:57:27Z</time></trkpt><trkpt lat="35.77502957255386" lon="137.84837064449997"><ele>1666.0761549929157</ele><time>2023-11-11T11:57:43Z</time></trkpt><trkpt lat="35.77491249674183" lon="137.84856708561423"><ele>1653.6548602292314</ele><time>2023-11-11T11:58:00Z</time></trkpt><trkpt lat="35.77473822033789" lon="137.8486684659988"><ele>1650.5088187996298</ele><time>2023-11-11T11:58:20Z</time></trkpt><trkpt lat="35.77461360205921" lon="137.84883390885702"><ele>1652.1595288617536</ele><time>2023-11-11T11:58:58Z</time></trkpt><trkpt lat="35.774537686578334" lon="137.8490384645566"><ele>1645.22978672944</ele><time>2023-11-11T11:59:18Z</time></trkpt><trkpt lat="35.774490677678685" lon="137.84925804830982"><ele>1639.8356315707788</ele><time>2023-11-11T11:59:38Z</time></trkpt><trkpt lat="35.774337274674444" lon="137.84938612184817"><ele>1636.212147670798</ele><time>2023-11-11T11:59:53Z</time></trkpt><trkpt lat="35.7742043269911" lon="137.84955427480574"><ele>1635.129465564154</ele><time>2023-11-11T12:00:10Z</time></trkpt><trkpt lat="35.77409872555358" lon="137.84975980519198"><ele>1630.955911591649</ele><time>2023-11-11T12:00:27Z</time></trkpt><trkpt lat="35.773981146726875" lon="137.84994310226654"><ele>1626.828171026893</ele><time>2023-11-11T12:00:46Z</time></trkpt><trkpt lat="35.773872505709704" lon="137.8501313186014"><ele>1624.8913094997406</ele><time>2023-11-11T12:01:03Z</time></trkpt><trkpt lat="35.77370851239199" lon="137.85023876072404"><ele>1622.1910152221099</ele><time>2023-11-11T12:01:20Z</time></trkpt><trkpt lat="35.773545220415144" lon="137.85035755009156"><ele>1619.4888699064031</ele><time>2023-11-11T12:01:39Z</time></trkpt><trkpt lat="35.77340436379428" lon="137.8505123516184"><ele>1617.1871595745906</ele><time>2023-11-11T12:01:55Z</time></trkpt><trkpt lat="35.77323880730862" lon="137.85061614533163"><ele>1619.8308087503538</ele><time>2023-11-11T12:02:12Z</time></trkpt><trkpt lat="35.773107219523325" lon="137.85076880657263"><ele>1620.7384774601087</ele><time>2023-11-11T12:02:26Z</time></trkpt><trkpt lat="35.77294355180715" lon="137.8508864158818"><ele>1623.3739549489692</ele><time>2023-11-11T12:02:43Z</time></trkpt><trkpt lat="35.77280044229235" lon="137.85103605569435"><ele>1621.0002864096314</ele><time>2023-11-11T12:03:01Z</time></trkpt><trkpt lat="35.772652910400424" lon="137.8511662288245"><ele>1620.081482226029</ele><time>2023-11-11T12:03:18Z</time></trkpt><trkpt lat="35.772479433313876" lon="137.8512343249849"><ele>1618.7287548072636</ele><time>2023-11-11T12:03:33Z</time></trkpt><trkpt lat="35.77231588563273" lon="137.851339384897"><ele>1619.8437445890158</ele><time>2023-11-11T12:03:49Z</time></trkpt><trkpt lat="35.772152815976035" lon="137.85146157299977"><ele>1616.5201119706035</ele><time>2023-11-11T12:04:08Z</time></trkpt><trkpt lat="35.77200713498522" lon="137.85159939805285"><ele>1615.0013696765527</ele><time>2023-11-11T12:04:26Z</time></trkpt><trkpt lat="35.77186327944324" lon="137.85173315486813"><ele>1617.058030223474</ele><time>2023-11-11T12:04:43Z</time></trkpt><trkpt lat="35.771681249175415" lon="137.85170836371356"><ele>1612.5203952984884</ele><time>2023-11-11T12:04:58Z</time></trkpt><trkpt lat="35.771502072231776" lon="137.85175315145008"><ele>1616.7954837260768</ele><time>2023-11-11T12:05:11Z</time></trkpt><trkpt lat="35.771375601198244" lon="137.85191321360045"><ele>1611.7709918217734</ele><time>2023-11-11T12:05:30Z</time></trkpt><trkpt lat="35.77120732230454" lon="137.85202798700632"><ele>1612.7687322460115</ele><time>2023-11-11T12:05:47Z</time></trkpt><trkpt lat="35.771033893676666" lon="137.85211389692753"><ele>1614.390451409854</ele><time>2023-11-11T12:06:04Z</time></trkpt><trkpt lat="35.77086362695776" lon="137.85220898456495"><ele>1613.2772650215775</ele><time>2023-11-11T12:06:21Z</time></trkpt><trkpt lat="35.770717684444094" lon="137.85233969559775"><ele>1616.8467664131895</ele><time>2023-11-11T12:06:34Z</time></trkpt><trkpt lat="35.770717684444094" lon="137.85233969559775"><ele>1616.8467664131895</ele><time>2023-11-11T12:06:34Z</time></trkpt><trkpt lat="35.77055174207467" lon="137.85244524242714"><ele>1616.2787520503625</ele><time>2023-11-11T12:06:48Z</time></trkpt><trkpt lat="35.77036745604113" lon="137.85252007494503"><ele>1616.0474803997204</ele><time>2023-11-11T12:07:04Z</time></trkpt><trkpt lat="35.77019365884247" lon="137.85259655688932"><ele>1613.0427313186228</ele><time>2023-11-11T12:07:21Z</time></trkpt><trkpt lat="35.77001851818523" lon="137.8526549963067"><ele>1613.3336804034188</ele><time>2023-11-11T12:07:35Z</time></trkpt><trkpt lat="35.76985778644644" lon="137.85278596836002"><ele>1614.3177003972232</ele><time>2023-11-11T12:07:51Z</time></trkpt><trkpt lat="35.769669430654375" lon="137.85278832929595"><ele>1618.0446739820763</ele><time>2023-11-11T12:08:06Z</time></trkpt><trkpt lat="35.76949258172887" lon="137.8528549666962"><ele>1624.3404534282163</ele><time>2023-11-11T12:08:20Z</time></trkpt><trkpt lat="35.76940500940339" lon="137.85304961108474"><ele>1615.3265776997432</ele><time>2023-11-11T12:08:34Z</time></trkpt><trkpt lat="35.769380825302896" lon="137.85327463133999"><ele>1611.1705005196854</ele><time>2023-11-11T12:08:49Z</time></trkpt><trkpt lat="35.76934323622631" lon="137.8535030801633"><ele>1608.359448117204</ele><time>2023-11-11T12:09:06Z</time></trkpt><trkpt lat="35.76920116575499" lon="137.85364838116496"><ele>1605.0822517694905</ele><time>2023-11-11T12:09:24Z</time></trkpt><trkpt lat="35.769147700867045" lon="137.85342456545396"><ele>1603.7998276967555</ele><time>2023-11-11T12:09:42Z</time></trkpt><trkpt lat="35.76911812500489" lon="137.85320314045657"><ele>1605.090717272833</ele><time>2023-11-11T12:09:58Z</time></trkpt><trkpt lat="35.76899287845162" lon="137.8530325347422"><ele>1606.4025176716968</ele><time>2023-11-11T12:10:13Z</time></trkpt><trkpt lat="35.768878526670704" lon="137.85285598371976"><ele>1607.761999621056</ele><time>2023-11-11T12:10:29Z</time></trkpt><trkpt lat="35.7687526971062" lon="137.85267475316454"><ele>1609.1220208983868</ele><time>2023-11-11T12:10:46Z</time></trkpt><trkpt lat="35.76862488012286" lon="137.85250291743785"><ele>1612.396766871214</ele><time>2023-11-11T12:11:01Z</time></trkpt><trkpt lat="35.76845403080442" lon="137.85243195318225"><ele>1611.621580477804</ele><time>2023-11-11T12:11:20Z</time></trkpt><trkpt lat="35.768280252558746" lon="137.85250598938092"><ele>1606.4911480816081</ele><time>2023-11-11T12:11:36Z</time></trkpt><trkpt lat="35.76809218767019" lon="137.85247523729214"><ele>1605.3843788569793</ele><time>2023-11-11T12:11:50Z</time></trkpt><trkpt lat="35.76792884014116" lon="137.8523681279228"><ele>1605.1693401802331</ele><time>2023-11-11T12:12:08Z</time></trkpt><trkpt lat="35.767742630482125" lon="137.85231125902658"><ele>1604.6212499290705</ele><time>2023-11-11T12:12:24Z</time></trkpt><trkpt lat="35.76756638393798" lon="137.85224261510686"><ele>1601.1878377497196</ele><time>2023-11-11T12:12:43Z</time></trkpt><trkpt lat="35.76739684402962" lon="137.85215103357874"><ele>1600.5575178237632</ele><time>2023-11-11T12:13:00Z</time></trkpt><trkpt lat="35.76724798517671" lon="137.8520219696568"><ele>1598.1252090893686</ele><time>2023-11-11T12:13:19Z</time></trkpt><trkpt lat="35.76710209430091" lon="137.8518826973635"><ele>1599.7170736789703</ele><time>2023-11-11T12:13:35Z</time></trkpt><trkpt lat="35.76691533776124" lon="137.85184457241226"><ele>1598.7976789185777</ele><time>2023-11-11T12:13:54Z</time></trkpt><trkpt lat="35.766729845840366" lon="137.85190808032587"><ele>1599.4101674361154</ele><time>2023-11-11T12:14:10Z</time></trkpt><trkpt lat="35.76654781184384" lon="137.85199424836964"><ele>1590.148609077558</ele><time>2023-11-11T12:14:30Z</time></trkpt><trkpt lat="35.766361697379295" lon="137.85201014214357"><ele>1589.7087144553661</ele><time>2023-11-11T12:14:49Z</time></trkpt><trkpt lat="35.766219312597244" lon="137.85214589088355"><ele>1580.2898562224582</ele><time>2023-11-11T12:15:05Z</time></trkpt><trkpt lat="35.76603656560588" lon="137.85217025213728"><ele>1580.386223695241</ele><time>2023-11-11T12:15:22Z</time></trkpt><trkpt lat="35.76583996788194" lon="137.85216979880096"><ele>1581.3551572589204</ele><time>2023-11-11T12:15:40Z</time></trkpt><trkpt lat="35.76565763254963" lon="137.8521997595982"><ele>1584.5490639703348</ele><time>2023-11-11T12:15:56Z</time></trkpt><trkpt lat="35.765468684863826" lon="137.85218615185298"><ele>1587.0040726847947</ele><time>2023-11-11T12:16:15Z</time></trkpt><trkpt lat="35.76530141117248" lon="137.852284321127"><ele>1587.9274200405926</ele><time>2023-11-11T12:16:29Z</time></trkpt><trkpt lat="35.765151206272314" lon="137.852412945931"><ele>1581.8033564696088</ele><time>2023-11-11T12:16:47Z</time></trkpt><trkpt lat="35.76497366028503" lon="137.85249802130795"><ele>1579.8646452892572</ele><time>2023-11-11T12:17:05Z</time></trkpt><trkpt lat="35.764870228890494" lon="137.85269208577122"><ele>1574.0478172386065</ele><time>2023-11-11T12:17:24Z</time></trkpt><trkpt lat="35.76475726871019" lon="137.8528751279883"><ele>1569.3217868646607</ele><time>2023-11-11T12:17:42Z</time></trkpt><trkpt lat="35.76463940465249" lon="137.85304601561316"><ele>1564.579953102395</ele><time>2023-11-11T12:18:01Z</time></trkpt><trkpt lat="35.76452274323341" lon="137.85322833725095"><ele>1561.8114438373595</ele><time>2023-11-11T12:18:19Z</time></trkpt><trkpt lat="35.764390255721594" lon="137.85339003471623"><ele>1556.6169319013134</ele><time>2023-11-11T12:18:39Z</time></trkpt><trkpt lat="35.76429305545963" lon="137.853583739811"><ele>1556.148027553223</ele><time>2023-11-11T12:18:55Z</time></trkpt><trkpt lat="35.764163789176756" lon="137.85375099643258"><ele>1552.2693839361891</ele><time>2023-11-11T12:19:12Z</time></trkpt><trkpt lat="35.764042836102014" lon="137.85393427721175"><ele>1550.3986330740154</ele><time>2023-11-11T12:19:28Z</time></trkpt><trkpt lat="35.76385371590536" lon="137.85395777705392"><ele>1546.6090382514521</ele><time>2023-11-11T12:19:45Z</time></trkpt><trkpt lat="35.763694959654515" lon="137.85384695406026"><ele>1544.3028516257182</ele><time>2023-11-11T12:20:02Z</time></trkpt><trkpt lat="35.76359564817434" lon="137.85366218559912"><ele>1542.2036583283916</ele><time>2023-11-11T12:20:22Z</time></trkpt><trkpt lat="35.76361569349254" lon="137.85343937627755"><ele>1544.2791368886828</ele><time>2023-11-11T12:20:41Z</time></trkpt><trkpt lat="35.76353468686321" lon="137.85323598768738"><ele>1545.598500162363</ele><time>2023-11-11T12:20:55Z</time></trkpt><trkpt lat="35.76336339361814" lon="137.8531607237194"><ele>1543.6436123717576</ele><time>2023-11-11T12:21:14Z</time></trkpt><trkpt lat="35.76319147301393" lon="137.8530924499927"><ele>1540.568336785771</ele><time>2023-11-11T12:21:27Z</time></trkpt><trkpt lat="35.76313246260304" lon="137.85287711885297"><ele>1531.3263937225565</ele><time>2023-11-11T12:21:47Z</time></trkpt><trkpt lat="35.76304124951173" lon="137.85267873643812"><ele>1529.5316063128412</ele><time>2023-11-11T12:22:03Z</time></trkpt><trkpt lat="35.763135876905054" lon="137.8524848100157"><ele>1523.5794780058786</ele><time>2023-11-11T12:22:23Z</time></trkpt><trkpt lat="35.7631657866724" lon="137.8522562239003"><ele>1526.1790133649483</ele><time>2023-11-11T12:22:38Z</time></trkpt><trkpt lat="35.76328961895756" lon="137.85209125682758"><ele>1521.9176017763093</ele><time>2023-11-11T12:22:59Z</time></trkpt><trkpt lat="35.76340661944905" lon="137.85191327911727"><ele>1522.9513269821182</ele><time>2023-11-11T12:23:18Z</time></trkpt><trkpt lat="35.76342781508389" lon="137.85169330076675"><ele>1530.439091061242</ele><time>2023-11-11T12:23:47Z</time></trkpt><trkpt lat="35.763231730152135" lon="137.85168937933636"><ele>1527.4797897357494</ele><time>2023-11-11T12:24:16Z</time></trkpt><trkpt lat="35.76319409368624" lon="137.85191429441932"><ele>1512.4424265688285</ele><time>2023-11-11T12:24:46Z</time></trkpt><trkpt lat="35.763044442007256" lon="137.85204676731263"><ele>1516.3469318738207</ele><time>2023-11-11T12:25:04Z</time></trkpt><trkpt lat="35.762877387839346" lon="137.85215493846243"><ele>1510.1639233920723</ele><time>2023-11-11T12:25:27Z</time></trkpt><trkpt lat="35.76271262798102" lon="137.85226251671995"><ele>1500.4920625854284</ele><time>2023-11-11T12:25:52Z</time></trkpt><trkpt lat="35.76255784401652" lon="137.85238560279782"><ele>1494.2976033650339</ele><time>2023-11-11T12:26:11Z</time></trkpt><trkpt lat="35.76257115958576" lon="137.85262203534577"><ele>1493.024011651054</ele><time>2023-11-11T12:26:29Z</time></trkpt><trkpt lat="35.76263510162432" lon="137.85284454480166"><ele>1494.114390462637</ele><time>2023-11-11T12:26:45Z</time></trkpt><trkpt lat="35.76270034767723" lon="137.85305599191608"><ele>1491.241867126897</ele><time>2023-11-11T12:27:09Z</time></trkpt><trkpt lat="35.76261773659999" lon="137.8532603403447"><ele>1484.3119676364586</ele><time>2023-11-11T12:27:27Z</time></trkpt><trkpt lat="35.76254963599735" lon="137.8534742538217"><ele>1481.198816603981</ele><time>2023-11-11T12:27:46Z</time></trkpt><trkpt lat="35.76263042340905" lon="137.85367665722424"><ele>1480.4434283804148</ele><time>2023-11-11T12:28:02Z</time></trkpt><trkpt lat="35.76276040105221" lon="137.85383390110863"><ele>1480.2948451377451</ele><time>2023-11-11T12:28:17Z</time></trkpt><trkpt lat="35.76285949879794" lon="137.85403221525664"><ele>1480.0809818524867</ele><time>2023-11-11T12:28:33Z</time></trkpt><trkpt lat="35.762976521284955" lon="137.85420137569318"><ele>1475.7957563987002</ele><time>2023-11-11T12:29:03Z</time></trkpt><trkpt lat="35.7631132966297" lon="137.85435915990854"><ele>1475.0804694965482</ele><time>2023-11-11T12:30:02Z</time></trkpt><trkpt lat="35.76325121473099" lon="137.85450492472236"><ele>1476.388826920651</ele><time>2023-11-11T12:30:18Z</time></trkpt><trkpt lat="35.76307995546659" lon="137.85442453127956"><ele>1469.2546403445303</ele><time>2023-11-11T12:31:06Z</time></trkpt><trkpt lat="35.76293368131913" lon="137.85427375014885"><ele>1466.9684827951714</ele><time>2023-11-11T12:31:26Z</time></trkpt><trkpt lat="35.76284051480334" lon="137.85406849269373"><ele>1465.9567229757085</ele><time>2023-11-11T12:31:43Z</time></trkpt><trkpt lat="35.7626728157939" lon="137.85395982965025"><ele>1465.6554757244885</ele><time>2023-11-11T12:31:56Z</time></trkpt><trkpt lat="35.76253699531783" lon="137.8538087808706"><ele>1458.8610134953633</ele><time>2023-11-11T12:32:18Z</time></trkpt><trkpt lat="35.76240112000801" lon="137.8536491496387"><ele>1458.693611336872</ele><time>2023-11-11T12:32:34Z</time></trkpt><trkpt lat="35.76230487527154" lon="137.85344363494363"><ele>1454.2597979251295</ele><time>2023-11-11T12:32:52Z</time></trkpt><trkpt lat="35.76231093610076" lon="137.8532052494417"><ele>1451.107764611952</ele><time>2023-11-11T12:33:09Z</time></trkpt><trkpt lat="35.7623416810596" lon="137.85296250623557"><ele>1452.664244552143</ele><time>2023-11-11T12:33:24Z</time></trkpt><trkpt lat="35.76221992021497" lon="137.85278054874664"><ele>1458.1145046576858</ele><time>2023-11-11T12:33:40Z</time></trkpt><trkpt lat="35.76203906438552" lon="137.85277920627053"><ele>1453.6984689449891</ele><time>2023-11-11T12:33:56Z</time></trkpt><trkpt lat="35.761881392669615" lon="137.8526479397846"><ele>1448.9905932173133</ele><time>2023-11-11T12:34:17Z</time></trkpt><trkpt lat="35.761702101184554" lon="137.85260302694692"><ele>1443.3242663005367</ele><time>2023-11-11T12:34:38Z</time></trkpt><trkpt lat="35.76154137911486" lon="137.85248807181043"><ele>1438.32224616874</ele><time>2023-11-11T12:34:54Z</time></trkpt><trkpt lat="35.761385827292365" lon="137.85236101014655"><ele>1438.233755853027</ele><time>2023-11-11T12:35:09Z</time></trkpt><trkpt lat="35.76147549939981" lon="137.8521620957057"><ele>1433.8800509013236</ele><time>2023-11-11T12:35:24Z</time></trkpt><trkpt lat="35.761581900188546" lon="137.85197361314067"><ele>1432.6714604618028</ele><time>2023-11-11T12:35:40Z</time></trkpt><trkpt lat="35.76175241058875" lon="137.85190152628854"><ele>1429.8862311895937</ele><time>2023-11-11T12:36:00Z</time></trkpt><trkpt lat="35.761868597235456" lon="137.8517310446033"><ele>1432.560658754781</ele><time>2023-11-11T12:36:21Z</time></trkpt><trkpt lat="35.76178666004574" lon="137.85153185048335"><ele>1432.5706370258704</ele><time>2023-11-11T12:36:32Z</time></trkpt><trkpt lat="35.761738490577685" lon="137.85131630550686"><ele>1427.3005960602313</ele><time>2023-11-11T12:36:51Z</time></trkpt><trkpt lat="35.76166848311508" lon="137.85110846286398"><ele>1427.6368440054357</ele><time>2023-11-11T12:37:06Z</time></trkpt><trkpt lat="35.761650419241676" lon="137.85087984939204"><ele>1427.9351227125153</ele><time>2023-11-11T12:37:16Z</time></trkpt><trkpt lat="35.76159797920146" lon="137.85064735693564"><ele>1425.6661716876552</ele><time>2023-11-11T12:37:40Z</time></trkpt><trkpt lat="35.76149828736631" lon="137.850445133341"><ele>1422.3186175432056</ele><time>2023-11-11T12:37:59Z</time></trkpt><trkpt lat="35.76138634461611" lon="137.85024667369225"><ele>1421.656572186388</ele><time>2023-11-11T12:38:13Z</time></trkpt><trkpt lat="35.761214486379366" lon="137.8501730525203"><ele>1412.6582098584622</ele><time>2023-11-11T12:38:38Z</time></trkpt><trkpt lat="35.76109605779104" lon="137.85034743105737"><ele>1401.4569756267592</ele><time>2023-11-11T12:39:17Z</time></trkpt><trkpt lat="35.76122434657007" lon="137.85051599415803"><ele>1404.301363022998</ele><time>2023-11-11T12:39:31Z</time></trkpt><trkpt lat="35.76135139657552" lon="137.85067349535856"><ele>1406.1986423190683</ele><time>2023-11-11T12:39:49Z</time></trkpt><trkpt lat="35.761389657773144" lon="137.8508923548508"><ele>1407.9591397540644</ele><time>2023-11-11T12:40:03Z</time></trkpt><trkpt lat="35.76135912646743" lon="137.85111928348786"><ele>1408.1318928208202</ele><time>2023-11-11T12:40:20Z</time></trkpt><trkpt lat="35.76117411788637" lon="137.8511435183754"><ele>1400.6464910740033</ele><time>2023-11-11T12:41:01Z</time></trkpt><trkpt lat="35.76108427693443" lon="137.8509512991026"><ele>1395.7086992962286</ele><time>2023-11-11T12:41:18Z</time></trkpt><trkpt lat="35.7609804216713" lon="137.8507539486886"><ele>1391.8428300181404</ele><time>2023-11-11T12:41:36Z</time></trkpt><trkpt lat="35.7608668869573" lon="137.85056610450496"><ele>1390.4242011923343</ele><time>2023-11-11T12:41:55Z</time></trkpt><trkpt lat="35.760779605576275" lon="137.8503721727777"><ele>1385.3672290826216</ele><time>2023-11-11T12:42:10Z</time></trkpt><trkpt lat="35.76069101536593" lon="137.85016454020845"><ele>1384.9643557425588</ele><time>2023-11-11T12:42:29Z</time></trkpt><trkpt lat="35.7606820891722" lon="137.84993037093517"><ele>1379.9484861167148</ele><time>2023-11-11T12:42:48Z</time></trkpt><trkpt lat="35.76076072107483" lon="137.84972064278531"><ele>1380.044406220317</ele><time>2023-11-11T12:43:02Z</time></trkpt><trkpt lat="35.760580381975885" lon="137.8497384852304"><ele>1376.9160135500133</ele><time>2023-11-11T12:43:29Z</time></trkpt><trkpt lat="35.76050784548907" lon="137.84994761539932"><ele>1376.0494477162138</ele><time>2023-11-11T12:43:44Z</time></trkpt><trkpt lat="35.76044884374249" lon="137.8501674662602"><ele>1373.801783138886</ele><time>2023-11-11T12:44:01Z</time></trkpt><trkpt lat="35.76032724634704" lon="137.85033341869214"><ele>1371.956031916663</ele><time>2023-11-11T12:44:16Z</time></trkpt><trkpt lat="35.76026902384733" lon="137.85054773391826"><ele>1371.5202230839059</ele><time>2023-11-11T12:44:31Z</time></trkpt><trkpt lat="35.76031207534672" lon="137.8507698154325"><ele>1371.6471416177228</ele><time>2023-11-11T12:44:48Z</time></trkpt><trkpt lat="35.76042469260328" lon="137.85094850330773"><ele>1370.3091897033155</ele><time>2023-11-11T12:45:02Z</time></trkpt><trkpt lat="35.76055629936384" lon="137.85112322914253"><ele>1371.6511437948793</ele><time>2023-11-11T12:45:16Z</time></trkpt><trkpt lat="35.76069120477942" lon="137.8512722029889"><ele>1372.3113402081653</ele><time>2023-11-11T12:45:31Z</time></trkpt><trkpt lat="35.7606467066892" lon="137.8514942152046"><ele>1371.3696080530062</ele><time>2023-11-11T12:45:51Z</time></trkpt><trkpt lat="35.76052234765847" lon="137.85165685990953"><ele>1363.9631421072409</ele><time>2023-11-11T12:46:12Z</time></trkpt><trkpt lat="35.76040316992534" lon="137.8518264140886"><ele>1361.3422867506742</ele><time>2023-11-11T12:46:28Z</time></trkpt><trkpt lat="35.76037998590014" lon="137.8520626743316"><ele>1360.0938062891364</ele><time>2023-11-11T12:46:45Z</time></trkpt><trkpt lat="35.760409552022324" lon="137.85228914760935"><ele>1360.126011271961</ele><time>2023-11-11T12:46:58Z</time></trkpt><trkpt lat="35.76045037927249" lon="137.85250569935982"><ele>1360.0418100664392</ele><time>2023-11-11T12:47:12Z</time></trkpt><trkpt lat="35.7604293885208" lon="137.85272843313922"><ele>1361.7035026904196</ele><time>2023-11-11T12:47:25Z</time></trkpt><trkpt lat="35.76039175965758" lon="137.85296324788496"><ele>1360.9372394336388</ele><time>2023-11-11T12:47:40Z</time></trkpt><trkpt lat="35.76044849702277" lon="137.85318451197648"><ele>1360.3680447721854</ele><time>2023-11-11T12:47:57Z</time></trkpt><trkpt lat="35.76052658260145" lon="137.85340052232857"><ele>1358.9533620215952</ele><time>2023-11-11T12:48:11Z</time></trkpt><trkpt lat="35.760657072138855" lon="137.8535657151829"><ele>1356.3148201899603</ele><time>2023-11-11T12:48:25Z</time></trkpt><trkpt lat="35.76084054521607" lon="137.85361319804045"><ele>1353.2809891123325</ele><time>2023-11-11T12:48:40Z</time></trkpt><trkpt lat="35.760999339494454" lon="137.85374174119707"><ele>1348.8454027436674</ele><time>2023-11-11T12:48:57Z</time></trkpt><trkpt lat="35.761130195461526" lon="137.85390583205418"><ele>1353.1603248240426</ele><time>2023-11-11T12:50:11Z</time></trkpt><trkpt lat="35.76108153278038" lon="137.85411911714604"><ele>1350.944722504355</ele><time>2023-11-11T12:51:19Z</time></trkpt><trkpt lat="35.76092944136425" lon="137.85398777359697"><ele>1341.3630235269666</ele><time>2023-11-11T12:51:36Z</time></trkpt><trkpt lat="35.76080489240694" lon="137.85381790812943"><ele>1342.7449069470167</ele><time>2023-11-11T12:51:50Z</time></trkpt><trkpt lat="35.760616536680025" lon="137.8537962705005"><ele>1344.6251609455794</ele><time>2023-11-11T12:52:04Z</time></trkpt><trkpt lat="35.760424328705135" lon="137.85375292657508"><ele>1340.3901537712663</ele><time>2023-11-11T12:52:19Z</time></trkpt><trkpt lat="35.760352759829026" lon="137.85354779099646"><ele>1336.8731351774186</ele><time>2023-11-11T12:52:37Z</time></trkpt><trkpt lat="35.760251176970435" lon="137.85335906647686"><ele>1340.8859166037291</ele><time>2023-11-11T12:52:51Z</time></trkpt><trkpt lat="35.76008624084319" lon="137.85346898438243"><ele>1340.5803799172863</ele><time>2023-11-11T12:53:04Z</time></trkpt><trkpt lat="35.760093539016985" lon="137.85370747114698"><ele>1338.659174375236</ele><time>2023-11-11T12:53:16Z</time></trkpt><trkpt lat="35.76025296351366" lon="137.8538427626725"><ele>1335.3316623969004</ele><time>2023-11-11T12:53:32Z</time></trkpt><trkpt lat="35.76043106979781" lon="137.8538815874575"><ele>1335.005222870037</ele><time>2023-11-11T12:53:46Z</time></trkpt><trkpt lat="35.76060864176929" lon="137.85393164126677"><ele>1337.116549600847</ele><time>2023-11-11T12:53:58Z</time></trkpt><trkpt lat="35.76067935346973" lon="137.85413922480043"><ele>1342.7997380094603</ele><time>2023-11-11T12:54:11Z</time></trkpt><trkpt lat="35.760525176503506" lon="137.85426747654338"><ele>1339.5939800059423</ele><time>2023-11-11T12:54:39Z</time></trkpt><trkpt lat="35.76032093542663" lon="137.85424334170654"><ele>1335.2318544406444</ele><time>2023-11-11T12:54:53Z</time></trkpt><trkpt lat="35.7601301863233" lon="137.85418023658247"><ele>1333.3184283226728</ele><time>2023-11-11T12:55:05Z</time></trkpt><trkpt lat="35.760003088021904" lon="137.85400170579047"><ele>1328.9377784105018</ele><time>2023-11-11T12:55:21Z</time></trkpt><trkpt lat="35.75992080364159" lon="137.85380110338153"><ele>1324.244976401329</ele><time>2023-11-11T12:55:38Z</time></trkpt><trkpt lat="35.759868074801496" lon="137.85356887843116"><ele>1318.4747375324368</ele><time>2023-11-11T12:56:04Z</time></trkpt><trkpt lat="35.7597432164619" lon="137.8534016425911"><ele>1322.30278423056</ele><time>2023-11-11T12:56:17Z</time></trkpt><trkpt lat="35.75958925186365" lon="137.85325940152046"><ele>1315.2363484660164</ele><time>2023-11-11T12:56:39Z</time></trkpt><trkpt lat="35.759401775221136" lon="137.8532928710678"><ele>1319.6827469086275</ele><time>2023-11-11T12:57:06Z</time></trkpt><trkpt lat="35.75930711429936" lon="137.85349466762327"><ele>1325.1295489463955</ele><time>2023-11-11T12:57:21Z</time></trkpt><trkpt lat="35.759260387277614" lon="137.85372680391933"><ele>1327.2893214626238</ele><time>2023-11-11T12:57:38Z</time></trkpt><trkpt lat="35.7592069090393" lon="137.85394710408318"><ele>1324.7991459202021</ele><time>2023-11-11T12:57:56Z</time></trkpt><trkpt lat="35.759213628176106" lon="137.85417097916812"><ele>1326.1740886336192</ele><time>2023-11-11T12:58:11Z</time></trkpt><trkpt lat="35.75925023475673" lon="137.8543922102985"><ele>1325.5937010347843</ele><time>2023-11-11T12:58:28Z</time></trkpt><trkpt lat="35.759333076068145" lon="137.8546004698287"><ele>1319.3838245207444</ele><time>2023-11-11T12:58:45Z</time></trkpt><trkpt lat="35.75948565843658" lon="137.8547272884663"><ele>1318.5287052718922</ele><time>2023-11-11T12:59:00Z</time></trkpt><trkpt lat="35.75962126497807" lon="137.854880037093"><ele>1319.7349167242646</ele><time>2023-11-11T12:59:19Z</time></trkpt><trkpt lat="35.75979616127098" lon="137.85495324694597"><ele>1321.777561482042</ele><time>2023-11-11T12:59:36Z</time></trkpt><trkpt lat="35.75997651791879" lon="137.8549557615631"><ele>1317.4131507594138</ele><time>2023-11-11T12:59:51Z</time></trkpt><trkpt lat="35.76013946730852" lon="137.85507934600807"><ele>1306.0492654461414</ele><time>2023-11-11T13:00:06Z</time></trkpt><trkpt lat="35.76021390961778" lon="137.8552879180114"><ele>1305.7429836252704</ele><time>2023-11-11T13:00:20Z</time></trkpt><trkpt lat="35.76026178202279" lon="137.85550707573424"><ele>1305.2391276089475</ele><time>2023-11-11T13:00:34Z</time></trkpt><trkpt lat="35.76022909385973" lon="137.85573399863574"><ele>1303.692749558948</ele><time>2023-11-11T13:00:50Z</time></trkpt><trkpt lat="35.76021611457635" lon="137.85596039025572"><ele>1303.3579291179776</ele><time>2023-11-11T13:01:06Z</time></trkpt><trkpt lat="35.76039131328882" lon="137.85589303628564"><ele>1301.9646375114098</ele><time>2023-11-11T13:01:21Z</time></trkpt><trkpt lat="35.760348606537754" lon="137.85566596077754"><ele>1299.9893098352477</ele><time>2023-11-11T13:01:37Z</time></trkpt><trkpt lat="35.76039037617117" lon="137.855437376186"><ele>1299.2891358640045</ele><time>2023-11-11T13:01:50Z</time></trkpt><trkpt lat="35.760339305641516" lon="137.8552157972377"><ele>1293.3587986500934</ele><time>2023-11-11T13:02:07Z</time></trkpt><trkpt lat="35.76033326512216" lon="137.85499193266804"><ele>1298.6727080410346</ele><time>2023-11-11T13:02:21Z</time></trkpt><trkpt lat="35.76050360650039" lon="137.8549040540702"><ele>1303.0361767038703</ele><time>2023-11-11T13:02:35Z</time></trkpt><trkpt lat="35.760604541012796" lon="137.85510126313775"><ele>1299.5037545515224</ele><time>2023-11-11T13:02:50Z</time></trkpt><trkpt lat="35.76057479431298" lon="137.85532637944243"><ele>1299.8602342465892</ele><time>2023-11-11T13:03:04Z</time></trkpt><trkpt lat="35.76053446978523" lon="137.85556065882307"><ele>1300.432484941557</ele><time>2023-11-11T13:03:19Z</time></trkpt><trkpt lat="35.76053479494659" lon="137.85578495177728"><ele>1299.9189405962825</ele><time>2023-11-11T13:03:37Z</time></trkpt><trkpt lat="35.76052101752323" lon="137.85600707382275"><ele>1296.6700227959082</ele><time>2023-11-11T13:03:52Z</time></trkpt><trkpt lat="35.76042333648622" lon="137.85620929565988"><ele>1293.67559703812</ele><time>2023-11-11T13:04:07Z</time></trkpt><trkpt lat="35.760342167400424" lon="137.85641097374062"><ele>1290.6799219101667</ele><time>2023-11-11T13:04:19Z</time></trkpt><trkpt lat="35.76031745300985" lon="137.85663023627328"><ele>1291.2045108992606</ele><time>2023-11-11T13:04:33Z</time></trkpt><trkpt lat="35.76032588593865" lon="137.85686640099033"><ele>1288.2186154136434</ele><time>2023-11-11T13:04:49Z</time></trkpt><trkpt lat="35.76021927480522" lon="137.857054555997"><ele>1281.452274219133</ele><time>2023-11-11T13:05:08Z</time></trkpt><trkpt lat="35.76006594604566" lon="137.85718338954285"><ele>1273.3761570518836</ele><time>2023-11-11T13:05:23Z</time></trkpt><trkpt lat="35.75988801817319" lon="137.8572186504469"><ele>1271.780336163938</ele><time>2023-11-11T13:05:38Z</time></trkpt><trkpt lat="35.759714129407286" lon="137.85728464305768"><ele>1271.368716369383</ele><time>2023-11-11T13:05:51Z</time></trkpt><trkpt lat="35.75952559631454" lon="137.8573291838555"><ele>1273.5804772600532</ele><time>2023-11-11T13:06:12Z</time></trkpt><trkpt lat="35.75937708670031" lon="137.85745793755552"><ele>1275.6997894262895</ele><time>2023-11-11T13:06:34Z</time></trkpt><trkpt lat="35.75917127437075" lon="137.85756232922256"><ele>1273.1818707389757</ele><time>2023-11-11T13:06:55Z</time></trkpt><trkpt lat="35.75909102754471" lon="137.85780415291754"><ele>1271.4341537551954</ele><time>2023-11-11T13:07:01Z</time></trkpt><trkpt lat="35.75891278828011" lon="137.85784969273243"><ele>1263.8805477134883</ele><time>2023-11-11T13:07:26Z</time></trkpt><trkpt lat="35.75872849578567" lon="137.85782902027842"><ele>1267.077098209411</ele><time>2023-11-11T13:07:43Z</time></trkpt><trkpt lat="35.75852275877798" lon="137.8578020416537"><ele>1277.0324363932014</ele><time>2023-11-11T13:08:08Z</time></trkpt><trkpt lat="35.75833316460937" lon="137.85783913010238"><ele>1277.9206751296297</ele><time>2023-11-11T13:08:15Z</time></trkpt><trkpt lat="35.758108467681126" lon="137.85799126656923"><ele>1278.9943173080683</ele><time>2023-11-11T13:08:19Z</time></trkpt><trkpt lat="35.757943441004656" lon="137.8581210513409"><ele>1277.5694768950343</ele><time>2023-11-11T13:08:23Z</time></trkpt><trkpt lat="35.75775618511955" lon="137.8581261835112"><ele>1268.219292992726</ele><time>2023-11-11T13:09:05Z</time></trkpt><trkpt lat="35.75759094690572" lon="137.8582531561023"><ele>1265.2326914193109</ele><time>2023-11-11T13:09:23Z</time></trkpt><trkpt lat="35.757451887908" lon="137.85839882790245"><ele>1265.5899798953906</ele><time>2023-11-11T13:09:37Z</time></trkpt><trkpt lat="35.75731387830653" lon="137.8585560178434"><ele>1260.760838598013</ele><time>2023-11-11T13:09:53Z</time></trkpt><trkpt lat="35.75715732882349" lon="137.85867746071057"><ele>1252.1352548189461</ele><time>2023-11-11T13:10:10Z</time></trkpt><trkpt lat="35.756977052278145" lon="137.85871704323577"><ele>1251.1253434317186</ele><time>2023-11-11T13:10:27Z</time></trkpt><trkpt lat="35.7568203870275" lon="137.85883661116904"><ele>1251.84853557311</ele><time>2023-11-11T13:10:40Z</time></trkpt><trkpt lat="35.756681121005215" lon="137.85899999637252"><ele>1253.018025512807</ele><time>2023-11-11T13:10:52Z</time></trkpt><trkpt lat="35.75649473384339" lon="137.8590536127493"><ele>1250.4910216256976</ele><time>2023-11-11T13:11:08Z</time></trkpt><trkpt lat="35.756300531270504" lon="137.85898495874852"><ele>1249.9251111345366</ele><time>2023-11-11T13:11:25Z</time></trkpt><trkpt lat="35.75611891983899" lon="137.85897728108554"><ele>1245.9526227433234</ele><time>2023-11-11T13:11:37Z</time></trkpt><trkpt lat="35.75593543030549" lon="137.8589742723135"><ele>1237.3232713416219</ele><time>2023-11-11T13:11:50Z</time></trkpt><trkpt lat="35.75578932853717" lon="137.8588344706489"><ele>1231.0654103569686</ele><time>2023-11-11T13:12:07Z</time></trkpt><trkpt lat="35.75566446059489" lon="137.85867036212846"><ele>1235.9533017519861</ele><time>2023-11-11T13:12:21Z</time></trkpt><trkpt lat="35.755471920074946" lon="137.85861632559394"><ele>1231.638822592795</ele><time>2023-11-11T13:12:43Z</time></trkpt><trkpt lat="35.75530181698666" lon="137.85850134409702"><ele>1222.7911727307364</ele><time>2023-11-11T13:12:55Z</time></trkpt><trkpt lat="35.755126536170906" lon="137.85839039767725"><ele>1222.3351023523137</ele><time>2023-11-11T13:13:03Z</time></trkpt><trkpt lat="35.754944132068424" lon="137.85833300746742"><ele>1219.5735065285116</ele><time>2023-11-11T13:13:14Z</time></trkpt><trkpt lat="35.75479082719066" lon="137.85821033550624"><ele>1218.4491483839229</ele><time>2023-11-11T13:13:27Z</time></trkpt><trkpt lat="35.754636267756176" lon="137.85809325681413"><ele>1214.3586673056707</ele><time>2023-11-11T13:13:41Z</time></trkpt><trkpt lat="35.754491852443" lon="137.85794337480152"><ele>1210.3451833529398</ele><time>2023-11-11T13:13:58Z</time></trkpt><trkpt lat="35.7543172441619" lon="137.85785426812706"><ele>1211.9488797700033</ele><time>2023-11-11T13:14:20Z</time></trkpt><trkpt lat="35.75413660140911" lon="137.85781325969194"><ele>1209.35232172627</ele><time>2023-11-11T13:14:41Z</time></trkpt><trkpt lat="35.75397027410987" lon="137.85789919812802"><ele>1211.7873895624653</ele><time>2023-11-11T13:14:57Z</time></trkpt><trkpt lat="35.753780012239496" lon="137.8579211283646"><ele>1209.083510838449</ele><time>2023-11-11T13:15:10Z</time></trkpt><trkpt lat="35.75358719608636" lon="137.85795875890508"><ele>1212.1861047958955</ele><time>2023-11-11T13:15:26Z</time></trkpt><trkpt lat="35.75377588071607" lon="137.85799521992078"><ele>1201.9188256952912</ele><time>2023-11-11T13:18:08Z</time></trkpt><trkpt lat="35.75393307513393" lon="137.85813703055229"><ele>1206.0924323210493</ele><time>2023-11-11T13:18:34Z</time></trkpt><trkpt lat="35.754080440615866" lon="137.8582705854976"><ele>1206.9090911420062</ele><time>2023-11-11T13:18:49Z</time></trkpt><trkpt lat="35.7539499512889" lon="137.85844848500176"><ele>1199.2685038605705</ele><time>2023-11-11T13:19:11Z</time></trkpt><trkpt lat="35.753776866129485" lon="137.85851281985455"><ele>1200.5711657833308</ele><time>2023-11-11T13:19:34Z</time></trkpt><trkpt lat="35.75359892905421" lon="137.85844226595088"><ele>1203.096939207986</ele><time>2023-11-11T13:19:47Z</time></trkpt><trkpt lat="35.75340836961781" lon="137.85842668249302"><ele>1203.6999296955764</ele><time>2023-11-11T13:20:01Z</time></trkpt><trkpt lat="35.753218762805915" lon="137.85846161958506"><ele>1202.2256982615218</ele><time>2023-11-11T13:20:17Z</time></trkpt><trkpt lat="35.75309998718327" lon="137.85865082087818"><ele>1198.0641460018232</ele><time>2023-11-11T13:20:31Z</time></trkpt><trkpt lat="35.75303692129702" lon="137.85886630442042"><ele>1188.191158754751</ele><time>2023-11-11T13:20:43Z</time></trkpt><trkpt lat="35.752904326304694" lon="137.85902277029325"><ele>1184.7570096580312</ele><time>2023-11-11T13:20:57Z</time></trkpt><trkpt lat="35.752769311289384" lon="137.8591846519307"><ele>1179.3544468916953</ele><time>2023-11-11T13:21:12Z</time></trkpt><trkpt lat="35.75272582926617" lon="137.85939991589686"><ele>1181.1681476542726</ele><time>2023-11-11T13:21:27Z</time></trkpt><trkpt lat="35.7527109883434" lon="137.85962981442506"><ele>1180.7849314976484</ele><time>2023-11-11T13:21:43Z</time></trkpt><trkpt lat="35.75259766102158" lon="137.85981714358167"><ele>1181.021044837311</ele><time>2023-11-11T13:21:58Z</time></trkpt><trkpt lat="35.75254579719495" lon="137.86002987170943"><ele>1183.078856838867</ele><time>2023-11-11T13:22:15Z</time></trkpt><trkpt lat="35.752447704096994" lon="137.8602171126155"><ele>1186.435605593957</ele><time>2023-11-11T13:22:30Z</time></trkpt><trkpt lat="35.75230319814663" lon="137.86035197878516"><ele>1185.8441911181435</ele><time>2023-11-11T13:22:43Z</time></trkpt><trkpt lat="35.752182435208745" lon="137.86051853221855"><ele>1181.5376688009128</ele><time>2023-11-11T13:23:01Z</time></trkpt><trkpt lat="35.752050065244546" lon="137.8606756619307"><ele>1183.2040949547663</ele><time>2023-11-11T13:23:13Z</time></trkpt><trkpt lat="35.75194394447793" lon="137.86085580264273"><ele>1177.0877363821492</ele><time>2023-11-11T13:23:27Z</time></trkpt><trkpt lat="35.75175979098072" lon="137.86087183709031"><ele>1187.4816009961069</ele><time>2023-11-11T13:23:43Z</time></trkpt><trkpt lat="35.751571587430945" lon="137.860862947743"><ele>1191.0404987121</ele><time>2023-11-11T13:23:56Z</time></trkpt><trkpt lat="35.751389186340894" lon="137.86082127377205"><ele>1189.6431323904544</ele><time>2023-11-11T13:24:15Z</time></trkpt><trkpt lat="35.751202254946456" lon="137.86080205102556"><ele>1186.0916037429124</ele><time>2023-11-11T13:24:31Z</time></trkpt><trkpt lat="35.75102315828054" lon="137.8607683338325"><ele>1178.313890794292</ele><time>2023-11-11T13:24:50Z</time></trkpt><trkpt lat="35.750919540553674" lon="137.86057062014632"><ele>1178.4801168758422</ele><time>2023-11-11T13:25:10Z</time></trkpt><trkpt lat="35.75081515178406" lon="137.86037892234577"><ele>1172.904768757522</ele><time>2023-11-11T13:25:26Z</time></trkpt><trkpt lat="35.75065394637828" lon="137.8602511184189"><ele>1173.088411360979</ele><time>2023-11-11T13:25:41Z</time></trkpt><trkpt lat="35.75050531861552" lon="137.86011871225807"><ele>1172.1454308256507</ele><time>2023-11-11T13:25:55Z</time></trkpt><trkpt lat="35.75037154639625" lon="137.86027032781953"><ele>1171.2069117175415</ele><time>2023-11-11T13:26:11Z</time></trkpt><trkpt lat="35.750244710181796" lon="137.86044594195187"><ele>1177.044056900777</ele><time>2023-11-11T13:26:27Z</time></trkpt><trkpt lat="35.75020177797348" lon="137.86066143798783"><ele>1178.0206176741049</ele><time>2023-11-11T13:26:49Z</time></trkpt><trkpt lat="35.75032660192069" lon="137.86083007858846"><ele>1181.8515195725486</ele><time>2023-11-11T13:27:06Z</time></trkpt><trkpt lat="35.75031553078715" lon="137.8610622778929"><ele>1177.310386735946</ele><time>2023-11-11T13:27:25Z</time></trkpt><trkpt lat="35.750463098730066" lon="137.86120403880648"><ele>1173.0865712668747</ele><time>2023-11-11T13:27:43Z</time></trkpt><trkpt lat="35.75056743525968" lon="137.86140011249032"><ele>1171.2136741215363</ele><time>2023-11-11T13:27:59Z</time></trkpt><trkpt lat="35.75069848968842" lon="137.861557350807"><ele>1174.144877362065</ele><time>2023-11-11T13:28:14Z</time></trkpt><trkpt lat="35.75078391890685" lon="137.86175556259843"><ele>1179.0864471988752</ele><time>2023-11-11T13:28:28Z</time></trkpt><trkpt lat="35.750788031171936" lon="137.8619907507657"><ele>1168.2083276584744</ele><time>2023-11-11T13:28:47Z</time></trkpt><trkpt lat="35.75086997147237" lon="137.86219492713903"><ele>1163.5289533743635</ele><time>2023-11-11T13:29:03Z</time></trkpt><trkpt lat="35.75099783567026" lon="137.86235896988111"><ele>1162.882298558019</ele><time>2023-11-11T13:29:18Z</time></trkpt><trkpt lat="35.751176926641755" lon="137.86243129777927"><ele>1166.0013903807849</ele><time>2023-11-11T13:29:31Z</time></trkpt><trkpt lat="35.751335961216114" lon="137.86256249401217"><ele>1170.4611617028713</ele><time>2023-11-11T13:29:45Z</time></trkpt><trkpt lat="35.751403751846475" lon="137.8627708304385"><ele>1159.4754262585193</ele><time>2023-11-11T13:30:07Z</time></trkpt><trkpt lat="35.751501100060096" lon="137.862970679038"><ele>1155.1835615802556</ele><time>2023-11-11T13:30:22Z</time></trkpt><trkpt lat="35.75162797007958" lon="137.86312804326198"><ele>1152.7434482527897</ele><time>2023-11-11T13:30:35Z</time></trkpt><trkpt lat="35.7518083876887" lon="137.86313186973"><ele>1155.5673846211284</ele><time>2023-11-11T13:30:49Z</time></trkpt><trkpt lat="35.75199054585756" lon="137.86312155455371"><ele>1157.4520476115867</ele><time>2023-11-11T13:31:05Z</time></trkpt><trkpt lat="35.75216886558148" lon="137.86319575276883"><ele>1160.6971115795895</ele><time>2023-11-11T13:31:17Z</time></trkpt><trkpt lat="35.75233773821036" lon="137.86327327781092"><ele>1163.8194378260523</ele><time>2023-11-11T13:31:32Z</time></trkpt><trkpt lat="35.75244528050203" lon="137.86346196138027"><ele>1161.6829897351563</ele><time>2023-11-11T13:31:49Z</time></trkpt><trkpt lat="35.75259771788571" lon="137.86359190533608"><ele>1159.5262910611928</ele><time>2023-11-11T13:32:09Z</time></trkpt><trkpt lat="35.752671331098064" lon="137.86380194909106"><ele>1162.0694678295404</ele><time>2023-11-11T13:32:35Z</time></trkpt><trkpt lat="35.75257120470693" lon="137.864001746641"><ele>1156.1825102865696</ele><time>2023-11-11T13:32:53Z</time></trkpt><trkpt lat="35.75260729237392" lon="137.86421848506097"><ele>1148.1064006015658</ele><time>2023-11-11T13:33:12Z</time></trkpt><trkpt lat="35.752718899440474" lon="137.86440231386706"><ele>1150.4664667313918</ele><time>2023-11-11T13:33:27Z</time></trkpt><trkpt lat="35.752803808557104" lon="137.86461038262178"><ele>1154.0463791675866</ele><time>2023-11-11T13:33:44Z</time></trkpt><trkpt lat="35.75274113378822" lon="137.8648212458414"><ele>1150.1294732186943</ele><time>2023-11-11T13:34:02Z</time></trkpt><trkpt lat="35.752803215411724" lon="137.86504706053145"><ele>1150.529636228457</ele><time>2023-11-11T13:34:21Z</time></trkpt><trkpt lat="35.75280321997164" lon="137.8652698166622"><ele>1149.4723343309015</ele><time>2023-11-11T13:34:36Z</time></trkpt><trkpt lat="35.75270194005461" lon="137.86545307693189"><ele>1147.4173702392727</ele><time>2023-11-11T13:34:54Z</time></trkpt><trkpt lat="35.752559585471296" lon="137.86560416892675"><ele>1143.3966195592657</ele><time>2023-11-11T13:35:11Z</time></trkpt><trkpt lat="35.75249146651961" lon="137.86581558768344"><ele>1135.7392064202577</ele><time>2023-11-11T13:35:29Z</time></trkpt><trkpt lat="35.75254201887406" lon="137.8660365868857"><ele>1131.6991679482162</ele><time>2023-11-11T13:35:46Z</time></trkpt><trkpt lat="35.75260249819836" lon="137.86624721162292"><ele>1128.6372885862365</ele><time>2023-11-11T13:36:02Z</time></trkpt><trkpt lat="35.752785559543334" lon="137.8662959478814"><ele>1128.699750511907</ele><time>2023-11-11T13:36:22Z</time></trkpt><trkpt lat="35.75291834065354" lon="137.8664520014925"><ele>1135.013793666847</ele><time>2023-11-11T13:36:38Z</time></trkpt><trkpt lat="35.752953552836175" lon="137.86666924608127"><ele>1135.3246952043846</ele><time>2023-11-11T13:36:53Z</time></trkpt><trkpt lat="35.75291155609828" lon="137.8669010197678"><ele>1134.2366227665916</ele><time>2023-11-11T13:37:10Z</time></trkpt><trkpt lat="35.752831989884776" lon="137.86710195720065"><ele>1129.1931795636192</ele><time>2023-11-11T13:37:26Z</time></trkpt><trkpt lat="35.752746641140995" lon="137.8673053662914"><ele>1126.5548228444532</ele><time>2023-11-11T13:37:42Z</time></trkpt><trkpt lat="35.75268394521277" lon="137.86751466307848"><ele>1123.3124203747138</ele><time>2023-11-11T13:37:58Z</time></trkpt><trkpt lat="35.75257864278699" lon="137.86769704997462"><ele>1114.4094177503139</ele><time>2023-11-11T13:38:15Z</time></trkpt><trkpt lat="35.752457056449295" lon="137.8678667832059"><ele>1109.6047673178837</ele><time>2023-11-11T13:38:32Z</time></trkpt><trkpt lat="35.75229806605815" lon="137.86797934908657"><ele>1107.287618868053</ele><time>2023-11-11T13:38:45Z</time></trkpt><trkpt lat="35.752194089016925" lon="137.86816255661373"><ele>1108.2149351956323</ele><time>2023-11-11T13:39:01Z</time></trkpt><trkpt lat="35.75206281859989" lon="137.8683351606931"><ele>1104.8978607608005</ele><time>2023-11-11T13:39:18Z</time></trkpt><trkpt lat="35.75197830891739" lon="137.86853178797475"><ele>1104.635965725407</ele><time>2023-11-11T13:39:34Z</time></trkpt><trkpt lat="35.751884310694884" lon="137.8687288636055"><ele>1103.2837811345235</ele><time>2023-11-11T13:39:52Z</time></trkpt><trkpt lat="35.7518023347693" lon="137.8689311883124"><ele>1096.6529873395339</ele><time>2023-11-11T13:40:12Z</time></trkpt><trkpt lat="35.75174009961793" lon="137.8691426439431"><ele>1096.8528963848948</ele><time>2023-11-11T13:40:31Z</time></trkpt><trkpt lat="35.75162769935489" lon="137.8693232890537"><ele>1091.0078164376318</ele><time>2023-11-11T13:40:49Z</time></trkpt><trkpt lat="35.75145856055035" lon="137.8694012871272"><ele>1086.7349607292563</ele><time>2023-11-11T13:41:06Z</time></trkpt><trkpt lat="35.751291269638934" lon="137.86950899005163"><ele>1083.3967461297289</ele><time>2023-11-11T13:41:23Z</time></trkpt><trkpt lat="35.75115275701451" lon="137.8696555042676"><ele>1078.439162417315</ele><time>2023-11-11T13:41:40Z</time></trkpt><trkpt lat="35.75124635992673" lon="137.86984458278616"><ele>1076.1504585435614</ele><time>2023-11-11T13:41:58Z</time></trkpt><trkpt lat="35.7513773575327" lon="137.87000611419862"><ele>1077.5865393197164</ele><time>2023-11-11T13:42:14Z</time></trkpt><trkpt lat="35.751503720927914" lon="137.87018917025125"><ele>1086.3997841672972</ele><time>2023-11-11T13:42:28Z</time></trkpt><trkpt lat="35.75145769924859" lon="137.87041223330553"><ele>1085.7248043371364</ele><time>2023-11-11T13:42:51Z</time></trkpt><trkpt lat="35.751522017422595" lon="137.87063556488712"><ele>1086.7714185323566</ele><time>2023-11-11T13:43:05Z</time></trkpt><trkpt lat="35.751488278564715" lon="137.87086691862297"><ele>1086.6845836043358</ele><time>2023-11-11T13:43:23Z</time></trkpt><trkpt lat="35.75132271204396" lon="137.87097818657145"><ele>1083.494930645451</ele><time>2023-11-11T13:43:40Z</time></trkpt><trkpt lat="35.75114720381742" lon="137.87104436681113"><ele>1080.7911607669666</ele><time>2023-11-11T13:43:55Z</time></trkpt><trkpt lat="35.751192527943076" lon="137.87082423091718"><ele>1076.381450803019</ele><time>2023-11-11T13:44:12Z</time></trkpt><trkpt lat="35.75130597370181" lon="137.87064345532923"><ele>1074.5926350867376</ele><time>2023-11-11T13:44:28Z</time></trkpt><trkpt lat="35.75116472607768" lon="137.8705020060615"><ele>1075.6914282953367</ele><time>2023-11-11T13:44:46Z</time></trkpt><trkpt lat="35.75097449928807" lon="137.87049386587543"><ele>1074.0480165714398</ele><time>2023-11-11T13:45:42Z</time></trkpt><trkpt lat="35.7509070834667" lon="137.8707044304608"><ele>1071.5112274792045</ele><time>2023-11-11T13:46:01Z</time></trkpt><trkpt lat="35.75076926292923" lon="137.8705588560525"><ele>1059.4335670629516</ele><time>2023-11-11T13:46:39Z</time></trkpt><trkpt lat="35.75082223748129" lon="137.87034232089692"><ele>1058.1084622228518</ele><time>2023-11-11T13:46:53Z</time></trkpt><trkpt lat="35.75072613647409" lon="137.870151506816"><ele>1058.8733025202528</ele><time>2023-11-11T13:47:06Z</time></trkpt><trkpt lat="35.750562298894046" lon="137.87025297909912"><ele>1052.9413299188018</ele><time>2023-11-11T13:47:21Z</time></trkpt><trkpt lat="35.75059560235559" lon="137.87047259705503"><ele>1048.0877942293882</ele><time>2023-11-11T13:47:34Z</time></trkpt><trkpt lat="35.75055213820084" lon="137.87070370403174"><ele>1046.0546210166067</ele><time>2023-11-11T13:47:50Z</time></trkpt><trkpt lat="35.75053397422399" lon="137.8709240073104"><ele>1044.8814565837383</ele><time>2023-11-11T13:48:06Z</time></trkpt><trkpt lat="35.75052154263624" lon="137.8711504907664"><ele>1042.2038881117478</ele><time>2023-11-11T13:48:21Z</time></trkpt><trkpt lat="35.75046664720384" lon="137.87136894547413"><ele>1040.8634141320363</ele><time>2023-11-11T13:48:35Z</time></trkpt><trkpt lat="35.75042635182257" lon="137.87158979163829"><ele>1039.9072035094723</ele><time>2023-11-11T13:48:50Z</time></trkpt><trkpt lat="35.75036236207024" lon="137.87180596625015"><ele>1035.2598610594869</ele><time>2023-11-11T13:49:07Z</time></trkpt><trkpt lat="35.7502402675381" lon="137.87197835195784"><ele>1033.659502535127</ele><time>2023-11-11T13:49:29Z</time></trkpt><trkpt lat="35.75011552941763" lon="137.8721447476972"><ele>1032.2388516664505</ele><time>2023-11-11T13:49:44Z</time></trkpt><trkpt lat="35.750020843189205" lon="137.87233614658413"><ele>1028.557137241587</ele><time>2023-11-11T13:50:00Z</time></trkpt><trkpt lat="35.750055552204046" lon="137.87211816312023"><ele>1023.2604142716154</ele><time>2023-11-11T13:50:31Z</time></trkpt><trkpt lat="35.750156259437205" lon="137.87192189246352"><ele>1023.6207652688026</ele><time>2023-11-11T13:50:49Z</time></trkpt><trkpt lat="35.750257461084374" lon="137.87172898089472"><ele>1023.8204757208005</ele><time>2023-11-11T13:51:06Z</time></trkpt><trkpt lat="35.75031528350723" lon="137.8715069274784"><ele>1024.410500052385</ele><time>2023-11-11T13:51:21Z</time></trkpt><trkpt lat="35.750299094410025" lon="137.871286291898"><ele>1022.2809693161398</ele><time>2023-11-11T13:51:37Z</time></trkpt><trkpt lat="35.75029880177108" lon="137.8710507095735"><ele>1019.8565067527816</ele><time>2023-11-11T13:51:55Z</time></trkpt><trkpt lat="35.75025623778334" lon="137.87082337104866"><ele>1018.5013911044225</ele><time>2023-11-11T13:52:13Z</time></trkpt><trkpt lat="35.75017913809887" lon="137.87061515812502"><ele>1017.7749981470406</ele><time>2023-11-11T13:52:30Z</time></trkpt><trkpt lat="35.750169116100494" lon="137.8703811066171"><ele>1019.4136968860403</ele><time>2023-11-11T13:52:44Z</time></trkpt><trkpt lat="35.750043090962905" lon="137.8701983170893"><ele>1017.3485467098653</ele><time>2023-11-11T13:53:01Z</time></trkpt><trkpt lat="35.74998512705438" lon="137.86998671240158"><ele>1012.1920435000211</ele><time>2023-11-11T13:53:16Z</time></trkpt><trkpt lat="35.74992570067028" lon="137.86977302192696"><ele>1007.9525458980352</ele><time>2023-11-11T13:53:32Z</time></trkpt><trkpt lat="35.749753415332506" lon="137.86984261870643"><ele>1000.7849786067382</ele><time>2023-11-11T13:53:42Z</time></trkpt><trkpt lat="35.74975769163202" lon="137.87007345758425"><ele>998.0196054195985</ele><time>2023-11-11T13:53:57Z</time></trkpt><trkpt lat="35.749827685210306" lon="137.87028486116608"><ele>998.8757098456845</ele><time>2023-11-11T13:54:10Z</time></trkpt><trkpt lat="35.74985873438891" lon="137.87051847505498"><ele>1002.4920924855396</ele><time>2023-11-11T13:54:27Z</time></trkpt><trkpt lat="35.74988555147547" lon="137.87074413571148"><ele>999.5852587241679</ele><time>2023-11-11T13:54:45Z</time></trkpt><trkpt lat="35.74992778083516" lon="137.87096858984094"><ele>998.7810079604387</ele><time>2023-11-11T13:55:02Z</time></trkpt><trkpt lat="35.74997274519697" lon="137.87119161412633"><ele>999.1340887630358</ele><time>2023-11-11T13:55:19Z</time></trkpt><trkpt lat="35.74998033325785" lon="137.8714127955805"><ele>995.4836534913629</ele><time>2023-11-11T13:55:37Z</time></trkpt><trkpt lat="35.749870958847694" lon="137.8715975194877"><ele>990.5811824994162</ele><time>2023-11-11T13:55:55Z</time></trkpt><trkpt lat="35.74975145984458" lon="137.871777719724"><ele>989.5062674554065</ele><time>2023-11-11T13:56:13Z</time></trkpt><trkpt lat="35.74966312193454" lon="137.87197832946424"><ele>987.9983771210536</ele><time>2023-11-11T13:56:31Z</time></trkpt><trkpt lat="35.7495352234252" lon="137.8721554721405"><ele>987.2433651704341</ele><time>2023-11-11T13:56:48Z</time></trkpt><trkpt lat="35.749394110876295" lon="137.87231174659559"><ele>983.7445956822485</ele><time>2023-11-11T13:57:06Z</time></trkpt><trkpt lat="35.74927836908813" lon="137.87248763625186"><ele>975.8205240871757</ele><time>2023-11-11T13:57:25Z</time></trkpt><trkpt lat="35.74916275081007" lon="137.8726721324459"><ele>969.7127493079752</ele><time>2023-11-11T13:57:55Z</time></trkpt><trkpt lat="35.74905258652895" lon="137.87285250894286"><ele>968.4066229369491</ele><time>2023-11-11T13:58:13Z</time></trkpt><trkpt lat="35.748959391370406" lon="137.87306321448096"><ele>970.1674832729623</ele><time>2023-11-11T13:58:31Z</time></trkpt><trkpt lat="35.74890887705993" lon="137.87328670098475"><ele>967.0883228508756</ele><time>2023-11-11T13:58:49Z</time></trkpt><trkpt lat="35.74884442609616" lon="137.8734953285916"><ele>964.5659263636917</ele><time>2023-11-11T13:59:05Z</time></trkpt><trkpt lat="35.748815286988" lon="137.87371863027107"><ele>963.9656925313175</ele><time>2023-11-11T13:59:21Z</time></trkpt><trkpt lat="35.748710910340996" lon="137.8739191480538"><ele>963.2702726526186</ele><time>2023-11-11T13:59:39Z</time></trkpt><trkpt lat="35.748612488550435" lon="137.87410838562258"><ele>964.7398470686749</ele><time>2023-11-11T13:59:56Z</time></trkpt><trkpt lat="35.748470770332226" lon="137.87426830690796"><ele>964.5139704234898</ele><time>2023-11-11T14:00:12Z</time></trkpt><trkpt lat="35.74829524564326" lon="137.87438105814093"><ele>959.6825601672754</ele><time>2023-11-11T14:00:28Z</time></trkpt><trkpt lat="35.74813943171274" lon="137.87450631989043"><ele>957.2742018448189</ele><time>2023-11-11T14:00:43Z</time></trkpt><trkpt lat="35.74798479958959" lon="137.87463912871175"><ele>952.6869126623496</ele><time>2023-11-11T14:00:56Z</time></trkpt><trkpt lat="35.747911938622515" lon="137.87485571905236"><ele>951.9255689624697</ele><time>2023-11-11T14:01:15Z</time></trkpt><trkpt lat="35.74778916880639" lon="137.87504640404697"><ele>955.4581899335608</ele><time>2023-11-11T14:01:30Z</time></trkpt><trkpt lat="35.747719071912655" lon="137.8752574007772"><ele>956.2811102727428</ele><time>2023-11-11T14:01:44Z</time></trkpt><trkpt lat="35.747708478976804" lon="137.87547835859417"><ele>952.9068751446903</ele><time>2023-11-11T14:02:00Z</time></trkpt><trkpt lat="35.74772457288923" lon="137.87570568265255"><ele>947.692380471155</ele><time>2023-11-11T14:02:17Z</time></trkpt><trkpt lat="35.74772720807435" lon="137.8759439124274"><ele>947.0071952966973</ele><time>2023-11-11T14:02:34Z</time></trkpt><trkpt lat="35.74769416448605" lon="137.87616266378953"><ele>946.3447764404118</ele><time>2023-11-11T14:02:51Z</time></trkpt><trkpt lat="35.74769555527" lon="137.87638873211222"><ele>945.0493784565479</ele><time>2023-11-11T14:03:08Z</time></trkpt><trkpt lat="35.74767072855549" lon="137.87663002852267"><ele>942.9267863901332</ele><time>2023-11-11T14:03:26Z</time></trkpt><trkpt lat="35.74768051166191" lon="137.8768595934987"><ele>943.4580097971484</ele><time>2023-11-11T14:03:45Z</time></trkpt><trkpt lat="35.74766300224857" lon="137.877102947675"><ele>944.8703980110586</ele><time>2023-11-11T14:04:02Z</time></trkpt><trkpt lat="35.74764607416025" lon="137.8773347617658"><ele>943.682242333889</ele><time>2023-11-11T14:04:20Z</time></trkpt><trkpt lat="35.7476500946321" lon="137.8775702291513"><ele>941.378859792836</ele><time>2023-11-11T14:04:39Z</time></trkpt><trkpt lat="35.74764561007119" lon="137.87779362360257"><ele>937.0694443257526</ele><time>2023-11-11T14:05:02Z</time></trkpt><trkpt lat="35.747547131326705" lon="137.8779853995779"><ele>932.0388740487397</ele><time>2023-11-11T14:05:21Z</time></trkpt><trkpt lat="35.74746213042757" lon="137.8781823736714"><ele>929.9818376051262</ele><time>2023-11-11T14:05:39Z</time></trkpt><trkpt lat="35.74743366895523" lon="137.8784293730952"><ele>934.5961791332811</ele><time>2023-11-11T14:05:56Z</time></trkpt><trkpt lat="35.7474786321272" lon="137.8786574529072"><ele>932.0674133766443</ele><time>2023-11-11T14:06:11Z</time></trkpt><trkpt lat="35.74752500071087" lon="137.87888524877943"><ele>929.428922762163</ele><time>2023-11-11T14:06:27Z</time></trkpt><trkpt lat="35.74755903814858" lon="137.87911214673187"><ele>927.8483922220767</ele><time>2023-11-11T14:06:44Z</time></trkpt><trkpt lat="35.747641902241995" lon="137.87931203814583"><ele>922.5010998370126</ele><time>2023-11-11T14:07:02Z</time></trkpt><trkpt lat="35.7475937953319" lon="137.87953099226056"><ele>920.8247368726879</ele><time>2023-11-11T14:07:20Z</time></trkpt><trkpt lat="35.747513490790965" lon="137.87973048548437"><ele>917.7413642834872</ele><time>2023-11-11T14:07:37Z</time></trkpt><trkpt lat="35.74743433121989" lon="137.87994798029808"><ele>916.5437621418387</ele><time>2023-11-11T14:07:55Z</time></trkpt><trkpt lat="35.747368805854016" lon="137.88016757038707"><ele>921.0159550290555</ele><time>2023-11-11T14:08:09Z</time></trkpt><trkpt lat="35.747307394259906" lon="137.88038423714747"><ele>919.1700146859512</ele><time>2023-11-11T14:08:27Z</time></trkpt><trkpt lat="35.74720530184659" lon="137.8805733574786"><ele>916.4929713774472</ele><time>2023-11-11T14:08:45Z</time></trkpt><trkpt lat="35.74710583779624" lon="137.88076184723582"><ele>915.80431371741</ele><time>2023-11-11T14:09:02Z</time></trkpt><trkpt lat="35.747052790059165" lon="137.8809758220738"><ele>916.2028720919043</ele><time>2023-11-11T14:09:18Z</time></trkpt><trkpt lat="35.74697887430439" lon="137.88118230223031"><ele>917.3038892997429</ele><time>2023-11-11T14:09:35Z</time></trkpt><trkpt lat="35.746904373357275" lon="137.88139336273275"><ele>912.702341538854</ele><time>2023-11-11T14:09:56Z</time></trkpt><trkpt lat="35.746780270675195" lon="137.8815725952975"><ele>910.576994956471</ele><time>2023-11-11T14:10:13Z</time></trkpt><trkpt lat="35.746660746771205" lon="137.88174948306022"><ele>909.7567886821926</ele><time>2023-11-11T14:10:30Z</time></trkpt><trkpt lat="35.74653696243022" lon="137.8819266402789"><ele>908.8308301437646</ele><time>2023-11-11T14:10:46Z</time></trkpt><trkpt lat="35.74642980081378" lon="137.88211225221733"><ele>907.5569020928815</ele><time>2023-11-11T14:11:02Z</time></trkpt><trkpt lat="35.74632300779037" lon="137.88230484966917"><ele>905.9398097535595</ele><time>2023-11-11T14:11:19Z</time></trkpt><trkpt lat="35.746255996705685" lon="137.88251668727227"><ele>902.842123948969</ele><time>2023-11-11T14:11:37Z</time></trkpt><trkpt lat="35.746171224745765" lon="137.88272675179016"><ele>903.672749016434</ele><time>2023-11-11T14:11:54Z</time></trkpt><trkpt lat="35.74608419948098" lon="137.8829207068087"><ele>901.9931295877323</ele><time>2023-11-11T14:12:11Z</time></trkpt><trkpt lat="35.745977446822906" lon="137.8831054339173"><ele>905.4221631307155</ele><time>2023-11-11T14:12:23Z</time></trkpt><trkpt lat="35.745893723094994" lon="137.88330542970974"><ele>901.9341315962374</ele><time>2023-11-11T14:12:40Z</time></trkpt><trkpt lat="35.74579215975227" lon="137.88349427416625"><ele>894.9825029764324</ele><time>2023-11-11T14:14:25Z</time></trkpt><trkpt lat="35.74569290467051" lon="137.88368816909357"><ele>896.6149750901386</ele><time>2023-11-11T14:14:41Z</time></trkpt><trkpt lat="35.74566881004289" lon="137.88391233585364"><ele>892.3890027236193</ele><time>2023-11-11T14:15:21Z</time></trkpt><trkpt lat="35.745589187613554" lon="137.8841208052166"><ele>893.1633766181767</ele><time>2023-11-11T14:16:24Z</time></trkpt><trkpt lat="35.74554858929162" lon="137.88435309995208"><ele>890.6554860929027</ele><time>2023-11-11T14:16:36Z</time></trkpt><trkpt lat="35.74550886809471" lon="137.88458264883806"><ele>890.6343792956322</ele><time>2023-11-11T14:16:50Z</time></trkpt><trkpt lat="35.74550446655161" lon="137.88475653711455"><ele>889.2166011333466</ele><time>2023-11-11T14:17:02Z</time></trkpt><trkpt lat="35.74547271727346" lon="137.88497790643262"><ele>888.0891604293138</ele><time>2023-11-11T14:17:20Z</time></trkpt><trkpt lat="35.74541963234738" lon="137.88519801764997"><ele>887.83585832268</ele><time>2023-11-11T14:17:39Z</time></trkpt><trkpt lat="35.74533363858745" lon="137.88539941159237"><ele>885.4255177397281</ele><time>2023-11-11T14:17:57Z</time></trkpt><trkpt lat="35.74515044841734" lon="137.88545466060856"><ele>883.513365267776</ele><time>2023-11-11T14:18:20Z</time></trkpt><trkpt lat="35.74497028516813" lon="137.88541311026037"><ele>882.2871671020985</ele><time>2023-11-11T14:18:37Z</time></trkpt><trkpt lat="35.74478492635668" lon="137.88542914405443"><ele>882.4507062034681</ele><time>2023-11-11T14:18:56Z</time></trkpt><trkpt lat="35.7445947610771" lon="137.8854208419624"><ele>883.7034832919016</ele><time>2023-11-11T14:19:16Z</time></trkpt><trkpt lat="35.74440449408041" lon="137.88540028872086"><ele>881.2884192336351</ele><time>2023-11-11T14:19:35Z</time></trkpt><trkpt lat="35.744227836763436" lon="137.88544889877005"><ele>881.5030465666205</ele><time>2023-11-11T14:19:55Z</time></trkpt><trkpt lat="35.744104538258824" lon="137.8856109530467"><ele>881.9260623212904</ele><time>2023-11-11T14:20:14Z</time></trkpt><trkpt lat="35.74404088717775" lon="137.88581951198756"><ele>881.3555279271677</ele><time>2023-11-11T14:21:57Z</time></trkpt><trkpt lat="35.743985229274244" lon="137.88603229281475"><ele>880.378698296845</ele><time>2023-11-11T14:22:17Z</time></trkpt><trkpt lat="35.7439095505573" lon="137.88623774748845"><ele>879.7285945778713</ele><time>2023-11-11T14:22:37Z</time></trkpt><trkpt lat="35.74382738238899" lon="137.886438501365"><ele>879.1275977669284</ele><time>2023-11-11T14:23:01Z</time></trkpt><trkpt lat="35.743706892098366" lon="137.88660985029404"><ele>878.8753361692652</ele><time>2023-11-11T14:23:20Z</time></trkpt><trkpt lat="35.743635727003905" lon="137.88682217861398"><ele>876.0936660487205</ele><time>2023-11-11T14:23:41Z</time></trkpt><trkpt lat="35.74356751389415" lon="137.88703008105776"><ele>875.5178944785148</ele><time>2023-11-11T14:24:04Z</time></trkpt><trkpt lat="35.74351458223903" lon="137.8872463522242"><ele>875.0319523951039</ele><time>2023-11-11T14:24:26Z</time></trkpt><trkpt lat="35.743460270193" lon="137.88745791209678"><ele>874.3008021041751</ele><time>2023-11-11T14:24:47Z</time></trkpt><trkpt lat="35.743424325052494" lon="137.88767970908808"><ele>872.7385277561843</ele><time>2023-11-11T14:25:05Z</time></trkpt><trkpt lat="35.74336065962501" lon="137.88789113785708"><ele>871.2108234548941</ele><time>2023-11-11T14:25:25Z</time></trkpt><trkpt lat="35.743323094658244" lon="137.8881152296661"><ele>869.7498420188203</ele><time>2023-11-11T14:25:47Z</time></trkpt><trkpt lat="35.74326169706563" lon="137.88832505679008"><ele>869.2090066503733</ele><time>2023-11-11T14:26:07Z</time></trkpt><trkpt lat="35.74319799387064" lon="137.88853611780436"><ele>867.2482714345679</ele><time>2023-11-11T14:26:27Z</time></trkpt><trkpt lat="35.743154081771166" lon="137.88866513679918"><ele>866.5822762409225</ele><time>2023-11-11T14:26:38Z</time></trkpt><trkpt lat="35.74312711478389" lon="137.88889241433216"><ele>865.9535405384377</ele><time>2023-11-11T14:26:58Z</time></trkpt><trkpt lat="35.74304343986552" lon="137.889105836033"><ele>864.5717900805175</ele><time>2023-11-11T14:27:13Z</time></trkpt><trkpt lat="35.74287757437017" lon="137.8891932716508"><ele>864.1901034126058</ele><time>2023-11-11T14:27:29Z</time></trkpt><trkpt lat="35.742690650639396" lon="137.8892343864997"><ele>866.6114848135039</ele><time>2023-11-11T14:27:44Z</time></trkpt><trkpt lat="35.74256225722453" lon="137.88940669883652"><ele>867.5160703891888</ele><time>2023-11-11T14:28:02Z</time></trkpt><trkpt lat="35.74247086715345" lon="137.88961108305492"><ele>868.6643979782239</ele><time>2023-11-11T14:28:18Z</time></trkpt><trkpt lat="35.742393665582746" lon="137.88982099850566"><ele>869.5808106865734</ele><time>2023-11-11T14:28:34Z</time></trkpt><trkpt lat="35.74232356398214" lon="137.890030153465"><ele>871.9142661197111</ele><time>2023-11-11T14:28:48Z</time></trkpt><trkpt lat="35.74224889385213" lon="137.89023263412733"><ele>869.1807349976152</ele><time>2023-11-11T14:29:04Z</time></trkpt><trkpt lat="35.742174157102305" lon="137.89044786415937"><ele>865.3920112038031</ele><time>2023-11-11T14:29:22Z</time></trkpt><trkpt lat="35.74209635616268" lon="137.89064956852164"><ele>864.0883021308109</ele><time>2023-11-11T14:29:37Z</time></trkpt><trkpt lat="35.74204933199578" lon="137.89087318976885"><ele>862.2015805030242</ele><time>2023-11-11T14:29:54Z</time></trkpt><trkpt lat="35.74195105801164" lon="137.8910651951187"><ele>862.9330269759521</ele><time>2023-11-11T14:30:09Z</time></trkpt><trkpt lat="35.741918471550996" lon="137.89129402851913"><ele>862.1679461076856</ele><time>2023-11-11T14:30:24Z</time></trkpt><trkpt lat="35.741936712296" lon="137.89151732481352"><ele>864.2856852840632</ele><time>2023-11-11T14:30:38Z</time></trkpt><trkpt lat="35.7420143894898" lon="137.89173041719408"><ele>861.6286944458261</ele><time>2023-11-11T14:30:58Z</time></trkpt></trkseg></trk></gpx>