<?xml version="1.0" encoding="UTF-8"?>
<gpx xmlns:xsi="http://www.w3.org/2001/XMLSchema-instance" xmlns="http://www.topografix.com/GPX/1/1" xsi:schemaLocation="http://www.topografix.com/GPX/1/1 http://www.topografix.com/GPX/1/1/gpx.xsd" creator="Yamareco iOS 7.02 - www.yamareco.com">
<trk><name>track</name><number>1</number><trkseg>
<trkpt lat="37.79557124715093" lon="139.77208687005543"><ele>545</ele><time>2024-09-13T22:13:44Z</time></trkpt>
<trkpt lat="37.79548790805859" lon="139.7721385090502"><ele>545</ele><time>2024-09-13T22:14:14Z</time></trkpt>
<trkpt lat="37.795710037767684" lon="139.77206595947814"><ele>547</ele><time>2024-09-13T22:15:39Z</time></trkpt>
<trkpt lat="37.7958675533011" lon="139.77176460589413"><ele>549</ele><time>2024-09-13T22:16:06Z</time></trkpt>
<trkpt lat="37.796026655720944" lon="139.77136615486717"><ele>556</ele><time>2024-09-13T22:16:32Z</time></trkpt>
<trkpt lat="37.796155658509754" lon="139.77102692634935"><ele>560</ele><time>2024-09-13T22:16:57Z</time></trkpt>
<trkpt lat="37.79636775351929" lon="139.7707538166466"><ele>564</ele><time>2024-09-13T22:17:24Z</time></trkpt>
<trkpt lat="37.79656991990453" lon="139.77046469543248"><ele>566</ele><time>2024-09-13T22:17:51Z</time></trkpt>
<trkpt lat="37.79680285066411" lon="139.77015210169822"><ele>569</ele><time>2024-09-13T22:18:17Z</time></trkpt>
<trkpt lat="37.79696744410824" lon="139.7697123336603"><ele>571</ele><time>2024-09-13T22:18:45Z</time></trkpt>
<trkpt lat="37.79706926960576" lon="139.76938713181335"><ele>576</ele><time>2024-09-13T22:19:12Z</time></trkpt>
<trkpt lat="37.79713339770085" lon="139.76898817239064"><ele>581</ele><time>2024-09-13T22:19:36Z</time></trkpt>
<trkpt lat="37.797225468228426" lon="139.76855898133493"><ele>583</ele><time>2024-09-13T22:20:03Z</time></trkpt>
<trkpt lat="37.79730416149327" lon="139.7682167076305"><ele>585</ele><time>2024-09-13T22:20:28Z</time></trkpt>
<trkpt lat="37.79735952210097" lon="139.76778115637612"><ele>583</ele><time>2024-09-13T22:20:56Z</time></trkpt>
<trkpt lat="37.79728129197065" lon="139.76731827755322"><ele>583</ele><time>2024-09-13T22:21:23Z</time></trkpt>
<trkpt lat="37.79721502698756" lon="139.7669013615856"><ele>584</ele><time>2024-09-13T22:21:53Z</time></trkpt>
<trkpt lat="37.79722428155018" lon="139.76658463497392"><ele>583</ele><time>2024-09-13T22:22:18Z</time></trkpt>
<trkpt lat="37.797278077729175" lon="139.76628488175922"><ele>587</ele><time>2024-09-13T22:22:57Z</time></trkpt>
<trkpt lat="37.79744486008499" lon="139.76619399943647"><ele>591</ele><time>2024-09-13T22:23:24Z</time></trkpt>
<trkpt lat="37.79768603268551" lon="139.7660888409007"><ele>602</ele><time>2024-09-13T22:24:32Z</time></trkpt>
<trkpt lat="37.797975115149356" lon="139.76602877115394"><ele>609</ele><time>2024-09-13T22:25:08Z</time></trkpt>
<trkpt lat="37.7981492562249" lon="139.76588809635834"><ele>617</ele><time>2024-09-13T22:25:38Z</time></trkpt>
<trkpt lat="37.79820446409807" lon="139.76558840267265"><ele>627</ele><time>2024-09-13T22:26:16Z</time></trkpt>
<trkpt lat="37.79827104099506" lon="139.76540070422422"><ele>630</ele><time>2024-09-13T22:26:46Z</time></trkpt>
<trkpt lat="37.79844847399779" lon="139.76538427320878"><ele>631</ele><time>2024-09-13T22:27:43Z</time></trkpt>
<trkpt lat="37.79858153809055" lon="139.76558949230235"><ele>640</ele><time>2024-09-13T22:28:36Z</time></trkpt>
<trkpt lat="37.798778682865425" lon="139.76557047224026"><ele>650</ele><time>2024-09-13T22:29:38Z</time></trkpt>
<trkpt lat="37.79891861881598" lon="139.76547686888725"><ele>657</ele><time>2024-09-13T22:30:12Z</time></trkpt>
<trkpt lat="37.79905395414918" lon="139.76536904232793"><ele>663</ele><time>2024-09-13T22:30:41Z</time></trkpt>
<trkpt lat="37.79924134654778" lon="139.76533874997685"><ele>673</ele><time>2024-09-13T22:31:28Z</time></trkpt>
<trkpt lat="37.79941434227674" lon="139.7652917583272"><ele>679</ele><time>2024-09-13T22:32:19Z</time></trkpt>
<trkpt lat="37.79951432079649" lon="139.76508718444552"><ele>684</ele><time>2024-09-13T22:32:54Z</time></trkpt>
<trkpt lat="37.79966848311977" lon="139.76497325758066"><ele>692</ele><time>2024-09-13T22:33:44Z</time></trkpt>
<trkpt lat="37.79979798420609" lon="139.76485317160024"><ele>702</ele><time>2024-09-13T22:34:24Z</time></trkpt>
<trkpt lat="37.79994265747509" lon="139.76472432681965"><ele>705</ele><time>2024-09-13T22:35:04Z</time></trkpt>
<trkpt lat="37.80008898127348" lon="139.76454505706"><ele>710</ele><time>2024-09-13T22:35:37Z</time></trkpt>
<trkpt lat="37.80022846275409" lon="139.76439892159902"><ele>714</ele><time>2024-09-13T22:36:13Z</time></trkpt>
<trkpt lat="37.80039617032797" lon="139.76436988790846"><ele>723</ele><time>2024-09-13T22:36:57Z</time></trkpt>
<trkpt lat="37.80058899767904" lon="139.76430214660098"><ele>725</ele><time>2024-09-13T22:38:04Z</time></trkpt>
<trkpt lat="37.80067300184588" lon="139.76417381645595"><ele>728</ele><time>2024-09-13T22:38:33Z</time></trkpt>
<trkpt lat="37.80092458879907" lon="139.76424428511604"><ele>734</ele><time>2024-09-13T22:39:00Z</time></trkpt>
<trkpt lat="37.80116021720655" lon="139.7641980232576"><ele>741</ele><time>2024-09-13T22:39:35Z</time></trkpt>
<trkpt lat="37.80120434562918" lon="139.76400512128092"><ele>747</ele><time>2024-09-13T22:40:18Z</time></trkpt>
<trkpt lat="37.80129313888647" lon="139.76383935831524"><ele>753</ele><time>2024-09-13T22:40:59Z</time></trkpt>
<trkpt lat="37.8014181274603" lon="139.76377709345635"><ele>760</ele><time>2024-09-13T22:41:39Z</time></trkpt>
<trkpt lat="37.80155859846993" lon="139.76368036331377"><ele>766</ele><time>2024-09-13T22:42:20Z</time></trkpt>
<trkpt lat="37.80164067906707" lon="139.7635792309132"><ele>771</ele><time>2024-09-13T22:43:12Z</time></trkpt>
<trkpt lat="37.80180065425892" lon="139.76361335946896"><ele>783</ele><time>2024-09-13T22:43:49Z</time></trkpt>
<trkpt lat="37.80185672732393" lon="139.76348426253247"><ele>793</ele><time>2024-09-13T22:44:32Z</time></trkpt>
<trkpt lat="37.801927804109056" lon="139.76332318963566"><ele>799</ele><time>2024-09-13T22:45:26Z</time></trkpt>
<trkpt lat="37.802070647602534" lon="139.7632020875538"><ele>814</ele><time>2024-09-13T22:46:29Z</time></trkpt>
<trkpt lat="37.802187937259866" lon="139.76302400720093"><ele>821</ele><time>2024-09-13T22:47:05Z</time></trkpt>
<trkpt lat="37.802331009246984" lon="139.76303303620847"><ele>826</ele><time>2024-09-13T22:47:49Z</time></trkpt>
<trkpt lat="37.80244313630001" lon="139.76291822454294"><ele>826</ele><time>2024-09-13T22:48:22Z</time></trkpt>
<trkpt lat="37.80253031838573" lon="139.76301718433749"><ele>827</ele><time>2024-09-13T22:49:19Z</time></trkpt>
<trkpt lat="37.802746499371366" lon="139.76297636576996"><ele>832</ele><time>2024-09-13T22:49:58Z</time></trkpt>
<trkpt lat="37.80288870077902" lon="139.76286410068684"><ele>838</ele><time>2024-09-13T22:50:31Z</time></trkpt>
<trkpt lat="37.80314568553173" lon="139.76290913836"><ele>839</ele><time>2024-09-13T22:50:59Z</time></trkpt>
<trkpt lat="37.80339514547167" lon="139.7627659848302"><ele>837</ele><time>2024-09-13T22:51:30Z</time></trkpt>
<trkpt lat="37.80353235051494" lon="139.76273818718082"><ele>848</ele><time>2024-09-13T22:52:06Z</time></trkpt>
<trkpt lat="37.803677008674455" lon="139.76278244924723"><ele>856</ele><time>2024-09-13T22:52:42Z</time></trkpt>
<trkpt lat="37.803822245340015" lon="139.76283278957018"><ele>870</ele><time>2024-09-13T22:53:23Z</time></trkpt>
<trkpt lat="37.804048813149485" lon="139.76271869374585"><ele>873</ele><time>2024-09-13T22:54:14Z</time></trkpt>
<trkpt lat="37.80426119230777" lon="139.76272276341464"><ele>883</ele><time>2024-09-13T22:55:26Z</time></trkpt>
<trkpt lat="37.804519968030874" lon="139.76278162879845"><ele>892</ele><time>2024-09-13T22:56:21Z</time></trkpt>
<trkpt lat="37.804661569178975" lon="139.76275571438651"><ele>897</ele><time>2024-09-13T22:56:55Z</time></trkpt>
<trkpt lat="37.80486594461796" lon="139.76277188972637"><ele>905</ele><time>2024-09-13T22:57:43Z</time></trkpt>
<trkpt lat="37.80499890820345" lon="139.76279887905102"><ele>910</ele><time>2024-09-13T22:58:35Z</time></trkpt>
<trkpt lat="37.80518878738784" lon="139.76281633086768"><ele>921</ele><time>2024-09-13T22:59:06Z</time></trkpt>
<trkpt lat="37.80536355534924" lon="139.76291301249015"><ele>924</ele><time>2024-09-13T22:59:40Z</time></trkpt>
<trkpt lat="37.80542962970584" lon="139.7630909772797"><ele>935</ele><time>2024-09-13T23:00:43Z</time></trkpt>
<trkpt lat="37.80557188242302" lon="139.76327961312523"><ele>944</ele><time>2024-09-13T23:01:24Z</time></trkpt>
<trkpt lat="37.80568753123299" lon="139.76310150639665"><ele>944</ele><time>2024-09-13T23:01:51Z</time></trkpt>
<trkpt lat="37.80587075078999" lon="139.76321793671795"><ele>957</ele><time>2024-09-13T23:03:28Z</time></trkpt>
<trkpt lat="37.80608408571031" lon="139.76318064205086"><ele>959</ele><time>2024-09-13T23:04:08Z</time></trkpt>
<trkpt lat="37.8062231291513" lon="139.76333712746566"><ele>966</ele><time>2024-09-13T23:04:57Z</time></trkpt>
<trkpt lat="37.80635588651063" lon="139.76323835640753"><ele>973</ele><time>2024-09-13T23:05:27Z</time></trkpt>
<trkpt lat="37.8065144237511" lon="139.76319678500988"><ele>982</ele><time>2024-09-13T23:06:18Z</time></trkpt>
<trkpt lat="37.80665965536725" lon="139.76313442080902"><ele>988</ele><time>2024-09-13T23:06:55Z</time></trkpt>
<trkpt lat="37.806837512894376" lon="139.76317875113511"><ele>994</ele><time>2024-09-13T23:07:45Z</time></trkpt>
<trkpt lat="37.80701489761594" lon="139.76314005338452"><ele>999</ele><time>2024-09-13T23:08:21Z</time></trkpt>
<trkpt lat="37.807228632329796" lon="139.7631477794074"><ele>1004</ele><time>2024-09-13T23:09:00Z</time></trkpt>
<trkpt lat="37.80744913839205" lon="139.76316886427395"><ele>1009</ele><time>2024-09-13T23:09:33Z</time></trkpt>
<trkpt lat="37.8076669246421" lon="139.76323042916002"><ele>1013</ele><time>2024-09-13T23:10:06Z</time></trkpt>
<trkpt lat="37.807771281561685" lon="139.7632297075426"><ele>1017</ele><time>2024-09-13T23:10:44Z</time></trkpt>
<trkpt lat="37.807927991428244" lon="139.76327327285972"><ele>1026</ele><time>2024-09-13T23:11:24Z</time></trkpt>
<trkpt lat="37.80810711547078" lon="139.7632928908106"><ele>1032</ele><time>2024-09-13T23:12:09Z</time></trkpt>
<trkpt lat="37.80826500364105" lon="139.76337075227565"><ele>1036</ele><time>2024-09-13T23:12:47Z</time></trkpt>
<trkpt lat="37.80842819856316" lon="139.7633628028772"><ele>1041</ele><time>2024-09-13T23:13:23Z</time></trkpt>
<trkpt lat="37.80853712396688" lon="139.76323514185353"><ele>1043</ele><time>2024-09-13T23:14:00Z</time></trkpt>
<trkpt lat="37.80862047156699" lon="139.7633484850008"><ele>1051</ele><time>2024-09-13T23:14:37Z</time></trkpt>
<trkpt lat="37.80877081450948" lon="139.7633844174134"><ele>1060</ele><time>2024-09-13T23:15:20Z</time></trkpt>
<trkpt lat="37.80892050381467" lon="139.76330636537875"><ele>1064</ele><time>2024-09-13T23:16:02Z</time></trkpt>
<trkpt lat="37.80904662458204" lon="139.76321234730375"><ele>1073</ele><time>2024-09-13T23:16:50Z</time></trkpt>
<trkpt lat="37.80921127488643" lon="139.76321391003705"><ele>1081</ele><time>2024-09-13T23:17:48Z</time></trkpt>
<trkpt lat="37.80934689489486" lon="139.76324200438148"><ele>1089</ele><time>2024-09-13T23:24:26Z</time></trkpt>
<trkpt lat="37.80944336870905" lon="139.76321567725165"><ele>1093</ele><time>2024-09-13T23:24:59Z</time></trkpt>
<trkpt lat="37.80960050999809" lon="139.76326452265707"><ele>1097</ele><time>2024-09-13T23:25:30Z</time></trkpt>
<trkpt lat="37.80983608308145" lon="139.76328382035712"><ele>1100</ele><time>2024-09-13T23:26:04Z</time></trkpt>
<trkpt lat="37.81014635975256" lon="139.7633012426281"><ele>1102</ele><time>2024-09-13T23:26:42Z</time></trkpt>
<trkpt lat="37.81028680368606" lon="139.76316751097494"><ele>1108</ele><time>2024-09-13T23:27:14Z</time></trkpt>
<trkpt lat="37.81035451148331" lon="139.7630354025277"><ele>1118</ele><time>2024-09-13T23:27:58Z</time></trkpt>
<trkpt lat="37.810511668845955" lon="139.762972846503"><ele>1121</ele><time>2024-09-13T23:28:38Z</time></trkpt>
<trkpt lat="37.81065187754807" lon="139.76298429649577"><ele>1125</ele><time>2024-09-13T23:29:30Z</time></trkpt>
<trkpt lat="37.810766914212785" lon="139.7628294114337"><ele>1137</ele><time>2024-09-13T23:30:35Z</time></trkpt>
<trkpt lat="37.81092898188839" lon="139.7627848638719"><ele>1148</ele><time>2024-09-13T23:31:13Z</time></trkpt>
<trkpt lat="37.81109037967532" lon="139.7628869367716"><ele>1150</ele><time>2024-09-13T23:31:49Z</time></trkpt>
<trkpt lat="37.811220805543066" lon="139.76284878327007"><ele>1160</ele><time>2024-09-13T23:32:26Z</time></trkpt>
<trkpt lat="37.8114039139037" lon="139.7628700655945"><ele>1165</ele><time>2024-09-13T23:33:04Z</time></trkpt>
<trkpt lat="37.81156716819522" lon="139.76295474588306"><ele>1168</ele><time>2024-09-13T23:33:41Z</time></trkpt>
<trkpt lat="37.811728255226114" lon="139.7629568449619"><ele>1175</ele><time>2024-09-13T23:34:31Z</time></trkpt>
<trkpt lat="37.811885640939174" lon="139.76299671834857"><ele>1180</ele><time>2024-09-13T23:35:08Z</time></trkpt>
<trkpt lat="37.8119984002336" lon="139.76294145333333"><ele>1183</ele><time>2024-09-13T23:35:47Z</time></trkpt>
<trkpt lat="37.81217808886635" lon="139.76298459202394"><ele>1191</ele><time>2024-09-13T23:36:26Z</time></trkpt>
<trkpt lat="37.81232000051191" lon="139.76302619768293"><ele>1196</ele><time>2024-09-13T23:37:04Z</time></trkpt>
<trkpt lat="37.81250013125673" lon="139.76316399235063"><ele>1201</ele><time>2024-09-13T23:37:49Z</time></trkpt>
<trkpt lat="37.81261684554917" lon="139.76312585451527"><ele>1207</ele><time>2024-09-13T23:38:37Z</time></trkpt>
<trkpt lat="37.8128018509" lon="139.76306892872145"><ele>1220</ele><time>2024-09-13T23:39:37Z</time></trkpt>
<trkpt lat="37.812945289619556" lon="139.76318399672326"><ele>1224</ele><time>2024-09-13T23:40:26Z</time></trkpt>
<trkpt lat="37.813088203765034" lon="139.76311404349707"><ele>1235</ele><time>2024-09-13T23:41:05Z</time></trkpt>
<trkpt lat="37.81322005911543" lon="139.76302624566074"><ele>1238</ele><time>2024-09-13T23:41:44Z</time></trkpt>
<trkpt lat="37.81331729022633" lon="139.76307786990364"><ele>1240</ele><time>2024-09-13T23:42:23Z</time></trkpt>
<trkpt lat="37.8134716661054" lon="139.76293848270373"><ele>1241</ele><time>2024-09-13T23:43:16Z</time></trkpt>
<trkpt lat="37.81362577210912" lon="139.76278698992232"><ele>1248</ele><time>2024-09-13T23:44:00Z</time></trkpt>
<trkpt lat="37.813831830090535" lon="139.76265408027643"><ele>1252</ele><time>2024-09-13T23:44:38Z</time></trkpt>
<trkpt lat="37.81402463692647" lon="139.7624703924243"><ele>1257</ele><time>2024-09-13T23:45:31Z</time></trkpt>
<trkpt lat="37.814118664335666" lon="139.7622566787663"><ele>1267</ele><time>2024-09-13T23:46:15Z</time></trkpt>
<trkpt lat="37.81427325129258" lon="139.76237001817307"><ele>1270</ele><time>2024-09-13T23:46:54Z</time></trkpt>
<trkpt lat="37.814415282783" lon="139.7622584386609"><ele>1278</ele><time>2024-09-13T23:47:31Z</time></trkpt>
<trkpt lat="37.81457154247733" lon="139.7622573526741"><ele>1283</ele><time>2024-09-13T23:48:10Z</time></trkpt>
<trkpt lat="37.81480451228621" lon="139.7622096923015"><ele>1287</ele><time>2024-09-13T23:48:47Z</time></trkpt>
<trkpt lat="37.81493720331956" lon="139.76215192623934"><ele>1292</ele><time>2024-09-13T23:49:23Z</time></trkpt>
<trkpt lat="37.81507887896828" lon="139.76207872471338"><ele>1297</ele><time>2024-09-13T23:49:55Z</time></trkpt>
<trkpt lat="37.815268344363034" lon="139.76207310049253"><ele>1302</ele><time>2024-09-13T23:50:47Z</time></trkpt>
<trkpt lat="37.81544031322894" lon="139.76187121243842"><ele>1304</ele><time>2024-09-13T23:51:20Z</time></trkpt>
<trkpt lat="37.81558192252002" lon="139.7619563081204"><ele>1308</ele><time>2024-09-13T23:51:54Z</time></trkpt>
<trkpt lat="37.815758601353" lon="139.76181161739373"><ele>1318</ele><time>2024-09-13T23:52:44Z</time></trkpt>
<trkpt lat="37.815946276811275" lon="139.7616096676868"><ele>1324</ele><time>2024-09-13T23:53:32Z</time></trkpt>
<trkpt lat="37.81602574310526" lon="139.76143570305894"><ele>1327</ele><time>2024-09-13T23:58:45Z</time></trkpt>
<trkpt lat="37.81613731900578" lon="139.76106273208026"><ele>1325</ele><time>2024-09-13T23:59:17Z</time></trkpt>
<trkpt lat="37.81623727175489" lon="139.76073136485923"><ele>1325</ele><time>2024-09-13T23:59:46Z</time></trkpt>
<trkpt lat="37.81639738957228" lon="139.7605307126255"><ele>1329</ele><time>2024-09-14T00:00:18Z</time></trkpt>
<trkpt lat="37.81649778186694" lon="139.76030887803768"><ele>1335</ele><time>2024-09-14T00:00:55Z</time></trkpt>
<trkpt lat="37.81657827217493" lon="139.7599790964872"><ele>1333</ele><time>2024-09-14T00:01:25Z</time></trkpt>
<trkpt lat="37.81666768161022" lon="139.75964564812207"><ele>1333</ele><time>2024-09-14T00:01:56Z</time></trkpt>
<trkpt lat="37.81674386340747" lon="139.75930006715143"><ele>1331</ele><time>2024-09-14T00:02:27Z</time></trkpt>
<trkpt lat="37.816758799422225" lon="139.75902707159773"><ele>1328</ele><time>2024-09-14T00:02:53Z</time></trkpt>
<trkpt lat="37.81681336841452" lon="139.75870078318624"><ele>1332</ele><time>2024-09-14T00:03:27Z</time></trkpt>
<trkpt lat="37.81693969430388" lon="139.7584592431671"><ele>1340</ele><time>2024-09-14T00:04:00Z</time></trkpt>
<trkpt lat="37.81699005030456" lon="139.75822534376945"><ele>1342</ele><time>2024-09-14T00:04:30Z</time></trkpt>
<trkpt lat="37.81705564793284" lon="139.75796750742185"><ele>1342</ele><time>2024-09-14T00:05:04Z</time></trkpt>
<trkpt lat="37.81717735601448" lon="139.75773895320012"><ele>1346</ele><time>2024-09-14T00:05:38Z</time></trkpt>
<trkpt lat="37.81733541337763" lon="139.75749206369613"><ele>1346</ele><time>2024-09-14T00:06:06Z</time></trkpt>
<trkpt lat="37.81765844081432" lon="139.75743022811298"><ele>1345</ele><time>2024-09-14T00:06:39Z</time></trkpt>
<trkpt lat="37.81777805784678" lon="139.75710651780648"><ele>1350</ele><time>2024-09-14T00:07:09Z</time></trkpt>
<trkpt lat="37.81790563627648" lon="139.7569022634128"><ele>1351</ele><time>2024-09-14T00:07:41Z</time></trkpt>
<trkpt lat="37.817974763543724" lon="139.75662048888748"><ele>1354</ele><time>2024-09-14T00:08:11Z</time></trkpt>
<trkpt lat="37.81806846657996" lon="139.7564495175836"><ele>1358</ele><time>2024-09-14T00:08:46Z</time></trkpt>
<trkpt lat="37.81818414744892" lon="139.7562899823384"><ele>1365</ele><time>2024-09-14T00:09:17Z</time></trkpt>
<trkpt lat="37.81836141926907" lon="139.75615316779002"><ele>1377</ele><time>2024-09-14T00:10:19Z</time></trkpt>
<trkpt lat="37.81843514492166" lon="139.7559190643031"><ele>1382</ele><time>2024-09-14T00:10:50Z</time></trkpt>
<trkpt lat="37.81860814140727" lon="139.75579092262407"><ele>1387</ele><time>2024-09-14T00:11:30Z</time></trkpt>
<trkpt lat="37.818727995562675" lon="139.7555447375477"><ele>1389</ele><time>2024-09-14T00:12:03Z</time></trkpt>
<trkpt lat="37.818901650923586" lon="139.75534698632765"><ele>1389</ele><time>2024-09-14T00:12:36Z</time></trkpt>
<trkpt lat="37.819083923465506" lon="139.75519786607956"><ele>1386</ele><time>2024-09-14T00:13:06Z</time></trkpt>
<trkpt lat="37.8192499479686" lon="139.75510555683528"><ele>1387</ele><time>2024-09-14T00:13:40Z</time></trkpt>
<trkpt lat="37.81941308084423" lon="139.75509162473148"><ele>1390</ele><time>2024-09-14T00:14:14Z</time></trkpt>
<trkpt lat="37.819565383682736" lon="139.75484447266487"><ele>1384</ele><time>2024-09-14T00:15:02Z</time></trkpt>
<trkpt lat="37.81965205351081" lon="139.75473355582446"><ele>1386</ele><time>2024-09-14T00:15:32Z</time></trkpt>
<trkpt lat="37.81976963944132" lon="139.75450976130352"><ele>1382</ele><time>2024-09-14T00:18:46Z</time></trkpt>
<trkpt lat="37.819897927183646" lon="139.75460456172502"><ele>1392</ele><time>2024-09-14T00:19:26Z</time></trkpt>
<trkpt lat="37.82008424281008" lon="139.75455634937762"><ele>1401</ele><time>2024-09-14T00:20:07Z</time></trkpt>
<trkpt lat="37.82029295402801" lon="139.75451932788604"><ele>1407</ele><time>2024-09-14T00:20:50Z</time></trkpt>
<trkpt lat="37.820424446225864" lon="139.75431518004248"><ele>1409</ele><time>2024-09-14T00:21:27Z</time></trkpt>
<trkpt lat="37.82060771976687" lon="139.7542384938952"><ele>1415</ele><time>2024-09-14T00:22:08Z</time></trkpt>
<trkpt lat="37.82066317950466" lon="139.75412987829225"><ele>1418</ele><time>2024-09-14T00:22:37Z</time></trkpt>
<trkpt lat="37.8208621336983" lon="139.754095893841"><ele>1426</ele><time>2024-09-14T00:23:19Z</time></trkpt>
<trkpt lat="37.8209786858909" lon="139.75397463934252"><ele>1433</ele><time>2024-09-14T00:23:51Z</time></trkpt>
<trkpt lat="37.82113120115691" lon="139.7537364487812"><ele>1437</ele><time>2024-09-14T00:24:26Z</time></trkpt>
<trkpt lat="37.82129160017075" lon="139.75349256254754"><ele>1442</ele><time>2024-09-14T00:25:10Z</time></trkpt>
<trkpt lat="37.82143866674071" lon="139.75328571391725"><ele>1443</ele><time>2024-09-14T00:25:44Z</time></trkpt>
<trkpt lat="37.821541566110476" lon="139.7532458814094"><ele>1441</ele><time>2024-09-14T00:26:19Z</time></trkpt>
<trkpt lat="37.82148018823413" lon="139.75299816869403"><ele>1436</ele><time>2024-09-14T00:27:33Z</time></trkpt>
<trkpt lat="37.82146284085804" lon="139.7527620783681"><ele>1437</ele><time>2024-09-14T00:28:05Z</time></trkpt>
<trkpt lat="37.82140614173283" lon="139.752501047547"><ele>1437</ele><time>2024-09-14T00:28:42Z</time></trkpt>
<trkpt lat="37.82145095716292" lon="139.75213505646778"><ele>1436</ele><time>2024-09-14T00:29:30Z</time></trkpt>
<trkpt lat="37.821475092151054" lon="139.75175940423546"><ele>1438</ele><time>2024-09-14T00:30:00Z</time></trkpt>
<trkpt lat="37.821467639805654" lon="139.7513642432824"><ele>1440</ele><time>2024-09-14T00:30:30Z</time></trkpt>
<trkpt lat="37.82143758747489" lon="139.7510444813144"><ele>1440</ele><time>2024-09-14T00:30:58Z</time></trkpt>
<trkpt lat="37.82136556749358" lon="139.75074049145607"><ele>1434</ele><time>2024-09-14T00:31:27Z</time></trkpt>
<trkpt lat="37.821331575713806" lon="139.7504666810477"><ele>1432</ele><time>2024-09-14T00:32:00Z</time></trkpt>
<trkpt lat="37.82124442931465" lon="139.75008777613814"><ele>1426</ele><time>2024-09-14T00:32:38Z</time></trkpt>
<trkpt lat="37.82112061945434" lon="139.74980958665532"><ele>1425</ele><time>2024-09-14T00:33:09Z</time></trkpt>
<trkpt lat="37.821022873133" lon="139.7495992916577"><ele>1424</ele><time>2024-09-14T00:34:18Z</time></trkpt>
<trkpt lat="37.82090429430809" lon="139.74935798711948"><ele>1426</ele><time>2024-09-14T00:34:45Z</time></trkpt>
<trkpt lat="37.82085445982181" lon="139.74902797782914"><ele>1429</ele><time>2024-09-14T00:35:11Z</time></trkpt>
<trkpt lat="37.82074500606991" lon="139.7487489524651"><ele>1435</ele><time>2024-09-14T00:35:49Z</time></trkpt>
<trkpt lat="37.82071567889135" lon="139.74833602918048"><ele>1435</ele><time>2024-09-14T00:36:22Z</time></trkpt>
<trkpt lat="37.820682727123135" lon="139.74816966609322"><ele>1437</ele><time>2024-09-14T00:36:52Z</time></trkpt>
<trkpt lat="37.820658914197466" lon="139.74799833051634"><ele>1446</ele><time>2024-09-14T00:37:19Z</time></trkpt>
<trkpt lat="37.8206427980006" lon="139.7477887898623"><ele>1449</ele><time>2024-09-14T00:37:53Z</time></trkpt>
<trkpt lat="37.82064561133641" lon="139.74756738752882"><ele>1455</ele><time>2024-09-14T00:38:43Z</time></trkpt>
<trkpt lat="37.8206227583425" lon="139.747366976863"><ele>1464</ele><time>2024-09-14T00:39:22Z</time></trkpt>
<trkpt lat="37.82057695088785" lon="139.74720452741443"><ele>1469</ele><time>2024-09-14T00:45:29Z</time></trkpt>
<trkpt lat="37.82055177639693" lon="139.74703051064367"><ele>1477</ele><time>2024-09-14T00:46:32Z</time></trkpt>
<trkpt lat="37.82058806128132" lon="139.74688604679363"><ele>1482</ele><time>2024-09-14T00:47:07Z</time></trkpt>
<trkpt lat="37.820637766157326" lon="139.74672165315226"><ele>1492</ele><time>2024-09-14T00:48:09Z</time></trkpt>
<trkpt lat="37.820670751166915" lon="139.7465295676546"><ele>1497</ele><time>2024-09-14T00:49:07Z</time></trkpt>
<trkpt lat="37.82063464401098" lon="139.74636627228645"><ele>1508</ele><time>2024-09-14T00:50:25Z</time></trkpt>
<trkpt lat="37.82067517682489" lon="139.74623019431493"><ele>1513</ele><time>2024-09-14T00:51:08Z</time></trkpt>
<trkpt lat="37.82069547795496" lon="139.74605782030795"><ele>1524</ele><time>2024-09-14T00:52:06Z</time></trkpt>
<trkpt lat="37.820647179450106" lon="139.74586112456427"><ele>1526</ele><time>2024-09-14T00:52:56Z</time></trkpt>
<trkpt lat="37.82061788003885" lon="139.7455939646431"><ele>1530</ele><time>2024-09-14T00:53:26Z</time></trkpt>
<trkpt lat="37.82065704925705" lon="139.74540546199495"><ele>1535</ele><time>2024-09-14T00:54:07Z</time></trkpt>
<trkpt lat="37.820642185265555" lon="139.74517864202517"><ele>1540</ele><time>2024-09-14T00:54:52Z</time></trkpt>
<trkpt lat="37.82059496230284" lon="139.74500005310782"><ele>1546</ele><time>2024-09-14T00:55:33Z</time></trkpt>
<trkpt lat="37.820579486240305" lon="139.74478891314428"><ele>1547</ele><time>2024-09-14T00:56:16Z</time></trkpt>
<trkpt lat="37.82067337922718" lon="139.7447629752882"><ele>1549</ele><time>2024-09-14T00:57:31Z</time></trkpt>
<trkpt lat="37.820640454046284" lon="139.7445542332644"><ele>1560</ele><time>2024-09-14T00:58:49Z</time></trkpt>
<trkpt lat="37.820517332940966" lon="139.74430411541124"><ele>1570</ele><time>2024-09-14T00:59:35Z</time></trkpt>
<trkpt lat="37.82044725245958" lon="139.74403243446687"><ele>1570</ele><time>2024-09-14T01:00:09Z</time></trkpt>
<trkpt lat="37.82049540153499" lon="139.74384234125537"><ele>1576</ele><time>2024-09-14T01:00:40Z</time></trkpt>
<trkpt lat="37.82045356768498" lon="139.74359144406475"><ele>1573</ele><time>2024-09-14T01:01:13Z</time></trkpt>
<trkpt lat="37.820434602167516" lon="139.7433997822623"><ele>1576</ele><time>2024-09-14T01:01:51Z</time></trkpt>
<trkpt lat="37.8204058894048" lon="139.7432356913073"><ele>1581</ele><time>2024-09-14T01:02:31Z</time></trkpt>
<trkpt lat="37.820499287975366" lon="139.7430619338423"><ele>1593</ele><time>2024-09-14T01:03:34Z</time></trkpt>
<trkpt lat="37.820530110691756" lon="139.7428222518153"><ele>1598</ele><time>2024-09-14T01:04:29Z</time></trkpt>
<trkpt lat="37.82046420951304" lon="139.7426601571186"><ele>1607</ele><time>2024-09-14T01:05:11Z</time></trkpt>
<trkpt lat="37.820365378123135" lon="139.74242921762936"><ele>1608</ele><time>2024-09-14T01:05:47Z</time></trkpt>
<trkpt lat="37.8203265515634" lon="139.74223968168926"><ele>1615</ele><time>2024-09-14T01:06:25Z</time></trkpt>
<trkpt lat="37.820343719518895" lon="139.74210269905268"><ele>1618</ele><time>2024-09-14T01:07:08Z</time></trkpt>
<trkpt lat="37.82035659520016" lon="139.74189292448227"><ele>1621</ele><time>2024-09-14T01:08:06Z</time></trkpt>
<trkpt lat="37.820279398629225" lon="139.74168922899023"><ele>1628</ele><time>2024-09-14T01:08:58Z</time></trkpt>
<trkpt lat="37.820202760799916" lon="139.74144309410417"><ele>1639</ele><time>2024-09-14T01:09:46Z</time></trkpt>
<trkpt lat="37.82007799215405" lon="139.7412775096825"><ele>1646</ele><time>2024-09-14T01:10:20Z</time></trkpt>
<trkpt lat="37.8199845514752" lon="139.74116044877934"><ele>1645</ele><time>2024-09-14T01:12:08Z</time></trkpt>
<trkpt lat="37.81976954428708" lon="139.74099598619176"><ele>1647</ele><time>2024-09-14T01:19:45Z</time></trkpt>
<trkpt lat="37.81960350493716" lon="139.74075695180358"><ele>1645</ele><time>2024-09-14T01:20:13Z</time></trkpt>
<trkpt lat="37.81937983988489" lon="139.74074692876982"><ele>1641</ele><time>2024-09-14T01:20:42Z</time></trkpt>
<trkpt lat="37.81922535228672" lon="139.7408469309267"><ele>1626</ele><time>2024-09-14T01:22:23Z</time></trkpt>
<trkpt lat="37.8190454857326" lon="139.74100185305466"><ele>1620</ele><time>2024-09-14T01:23:09Z</time></trkpt>
<trkpt lat="37.81879870120846" lon="139.7412219018452"><ele>1612</ele><time>2024-09-14T01:23:47Z</time></trkpt>
<trkpt lat="37.81845369116954" lon="139.74138829033038"><ele>1607</ele><time>2024-09-14T01:24:15Z</time></trkpt>
<trkpt lat="37.81819895717475" lon="139.74151182075002"><ele>1603</ele><time>2024-09-14T01:24:49Z</time></trkpt>
<trkpt lat="37.81797397884147" lon="139.741331369502"><ele>1599</ele><time>2024-09-14T01:25:22Z</time></trkpt>
<trkpt lat="37.8177947291134" lon="139.74111986792144"><ele>1599</ele><time>2024-09-14T01:25:48Z</time></trkpt>
<trkpt lat="37.81755853347213" lon="139.74098900055773"><ele>1592</ele><time>2024-09-14T01:26:19Z</time></trkpt>
<trkpt lat="37.81739737844905" lon="139.74078973762167"><ele>1587</ele><time>2024-09-14T01:26:44Z</time></trkpt>
<trkpt lat="37.81720025625989" lon="139.74059972397615"><ele>1580</ele><time>2024-09-14T01:27:16Z</time></trkpt>
<trkpt lat="37.81714144381707" lon="139.740357104574"><ele>1578</ele><time>2024-09-14T01:27:47Z</time></trkpt>
<trkpt lat="37.81692670585188" lon="139.74017313248163"><ele>1573</ele><time>2024-09-14T01:28:13Z</time></trkpt>
<trkpt lat="37.81675553538537" lon="139.73995992792774"><ele>1569</ele><time>2024-09-14T01:28:41Z</time></trkpt>
<trkpt lat="37.816594112742756" lon="139.73976357218135"><ele>1561</ele><time>2024-09-14T01:29:11Z</time></trkpt>
<trkpt lat="37.8163899557507" lon="139.73951515133186"><ele>1560</ele><time>2024-09-14T01:29:41Z</time></trkpt>
<trkpt lat="37.81621005274835" lon="139.73933788055047"><ele>1566</ele><time>2024-09-14T01:30:08Z</time></trkpt>
<trkpt lat="37.81607421479074" lon="139.73913917569783"><ele>1572</ele><time>2024-09-14T01:30:38Z</time></trkpt>
<trkpt lat="37.81586714573603" lon="139.73892371349254"><ele>1579</ele><time>2024-09-14T01:31:09Z</time></trkpt>
<trkpt lat="37.815673299819906" lon="139.73872712720677"><ele>1583</ele><time>2024-09-14T01:31:40Z</time></trkpt>
<trkpt lat="37.815655602084746" lon="139.73840072043885"><ele>1580</ele><time>2024-09-14T01:32:05Z</time></trkpt>
<trkpt lat="37.81572405603146" lon="139.73806320619875"><ele>1576</ele><time>2024-09-14T01:32:34Z</time></trkpt>
<trkpt lat="37.815690297449464" lon="139.73768665506626"><ele>1575</ele><time>2024-09-14T01:33:05Z</time></trkpt>
<trkpt lat="37.81568118661937" lon="139.73728238549924"><ele>1576</ele><time>2024-09-14T01:33:34Z</time></trkpt>
<trkpt lat="37.81561296425281" lon="139.73699056622513"><ele>1575</ele><time>2024-09-14T01:34:00Z</time></trkpt>
<trkpt lat="37.8155107018425" lon="139.73661467984692"><ele>1574</ele><time>2024-09-14T01:34:31Z</time></trkpt>
<trkpt lat="37.8154031269852" lon="139.736232199015"><ele>1568</ele><time>2024-09-14T01:35:01Z</time></trkpt>
<trkpt lat="37.815332667728974" lon="139.73599416376416"><ele>1570</ele><time>2024-09-14T01:35:26Z</time></trkpt>
<trkpt lat="37.815257338999004" lon="139.73577566800896"><ele>1575</ele><time>2024-09-14T01:35:52Z</time></trkpt>
<trkpt lat="37.81516578620359" lon="139.73543775318322"><ele>1581</ele><time>2024-09-14T01:36:23Z</time></trkpt>
<trkpt lat="37.81511432522859" lon="139.7351089182811"><ele>1586</ele><time>2024-09-14T01:36:51Z</time></trkpt>
<trkpt lat="37.814961840907216" lon="139.7348966080379"><ele>1595</ele><time>2024-09-14T01:37:22Z</time></trkpt>
<trkpt lat="37.81473516537923" lon="139.73472866332693"><ele>1598</ele><time>2024-09-14T01:37:57Z</time></trkpt>
<trkpt lat="37.81464392579798" lon="139.73442069877342"><ele>1603</ele><time>2024-09-14T01:38:27Z</time></trkpt>
<trkpt lat="37.81454552694468" lon="139.73423498382508"><ele>1621</ele><time>2024-09-14T01:38:55Z</time></trkpt>
<trkpt lat="37.81445790774501" lon="139.73396655281724"><ele>1612</ele><time>2024-09-14T01:39:26Z</time></trkpt>
<trkpt lat="37.81444997471007" lon="139.73366528389465"><ele>1611</ele><time>2024-09-14T01:40:02Z</time></trkpt>
<trkpt lat="37.81439507014701" lon="139.7333210886765"><ele>1618</ele><time>2024-09-14T01:40:35Z</time></trkpt>
<trkpt lat="37.81428114389225" lon="139.73300358117044"><ele>1618</ele><time>2024-09-14T01:41:04Z</time></trkpt>
<trkpt lat="37.81425752623954" lon="139.73270290899782"><ele>1614</ele><time>2024-09-14T01:41:36Z</time></trkpt>
<trkpt lat="37.81427686918888" lon="139.73237554109645"><ele>1614</ele><time>2024-09-14T01:42:05Z</time></trkpt>
<trkpt lat="37.8142462180917" lon="139.73206767679667"><ele>1608</ele><time>2024-09-14T01:42:36Z</time></trkpt>
<trkpt lat="37.81420479058205" lon="139.73178720117735"><ele>1600</ele><time>2024-09-14T01:43:10Z</time></trkpt>
<trkpt lat="37.81417984465095" lon="139.7315269428481"><ele>1601</ele><time>2024-09-14T01:43:40Z</time></trkpt>
<trkpt lat="37.814170896937455" lon="139.73131603563894"><ele>1607</ele><time>2024-09-14T01:44:09Z</time></trkpt>
<trkpt lat="37.814139519801074" lon="139.73107985078533"><ele>1617</ele><time>2024-09-14T01:44:57Z</time></trkpt>
<trkpt lat="37.81415619005692" lon="139.73087941064497"><ele>1625</ele><time>2024-09-14T01:45:45Z</time></trkpt>
<trkpt lat="37.81419522530968" lon="139.73064769186672"><ele>1633</ele><time>2024-09-14T01:46:24Z</time></trkpt>
<trkpt lat="37.813980678353886" lon="139.73061246713894"><ele>1644</ele><time>2024-09-14T01:47:20Z</time></trkpt>
<trkpt lat="37.81384343715861" lon="139.73050024814194"><ele>1651</ele><time>2024-09-14T01:48:00Z</time></trkpt>
<trkpt lat="37.81379835155046" lon="139.73031863687336"><ele>1652</ele><time>2024-09-14T01:48:46Z</time></trkpt>
<trkpt lat="37.81383823619288" lon="139.7299673074299"><ele>1653</ele><time>2024-09-14T01:54:35Z</time></trkpt>
<trkpt lat="37.81387210622877" lon="139.7296250082753"><ele>1652</ele><time>2024-09-14T01:55:03Z</time></trkpt>
<trkpt lat="37.8139126645757" lon="139.72939709131367"><ele>1644</ele><time>2024-09-14T01:55:31Z</time></trkpt>
<trkpt lat="37.81405952083107" lon="139.72918309466888"><ele>1638</ele><time>2024-09-14T01:56:08Z</time></trkpt>
<trkpt lat="37.81416743106036" lon="139.7288969559674"><ele>1634</ele><time>2024-09-14T01:56:43Z</time></trkpt>
<trkpt lat="37.81428971116828" lon="139.72863033197686"><ele>1630</ele><time>2024-09-14T01:57:13Z</time></trkpt>
<trkpt lat="37.81438211814205" lon="139.72835033177296"><ele>1626</ele><time>2024-09-14T01:57:41Z</time></trkpt>
<trkpt lat="37.81444912282396" lon="139.72807130280535"><ele>1620</ele><time>2024-09-14T01:58:33Z</time></trkpt>
<trkpt lat="37.814359040052665" lon="139.72834278253043"><ele>1627</ele><time>2024-09-14T01:59:54Z</time></trkpt>
<trkpt lat="37.81424966442459" lon="139.72860454051246"><ele>1633</ele><time>2024-09-14T02:00:22Z</time></trkpt>
<trkpt lat="37.81411123202225" lon="139.72893175772379"><ele>1637</ele><time>2024-09-14T02:00:51Z</time></trkpt>
<trkpt lat="37.813993072784776" lon="139.72922056981017"><ele>1645</ele><time>2024-09-14T02:01:22Z</time></trkpt>
<trkpt lat="37.81385920717448" lon="139.72941755900166"><ele>1654</ele><time>2024-09-14T02:01:54Z</time></trkpt>
<trkpt lat="37.81382180103226" lon="139.72979965228583"><ele>1652</ele><time>2024-09-14T02:02:25Z</time></trkpt>
<trkpt lat="37.81382021574498" lon="139.73022298352146"><ele>1650</ele><time>2024-09-14T02:02:51Z</time></trkpt>
<trkpt lat="37.813873351657406" lon="139.7305538530328"><ele>1647</ele><time>2024-09-14T02:03:19Z</time></trkpt>
<trkpt lat="37.814086844227" lon="139.73063282284892"><ele>1643</ele><time>2024-09-14T02:03:47Z</time></trkpt>
<trkpt lat="37.81415683644789" lon="139.73080352030036"><ele>1628</ele><time>2024-09-14T02:04:26Z</time></trkpt>
<trkpt lat="37.814110879498145" lon="139.7310575420371"><ele>1620</ele><time>2024-09-14T02:04:58Z</time></trkpt>
<trkpt lat="37.814166548457614" lon="139.73129420421145"><ele>1607</ele><time>2024-09-14T02:05:29Z</time></trkpt>
<trkpt lat="37.81418831833197" lon="139.7316130587409"><ele>1590</ele><time>2024-09-14T02:05:59Z</time></trkpt>
<trkpt lat="37.81428147296237" lon="139.73200272157146"><ele>1592</ele><time>2024-09-14T02:06:25Z</time></trkpt>
<trkpt lat="37.814253587414235" lon="139.73231547070858"><ele>1605</ele><time>2024-09-14T02:07:00Z</time></trkpt>
<trkpt lat="37.81423193646593" lon="139.73268932841685"><ele>1612</ele><time>2024-09-14T02:07:32Z</time></trkpt>
<trkpt lat="37.81428086339715" lon="139.7330125924125"><ele>1616</ele><time>2024-09-14T02:08:02Z</time></trkpt>
<trkpt lat="37.81442282101219" lon="139.73342997692234"><ele>1610</ele><time>2024-09-14T02:08:32Z</time></trkpt>
<trkpt lat="37.81445173220772" lon="139.7338759388626"><ele>1607</ele><time>2024-09-14T02:08:58Z</time></trkpt>
<trkpt lat="37.81455963126037" lon="139.73429787819262"><ele>1603</ele><time>2024-09-14T02:09:26Z</time></trkpt>
<trkpt lat="37.8147186554557" lon="139.73460488534022"><ele>1595</ele><time>2024-09-14T02:09:54Z</time></trkpt>
<trkpt lat="37.81490171666286" lon="139.7349011918487"><ele>1595</ele><time>2024-09-14T02:10:20Z</time></trkpt>
<trkpt lat="37.81511668066296" lon="139.7351428601611"><ele>1587</ele><time>2024-09-14T02:10:48Z</time></trkpt>
<trkpt lat="37.81518861819239" lon="139.73551984400154"><ele>1578</ele><time>2024-09-14T02:11:14Z</time></trkpt>
<trkpt lat="37.815303867998146" lon="139.7359195555861"><ele>1566</ele><time>2024-09-14T02:11:41Z</time></trkpt>
<trkpt lat="37.815424737344635" lon="139.73621953784433"><ele>1560</ele><time>2024-09-14T02:12:11Z</time></trkpt>
<trkpt lat="37.815530108844115" lon="139.73659574206505"><ele>1566</ele><time>2024-09-14T02:12:38Z</time></trkpt>
<trkpt lat="37.815609022897306" lon="139.73694667499072"><ele>1571</ele><time>2024-09-14T02:13:05Z</time></trkpt>
<trkpt lat="37.81571536227477" lon="139.73740935106585"><ele>1571</ele><time>2024-09-14T02:13:33Z</time></trkpt>
<trkpt lat="37.81574054690221" lon="139.7377782774659"><ele>1571</ele><time>2024-09-14T02:14:00Z</time></trkpt>
<trkpt lat="37.81570854919877" lon="139.73812043957227"><ele>1573</ele><time>2024-09-14T02:14:26Z</time></trkpt>
<trkpt lat="37.815655969143826" lon="139.73846339454698"><ele>1575</ele><time>2024-09-14T02:14:55Z</time></trkpt>
<trkpt lat="37.81573236308693" lon="139.73878922006764"><ele>1576</ele><time>2024-09-14T02:15:22Z</time></trkpt>
<trkpt lat="37.81597581420009" lon="139.73905029530232"><ele>1571</ele><time>2024-09-14T02:15:50Z</time></trkpt>
<trkpt lat="37.81622417727525" lon="139.73931987509235"><ele>1564</ele><time>2024-09-14T02:16:16Z</time></trkpt>
<trkpt lat="37.816469021723684" lon="139.73961667260377"><ele>1557</ele><time>2024-09-14T02:16:42Z</time></trkpt>
<trkpt lat="37.816663996270215" lon="139.7398371486986"><ele>1560</ele><time>2024-09-14T02:17:11Z</time></trkpt>
<trkpt lat="37.81686108428597" lon="139.74004176183632"><ele>1563</ele><time>2024-09-14T02:17:44Z</time></trkpt>
<trkpt lat="37.81701139232912" lon="139.74023247243179"><ele>1572</ele><time>2024-09-14T02:18:14Z</time></trkpt>
<trkpt lat="37.817211053259406" lon="139.7404307513872"><ele>1575</ele><time>2024-09-14T02:18:43Z</time></trkpt>
<trkpt lat="37.817286582245636" lon="139.74069081736957"><ele>1581</ele><time>2024-09-14T02:19:19Z</time></trkpt>
<trkpt lat="37.81749365843232" lon="139.74085571839743"><ele>1588</ele><time>2024-09-14T02:19:48Z</time></trkpt>
<trkpt lat="37.81768477705208" lon="139.74105932992455"><ele>1592</ele><time>2024-09-14T02:20:16Z</time></trkpt>
<trkpt lat="37.817900313246874" lon="139.74121870161326"><ele>1599</ele><time>2024-09-14T02:20:46Z</time></trkpt>
<trkpt lat="37.818083387106526" lon="139.74140312692242"><ele>1605</ele><time>2024-09-14T02:21:17Z</time></trkpt>
<trkpt lat="37.81829693698525" lon="139.74150983187806"><ele>1608</ele><time>2024-09-14T02:21:44Z</time></trkpt>
<trkpt lat="37.818504099328386" lon="139.74133869692443"><ele>1603</ele><time>2024-09-14T02:22:15Z</time></trkpt>
<trkpt lat="37.818737053084405" lon="139.74122854295732"><ele>1607</ele><time>2024-09-14T02:22:46Z</time></trkpt>
<trkpt lat="37.819010262569336" lon="139.74104895959317"><ele>1612</ele><time>2024-09-14T02:23:18Z</time></trkpt>
<trkpt lat="37.81917000612473" lon="139.7409081259861"><ele>1622</ele><time>2024-09-14T02:23:56Z</time></trkpt>
<trkpt lat="37.81929343737666" lon="139.74077188765128"><ele>1630</ele><time>2024-09-14T02:24:37Z</time></trkpt>
<trkpt lat="37.81948132459225" lon="139.74069657106074"><ele>1640</ele><time>2024-09-14T02:25:30Z</time></trkpt>
<trkpt lat="37.81966984180142" lon="139.7407845606021"><ele>1641</ele><time>2024-09-14T02:25:58Z</time></trkpt>
<trkpt lat="37.81984580363928" lon="139.74103210657574"><ele>1642</ele><time>2024-09-14T02:26:25Z</time></trkpt>
<trkpt lat="37.82001470608295" lon="139.74115688159333"><ele>1642</ele><time>2024-09-14T02:27:05Z</time></trkpt>
<trkpt lat="37.82021755365273" lon="139.74121074651435"><ele>1642</ele><time>2024-09-14T02:32:01Z</time></trkpt>
<trkpt lat="37.820388648840286" lon="139.74123136339733"><ele>1629</ele><time>2024-09-14T02:32:56Z</time></trkpt>
<trkpt lat="37.820628023591325" lon="139.74101159053677"><ele>1631</ele><time>2024-09-14T02:33:28Z</time></trkpt>
<trkpt lat="37.820693029472295" lon="139.740841312989"><ele>1625</ele><time>2024-09-14T02:33:57Z</time></trkpt>
<trkpt lat="37.820902006895025" lon="139.74065659275723"><ele>1617</ele><time>2024-09-14T02:34:27Z</time></trkpt>
<trkpt lat="37.821088485880175" lon="139.74051490996837"><ele>1616</ele><time>2024-09-14T02:34:58Z</time></trkpt>
<trkpt lat="37.82125005712433" lon="139.7403470110815"><ele>1623</ele><time>2024-09-14T02:35:32Z</time></trkpt>
<trkpt lat="37.82147206647215" lon="139.74017527573224"><ele>1627</ele><time>2024-09-14T02:36:05Z</time></trkpt>
<trkpt lat="37.82159066011276" lon="139.7399304593179"><ele>1631</ele><time>2024-09-14T02:36:39Z</time></trkpt>
<trkpt lat="37.82177443433786" lon="139.7396383024713"><ele>1631</ele><time>2024-09-14T02:37:07Z</time></trkpt>
<trkpt lat="37.82193862223898" lon="139.7394114528569"><ele>1628</ele><time>2024-09-14T02:37:37Z</time></trkpt>
<trkpt lat="37.82213827020378" lon="139.73927893956866"><ele>1632</ele><time>2024-09-14T02:38:10Z</time></trkpt>
<trkpt lat="37.82235033617136" lon="139.73917143967856"><ele>1635</ele><time>2024-09-14T02:38:41Z</time></trkpt>
<trkpt lat="37.82253783177571" lon="139.73899562208086"><ele>1637</ele><time>2024-09-14T02:39:12Z</time></trkpt>
<trkpt lat="37.82266900741413" lon="139.73889382425492"><ele>1643</ele><time>2024-09-14T02:39:46Z</time></trkpt>
<trkpt lat="37.8227759580954" lon="139.73867111274208"><ele>1648</ele><time>2024-09-14T02:40:20Z</time></trkpt>
<trkpt lat="37.82289167983079" lon="139.73854870439618"><ele>1650</ele><time>2024-09-14T02:40:55Z</time></trkpt>
<trkpt lat="37.82299274023533" lon="139.73837430429174"><ele>1655</ele><time>2024-09-14T02:41:32Z</time></trkpt>
<trkpt lat="37.82307407232418" lon="139.73843138890447"><ele>1655</ele><time>2024-09-14T02:42:38Z</time></trkpt>
<trkpt lat="37.82330329451019" lon="139.73834613775867"><ele>1666</ele><time>2024-09-14T02:43:17Z</time></trkpt>
<trkpt lat="37.82354488099795" lon="139.73846604037797"><ele>1660</ele><time>2024-09-14T02:43:50Z</time></trkpt>
<trkpt lat="37.823772776745635" lon="139.73858049235727"><ele>1659</ele><time>2024-09-14T02:44:20Z</time></trkpt>
<trkpt lat="37.82401421138207" lon="139.73851562253347"><ele>1663</ele><time>2024-09-14T02:44:53Z</time></trkpt>
<trkpt lat="37.824281096227715" lon="139.73852867028765"><ele>1664</ele><time>2024-09-14T02:45:25Z</time></trkpt>
<trkpt lat="37.82445197703107" lon="139.73838175829755"><ele>1673</ele><time>2024-09-14T02:46:06Z</time></trkpt>
<trkpt lat="37.824578091626954" lon="139.73846734357525"><ele>1685</ele><time>2024-09-14T02:47:08Z</time></trkpt>
<trkpt lat="37.82476589714099" lon="139.73842913298827"><ele>1690</ele><time>2024-09-14T02:47:42Z</time></trkpt>
<trkpt lat="37.82499791410513" lon="139.73841861840327"><ele>1700</ele><time>2024-09-14T02:49:57Z</time></trkpt>
<trkpt lat="37.825200975490134" lon="139.73825066469078"><ele>1701</ele><time>2024-09-14T02:50:27Z</time></trkpt>
<trkpt lat="37.82534484910343" lon="139.7379925515075"><ele>1698</ele><time>2024-09-14T02:50:59Z</time></trkpt>
<trkpt lat="37.82555169377816" lon="139.73792867368516"><ele>1697</ele><time>2024-09-14T02:51:30Z</time></trkpt>
<trkpt lat="37.82566293776143" lon="139.7377706182107"><ele>1701</ele><time>2024-09-14T02:52:27Z</time></trkpt>
<trkpt lat="37.825830260382375" lon="139.73769532936933"><ele>1703</ele><time>2024-09-14T02:53:25Z</time></trkpt>
<trkpt lat="37.82606608545829" lon="139.73768129691925"><ele>1705</ele><time>2024-09-14T02:53:58Z</time></trkpt>
<trkpt lat="37.82614013954996" lon="139.7374222276614"><ele>1713</ele><time>2024-09-14T02:54:30Z</time></trkpt>
<trkpt lat="37.82627264726386" lon="139.73721401753804"><ele>1718</ele><time>2024-09-14T02:55:06Z</time></trkpt>
<trkpt lat="37.82640910112587" lon="139.737351473533"><ele>1713</ele><time>2024-09-14T02:55:52Z</time></trkpt>
<trkpt lat="37.82664778568635" lon="139.73717745854896"><ele>1711</ele><time>2024-09-14T02:56:23Z</time></trkpt>
<trkpt lat="37.82684776217926" lon="139.73702396090974"><ele>1710</ele><time>2024-09-14T02:56:50Z</time></trkpt>
<trkpt lat="37.82707238374269" lon="139.73685693136483"><ele>1702</ele><time>2024-09-14T02:57:37Z</time></trkpt>
<trkpt lat="37.82723448751792" lon="139.73682905711127"><ele>1705</ele><time>2024-09-14T02:58:15Z</time></trkpt>
<trkpt lat="37.82741855797548" lon="139.73672627996436"><ele>1708</ele><time>2024-09-14T02:59:02Z</time></trkpt>
<trkpt lat="37.827561838391134" lon="139.73647245013055"><ele>1711</ele><time>2024-09-14T02:59:30Z</time></trkpt>
<trkpt lat="37.8277632811932" lon="139.7364177169992"><ele>1716</ele><time>2024-09-14T02:59:57Z</time></trkpt>
<trkpt lat="37.82789681396654" lon="139.7363640272778"><ele>1711</ele><time>2024-09-14T03:00:25Z</time></trkpt>
<trkpt lat="37.82802807152571" lon="139.736222691973"><ele>1705</ele><time>2024-09-14T03:01:10Z</time></trkpt>
<trkpt lat="37.82815406835226" lon="139.73597610325643"><ele>1709</ele><time>2024-09-14T03:01:36Z</time></trkpt>
<trkpt lat="37.828275999363306" lon="139.73567424004713"><ele>1702</ele><time>2024-09-14T03:02:16Z</time></trkpt>
<trkpt lat="37.82848270330362" lon="139.735506852069"><ele>1698</ele><time>2024-09-14T03:02:48Z</time></trkpt>
<trkpt lat="37.828623031640056" lon="139.73528963169582"><ele>1701</ele><time>2024-09-14T03:03:18Z</time></trkpt>
<trkpt lat="37.82874314158515" lon="139.73505990670935"><ele>1697</ele><time>2024-09-14T03:03:54Z</time></trkpt>
<trkpt lat="37.82892664354385" lon="139.73476853495572"><ele>1696</ele><time>2024-09-14T03:04:43Z</time></trkpt>
<trkpt lat="37.829025832081285" lon="139.7345857872748"><ele>1703</ele><time>2024-09-14T03:05:27Z</time></trkpt>
<trkpt lat="37.82920973219537" lon="139.7344211173796"><ele>1702</ele><time>2024-09-14T03:06:02Z</time></trkpt>
<trkpt lat="37.82930593421481" lon="139.73433004623647"><ele>1703</ele><time>2024-09-14T03:06:41Z</time></trkpt>
<trkpt lat="37.829419070415504" lon="139.7341796119587"><ele>1710</ele><time>2024-09-14T03:07:26Z</time></trkpt>
<trkpt lat="37.82952724243108" lon="139.73409637436674"><ele>1715</ele><time>2024-09-14T03:08:27Z</time></trkpt>
<trkpt lat="37.82967528889845" lon="139.7339694251231"><ele>1724</ele><time>2024-09-14T03:09:09Z</time></trkpt>
<trkpt lat="37.82982019025725" lon="139.73376252625417"><ele>1726</ele><time>2024-09-14T03:09:42Z</time></trkpt>
<trkpt lat="37.82995820427256" lon="139.73357349934858"><ele>1729</ele><time>2024-09-14T03:10:12Z</time></trkpt>
<trkpt lat="37.83002615030468" lon="139.73346628221853"><ele>1733</ele><time>2024-09-14T03:10:52Z</time></trkpt>
<trkpt lat="37.83020831588622" lon="139.73337001915277"><ele>1735</ele><time>2024-09-14T03:11:39Z</time></trkpt>
<trkpt lat="37.83035803742186" lon="139.7332337116403"><ele>1742</ele><time>2024-09-14T03:13:30Z</time></trkpt>
<trkpt lat="37.83035172759731" lon="139.73308786265133"><ele>1754</ele><time>2024-09-14T03:14:33Z</time></trkpt>
<trkpt lat="37.830390566743645" lon="139.7329410406554"><ele>1756</ele><time>2024-09-14T03:15:07Z</time></trkpt>
<trkpt lat="37.83050044619304" lon="139.73283376833058"><ele>1762</ele><time>2024-09-14T03:15:53Z</time></trkpt>
<trkpt lat="37.830635069128874" lon="139.73270615507934"><ele>1769</ele><time>2024-09-14T03:16:50Z</time></trkpt>
<trkpt lat="37.83075579091206" lon="139.73244533517448"><ele>1771</ele><time>2024-09-14T03:17:16Z</time></trkpt>
<trkpt lat="37.830678139350745" lon="139.73212465675232"><ele>1774</ele><time>2024-09-14T03:17:44Z</time></trkpt>
<trkpt lat="37.83065501752347" lon="139.73175702150067"><ele>1776</ele><time>2024-09-14T03:18:14Z</time></trkpt>
<trkpt lat="37.83070952772929" lon="139.7314058208958"><ele>1775</ele><time>2024-09-14T03:18:52Z</time></trkpt>
<trkpt lat="37.83065154127437" lon="139.73112467215526"><ele>1780</ele><time>2024-09-14T03:27:38Z</time></trkpt>
<trkpt lat="37.83047753434487" lon="139.73094069792273"><ele>1784</ele><time>2024-09-14T03:28:08Z</time></trkpt>
<trkpt lat="37.830345496703046" lon="139.7306064178725"><ele>1787</ele><time>2024-09-14T03:28:39Z</time></trkpt>
<trkpt lat="37.83042188006579" lon="139.7302915520322"><ele>1789</ele><time>2024-09-14T03:29:05Z</time></trkpt>
<trkpt lat="37.830588657237385" lon="139.7299928174625"><ele>1785</ele><time>2024-09-14T03:29:32Z</time></trkpt>
<trkpt lat="37.83079104587471" lon="139.72972914290577"><ele>1786</ele><time>2024-09-14T03:30:02Z</time></trkpt>
<trkpt lat="37.8309437408562" lon="139.729490782814"><ele>1792</ele><time>2024-09-14T03:30:35Z</time></trkpt>
<trkpt lat="37.83119304808922" lon="139.7292966340422"><ele>1788</ele><time>2024-09-14T03:31:05Z</time></trkpt>
<trkpt lat="37.83144703125769" lon="139.72903058376457"><ele>1784</ele><time>2024-09-14T03:31:34Z</time></trkpt>
<trkpt lat="37.83173348546655" lon="139.7289898149569"><ele>1780</ele><time>2024-09-14T03:32:01Z</time></trkpt>
<trkpt lat="37.83202121400814" lon="139.7288177321917"><ele>1781</ele><time>2024-09-14T03:32:28Z</time></trkpt>
<trkpt lat="37.83230960669054" lon="139.7286451671876"><ele>1778</ele><time>2024-09-14T03:32:56Z</time></trkpt>
<trkpt lat="37.83260794164899" lon="139.7284610418629"><ele>1775</ele><time>2024-09-14T03:33:25Z</time></trkpt>
<trkpt lat="37.83289371699817" lon="139.72831146282184"><ele>1767</ele><time>2024-09-14T03:34:00Z</time></trkpt>
<trkpt lat="37.833047795655304" lon="139.72801794691816"><ele>1762</ele><time>2024-09-14T03:34:30Z</time></trkpt>
<trkpt lat="37.83317334562583" lon="139.72773805985864"><ele>1757</ele><time>2024-09-14T03:34:59Z</time></trkpt>
<trkpt lat="37.83332172605459" lon="139.7275287385674"><ele>1748</ele><time>2024-09-14T03:35:26Z</time></trkpt>
<trkpt lat="37.8336167887582" lon="139.7275665310478"><ele>1744</ele><time>2024-09-14T03:35:53Z</time></trkpt>
<trkpt lat="37.833879282432825" lon="139.72747561738674"><ele>1744</ele><time>2024-09-14T03:36:21Z</time></trkpt>
<trkpt lat="37.83412708002469" lon="139.72735831539697"><ele>1748</ele><time>2024-09-14T03:36:51Z</time></trkpt>
<trkpt lat="37.834413351990584" lon="139.72737172786353"><ele>1751</ele><time>2024-09-14T03:37:19Z</time></trkpt>
<trkpt lat="37.83465927825415" lon="139.72744394641447"><ele>1751</ele><time>2024-09-14T03:37:48Z</time></trkpt>
<trkpt lat="37.83492943633834" lon="139.72747506254777"><ele>1747</ele><time>2024-09-14T03:38:14Z</time></trkpt>
<trkpt lat="37.83515311960416" lon="139.72746210584182"><ele>1745</ele><time>2024-09-14T03:38:40Z</time></trkpt>
<trkpt lat="37.835251239389756" lon="139.7274492006914"><ele>1749</ele><time>2024-09-14T03:58:25Z</time></trkpt>
<trkpt lat="37.83526564977537" lon="139.72731641256496"><ele>1749</ele><time>2024-09-14T04:03:14Z</time></trkpt>
<trkpt lat="37.83540586615886" lon="139.72696058804667"><ele>1743</ele><time>2024-09-14T04:03:41Z</time></trkpt>
<trkpt lat="37.83540753919255" lon="139.7265933909811"><ele>1744</ele><time>2024-09-14T04:04:08Z</time></trkpt>
<trkpt lat="37.835507735638714" lon="139.7262714002759"><ele>1746</ele><time>2024-09-14T04:04:35Z</time></trkpt>
<trkpt lat="37.83562896977801" lon="139.72593417931606"><ele>1745</ele><time>2024-09-14T04:05:06Z</time></trkpt>
<trkpt lat="37.83576902528501" lon="139.72569107289218"><ele>1747</ele><time>2024-09-14T04:05:33Z</time></trkpt>
<trkpt lat="37.83594698276077" lon="139.7253735690025"><ele>1749</ele><time>2024-09-14T04:06:01Z</time></trkpt>
<trkpt lat="37.83606276612284" lon="139.7249855926386"><ele>1747</ele><time>2024-09-14T04:06:28Z</time></trkpt>
<trkpt lat="37.83618029345453" lon="139.72461984084435"><ele>1746</ele><time>2024-09-14T04:06:57Z</time></trkpt>
<trkpt lat="37.83642585002699" lon="139.7244125261302"><ele>1744</ele><time>2024-09-14T04:07:23Z</time></trkpt>
<trkpt lat="37.83670967374025" lon="139.72429194003138"><ele>1744</ele><time>2024-09-14T04:07:50Z</time></trkpt>
<trkpt lat="37.83689007274599" lon="139.72402556190886"><ele>1747</ele><time>2024-09-14T04:08:24Z</time></trkpt>
<trkpt lat="37.83705922125875" lon="139.72381139510662"><ele>1756</ele><time>2024-09-14T04:09:03Z</time></trkpt>
<trkpt lat="37.83730857031065" lon="139.72379260100334"><ele>1753</ele><time>2024-09-14T04:09:34Z</time></trkpt>
<trkpt lat="37.83753830693288" lon="139.72364665882844"><ele>1757</ele><time>2024-09-14T04:10:04Z</time></trkpt>
<trkpt lat="37.83772403318333" lon="139.72335830600397"><ele>1764</ele><time>2024-09-14T04:10:37Z</time></trkpt>
<trkpt lat="37.83785413391601" lon="139.72315778978535"><ele>1771</ele><time>2024-09-14T04:11:09Z</time></trkpt>
<trkpt lat="37.8380178618448" lon="139.7229956518521"><ele>1776</ele><time>2024-09-14T04:11:43Z</time></trkpt>
<trkpt lat="37.8381698895904" lon="139.72290522078367"><ele>1782</ele><time>2024-09-14T04:12:18Z</time></trkpt>
<trkpt lat="37.8383338113886" lon="139.72281856507237"><ele>1788</ele><time>2024-09-14T04:12:54Z</time></trkpt>
<trkpt lat="37.83850659769861" lon="139.72266731896934"><ele>1796</ele><time>2024-09-14T04:13:27Z</time></trkpt>
<trkpt lat="37.83859224557441" lon="139.72252078596767"><ele>1801</ele><time>2024-09-14T04:14:01Z</time></trkpt>
<trkpt lat="37.83872427000593" lon="139.72235150225382"><ele>1807</ele><time>2024-09-14T04:14:42Z</time></trkpt>
<trkpt lat="37.83885707610341" lon="139.72218486960344"><ele>1814</ele><time>2024-09-14T04:15:24Z</time></trkpt>
<trkpt lat="37.838994257086256" lon="139.72204735676598"><ele>1818</ele><time>2024-09-14T04:16:00Z</time></trkpt>
<trkpt lat="37.83910873204006" lon="139.72186084773867"><ele>1828</ele><time>2024-09-14T04:16:36Z</time></trkpt>
<trkpt lat="37.839315717905016" lon="139.72174319263576"><ele>1830</ele><time>2024-09-14T04:17:10Z</time></trkpt>
<trkpt lat="37.83942814023473" lon="139.7215089453279"><ele>1840</ele><time>2024-09-14T04:17:44Z</time></trkpt>
<trkpt lat="37.839554208013475" lon="139.72127792967703"><ele>1845</ele><time>2024-09-14T04:18:19Z</time></trkpt>
<trkpt lat="37.8396366804808" lon="139.72104832670115"><ele>1850</ele><time>2024-09-14T04:18:51Z</time></trkpt>
<trkpt lat="37.83968594790434" lon="139.72079375346405"><ele>1858</ele><time>2024-09-14T04:19:25Z</time></trkpt>
<trkpt lat="37.839825201568274" lon="139.72068364294788"><ele>1863</ele><time>2024-09-14T04:20:06Z</time></trkpt>
<trkpt lat="37.840035142084226" lon="139.7205583045424"><ele>1868</ele><time>2024-09-14T04:20:41Z</time></trkpt>
<trkpt lat="37.84009329643392" lon="139.7204271217334"><ele>1879</ele><time>2024-09-14T04:21:20Z</time></trkpt>
<trkpt lat="37.84023242892752" lon="139.72025871417515"><ele>1884</ele><time>2024-09-14T04:21:57Z</time></trkpt>
<trkpt lat="37.84041029098727" lon="139.72007531775603"><ele>1889</ele><time>2024-09-14T04:22:43Z</time></trkpt>
<trkpt lat="37.84061712159982" lon="139.72007687657612"><ele>1892</ele><time>2024-09-14T04:23:27Z</time></trkpt>
<trkpt lat="37.840689560079085" lon="139.72000059850885"><ele>1902</ele><time>2024-09-14T04:24:53Z</time></trkpt>
<trkpt lat="37.84089587215358" lon="139.71988594392758"><ele>1893</ele><time>2024-09-14T04:25:21Z</time></trkpt>
<trkpt lat="37.841119021195325" lon="139.7198687788402"><ele>1889</ele><time>2024-09-14T04:25:54Z</time></trkpt>
<trkpt lat="37.84138194405117" lon="139.71975893055722"><ele>1881</ele><time>2024-09-14T04:26:29Z</time></trkpt>
<trkpt lat="37.841594881058164" lon="139.71958008922158"><ele>1883</ele><time>2024-09-14T04:26:58Z</time></trkpt>
<trkpt lat="37.84183045280124" lon="139.71948783359005"><ele>1887</ele><time>2024-09-14T04:27:29Z</time></trkpt>
<trkpt lat="37.84197455753296" lon="139.7191747226786"><ele>1885</ele><time>2024-09-14T04:28:02Z</time></trkpt>
<trkpt lat="37.842173300153895" lon="139.719132923482"><ele>1881</ele><time>2024-09-14T04:28:32Z</time></trkpt>
<trkpt lat="37.84234048369666" lon="139.7191956352561"><ele>1878</ele><time>2024-09-14T04:29:14Z</time></trkpt>
<trkpt lat="37.842496654095356" lon="139.71924497561173"><ele>1869</ele><time>2024-09-14T04:29:56Z</time></trkpt>
<trkpt lat="37.842660995854175" lon="139.71928164902835"><ele>1858</ele><time>2024-09-14T04:30:45Z</time></trkpt>
<trkpt lat="37.84277772786611" lon="139.7192205637579"><ele>1850</ele><time>2024-09-14T04:31:26Z</time></trkpt>
<trkpt lat="37.84296544693643" lon="139.71915930784118"><ele>1843</ele><time>2024-09-14T04:32:07Z</time></trkpt>
<trkpt lat="37.84319121592128" lon="139.71922416921487"><ele>1835</ele><time>2024-09-14T04:32:49Z</time></trkpt>
<trkpt lat="37.843450857799915" lon="139.71916217366092"><ele>1832</ele><time>2024-09-14T04:33:18Z</time></trkpt>
<trkpt lat="37.843591769760664" lon="139.71910304867123"><ele>1824</ele><time>2024-09-14T04:34:01Z</time></trkpt>
<trkpt lat="37.843860486355524" lon="139.7191223353812"><ele>1821</ele><time>2024-09-14T04:34:38Z</time></trkpt>
<trkpt lat="37.844147653788134" lon="139.7190837402932"><ele>1824</ele><time>2024-09-14T04:35:37Z</time></trkpt>
<trkpt lat="37.84433446403486" lon="139.71898713888842"><ele>1825</ele><time>2024-09-14T04:36:11Z</time></trkpt>
<trkpt lat="37.84447441683195" lon="139.7189628286751"><ele>1829</ele><time>2024-09-14T04:36:49Z</time></trkpt>
<trkpt lat="37.84461541559011" lon="139.7187631799825"><ele>1832</ele><time>2024-09-14T04:37:28Z</time></trkpt>
<trkpt lat="37.844829557877944" lon="139.71876332257406"><ele>1835</ele><time>2024-09-14T04:37:59Z</time></trkpt>
<trkpt lat="37.844997915159624" lon="139.71863837122368"><ele>1843</ele><time>2024-09-14T04:38:50Z</time></trkpt>
<trkpt lat="37.84508193355785" lon="139.71840283354814"><ele>1847</ele><time>2024-09-14T04:39:43Z</time></trkpt>
<trkpt lat="37.84515390212966" lon="139.71825395197817"><ele>1850</ele><time>2024-09-14T04:40:14Z</time></trkpt>
<trkpt lat="37.8452372256357" lon="139.718081603446"><ele>1857</ele><time>2024-09-14T04:40:59Z</time></trkpt>
<trkpt lat="37.845389747148666" lon="139.7179335701487"><ele>1852</ele><time>2024-09-14T04:41:32Z</time></trkpt>
<trkpt lat="37.845565668254096" lon="139.71773717405623"><ele>1856</ele><time>2024-09-14T04:42:52Z</time></trkpt>
<trkpt lat="37.84572877994767" lon="139.71768152785606"><ele>1865</ele><time>2024-09-14T04:43:35Z</time></trkpt>
<trkpt lat="37.845878486240515" lon="139.7175123276942"><ele>1872</ele><time>2024-09-14T04:44:16Z</time></trkpt>
<trkpt lat="37.84598187238778" lon="139.71730080879829"><ele>1874</ele><time>2024-09-14T04:44:47Z</time></trkpt>
<trkpt lat="37.84608916138231" lon="139.7171091984317"><ele>1876</ele><time>2024-09-14T04:45:19Z</time></trkpt>
<trkpt lat="37.846225844392066" lon="139.71687120225187"><ele>1879</ele><time>2024-09-14T04:45:51Z</time></trkpt>
<trkpt lat="37.84634197632903" lon="139.71661261193745"><ele>1880</ele><time>2024-09-14T04:46:18Z</time></trkpt>
<trkpt lat="37.84644366608361" lon="139.71633913944325"><ele>1884</ele><time>2024-09-14T04:46:49Z</time></trkpt>
<trkpt lat="37.84664765144184" lon="139.7162042686162"><ele>1889</ele><time>2024-09-14T04:47:23Z</time></trkpt>
<trkpt lat="37.8468262823215" lon="139.71598300737406"><ele>1891</ele><time>2024-09-14T04:47:54Z</time></trkpt>
<trkpt lat="37.84704515219763" lon="139.7158372510547"><ele>1896</ele><time>2024-09-14T04:48:24Z</time></trkpt>
<trkpt lat="37.847266754982776" lon="139.71586570636205"><ele>1903</ele><time>2024-09-14T04:48:56Z</time></trkpt>
<trkpt lat="37.84746414744938" lon="139.71569292215048"><ele>1900</ele><time>2024-09-14T04:49:27Z</time></trkpt>
<trkpt lat="37.8477003395035" lon="139.71568682915847"><ele>1903</ele><time>2024-09-14T04:49:54Z</time></trkpt>
<trkpt lat="37.84798350504113" lon="139.7157857170207"><ele>1907</ele><time>2024-09-14T04:50:25Z</time></trkpt>
<trkpt lat="37.84819698430435" lon="139.7156776004251"><ele>1909</ele><time>2024-09-14T04:51:05Z</time></trkpt>
<trkpt lat="37.84831489651959" lon="139.71546386871566"><ele>1912</ele><time>2024-09-14T04:51:34Z</time></trkpt>
<trkpt lat="37.848449624824774" lon="139.7153852742091"><ele>1918</ele><time>2024-09-14T04:52:15Z</time></trkpt>
<trkpt lat="37.848556292796154" lon="139.7153251481691"><ele>1924</ele><time>2024-09-14T04:52:55Z</time></trkpt>
<trkpt lat="37.84869466552909" lon="139.71523175086827"><ele>1932</ele><time>2024-09-14T04:53:45Z</time></trkpt>
<trkpt lat="37.84886434577416" lon="139.71508178530806"><ele>1939</ele><time>2024-09-14T04:54:26Z</time></trkpt>
<trkpt lat="37.84897741596883" lon="139.71513800374225"><ele>1949</ele><time>2024-09-14T04:55:11Z</time></trkpt>
<trkpt lat="37.84911301638494" lon="139.7150734503649"><ele>1959</ele><time>2024-09-14T04:56:05Z</time></trkpt>
<trkpt lat="37.84925929329642" lon="139.71507124860833"><ele>1971</ele><time>2024-09-14T04:57:17Z</time></trkpt>
<trkpt lat="37.849410363358544" lon="139.71517186487665"><ele>1980</ele><time>2024-09-14T04:58:09Z</time></trkpt>
<trkpt lat="37.849499911719484" lon="139.71504319553807"><ele>1984</ele><time>2024-09-14T04:58:46Z</time></trkpt>
<trkpt lat="37.849660993263946" lon="139.71501738858103"><ele>1993</ele><time>2024-09-14T04:59:34Z</time></trkpt>
<trkpt lat="37.849858004763135" lon="139.71512219205866"><ele>2000</ele><time>2024-09-14T05:00:21Z</time></trkpt>
<trkpt lat="37.84992613390906" lon="139.71520637301015"><ele>2009</ele><time>2024-09-14T05:01:42Z</time></trkpt>
<trkpt lat="37.85009678508619" lon="139.71525490886197"><ele>2012</ele><time>2024-09-14T05:02:15Z</time></trkpt>
<trkpt lat="37.85022595651511" lon="139.7152149520788"><ele>2019</ele><time>2024-09-14T05:03:00Z</time></trkpt>
<trkpt lat="37.85035140683638" lon="139.71522848209298"><ele>2028</ele><time>2024-09-14T05:03:40Z</time></trkpt>
<trkpt lat="37.85044405372534" lon="139.7152548685253"><ele>2034</ele><time>2024-09-14T05:04:23Z</time></trkpt>
<trkpt lat="37.85062081678351" lon="139.7153215045402"><ele>2039</ele><time>2024-09-14T05:05:03Z</time></trkpt>
<trkpt lat="37.85076974857827" lon="139.71543131237345"><ele>2047</ele><time>2024-09-14T05:05:44Z</time></trkpt>
<trkpt lat="37.85093208513495" lon="139.71546837016012"><ele>2050</ele><time>2024-09-14T05:06:46Z</time></trkpt>
<trkpt lat="37.85108968640469" lon="139.71551101782657"><ele>2056</ele><time>2024-09-14T05:07:20Z</time></trkpt>
<trkpt lat="37.85123835020327" lon="139.7154837384906"><ele>2063</ele><time>2024-09-14T05:08:08Z</time></trkpt>
<trkpt lat="37.85144971418491" lon="139.7154305557763"><ele>2068</ele><time>2024-09-14T05:09:02Z</time></trkpt>
<trkpt lat="37.8517321543762" lon="139.7154951947011"><ele>2069</ele><time>2024-09-14T05:09:33Z</time></trkpt>
<trkpt lat="37.85197711232728" lon="139.7154145984154"><ele>2072</ele><time>2024-09-14T05:10:06Z</time></trkpt>
<trkpt lat="37.85215316358695" lon="139.71529117911388"><ele>2071</ele><time>2024-09-14T05:10:36Z</time></trkpt>
<trkpt lat="37.85234325346642" lon="139.715185433371"><ele>2076</ele><time>2024-09-14T05:11:13Z</time></trkpt>
<trkpt lat="37.85262213638807" lon="139.71513516379906"><ele>2080</ele><time>2024-09-14T05:11:46Z</time></trkpt>
<trkpt lat="37.852868840706925" lon="139.71502012224653"><ele>2085</ele><time>2024-09-14T05:12:15Z</time></trkpt>
<trkpt lat="37.85301974575874" lon="139.7147448583499"><ele>2087</ele><time>2024-09-14T05:12:45Z</time></trkpt>
<trkpt lat="37.853132253449964" lon="139.71450512776258"><ele>2087</ele><time>2024-09-14T05:13:17Z</time></trkpt>
<trkpt lat="37.853271153054976" lon="139.71428950053595"><ele>2090</ele><time>2024-09-14T05:13:44Z</time></trkpt>
<trkpt lat="37.853444059939385" lon="139.71408708281635"><ele>2096</ele><time>2024-09-14T05:14:20Z</time></trkpt>
<trkpt lat="37.85349473124004" lon="139.7139793105357"><ele>2096</ele><time>2024-09-14T05:20:54Z</time></trkpt>
<trkpt lat="37.85357666666153" lon="139.7137375578312"><ele>2094</ele><time>2024-09-14T05:21:34Z</time></trkpt>
<trkpt lat="37.853601057073185" lon="139.71340617673505"><ele>2092</ele><time>2024-09-14T05:22:00Z</time></trkpt>
<trkpt lat="37.85373466584166" lon="139.71306314346734"><ele>2088</ele><time>2024-09-14T05:22:28Z</time></trkpt>
<trkpt lat="37.85381812380916" lon="139.7126935846647"><ele>2087</ele><time>2024-09-14T05:22:54Z</time></trkpt>
<trkpt lat="37.85389202230385" lon="139.7123732838836"><ele>2086</ele><time>2024-09-14T05:23:20Z</time></trkpt>
<trkpt lat="37.85395742686575" lon="139.71208382764522"><ele>2081</ele><time>2024-09-14T05:23:49Z</time></trkpt>
<trkpt lat="37.85409627234639" lon="139.71179242369857"><ele>2077</ele><time>2024-09-14T05:24:17Z</time></trkpt>
<trkpt lat="37.854375376437815" lon="139.71154567199017"><ele>2075</ele><time>2024-09-14T05:24:44Z</time></trkpt>
<trkpt lat="37.85445758517474" lon="139.71122577459207"><ele>2070</ele><time>2024-09-14T05:25:19Z</time></trkpt>
<trkpt lat="37.85462051501213" lon="139.71095671808916"><ele>2071</ele><time>2024-09-14T05:25:46Z</time></trkpt>
<trkpt lat="37.854687178057404" lon="139.71056953593802"><ele>2074</ele><time>2024-09-14T05:26:16Z</time></trkpt>
<trkpt lat="37.854760195296414" lon="139.71022146837223"><ele>2077</ele><time>2024-09-14T05:26:44Z</time></trkpt>
<trkpt lat="37.85483828659159" lon="139.70988955445907"><ele>2080</ele><time>2024-09-14T05:27:13Z</time></trkpt>
<trkpt lat="37.85485014442032" lon="139.70952461077147"><ele>2076</ele><time>2024-09-14T05:27:43Z</time></trkpt>
<trkpt lat="37.85488235774358" lon="139.7091758361877"><ele>2081</ele><time>2024-09-14T05:28:10Z</time></trkpt>
<trkpt lat="37.85488861164436" lon="139.7088543564125"><ele>2083</ele><time>2024-09-14T05:28:36Z</time></trkpt>
<trkpt lat="37.854883123111776" lon="139.7086005266569"><ele>2084</ele><time>2024-09-14T05:29:13Z</time></trkpt>
<trkpt lat="37.854902590118215" lon="139.7082315029121"><ele>2084</ele><time>2024-09-14T05:29:43Z</time></trkpt>
<trkpt lat="37.85486342577684" lon="139.70789439585852"><ele>2087</ele><time>2024-09-14T05:30:16Z</time></trkpt>
<trkpt lat="37.85486634591747" lon="139.7076613643676"><ele>2095</ele><time>2024-09-14T05:30:48Z</time></trkpt>
<trkpt lat="37.854835221456696" lon="139.70741746494895"><ele>2096</ele><time>2024-09-14T05:31:17Z</time></trkpt>
<trkpt lat="37.854844504693844" lon="139.70712115533127"><ele>2100</ele><time>2024-09-14T05:31:46Z</time></trkpt>
<trkpt lat="37.854844623329065" lon="139.7074422481206"><ele>2094</ele><time>2024-09-14T05:58:32Z</time></trkpt>
<trkpt lat="37.85480466287178" lon="139.70774456119725"><ele>2089</ele><time>2024-09-14T05:59:04Z</time></trkpt>
<trkpt lat="37.85483747329703" lon="139.7081072647506"><ele>2086</ele><time>2024-09-14T05:59:35Z</time></trkpt>
<trkpt lat="37.854844351618176" lon="139.7084560436058"><ele>2083</ele><time>2024-09-14T06:00:06Z</time></trkpt>
<trkpt lat="37.85484589222989" lon="139.70872272196632"><ele>2083</ele><time>2024-09-14T06:00:34Z</time></trkpt>
<trkpt lat="37.85487276475239" lon="139.7090925859126"><ele>2079</ele><time>2024-09-14T06:01:08Z</time></trkpt>
<trkpt lat="37.85480019478179" lon="139.7095148817097"><ele>2073</ele><time>2024-09-14T06:01:36Z</time></trkpt>
<trkpt lat="37.85481240794247" lon="139.7099260401471"><ele>2074</ele><time>2024-09-14T06:02:03Z</time></trkpt>
<trkpt lat="37.854734887998276" lon="139.71019047041273"><ele>2070</ele><time>2024-09-14T06:02:55Z</time></trkpt>
<trkpt lat="37.85465343013888" lon="139.71056694250328"><ele>2067</ele><time>2024-09-14T06:03:22Z</time></trkpt>
<trkpt lat="37.8545923788795" lon="139.7109920113202"><ele>2069</ele><time>2024-09-14T06:03:49Z</time></trkpt>
<trkpt lat="37.85437264200797" lon="139.71129830753617"><ele>2064</ele><time>2024-09-14T06:04:17Z</time></trkpt>
<trkpt lat="37.854282777596715" lon="139.71157203059974"><ele>2066</ele><time>2024-09-14T06:04:46Z</time></trkpt>
<trkpt lat="37.854070358341694" lon="139.71178541740554"><ele>2068</ele><time>2024-09-14T06:05:13Z</time></trkpt>
<trkpt lat="37.8539293446718" lon="139.7120236240077"><ele>2074</ele><time>2024-09-14T06:05:43Z</time></trkpt>
<trkpt lat="37.85388127779307" lon="139.7123049979674"><ele>2081</ele><time>2024-09-14T06:06:16Z</time></trkpt>
<trkpt lat="37.85373997701129" lon="139.71266863365787"><ele>2078</ele><time>2024-09-14T06:06:43Z</time></trkpt>
<trkpt lat="37.8536966904908" lon="139.71302959723164"><ele>2084</ele><time>2024-09-14T06:07:10Z</time></trkpt>
<trkpt lat="37.85355915837639" lon="139.71328835207356"><ele>2087</ele><time>2024-09-14T06:07:38Z</time></trkpt>
<trkpt lat="37.85354095500778" lon="139.713670309643"><ele>2090</ele><time>2024-09-14T06:08:05Z</time></trkpt>
<trkpt lat="37.85346485847427" lon="139.71398078138265"><ele>2092</ele><time>2024-09-14T06:08:35Z</time></trkpt>
<trkpt lat="37.85326419875782" lon="139.71423513160963"><ele>2088</ele><time>2024-09-14T06:16:29Z</time></trkpt>
<trkpt lat="37.853082023905955" lon="139.71451846549343"><ele>2085</ele><time>2024-09-14T06:16:55Z</time></trkpt>
<trkpt lat="37.85295234816366" lon="139.71482709391324"><ele>2090</ele><time>2024-09-14T06:17:21Z</time></trkpt>
<trkpt lat="37.85279283273441" lon="139.7151186672251"><ele>2086</ele><time>2024-09-14T06:17:47Z</time></trkpt>
<trkpt lat="37.85245268457749" lon="139.7151799287234"><ele>2076</ele><time>2024-09-14T06:18:14Z</time></trkpt>
<trkpt lat="37.85217736697816" lon="139.7152277923538"><ele>2072</ele><time>2024-09-14T06:18:40Z</time></trkpt>
<trkpt lat="37.85191425799105" lon="139.71541591888277"><ele>2061</ele><time>2024-09-14T06:19:14Z</time></trkpt>
<trkpt lat="37.851577591750505" lon="139.7154247115717"><ele>2062</ele><time>2024-09-14T06:19:40Z</time></trkpt>
<trkpt lat="37.85132143256967" lon="139.71550989404312"><ele>2067</ele><time>2024-09-14T06:20:08Z</time></trkpt>
<trkpt lat="37.85111530181916" lon="139.71551124474786"><ele>2051</ele><time>2024-09-14T06:20:40Z</time></trkpt>
<trkpt lat="37.85089619273539" lon="139.71545827420712"><ele>2047</ele><time>2024-09-14T06:21:12Z</time></trkpt>
<trkpt lat="37.850701871865134" lon="139.7153863386781"><ele>2037</ele><time>2024-09-14T06:21:47Z</time></trkpt>
<trkpt lat="37.85053230853026" lon="139.71524969580966"><ele>2028</ele><time>2024-09-14T06:22:18Z</time></trkpt>
<trkpt lat="37.850326520544215" lon="139.71523098527018"><ele>2020</ele><time>2024-09-14T06:22:57Z</time></trkpt>
<trkpt lat="37.850153504594644" lon="139.71520923542184"><ele>2013</ele><time>2024-09-14T06:23:35Z</time></trkpt>
<trkpt lat="37.84992458204142" lon="139.71518006628494"><ele>2002</ele><time>2024-09-14T06:24:16Z</time></trkpt>
<trkpt lat="37.8497048468817" lon="139.71503883016058"><ele>1994</ele><time>2024-09-14T06:24:46Z</time></trkpt>
<trkpt lat="37.849548014792184" lon="139.71507338875745"><ele>1984</ele><time>2024-09-14T06:25:27Z</time></trkpt>
<trkpt lat="37.84935408408078" lon="139.71514526799737"><ele>1974</ele><time>2024-09-14T06:26:05Z</time></trkpt>
<trkpt lat="37.84923509895924" lon="139.7150783919155"><ele>1966</ele><time>2024-09-14T06:26:46Z</time></trkpt>
<trkpt lat="37.849099196065495" lon="139.7151081332134"><ele>1956</ele><time>2024-09-14T06:27:49Z</time></trkpt>
<trkpt lat="37.84895751946567" lon="139.71517241631028"><ele>1946</ele><time>2024-09-14T06:28:37Z</time></trkpt>
<trkpt lat="37.84888495912294" lon="139.71510447256026"><ele>1940</ele><time>2024-09-14T06:29:23Z</time></trkpt>
<trkpt lat="37.8487073681152" lon="139.71525877324999"><ele>1935</ele><time>2024-09-14T06:30:09Z</time></trkpt>
<trkpt lat="37.848560453888815" lon="139.71534590394361"><ele>1926</ele><time>2024-09-14T06:30:51Z</time></trkpt>
<trkpt lat="37.84837433483822" lon="139.71540990198977"><ele>1913</ele><time>2024-09-14T06:31:47Z</time></trkpt>
<trkpt lat="37.848239437013696" lon="139.71564048785777"><ele>1907</ele><time>2024-09-14T06:32:28Z</time></trkpt>
<trkpt lat="37.84793922981632" lon="139.71578744206656"><ele>1902</ele><time>2024-09-14T06:32:56Z</time></trkpt>
<trkpt lat="37.84764417330414" lon="139.71568696277777"><ele>1900</ele><time>2024-09-14T06:33:22Z</time></trkpt>
<trkpt lat="37.84734252515214" lon="139.71572658155958"><ele>1899</ele><time>2024-09-14T06:33:50Z</time></trkpt>
<trkpt lat="37.8472215258052" lon="139.7158623780874"><ele>1897</ele><time>2024-09-14T06:34:20Z</time></trkpt>
<trkpt lat="37.846990212906306" lon="139.71588174243243"><ele>1892</ele><time>2024-09-14T06:34:49Z</time></trkpt>
<trkpt lat="37.84675123079154" lon="139.71605932885132"><ele>1889</ele><time>2024-09-14T06:35:16Z</time></trkpt>
<trkpt lat="37.846527264944775" lon="139.7162666996889"><ele>1884</ele><time>2024-09-14T06:35:43Z</time></trkpt>
<trkpt lat="37.84637768857885" lon="139.7165234655804"><ele>1881</ele><time>2024-09-14T06:36:11Z</time></trkpt>
<trkpt lat="37.846228550147984" lon="139.7168840045751"><ele>1877</ele><time>2024-09-14T06:36:38Z</time></trkpt>
<trkpt lat="37.84608460592593" lon="139.71712579601277"><ele>1875</ele><time>2024-09-14T06:37:06Z</time></trkpt>
<trkpt lat="37.84596989567749" lon="139.7173224427719"><ele>1867</ele><time>2024-09-14T06:37:47Z</time></trkpt>
<trkpt lat="37.84577164340191" lon="139.71766894022355"><ele>1860</ele><time>2024-09-14T06:38:09Z</time></trkpt>
<trkpt lat="37.845611041018564" lon="139.71775067824245"><ele>1857</ele><time>2024-09-14T06:38:45Z</time></trkpt>
<trkpt lat="37.84542599698136" lon="139.717893643599"><ele>1855</ele><time>2024-09-14T06:39:30Z</time></trkpt>
<trkpt lat="37.84524263210975" lon="139.71807490118925"><ele>1854</ele><time>2024-09-14T06:39:56Z</time></trkpt>
<trkpt lat="37.84517075877726" lon="139.71823969176648"><ele>1851</ele><time>2024-09-14T06:41:09Z</time></trkpt>
<trkpt lat="37.84502383657431" lon="139.71848674615669"><ele>1844</ele><time>2024-09-14T06:42:28Z</time></trkpt>
<trkpt lat="37.844922952369316" lon="139.71874770901334"><ele>1841</ele><time>2024-09-14T06:43:12Z</time></trkpt>
<trkpt lat="37.84466625371627" lon="139.71877609296521"><ele>1832</ele><time>2024-09-14T06:43:53Z</time></trkpt>
<trkpt lat="37.8445117043849" lon="139.71892492961157"><ele>1831</ele><time>2024-09-14T06:44:23Z</time></trkpt>
<trkpt lat="37.844320003907065" lon="139.71903279739732"><ele>1821</ele><time>2024-09-14T06:44:55Z</time></trkpt>
<trkpt lat="37.84401598407676" lon="139.7190990210731"><ele>1817</ele><time>2024-09-14T06:45:26Z</time></trkpt>
<trkpt lat="37.84377887333271" lon="139.71921449752244"><ele>1815</ele><time>2024-09-14T06:45:57Z</time></trkpt>
<trkpt lat="37.843584042273086" lon="139.7190592776954"><ele>1821</ele><time>2024-09-14T06:46:40Z</time></trkpt>
<trkpt lat="37.84341832220731" lon="139.7191584288673"><ele>1829</ele><time>2024-09-14T06:47:23Z</time></trkpt>
<trkpt lat="37.843178388239885" lon="139.71922773256"><ele>1832</ele><time>2024-09-14T06:47:57Z</time></trkpt>
<trkpt lat="37.842997925305426" lon="139.71917599317035"><ele>1839</ele><time>2024-09-14T06:48:34Z</time></trkpt>
<trkpt lat="37.84284724172133" lon="139.71924133206076"><ele>1845</ele><time>2024-09-14T06:49:09Z</time></trkpt>
<trkpt lat="37.84272351344991" lon="139.7192127245573"><ele>1851</ele><time>2024-09-14T06:49:48Z</time></trkpt>
<trkpt lat="37.84257122562507" lon="139.71929232274553"><ele>1863</ele><time>2024-09-14T06:50:43Z</time></trkpt>
<trkpt lat="37.84244970168517" lon="139.71919955689893"><ele>1872</ele><time>2024-09-14T06:51:27Z</time></trkpt>
<trkpt lat="37.84230672648231" lon="139.71913373967237"><ele>1880</ele><time>2024-09-14T06:52:14Z</time></trkpt>
<trkpt lat="37.84211500917124" lon="139.71906057851436"><ele>1885</ele><time>2024-09-14T06:53:03Z</time></trkpt>
<trkpt lat="37.841943347210254" lon="139.7192251195488"><ele>1890</ele><time>2024-09-14T06:53:42Z</time></trkpt>
<trkpt lat="37.841846290079445" lon="139.7194849688501"><ele>1889</ele><time>2024-09-14T06:54:13Z</time></trkpt>
<trkpt lat="37.84158257847834" lon="139.7195837388345"><ele>1884</ele><time>2024-09-14T06:54:47Z</time></trkpt>
<trkpt lat="37.84130678599251" lon="139.7197737558579"><ele>1884</ele><time>2024-09-14T06:55:14Z</time></trkpt>
<trkpt lat="37.841143056939636" lon="139.71981724990937"><ele>1888</ele><time>2024-09-14T06:55:51Z</time></trkpt>
<trkpt lat="37.840961078553335" lon="139.7198847909764"><ele>1894</ele><time>2024-09-14T06:56:34Z</time></trkpt>
<trkpt lat="37.8407350718064" lon="139.7199505505843"><ele>1900</ele><time>2024-09-14T06:57:08Z</time></trkpt>
<trkpt lat="37.84051944260145" lon="139.72011294420082"><ele>1900</ele><time>2024-09-14T06:57:43Z</time></trkpt>
<trkpt lat="37.840249146782334" lon="139.72017464219175"><ele>1877</ele><time>2024-09-14T06:58:17Z</time></trkpt>
<trkpt lat="37.84013727979862" lon="139.72045210881925"><ele>1885</ele><time>2024-09-14T06:58:46Z</time></trkpt>
<trkpt lat="37.83997351523239" lon="139.72061113225985"><ele>1867</ele><time>2024-09-14T06:59:40Z</time></trkpt>
<trkpt lat="37.83977650114916" lon="139.72070746488592"><ele>1860</ele><time>2024-09-14T07:00:09Z</time></trkpt>
<trkpt lat="37.83966342203812" lon="139.72096518519464"><ele>1853</ele><time>2024-09-14T07:00:47Z</time></trkpt>
<trkpt lat="37.83957383071117" lon="139.72120377135266"><ele>1849</ele><time>2024-09-14T07:01:18Z</time></trkpt>
<trkpt lat="37.8394232324917" lon="139.721443314748"><ele>1842</ele><time>2024-09-14T07:01:44Z</time></trkpt>
<trkpt lat="37.83934878419758" lon="139.72171974066697"><ele>1837</ele><time>2024-09-14T07:02:10Z</time></trkpt>
<trkpt lat="37.83918954901456" lon="139.721879536797"><ele>1829</ele><time>2024-09-14T07:02:41Z</time></trkpt>
<trkpt lat="37.83900624911777" lon="139.7220516700541"><ele>1825</ele><time>2024-09-14T07:03:08Z</time></trkpt>
<trkpt lat="37.8387879667532" lon="139.72224558089846"><ele>1815</ele><time>2024-09-14T07:03:39Z</time></trkpt>
<trkpt lat="37.83864784550809" lon="139.7224393505245"><ele>1805</ele><time>2024-09-14T07:04:16Z</time></trkpt>
<trkpt lat="37.838503593934504" lon="139.72258968725117"><ele>1799</ele><time>2024-09-14T07:04:52Z</time></trkpt>
<trkpt lat="37.83838688605069" lon="139.72280006017664"><ele>1793</ele><time>2024-09-14T07:05:24Z</time></trkpt>
<trkpt lat="37.838186393838576" lon="139.72286710219555"><ele>1787</ele><time>2024-09-14T07:06:00Z</time></trkpt>
<trkpt lat="37.8380351077919" lon="139.72294500559423"><ele>1781</ele><time>2024-09-14T07:06:41Z</time></trkpt>
<trkpt lat="37.837777833161056" lon="139.7232354131429"><ele>1771</ele><time>2024-09-14T07:07:15Z</time></trkpt>
<trkpt lat="37.83750642506784" lon="139.72365869816574"><ele>1761</ele><time>2024-09-14T07:07:42Z</time></trkpt>
<trkpt lat="37.83722069690304" lon="139.72383955252937"><ele>1755</ele><time>2024-09-14T07:08:08Z</time></trkpt>
<trkpt lat="37.83698542829945" lon="139.7238158513963"><ele>1750</ele><time>2024-09-14T07:08:38Z</time></trkpt>
<trkpt lat="37.83686680789367" lon="139.7240205479918"><ele>1747</ele><time>2024-09-14T07:09:09Z</time></trkpt>
<trkpt lat="37.83668237143488" lon="139.72423108692573"><ele>1746</ele><time>2024-09-14T07:09:38Z</time></trkpt>
<trkpt lat="37.83639147206923" lon="139.72442142866996"><ele>1745</ele><time>2024-09-14T07:10:05Z</time></trkpt>
<trkpt lat="37.83609613884358" lon="139.7246999812476"><ele>1751</ele><time>2024-09-14T07:10:31Z</time></trkpt>
<trkpt lat="37.83597464908168" lon="139.72515442152084"><ele>1748</ele><time>2024-09-14T07:10:57Z</time></trkpt>
<trkpt lat="37.83583950875107" lon="139.72560338524977"><ele>1749</ele><time>2024-09-14T07:11:22Z</time></trkpt>
<trkpt lat="37.83555820589548" lon="139.72600485581157"><ele>1745</ele><time>2024-09-14T07:11:49Z</time></trkpt>
<trkpt lat="37.83543431589463" lon="139.72646299691803"><ele>1741</ele><time>2024-09-14T07:12:15Z</time></trkpt>
<trkpt lat="37.83538485039044" lon="139.72695837908302"><ele>1742</ele><time>2024-09-14T07:12:38Z</time></trkpt>
<trkpt lat="37.83523807275463" lon="139.7273453912642"><ele>1742</ele><time>2024-09-14T07:13:03Z</time></trkpt>
<trkpt lat="37.8351921115136" lon="139.72727087615263"><ele>1743</ele><time>2024-09-14T07:13:18Z</time></trkpt>
</trkseg>
</trk>
<trk><name>track</name><number>2</number><trkseg>
<trkpt lat="37.83506254203416" lon="139.72744183627862"><ele>1750</ele><time>2024-09-14T20:43:33Z</time></trkpt>
<trkpt lat="37.83481916612173" lon="139.72741423130182"><ele>1749</ele><time>2024-09-14T20:44:07Z</time></trkpt>
<trkpt lat="37.83456021483904" lon="139.72743576909045"><ele>1754</ele><time>2024-09-14T20:44:40Z</time></trkpt>
<trkpt lat="37.834306964306656" lon="139.72738397215159"><ele>1748</ele><time>2024-09-14T20:45:09Z</time></trkpt>
<trkpt lat="37.83405218571518" lon="139.7274066602917"><ele>1744</ele><time>2024-09-14T20:45:36Z</time></trkpt>
<trkpt lat="37.833796155608965" lon="139.72748966837364"><ele>1740</ele><time>2024-09-14T20:46:05Z</time></trkpt>
<trkpt lat="37.833499973536675" lon="139.7276169070403"><ele>1744</ele><time>2024-09-14T20:46:33Z</time></trkpt>
<trkpt lat="37.8333539760642" lon="139.72751692804087"><ele>1748</ele><time>2024-09-14T20:47:04Z</time></trkpt>
<trkpt lat="37.83319192135973" lon="139.72764984917947"><ele>1753</ele><time>2024-09-14T20:47:40Z</time></trkpt>
<trkpt lat="37.833100000080634" lon="139.72785793699148"><ele>1758</ele><time>2024-09-14T20:48:13Z</time></trkpt>
<trkpt lat="37.83301006286874" lon="139.7281165833533"><ele>1766</ele><time>2024-09-14T20:48:43Z</time></trkpt>
<trkpt lat="37.832873388477516" lon="139.7282591951347"><ele>1772</ele><time>2024-09-14T20:49:17Z</time></trkpt>
<trkpt lat="37.832722208695095" lon="139.72840455788744"><ele>1780</ele><time>2024-09-14T20:49:54Z</time></trkpt>
<trkpt lat="37.83251430378427" lon="139.72850730662896"><ele>1784</ele><time>2024-09-14T20:50:30Z</time></trkpt>
<trkpt lat="37.83225735280681" lon="139.72864155220756"><ele>1789</ele><time>2024-09-14T20:51:02Z</time></trkpt>
<trkpt lat="37.83205189422162" lon="139.72877684443824"><ele>1789</ele><time>2024-09-14T20:51:32Z</time></trkpt>
<trkpt lat="37.83182603924866" lon="139.728945399289"><ele>1790</ele><time>2024-09-14T20:51:57Z</time></trkpt>
<trkpt lat="37.83156587843942" lon="139.72906755567246"><ele>1790</ele><time>2024-09-14T20:52:24Z</time></trkpt>
<trkpt lat="37.83129657370657" lon="139.72912965528118"><ele>1789</ele><time>2024-09-14T20:53:02Z</time></trkpt>
<trkpt lat="37.8311459274791" lon="139.7293119342702"><ele>1791</ele><time>2024-09-14T20:53:35Z</time></trkpt>
<trkpt lat="37.83093938136262" lon="139.72948852528418"><ele>1788</ele><time>2024-09-14T20:54:38Z</time></trkpt>
<trkpt lat="37.83081273679413" lon="139.72970177761033"><ele>1788</ele><time>2024-09-14T20:55:09Z</time></trkpt>
<trkpt lat="37.83062587405766" lon="139.72994316307677"><ele>1784</ele><time>2024-09-14T20:55:39Z</time></trkpt>
<trkpt lat="37.83048255541142" lon="139.73018564101793"><ele>1787</ele><time>2024-09-14T20:56:08Z</time></trkpt>
<trkpt lat="37.830326226955954" lon="139.73047453073826"><ele>1783</ele><time>2024-09-14T20:56:40Z</time></trkpt>
<trkpt lat="37.830370079487" lon="139.7307562620015"><ele>1787</ele><time>2024-09-14T20:57:12Z</time></trkpt>
<trkpt lat="37.83052346962193" lon="139.73096911265947"><ele>1785</ele><time>2024-09-14T20:57:40Z</time></trkpt>
<trkpt lat="37.83067458443301" lon="139.73119074009054"><ele>1781</ele><time>2024-09-14T20:58:12Z</time></trkpt>
<trkpt lat="37.830668142054634" lon="139.73152953227174"><ele>1778</ele><time>2024-09-14T20:58:43Z</time></trkpt>
<trkpt lat="37.83064266669068" lon="139.73187754681888"><ele>1778</ele><time>2024-09-14T20:59:11Z</time></trkpt>
<trkpt lat="37.830731595311136" lon="139.73221420192777"><ele>1774</ele><time>2024-09-14T20:59:40Z</time></trkpt>
<trkpt lat="37.830718539473565" lon="139.73256914990452"><ele>1773</ele><time>2024-09-14T21:00:06Z</time></trkpt>
<trkpt lat="37.83054369795802" lon="139.73274092027268"><ele>1768</ele><time>2024-09-14T21:00:36Z</time></trkpt>
<trkpt lat="37.830394942458646" lon="139.73294457594662"><ele>1758</ele><time>2024-09-14T21:01:55Z</time></trkpt>
<trkpt lat="37.83032712670066" lon="139.73308872139148"><ele>1748</ele><time>2024-09-14T21:03:18Z</time></trkpt>
<trkpt lat="37.8303371072159" lon="139.7332490501446"><ele>1743</ele><time>2024-09-14T21:04:23Z</time></trkpt>
<trkpt lat="37.830212302077506" lon="139.73332770732003"><ele>1745</ele><time>2024-09-14T21:05:27Z</time></trkpt>
<trkpt lat="37.83006738441807" lon="139.7334132205748"><ele>1739</ele><time>2024-09-14T21:06:50Z</time></trkpt>
<trkpt lat="37.8299812475854" lon="139.73354347747335"><ele>1731</ele><time>2024-09-14T21:07:55Z</time></trkpt>
<trkpt lat="37.82978683501428" lon="139.73377912875387"><ele>1725</ele><time>2024-09-14T21:08:29Z</time></trkpt>
<trkpt lat="37.8296479285239" lon="139.734020658133"><ele>1725</ele><time>2024-09-14T21:08:55Z</time></trkpt>
<trkpt lat="37.82952004251334" lon="139.7340644019277"><ele>1718</ele><time>2024-09-14T21:09:32Z</time></trkpt>
<trkpt lat="37.829405692337474" lon="139.73416252219866"><ele>1710</ele><time>2024-09-14T21:10:25Z</time></trkpt>
<trkpt lat="37.829210089647155" lon="139.7343736456169"><ele>1703</ele><time>2024-09-14T21:11:06Z</time></trkpt>
<trkpt lat="37.82907912037638" lon="139.7345379901698"><ele>1703</ele><time>2024-09-14T21:11:50Z</time></trkpt>
<trkpt lat="37.82896984940782" lon="139.73468512981654"><ele>1699</ele><time>2024-09-14T21:13:03Z</time></trkpt>
<trkpt lat="37.82886943234832" lon="139.73481165325916"><ele>1694</ele><time>2024-09-14T21:13:57Z</time></trkpt>
<trkpt lat="37.8287664137588" lon="139.7349473184273"><ele>1694</ele><time>2024-09-14T21:14:25Z</time></trkpt>
<trkpt lat="37.828669394735236" lon="139.73519329567372"><ele>1702</ele><time>2024-09-14T21:15:16Z</time></trkpt>
<trkpt lat="37.8285051462751" lon="139.73541707038822"><ele>1700</ele><time>2024-09-14T21:16:01Z</time></trkpt>
<trkpt lat="37.82833771248784" lon="139.73556261319712"><ele>1693</ele><time>2024-09-14T21:16:28Z</time></trkpt>
<trkpt lat="37.82820427637181" lon="139.73574378243163"><ele>1703</ele><time>2024-09-14T21:17:03Z</time></trkpt>
<trkpt lat="37.82809407818975" lon="139.7359458241109"><ele>1701</ele><time>2024-09-14T21:17:30Z</time></trkpt>
<trkpt lat="37.82802400418762" lon="139.73620425427046"><ele>1706</ele><time>2024-09-14T21:18:13Z</time></trkpt>
<trkpt lat="37.82791527060298" lon="139.7363531222437"><ele>1707</ele><time>2024-09-14T21:18:51Z</time></trkpt>
<trkpt lat="37.82774973153496" lon="139.736427106193"><ele>1710</ele><time>2024-09-14T21:19:28Z</time></trkpt>
<trkpt lat="37.82754755776489" lon="139.73654539609595"><ele>1709</ele><time>2024-09-14T21:19:58Z</time></trkpt>
<trkpt lat="37.82737562635535" lon="139.7367361389995"><ele>1707</ele><time>2024-09-14T21:20:32Z</time></trkpt>
<trkpt lat="37.82723765591608" lon="139.7368084056606"><ele>1705</ele><time>2024-09-14T21:21:12Z</time></trkpt>
<trkpt lat="37.82709077540141" lon="139.73681354466171"><ele>1703</ele><time>2024-09-14T21:21:57Z</time></trkpt>
<trkpt lat="37.826858891802026" lon="139.73695065721594"><ele>1696</ele><time>2024-09-14T21:22:39Z</time></trkpt>
<trkpt lat="37.82669630161875" lon="139.73711019990506"><ele>1710</ele><time>2024-09-14T21:23:19Z</time></trkpt>
<trkpt lat="37.82653934438098" lon="139.7372971253826"><ele>1712</ele><time>2024-09-14T21:23:53Z</time></trkpt>
<trkpt lat="37.82636434382647" lon="139.7373047689644"><ele>1707</ele><time>2024-09-14T21:24:30Z</time></trkpt>
<trkpt lat="37.82623595653059" lon="139.73722668524113"><ele>1712</ele><time>2024-09-14T21:25:20Z</time></trkpt>
<trkpt lat="37.82616111253949" lon="139.73738555137976"><ele>1702</ele><time>2024-09-14T21:26:07Z</time></trkpt>
<trkpt lat="37.82604799316103" lon="139.73763838021713"><ele>1704</ele><time>2024-09-14T21:26:38Z</time></trkpt>
<trkpt lat="37.825867314056204" lon="139.737674769248"><ele>1695</ele><time>2024-09-14T21:27:21Z</time></trkpt>
<trkpt lat="37.82571452789604" lon="139.73777757917165"><ele>1695</ele><time>2024-09-14T21:27:51Z</time></trkpt>
<trkpt lat="37.82552188624367" lon="139.7378259642465"><ele>1695</ele><time>2024-09-14T21:29:06Z</time></trkpt>
<trkpt lat="37.82534093112785" lon="139.7379902380687"><ele>1690</ele><time>2024-09-14T21:29:32Z</time></trkpt>
<trkpt lat="37.82519629604775" lon="139.73823977675343"><ele>1695</ele><time>2024-09-14T21:30:02Z</time></trkpt>
<trkpt lat="37.82495596972993" lon="139.7383871690078"><ele>1690</ele><time>2024-09-14T21:30:46Z</time></trkpt>
<trkpt lat="37.82467027940214" lon="139.7384405806575"><ele>1684</ele><time>2024-09-14T21:31:20Z</time></trkpt>
<trkpt lat="37.824530376869305" lon="139.73851384350792"><ele>1682</ele><time>2024-09-14T21:31:51Z</time></trkpt>
<trkpt lat="37.82447749567506" lon="139.73839793711676"><ele>1672</ele><time>2024-09-14T21:32:33Z</time></trkpt>
<trkpt lat="37.824325060789995" lon="139.7384923389919"><ele>1668</ele><time>2024-09-14T21:33:16Z</time></trkpt>
<trkpt lat="37.82407034248001" lon="139.73850542475748"><ele>1667</ele><time>2024-09-14T21:33:47Z</time></trkpt>
<trkpt lat="37.823854788388836" lon="139.7385313542475"><ele>1662</ele><time>2024-09-14T21:34:24Z</time></trkpt>
<trkpt lat="37.82363369076181" lon="139.7385047056212"><ele>1658</ele><time>2024-09-14T21:34:53Z</time></trkpt>
<trkpt lat="37.82344300964516" lon="139.73835463728344"><ele>1661</ele><time>2024-09-14T21:35:23Z</time></trkpt>
<trkpt lat="37.823260730796726" lon="139.73827916336572"><ele>1664</ele><time>2024-09-14T21:36:03Z</time></trkpt>
<trkpt lat="37.82308134196927" lon="139.73842139242885"><ele>1662</ele><time>2024-09-14T21:36:38Z</time></trkpt>
<trkpt lat="37.82291652306547" lon="139.73852522112446"><ele>1653</ele><time>2024-09-14T21:39:12Z</time></trkpt>
<trkpt lat="37.82277973457721" lon="139.73867088634296"><ele>1643</ele><time>2024-09-14T21:40:00Z</time></trkpt>
<trkpt lat="37.822634115048636" lon="139.73886596253143"><ele>1636</ele><time>2024-09-14T21:40:43Z</time></trkpt>
<trkpt lat="37.8224532765619" lon="139.7390352956312"><ele>1637</ele><time>2024-09-14T21:41:32Z</time></trkpt>
<trkpt lat="37.82225819521527" lon="139.73924663628378"><ele>1636</ele><time>2024-09-14T21:42:06Z</time></trkpt>
<trkpt lat="37.82205952451182" lon="139.73929681163736"><ele>1633</ele><time>2024-09-14T21:42:37Z</time></trkpt>
<trkpt lat="37.82191805261883" lon="139.73938847020057"><ele>1626</ele><time>2024-09-14T21:43:11Z</time></trkpt>
<trkpt lat="37.821741780087294" lon="139.73963701282116"><ele>1623</ele><time>2024-09-14T21:43:43Z</time></trkpt>
<trkpt lat="37.82159912801012" lon="139.73989572674"><ele>1632</ele><time>2024-09-14T21:44:13Z</time></trkpt>
<trkpt lat="37.82147610926415" lon="139.74014387462492"><ele>1626</ele><time>2024-09-14T21:44:45Z</time></trkpt>
<trkpt lat="37.821265626609176" lon="139.74033497890898"><ele>1627</ele><time>2024-09-14T21:45:20Z</time></trkpt>
<trkpt lat="37.82116090627881" lon="139.74041511363166"><ele>1621</ele><time>2024-09-14T21:45:55Z</time></trkpt>
<trkpt lat="37.82098848860809" lon="139.74059212530182"><ele>1621</ele><time>2024-09-14T21:46:32Z</time></trkpt>
<trkpt lat="37.820764133636466" lon="139.7407347688378"><ele>1617</ele><time>2024-09-14T21:47:08Z</time></trkpt>
<trkpt lat="37.82058398126722" lon="139.7408435919002"><ele>1620</ele><time>2024-09-14T21:47:42Z</time></trkpt>
<trkpt lat="37.8205169519039" lon="139.74099616557177"><ele>1624</ele><time>2024-09-14T21:48:18Z</time></trkpt>
<trkpt lat="37.82046066028273" lon="139.7412149485033"><ele>1631</ele><time>2024-09-14T21:48:49Z</time></trkpt>
<trkpt lat="37.82032047537228" lon="139.7411928209518"><ele>1636</ele><time>2024-09-14T21:49:55Z</time></trkpt>
<trkpt lat="37.82017233989262" lon="139.741203470629"><ele>1645</ele><time>2024-09-14T21:51:22Z</time></trkpt>
<trkpt lat="37.82007011643396" lon="139.74118652405087"><ele>1648</ele><time>2024-09-14T21:54:12Z</time></trkpt>
<trkpt lat="37.82009485414871" lon="139.74105664498268"><ele>1639</ele><time>2024-09-14T22:02:34Z</time></trkpt>
<trkpt lat="37.8200998346352" lon="139.7412315452035"><ele>1643</ele><time>2024-09-14T22:08:31Z</time></trkpt>
<trkpt lat="37.82022982226705" lon="139.74144012799437"><ele>1641</ele><time>2024-09-14T22:10:29Z</time></trkpt>
<trkpt lat="37.82026098779132" lon="139.74166098529005"><ele>1630</ele><time>2024-09-14T22:11:02Z</time></trkpt>
<trkpt lat="37.82031444235833" lon="139.74181973793847"><ele>1628</ele><time>2024-09-14T22:11:34Z</time></trkpt>
<trkpt lat="37.82035034676079" lon="139.7420208187764"><ele>1617</ele><time>2024-09-14T22:12:32Z</time></trkpt>
<trkpt lat="37.820347650240954" lon="139.7421848715462"><ele>1612</ele><time>2024-09-14T22:13:24Z</time></trkpt>
<trkpt lat="37.82035826455417" lon="139.74234541038967"><ele>1608</ele><time>2024-09-14T22:14:17Z</time></trkpt>
<trkpt lat="37.82048949923784" lon="139.74257523142688"><ele>1606</ele><time>2024-09-14T22:15:13Z</time></trkpt>
<trkpt lat="37.82053584250534" lon="139.74274502611627"><ele>1599</ele><time>2024-09-14T22:16:18Z</time></trkpt>
<trkpt lat="37.82051045121578" lon="139.74293529527762"><ele>1597</ele><time>2024-09-14T22:17:00Z</time></trkpt>
<trkpt lat="37.820478987164925" lon="139.74312513427003"><ele>1586</ele><time>2024-09-14T22:17:42Z</time></trkpt>
<trkpt lat="37.820491372098076" lon="139.74326652534396"><ele>1574</ele><time>2024-09-14T22:19:03Z</time></trkpt>
<trkpt lat="37.82043635636634" lon="139.74342607518327"><ele>1571</ele><time>2024-09-14T22:19:47Z</time></trkpt>
<trkpt lat="37.820481348138166" lon="139.74362466639707"><ele>1569</ele><time>2024-09-14T22:20:21Z</time></trkpt>
<trkpt lat="37.820485126796456" lon="139.74377921275803"><ele>1568</ele><time>2024-09-14T22:20:57Z</time></trkpt>
<trkpt lat="37.82044029196167" lon="139.7439678445991"><ele>1568</ele><time>2024-09-14T22:21:33Z</time></trkpt>
<trkpt lat="37.82053225954415" lon="139.74421387245098"><ele>1570</ele><time>2024-09-14T22:22:06Z</time></trkpt>
<trkpt lat="37.820605661271024" lon="139.7443846188719"><ele>1561</ele><time>2024-09-14T22:23:15Z</time></trkpt>
<trkpt lat="37.82070284032477" lon="139.7445626765489"><ele>1556</ele><time>2024-09-14T22:23:59Z</time></trkpt>
<trkpt lat="37.82066955661029" lon="139.74473619121184"><ele>1545</ele><time>2024-09-14T22:25:33Z</time></trkpt>
<trkpt lat="37.82061829316772" lon="139.74495522017142"><ele>1544</ele><time>2024-09-14T22:26:28Z</time></trkpt>
<trkpt lat="37.8206589980536" lon="139.7451739120498"><ele>1540</ele><time>2024-09-14T22:27:13Z</time></trkpt>
<trkpt lat="37.82070393883983" lon="139.74531440161883"><ele>1536</ele><time>2024-09-14T22:28:00Z</time></trkpt>
<trkpt lat="37.82065292915693" lon="139.74547381267396"><ele>1532</ele><time>2024-09-14T22:28:46Z</time></trkpt>
<trkpt lat="37.82065848571631" lon="139.7457985319832"><ele>1524</ele><time>2024-09-14T22:29:25Z</time></trkpt>
<trkpt lat="37.820716806726246" lon="139.74599160352"><ele>1524</ele><time>2024-09-14T22:30:05Z</time></trkpt>
<trkpt lat="37.82069483286457" lon="139.7462032019526"><ele>1512</ele><time>2024-09-14T22:31:10Z</time></trkpt>
<trkpt lat="37.82064282301231" lon="139.7463502951347"><ele>1507</ele><time>2024-09-14T22:31:51Z</time></trkpt>
<trkpt lat="37.82072376166596" lon="139.74652097705126"><ele>1505</ele><time>2024-09-14T22:33:15Z</time></trkpt>
<trkpt lat="37.82065592256906" lon="139.74663730839293"><ele>1500</ele><time>2024-09-14T22:33:57Z</time></trkpt>
<trkpt lat="37.82062139447871" lon="139.74680178863443"><ele>1494</ele><time>2024-09-14T22:34:48Z</time></trkpt>
<trkpt lat="37.8206190829881" lon="139.74707205619507"><ele>1480</ele><time>2024-09-14T22:36:04Z</time></trkpt>
<trkpt lat="37.82069175051299" lon="139.74722918072612"><ele>1468</ele><time>2024-09-14T22:37:26Z</time></trkpt>
<trkpt lat="37.820649557134765" lon="139.7474803176628"><ele>1463</ele><time>2024-09-14T22:37:53Z</time></trkpt>
<trkpt lat="37.82068693054807" lon="139.7477031714034"><ele>1455</ele><time>2024-09-14T22:38:35Z</time></trkpt>
<trkpt lat="37.82064644249014" lon="139.74798991355078"><ele>1446</ele><time>2024-09-14T22:39:12Z</time></trkpt>
<trkpt lat="37.820693218022704" lon="139.74817101749582"><ele>1437</ele><time>2024-09-14T22:39:52Z</time></trkpt>
<trkpt lat="37.82075085229385" lon="139.7485398489621"><ele>1434</ele><time>2024-09-14T22:40:18Z</time></trkpt>
<trkpt lat="37.820831883654265" lon="139.74884660460552"><ele>1427</ele><time>2024-09-14T22:40:44Z</time></trkpt>
<trkpt lat="37.82089011228512" lon="139.7491955806884"><ele>1425</ele><time>2024-09-14T22:41:10Z</time></trkpt>
<trkpt lat="37.82102218798809" lon="139.74954901155806"><ele>1428</ele><time>2024-09-14T22:41:37Z</time></trkpt>
<trkpt lat="37.821143732578626" lon="139.74982862855134"><ele>1421</ele><time>2024-09-14T22:42:08Z</time></trkpt>
<trkpt lat="37.8212732520999" lon="139.75007283581573"><ele>1420</ele><time>2024-09-14T22:42:41Z</time></trkpt>
<trkpt lat="37.821300778818255" lon="139.75042064233742"><ele>1423</ele><time>2024-09-14T22:43:10Z</time></trkpt>
<trkpt lat="37.82137303923437" lon="139.7506117957965"><ele>1424</ele><time>2024-09-14T22:43:43Z</time></trkpt>
<trkpt lat="37.8214811443439" lon="139.7508311644055"><ele>1426</ele><time>2024-09-14T22:44:18Z</time></trkpt>
<trkpt lat="37.821485126575354" lon="139.75110962280985"><ele>1424</ele><time>2024-09-14T22:44:46Z</time></trkpt>
<trkpt lat="37.82150480903177" lon="139.75146024201428"><ele>1431</ele><time>2024-09-14T22:45:19Z</time></trkpt>
<trkpt lat="37.821503115032115" lon="139.75183425422796"><ele>1432</ele><time>2024-09-14T22:45:47Z</time></trkpt>
<trkpt lat="37.82149223983294" lon="139.75218667024586"><ele>1430</ele><time>2024-09-14T22:46:18Z</time></trkpt>
<trkpt lat="37.82142634866645" lon="139.75246877084726"><ele>1430</ele><time>2024-09-14T22:46:45Z</time></trkpt>
<trkpt lat="37.821479271697605" lon="139.75278942572143"><ele>1435</ele><time>2024-09-14T22:47:14Z</time></trkpt>
<trkpt lat="37.82149665910849" lon="139.75301885153402"><ele>1440</ele><time>2024-09-14T22:47:47Z</time></trkpt>
<trkpt lat="37.821539948822235" lon="139.75324641183045"><ele>1444</ele><time>2024-09-14T22:48:21Z</time></trkpt>
<trkpt lat="37.82135703299713" lon="139.7534344126597"><ele>1438</ele><time>2024-09-14T22:48:53Z</time></trkpt>
<trkpt lat="37.82120644848899" lon="139.7536978005913"><ele>1435</ele><time>2024-09-14T22:49:20Z</time></trkpt>
<trkpt lat="37.821036444274036" lon="139.75393743517427"><ele>1429</ele><time>2024-09-14T22:50:55Z</time></trkpt>
<trkpt lat="37.82083385947584" lon="139.75402945784236"><ele>1424</ele><time>2024-09-14T22:51:37Z</time></trkpt>
<trkpt lat="37.82067509275595" lon="139.7541370138132"><ele>1415</ele><time>2024-09-14T22:52:08Z</time></trkpt>
<trkpt lat="37.82049648652916" lon="139.7543143759042"><ele>1407</ele><time>2024-09-14T22:52:41Z</time></trkpt>
<trkpt lat="37.82033872845783" lon="139.75451625533103"><ele>1401</ele><time>2024-09-14T22:53:22Z</time></trkpt>
<trkpt lat="37.820099566462545" lon="139.75458369031202"><ele>1396</ele><time>2024-09-14T22:54:01Z</time></trkpt>
<trkpt lat="37.81992451096978" lon="139.75460614773078"><ele>1387</ele><time>2024-09-14T22:54:41Z</time></trkpt>
<trkpt lat="37.819782045137714" lon="139.75453819394681"><ele>1378</ele><time>2024-09-14T22:55:35Z</time></trkpt>
<trkpt lat="37.819682569293214" lon="139.7546968924559"><ele>1381</ele><time>2024-09-14T22:56:09Z</time></trkpt>
<trkpt lat="37.819765625919494" lon="139.7548016026131"><ele>1382</ele><time>2024-09-14T22:58:27Z</time></trkpt>
<trkpt lat="37.81964269418905" lon="139.75483327482647"><ele>1383</ele><time>2024-09-14T23:01:18Z</time></trkpt>
<trkpt lat="37.81948241721179" lon="139.75504905491218"><ele>1387</ele><time>2024-09-14T23:01:52Z</time></trkpt>
<trkpt lat="37.81930037484327" lon="139.7550920862882"><ele>1382</ele><time>2024-09-14T23:02:26Z</time></trkpt>
<trkpt lat="37.81911887930927" lon="139.75517707031128"><ele>1385</ele><time>2024-09-14T23:03:00Z</time></trkpt>
<trkpt lat="37.81889835603832" lon="139.7553758920726"><ele>1385</ele><time>2024-09-14T23:03:31Z</time></trkpt>
<trkpt lat="37.81876768672194" lon="139.75564636440916"><ele>1386</ele><time>2024-09-14T23:04:01Z</time></trkpt>
<trkpt lat="37.81863873558797" lon="139.75578894329573"><ele>1386</ele><time>2024-09-14T23:04:29Z</time></trkpt>
<trkpt lat="37.81847298174938" lon="139.75592182431856"><ele>1383</ele><time>2024-09-14T23:05:00Z</time></trkpt>
<trkpt lat="37.81837372637285" lon="139.75618305419036"><ele>1375</ele><time>2024-09-14T23:05:33Z</time></trkpt>
<trkpt lat="37.81822963256499" lon="139.75630518590174"><ele>1368</ele><time>2024-09-14T23:06:10Z</time></trkpt>
<trkpt lat="37.81809108712066" lon="139.75649097002923"><ele>1356</ele><time>2024-09-14T23:06:46Z</time></trkpt>
<trkpt lat="37.81795763065207" lon="139.756874529122"><ele>1345</ele><time>2024-09-14T23:07:20Z</time></trkpt>
<trkpt lat="37.817789371229125" lon="139.75711740757424"><ele>1346</ele><time>2024-09-14T23:07:50Z</time></trkpt>
<trkpt lat="37.81764517754669" lon="139.75742220101296"><ele>1347</ele><time>2024-09-14T23:08:17Z</time></trkpt>
<trkpt lat="37.81735084209298" lon="139.75752236291046"><ele>1344</ele><time>2024-09-14T23:08:46Z</time></trkpt>
<trkpt lat="37.817191804817654" lon="139.7578108790772"><ele>1344</ele><time>2024-09-14T23:09:14Z</time></trkpt>
<trkpt lat="37.817069959010354" lon="139.75814585424772"><ele>1330</ele><time>2024-09-14T23:09:47Z</time></trkpt>
<trkpt lat="37.816958851782125" lon="139.75840132694432"><ele>1333</ele><time>2024-09-14T23:10:21Z</time></trkpt>
<trkpt lat="37.81686523485105" lon="139.75872830194083"><ele>1336</ele><time>2024-09-14T23:10:51Z</time></trkpt>
<trkpt lat="37.816794985193795" lon="139.75905909232787"><ele>1331</ele><time>2024-09-14T23:11:25Z</time></trkpt>
<trkpt lat="37.81676971619936" lon="139.75942245657228"><ele>1328</ele><time>2024-09-14T23:11:57Z</time></trkpt>
<trkpt lat="37.81669268731616" lon="139.7597021288494"><ele>1328</ele><time>2024-09-14T23:12:25Z</time></trkpt>
<trkpt lat="37.81660145115303" lon="139.76001913835145"><ele>1334</ele><time>2024-09-14T23:12:52Z</time></trkpt>
<trkpt lat="37.816506983660986" lon="139.7603072233654"><ele>1336</ele><time>2024-09-14T23:13:19Z</time></trkpt>
<trkpt lat="37.81643035346602" lon="139.76052601061397"><ele>1329</ele><time>2024-09-14T23:13:53Z</time></trkpt>
<trkpt lat="37.81624055072552" lon="139.76078191301016"><ele>1325</ele><time>2024-09-14T23:14:23Z</time></trkpt>
<trkpt lat="37.81616306031266" lon="139.76112873397904"><ele>1322</ele><time>2024-09-14T23:14:49Z</time></trkpt>
<trkpt lat="37.81602140937917" lon="139.76146474135246"><ele>1326</ele><time>2024-09-14T23:15:18Z</time></trkpt>
<trkpt lat="37.81585037500314" lon="139.76167665464203"><ele>1319</ele><time>2024-09-14T23:15:51Z</time></trkpt>
<trkpt lat="37.81570100037353" lon="139.76182166253676"><ele>1318</ele><time>2024-09-14T23:16:27Z</time></trkpt>
<trkpt lat="37.81557589218235" lon="139.76186692006294"><ele>1304</ele><time>2024-09-14T23:17:11Z</time></trkpt>
<trkpt lat="37.81532929076542" lon="139.76195150471457"><ele>1305</ele><time>2024-09-14T23:17:42Z</time></trkpt>
<trkpt lat="37.81514750551866" lon="139.76206924229112"><ele>1298</ele><time>2024-09-14T23:18:20Z</time></trkpt>
<trkpt lat="37.81496531779982" lon="139.76216863316054"><ele>1290</ele><time>2024-09-14T23:18:51Z</time></trkpt>
<trkpt lat="37.81463625275981" lon="139.76219094457943"><ele>1285</ele><time>2024-09-14T23:19:32Z</time></trkpt>
<trkpt lat="37.81444707832668" lon="139.762200463737"><ele>1279</ele><time>2024-09-14T23:20:07Z</time></trkpt>
<trkpt lat="37.81428023720548" lon="139.76234221889925"><ele>1273</ele><time>2024-09-14T23:20:41Z</time></trkpt>
<trkpt lat="37.814122311173264" lon="139.76225033147912"><ele>1267</ele><time>2024-09-14T23:21:18Z</time></trkpt>
<trkpt lat="37.81398491874073" lon="139.76240170885322"><ele>1259</ele><time>2024-09-14T23:21:49Z</time></trkpt>
<trkpt lat="37.813850140011205" lon="139.7625504254902"><ele>1257</ele><time>2024-09-14T23:22:23Z</time></trkpt>
<trkpt lat="37.81371890075338" lon="139.76272046801273"><ele>1249</ele><time>2024-09-14T23:22:53Z</time></trkpt>
<trkpt lat="37.81352358512347" lon="139.76287704418667"><ele>1246</ele><time>2024-09-14T23:23:28Z</time></trkpt>
<trkpt lat="37.81334410365782" lon="139.76304970549492"><ele>1241</ele><time>2024-09-14T23:24:11Z</time></trkpt>
<trkpt lat="37.813131498110046" lon="139.7629915739606"><ele>1235</ele><time>2024-09-14T23:28:23Z</time></trkpt>
<trkpt lat="37.8129698970932" lon="139.76310755581437"><ele>1226</ele><time>2024-09-14T23:29:11Z</time></trkpt>
<trkpt lat="37.812807364959404" lon="139.76308966027594"><ele>1218</ele><time>2024-09-14T23:29:44Z</time></trkpt>
<trkpt lat="37.812679010564295" lon="139.7630870224479"><ele>1211</ele><time>2024-09-14T23:30:19Z</time></trkpt>
<trkpt lat="37.81254190997511" lon="139.7630841491409"><ele>1206</ele><time>2024-09-14T23:30:51Z</time></trkpt>
<trkpt lat="37.812357278324576" lon="139.76300925165117"><ele>1194</ele><time>2024-09-14T23:31:36Z</time></trkpt>
<trkpt lat="37.81211986987515" lon="139.7629038243446"><ele>1187</ele><time>2024-09-14T23:32:11Z</time></trkpt>
<trkpt lat="37.81192951639424" lon="139.7629404430149"><ele>1181</ele><time>2024-09-14T23:32:44Z</time></trkpt>
<trkpt lat="37.81172671570169" lon="139.7629240584398"><ele>1171</ele><time>2024-09-14T23:33:18Z</time></trkpt>
<trkpt lat="37.811615490190164" lon="139.76290363937085"><ele>1159</ele><time>2024-09-14T23:33:58Z</time></trkpt>
<trkpt lat="37.811378047260455" lon="139.76281531975826"><ele>1154</ele><time>2024-09-14T23:34:36Z</time></trkpt>
<trkpt lat="37.81119689307196" lon="139.76280406932267"><ele>1155</ele><time>2024-09-14T23:35:02Z</time></trkpt>
<trkpt lat="37.811094954784956" lon="139.76283212559724"><ele>1151</ele><time>2024-09-14T23:35:45Z</time></trkpt>
<trkpt lat="37.81091786984114" lon="139.76278848926466"><ele>1141</ele><time>2024-09-14T23:36:31Z</time></trkpt>
<trkpt lat="37.810751606196035" lon="139.76287590633572"><ele>1136</ele><time>2024-09-14T23:37:06Z</time></trkpt>
<trkpt lat="37.81066505281232" lon="139.76298639207604"><ele>1124</ele><time>2024-09-14T23:37:53Z</time></trkpt>
<trkpt lat="37.810503964502246" lon="139.76300776025565"><ele>1120</ele><time>2024-09-14T23:38:35Z</time></trkpt>
<trkpt lat="37.81036527356781" lon="139.76304592562164"><ele>1114</ele><time>2024-09-14T23:39:11Z</time></trkpt>
<trkpt lat="37.8101523253583" lon="139.76324631100223"><ele>1100</ele><time>2024-09-14T23:39:56Z</time></trkpt>
<trkpt lat="37.80990968552105" lon="139.76328193396404"><ele>1095</ele><time>2024-09-14T23:40:24Z</time></trkpt>
<trkpt lat="37.80969833265306" lon="139.7632324325231"><ele>1086</ele><time>2024-09-14T23:41:00Z</time></trkpt>
<trkpt lat="37.80952286591157" lon="139.76315317082486"><ele>1079</ele><time>2024-09-14T23:41:43Z</time></trkpt>
<trkpt lat="37.80931987391039" lon="139.763177913446"><ele>1073</ele><time>2024-09-14T23:42:16Z</time></trkpt>
<trkpt lat="37.809219448054584" lon="139.76312571723054"><ele>1069</ele><time>2024-09-14T23:44:59Z</time></trkpt>
<trkpt lat="37.80903937612658" lon="139.76317537967128"><ele>1066</ele><time>2024-09-14T23:46:43Z</time></trkpt>
<trkpt lat="37.80895638288496" lon="139.763249938975"><ele>1060</ele><time>2024-09-14T23:47:55Z</time></trkpt>
<trkpt lat="37.80877857147499" lon="139.7633129410518"><ele>1052</ele><time>2024-09-14T23:48:44Z</time></trkpt>
<trkpt lat="37.80868067341532" lon="139.76324466755602"><ele>1044</ele><time>2024-09-14T23:49:23Z</time></trkpt>
<trkpt lat="37.80852532351687" lon="139.76328248114507"><ele>1040</ele><time>2024-09-14T23:49:51Z</time></trkpt>
<trkpt lat="37.80830558351347" lon="139.7633296479263"><ele>1034</ele><time>2024-09-14T23:50:27Z</time></trkpt>
<trkpt lat="37.808080435625556" lon="139.76331915182402"><ele>1029</ele><time>2024-09-14T23:50:59Z</time></trkpt>
<trkpt lat="37.807939066766465" lon="139.76324621153333"><ele>1023</ele><time>2024-09-14T23:51:28Z</time></trkpt>
<trkpt lat="37.8076993261724" lon="139.76307529333033"><ele>1015</ele><time>2024-09-14T23:52:06Z</time></trkpt>
<trkpt lat="37.807473617174146" lon="139.76317172614375"><ele>1005</ele><time>2024-09-14T23:52:44Z</time></trkpt>
<trkpt lat="37.8072122749731" lon="139.7631289226666"><ele>1002</ele><time>2024-09-14T23:53:11Z</time></trkpt>
<trkpt lat="37.80696124717415" lon="139.76315354479306"><ele>991</ele><time>2024-09-14T23:53:41Z</time></trkpt>
<trkpt lat="37.806739769268255" lon="139.7631219976865"><ele>986</ele><time>2024-09-14T23:54:14Z</time></trkpt>
<trkpt lat="37.806581939148" lon="139.76310170049052"><ele>978</ele><time>2024-09-14T23:54:58Z</time></trkpt>
<trkpt lat="37.80643205656901" lon="139.7632640232561"><ele>975</ele><time>2024-09-14T23:55:40Z</time></trkpt>
<trkpt lat="37.80624214263489" lon="139.76328143899917"><ele>965</ele><time>2024-09-14T23:56:33Z</time></trkpt>
<trkpt lat="37.80610561261316" lon="139.76317354240462"><ele>959</ele><time>2024-09-14T23:57:03Z</time></trkpt>
<trkpt lat="37.80590927702096" lon="139.76316346980735"><ele>953</ele><time>2024-09-14T23:57:45Z</time></trkpt>
<trkpt lat="37.805753878060365" lon="139.76305672701795"><ele>944</ele><time>2024-09-14T23:58:24Z</time></trkpt>
<trkpt lat="37.805684857526415" lon="139.7631318289563"><ele>944</ele><time>2024-09-14T23:59:40Z</time></trkpt>
<trkpt lat="37.805582560945965" lon="139.7632161911206"><ele>937</ele><time>2024-09-15T00:00:32Z</time></trkpt>
<trkpt lat="37.805479538060204" lon="139.7630933395877"><ele>930</ele><time>2024-09-15T00:01:00Z</time></trkpt>
<trkpt lat="37.805456727396106" lon="139.76291316301706"><ele>930</ele><time>2024-09-15T00:01:40Z</time></trkpt>
<trkpt lat="37.80527777806722" lon="139.76279084883237"><ele>921</ele><time>2024-09-15T00:02:12Z</time></trkpt>
<trkpt lat="37.805037514034694" lon="139.76278252397105"><ele>914</ele><time>2024-09-15T00:02:38Z</time></trkpt>
<trkpt lat="37.80490306271727" lon="139.76267866307285"><ele>908</ele><time>2024-09-15T00:03:13Z</time></trkpt>
<trkpt lat="37.804752936061824" lon="139.76275436260104"><ele>897</ele><time>2024-09-15T00:03:46Z</time></trkpt>
<trkpt lat="37.804571072785286" lon="139.76273428776437"><ele>888</ele><time>2024-09-15T00:04:20Z</time></trkpt>
<trkpt lat="37.804379362281644" lon="139.7627266586198"><ele>882</ele><time>2024-09-15T00:04:47Z</time></trkpt>
<trkpt lat="37.804210734754726" lon="139.76268655878638"><ele>872</ele><time>2024-09-15T00:05:28Z</time></trkpt>
<trkpt lat="37.80404228150894" lon="139.7626935523654"><ele>865</ele><time>2024-09-15T00:06:01Z</time></trkpt>
<trkpt lat="37.80389231023441" lon="139.76276958128776"><ele>858</ele><time>2024-09-15T00:06:46Z</time></trkpt>
<trkpt lat="37.80370915909198" lon="139.76270521167467"><ele>852</ele><time>2024-09-15T00:07:31Z</time></trkpt>
<trkpt lat="37.8035330466111" lon="139.76265588216725"><ele>846</ele><time>2024-09-15T00:08:09Z</time></trkpt>
<trkpt lat="37.80334002499014" lon="139.76273699687883"><ele>838</ele><time>2024-09-15T00:08:40Z</time></trkpt>
<trkpt lat="37.80303204755033" lon="139.76284892185276"><ele>837</ele><time>2024-09-15T00:09:06Z</time></trkpt>
<trkpt lat="37.80277485656735" lon="139.76285568642118"><ele>832</ele><time>2024-09-15T00:09:33Z</time></trkpt>
<trkpt lat="37.80247596173663" lon="139.76293258298764"><ele>828</ele><time>2024-09-15T00:10:02Z</time></trkpt>
<trkpt lat="37.8022717546061" lon="139.76292025408625"><ele>824</ele><time>2024-09-15T00:18:30Z</time></trkpt>
<trkpt lat="37.80210108837826" lon="139.76297679972143"><ele>820</ele><time>2024-09-15T00:19:04Z</time></trkpt>
<trkpt lat="37.802030372063314" lon="139.76317570992674"><ele>813</ele><time>2024-09-15T00:19:41Z</time></trkpt>
<trkpt lat="37.80194669041013" lon="139.7632398344372"><ele>805</ele><time>2024-09-15T00:20:13Z</time></trkpt>
<trkpt lat="37.80185027827383" lon="139.76342042250027"><ele>797</ele><time>2024-09-15T00:21:02Z</time></trkpt>
<trkpt lat="37.801770517620824" lon="139.76355513571673"><ele>787</ele><time>2024-09-15T00:21:39Z</time></trkpt>
<trkpt lat="37.80158938314436" lon="139.76353808204362"><ele>781</ele><time>2024-09-15T00:22:18Z</time></trkpt>
<trkpt lat="37.801431354069386" lon="139.76367982203078"><ele>767</ele><time>2024-09-15T00:22:59Z</time></trkpt>
<trkpt lat="37.80125182870508" lon="139.76375098047228"><ele>758</ele><time>2024-09-15T00:23:47Z</time></trkpt>
<trkpt lat="37.801157880634435" lon="139.76393948331634"><ele>750</ele><time>2024-09-15T00:24:17Z</time></trkpt>
<trkpt lat="37.80111115383987" lon="139.7641244964643"><ele>741</ele><time>2024-09-15T00:24:47Z</time></trkpt>
<trkpt lat="37.80075080856215" lon="139.76406292208912"><ele>738</ele><time>2024-09-15T00:25:17Z</time></trkpt>
<trkpt lat="37.80057072934888" lon="139.76422748005763"><ele>729</ele><time>2024-09-15T00:25:56Z</time></trkpt>
<trkpt lat="37.8003927205729" lon="139.76431649480065"><ele>718</ele><time>2024-09-15T00:26:26Z</time></trkpt>
<trkpt lat="37.80020784267142" lon="139.7643306815306"><ele>714</ele><time>2024-09-15T00:27:02Z</time></trkpt>
<trkpt lat="37.79998901343019" lon="139.7645949101223"><ele>708</ele><time>2024-09-15T00:27:30Z</time></trkpt>
<trkpt lat="37.79979568054329" lon="139.76477481436868"><ele>699</ele><time>2024-09-15T00:28:01Z</time></trkpt>
<trkpt lat="37.79959483474917" lon="139.7649313861081"><ele>693</ele><time>2024-09-15T00:28:33Z</time></trkpt>
<trkpt lat="37.79947131942054" lon="139.76520142608265"><ele>682</ele><time>2024-09-15T00:29:21Z</time></trkpt>
<trkpt lat="37.7992560371637" lon="139.76523086656374"><ele>674</ele><time>2024-09-15T00:29:56Z</time></trkpt>
<trkpt lat="37.79908338591058" lon="139.7652580893595"><ele>666</ele><time>2024-09-15T00:30:37Z</time></trkpt>
<trkpt lat="37.79886491579544" lon="139.76537243652953"><ele>656</ele><time>2024-09-15T00:31:13Z</time></trkpt>
<trkpt lat="37.79871100604313" lon="139.76547728902347"><ele>647</ele><time>2024-09-15T00:31:41Z</time></trkpt>
<trkpt lat="37.798577547434114" lon="139.7655299005771"><ele>638</ele><time>2024-09-15T00:32:29Z</time></trkpt>
<trkpt lat="37.79847324645088" lon="139.76530931115846"><ele>636</ele><time>2024-09-15T00:33:14Z</time></trkpt>
<trkpt lat="37.7982601638622" lon="139.76509985586213"><ele>630</ele><time>2024-09-15T00:33:44Z</time></trkpt>
<trkpt lat="37.79810484022263" lon="139.76548750759056"><ele>623</ele><time>2024-09-15T00:34:11Z</time></trkpt>
<trkpt lat="37.798046769586236" lon="139.76572530368972"><ele>617</ele><time>2024-09-15T00:34:37Z</time></trkpt>
<trkpt lat="37.79781088530859" lon="139.76586366976935"><ele>613</ele><time>2024-09-15T00:35:07Z</time></trkpt>
<trkpt lat="37.79753222787326" lon="139.7659659755743"><ele>606</ele><time>2024-09-15T00:35:36Z</time></trkpt>
<trkpt lat="37.797373856394245" lon="139.76605182701354"><ele>594</ele><time>2024-09-15T00:36:22Z</time></trkpt>
<trkpt lat="37.797194215464295" lon="139.76638481540843"><ele>589</ele><time>2024-09-15T00:36:53Z</time></trkpt>
<trkpt lat="37.797099834147595" lon="139.76670167241497"><ele>586</ele><time>2024-09-15T00:39:29Z</time></trkpt>
<trkpt lat="37.79708791028852" lon="139.76690742877625"><ele>587</ele><time>2024-09-15T00:39:53Z</time></trkpt>
<trkpt lat="37.79711852561919" lon="139.76742042429876"><ele>588</ele><time>2024-09-15T00:40:16Z</time></trkpt>
<trkpt lat="37.797251965616915" lon="139.76777337056438"><ele>588</ele><time>2024-09-15T00:40:45Z</time></trkpt>
<trkpt lat="37.79721873470994" lon="139.76807688281485"><ele>585</ele><time>2024-09-15T00:41:09Z</time></trkpt>
<trkpt lat="37.79714239786302" lon="139.76841563339536"><ele>588</ele><time>2024-09-15T00:41:34Z</time></trkpt>
<trkpt lat="37.79709065767672" lon="139.76879315944382"><ele>587</ele><time>2024-09-15T00:41:57Z</time></trkpt>
<trkpt lat="37.796942217922044" lon="139.76925389581245"><ele>583</ele><time>2024-09-15T00:42:28Z</time></trkpt>
<trkpt lat="37.79679066182918" lon="139.76962139982805"><ele>577</ele><time>2024-09-15T00:42:54Z</time></trkpt>
<trkpt lat="37.79674542437781" lon="139.77000300748355"><ele>572</ele><time>2024-09-15T00:43:21Z</time></trkpt>
<trkpt lat="37.7964996520655" lon="139.77034103651525"><ele>569</ele><time>2024-09-15T00:43:50Z</time></trkpt>
<trkpt lat="37.79627809319735" lon="139.770617141807"><ele>567</ele><time>2024-09-15T00:44:18Z</time></trkpt>
<trkpt lat="37.79604331988275" lon="139.77089294509562"><ele>565</ele><time>2024-09-15T00:44:44Z</time></trkpt>
<trkpt lat="37.79589580370066" lon="139.77130318457787"><ele>560</ele><time>2024-09-15T00:45:11Z</time></trkpt>
<trkpt lat="37.79578678650141" lon="139.77166144012529"><ele>557</ele><time>2024-09-15T00:45:37Z</time></trkpt>
<trkpt lat="37.795548955953166" lon="139.7718256793822"><ele>550</ele><time>2024-09-15T00:46:04Z</time></trkpt>
<trkpt lat="37.79562815570018" lon="139.7718932059809"><ele>549</ele><time>2024-09-15T00:47:55Z</time></trkpt>
<trkpt lat="37.795544723523754" lon="139.77201519755275"><ele>543</ele><time>2024-09-15T00:49:20Z</time></trkpt>
</trkseg>
</trk>
</gpx>