<?xml version="1.0" encoding="UTF-8"?>
<gpx xmlns:xsi="http://www.w3.org/2001/XMLSchema-instance" xmlns="http://www.topografix.com/GPX/1/1" xsi:schemaLocation="http://www.topografix.com/GPX/1/1 http://www.topografix.com/GPX/1/1/gpx.xsd" creator="Yamareco iOS 7.28 - www.yamareco.com">
<trk><name>track</name><number>1</number><trkseg>
<trkpt lat="36.76982626678205" lon="137.8269512757495"><ele>1719</ele><time>2025-04-26T00:05:17Z</time></trkpt>
<trkpt lat="36.7735584173694" lon="137.8213867453279"><ele>1827</ele><time>2025-04-26T00:07:02Z</time></trkpt>
<trkpt lat="36.77365037897032" lon="137.82158559133006"><ele>1827</ele><time>2025-04-26T00:08:20Z</time></trkpt>
<trkpt lat="36.77383350905557" lon="137.82169750786724"><ele>1829</ele><time>2025-04-26T00:09:18Z</time></trkpt>
<trkpt lat="36.77384067174184" lon="137.82142080253698"><ele>1829</ele><time>2025-04-26T00:10:09Z</time></trkpt>
<trkpt lat="36.77378041384871" lon="137.82108940556057"><ele>1828</ele><time>2025-04-26T00:10:42Z</time></trkpt>
<trkpt lat="36.773811609120706" lon="137.82076885728085"><ele>1831</ele><time>2025-04-26T00:11:09Z</time></trkpt>
<trkpt lat="36.77381117682123" lon="137.82046087473864"><ele>1835</ele><time>2025-04-26T00:11:42Z</time></trkpt>
<trkpt lat="36.77384809557501" lon="137.82013655988172"><ele>1838</ele><time>2025-04-26T00:12:13Z</time></trkpt>
<trkpt lat="36.773885778428884" lon="137.81989261426256"><ele>1840</ele><time>2025-04-26T00:12:47Z</time></trkpt>
<trkpt lat="36.77393276067853" lon="137.81956009633186"><ele>1844</ele><time>2025-04-26T00:13:16Z</time></trkpt>
<trkpt lat="36.77413782830545" lon="137.81937697211885"><ele>1844</ele><time>2025-04-26T00:13:47Z</time></trkpt>
<trkpt lat="36.77425746708358" lon="137.819126073847"><ele>1847</ele><time>2025-04-26T00:14:15Z</time></trkpt>
<trkpt lat="36.77436559709619" lon="137.81881501658677"><ele>1845</ele><time>2025-04-26T00:14:47Z</time></trkpt>
<trkpt lat="36.77441005944225" lon="137.8185089133636"><ele>1845</ele><time>2025-04-26T00:15:16Z</time></trkpt>
<trkpt lat="36.774331525768176" lon="137.81824297485906"><ele>1855</ele><time>2025-04-26T00:15:54Z</time></trkpt>
<trkpt lat="36.774164082170685" lon="137.81802238062124"><ele>1856</ele><time>2025-04-26T00:16:23Z</time></trkpt>
<trkpt lat="36.774140947663845" lon="137.81778904940631"><ele>1858</ele><time>2025-04-26T00:16:57Z</time></trkpt>
<trkpt lat="36.77404683064053" lon="137.81744420662034"><ele>1858</ele><time>2025-04-26T00:17:35Z</time></trkpt>
<trkpt lat="36.77398883758784" lon="137.81713386935164"><ele>1859</ele><time>2025-04-26T00:18:03Z</time></trkpt>
<trkpt lat="36.77393049462067" lon="137.81696223223943"><ele>1858</ele><time>2025-04-26T00:19:57Z</time></trkpt>
<trkpt lat="36.77381844754212" lon="137.81665442046352"><ele>1857</ele><time>2025-04-26T00:20:25Z</time></trkpt>
<trkpt lat="36.773776579213596" lon="137.81631766694554"><ele>1858</ele><time>2025-04-26T00:20:51Z</time></trkpt>
<trkpt lat="36.773726932598485" lon="137.81595888500865"><ele>1859</ele><time>2025-04-26T00:21:20Z</time></trkpt>
<trkpt lat="36.77365740809084" lon="137.8156645719909"><ele>1859</ele><time>2025-04-26T00:21:46Z</time></trkpt>
<trkpt lat="36.77364471478639" lon="137.81534306344435"><ele>1855</ele><time>2025-04-26T00:22:15Z</time></trkpt>
<trkpt lat="36.773621328316516" lon="137.81503145391306"><ele>1863</ele><time>2025-04-26T00:22:47Z</time></trkpt>
<trkpt lat="36.77354114982307" lon="137.8147030783899"><ele>1863</ele><time>2025-04-26T00:23:19Z</time></trkpt>
<trkpt lat="36.77339044488888" lon="137.81443738904875"><ele>1867</ele><time>2025-04-26T00:23:45Z</time></trkpt>
<trkpt lat="36.773220652908236" lon="137.8140765598665"><ele>1865</ele><time>2025-04-26T00:24:13Z</time></trkpt>
<trkpt lat="36.773047016642195" lon="137.81377983726227"><ele>1865</ele><time>2025-04-26T00:24:40Z</time></trkpt>
<trkpt lat="36.772854238347286" lon="137.8134998512699"><ele>1863</ele><time>2025-04-26T00:25:08Z</time></trkpt>
<trkpt lat="36.77267023947675" lon="137.8132080635571"><ele>1866</ele><time>2025-04-26T00:25:35Z</time></trkpt>
<trkpt lat="36.772505968062724" lon="137.8128476087465"><ele>1866</ele><time>2025-04-26T00:26:05Z</time></trkpt>
<trkpt lat="36.772362797670375" lon="137.8125574102814"><ele>1858</ele><time>2025-04-26T00:26:34Z</time></trkpt>
<trkpt lat="36.77224981983938" lon="137.81217709594546"><ele>1861</ele><time>2025-04-26T00:27:01Z</time></trkpt>
<trkpt lat="36.77216119851075" lon="137.81181716042528"><ele>1859</ele><time>2025-04-26T00:27:27Z</time></trkpt>
<trkpt lat="36.77209859251535" lon="137.8114381371493"><ele>1860</ele><time>2025-04-26T00:27:56Z</time></trkpt>
<trkpt lat="36.77204774858347" lon="137.81107936829247"><ele>1858</ele><time>2025-04-26T00:28:22Z</time></trkpt>
<trkpt lat="36.77204448593782" lon="137.81075989205675"><ele>1860</ele><time>2025-04-26T00:28:50Z</time></trkpt>
<trkpt lat="36.77204827529999" lon="137.8103715431244"><ele>1857</ele><time>2025-04-26T00:29:20Z</time></trkpt>
<trkpt lat="36.77204889858152" lon="137.80998425750005"><ele>1857</ele><time>2025-04-26T00:29:50Z</time></trkpt>
<trkpt lat="36.77202940116763" lon="137.80966216629045"><ele>1861</ele><time>2025-04-26T00:30:19Z</time></trkpt>
<trkpt lat="36.77192869131052" lon="137.8093277991454"><ele>1864</ele><time>2025-04-26T00:30:52Z</time></trkpt>
<trkpt lat="36.771831466739116" lon="137.80903798435943"><ele>1861</ele><time>2025-04-26T00:31:26Z</time></trkpt>
<trkpt lat="36.771703684973026" lon="137.80875440147486"><ele>1870</ele><time>2025-04-26T00:31:58Z</time></trkpt>
<trkpt lat="36.77165557658442" lon="137.80848039056602"><ele>1869</ele><time>2025-04-26T00:32:27Z</time></trkpt>
<trkpt lat="36.77163007945495" lon="137.80817927493018"><ele>1874</ele><time>2025-04-26T00:32:56Z</time></trkpt>
<trkpt lat="36.77158386345709" lon="137.80788844980782"><ele>1878</ele><time>2025-04-26T00:33:28Z</time></trkpt>
<trkpt lat="36.77155176848629" lon="137.80763443267006"><ele>1879</ele><time>2025-04-26T00:34:00Z</time></trkpt>
<trkpt lat="36.77150062901741" lon="137.80738908965995"><ele>1884</ele><time>2025-04-26T00:34:31Z</time></trkpt>
<trkpt lat="36.77148210477335" lon="137.80712911669718"><ele>1883</ele><time>2025-04-26T00:35:01Z</time></trkpt>
<trkpt lat="36.77151177540987" lon="137.80683110321252"><ele>1892</ele><time>2025-04-26T00:35:31Z</time></trkpt>
<trkpt lat="36.771507959193904" lon="137.80651510921908"><ele>1891</ele><time>2025-04-26T00:36:03Z</time></trkpt>
<trkpt lat="36.77149365021602" lon="137.8062488307857"><ele>1904</ele><time>2025-04-26T00:36:37Z</time></trkpt>
<trkpt lat="36.7714888993855" lon="137.80593700768287"><ele>1900</ele><time>2025-04-26T00:37:23Z</time></trkpt>
<trkpt lat="36.77146346501778" lon="137.80568585105098"><ele>1907</ele><time>2025-04-26T00:37:53Z</time></trkpt>
<trkpt lat="36.77142557219371" lon="137.80535486235686"><ele>1907</ele><time>2025-04-26T00:38:29Z</time></trkpt>
<trkpt lat="36.7714110911157" lon="137.80507414187161"><ele>1916</ele><time>2025-04-26T00:39:00Z</time></trkpt>
<trkpt lat="36.77134746056915" lon="137.8047942645998"><ele>1920</ele><time>2025-04-26T00:39:33Z</time></trkpt>
<trkpt lat="36.77133696303226" lon="137.80449262345005"><ele>1926</ele><time>2025-04-26T00:40:08Z</time></trkpt>
<trkpt lat="36.77137452539682" lon="137.80423368164455"><ele>1935</ele><time>2025-04-26T00:40:40Z</time></trkpt>
<trkpt lat="36.77141100670591" lon="137.80397343806627"><ele>1934</ele><time>2025-04-26T00:41:10Z</time></trkpt>
<trkpt lat="36.771464203709705" lon="137.8037287462946"><ele>1937</ele><time>2025-04-26T00:41:44Z</time></trkpt>
<trkpt lat="36.77151613113746" lon="137.80348666474458"><ele>1949</ele><time>2025-04-26T00:42:13Z</time></trkpt>
<trkpt lat="36.77153052135811" lon="137.80319054654822"><ele>1954</ele><time>2025-04-26T00:42:48Z</time></trkpt>
<trkpt lat="36.77158599582966" lon="137.8029596322407"><ele>1958</ele><time>2025-04-26T00:43:24Z</time></trkpt>
<trkpt lat="36.77161260755391" lon="137.80276170683499"><ele>1963</ele><time>2025-04-26T00:43:59Z</time></trkpt>
<trkpt lat="36.77168179260624" lon="137.80251923725578"><ele>1968</ele><time>2025-04-26T00:44:34Z</time></trkpt>
<trkpt lat="36.771745884588995" lon="137.8022665299593"><ele>1973</ele><time>2025-04-26T00:45:13Z</time></trkpt>
<trkpt lat="36.77173116657511" lon="137.80203700709637"><ele>1979</ele><time>2025-04-26T00:45:51Z</time></trkpt>
<trkpt lat="36.77171320875143" lon="137.80181421480472"><ele>1982</ele><time>2025-04-26T00:46:26Z</time></trkpt>
<trkpt lat="36.77167809159524" lon="137.80161925562285"><ele>1988</ele><time>2025-04-26T00:47:26Z</time></trkpt>
<trkpt lat="36.7716381591865" lon="137.80141231242345"><ele>1994</ele><time>2025-04-26T00:48:09Z</time></trkpt>
<trkpt lat="36.77159006213376" lon="137.80124217875925"><ele>1999</ele><time>2025-04-26T00:49:03Z</time></trkpt>
<trkpt lat="36.77156327384498" lon="137.80106984480048"><ele>2005</ele><time>2025-04-26T00:49:54Z</time></trkpt>
<trkpt lat="36.77153031039846" lon="137.80090268837637"><ele>2012</ele><time>2025-04-26T00:50:37Z</time></trkpt>
<trkpt lat="36.77149005463466" lon="137.8007220715"><ele>2019</ele><time>2025-04-26T00:51:36Z</time></trkpt>
<trkpt lat="36.77148250176024" lon="137.80053878054534"><ele>2025</ele><time>2025-04-26T00:52:31Z</time></trkpt>
<trkpt lat="36.77151519661303" lon="137.80037234828146"><ele>2032</ele><time>2025-04-26T00:53:41Z</time></trkpt>
<trkpt lat="36.77162313027534" lon="137.80027691896544"><ele>2038</ele><time>2025-04-26T00:54:53Z</time></trkpt>
<trkpt lat="36.77173910699747" lon="137.80009418877344"><ele>2044</ele><time>2025-04-26T00:55:51Z</time></trkpt>
<trkpt lat="36.77188384009365" lon="137.79997518698326"><ele>2049</ele><time>2025-04-26T00:56:38Z</time></trkpt>
<trkpt lat="36.77205578032584" lon="137.7999094812383"><ele>2056</ele><time>2025-04-26T00:57:14Z</time></trkpt>
<trkpt lat="36.7721480600665" lon="137.7998466878407"><ele>2060</ele><time>2025-04-26T00:58:00Z</time></trkpt>
<trkpt lat="36.77218665687511" lon="137.79970733168403"><ele>2066</ele><time>2025-04-26T00:58:39Z</time></trkpt>
<trkpt lat="36.772044658702235" lon="137.79956385233314"><ele>2073</ele><time>2025-04-26T00:59:20Z</time></trkpt>
<trkpt lat="36.77196150379135" lon="137.79937982166132"><ele>2077</ele><time>2025-04-26T00:59:59Z</time></trkpt>
<trkpt lat="36.77207186985452" lon="137.79922697943437"><ele>2080</ele><time>2025-04-26T01:00:36Z</time></trkpt>
<trkpt lat="36.77217048492603" lon="137.79904243330836"><ele>2088</ele><time>2025-04-26T01:01:13Z</time></trkpt>
<trkpt lat="36.772269137306395" lon="137.798898714049"><ele>2093</ele><time>2025-04-26T01:01:49Z</time></trkpt>
<trkpt lat="36.77235609023448" lon="137.79864644268716"><ele>2097</ele><time>2025-04-26T01:02:40Z</time></trkpt>
<trkpt lat="36.77231657490059" lon="137.79844876442885"><ele>2105</ele><time>2025-04-26T01:03:18Z</time></trkpt>
<trkpt lat="36.77226841178998" lon="137.79823826535804"><ele>2109</ele><time>2025-04-26T01:04:19Z</time></trkpt>
<trkpt lat="36.77223424733338" lon="137.79812961489137"><ele>2115</ele><time>2025-04-26T01:04:59Z</time></trkpt>
<trkpt lat="36.772386694793525" lon="137.7980249329131"><ele>2120</ele><time>2025-04-26T01:05:40Z</time></trkpt>
<trkpt lat="36.77244675234306" lon="137.79781260308087"><ele>2128</ele><time>2025-04-26T01:06:23Z</time></trkpt>
<trkpt lat="36.7725832988483" lon="137.79760514421184"><ele>2133</ele><time>2025-04-26T01:07:10Z</time></trkpt>
<trkpt lat="36.772651208450405" lon="137.7973884200189"><ele>2135</ele><time>2025-04-26T01:09:17Z</time></trkpt>
<trkpt lat="36.77268259680194" lon="137.79714644532086"><ele>2143</ele><time>2025-04-26T01:09:56Z</time></trkpt>
<trkpt lat="36.77265275813241" lon="137.79699307276235"><ele>2149</ele><time>2025-04-26T01:10:35Z</time></trkpt>
<trkpt lat="36.772812921484174" lon="137.7969775325466"><ele>2151</ele><time>2025-04-26T01:11:08Z</time></trkpt>
<trkpt lat="36.7729665948936" lon="137.79694765334412"><ele>2160</ele><time>2025-04-26T01:12:04Z</time></trkpt>
<trkpt lat="36.77315283376886" lon="137.79690187691432"><ele>2166</ele><time>2025-04-26T01:12:57Z</time></trkpt>
<trkpt lat="36.77335678912403" lon="137.79690968569676"><ele>2173</ele><time>2025-04-26T01:13:43Z</time></trkpt>
<trkpt lat="36.7734830235405" lon="137.7969949727967"><ele>2175</ele><time>2025-04-26T01:14:15Z</time></trkpt>
<trkpt lat="36.773618060434124" lon="137.79692350921565"><ele>2182</ele><time>2025-04-26T01:14:54Z</time></trkpt>
<trkpt lat="36.773571035603155" lon="137.79669833085342"><ele>2189</ele><time>2025-04-26T01:15:39Z</time></trkpt>
<trkpt lat="36.773655225155366" lon="137.79655360199698"><ele>2195</ele><time>2025-04-26T01:16:31Z</time></trkpt>
<trkpt lat="36.773804007583756" lon="137.7964650699913"><ele>2202</ele><time>2025-04-26T01:17:05Z</time></trkpt>
<trkpt lat="36.77390408087376" lon="137.79637663551114"><ele>2206</ele><time>2025-04-26T01:17:37Z</time></trkpt>
<trkpt lat="36.773902390152195" lon="137.79619959949338"><ele>2211</ele><time>2025-04-26T01:18:21Z</time></trkpt>
<trkpt lat="36.774032580952934" lon="137.79603730279206"><ele>2215</ele><time>2025-04-26T01:19:05Z</time></trkpt>
<trkpt lat="36.77416342371045" lon="137.79593824700098"><ele>2222</ele><time>2025-04-26T01:19:41Z</time></trkpt>
<trkpt lat="36.77435127815403" lon="137.79588904034946"><ele>2228</ele><time>2025-04-26T01:20:26Z</time></trkpt>
<trkpt lat="36.774322922479705" lon="137.79574673354796"><ele>2239</ele><time>2025-04-26T01:22:02Z</time></trkpt>
<trkpt lat="36.774244193478125" lon="137.7955573757088"><ele>2244</ele><time>2025-04-26T01:22:42Z</time></trkpt>
<trkpt lat="36.7743710634906" lon="137.79543357592692"><ele>2250</ele><time>2025-04-26T01:23:50Z</time></trkpt>
<trkpt lat="36.77452016688212" lon="137.79534473237476"><ele>2256</ele><time>2025-04-26T01:24:29Z</time></trkpt>
<trkpt lat="36.77444467188033" lon="137.79516268283058"><ele>2263</ele><time>2025-04-26T01:25:24Z</time></trkpt>
<trkpt lat="36.77433308894126" lon="137.7949744954648"><ele>2271</ele><time>2025-04-26T01:26:14Z</time></trkpt>
<trkpt lat="36.774225269253215" lon="137.79481960712047"><ele>2275</ele><time>2025-04-26T01:26:54Z</time></trkpt>
<trkpt lat="36.77421058317575" lon="137.79468593686568"><ele>2279</ele><time>2025-04-26T01:27:33Z</time></trkpt>
<trkpt lat="36.774356939571256" lon="137.7946389440446"><ele>2286</ele><time>2025-04-26T01:28:12Z</time></trkpt>
<trkpt lat="36.774483906103214" lon="137.7945293965137"><ele>2292</ele><time>2025-04-26T01:28:59Z</time></trkpt>
<trkpt lat="36.77460906650575" lon="137.7944369692475"><ele>2294</ele><time>2025-04-26T01:29:41Z</time></trkpt>
<trkpt lat="36.774621843306484" lon="137.794217647039"><ele>2303</ele><time>2025-04-26T01:30:40Z</time></trkpt>
<trkpt lat="36.774617242265855" lon="137.7940204681135"><ele>2307</ele><time>2025-04-26T01:31:33Z</time></trkpt>
<trkpt lat="36.77465238354535" lon="137.79390215363412"><ele>2318</ele><time>2025-04-26T01:33:17Z</time></trkpt>
<trkpt lat="36.77474256575905" lon="137.7937305986881"><ele>2316</ele><time>2025-04-26T01:38:58Z</time></trkpt>
<trkpt lat="36.77477021884462" lon="137.79358346846635"><ele>2320</ele><time>2025-04-26T01:39:44Z</time></trkpt>
<trkpt lat="36.77486228826472" lon="137.7934162931776"><ele>2324</ele><time>2025-04-26T01:40:56Z</time></trkpt>
<trkpt lat="36.77490397101745" lon="137.79323590641002"><ele>2329</ele><time>2025-04-26T01:41:42Z</time></trkpt>
<trkpt lat="36.77494291476248" lon="137.79308899804036"><ele>2341</ele><time>2025-04-26T01:42:36Z</time></trkpt>
<trkpt lat="36.77496503289085" lon="137.79288289806374"><ele>2344</ele><time>2025-04-26T01:43:29Z</time></trkpt>
<trkpt lat="36.77512763030669" lon="137.79288756285425"><ele>2353</ele><time>2025-04-26T01:44:13Z</time></trkpt>
<trkpt lat="36.7751143890849" lon="137.79268860956762"><ele>2359</ele><time>2025-04-26T01:44:52Z</time></trkpt>
<trkpt lat="36.77522778706293" lon="137.79262317427563"><ele>2367</ele><time>2025-04-26T01:45:42Z</time></trkpt>
<trkpt lat="36.77522150051297" lon="137.79243730737937"><ele>2374</ele><time>2025-04-26T01:46:43Z</time></trkpt>
<trkpt lat="36.77519492860894" lon="137.79232363296845"><ele>2378</ele><time>2025-04-26T01:48:03Z</time></trkpt>
<trkpt lat="36.77517276119679" lon="137.79217736661323"><ele>2382</ele><time>2025-04-26T01:49:22Z</time></trkpt>
<trkpt lat="36.775148366220506" lon="137.7920059538177"><ele>2386</ele><time>2025-04-26T01:51:01Z</time></trkpt>
<trkpt lat="36.775160317310146" lon="137.79179892567078"><ele>2391</ele><time>2025-04-26T01:51:44Z</time></trkpt>
<trkpt lat="36.77517787086812" lon="137.79160220214584"><ele>2398</ele><time>2025-04-26T01:53:59Z</time></trkpt>
<trkpt lat="36.77523724339448" lon="137.7913885233463"><ele>2406</ele><time>2025-04-26T01:54:40Z</time></trkpt>
<trkpt lat="36.775381939614874" lon="137.79129969149275"><ele>2415</ele><time>2025-04-26T01:55:40Z</time></trkpt>
<trkpt lat="36.775566358516876" lon="137.7912750113786"><ele>2426</ele><time>2025-04-26T01:56:35Z</time></trkpt>
<trkpt lat="36.77573260772811" lon="137.7912886222096"><ele>2431</ele><time>2025-04-26T01:57:21Z</time></trkpt>
<trkpt lat="36.77585856944175" lon="137.7913198922691"><ele>2441</ele><time>2025-04-26T01:58:01Z</time></trkpt>
<trkpt lat="36.776018600939" lon="137.7913822383475"><ele>2449</ele><time>2025-04-26T01:58:42Z</time></trkpt>
<trkpt lat="36.77616972381574" lon="137.79138503634937"><ele>2453</ele><time>2025-04-26T01:59:30Z</time></trkpt>
<trkpt lat="36.77630020064563" lon="137.7913472367764"><ele>2456</ele><time>2025-04-26T02:00:21Z</time></trkpt>
<trkpt lat="36.77642586378501" lon="137.79140501500905"><ele>2467</ele><time>2025-04-26T02:01:22Z</time></trkpt>
<trkpt lat="36.77652608926027" lon="137.79149753470892"><ele>2478</ele><time>2025-04-26T02:02:22Z</time></trkpt>
<trkpt lat="36.77662926257402" lon="137.79160514219038"><ele>2477</ele><time>2025-04-26T02:03:12Z</time></trkpt>
<trkpt lat="36.77674230577445" lon="137.79173364239747"><ele>2481</ele><time>2025-04-26T02:04:21Z</time></trkpt>
<trkpt lat="36.776892161998504" lon="137.79181417783155"><ele>2489</ele><time>2025-04-26T02:05:13Z</time></trkpt>
<trkpt lat="36.77696669156141" lon="137.79162963471205"><ele>2499</ele><time>2025-04-26T02:06:35Z</time></trkpt>
<trkpt lat="36.777001576526516" lon="137.7914392609214"><ele>2505</ele><time>2025-04-26T02:07:33Z</time></trkpt>
<trkpt lat="36.77714162697044" lon="137.79150885019936"><ele>2512</ele><time>2025-04-26T02:08:38Z</time></trkpt>
<trkpt lat="36.777305113028085" lon="137.79150790434258"><ele>2516</ele><time>2025-04-26T02:09:36Z</time></trkpt>
<trkpt lat="36.77726258531964" lon="137.79132245603492"><ele>2523</ele><time>2025-04-26T02:10:31Z</time></trkpt>
<trkpt lat="36.77730151124497" lon="137.79112057145173"><ele>2530</ele><time>2025-04-26T02:11:35Z</time></trkpt>
<trkpt lat="36.77733520444566" lon="137.79093488182997"><ele>2534</ele><time>2025-04-26T02:12:30Z</time></trkpt>
<trkpt lat="36.777489974733506" lon="137.79101325722976"><ele>2543</ele><time>2025-04-26T02:13:27Z</time></trkpt>
<trkpt lat="36.77756022546108" lon="137.79091132764356"><ele>2553</ele><time>2025-04-26T02:15:09Z</time></trkpt>
<trkpt lat="36.77758130237261" lon="137.790785183011"><ele>2555</ele><time>2025-04-26T02:16:25Z</time></trkpt>
<trkpt lat="36.77768653215539" lon="137.79087838164224"><ele>2560</ele><time>2025-04-26T02:17:13Z</time></trkpt>
<trkpt lat="36.77777724629089" lon="137.79094357571284"><ele>2565</ele><time>2025-04-26T02:18:32Z</time></trkpt>
<trkpt lat="36.77778319766035" lon="137.79077226848634"><ele>2572</ele><time>2025-04-26T02:20:54Z</time></trkpt>
<trkpt lat="36.77787238068926" lon="137.7907294067256"><ele>2578</ele><time>2025-04-26T02:23:18Z</time></trkpt>
<trkpt lat="36.77787761908555" lon="137.79058364652084"><ele>2588</ele><time>2025-04-26T02:25:26Z</time></trkpt>
<trkpt lat="36.77804307499538" lon="137.79062678786553"><ele>2595</ele><time>2025-04-26T02:28:43Z</time></trkpt>
<trkpt lat="36.778018235739566" lon="137.79036468859258"><ele>2606</ele><time>2025-04-26T02:30:02Z</time></trkpt>
<trkpt lat="36.777994596562806" lon="137.79000562201298"><ele>2604</ele><time>2025-04-26T02:31:37Z</time></trkpt>
<trkpt lat="36.77789824077916" lon="137.78995791694132"><ele>2601</ele><time>2025-04-26T02:53:51Z</time></trkpt>
<trkpt lat="36.777715772725756" lon="137.78970147065232"><ele>2596</ele><time>2025-04-26T03:01:20Z</time></trkpt>
<trkpt lat="36.777546548660396" lon="137.78938921984485"><ele>2591</ele><time>2025-04-26T03:01:49Z</time></trkpt>
<trkpt lat="36.77746491971058" lon="137.78914690651337"><ele>2594</ele><time>2025-04-26T03:02:18Z</time></trkpt>
<trkpt lat="36.777289522215014" lon="137.7889463176471"><ele>2605</ele><time>2025-04-26T03:03:05Z</time></trkpt>
<trkpt lat="36.7772460218809" lon="137.78876024515037"><ele>2603</ele><time>2025-04-26T03:03:46Z</time></trkpt>
<trkpt lat="36.77718014973469" lon="137.78855763481891"><ele>2604</ele><time>2025-04-26T03:04:25Z</time></trkpt>
<trkpt lat="36.7770578743341" lon="137.7883238745371"><ele>2605</ele><time>2025-04-26T03:15:56Z</time></trkpt>
<trkpt lat="36.777058583180356" lon="137.78811362457594"><ele>2609</ele><time>2025-04-26T03:16:26Z</time></trkpt>
<trkpt lat="36.77704425180792" lon="137.78831650943724"><ele>2602</ele><time>2025-04-26T03:21:13Z</time></trkpt>
<trkpt lat="36.77712955117902" lon="137.78853478712074"><ele>2601</ele><time>2025-04-26T03:21:53Z</time></trkpt>
<trkpt lat="36.77720458226409" lon="137.7886979041839"><ele>2602</ele><time>2025-04-26T03:22:52Z</time></trkpt>
<trkpt lat="36.777134864783214" lon="137.78850697374932"><ele>2603</ele><time>2025-04-26T03:29:32Z</time></trkpt>
<trkpt lat="36.77707735981223" lon="137.78829379169704"><ele>2603</ele><time>2025-04-26T03:30:05Z</time></trkpt>
<trkpt lat="36.77706750182179" lon="137.78803162149975"><ele>2610</ele><time>2025-04-26T03:30:39Z</time></trkpt>
<trkpt lat="36.77691870941701" lon="137.78794855091743"><ele>2615</ele><time>2025-04-26T03:31:55Z</time></trkpt>
<trkpt lat="36.776809863164296" lon="137.7878390573678"><ele>2614</ele><time>2025-04-26T03:34:36Z</time></trkpt>
<trkpt lat="36.77682831445307" lon="137.78770363907321"><ele>2608</ele><time>2025-04-26T03:35:36Z</time></trkpt>
<trkpt lat="36.77668634467527" lon="137.78763519208854"><ele>2605</ele><time>2025-04-26T03:36:28Z</time></trkpt>
<trkpt lat="36.77656325498507" lon="137.78758700311477"><ele>2603</ele><time>2025-04-26T03:37:09Z</time></trkpt>
<trkpt lat="36.77638013047923" lon="137.7874422069877"><ele>2594</ele><time>2025-04-26T03:39:03Z</time></trkpt>
<trkpt lat="36.776177492634034" lon="137.7871735623304"><ele>2590</ele><time>2025-04-26T03:39:29Z</time></trkpt>
<trkpt lat="36.77601319417106" lon="137.78707593181863"><ele>2587</ele><time>2025-04-26T03:40:02Z</time></trkpt>
<trkpt lat="36.775927641545046" lon="137.7868292335623"><ele>2592</ele><time>2025-04-26T03:40:34Z</time></trkpt>
<trkpt lat="36.77583852470443" lon="137.78665069352343"><ele>2587</ele><time>2025-04-26T03:41:04Z</time></trkpt>
<trkpt lat="36.77575758684211" lon="137.78647531704672"><ele>2593</ele><time>2025-04-26T03:41:45Z</time></trkpt>
<trkpt lat="36.77570823878969" lon="137.78631285191307"><ele>2599</ele><time>2025-04-26T03:42:49Z</time></trkpt>
<trkpt lat="36.77555888714285" lon="137.78610850091806"><ele>2605</ele><time>2025-04-26T03:43:34Z</time></trkpt>
<trkpt lat="36.77548457929898" lon="137.7858642311311"><ele>2608</ele><time>2025-04-26T03:44:14Z</time></trkpt>
<trkpt lat="36.77539541246613" lon="137.7857596806944"><ele>2609</ele><time>2025-04-26T03:44:50Z</time></trkpt>
<trkpt lat="36.77524977029266" lon="137.7856763158187"><ele>2615</ele><time>2025-04-26T03:45:57Z</time></trkpt>
<trkpt lat="36.77507847540486" lon="137.78549998760624"><ele>2617</ele><time>2025-04-26T03:46:26Z</time></trkpt>
<trkpt lat="36.77499828910575" lon="137.78529371692736"><ele>2616</ele><time>2025-04-26T03:46:58Z</time></trkpt>
<trkpt lat="36.774926783397866" lon="137.7851810048646"><ele>2622</ele><time>2025-04-26T03:47:35Z</time></trkpt>
<trkpt lat="36.77480432474743" lon="137.7850181974594"><ele>2619</ele><time>2025-04-26T03:48:25Z</time></trkpt>
<trkpt lat="36.774595939665424" lon="137.7848399906953"><ele>2631</ele><time>2025-04-26T03:49:05Z</time></trkpt>
<trkpt lat="36.77446287700594" lon="137.78462551011134"><ele>2625</ele><time>2025-04-26T03:50:18Z</time></trkpt>
<trkpt lat="36.774384658861585" lon="137.7845626050396"><ele>2624</ele><time>2025-04-26T03:50:47Z</time></trkpt>
<trkpt lat="36.774290115650025" lon="137.78438378774712"><ele>2628</ele><time>2025-04-26T03:51:16Z</time></trkpt>
<trkpt lat="36.774263958644" lon="137.7841509883997"><ele>2625</ele><time>2025-04-26T03:51:46Z</time></trkpt>
<trkpt lat="36.7741749235931" lon="137.78400502409139"><ele>2625</ele><time>2025-04-26T03:52:22Z</time></trkpt>
<trkpt lat="36.77402071361337" lon="137.78379173897827"><ele>2621</ele><time>2025-04-26T03:55:53Z</time></trkpt>
<trkpt lat="36.77391073155599" lon="137.78356788249795"><ele>2627</ele><time>2025-04-26T03:56:28Z</time></trkpt>
<trkpt lat="36.77380745691935" lon="137.7833601861307"><ele>2635</ele><time>2025-04-26T03:57:07Z</time></trkpt>
<trkpt lat="36.77369277612028" lon="137.78317861656717"><ele>2640</ele><time>2025-04-26T03:57:54Z</time></trkpt>
<trkpt lat="36.77359882659778" lon="137.78299841104004"><ele>2646</ele><time>2025-04-26T03:58:38Z</time></trkpt>
<trkpt lat="36.773521430592474" lon="137.78284044615202"><ele>2652</ele><time>2025-04-26T03:59:19Z</time></trkpt>
<trkpt lat="36.77346332028937" lon="137.78269386486295"><ele>2654</ele><time>2025-04-26T04:00:08Z</time></trkpt>
<trkpt lat="36.77336583772517" lon="137.78253370177728"><ele>2666</ele><time>2025-04-26T04:00:52Z</time></trkpt>
<trkpt lat="36.7732595870469" lon="137.78238514833527"><ele>2673</ele><time>2025-04-26T04:01:40Z</time></trkpt>
<trkpt lat="36.77318256822624" lon="137.78221406975"><ele>2676</ele><time>2025-04-26T04:02:21Z</time></trkpt>
<trkpt lat="36.773135772068756" lon="137.78201457724325"><ele>2683</ele><time>2025-04-26T04:03:07Z</time></trkpt>
<trkpt lat="36.77310370779531" lon="137.78180528317196"><ele>2684</ele><time>2025-04-26T04:04:06Z</time></trkpt>
<trkpt lat="36.77311551402303" lon="137.78157850173713"><ele>2690</ele><time>2025-04-26T04:04:44Z</time></trkpt>
<trkpt lat="36.77310388386371" lon="137.7813597490274"><ele>2696</ele><time>2025-04-26T04:05:27Z</time></trkpt>
<trkpt lat="36.773096221182996" lon="137.7811555637757"><ele>2698</ele><time>2025-04-26T04:06:01Z</time></trkpt>
<trkpt lat="36.77307989819267" lon="137.78089747223794"><ele>2703</ele><time>2025-04-26T04:06:41Z</time></trkpt>
<trkpt lat="36.773082859597594" lon="137.78068302489237"><ele>2707</ele><time>2025-04-26T04:07:13Z</time></trkpt>
<trkpt lat="36.773096574560505" lon="137.78045859947343"><ele>2709</ele><time>2025-04-26T04:07:47Z</time></trkpt>
<trkpt lat="36.77310577914644" lon="137.78023093987179"><ele>2717</ele><time>2025-04-26T04:08:21Z</time></trkpt>
<trkpt lat="36.773143280679804" lon="137.78001092208285"><ele>2721</ele><time>2025-04-26T04:09:33Z</time></trkpt>
<trkpt lat="36.77318544256144" lon="137.7798334584021"><ele>2726</ele><time>2025-04-26T04:10:12Z</time></trkpt>
<trkpt lat="36.77320549279074" lon="137.77963407515256"><ele>2730</ele><time>2025-04-26T04:10:50Z</time></trkpt>
<trkpt lat="36.773216387213395" lon="137.77946241538055"><ele>2733</ele><time>2025-04-26T04:11:35Z</time></trkpt>
<trkpt lat="36.77317921787284" lon="137.77930765303006"><ele>2735</ele><time>2025-04-26T04:14:40Z</time></trkpt>
<trkpt lat="36.77317519471483" lon="137.77901944915786"><ele>2737</ele><time>2025-04-26T04:15:16Z</time></trkpt>
<trkpt lat="36.77319922391858" lon="137.77883661185535"><ele>2741</ele><time>2025-04-26T04:16:10Z</time></trkpt>
<trkpt lat="36.77319572211827" lon="137.77859401968456"><ele>2745</ele><time>2025-04-26T04:16:43Z</time></trkpt>
<trkpt lat="36.7732160019434" lon="137.77833010903095"><ele>2750</ele><time>2025-04-26T04:17:48Z</time></trkpt>
<trkpt lat="36.77329827766019" lon="137.77805711222075"><ele>2748</ele><time>2025-04-26T04:18:28Z</time></trkpt>
<trkpt lat="36.77326622894151" lon="137.77775083898834"><ele>2749</ele><time>2025-04-26T04:19:07Z</time></trkpt>
<trkpt lat="36.77334394760287" lon="137.77751342799323"><ele>2753</ele><time>2025-04-26T04:19:42Z</time></trkpt>
<trkpt lat="36.77339493029847" lon="137.7772881688346"><ele>2758</ele><time>2025-04-26T04:20:42Z</time></trkpt>
<trkpt lat="36.773454788780946" lon="137.7771323669329"><ele>2759</ele><time>2025-04-26T04:21:31Z</time></trkpt>
<trkpt lat="36.77344866705565" lon="137.77692208368865"><ele>2760</ele><time>2025-04-26T04:22:06Z</time></trkpt>
<trkpt lat="36.7735226748598" lon="137.77667571685993"><ele>2765</ele><time>2025-04-26T04:22:42Z</time></trkpt>
<trkpt lat="36.77356620850497" lon="137.77644581992658"><ele>2770</ele><time>2025-04-26T04:23:18Z</time></trkpt>
<trkpt lat="36.77365512682718" lon="137.77618164693106"><ele>2773</ele><time>2025-04-26T04:23:58Z</time></trkpt>
<trkpt lat="36.77367632783934" lon="137.77605831595963"><ele>2776</ele><time>2025-04-26T04:25:02Z</time></trkpt>
<trkpt lat="36.77371931201973" lon="137.77572965306842"><ele>2773</ele><time>2025-04-26T04:38:49Z</time></trkpt>
<trkpt lat="36.77357337244938" lon="137.77547172990384"><ele>2769</ele><time>2025-04-26T04:39:20Z</time></trkpt>
<trkpt lat="36.77334441076288" lon="137.7751813486336"><ele>2766</ele><time>2025-04-26T04:39:46Z</time></trkpt>
<trkpt lat="36.7732153853726" lon="137.77482678085093"><ele>2761</ele><time>2025-04-26T04:40:11Z</time></trkpt>
<trkpt lat="36.77299725329519" lon="137.77449709428492"><ele>2761</ele><time>2025-04-26T04:40:39Z</time></trkpt>
<trkpt lat="36.77276316608111" lon="137.77433251755363"><ele>2765</ele><time>2025-04-26T04:41:05Z</time></trkpt>
<trkpt lat="36.77257771894476" lon="137.77399673915852"><ele>2760</ele><time>2025-04-26T04:41:36Z</time></trkpt>
<trkpt lat="36.772473220277384" lon="137.77362679025526"><ele>2753</ele><time>2025-04-26T04:42:02Z</time></trkpt>
<trkpt lat="36.77232350686495" lon="137.77327896587414"><ele>2757</ele><time>2025-04-26T04:42:29Z</time></trkpt>
<trkpt lat="36.77218706964078" lon="137.77296284639485"><ele>2752</ele><time>2025-04-26T04:42:57Z</time></trkpt>
<trkpt lat="36.77208414340373" lon="137.7725911228567"><ele>2748</ele><time>2025-04-26T04:43:25Z</time></trkpt>
<trkpt lat="36.77194164765963" lon="137.7722951982351"><ele>2746</ele><time>2025-04-26T04:43:51Z</time></trkpt>
<trkpt lat="36.771941990190186" lon="137.7719483596963"><ele>2748</ele><time>2025-04-26T04:44:20Z</time></trkpt>
<trkpt lat="36.77196762057214" lon="137.77167984856655"><ele>2749</ele><time>2025-04-26T04:44:48Z</time></trkpt>
<trkpt lat="36.77189102164905" lon="137.7714080293723"><ele>2748</ele><time>2025-04-26T04:45:20Z</time></trkpt>
<trkpt lat="36.771758390418256" lon="137.77106432482339"><ele>2750</ele><time>2025-04-26T04:45:50Z</time></trkpt>
<trkpt lat="36.77164189353218" lon="137.77078248654772"><ele>2743</ele><time>2025-04-26T04:46:20Z</time></trkpt>
<trkpt lat="36.77153251887266" lon="137.77053064145196"><ele>2734</ele><time>2025-04-26T04:46:49Z</time></trkpt>
<trkpt lat="36.771479464007896" lon="137.7701708025184"><ele>2727</ele><time>2025-04-26T04:47:17Z</time></trkpt>
<trkpt lat="36.77144233222623" lon="137.76979147739365"><ele>2721</ele><time>2025-04-26T04:47:43Z</time></trkpt>
<trkpt lat="36.771474362442504" lon="137.76946013346148"><ele>2727</ele><time>2025-04-26T04:48:10Z</time></trkpt>
<trkpt lat="36.77151844579232" lon="137.76904860081163"><ele>2728</ele><time>2025-04-26T04:48:40Z</time></trkpt>
<trkpt lat="36.771415980174204" lon="137.76880245490844"><ele>2731</ele><time>2025-04-26T04:49:18Z</time></trkpt>
<trkpt lat="36.771238104489" lon="137.76854866015896"><ele>2726</ele><time>2025-04-26T04:49:49Z</time></trkpt>
<trkpt lat="36.77104087583114" lon="137.76840199006568"><ele>2715</ele><time>2025-04-26T04:50:41Z</time></trkpt>
<trkpt lat="36.7708854048538" lon="137.76795923589378"><ele>2705</ele><time>2025-04-26T04:51:06Z</time></trkpt>
<trkpt lat="36.77076038587461" lon="137.7675850217558"><ele>2705</ele><time>2025-04-26T04:51:32Z</time></trkpt>
<trkpt lat="36.77064204021313" lon="137.76735759705744"><ele>2703</ele><time>2025-04-26T04:52:01Z</time></trkpt>
<trkpt lat="36.77043207350501" lon="137.7672118164623"><ele>2701</ele><time>2025-04-26T04:52:30Z</time></trkpt>
<trkpt lat="36.77023094432363" lon="137.7671014331435"><ele>2706</ele><time>2025-04-26T04:53:05Z</time></trkpt>
<trkpt lat="36.770122796605115" lon="137.7670073480942"><ele>2709</ele><time>2025-04-26T04:53:45Z</time></trkpt>
<trkpt lat="36.769826365986184" lon="137.7667409915572"><ele>2704</ele><time>2025-04-26T04:54:12Z</time></trkpt>
<trkpt lat="36.769602685327555" lon="137.7664819871308"><ele>2700</ele><time>2025-04-26T04:54:38Z</time></trkpt>
<trkpt lat="36.76936275943274" lon="137.76626811028905"><ele>2703</ele><time>2025-04-26T04:55:05Z</time></trkpt>
<trkpt lat="36.76915646830161" lon="137.7660902942568"><ele>2698</ele><time>2025-04-26T04:55:34Z</time></trkpt>
<trkpt lat="36.76893678327675" lon="137.76600605721242"><ele>2702</ele><time>2025-04-26T04:56:08Z</time></trkpt>
<trkpt lat="36.76876228572218" lon="137.76573216548178"><ele>2701</ele><time>2025-04-26T04:56:38Z</time></trkpt>
<trkpt lat="36.7685422105234" lon="137.765487470097"><ele>2697</ele><time>2025-04-26T04:57:08Z</time></trkpt>
<trkpt lat="36.76830952237594" lon="137.7652584728985"><ele>2693</ele><time>2025-04-26T04:57:35Z</time></trkpt>
<trkpt lat="36.76824813286959" lon="137.76513207476629"><ele>2689</ele><time>2025-04-26T04:58:08Z</time></trkpt>
<trkpt lat="36.76811190757634" lon="137.76501348411955"><ele>2689</ele><time>2025-04-26T04:58:39Z</time></trkpt>
<trkpt lat="36.76783527406253" lon="137.76485607251809"><ele>2688</ele><time>2025-04-26T04:59:09Z</time></trkpt>
<trkpt lat="36.76764687893859" lon="137.76466020557356"><ele>2685</ele><time>2025-04-26T04:59:41Z</time></trkpt>
<trkpt lat="36.767570099366104" lon="137.76447333378357"><ele>2685</ele><time>2025-04-26T05:00:15Z</time></trkpt>
<trkpt lat="36.76749998161915" lon="137.76432581458124"><ele>2702</ele><time>2025-04-26T05:01:31Z</time></trkpt>
<trkpt lat="36.76745426499796" lon="137.76418642380486"><ele>2713</ele><time>2025-04-26T05:02:36Z</time></trkpt>
<trkpt lat="36.76739587160341" lon="137.76402880455154"><ele>2714</ele><time>2025-04-26T05:03:14Z</time></trkpt>
<trkpt lat="36.76727284533969" lon="137.7638570394608"><ele>2721</ele><time>2025-04-26T05:04:16Z</time></trkpt>
<trkpt lat="36.76716537773823" lon="137.76372274439763"><ele>2725</ele><time>2025-04-26T05:05:12Z</time></trkpt>
<trkpt lat="36.7670475280272" lon="137.76354992243702"><ele>2733</ele><time>2025-04-26T05:05:51Z</time></trkpt>
<trkpt lat="36.766955274475265" lon="137.76340684709325"><ele>2740</ele><time>2025-04-26T05:06:38Z</time></trkpt>
<trkpt lat="36.766840489666315" lon="137.7632702042921"><ele>2742</ele><time>2025-04-26T05:07:21Z</time></trkpt>
<trkpt lat="36.766786411242315" lon="137.76305036872583"><ele>2748</ele><time>2025-04-26T05:08:11Z</time></trkpt>
<trkpt lat="36.76671821708221" lon="137.76280389855216"><ele>2754</ele><time>2025-04-26T05:08:46Z</time></trkpt>
<trkpt lat="36.766568141502624" lon="137.76270037341143"><ele>2758</ele><time>2025-04-26T05:09:24Z</time></trkpt>
<trkpt lat="36.766437901599424" lon="137.76245034441033"><ele>2752</ele><time>2025-04-26T05:09:56Z</time></trkpt>
<trkpt lat="36.766271556978126" lon="137.76225756661097"><ele>2748</ele><time>2025-04-26T05:10:25Z</time></trkpt>
<trkpt lat="36.76616493455306" lon="137.7619411183801"><ele>2749</ele><time>2025-04-26T05:10:52Z</time></trkpt>
<trkpt lat="36.766046807172934" lon="137.7616938062009"><ele>2750</ele><time>2025-04-26T05:11:29Z</time></trkpt>
<trkpt lat="36.765953941953875" lon="137.76148742022505"><ele>2753</ele><time>2025-04-26T05:12:03Z</time></trkpt>
<trkpt lat="36.76577641675088" lon="137.7612728808343"><ele>2755</ele><time>2025-04-26T05:12:44Z</time></trkpt>
<trkpt lat="36.765677851685965" lon="137.7610534828976"><ele>2759</ele><time>2025-04-26T05:13:13Z</time></trkpt>
<trkpt lat="36.76563722472377" lon="137.76083634860026"><ele>2764</ele><time>2025-04-26T05:13:51Z</time></trkpt>
<trkpt lat="36.76554929449886" lon="137.76074461019834"><ele>2771</ele><time>2025-04-26T05:14:46Z</time></trkpt>
<trkpt lat="36.76539091008035" lon="137.7606877761633"><ele>2775</ele><time>2025-04-26T05:15:38Z</time></trkpt>
<trkpt lat="36.76530062121714" lon="137.7605977934594"><ele>2781</ele><time>2025-04-26T05:16:32Z</time></trkpt>
<trkpt lat="36.76519886907384" lon="137.76047981872878"><ele>2785</ele><time>2025-04-26T05:18:01Z</time></trkpt>
<trkpt lat="36.76511373525732" lon="137.76036329502128"><ele>2800</ele><time>2025-04-26T05:19:15Z</time></trkpt>
<trkpt lat="36.76497283838218" lon="137.76022828021672"><ele>2812</ele><time>2025-04-26T05:20:38Z</time></trkpt>
<trkpt lat="36.7648366876292" lon="137.76016577961994"><ele>2819</ele><time>2025-04-26T05:21:21Z</time></trkpt>
<trkpt lat="36.76466279304112" lon="137.76004459879758"><ele>2823</ele><time>2025-04-26T05:22:13Z</time></trkpt>
<trkpt lat="36.764495519373014" lon="137.7598939508342"><ele>2829</ele><time>2025-04-26T05:22:50Z</time></trkpt>
<trkpt lat="36.76425774990685" lon="137.75991387852335"><ele>2830</ele><time>2025-04-26T05:23:30Z</time></trkpt>
<trkpt lat="36.76400486613975" lon="137.75987536647955"><ele>2833</ele><time>2025-04-26T05:24:05Z</time></trkpt>
<trkpt lat="36.763757522916" lon="137.7598623102539"><ele>2834</ele><time>2025-04-26T05:24:38Z</time></trkpt>
<trkpt lat="36.76352183111507" lon="137.7597499039342"><ele>2836</ele><time>2025-04-26T05:25:10Z</time></trkpt>
<trkpt lat="36.763384182146176" lon="137.7597816500228"><ele>2839</ele><time>2025-04-26T05:26:07Z</time></trkpt>
<trkpt lat="36.76330199276244" lon="137.75967417823261"><ele>2840</ele><time>2025-04-26T05:26:59Z</time></trkpt>
<trkpt lat="36.763203719598415" lon="137.75961204444826"><ele>2849</ele><time>2025-04-26T05:27:37Z</time></trkpt>
<trkpt lat="36.76309131758755" lon="137.75960171185767"><ele>2855</ele><time>2025-04-26T05:29:29Z</time></trkpt>
<trkpt lat="36.76295400689637" lon="137.75947814001225"><ele>2863</ele><time>2025-04-26T05:31:22Z</time></trkpt>
<trkpt lat="36.762872978885305" lon="137.75941577427835"><ele>2872</ele><time>2025-04-26T05:34:42Z</time></trkpt>
<trkpt lat="36.76263625531958" lon="137.75935903994443"><ele>2881</ele><time>2025-04-26T05:36:40Z</time></trkpt>
<trkpt lat="36.76251310473231" lon="137.75921353526311"><ele>2877</ele><time>2025-04-26T05:37:12Z</time></trkpt>
<trkpt lat="36.76225333791308" lon="137.75915228649603"><ele>2879</ele><time>2025-04-26T05:37:43Z</time></trkpt>
<trkpt lat="36.7620971704967" lon="137.75909614074823"><ele>2879</ele><time>2025-04-26T05:38:20Z</time></trkpt>
<trkpt lat="36.761913780427" lon="137.75902778440118"><ele>2878</ele><time>2025-04-26T05:39:16Z</time></trkpt>
<trkpt lat="36.7617393655898" lon="137.7589453865376"><ele>2894</ele><time>2025-04-26T05:40:03Z</time></trkpt>
<trkpt lat="36.76151662042269" lon="137.7589184890855"><ele>2894</ele><time>2025-04-26T05:40:35Z</time></trkpt>
<trkpt lat="36.76127853058993" lon="137.7588762081575"><ele>2897</ele><time>2025-04-26T05:41:07Z</time></trkpt>
<trkpt lat="36.76112270323827" lon="137.75886942359827"><ele>2901</ele><time>2025-04-26T05:41:47Z</time></trkpt>
<trkpt lat="36.76094650974628" lon="137.75883638492078"><ele>2903</ele><time>2025-04-26T05:42:22Z</time></trkpt>
<trkpt lat="36.76078771678551" lon="137.7589230498457"><ele>2907</ele><time>2025-04-26T05:43:10Z</time></trkpt>
<trkpt lat="36.76057338717313" lon="137.75901544472967"><ele>2914</ele><time>2025-04-26T05:43:47Z</time></trkpt>
<trkpt lat="36.76036031205651" lon="137.75895248457365"><ele>2909</ele><time>2025-04-26T05:44:14Z</time></trkpt>
<trkpt lat="36.76015018311564" lon="137.75888646269115"><ele>2914</ele><time>2025-04-26T05:44:44Z</time></trkpt>
<trkpt lat="36.7599424114957" lon="137.75872107206013"><ele>2916</ele><time>2025-04-26T05:45:15Z</time></trkpt>
<trkpt lat="36.75973573636261" lon="137.75858177358265"><ele>2915</ele><time>2025-04-26T05:45:49Z</time></trkpt>
<trkpt lat="36.75955478315811" lon="137.75844044130946"><ele>2923</ele><time>2025-04-26T05:46:25Z</time></trkpt>
<trkpt lat="36.75938991048677" lon="137.75837978001093"><ele>2933</ele><time>2025-04-26T05:47:01Z</time></trkpt>
<trkpt lat="36.759197205070286" lon="137.75837526926924"><ele>2933</ele><time>2025-04-26T05:47:48Z</time></trkpt>
<trkpt lat="36.75908531325138" lon="137.75840880959842"><ele>2938</ele><time>2025-04-26T05:48:40Z</time></trkpt>
<trkpt lat="36.75884141481898" lon="137.75851751471018"><ele>2944</ele><time>2025-04-26T05:49:11Z</time></trkpt>
<trkpt lat="36.75862869530976" lon="137.7585411828"><ele>2948</ele><time>2025-04-26T05:49:38Z</time></trkpt>
<trkpt lat="36.75893269964809" lon="137.75844231369703"><ele>2926</ele><time>2025-04-26T05:57:03Z</time></trkpt>
<trkpt lat="36.75919409962287" lon="137.75832455722744"><ele>2920</ele><time>2025-04-26T05:57:33Z</time></trkpt>
<trkpt lat="36.759393511263255" lon="137.75836509505746"><ele>2913</ele><time>2025-04-26T05:58:06Z</time></trkpt>
<trkpt lat="36.759596725376085" lon="137.75847469225593"><ele>2910</ele><time>2025-04-26T05:58:37Z</time></trkpt>
<trkpt lat="36.75991634617874" lon="137.75872770255125"><ele>2910</ele><time>2025-04-26T05:59:05Z</time></trkpt>
<trkpt lat="36.760193945987396" lon="137.75892118917835"><ele>2906</ele><time>2025-04-26T05:59:33Z</time></trkpt>
<trkpt lat="36.760497306575765" lon="137.7589974926001"><ele>2898</ele><time>2025-04-26T06:00:03Z</time></trkpt>
<trkpt lat="36.76072844132451" lon="137.7589384740582"><ele>2901</ele><time>2025-04-26T06:00:33Z</time></trkpt>
<trkpt lat="36.76090041299844" lon="137.7588553689838"><ele>2898</ele><time>2025-04-26T06:01:05Z</time></trkpt>
<trkpt lat="36.76112927171368" lon="137.75886740216995"><ele>2892</ele><time>2025-04-26T06:01:36Z</time></trkpt>
<trkpt lat="36.76145421213895" lon="137.7588898783849"><ele>2881</ele><time>2025-04-26T06:02:11Z</time></trkpt>
<trkpt lat="36.761788659027765" lon="137.75886577395624"><ele>2881</ele><time>2025-04-26T06:02:37Z</time></trkpt>
<trkpt lat="36.76189287822277" lon="137.7590176883015"><ele>2878</ele><time>2025-04-26T06:03:08Z</time></trkpt>
<trkpt lat="36.76204335640504" lon="137.7590919900236"><ele>2870</ele><time>2025-04-26T06:03:43Z</time></trkpt>
<trkpt lat="36.76234868895941" lon="137.7591774201752"><ele>2864</ele><time>2025-04-26T06:04:13Z</time></trkpt>
<trkpt lat="36.762615893689265" lon="137.7593016163121"><ele>2866</ele><time>2025-04-26T06:04:41Z</time></trkpt>
<trkpt lat="36.76285599838882" lon="137.75936575209454"><ele>2869</ele><time>2025-04-26T06:05:19Z</time></trkpt>
<trkpt lat="36.762907415678384" lon="137.75945854020227"><ele>2867</ele><time>2025-04-26T06:06:00Z</time></trkpt>
<trkpt lat="36.763021771479934" lon="137.75956758524222"><ele>2859</ele><time>2025-04-26T06:06:56Z</time></trkpt>
<trkpt lat="36.763172844634035" lon="137.75956219499054"><ele>2849</ele><time>2025-04-26T06:07:35Z</time></trkpt>
<trkpt lat="36.76342388986542" lon="137.75974963403107"><ele>2833</ele><time>2025-04-26T06:08:18Z</time></trkpt>
<trkpt lat="36.76367469353492" lon="137.7598230241249"><ele>2830</ele><time>2025-04-26T06:08:43Z</time></trkpt>
<trkpt lat="36.76392656242905" lon="137.759914789378"><ele>2829</ele><time>2025-04-26T06:09:09Z</time></trkpt>
<trkpt lat="36.764208175257274" lon="137.75990793838974"><ele>2827</ele><time>2025-04-26T06:09:38Z</time></trkpt>
<trkpt lat="36.764462810512676" lon="137.75987226675602"><ele>2823</ele><time>2025-04-26T06:10:06Z</time></trkpt>
<trkpt lat="36.76466489561642" lon="137.76011216518947"><ele>2817</ele><time>2025-04-26T06:10:37Z</time></trkpt>
<trkpt lat="36.7649464125674" lon="137.76034867815304"><ele>2806</ele><time>2025-04-26T06:11:08Z</time></trkpt>
<trkpt lat="36.76513056016688" lon="137.76040516210168"><ele>2800</ele><time>2025-04-26T06:11:48Z</time></trkpt>
<trkpt lat="36.76524345105907" lon="137.76055416842016"><ele>2782</ele><time>2025-04-26T06:12:34Z</time></trkpt>
<trkpt lat="36.765403781330555" lon="137.76073025424856"><ele>2774</ele><time>2025-04-26T06:13:12Z</time></trkpt>
<trkpt lat="36.76556082964529" lon="137.76075055593333"><ele>2766</ele><time>2025-04-26T06:14:21Z</time></trkpt>
<trkpt lat="36.76567229221218" lon="137.76088732735684"><ele>2760</ele><time>2025-04-26T06:14:52Z</time></trkpt>
<trkpt lat="36.76582212484254" lon="137.76111634880158"><ele>2756</ele><time>2025-04-26T06:15:21Z</time></trkpt>
<trkpt lat="36.766094765258266" lon="137.7614690345181"><ele>2751</ele><time>2025-04-26T06:15:50Z</time></trkpt>
<trkpt lat="36.7661546526605" lon="137.76179841059366"><ele>2752</ele><time>2025-04-26T06:17:27Z</time></trkpt>
<trkpt lat="36.76618275773815" lon="137.76216627675876"><ele>2746</ele><time>2025-04-26T06:18:05Z</time></trkpt>
<trkpt lat="36.766110727562676" lon="137.76239803859988"><ele>2753</ele><time>2025-04-26T06:18:32Z</time></trkpt>
<trkpt lat="36.76618541628699" lon="137.76251151814253"><ele>2755</ele><time>2025-04-26T06:19:14Z</time></trkpt>
<trkpt lat="36.76638872781595" lon="137.76252209745445"><ele>2753</ele><time>2025-04-26T06:19:54Z</time></trkpt>
<trkpt lat="36.766573414620375" lon="137.76277242860834"><ele>2759</ele><time>2025-04-26T06:20:23Z</time></trkpt>
<trkpt lat="36.766740259317665" lon="137.76295639440198"><ele>2751</ele><time>2025-04-26T06:20:52Z</time></trkpt>
<trkpt lat="36.766793376021496" lon="137.7632287196521"><ele>2748</ele><time>2025-04-26T06:21:25Z</time></trkpt>
<trkpt lat="36.766983255671605" lon="137.7634650541041"><ele>2734</ele><time>2025-04-26T06:22:11Z</time></trkpt>
<trkpt lat="36.76708092668203" lon="137.76355979316892"><ele>2728</ele><time>2025-04-26T06:22:43Z</time></trkpt>
<trkpt lat="36.76718112311038" lon="137.76380075223585"><ele>2725</ele><time>2025-04-26T06:23:16Z</time></trkpt>
<trkpt lat="36.76727994892948" lon="137.76402093178552"><ele>2716</ele><time>2025-04-26T06:23:54Z</time></trkpt>
<trkpt lat="36.767420377267996" lon="137.76419060181033"><ele>2705</ele><time>2025-04-26T06:24:31Z</time></trkpt>
<trkpt lat="36.76746352273513" lon="137.76431485735597"><ele>2705</ele><time>2025-04-26T06:25:09Z</time></trkpt>
<trkpt lat="36.7676036633334" lon="137.76455426795306"><ele>2690</ele><time>2025-04-26T06:25:47Z</time></trkpt>
<trkpt lat="36.76776955683279" lon="137.7647942962763"><ele>2686</ele><time>2025-04-26T06:26:20Z</time></trkpt>
<trkpt lat="36.768017994762566" lon="137.76494355478997"><ele>2683</ele><time>2025-04-26T06:26:49Z</time></trkpt>
<trkpt lat="36.76816469178265" lon="137.7650639177988"><ele>2683</ele><time>2025-04-26T06:27:19Z</time></trkpt>
<trkpt lat="36.76832781469835" lon="137.76522128436432"><ele>2695</ele><time>2025-04-26T06:28:00Z</time></trkpt>
<trkpt lat="36.768443156971074" lon="137.76542436637249"><ele>2698</ele><time>2025-04-26T06:28:40Z</time></trkpt>
<trkpt lat="36.768672398100215" lon="137.76562772921002"><ele>2698</ele><time>2025-04-26T06:29:12Z</time></trkpt>
<trkpt lat="36.76882644700991" lon="137.765859348911"><ele>2698</ele><time>2025-04-26T06:29:41Z</time></trkpt>
<trkpt lat="36.76898935498709" lon="137.76609318044734"><ele>2701</ele><time>2025-04-26T06:30:08Z</time></trkpt>
<trkpt lat="36.7692870983158" lon="137.76628113676279"><ele>2697</ele><time>2025-04-26T06:30:39Z</time></trkpt>
<trkpt lat="36.769550474828385" lon="137.76647150564094"><ele>2697</ele><time>2025-04-26T06:31:07Z</time></trkpt>
<trkpt lat="36.769779003811095" lon="137.7666883189037"><ele>2704</ele><time>2025-04-26T06:31:34Z</time></trkpt>
<trkpt lat="36.76997665552816" lon="137.7668654628484"><ele>2703</ele><time>2025-04-26T06:32:04Z</time></trkpt>
<trkpt lat="36.7701462209591" lon="137.76705795176028"><ele>2708</ele><time>2025-04-26T06:32:36Z</time></trkpt>
<trkpt lat="36.77042537808403" lon="137.7671994265061"><ele>2702</ele><time>2025-04-26T06:33:03Z</time></trkpt>
<trkpt lat="36.770682523174386" lon="137.76750038567704"><ele>2703</ele><time>2025-04-26T06:33:30Z</time></trkpt>
<trkpt lat="36.77083336857141" lon="137.76783106550923"><ele>2706</ele><time>2025-04-26T06:34:02Z</time></trkpt>
<trkpt lat="36.77094566312429" lon="137.76803800927618"><ele>2708</ele><time>2025-04-26T06:34:30Z</time></trkpt>
<trkpt lat="36.77100320192194" lon="137.76827978057685"><ele>2719</ele><time>2025-04-26T06:35:01Z</time></trkpt>
<trkpt lat="36.77108527562387" lon="137.76848306286558"><ele>2723</ele><time>2025-04-26T06:35:37Z</time></trkpt>
<trkpt lat="36.77120137769016" lon="137.76877026393518"><ele>2733</ele><time>2025-04-26T06:36:39Z</time></trkpt>
<trkpt lat="36.771310016130194" lon="137.76894476268055"><ele>2737</ele><time>2025-04-26T06:37:15Z</time></trkpt>
<trkpt lat="36.771210728066684" lon="137.76895204194327"><ele>2736</ele><time>2025-04-26T06:39:55Z</time></trkpt>
<trkpt lat="36.77142920370938" lon="137.76886820736988"><ele>2727</ele><time>2025-04-26T06:41:55Z</time></trkpt>
<trkpt lat="36.771510828569895" lon="137.76910036522926"><ele>2724</ele><time>2025-04-26T06:42:43Z</time></trkpt>
<trkpt lat="36.771503120761885" lon="137.76938434441013"><ele>2724</ele><time>2025-04-26T06:43:11Z</time></trkpt>
<trkpt lat="36.771455226188216" lon="137.76965633672506"><ele>2727</ele><time>2025-04-26T06:43:40Z</time></trkpt>
<trkpt lat="36.771477634211784" lon="137.76997788507805"><ele>2725</ele><time>2025-04-26T06:44:13Z</time></trkpt>
<trkpt lat="36.77153212301314" lon="137.77026715203237"><ele>2728</ele><time>2025-04-26T06:44:42Z</time></trkpt>
<trkpt lat="36.771547693306466" lon="137.7705806211661"><ele>2731</ele><time>2025-04-26T06:45:14Z</time></trkpt>
<trkpt lat="36.77169269550563" lon="137.77081295324197"><ele>2736</ele><time>2025-04-26T06:45:55Z</time></trkpt>
<trkpt lat="36.77169690524769" lon="137.77104106072355"><ele>2744</ele><time>2025-04-26T06:46:30Z</time></trkpt>
<trkpt lat="36.77179377455479" lon="137.77133249537312"><ele>2762</ele><time>2025-04-26T06:48:42Z</time></trkpt>
<trkpt lat="36.7719310784957" lon="137.7715313823109"><ele>2750</ele><time>2025-04-26T06:49:14Z</time></trkpt>
<trkpt lat="36.7719668269514" lon="137.77176536227716"><ele>2748</ele><time>2025-04-26T06:49:43Z</time></trkpt>
<trkpt lat="36.77194245939846" lon="137.77216903992343"><ele>2745</ele><time>2025-04-26T06:50:11Z</time></trkpt>
<trkpt lat="36.77204516863333" lon="137.7724798800448"><ele>2744</ele><time>2025-04-26T06:50:38Z</time></trkpt>
<trkpt lat="36.77219636133686" lon="137.77282600551126"><ele>2752</ele><time>2025-04-26T06:51:07Z</time></trkpt>
<trkpt lat="36.77224669821824" lon="137.77302357041205"><ele>2761</ele><time>2025-04-26T06:51:54Z</time></trkpt>
<trkpt lat="36.772387661292846" lon="137.7732826926538"><ele>2757</ele><time>2025-04-26T06:52:29Z</time></trkpt>
<trkpt lat="36.772559955712474" lon="137.77359892912597"><ele>2751</ele><time>2025-04-26T06:52:55Z</time></trkpt>
<trkpt lat="36.772695986434435" lon="137.77397977292847"><ele>2756</ele><time>2025-04-26T06:53:22Z</time></trkpt>
<trkpt lat="36.772728396109315" lon="137.77418353580464"><ele>2759</ele><time>2025-04-26T06:53:58Z</time></trkpt>
<trkpt lat="36.77290242250503" lon="137.77440964744633"><ele>2755</ele><time>2025-04-26T06:54:34Z</time></trkpt>
<trkpt lat="36.77314513212478" lon="137.77459727178316"><ele>2752</ele><time>2025-04-26T06:54:59Z</time></trkpt>
<trkpt lat="36.77327740051903" lon="137.77486896081302"><ele>2753</ele><time>2025-04-26T06:55:27Z</time></trkpt>
<trkpt lat="36.77335449139094" lon="137.77510462884845"><ele>2758</ele><time>2025-04-26T06:55:59Z</time></trkpt>
<trkpt lat="36.77351729941568" lon="137.77531658791673"><ele>2761</ele><time>2025-04-26T06:56:45Z</time></trkpt>
<trkpt lat="36.77365926063514" lon="137.77552392703808"><ele>2765</ele><time>2025-04-26T06:57:14Z</time></trkpt>
<trkpt lat="36.77376623310365" lon="137.7757506108387"><ele>2769</ele><time>2025-04-26T06:57:58Z</time></trkpt>
<trkpt lat="36.773881937635345" lon="137.77598833163074"><ele>2776</ele><time>2025-04-26T06:58:29Z</time></trkpt>
<trkpt lat="36.77373159585407" lon="137.77606500645035"><ele>2778</ele><time>2025-04-26T06:59:05Z</time></trkpt>
<trkpt lat="36.77355363197695" lon="137.7766285481862"><ele>2774</ele><time>2025-04-26T07:30:02Z</time></trkpt>
<trkpt lat="36.77343242550504" lon="137.7773591743183"><ele>2757</ele><time>2025-04-26T07:30:32Z</time></trkpt>
<trkpt lat="36.77329370961234" lon="137.77808143714373"><ele>2752</ele><time>2025-04-26T07:30:57Z</time></trkpt>
<trkpt lat="36.77323916045108" lon="137.77883283177806"><ele>2743</ele><time>2025-04-26T07:31:37Z</time></trkpt>
<trkpt lat="36.77328505328004" lon="137.77931004063984"><ele>2740</ele><time>2025-04-26T07:32:18Z</time></trkpt>
<trkpt lat="36.77322542200439" lon="137.77966482612288"><ele>2729</ele><time>2025-04-26T07:32:45Z</time></trkpt>
<trkpt lat="36.77312094670272" lon="137.78011754390832"><ele>2717</ele><time>2025-04-26T07:33:12Z</time></trkpt>
<trkpt lat="36.77318295522742" lon="137.7811894856514"><ele>2696</ele><time>2025-04-26T07:34:09Z</time></trkpt>
<trkpt lat="36.773256296996585" lon="137.781801957069"><ele>2679</ele><time>2025-04-26T07:34:32Z</time></trkpt>
<trkpt lat="36.77342593896683" lon="137.7823759900992"><ele>2655</ele><time>2025-04-26T07:36:05Z</time></trkpt>
<trkpt lat="36.773675033339174" lon="137.782816824766"><ele>2639</ele><time>2025-04-26T07:36:27Z</time></trkpt>
<trkpt lat="36.774184749687784" lon="137.78409380361785"><ele>2621</ele><time>2025-04-26T07:36:48Z</time></trkpt>
<trkpt lat="36.77429312302588" lon="137.7844082647677"><ele>2627</ele><time>2025-04-26T07:37:11Z</time></trkpt>
<trkpt lat="36.774469154603466" lon="137.78456554653496"><ele>2624</ele><time>2025-04-26T07:38:25Z</time></trkpt>
<trkpt lat="36.774562832804904" lon="137.78476216489582"><ele>2624</ele><time>2025-04-26T07:38:54Z</time></trkpt>
<trkpt lat="36.77481167983211" lon="137.78490733521096"><ele>2620</ele><time>2025-04-26T07:39:22Z</time></trkpt>
<trkpt lat="36.77493597271076" lon="137.78510611637"><ele>2620</ele><time>2025-04-26T07:39:48Z</time></trkpt>
<trkpt lat="36.775049619221804" lon="137.78535649552072"><ele>2616</ele><time>2025-04-26T07:40:24Z</time></trkpt>
<trkpt lat="36.775202904187395" lon="137.7855764991209"><ele>2617</ele><time>2025-04-26T07:40:59Z</time></trkpt>
<trkpt lat="36.77541535081775" lon="137.7857393280329"><ele>2612</ele><time>2025-04-26T07:41:25Z</time></trkpt>
<trkpt lat="36.77551277424364" lon="137.78606844007493"><ele>2606</ele><time>2025-04-26T07:42:10Z</time></trkpt>
<trkpt lat="36.77569926357822" lon="137.78628337256333"><ele>2602</ele><time>2025-04-26T07:42:42Z</time></trkpt>
<trkpt lat="36.77575730977436" lon="137.78642092108183"><ele>2595</ele><time>2025-04-26T07:43:42Z</time></trkpt>
<trkpt lat="36.775795002857066" lon="137.78662148289226"><ele>2592</ele><time>2025-04-26T07:45:41Z</time></trkpt>
<trkpt lat="36.775960763341786" lon="137.7868106255748"><ele>2589</ele><time>2025-04-26T07:46:23Z</time></trkpt>
<trkpt lat="36.775956272748196" lon="137.7869430294907"><ele>2589</ele><time>2025-04-26T07:48:19Z</time></trkpt>
<trkpt lat="36.77617406142707" lon="137.78714220128066"><ele>2586</ele><time>2025-04-26T07:49:12Z</time></trkpt>
<trkpt lat="36.776357402156876" lon="137.78733698535703"><ele>2588</ele><time>2025-04-26T07:49:41Z</time></trkpt>
<trkpt lat="36.776465970643976" lon="137.78743184256922"><ele>2586</ele><time>2025-04-26T07:50:19Z</time></trkpt>
<trkpt lat="36.776541937607114" lon="137.787572603374"><ele>2599</ele><time>2025-04-26T07:50:56Z</time></trkpt>
<trkpt lat="36.77666370324583" lon="137.7876430133737"><ele>2591</ele><time>2025-04-26T07:52:22Z</time></trkpt>
<trkpt lat="36.776788553714134" lon="137.7877814663342"><ele>2606</ele><time>2025-04-26T07:53:07Z</time></trkpt>
<trkpt lat="36.7768736729067" lon="137.7878721423793"><ele>2610</ele><time>2025-04-26T07:54:22Z</time></trkpt>
<trkpt lat="36.77702149007021" lon="137.78800553509762"><ele>2615</ele><time>2025-04-26T07:55:42Z</time></trkpt>
<trkpt lat="36.777183753913334" lon="137.78855926321543"><ele>2601</ele><time>2025-04-26T07:59:21Z</time></trkpt>
<trkpt lat="36.77725144689229" lon="137.78873295595125"><ele>2603</ele><time>2025-04-26T08:00:06Z</time></trkpt>
<trkpt lat="36.77752731908468" lon="137.78922324445264"><ele>2596</ele><time>2025-04-26T08:00:35Z</time></trkpt>
<trkpt lat="36.777895906748036" lon="137.78964863313675"><ele>2596</ele><time>2025-04-26T08:00:59Z</time></trkpt>
<trkpt lat="36.778184801222416" lon="137.78981040012"><ele>2593</ele><time>2025-04-26T08:01:30Z</time></trkpt>
<trkpt lat="36.778417489532785" lon="137.7900439114944"><ele>2586</ele><time>2025-04-26T08:02:20Z</time></trkpt>
<trkpt lat="36.7785540579017" lon="137.79071788640042"><ele>2580</ele><time>2025-04-26T08:08:58Z</time></trkpt>
<trkpt lat="36.778755934778516" lon="137.79080805292858"><ele>2572</ele><time>2025-04-26T08:09:36Z</time></trkpt>
<trkpt lat="36.778976988128434" lon="137.79085519830411"><ele>2553</ele><time>2025-04-26T08:10:33Z</time></trkpt>
<trkpt lat="36.779447694875564" lon="137.79135810674396"><ele>2542</ele><time>2025-04-26T08:10:55Z</time></trkpt>
<trkpt lat="36.77962166301085" lon="137.79142260844102"><ele>2536</ele><time>2025-04-26T08:11:29Z</time></trkpt>
<trkpt lat="36.77997709026566" lon="137.79143395851827"><ele>2518</ele><time>2025-04-26T08:12:27Z</time></trkpt>
<trkpt lat="36.78009696531198" lon="137.79159782399978"><ele>2517</ele><time>2025-04-26T08:12:51Z</time></trkpt>
<trkpt lat="36.78099366236052" lon="137.79213488081825"><ele>2483</ele><time>2025-04-26T08:13:19Z</time></trkpt>
<trkpt lat="36.781483796710425" lon="137.792395463715"><ele>2472</ele><time>2025-04-26T08:13:40Z</time></trkpt>
<trkpt lat="36.78261696487071" lon="137.79287573737435"><ele>2454</ele><time>2025-04-26T08:14:02Z</time></trkpt>
<trkpt lat="36.783557961793626" lon="137.79329210987848"><ele>2439</ele><time>2025-04-26T08:14:23Z</time></trkpt>
<trkpt lat="36.78447973090047" lon="137.7936170156825"><ele>2431</ele><time>2025-04-26T08:14:44Z</time></trkpt>
<trkpt lat="36.785202633667566" lon="137.79351283037698"><ele>2424</ele><time>2025-04-26T08:15:10Z</time></trkpt>
<trkpt lat="36.786494482787454" lon="137.79398789619083"><ele>2400</ele><time>2025-04-26T08:16:39Z</time></trkpt>
<trkpt lat="36.78699942327026" lon="137.79512190183846"><ele>2392</ele><time>2025-04-26T08:17:01Z</time></trkpt>
<trkpt lat="36.78721154978918" lon="137.79542353003512"><ele>2388</ele><time>2025-04-26T08:17:30Z</time></trkpt>
<trkpt lat="36.787809784822585" lon="137.79543257317314"><ele>2382</ele><time>2025-04-26T08:17:53Z</time></trkpt>
<trkpt lat="36.78840176888092" lon="137.79545581596088"><ele>2380</ele><time>2025-04-26T08:18:16Z</time></trkpt>
<trkpt lat="36.7887051096602" lon="137.7954349881487"><ele>2376</ele><time>2025-04-26T08:18:43Z</time></trkpt>
<trkpt lat="36.78910919700813" lon="137.79535109591922"><ele>2375</ele><time>2025-04-26T08:19:09Z</time></trkpt>
<trkpt lat="36.78974785220008" lon="137.79517289152975"><ele>2375</ele><time>2025-04-26T08:20:25Z</time></trkpt>
<trkpt lat="36.7903674520766" lon="137.7950430313304"><ele>2364</ele><time>2025-04-26T08:21:05Z</time></trkpt>
<trkpt lat="36.79094957858481" lon="137.7951157521474"><ele>2366</ele><time>2025-04-26T08:22:28Z</time></trkpt>
<trkpt lat="36.79093496027163" lon="137.79489513987033"><ele>2365</ele><time>2025-04-26T08:23:05Z</time></trkpt>
<trkpt lat="36.791916294099074" lon="137.79499672113118"><ele>2345</ele><time>2025-04-26T08:23:29Z</time></trkpt>
<trkpt lat="36.792471205826004" lon="137.79538014993594"><ele>2345</ele><time>2025-04-26T08:23:52Z</time></trkpt>
<trkpt lat="36.79297987922262" lon="137.7958197420427"><ele>2341</ele><time>2025-04-26T08:24:13Z</time></trkpt>
<trkpt lat="36.79364224040922" lon="137.79636235433372"><ele>2334</ele><time>2025-04-26T08:24:37Z</time></trkpt>
<trkpt lat="36.79389913794568" lon="137.79647376813068"><ele>2328</ele><time>2025-04-26T08:25:16Z</time></trkpt>
<trkpt lat="36.79415232261528" lon="137.79592611959833"><ele>2302</ele><time>2025-04-26T08:25:45Z</time></trkpt>
<trkpt lat="36.79441004133397" lon="137.79568891405046"><ele>2274</ele><time>2025-04-26T08:26:10Z</time></trkpt>
<trkpt lat="36.794887412786494" lon="137.79493636614828"><ele>2253</ele><time>2025-04-26T08:26:33Z</time></trkpt>
<trkpt lat="36.79534951241511" lon="137.79446995536594"><ele>2238</ele><time>2025-04-26T08:26:55Z</time></trkpt>
<trkpt lat="36.79576707416901" lon="137.79409993640365"><ele>2209</ele><time>2025-04-26T08:27:30Z</time></trkpt>
<trkpt lat="36.79584252665219" lon="137.79417259015037"><ele>2207</ele><time>2025-04-26T08:28:04Z</time></trkpt>
<trkpt lat="36.7964914232929" lon="137.7940793240818"><ele>2173</ele><time>2025-04-26T08:28:33Z</time></trkpt>
<trkpt lat="36.79700163811434" lon="137.7942529289616"><ele>2166</ele><time>2025-04-26T08:28:55Z</time></trkpt>
<trkpt lat="36.79746200989355" lon="137.79454687367135"><ele>2169</ele><time>2025-04-26T08:29:19Z</time></trkpt>
<trkpt lat="36.797697139605155" lon="137.79472198887916"><ele>2164</ele><time>2025-04-26T08:29:42Z</time></trkpt>
<trkpt lat="36.797962895788935" lon="137.79454892118602"><ele>2142</ele><time>2025-04-26T08:31:08Z</time></trkpt>
<trkpt lat="36.79836712144509" lon="137.7938116244257"><ele>2121</ele><time>2025-04-26T08:31:30Z</time></trkpt>
<trkpt lat="36.79872920414093" lon="137.79357310409313"><ele>2103</ele><time>2025-04-26T08:31:54Z</time></trkpt>
<trkpt lat="36.79893855677404" lon="137.7935907918056"><ele>2097</ele><time>2025-04-26T08:32:19Z</time></trkpt>
<trkpt lat="36.799198922188545" lon="137.79342991519852"><ele>2071</ele><time>2025-04-26T08:32:41Z</time></trkpt>
<trkpt lat="36.79944686068454" lon="137.79330421213444"><ele>2057</ele><time>2025-04-26T08:33:16Z</time></trkpt>
<trkpt lat="36.79971592273791" lon="137.7930903376902"><ele>2036</ele><time>2025-04-26T08:33:40Z</time></trkpt>
<trkpt lat="36.80016303271994" lon="137.79278356242338"><ele>2002</ele><time>2025-04-26T08:34:49Z</time></trkpt>
<trkpt lat="36.80040854300694" lon="137.79284875500701"><ele>1976</ele><time>2025-04-26T08:35:15Z</time></trkpt>
<trkpt lat="36.80062215780684" lon="137.79312559933734"><ele>1958</ele><time>2025-04-26T08:35:48Z</time></trkpt>
<trkpt lat="36.80083816756358" lon="137.79330183827867"><ele>1939</ele><time>2025-04-26T08:36:13Z</time></trkpt>
<trkpt lat="36.80111518331653" lon="137.79307521295655"><ele>1921</ele><time>2025-04-26T08:36:35Z</time></trkpt>
<trkpt lat="36.80150956571589" lon="137.79313621581093"><ele>1890</ele><time>2025-04-26T08:36:58Z</time></trkpt>
<trkpt lat="36.801769814960174" lon="137.79308245318109"><ele>1881</ele><time>2025-04-26T08:37:23Z</time></trkpt>
<trkpt lat="36.80218935674057" lon="137.79335113290153"><ele>1849</ele><time>2025-04-26T08:38:49Z</time></trkpt>
<trkpt lat="36.80258469776785" lon="137.7933692607423"><ele>1817</ele><time>2025-04-26T08:39:12Z</time></trkpt>
<trkpt lat="36.803004886783306" lon="137.793930275718"><ele>1802</ele><time>2025-04-26T08:39:36Z</time></trkpt>
<trkpt lat="36.80330715678689" lon="137.7941048353989"><ele>1783</ele><time>2025-04-26T08:40:04Z</time></trkpt>
<trkpt lat="36.80367887520995" lon="137.79402535020162"><ele>1764</ele><time>2025-04-26T08:40:27Z</time></trkpt>
<trkpt lat="36.80388630754297" lon="137.79423733839968"><ele>1763</ele><time>2025-04-26T08:40:53Z</time></trkpt>
<trkpt lat="36.804154825524414" lon="137.79441426265552"><ele>1735</ele><time>2025-04-26T08:41:53Z</time></trkpt>
<trkpt lat="36.804454246165754" lon="137.79451720588935"><ele>1715</ele><time>2025-04-26T08:42:15Z</time></trkpt>
<trkpt lat="36.80452314820907" lon="137.7948622231696"><ele>1697</ele><time>2025-04-26T08:42:37Z</time></trkpt>
<trkpt lat="36.80476198140122" lon="137.79500538172647"><ele>1673</ele><time>2025-04-26T08:43:02Z</time></trkpt>
<trkpt lat="36.80489546500133" lon="137.79520251088482"><ele>1667</ele><time>2025-04-26T08:43:25Z</time></trkpt>
<trkpt lat="36.80493482395607" lon="137.79549701679537"><ele>1654</ele><time>2025-04-26T08:44:05Z</time></trkpt>
<trkpt lat="36.80510244049188" lon="137.79590950588656"><ele>1625</ele><time>2025-04-26T08:44:35Z</time></trkpt>
<trkpt lat="36.805610657207474" lon="137.7959878808479"><ele>1602</ele><time>2025-04-26T08:44:56Z</time></trkpt>
<trkpt lat="36.805985985794806" lon="137.79603479138862"><ele>1581</ele><time>2025-04-26T08:45:19Z</time></trkpt>
<trkpt lat="36.80635029603758" lon="137.79650173150114"><ele>1567</ele><time>2025-04-26T08:45:42Z</time></trkpt>
<trkpt lat="36.80685868448739" lon="137.7972965952591"><ele>1534</ele><time>2025-04-26T08:46:14Z</time></trkpt>
<trkpt lat="36.80754759031422" lon="137.79737459439278"><ele>1513</ele><time>2025-04-26T08:46:39Z</time></trkpt>
<trkpt lat="36.80832300697767" lon="137.79779632723893"><ele>1503</ele><time>2025-04-26T08:47:01Z</time></trkpt>
<trkpt lat="36.80866774578714" lon="137.79782768410956"><ele>1502</ele><time>2025-04-26T08:47:26Z</time></trkpt>
<trkpt lat="36.80918230119309" lon="137.79783147252496"><ele>1486</ele><time>2025-04-26T08:47:49Z</time></trkpt>
<trkpt lat="36.80950751175822" lon="137.79797542645375"><ele>1483</ele><time>2025-04-26T08:48:14Z</time></trkpt>
<trkpt lat="36.80979302826361" lon="137.79807688760332"><ele>1482</ele><time>2025-04-26T08:48:37Z</time></trkpt>
<trkpt lat="36.810070056204204" lon="137.79822978305162"><ele>1477</ele><time>2025-04-26T08:49:04Z</time></trkpt>
<trkpt lat="36.810322685970995" lon="137.79857378635245"><ele>1481</ele><time>2025-04-26T08:49:32Z</time></trkpt>
<trkpt lat="36.81027270912037" lon="137.79872888856661"><ele>1473</ele><time>2025-04-26T08:51:45Z</time></trkpt>
</trkseg>
</trk>
<trk><name>track</name><number>2</number><trkseg>
<trkpt lat="36.81031390096695" lon="137.79850423348861"><ele>1475</ele><time>2025-04-26T23:10:20Z</time></trkpt>
<trkpt lat="36.81015891394516" lon="137.79830147383674"><ele>1477</ele><time>2025-04-26T23:11:09Z</time></trkpt>
<trkpt lat="36.80994915553209" lon="137.79835587502023"><ele>1482</ele><time>2025-04-26T23:11:39Z</time></trkpt>
<trkpt lat="36.80990872933018" lon="137.79853764942627"><ele>1478</ele><time>2025-04-26T23:12:09Z</time></trkpt>
<trkpt lat="36.80973160213779" lon="137.79862477811596"><ele>1489</ele><time>2025-04-26T23:12:47Z</time></trkpt>
<trkpt lat="36.8096277264482" lon="137.79872683260243"><ele>1495</ele><time>2025-04-26T23:13:34Z</time></trkpt>
<trkpt lat="36.80945214972623" lon="137.7988213735574"><ele>1498</ele><time>2025-04-26T23:14:28Z</time></trkpt>
<trkpt lat="36.809257683007075" lon="137.7988519671529"><ele>1508</ele><time>2025-04-26T23:15:10Z</time></trkpt>
<trkpt lat="36.809149296137775" lon="137.79900022770855"><ele>1514</ele><time>2025-04-26T23:16:01Z</time></trkpt>
<trkpt lat="36.808960792111435" lon="137.79909675647457"><ele>1516</ele><time>2025-04-26T23:16:50Z</time></trkpt>
<trkpt lat="36.808768267036676" lon="137.7991917109823"><ele>1525</ele><time>2025-04-26T23:17:25Z</time></trkpt>
<trkpt lat="36.80859122794978" lon="137.79924597348824"><ele>1535</ele><time>2025-04-26T23:17:59Z</time></trkpt>
<trkpt lat="36.80837020590606" lon="137.79929640223384"><ele>1540</ele><time>2025-04-26T23:18:40Z</time></trkpt>
<trkpt lat="36.80818027977703" lon="137.7993560842"><ele>1543</ele><time>2025-04-26T23:19:21Z</time></trkpt>
<trkpt lat="36.80800916880998" lon="137.7994584257044"><ele>1550</ele><time>2025-04-26T23:19:52Z</time></trkpt>
<trkpt lat="36.80786201361824" lon="137.79963318939272"><ele>1551</ele><time>2025-04-26T23:20:43Z</time></trkpt>
<trkpt lat="36.80768890655662" lon="137.79966068759927"><ele>1552</ele><time>2025-04-26T23:21:10Z</time></trkpt>
<trkpt lat="36.80744144406851" lon="137.79967692221942"><ele>1557</ele><time>2025-04-26T23:21:42Z</time></trkpt>
<trkpt lat="36.80725408977258" lon="137.7996730158807"><ele>1563</ele><time>2025-04-26T23:22:14Z</time></trkpt>
<trkpt lat="36.80720794612763" lon="137.79985599532313"><ele>1563</ele><time>2025-04-26T23:24:22Z</time></trkpt>
<trkpt lat="36.80718144111408" lon="137.80006147684128"><ele>1565</ele><time>2025-04-26T23:27:49Z</time></trkpt>
<trkpt lat="36.80716001613537" lon="137.8002720126137"><ele>1572</ele><time>2025-04-26T23:28:29Z</time></trkpt>
<trkpt lat="36.80732054164297" lon="137.80044960439503"><ele>1575</ele><time>2025-04-26T23:29:04Z</time></trkpt>
<trkpt lat="36.80718408875305" lon="137.8002931145663"><ele>1573</ele><time>2025-04-26T23:31:37Z</time></trkpt>
<trkpt lat="36.807149621813345" lon="137.80010781975952"><ele>1570</ele><time>2025-04-26T23:32:23Z</time></trkpt>
<trkpt lat="36.80721366105644" lon="137.79992169010262"><ele>1564</ele><time>2025-04-26T23:42:10Z</time></trkpt>
<trkpt lat="36.80722430408818" lon="137.79974467831448"><ele>1560</ele><time>2025-04-27T00:27:12Z</time></trkpt>
<trkpt lat="36.80759114960267" lon="137.7995618686333"><ele>1551</ele><time>2025-04-27T00:29:00Z</time></trkpt>
<trkpt lat="36.80776731949613" lon="137.79942813389152"><ele>1548</ele><time>2025-04-27T00:29:44Z</time></trkpt>
<trkpt lat="36.8080943752994" lon="137.79927900436726"><ele>1543</ele><time>2025-04-27T00:30:10Z</time></trkpt>
<trkpt lat="36.80845008119248" lon="137.79905611488005"><ele>1536</ele><time>2025-04-27T00:30:35Z</time></trkpt>
<trkpt lat="36.8090156798255" lon="137.7990187198202"><ele>1518</ele><time>2025-04-27T00:30:58Z</time></trkpt>
<trkpt lat="36.80928737405326" lon="137.79877895959532"><ele>1512</ele><time>2025-04-27T00:31:30Z</time></trkpt>
<trkpt lat="36.809832899669104" lon="137.79849110943903"><ele>1484</ele><time>2025-04-27T00:31:52Z</time></trkpt>
<trkpt lat="36.80996863462928" lon="137.79844966027565"><ele>1478</ele><time>2025-04-27T00:32:16Z</time></trkpt>
<trkpt lat="36.81021046831312" lon="137.79834694071096"><ele>1474</ele><time>2025-04-27T00:33:05Z</time></trkpt>
<trkpt lat="36.81038328097595" lon="137.79863311122"><ele>1473</ele><time>2025-04-27T00:33:42Z</time></trkpt>
<trkpt lat="36.81026836159683" lon="137.7987446483446"><ele>1477</ele><time>2025-04-27T00:34:20Z</time></trkpt>
<trkpt lat="36.81039779409234" lon="137.79874646620434"><ele>1477</ele><time>2025-04-27T00:36:07Z</time></trkpt>
<trkpt lat="36.81025623872169" lon="137.79879553359297"><ele>1474</ele><time>2025-04-27T00:36:38Z</time></trkpt>
<trkpt lat="36.8103406361633" lon="137.7986875031557"><ele>1471</ele><time>2025-04-27T00:36:59Z</time></trkpt>
<trkpt lat="36.8105902102557" lon="137.79875037417332"><ele>1469</ele><time>2025-04-27T00:50:13Z</time></trkpt>
<trkpt lat="36.8108173680654" lon="137.79897940423965"><ele>1471</ele><time>2025-04-27T00:50:38Z</time></trkpt>
<trkpt lat="36.81099143905796" lon="137.79921536650164"><ele>1471</ele><time>2025-04-27T00:51:09Z</time></trkpt>
<trkpt lat="36.81110576940122" lon="137.79942577791167"><ele>1471</ele><time>2025-04-27T00:51:41Z</time></trkpt>
<trkpt lat="36.81123233951228" lon="137.79965330144265"><ele>1473</ele><time>2025-04-27T00:52:12Z</time></trkpt>
<trkpt lat="36.81123861027903" lon="137.79983966430993"><ele>1476</ele><time>2025-04-27T00:53:14Z</time></trkpt>
<trkpt lat="36.81123323313723" lon="137.80009941559013"><ele>1477</ele><time>2025-04-27T00:53:55Z</time></trkpt>
<trkpt lat="36.8112266944161" lon="137.80038047862078"><ele>1481</ele><time>2025-04-27T00:54:47Z</time></trkpt>
<trkpt lat="36.8110909787051" lon="137.80057716196808"><ele>1485</ele><time>2025-04-27T00:55:29Z</time></trkpt>
<trkpt lat="36.81098121345001" lon="137.8008482934378"><ele>1482</ele><time>2025-04-27T00:56:02Z</time></trkpt>
<trkpt lat="36.810851167508766" lon="137.80114341523714"><ele>1484</ele><time>2025-04-27T00:56:33Z</time></trkpt>
<trkpt lat="36.81077507211473" lon="137.80127548436005"><ele>1487</ele><time>2025-04-27T00:57:17Z</time></trkpt>
<trkpt lat="36.81078777929067" lon="137.80140117719074"><ele>1480</ele><time>2025-04-27T00:58:01Z</time></trkpt>
<trkpt lat="36.81073069847956" lon="137.80174313696793"><ele>1484</ele><time>2025-04-27T00:58:41Z</time></trkpt>
<trkpt lat="36.81058197693697" lon="137.80185480133412"><ele>1483</ele><time>2025-04-27T00:59:17Z</time></trkpt>
<trkpt lat="36.810433438459626" lon="137.8018679852448"><ele>1490</ele><time>2025-04-27T01:00:37Z</time></trkpt>
<trkpt lat="36.81032554947045" lon="137.80193116249865"><ele>1492</ele><time>2025-04-27T01:01:10Z</time></trkpt>
<trkpt lat="36.810187609475705" lon="137.80199556462875"><ele>1497</ele><time>2025-04-27T01:01:49Z</time></trkpt>
<trkpt lat="36.81006278763869" lon="137.80202777190502"><ele>1498</ele><time>2025-04-27T01:02:22Z</time></trkpt>
<trkpt lat="36.80983276097614" lon="137.8019496104218"><ele>1499</ele><time>2025-04-27T01:03:58Z</time></trkpt>
<trkpt lat="36.80970082537857" lon="137.8020216661049"><ele>1488</ele><time>2025-04-27T01:05:37Z</time></trkpt>
<trkpt lat="36.80977579833806" lon="137.802098321289"><ele>1489</ele><time>2025-04-27T01:09:36Z</time></trkpt>
<trkpt lat="36.8099590013522" lon="137.80214886084485"><ele>1489</ele><time>2025-04-27T01:10:11Z</time></trkpt>
<trkpt lat="36.8101175356786" lon="137.8020893675285"><ele>1493</ele><time>2025-04-27T01:10:41Z</time></trkpt>
<trkpt lat="36.81024524294789" lon="137.80198861472292"><ele>1491</ele><time>2025-04-27T01:11:49Z</time></trkpt>
<trkpt lat="36.81038778534373" lon="137.80192407392198"><ele>1490</ele><time>2025-04-27T01:12:32Z</time></trkpt>
<trkpt lat="36.81050661216919" lon="137.80181094093393"><ele>1487</ele><time>2025-04-27T01:13:08Z</time></trkpt>
<trkpt lat="36.810603674767734" lon="137.80183054603233"><ele>1488</ele><time>2025-04-27T01:15:24Z</time></trkpt>
<trkpt lat="36.81075730311186" lon="137.80205087534696"><ele>1491</ele><time>2025-04-27T01:17:00Z</time></trkpt>
<trkpt lat="36.810991009762205" lon="137.80215977825944"><ele>1488</ele><time>2025-04-27T01:17:39Z</time></trkpt>
<trkpt lat="36.81123991203108" lon="137.80225017550907"><ele>1489</ele><time>2025-04-27T01:18:11Z</time></trkpt>
<trkpt lat="36.81148510798987" lon="137.8023190285378"><ele>1490</ele><time>2025-04-27T01:18:39Z</time></trkpt>
<trkpt lat="36.81173903251785" lon="137.80240051553332"><ele>1493</ele><time>2025-04-27T01:19:08Z</time></trkpt>
<trkpt lat="36.81195146898718" lon="137.8026456628201"><ele>1497</ele><time>2025-04-27T01:19:37Z</time></trkpt>
<trkpt lat="36.81183533496611" lon="137.80284512859015"><ele>1498</ele><time>2025-04-27T01:20:05Z</time></trkpt>
<trkpt lat="36.811660958371064" lon="137.80308907302114"><ele>1504</ele><time>2025-04-27T01:20:37Z</time></trkpt>
<trkpt lat="36.81148848289002" lon="137.80337789224507"><ele>1505</ele><time>2025-04-27T01:21:11Z</time></trkpt>
<trkpt lat="36.81133451123908" lon="137.8036343350681"><ele>1510</ele><time>2025-04-27T01:21:40Z</time></trkpt>
<trkpt lat="36.81119949758059" lon="137.80395220189294"><ele>1512</ele><time>2025-04-27T01:22:09Z</time></trkpt>
<trkpt lat="36.81117575024133" lon="137.80406229571014"><ele>1515</ele><time>2025-04-27T01:22:51Z</time></trkpt>
<trkpt lat="36.811129084460475" lon="137.80432503502925"><ele>1514</ele><time>2025-04-27T01:24:46Z</time></trkpt>
<trkpt lat="36.81101644269835" lon="137.80458155427218"><ele>1518</ele><time>2025-04-27T01:25:19Z</time></trkpt>
<trkpt lat="36.811017965136664" lon="137.80484359791527"><ele>1521</ele><time>2025-04-27T01:25:55Z</time></trkpt>
<trkpt lat="36.81096899486922" lon="137.805153438875"><ele>1529</ele><time>2025-04-27T01:26:28Z</time></trkpt>
<trkpt lat="36.81083969606582" lon="137.80526833800187"><ele>1535</ele><time>2025-04-27T01:27:03Z</time></trkpt>
<trkpt lat="36.8106381041275" lon="137.805429169904"><ele>1529</ele><time>2025-04-27T01:27:34Z</time></trkpt>
<trkpt lat="36.8105019957031" lon="137.80563247201422"><ele>1542</ele><time>2025-04-27T01:28:09Z</time></trkpt>
<trkpt lat="36.81032097790249" lon="137.8058287827374"><ele>1545</ele><time>2025-04-27T01:28:42Z</time></trkpt>
<trkpt lat="36.81022333735414" lon="137.8060762359868"><ele>1552</ele><time>2025-04-27T01:29:15Z</time></trkpt>
<trkpt lat="36.81000349911059" lon="137.80619484508256"><ele>1551</ele><time>2025-04-27T01:29:46Z</time></trkpt>
<trkpt lat="36.80982120714947" lon="137.80630108442995"><ele>1556</ele><time>2025-04-27T01:30:18Z</time></trkpt>
<trkpt lat="36.809591735813385" lon="137.8063614114786"><ele>1559</ele><time>2025-04-27T01:30:54Z</time></trkpt>
<trkpt lat="36.80940779401102" lon="137.80636012517652"><ele>1568</ele><time>2025-04-27T01:31:27Z</time></trkpt>
<trkpt lat="36.80922621672641" lon="137.80628535815936"><ele>1578</ele><time>2025-04-27T01:32:01Z</time></trkpt>
<trkpt lat="36.80909093809549" lon="137.80645994292777"><ele>1578</ele><time>2025-04-27T01:32:33Z</time></trkpt>
<trkpt lat="36.80897111487907" lon="137.80660384356108"><ele>1583</ele><time>2025-04-27T01:33:09Z</time></trkpt>
<trkpt lat="36.808826566294904" lon="137.80671068474442"><ele>1588</ele><time>2025-04-27T01:33:47Z</time></trkpt>
<trkpt lat="36.80864591148169" lon="137.80689134518641"><ele>1590</ele><time>2025-04-27T01:34:30Z</time></trkpt>
<trkpt lat="36.80846257300767" lon="137.80706400382596"><ele>1591</ele><time>2025-04-27T01:35:02Z</time></trkpt>
<trkpt lat="36.80835858730541" lon="137.8072392488967"><ele>1599</ele><time>2025-04-27T01:35:40Z</time></trkpt>
<trkpt lat="36.80820267036413" lon="137.80740064098165"><ele>1603</ele><time>2025-04-27T01:36:13Z</time></trkpt>
<trkpt lat="36.8080893023084" lon="137.80764100551553"><ele>1608</ele><time>2025-04-27T01:36:44Z</time></trkpt>
<trkpt lat="36.80806454530635" lon="137.80788472652122"><ele>1610</ele><time>2025-04-27T01:37:30Z</time></trkpt>
<trkpt lat="36.80789003022903" lon="137.8081015084494"><ele>1618</ele><time>2025-04-27T01:38:04Z</time></trkpt>
<trkpt lat="36.80785985137249" lon="137.80820981945095"><ele>1622</ele><time>2025-04-27T01:40:07Z</time></trkpt>
<trkpt lat="36.80771287833716" lon="137.80823489134764"><ele>1619</ele><time>2025-04-27T01:43:54Z</time></trkpt>
<trkpt lat="36.80764924702201" lon="137.80838153782406"><ele>1627</ele><time>2025-04-27T01:44:26Z</time></trkpt>
<trkpt lat="36.80743517537486" lon="137.80835619313254"><ele>1629</ele><time>2025-04-27T01:45:00Z</time></trkpt>
<trkpt lat="36.80731869936814" lon="137.80857060862198"><ele>1636</ele><time>2025-04-27T01:45:37Z</time></trkpt>
<trkpt lat="36.807307116654194" lon="137.8088112355862"><ele>1633</ele><time>2025-04-27T01:46:10Z</time></trkpt>
<trkpt lat="36.80721271534386" lon="137.8090513998938"><ele>1636</ele><time>2025-04-27T01:46:44Z</time></trkpt>
<trkpt lat="36.8070747973268" lon="137.80928318323686"><ele>1646</ele><time>2025-04-27T01:47:20Z</time></trkpt>
<trkpt lat="36.80689559460498" lon="137.80941267639878"><ele>1648</ele><time>2025-04-27T01:47:51Z</time></trkpt>
<trkpt lat="36.806675465852344" lon="137.80952011341267"><ele>1649</ele><time>2025-04-27T01:48:27Z</time></trkpt>
<trkpt lat="36.80647049405016" lon="137.80963533370286"><ele>1660</ele><time>2025-04-27T01:49:03Z</time></trkpt>
<trkpt lat="36.80628800871059" lon="137.80973675294962"><ele>1656</ele><time>2025-04-27T01:49:36Z</time></trkpt>
<trkpt lat="36.806095211551416" lon="137.80980094656366"><ele>1669</ele><time>2025-04-27T01:50:08Z</time></trkpt>
<trkpt lat="36.80587645998946" lon="137.80980036708573"><ele>1670</ele><time>2025-04-27T01:50:42Z</time></trkpt>
<trkpt lat="36.8056856755472" lon="137.8098962312954"><ele>1672</ele><time>2025-04-27T01:51:13Z</time></trkpt>
<trkpt lat="36.805445425078396" lon="137.80989327716057"><ele>1674</ele><time>2025-04-27T01:51:46Z</time></trkpt>
<trkpt lat="36.80528625801065" lon="137.80982631660467"><ele>1679</ele><time>2025-04-27T01:52:17Z</time></trkpt>
<trkpt lat="36.80510170958403" lon="137.80983420259636"><ele>1683</ele><time>2025-04-27T01:52:48Z</time></trkpt>
<trkpt lat="36.80500150933694" lon="137.8099222053029"><ele>1688</ele><time>2025-04-27T01:53:44Z</time></trkpt>
<trkpt lat="36.80505807379462" lon="137.81003688874384"><ele>1691</ele><time>2025-04-27T01:54:28Z</time></trkpt>
<trkpt lat="36.804913713872665" lon="137.81006473039378"><ele>1692</ele><time>2025-04-27T01:55:37Z</time></trkpt>
<trkpt lat="36.80479377819334" lon="137.81017648744475"><ele>1685</ele><time>2025-04-27T01:59:00Z</time></trkpt>
<trkpt lat="36.804749901690776" lon="137.81055442135218"><ele>1681</ele><time>2025-04-27T01:59:34Z</time></trkpt>
<trkpt lat="36.80471279206071" lon="137.8108730842598"><ele>1680</ele><time>2025-04-27T01:59:57Z</time></trkpt>
<trkpt lat="36.80477565114287" lon="137.81055933494406"><ele>1683</ele><time>2025-04-27T02:01:15Z</time></trkpt>
<trkpt lat="36.80476058190138" lon="137.81026984118125"><ele>1687</ele><time>2025-04-27T02:01:51Z</time></trkpt>
<trkpt lat="36.80459382407232" lon="137.81029720185032"><ele>1694</ele><time>2025-04-27T02:02:36Z</time></trkpt>
<trkpt lat="36.80438959643418" lon="137.8102563694822"><ele>1706</ele><time>2025-04-27T02:03:06Z</time></trkpt>
<trkpt lat="36.80426856756765" lon="137.8105690489839"><ele>1704</ele><time>2025-04-27T02:03:38Z</time></trkpt>
<trkpt lat="36.8041209090326" lon="137.81096095967126"><ele>1701</ele><time>2025-04-27T02:04:34Z</time></trkpt>
<trkpt lat="36.80402585961751" lon="137.81119728768124"><ele>1705</ele><time>2025-04-27T02:05:04Z</time></trkpt>
<trkpt lat="36.80396999261019" lon="137.81130467752143"><ele>1704</ele><time>2025-04-27T02:05:49Z</time></trkpt>
<trkpt lat="36.804069972119336" lon="137.81145880019227"><ele>1700</ele><time>2025-04-27T02:06:38Z</time></trkpt>
<trkpt lat="36.80397840088248" lon="137.8116266659977"><ele>1697</ele><time>2025-04-27T02:08:10Z</time></trkpt>
<trkpt lat="36.80389549217506" lon="137.81213400526727"><ele>1695</ele><time>2025-04-27T02:10:24Z</time></trkpt>
<trkpt lat="36.80382004311901" lon="137.81221895654255"><ele>1690</ele><time>2025-04-27T02:10:58Z</time></trkpt>
<trkpt lat="36.80366689387196" lon="137.8125485437043"><ele>1685</ele><time>2025-04-27T02:16:03Z</time></trkpt>
<trkpt lat="36.80349696712932" lon="137.81272635216845"><ele>1686</ele><time>2025-04-27T02:16:34Z</time></trkpt>
<trkpt lat="36.80345487062212" lon="137.81288177129622"><ele>1690</ele><time>2025-04-27T02:17:09Z</time></trkpt>
<trkpt lat="36.80348275342746" lon="137.81275427813318"><ele>1689</ele><time>2025-04-27T02:22:27Z</time></trkpt>
<trkpt lat="36.80329351898438" lon="137.81292777220685"><ele>1693</ele><time>2025-04-27T02:25:19Z</time></trkpt>
<trkpt lat="36.803184000773605" lon="137.8131496074927"><ele>1693</ele><time>2025-04-27T02:25:54Z</time></trkpt>
<trkpt lat="36.80305218128326" lon="137.81329437391582"><ele>1698</ele><time>2025-04-27T02:26:32Z</time></trkpt>
<trkpt lat="36.80287715906404" lon="137.81343212159607"><ele>1701</ele><time>2025-04-27T02:27:05Z</time></trkpt>
<trkpt lat="36.80268303886231" lon="137.81356627486346"><ele>1707</ele><time>2025-04-27T02:27:40Z</time></trkpt>
<trkpt lat="36.802462948354204" lon="137.81363859572812"><ele>1705</ele><time>2025-04-27T02:28:19Z</time></trkpt>
<trkpt lat="36.80224925502459" lon="137.81366559175098"><ele>1709</ele><time>2025-04-27T02:28:50Z</time></trkpt>
<trkpt lat="36.802028621935705" lon="137.8137443176671"><ele>1716</ele><time>2025-04-27T02:29:18Z</time></trkpt>
<trkpt lat="36.80182036050367" lon="137.81366000601548"><ele>1722</ele><time>2025-04-27T02:29:48Z</time></trkpt>
<trkpt lat="36.80161832653994" lon="137.81372153534227"><ele>1721</ele><time>2025-04-27T02:30:18Z</time></trkpt>
<trkpt lat="36.80142731764966" lon="137.81380531564884"><ele>1730</ele><time>2025-04-27T02:30:50Z</time></trkpt>
<trkpt lat="36.80122266219537" lon="137.81374620807455"><ele>1733</ele><time>2025-04-27T02:31:22Z</time></trkpt>
<trkpt lat="36.80102418344722" lon="137.81369113260803"><ele>1740</ele><time>2025-04-27T02:31:53Z</time></trkpt>
<trkpt lat="36.80082838445612" lon="137.8137795691357"><ele>1742</ele><time>2025-04-27T02:32:21Z</time></trkpt>
<trkpt lat="36.80077526260056" lon="137.8140989134391"><ele>1742</ele><time>2025-04-27T02:33:31Z</time></trkpt>
<trkpt lat="36.80063566128748" lon="137.81431876616813"><ele>1752</ele><time>2025-04-27T02:34:04Z</time></trkpt>
<trkpt lat="36.80041131043434" lon="137.8142112045757"><ele>1750</ele><time>2025-04-27T02:34:40Z</time></trkpt>
<trkpt lat="36.800179665620526" lon="137.8141572321755"><ele>1746</ele><time>2025-04-27T02:35:15Z</time></trkpt>
<trkpt lat="36.800075607174115" lon="137.81421156118137"><ele>1762</ele><time>2025-04-27T02:35:57Z</time></trkpt>
<trkpt lat="36.799871283994236" lon="137.81428871300187"><ele>1766</ele><time>2025-04-27T02:36:34Z</time></trkpt>
<trkpt lat="36.79971009763346" lon="137.8143642658848"><ele>1765</ele><time>2025-04-27T02:37:10Z</time></trkpt>
<trkpt lat="36.79953698410642" lon="137.81452746587118"><ele>1770</ele><time>2025-04-27T02:37:46Z</time></trkpt>
<trkpt lat="36.79937189062511" lon="137.8146937061067"><ele>1771</ele><time>2025-04-27T02:38:18Z</time></trkpt>
<trkpt lat="36.7992088647017" lon="137.81480189580688"><ele>1780</ele><time>2025-04-27T02:38:52Z</time></trkpt>
<trkpt lat="36.79906759010187" lon="137.81494549974227"><ele>1782</ele><time>2025-04-27T02:39:27Z</time></trkpt>
<trkpt lat="36.79886737425192" lon="137.81498014054796"><ele>1789</ele><time>2025-04-27T02:40:02Z</time></trkpt>
<trkpt lat="36.798673328243204" lon="137.81500192255749"><ele>1797</ele><time>2025-04-27T02:40:39Z</time></trkpt>
<trkpt lat="36.79851143758309" lon="137.81489973872544"><ele>1795</ele><time>2025-04-27T02:41:13Z</time></trkpt>
<trkpt lat="36.79832532193543" lon="137.81482486242942"><ele>1798</ele><time>2025-04-27T02:41:50Z</time></trkpt>
<trkpt lat="36.798131885804324" lon="137.81479317129484"><ele>1803</ele><time>2025-04-27T02:42:24Z</time></trkpt>
<trkpt lat="36.79795579809777" lon="137.81469334038684"><ele>1809</ele><time>2025-04-27T02:43:01Z</time></trkpt>
<trkpt lat="36.79775506211644" lon="137.81458335569909"><ele>1816</ele><time>2025-04-27T02:43:37Z</time></trkpt>
<trkpt lat="36.79758967690426" lon="137.8144959373222"><ele>1817</ele><time>2025-04-27T02:44:09Z</time></trkpt>
<trkpt lat="36.79738598796071" lon="137.81444611712155"><ele>1831</ele><time>2025-04-27T02:44:46Z</time></trkpt>
<trkpt lat="36.797259194797526" lon="137.81422805174105"><ele>1839</ele><time>2025-04-27T02:45:23Z</time></trkpt>
<trkpt lat="36.79714237789344" lon="137.81402226408608"><ele>1844</ele><time>2025-04-27T02:45:56Z</time></trkpt>
<trkpt lat="36.79701851508243" lon="137.81392529322318"><ele>1847</ele><time>2025-04-27T02:46:34Z</time></trkpt>
<trkpt lat="36.79684791468279" lon="137.81387754867288"><ele>1849</ele><time>2025-04-27T02:47:47Z</time></trkpt>
<trkpt lat="36.79666536964409" lon="137.81373846313267"><ele>1857</ele><time>2025-04-27T02:48:22Z</time></trkpt>
<trkpt lat="36.79646133476679" lon="137.8137135423283"><ele>1862</ele><time>2025-04-27T02:49:05Z</time></trkpt>
<trkpt lat="36.79627387702763" lon="137.8136633826259"><ele>1867</ele><time>2025-04-27T02:49:40Z</time></trkpt>
<trkpt lat="36.796124801039774" lon="137.81357167663552"><ele>1873</ele><time>2025-04-27T02:50:17Z</time></trkpt>
<trkpt lat="36.795967149334516" lon="137.81353660372872"><ele>1876</ele><time>2025-04-27T02:50:58Z</time></trkpt>
<trkpt lat="36.795834616453426" lon="137.81357514416388"><ele>1880</ele><time>2025-04-27T02:51:37Z</time></trkpt>
<trkpt lat="36.795622744176164" lon="137.81367746588106"><ele>1885</ele><time>2025-04-27T02:52:16Z</time></trkpt>
<trkpt lat="36.79545112887406" lon="137.81363178647356"><ele>1888</ele><time>2025-04-27T02:52:54Z</time></trkpt>
<trkpt lat="36.79530327838804" lon="137.8135748185443"><ele>1896</ele><time>2025-04-27T02:53:40Z</time></trkpt>
<trkpt lat="36.7951460000666" lon="137.81361501757618"><ele>1897</ele><time>2025-04-27T02:54:27Z</time></trkpt>
<trkpt lat="36.79498049290846" lon="137.81369747681282"><ele>1905</ele><time>2025-04-27T02:55:34Z</time></trkpt>
<trkpt lat="36.79496226868881" lon="137.81394645624366"><ele>1905</ele><time>2025-04-27T02:56:48Z</time></trkpt>
<trkpt lat="36.79486149340556" lon="137.81405173648395"><ele>1909</ele><time>2025-04-27T02:57:36Z</time></trkpt>
<trkpt lat="36.794680415186534" lon="137.81406791605124"><ele>1916</ele><time>2025-04-27T02:58:24Z</time></trkpt>
<trkpt lat="36.794563690266216" lon="137.81415879385278"><ele>1921</ele><time>2025-04-27T02:59:08Z</time></trkpt>
<trkpt lat="36.794449259327976" lon="137.8142997033933"><ele>1928</ele><time>2025-04-27T02:59:59Z</time></trkpt>
<trkpt lat="36.79435018770553" lon="137.81445703789655"><ele>1934</ele><time>2025-04-27T03:00:45Z</time></trkpt>
<trkpt lat="36.794204566051604" lon="137.81452553700225"><ele>1943</ele><time>2025-04-27T03:01:24Z</time></trkpt>
<trkpt lat="36.79404255792174" lon="137.81448575419682"><ele>1951</ele><time>2025-04-27T03:02:16Z</time></trkpt>
<trkpt lat="36.793898943240485" lon="137.81451036713966"><ele>1953</ele><time>2025-04-27T03:03:04Z</time></trkpt>
<trkpt lat="36.79372414646429" lon="137.81450440239038"><ele>1965</ele><time>2025-04-27T03:03:51Z</time></trkpt>
<trkpt lat="36.793564984101145" lon="137.8144726258562"><ele>1969</ele><time>2025-04-27T03:04:39Z</time></trkpt>
<trkpt lat="36.79342611167289" lon="137.8144173744314"><ele>1974</ele><time>2025-04-27T03:05:23Z</time></trkpt>
<trkpt lat="36.79327581592702" lon="137.81447468955872"><ele>1981</ele><time>2025-04-27T03:06:04Z</time></trkpt>
<trkpt lat="36.79321988337103" lon="137.81471430954446"><ele>1984</ele><time>2025-04-27T03:06:53Z</time></trkpt>
<trkpt lat="36.79305173760094" lon="137.81484734181367"><ele>1991</ele><time>2025-04-27T03:07:53Z</time></trkpt>
<trkpt lat="36.79288519880412" lon="137.8146782240242"><ele>1995</ele><time>2025-04-27T03:09:11Z</time></trkpt>
<trkpt lat="36.79268437907433" lon="137.81454847937994"><ele>1995</ele><time>2025-04-27T03:09:44Z</time></trkpt>
<trkpt lat="36.79247141797993" lon="137.81449806072627"><ele>2001</ele><time>2025-04-27T03:10:20Z</time></trkpt>
<trkpt lat="36.79231197273206" lon="137.81446533907618"><ele>2012</ele><time>2025-04-27T03:11:07Z</time></trkpt>
<trkpt lat="36.7921491614938" lon="137.81436913375336"><ele>2010</ele><time>2025-04-27T03:11:48Z</time></trkpt>
<trkpt lat="36.79204869115479" lon="137.8145544568133"><ele>2017</ele><time>2025-04-27T03:12:27Z</time></trkpt>
<trkpt lat="36.79196980414648" lon="137.81475068742313"><ele>2030</ele><time>2025-04-27T03:13:06Z</time></trkpt>
<trkpt lat="36.79192280197255" lon="137.81495654603296"><ele>2033</ele><time>2025-04-27T03:13:46Z</time></trkpt>
<trkpt lat="36.79183053651153" lon="137.81517328200923"><ele>2037</ele><time>2025-04-27T03:15:23Z</time></trkpt>
<trkpt lat="36.79178068708839" lon="137.8149549157753"><ele>2046</ele><time>2025-04-27T03:16:12Z</time></trkpt>
<trkpt lat="36.791649606004995" lon="137.81505415789636"><ele>2049</ele><time>2025-04-27T03:16:45Z</time></trkpt>
<trkpt lat="36.79155528691348" lon="137.8148943356444"><ele>2056</ele><time>2025-04-27T03:17:45Z</time></trkpt>
<trkpt lat="36.79140688809567" lon="137.81486804601295"><ele>2057</ele><time>2025-04-27T03:18:26Z</time></trkpt>
<trkpt lat="36.79123098121098" lon="137.81480293026019"><ele>2062</ele><time>2025-04-27T03:18:57Z</time></trkpt>
<trkpt lat="36.791070660377294" lon="137.81466599765045"><ele>2064</ele><time>2025-04-27T03:19:31Z</time></trkpt>
<trkpt lat="36.79100100367364" lon="137.81459174545196"><ele>2064</ele><time>2025-04-27T03:20:54Z</time></trkpt>
<trkpt lat="36.7908297047645" lon="137.81450522003385"><ele>2065</ele><time>2025-04-27T03:34:35Z</time></trkpt>
<trkpt lat="36.79059712889075" lon="137.81436988414058"><ele>2065</ele><time>2025-04-27T03:35:04Z</time></trkpt>
<trkpt lat="36.79040009788274" lon="137.81416462756755"><ele>2071</ele><time>2025-04-27T03:35:41Z</time></trkpt>
<trkpt lat="36.7902233802704" lon="137.8140530970854"><ele>2078</ele><time>2025-04-27T03:36:16Z</time></trkpt>
<trkpt lat="36.79003718680098" lon="137.81394841527066"><ele>2079</ele><time>2025-04-27T03:36:47Z</time></trkpt>
<trkpt lat="36.78983232846447" lon="137.81395424873728"><ele>2080</ele><time>2025-04-27T03:37:20Z</time></trkpt>
<trkpt lat="36.789626181562966" lon="137.8141292410657"><ele>2083</ele><time>2025-04-27T03:37:54Z</time></trkpt>
<trkpt lat="36.78957273585457" lon="137.81435671645764"><ele>2092</ele><time>2025-04-27T03:38:45Z</time></trkpt>
<trkpt lat="36.78933599929239" lon="137.81439605879922"><ele>2096</ele><time>2025-04-27T03:39:27Z</time></trkpt>
<trkpt lat="36.789044783861236" lon="137.8143771787643"><ele>2096</ele><time>2025-04-27T03:40:07Z</time></trkpt>
<trkpt lat="36.78883271073367" lon="137.81430035255786"><ele>2100</ele><time>2025-04-27T03:40:33Z</time></trkpt>
<trkpt lat="36.78877288263505" lon="137.8142073744693"><ele>2104</ele><time>2025-04-27T03:41:54Z</time></trkpt>
<trkpt lat="36.788795982406356" lon="137.81436409139388"><ele>2105</ele><time>2025-04-27T03:42:23Z</time></trkpt>
<trkpt lat="36.788676497883394" lon="137.81459972591057"><ele>2103</ele><time>2025-04-27T03:42:54Z</time></trkpt>
<trkpt lat="36.788726818227424" lon="137.8147851344714"><ele>2122</ele><time>2025-04-27T03:43:36Z</time></trkpt>
<trkpt lat="36.78868647594724" lon="137.81494110497198"><ele>2123</ele><time>2025-04-27T03:44:25Z</time></trkpt>
<trkpt lat="36.78847600721856" lon="137.81479205616915"><ele>2124</ele><time>2025-04-27T03:44:58Z</time></trkpt>
<trkpt lat="36.7883659312502" lon="137.8145920886096"><ele>2125</ele><time>2025-04-27T03:45:33Z</time></trkpt>
<trkpt lat="36.78822549922425" lon="137.81443296220172"><ele>2134</ele><time>2025-04-27T03:46:06Z</time></trkpt>
<trkpt lat="36.78808847833148" lon="137.81430490860836"><ele>2141</ele><time>2025-04-27T03:46:48Z</time></trkpt>
<trkpt lat="36.78790285767278" lon="137.81419489845115"><ele>2141</ele><time>2025-04-27T03:47:26Z</time></trkpt>
<trkpt lat="36.78779787242533" lon="137.8141956205479"><ele>2144</ele><time>2025-04-27T03:48:13Z</time></trkpt>
<trkpt lat="36.78766650964918" lon="137.81422866273502"><ele>2150</ele><time>2025-04-27T03:49:56Z</time></trkpt>
<trkpt lat="36.787464995441944" lon="137.814208116821"><ele>2157</ele><time>2025-04-27T03:50:58Z</time></trkpt>
<trkpt lat="36.78725234731953" lon="137.81415467416596"><ele>2164</ele><time>2025-04-27T03:51:36Z</time></trkpt>
<trkpt lat="36.78711761235179" lon="137.81405516171966"><ele>2165</ele><time>2025-04-27T03:52:31Z</time></trkpt>
<trkpt lat="36.78694605313958" lon="137.81396234113643"><ele>2172</ele><time>2025-04-27T03:53:05Z</time></trkpt>
<trkpt lat="36.78679101893632" lon="137.8138511490235"><ele>2179</ele><time>2025-04-27T03:53:43Z</time></trkpt>
<trkpt lat="36.78673170976042" lon="137.81371487317404"><ele>2188</ele><time>2025-04-27T03:54:29Z</time></trkpt>
<trkpt lat="36.7865067724656" lon="137.81358599076282"><ele>2197</ele><time>2025-04-27T03:55:20Z</time></trkpt>
<trkpt lat="36.78634679184033" lon="137.81337942224"><ele>2200</ele><time>2025-04-27T03:55:58Z</time></trkpt>
<trkpt lat="36.78619104057974" lon="137.81319232308107"><ele>2202</ele><time>2025-04-27T03:56:35Z</time></trkpt>
<trkpt lat="36.78600388627018" lon="137.81304889598533"><ele>2200</ele><time>2025-04-27T03:57:07Z</time></trkpt>
<trkpt lat="36.785840969902274" lon="137.81285588752425"><ele>2199</ele><time>2025-04-27T03:57:39Z</time></trkpt>
<trkpt lat="36.7856370826935" lon="137.8126728041341"><ele>2196</ele><time>2025-04-27T03:58:11Z</time></trkpt>
<trkpt lat="36.78544202459557" lon="137.81247994688314"><ele>2201</ele><time>2025-04-27T03:58:42Z</time></trkpt>
<trkpt lat="36.78523604551082" lon="137.81230603792196"><ele>2203</ele><time>2025-04-27T03:59:14Z</time></trkpt>
<trkpt lat="36.78498216341485" lon="137.81229034299488"><ele>2205</ele><time>2025-04-27T03:59:48Z</time></trkpt>
<trkpt lat="36.78470227970915" lon="137.8123138158327"><ele>2205</ele><time>2025-04-27T04:00:27Z</time></trkpt>
<trkpt lat="36.784462531353824" lon="137.812274072128"><ele>2210</ele><time>2025-04-27T04:00:55Z</time></trkpt>
<trkpt lat="36.784194970986846" lon="137.8123449286231"><ele>2210</ele><time>2025-04-27T04:01:32Z</time></trkpt>
<trkpt lat="36.78393297167553" lon="137.81239016340078"><ele>2203</ele><time>2025-04-27T04:01:59Z</time></trkpt>
<trkpt lat="36.783656023575226" lon="137.81240037708338"><ele>2200</ele><time>2025-04-27T04:02:28Z</time></trkpt>
<trkpt lat="36.783410875353944" lon="137.812315267292"><ele>2194</ele><time>2025-04-27T04:02:56Z</time></trkpt>
<trkpt lat="36.783218555023886" lon="137.81217709582717"><ele>2199</ele><time>2025-04-27T04:03:27Z</time></trkpt>
<trkpt lat="36.78303009495511" lon="137.81199816248542"><ele>2206</ele><time>2025-04-27T04:04:00Z</time></trkpt>
<trkpt lat="36.7828408371522" lon="137.81193916963852"><ele>2212</ele><time>2025-04-27T04:04:33Z</time></trkpt>
<trkpt lat="36.782592568398144" lon="137.81184580017862"><ele>2213</ele><time>2025-04-27T04:05:00Z</time></trkpt>
<trkpt lat="36.782278738368255" lon="137.8119208609277"><ele>2210</ele><time>2025-04-27T04:05:41Z</time></trkpt>
<trkpt lat="36.78204527481372" lon="137.81181314792258"><ele>2208</ele><time>2025-04-27T04:06:09Z</time></trkpt>
<trkpt lat="36.781812200795365" lon="137.81169312465573"><ele>2207</ele><time>2025-04-27T04:06:38Z</time></trkpt>
<trkpt lat="36.78092865136941" lon="137.810851783145"><ele>2187</ele><time>2025-04-27T04:17:47Z</time></trkpt>
<trkpt lat="36.78034193016688" lon="137.8106839426326"><ele>2185</ele><time>2025-04-27T04:18:08Z</time></trkpt>
<trkpt lat="36.77956441519222" lon="137.80999983087034"><ele>2169</ele><time>2025-04-27T04:18:30Z</time></trkpt>
<trkpt lat="36.77828556555273" lon="137.81005534207804"><ele>2145</ele><time>2025-04-27T04:18:51Z</time></trkpt>
<trkpt lat="36.77765225323677" lon="137.81040079617995"><ele>2127</ele><time>2025-04-27T04:19:12Z</time></trkpt>
<trkpt lat="36.777575349966476" lon="137.8111253157909"><ele>2100</ele><time>2025-04-27T04:19:46Z</time></trkpt>
<trkpt lat="36.777455018421016" lon="137.81224919818388"><ele>2059</ele><time>2025-04-27T04:20:09Z</time></trkpt>
<trkpt lat="36.77677434493233" lon="137.81287664188912"><ele>2021</ele><time>2025-04-27T04:20:31Z</time></trkpt>
<trkpt lat="36.77646360264325" lon="137.81328088216128"><ele>2002</ele><time>2025-04-27T04:20:52Z</time></trkpt>
<trkpt lat="36.77643818871591" lon="137.8141305560293"><ele>1982</ele><time>2025-04-27T04:21:15Z</time></trkpt>
<trkpt lat="36.77657215030528" lon="137.81478015653113"><ele>1964</ele><time>2025-04-27T04:21:45Z</time></trkpt>
<trkpt lat="36.77640149942329" lon="137.81596738696177"><ele>1932</ele><time>2025-04-27T04:22:06Z</time></trkpt>
<trkpt lat="36.77607270469474" lon="137.81662597144495"><ele>1925</ele><time>2025-04-27T04:22:28Z</time></trkpt>
<trkpt lat="36.775759506640256" lon="137.81727377942414"><ele>1911</ele><time>2025-04-27T04:22:55Z</time></trkpt>
<trkpt lat="36.77515261366641" lon="137.8177290283867"><ele>1893</ele><time>2025-04-27T04:23:17Z</time></trkpt>
<trkpt lat="36.77454678060938" lon="137.81901367269901"><ele>1871</ele><time>2025-04-27T04:23:41Z</time></trkpt>
<trkpt lat="36.77423348734269" lon="137.81950150285428"><ele>1862</ele><time>2025-04-27T04:24:05Z</time></trkpt>
<trkpt lat="36.77397422357126" lon="137.81981398222916"><ele>1857</ele><time>2025-04-27T04:24:31Z</time></trkpt>
<trkpt lat="36.77383789674572" lon="137.82064641285726"><ele>1851</ele><time>2025-04-27T04:25:02Z</time></trkpt>
<trkpt lat="36.77386218371749" lon="137.82151606075567"><ele>1847</ele><time>2025-04-27T04:25:24Z</time></trkpt>
<trkpt lat="36.77374573593044" lon="137.82233535783664"><ele>1835</ele><time>2025-04-27T04:25:46Z</time></trkpt>
<trkpt lat="36.77364122730534" lon="137.82352115497324"><ele>1826</ele><time>2025-04-27T04:26:08Z</time></trkpt>
<trkpt lat="36.77365929615487" lon="137.82422509922225"><ele>1820</ele><time>2025-04-27T04:26:30Z</time></trkpt>
<trkpt lat="36.773470447742405" lon="137.8244904978672"><ele>1812</ele><time>2025-04-27T04:26:52Z</time></trkpt>
<trkpt lat="36.77321446903901" lon="137.82537611340197"><ele>1811</ele><time>2025-04-27T04:27:15Z</time></trkpt>
<trkpt lat="36.7729546042597" lon="137.82605961394134"><ele>1812</ele><time>2025-04-27T04:27:37Z</time></trkpt>
<trkpt lat="36.77275487449893" lon="137.82665416140412"><ele>1811</ele><time>2025-04-27T04:28:04Z</time></trkpt>
<trkpt lat="36.77255495326272" lon="137.82688357992862"><ele>1798</ele><time>2025-04-27T04:28:26Z</time></trkpt>
<trkpt lat="36.772508017944624" lon="137.82672868032418"><ele>1801</ele><time>2025-04-27T04:29:14Z</time></trkpt>
<trkpt lat="36.77211178167448" lon="137.82703943432494"><ele>1769</ele><time>2025-04-27T04:32:10Z</time></trkpt>
<trkpt lat="36.772061745692156" lon="137.82691398871384"><ele>1769</ele><time>2025-04-27T04:32:40Z</time></trkpt>
<trkpt lat="36.77160521604471" lon="137.82678427556627"><ele>1749</ele><time>2025-04-27T04:33:03Z</time></trkpt>
<trkpt lat="36.77165141305262" lon="137.82789978166218"><ele>1742</ele><time>2025-04-27T04:33:24Z</time></trkpt>
<trkpt lat="36.77146549362313" lon="137.82861789631272"><ele>1740</ele><time>2025-04-27T04:33:48Z</time></trkpt>
<trkpt lat="36.77104726228486" lon="137.8291681815458"><ele>1741</ele><time>2025-04-27T04:34:10Z</time></trkpt>
<trkpt lat="36.77035348402232" lon="137.82936800526574"><ele>1732</ele><time>2025-04-27T04:34:32Z</time></trkpt>
<trkpt lat="36.76980487654759" lon="137.8300995154646"><ele>1732</ele><time>2025-04-27T04:34:54Z</time></trkpt>
<trkpt lat="36.76967862586961" lon="137.8311136725698"><ele>1725</ele><time>2025-04-27T04:35:16Z</time></trkpt>
<trkpt lat="36.76980064772729" lon="137.8320093909473"><ele>1714</ele><time>2025-04-27T04:35:38Z</time></trkpt>
<trkpt lat="36.769819098705845" lon="137.83288204385968"><ele>1706</ele><time>2025-04-27T04:36:00Z</time></trkpt>
<trkpt lat="36.76947689128001" lon="137.83360249206038"><ele>1707</ele><time>2025-04-27T04:36:23Z</time></trkpt>
<trkpt lat="36.769168625708424" lon="137.83418963667214"><ele>1703</ele><time>2025-04-27T04:36:47Z</time></trkpt>
<trkpt lat="36.76865515319294" lon="137.83492195256972"><ele>1696</ele><time>2025-04-27T04:37:09Z</time></trkpt>
<trkpt lat="36.768247324757084" lon="137.83546367138217"><ele>1691</ele><time>2025-04-27T04:37:31Z</time></trkpt>
<trkpt lat="36.76802883301461" lon="137.83596566216323"><ele>1685</ele><time>2025-04-27T04:37:55Z</time></trkpt>
<trkpt lat="36.767903864160644" lon="137.83596839317482"><ele>1684</ele><time>2025-04-27T04:38:20Z</time></trkpt>
<trkpt lat="36.76687166260283" lon="137.83573971703476"><ele>1653</ele><time>2025-04-27T04:39:00Z</time></trkpt>
<trkpt lat="36.76641336686164" lon="137.8352408276211"><ele>1642</ele><time>2025-04-27T04:39:23Z</time></trkpt>
<trkpt lat="36.76618340673824" lon="137.83434406581407"><ele>1619</ele><time>2025-04-27T04:39:46Z</time></trkpt>
<trkpt lat="36.765907987835774" lon="137.83211410582805"><ele>1581</ele><time>2025-04-27T04:40:07Z</time></trkpt>
<trkpt lat="36.76569472517664" lon="137.8315238613648"><ele>1578</ele><time>2025-04-27T04:40:29Z</time></trkpt>
<trkpt lat="36.765362461698345" lon="137.83144413890915"><ele>1584</ele><time>2025-04-27T04:40:56Z</time></trkpt>
<trkpt lat="36.765013189316285" lon="137.8313785968273"><ele>1586</ele><time>2025-04-27T04:41:22Z</time></trkpt>
<trkpt lat="36.764702891566024" lon="137.83126410739206"><ele>1583</ele><time>2025-04-27T04:41:57Z</time></trkpt>
<trkpt lat="36.76405851980637" lon="137.8314550237208"><ele>1577</ele><time>2025-04-27T04:44:24Z</time></trkpt>
<trkpt lat="36.763201262079015" lon="137.83229184240898"><ele>1570</ele><time>2025-04-27T04:44:45Z</time></trkpt>
<trkpt lat="36.761847543099044" lon="137.83317666037053"><ele>1543</ele><time>2025-04-27T04:45:06Z</time></trkpt>
<trkpt lat="36.760780536135016" lon="137.83370799189692"><ele>1521</ele><time>2025-04-27T04:45:29Z</time></trkpt>
<trkpt lat="36.759745650882735" lon="137.83444494623575"><ele>1506</ele><time>2025-04-27T04:45:53Z</time></trkpt>
<trkpt lat="36.759230624435155" lon="137.83524917725467"><ele>1483</ele><time>2025-04-27T04:46:15Z</time></trkpt>
<trkpt lat="36.75928554282336" lon="137.83556101709905"><ele>1471</ele><time>2025-04-27T04:46:50Z</time></trkpt>
<trkpt lat="36.75944625135759" lon="137.83599374790955"><ele>1468</ele><time>2025-04-27T04:47:18Z</time></trkpt>
<trkpt lat="36.75957729109593" lon="137.83598628817097"><ele>1468</ele><time>2025-04-27T04:47:54Z</time></trkpt>
<trkpt lat="36.75949031246294" lon="137.83604831665414"><ele>1473</ele><time>2025-04-27T04:48:26Z</time></trkpt>
<trkpt lat="36.759534014377195" lon="137.83591771362953"><ele>1465</ele><time>2025-04-27T04:49:15Z</time></trkpt>
</trkseg>
</trk>
</gpx>